invoice_id,business_id,cust_number,customer_name,sector,payment_term_days,invoice_amount,issue_date,due_date,status,actual_paid_date,days_to_payment,delay_vs_due_date,had_partial_payment_flag,is_big_ticket_spike,customer_archetype_TRUE_LABEL
INV6000001,B006,B006-C1001,Auto Client 001,Auto Components,45,78044.94,2024-04-03,2024-05-18,closed,2024-06-06,64,19,False,False,seasonal_payer
INV6000002,B006,B006-C1001,Auto Client 001,Auto Components,45,64611.37,2024-04-19,2024-06-03,closed,2024-06-10,52,7,False,False,seasonal_payer
INV6000003,B006,B006-C1001,Auto Client 001,Auto Components,45,110700.33,2024-05-31,2024-07-15,closed,2024-08-01,62,17,False,False,seasonal_payer
INV6000004,B006,B006-C1001,Auto Client 001,Auto Components,45,221124.64,2024-06-02,2024-07-17,closed,2024-08-04,63,18,True,True,seasonal_payer
INV6000005,B006,B006-C1001,Auto Client 001,Auto Components,45,79977.0,2024-06-18,2024-08-02,closed,2024-08-16,59,14,False,False,seasonal_payer
INV6000006,B006,B006-C1001,Auto Client 001,Auto Components,45,106248.34,2024-07-16,2024-08-30,closed,2024-09-09,55,10,False,False,seasonal_payer
INV6000007,B006,B006-C1001,Auto Client 001,Auto Components,45,91485.15,2024-07-31,2024-09-14,closed,2024-09-27,58,13,False,False,seasonal_payer
INV6000008,B006,B006-C1001,Auto Client 001,Auto Components,45,119866.55,2024-08-24,2024-10-08,closed,2024-10-21,58,13,False,False,seasonal_payer
INV6000009,B006,B006-C1001,Auto Client 001,Auto Components,45,130380.91,2024-09-21,2024-11-05,closed,2024-11-24,64,19,False,False,seasonal_payer
INV6000010,B006,B006-C1001,Auto Client 001,Auto Components,45,143694.49,2024-09-24,2024-11-08,closed,2024-11-05,42,-3,False,False,seasonal_payer
INV6000011,B006,B006-C1001,Auto Client 001,Auto Components,45,315421.4,2024-10-16,2024-11-30,closed,2024-12-05,50,5,False,True,seasonal_payer
INV6000012,B006,B006-C1001,Auto Client 001,Auto Components,45,80262.2,2024-10-27,2024-12-11,closed,2024-12-21,55,10,False,False,seasonal_payer
INV6000013,B006,B006-C1001,Auto Client 001,Auto Components,45,82376.02,2024-12-03,2025-01-17,closed,2025-01-25,53,8,False,False,seasonal_payer
INV6000014,B006,B006-C1001,Auto Client 001,Auto Components,45,76677.48,2024-12-15,2025-01-29,closed,2025-02-11,58,13,False,False,seasonal_payer
INV6000015,B006,B006-C1001,Auto Client 001,Auto Components,45,67566.69,2025-01-17,2025-03-03,closed,2025-03-17,59,14,False,False,seasonal_payer
INV6000016,B006,B006-C1001,Auto Client 001,Auto Components,45,142785.72,2025-01-23,2025-03-09,closed,2025-03-16,52,7,False,False,seasonal_payer
INV6000017,B006,B006-C1001,Auto Client 001,Auto Components,45,101296.29,2025-01-24,2025-03-10,closed,2025-03-17,52,7,False,False,seasonal_payer
INV6000018,B006,B006-C1001,Auto Client 001,Auto Components,45,130557.24,2025-02-09,2025-03-26,closed,2025-03-29,48,3,False,False,seasonal_payer
INV6000019,B006,B006-C1001,Auto Client 001,Auto Components,45,137607.77,2025-02-12,2025-03-29,closed,2025-04-04,51,6,False,False,seasonal_payer
INV6000020,B006,B006-C1001,Auto Client 001,Auto Components,45,77275.45,2025-02-18,2025-04-04,closed,2025-04-10,51,6,False,False,seasonal_payer
INV6000021,B006,B006-C1001,Auto Client 001,Auto Components,45,83508.61,2025-02-21,2025-04-07,closed,2025-04-26,64,19,False,False,seasonal_payer
INV6000022,B006,B006-C1001,Auto Client 001,Auto Components,45,64314.81,2025-03-11,2025-04-25,closed,2025-05-13,63,18,False,False,seasonal_payer
INV6000023,B006,B006-C1001,Auto Client 001,Auto Components,45,85952.93,2025-03-22,2025-05-06,closed,2025-05-14,53,8,False,False,seasonal_payer
INV6000024,B006,B006-C1001,Auto Client 001,Auto Components,45,68966.08,2025-05-07,2025-06-21,closed,2025-07-06,60,15,False,False,seasonal_payer
INV6000025,B006,B006-C1001,Auto Client 001,Auto Components,45,191784.61,2025-05-17,2025-07-01,closed,2025-07-15,59,14,False,False,seasonal_payer
INV6000026,B006,B006-C1001,Auto Client 001,Auto Components,45,91781.67,2025-05-29,2025-07-13,closed,2025-07-25,57,12,False,False,seasonal_payer
INV6000027,B006,B006-C1001,Auto Client 001,Auto Components,45,64193.96,2025-06-13,2025-07-28,closed,2025-08-06,54,9,False,False,seasonal_payer
INV6000028,B006,B006-C1001,Auto Client 001,Auto Components,45,87700.12,2025-07-04,2025-08-18,closed,2025-08-24,51,6,False,False,seasonal_payer
INV6000029,B006,B006-C1001,Auto Client 001,Auto Components,45,120429.0,2025-08-28,2025-10-12,closed,2025-10-30,63,18,False,False,seasonal_payer
INV6000030,B006,B006-C1001,Auto Client 001,Auto Components,45,99456.37,2025-09-11,2025-10-26,closed,2025-10-20,39,-6,False,False,seasonal_payer
INV6000031,B006,B006-C1001,Auto Client 001,Auto Components,45,46046.84,2025-10-18,2025-12-02,closed,2025-11-24,37,-8,False,False,seasonal_payer
INV6000032,B006,B006-C1001,Auto Client 001,Auto Components,45,188605.38,2025-10-27,2025-12-11,closed,2025-12-23,57,12,False,False,seasonal_payer
INV6000033,B006,B006-C1001,Auto Client 001,Auto Components,45,102954.65,2025-11-05,2025-12-20,closed,2025-12-24,49,4,False,False,seasonal_payer
INV6000034,B006,B006-C1001,Auto Client 001,Auto Components,45,75591.92,2025-11-08,2025-12-23,closed,2025-12-24,46,1,False,False,seasonal_payer
INV6000035,B006,B006-C1001,Auto Client 001,Auto Components,45,70389.18,2025-12-02,2026-01-16,closed,2026-01-24,53,8,False,False,seasonal_payer
INV6000036,B006,B006-C1001,Auto Client 001,Auto Components,45,72974.39,2025-12-11,2026-01-25,closed,2026-01-25,45,0,False,False,seasonal_payer
INV6000037,B006,B006-C1001,Auto Client 001,Auto Components,45,83122.56,2025-12-14,2026-01-28,closed,2026-01-31,48,3,True,False,seasonal_payer
INV6000038,B006,B006-C1001,Auto Client 001,Auto Components,45,109449.25,2026-01-10,2026-02-24,closed,2026-02-20,41,-4,False,False,seasonal_payer
INV6000039,B006,B006-C1001,Auto Client 001,Auto Components,45,110442.38,2026-01-30,2026-03-16,closed,2026-03-13,42,-3,False,False,seasonal_payer
INV6000040,B006,B006-C1001,Auto Client 001,Auto Components,45,96947.97,2026-02-08,2026-03-25,closed,2026-04-11,62,17,False,False,seasonal_payer
INV6000041,B006,B006-C1001,Auto Client 001,Auto Components,45,74642.21,2026-02-18,2026-04-04,closed,2026-04-20,61,16,False,False,seasonal_payer
INV6000042,B006,B006-C1001,Auto Client 001,Auto Components,45,125644.57,2026-02-21,2026-04-07,closed,2026-04-16,54,9,False,False,seasonal_payer
INV6000043,B006,B006-C1001,Auto Client 001,Auto Components,45,95397.47,2026-02-24,2026-04-10,closed,2026-04-17,52,7,False,False,seasonal_payer
INV6000044,B006,B006-C1001,Auto Client 001,Auto Components,45,84479.74,2026-03-11,2026-04-25,closed,2026-05-12,62,17,False,False,seasonal_payer
INV6000045,B006,B006-C1001,Auto Client 001,Auto Components,45,41200.72,2026-03-14,2026-04-28,closed,2026-05-14,61,16,False,False,seasonal_payer
INV6000046,B006,B006-C1001,Auto Client 001,Auto Components,45,96056.55,2026-04-27,2026-06-11,closed,2026-06-25,59,14,False,False,seasonal_payer
INV6000047,B006,B006-C1001,Auto Client 001,Auto Components,45,109355.82,2026-05-01,2026-06-15,closed,2026-06-29,59,14,False,False,seasonal_payer
INV6000048,B006,B006-C1001,Auto Client 001,Auto Components,45,116781.91,2026-05-21,2026-07-05,closed,2026-07-14,54,9,False,False,seasonal_payer
INV6000049,B006,B006-C1001,Auto Client 001,Auto Components,45,58365.1,2026-07-20,2026-09-03,open,,,,False,False,seasonal_payer
INV6000050,B006,B006-C1001,Auto Client 001,Auto Components,45,94884.64,2026-08-29,2026-10-13,open,,,,False,False,seasonal_payer
INV6000051,B006,B006-C1002,FMCG Client 002,FMCG & Food Processing,60,50488.6,2024-11-01,2024-12-31,closed,2025-01-11,71,11,False,False,cold_start
INV6000052,B006,B006-C1002,FMCG Client 002,FMCG & Food Processing,60,39538.14,2025-06-02,2025-08-01,closed,2025-08-20,79,19,False,False,cold_start
INV6000053,B006,B006-C1003,Pharma Client 003,Pharma & Healthcare,30,179158.2,2024-07-18,2024-08-17,closed,2024-09-24,68,38,False,False,improving_payer
INV6000054,B006,B006-C1003,Pharma Client 003,Pharma & Healthcare,30,173357.88,2025-07-10,2025-08-09,closed,2025-08-27,48,18,False,False,improving_payer
INV6000055,B006,B006-C1003,Pharma Client 003,Pharma & Healthcare,30,124106.58,2025-10-13,2025-11-12,closed,2025-11-30,48,18,False,False,improving_payer
INV6000056,B006,B006-C1003,Pharma Client 003,Pharma & Healthcare,30,114709.23,2026-07-09,2026-08-08,closed,2026-08-23,45,15,False,False,improving_payer
INV6000057,B006,B006-C1003,Pharma Client 003,Pharma & Healthcare,30,169845.85,2026-07-18,2026-08-17,closed,2026-08-25,38,8,False,False,improving_payer
INV6000058,B006,B006-C1004,Metal Client 004,Metal & Engineering,30,319495.75,2024-03-16,2024-04-15,closed,2024-04-11,26,-4,False,False,average_payer
INV6000059,B006,B006-C1004,Metal Client 004,Metal & Engineering,30,1023363.84,2024-05-28,2024-06-27,closed,2024-07-05,38,8,False,True,average_payer
INV6000060,B006,B006-C1004,Metal Client 004,Metal & Engineering,30,226257.99,2024-08-04,2024-09-03,closed,2024-09-05,32,2,False,False,average_payer
INV6000061,B006,B006-C1004,Metal Client 004,Metal & Engineering,30,117985.31,2024-08-29,2024-09-28,closed,2024-10-04,36,6,False,False,average_payer
INV6000062,B006,B006-C1004,Metal Client 004,Metal & Engineering,30,312407.93,2024-09-13,2024-10-13,closed,2024-10-23,40,10,False,False,average_payer
INV6000063,B006,B006-C1004,Metal Client 004,Metal & Engineering,30,713186.36,2024-10-06,2024-11-05,closed,2024-11-08,33,3,False,True,average_payer
INV6000064,B006,B006-C1004,Metal Client 004,Metal & Engineering,30,147491.1,2024-10-29,2024-11-28,closed,2024-12-04,36,6,False,False,average_payer
INV6000065,B006,B006-C1004,Metal Client 004,Metal & Engineering,30,136977.76,2024-10-30,2024-11-29,closed,2024-12-06,37,7,False,False,average_payer
INV6000066,B006,B006-C1004,Metal Client 004,Metal & Engineering,30,547669.3,2024-11-17,2024-12-17,closed,2024-12-24,37,7,False,False,average_payer
INV6000067,B006,B006-C1004,Metal Client 004,Metal & Engineering,30,249969.51,2024-12-06,2025-01-05,closed,2025-01-27,52,22,False,False,average_payer
INV6000068,B006,B006-C1004,Metal Client 004,Metal & Engineering,30,228150.43,2024-12-10,2025-01-09,closed,2025-01-08,29,-1,False,False,average_payer
INV6000069,B006,B006-C1004,Metal Client 004,Metal & Engineering,30,309192.45,2024-12-19,2025-01-18,closed,2025-01-31,43,13,False,False,average_payer
INV6000070,B006,B006-C1004,Metal Client 004,Metal & Engineering,30,158090.96,2025-01-15,2025-02-14,closed,2025-02-28,44,14,False,False,average_payer
INV6000071,B006,B006-C1004,Metal Client 004,Metal & Engineering,30,278236.35,2025-04-03,2025-05-03,closed,2025-05-10,37,7,False,False,average_payer
INV6000072,B006,B006-C1004,Metal Client 004,Metal & Engineering,30,224853.47,2025-04-16,2025-05-16,closed,2025-05-24,38,8,False,False,average_payer
INV6000073,B006,B006-C1004,Metal Client 004,Metal & Engineering,30,112737.26,2025-07-17,2025-08-16,closed,2025-08-28,42,12,False,False,average_payer
INV6000074,B006,B006-C1004,Metal Client 004,Metal & Engineering,30,243965.07,2025-07-19,2025-08-18,closed,2025-08-22,34,4,False,False,average_payer
INV6000075,B006,B006-C1004,Metal Client 004,Metal & Engineering,30,154021.84,2025-07-20,2025-08-19,closed,2025-08-27,38,8,False,False,average_payer
INV6000076,B006,B006-C1004,Metal Client 004,Metal & Engineering,30,174278.27,2025-10-01,2025-10-31,closed,2025-10-26,25,-5,False,False,average_payer
INV6000077,B006,B006-C1004,Metal Client 004,Metal & Engineering,30,261532.78,2025-11-15,2025-12-15,closed,2025-12-18,33,3,False,False,average_payer
INV6000078,B006,B006-C1004,Metal Client 004,Metal & Engineering,30,265864.85,2026-01-08,2026-02-07,closed,2026-02-13,36,6,False,False,average_payer
INV6000079,B006,B006-C1004,Metal Client 004,Metal & Engineering,30,151334.76,2026-03-04,2026-04-03,closed,2026-04-13,40,10,False,False,average_payer
INV6000080,B006,B006-C1004,Metal Client 004,Metal & Engineering,30,169652.02,2026-04-19,2026-05-19,closed,2026-06-02,44,14,False,False,average_payer
INV6000081,B006,B006-C1004,Metal Client 004,Metal & Engineering,30,228193.49,2026-05-09,2026-06-08,closed,2026-06-10,32,2,False,False,average_payer
INV6000082,B006,B006-C1004,Metal Client 004,Metal & Engineering,30,253993.97,2026-05-25,2026-06-24,closed,2026-07-09,45,15,False,False,average_payer
INV6000083,B006,B006-C1004,Metal Client 004,Metal & Engineering,30,190277.32,2026-05-27,2026-06-26,closed,2026-06-24,28,-2,False,False,average_payer
INV6000084,B006,B006-C1004,Metal Client 004,Metal & Engineering,30,125913.59,2026-06-02,2026-07-02,closed,2026-06-20,18,-12,False,False,average_payer
INV6000085,B006,B006-C1004,Metal Client 004,Metal & Engineering,30,251568.85,2026-06-20,2026-07-20,closed,2026-07-31,41,11,False,False,average_payer
INV6000086,B006,B006-C1004,Metal Client 004,Metal & Engineering,30,278868.62,2026-06-20,2026-07-20,closed,2026-07-27,37,7,False,False,average_payer
INV6000087,B006,B006-C1004,Metal Client 004,Metal & Engineering,30,324781.38,2026-07-04,2026-08-03,closed,2026-08-12,39,9,False,False,average_payer
INV6000088,B006,B006-C1004,Metal Client 004,Metal & Engineering,30,239077.75,2026-07-12,2026-08-11,closed,2026-08-15,34,4,False,False,average_payer
INV6000089,B006,B006-C1004,Metal Client 004,Metal & Engineering,30,188205.64,2026-07-28,2026-08-27,closed,2026-08-28,31,1,False,False,average_payer
INV6000090,B006,B006-C1004,Metal Client 004,Metal & Engineering,30,167552.89,2026-08-07,2026-09-06,disputed_open,,,,False,False,average_payer
INV6000091,B006,B006-C1004,Metal Client 004,Metal & Engineering,30,235135.7,2026-08-11,2026-09-10,open,,,,False,False,average_payer
INV6000092,B006,B006-C1005,Construction Client 005,Construction & Infra,30,184482.14,2024-06-26,2024-07-26,closed,2024-09-05,71,41,False,False,chronic_late_payer
INV6000093,B006,B006-C1005,Construction Client 005,Construction & Infra,30,771825.29,2024-06-28,2024-07-28,closed,2024-09-01,65,35,False,True,chronic_late_payer
INV6000094,B006,B006-C1005,Construction Client 005,Construction & Infra,30,129594.47,2024-08-18,2024-09-17,closed,2024-10-10,53,23,False,False,chronic_late_payer
INV6000095,B006,B006-C1005,Construction Client 005,Construction & Infra,30,97531.67,2024-08-21,2024-09-20,closed,2024-10-23,63,33,False,False,chronic_late_payer
INV6000096,B006,B006-C1005,Construction Client 005,Construction & Infra,30,733017.98,2024-09-18,2024-10-18,closed,2024-11-01,44,14,False,True,chronic_late_payer
INV6000097,B006,B006-C1005,Construction Client 005,Construction & Infra,30,149574.77,2024-09-18,2024-10-18,closed,2024-12-13,86,56,False,False,chronic_late_payer
INV6000098,B006,B006-C1005,Construction Client 005,Construction & Infra,30,120176.95,2024-10-21,2024-11-20,closed,2024-12-24,64,34,False,False,chronic_late_payer
INV6000099,B006,B006-C1005,Construction Client 005,Construction & Infra,30,124338.72,2024-11-08,2024-12-08,closed,2025-01-12,65,35,False,False,chronic_late_payer
INV6000100,B006,B006-C1005,Construction Client 005,Construction & Infra,30,121974.28,2024-11-17,2024-12-17,closed,2025-01-29,73,43,False,False,chronic_late_payer
INV6000101,B006,B006-C1005,Construction Client 005,Construction & Infra,30,106798.47,2024-12-04,2025-01-03,closed,2025-01-30,57,27,False,False,chronic_late_payer
INV6000102,B006,B006-C1005,Construction Client 005,Construction & Infra,30,228651.19,2024-12-08,2025-01-07,closed,2025-02-01,55,25,False,False,chronic_late_payer
INV6000103,B006,B006-C1005,Construction Client 005,Construction & Infra,30,160686.49,2024-12-24,2025-01-23,closed,2025-02-24,62,32,False,False,chronic_late_payer
INV6000104,B006,B006-C1005,Construction Client 005,Construction & Infra,30,125416.13,2025-01-06,2025-02-05,closed,2025-03-08,61,31,False,False,chronic_late_payer
INV6000105,B006,B006-C1005,Construction Client 005,Construction & Infra,30,154394.85,2025-01-22,2025-02-21,closed,2025-03-07,44,14,False,False,chronic_late_payer
INV6000106,B006,B006-C1005,Construction Client 005,Construction & Infra,30,157069.43,2025-02-15,2025-03-17,closed,2025-04-17,61,31,False,False,chronic_late_payer
INV6000107,B006,B006-C1005,Construction Client 005,Construction & Infra,30,193730.7,2025-03-04,2025-04-03,closed,2025-05-10,67,37,False,False,chronic_late_payer
INV6000108,B006,B006-C1005,Construction Client 005,Construction & Infra,30,131800.52,2025-03-26,2025-04-25,closed,2025-05-29,64,34,False,False,chronic_late_payer
INV6000109,B006,B006-C1005,Construction Client 005,Construction & Infra,30,215075.27,2025-04-21,2025-05-21,closed,2025-06-27,67,37,False,False,chronic_late_payer
INV6000110,B006,B006-C1005,Construction Client 005,Construction & Infra,30,184599.96,2025-04-22,2025-05-22,closed,2025-06-26,65,35,False,False,chronic_late_payer
INV6000111,B006,B006-C1005,Construction Client 005,Construction & Infra,30,90352.85,2025-05-03,2025-06-02,closed,2025-07-11,69,39,False,False,chronic_late_payer
INV6000112,B006,B006-C1005,Construction Client 005,Construction & Infra,30,156011.38,2025-05-10,2025-06-09,closed,2025-07-10,61,31,False,False,chronic_late_payer
INV6000113,B006,B006-C1005,Construction Client 005,Construction & Infra,30,148691.78,2025-05-14,2025-06-13,closed,2025-08-14,92,62,False,False,chronic_late_payer
INV6000114,B006,B006-C1005,Construction Client 005,Construction & Infra,30,105789.92,2025-06-02,2025-07-02,closed,2025-07-25,53,23,False,False,chronic_late_payer
INV6000115,B006,B006-C1005,Construction Client 005,Construction & Infra,30,91354.13,2025-06-09,2025-07-09,closed,2025-09-02,85,55,False,False,chronic_late_payer
INV6000116,B006,B006-C1005,Construction Client 005,Construction & Infra,30,242836.66,2025-06-21,2025-07-21,closed,2025-09-09,80,50,False,False,chronic_late_payer
INV6000117,B006,B006-C1005,Construction Client 005,Construction & Infra,30,111386.11,2025-07-02,2025-08-01,closed,2025-08-23,52,22,False,False,chronic_late_payer
INV6000118,B006,B006-C1005,Construction Client 005,Construction & Infra,30,75001.79,2025-07-10,2025-08-09,closed,2025-09-06,58,28,False,False,chronic_late_payer
INV6000119,B006,B006-C1005,Construction Client 005,Construction & Infra,30,119956.59,2025-07-12,2025-08-11,closed,2025-09-22,72,42,False,False,chronic_late_payer
INV6000120,B006,B006-C1005,Construction Client 005,Construction & Infra,30,131566.37,2025-07-16,2025-08-15,closed,2025-09-14,60,30,False,False,chronic_late_payer
INV6000121,B006,B006-C1005,Construction Client 005,Construction & Infra,30,133014.51,2025-07-24,2025-08-23,closed,2025-09-06,44,14,False,False,chronic_late_payer
INV6000122,B006,B006-C1005,Construction Client 005,Construction & Infra,30,1069892.43,2025-09-04,2025-10-04,disputed_open,,,,False,True,chronic_late_payer
INV6000123,B006,B006-C1005,Construction Client 005,Construction & Infra,30,148121.82,2025-09-06,2025-10-06,closed,2025-10-26,50,20,False,False,chronic_late_payer
INV6000124,B006,B006-C1005,Construction Client 005,Construction & Infra,30,195698.57,2025-09-15,2025-10-15,closed,2025-11-17,63,33,False,False,chronic_late_payer
INV6000125,B006,B006-C1005,Construction Client 005,Construction & Infra,30,132519.3,2025-10-13,2025-11-12,closed,2025-11-26,44,14,False,False,chronic_late_payer
INV6000126,B006,B006-C1005,Construction Client 005,Construction & Infra,30,222443.62,2025-10-15,2025-11-14,closed,2025-12-27,73,43,False,False,chronic_late_payer
INV6000127,B006,B006-C1005,Construction Client 005,Construction & Infra,30,156087.3,2025-11-08,2025-12-08,closed,2025-12-22,44,14,False,False,chronic_late_payer
INV6000128,B006,B006-C1005,Construction Client 005,Construction & Infra,30,240289.45,2025-11-09,2025-12-09,closed,2026-01-21,73,43,False,False,chronic_late_payer
INV6000129,B006,B006-C1005,Construction Client 005,Construction & Infra,30,113332.49,2025-11-16,2025-12-16,closed,2026-01-23,68,38,False,False,chronic_late_payer
INV6000130,B006,B006-C1005,Construction Client 005,Construction & Infra,30,184455.18,2025-12-06,2026-01-05,closed,2026-02-01,57,27,False,False,chronic_late_payer
INV6000131,B006,B006-C1005,Construction Client 005,Construction & Infra,30,177973.8,2026-01-06,2026-02-05,closed,2026-03-12,65,35,False,False,chronic_late_payer
INV6000132,B006,B006-C1005,Construction Client 005,Construction & Infra,30,156609.33,2026-03-05,2026-04-04,closed,2026-05-27,83,53,False,False,chronic_late_payer
INV6000133,B006,B006-C1005,Construction Client 005,Construction & Infra,30,112323.88,2026-04-22,2026-05-22,closed,2026-06-19,58,28,False,False,chronic_late_payer
INV6000134,B006,B006-C1005,Construction Client 005,Construction & Infra,30,96626.25,2026-05-01,2026-05-31,closed,2026-07-20,80,50,False,False,chronic_late_payer
INV6000135,B006,B006-C1005,Construction Client 005,Construction & Infra,30,168875.5,2026-05-07,2026-06-06,closed,2026-07-09,63,33,False,False,chronic_late_payer
INV6000136,B006,B006-C1005,Construction Client 005,Construction & Infra,30,113851.86,2026-05-28,2026-06-27,closed,2026-07-28,61,31,False,False,chronic_late_payer
INV6000137,B006,B006-C1005,Construction Client 005,Construction & Infra,30,140445.11,2026-05-31,2026-06-30,closed,2026-08-17,78,48,False,False,chronic_late_payer
INV6000138,B006,B006-C1005,Construction Client 005,Construction & Infra,30,154661.12,2026-06-06,2026-07-06,closed,2026-07-21,45,15,False,False,chronic_late_payer
INV6000139,B006,B006-C1005,Construction Client 005,Construction & Infra,30,154372.45,2026-06-26,2026-07-26,closed,2026-08-24,59,29,True,False,chronic_late_payer
INV6000140,B006,B006-C1005,Construction Client 005,Construction & Infra,30,115149.77,2026-07-11,2026-08-10,open,,,,False,False,chronic_late_payer
INV6000141,B006,B006-C1005,Construction Client 005,Construction & Infra,30,184868.87,2026-08-10,2026-09-09,disputed_open,,,,False,False,chronic_late_payer
INV6000142,B006,B006-C1006,Retail Client 006,Retail & Distribution,30,133595.98,2024-03-26,2024-04-25,closed,2024-05-09,44,14,False,False,seasonal_payer
INV6000143,B006,B006-C1006,Retail Client 006,Retail & Distribution,30,214731.07,2024-03-29,2024-04-28,closed,2024-05-01,33,3,False,False,seasonal_payer
INV6000144,B006,B006-C1006,Retail Client 006,Retail & Distribution,30,220682.15,2024-04-01,2024-05-01,closed,2024-05-08,37,7,False,False,seasonal_payer
INV6000145,B006,B006-C1006,Retail Client 006,Retail & Distribution,30,298555.71,2024-04-11,2024-05-11,closed,2024-05-27,46,16,False,False,seasonal_payer
INV6000146,B006,B006-C1006,Retail Client 006,Retail & Distribution,30,280813.41,2024-04-12,2024-05-12,closed,2024-05-29,47,17,False,False,seasonal_payer
INV6000147,B006,B006-C1006,Retail Client 006,Retail & Distribution,30,361920.79,2024-04-25,2024-05-25,closed,2024-05-31,36,6,False,False,seasonal_payer
INV6000148,B006,B006-C1006,Retail Client 006,Retail & Distribution,30,367508.66,2024-04-26,2024-05-26,closed,2024-06-02,37,7,False,False,seasonal_payer
INV6000149,B006,B006-C1006,Retail Client 006,Retail & Distribution,30,175745.16,2024-05-04,2024-06-03,closed,2024-06-20,47,17,False,False,seasonal_payer
INV6000150,B006,B006-C1006,Retail Client 006,Retail & Distribution,30,357642.06,2024-05-21,2024-06-20,closed,2024-06-30,40,10,False,False,seasonal_payer
INV6000151,B006,B006-C1006,Retail Client 006,Retail & Distribution,30,244085.21,2024-05-22,2024-06-21,closed,2024-07-01,40,10,False,False,seasonal_payer
INV6000152,B006,B006-C1006,Retail Client 006,Retail & Distribution,30,228696.5,2024-07-07,2024-08-06,closed,2024-08-15,39,9,False,False,seasonal_payer
INV6000153,B006,B006-C1006,Retail Client 006,Retail & Distribution,30,338547.53,2024-11-19,2024-12-19,closed,2024-12-19,30,0,False,False,seasonal_payer
INV6000154,B006,B006-C1006,Retail Client 006,Retail & Distribution,30,154790.21,2024-12-17,2025-01-16,closed,2025-01-22,36,6,False,False,seasonal_payer
INV6000155,B006,B006-C1006,Retail Client 006,Retail & Distribution,30,291106.31,2025-01-18,2025-02-17,closed,2025-03-07,48,18,False,False,seasonal_payer
INV6000156,B006,B006-C1006,Retail Client 006,Retail & Distribution,30,353367.76,2025-02-08,2025-03-10,closed,2025-03-16,36,6,False,False,seasonal_payer
INV6000157,B006,B006-C1006,Retail Client 006,Retail & Distribution,30,289644.16,2025-02-14,2025-03-16,closed,2025-03-21,35,5,False,False,seasonal_payer
INV6000158,B006,B006-C1006,Retail Client 006,Retail & Distribution,30,125521.46,2025-02-17,2025-03-19,closed,2025-03-27,38,8,False,False,seasonal_payer
INV6000159,B006,B006-C1006,Retail Client 006,Retail & Distribution,30,381426.64,2025-03-23,2025-04-22,closed,2025-04-27,35,5,False,False,seasonal_payer
INV6000160,B006,B006-C1006,Retail Client 006,Retail & Distribution,30,213900.32,2025-05-13,2025-06-12,closed,2025-06-24,42,12,False,False,seasonal_payer
INV6000161,B006,B006-C1006,Retail Client 006,Retail & Distribution,30,1068596.14,2025-05-21,2025-06-20,closed,2025-06-23,33,3,False,True,seasonal_payer
INV6000162,B006,B006-C1006,Retail Client 006,Retail & Distribution,30,305027.67,2025-08-16,2025-09-15,closed,2025-09-16,31,1,False,False,seasonal_payer
INV6000163,B006,B006-C1006,Retail Client 006,Retail & Distribution,30,148177.03,2025-09-06,2025-10-06,closed,2025-10-17,41,11,False,False,seasonal_payer
INV6000164,B006,B006-C1006,Retail Client 006,Retail & Distribution,30,277955.64,2025-09-22,2025-10-22,closed,2025-10-29,37,7,False,False,seasonal_payer
INV6000165,B006,B006-C1006,Retail Client 006,Retail & Distribution,30,398738.1,2025-10-22,2025-11-21,closed,2025-12-05,44,14,False,False,seasonal_payer
INV6000166,B006,B006-C1006,Retail Client 006,Retail & Distribution,30,298154.99,2025-12-27,2026-01-26,closed,2026-01-18,22,-8,False,False,seasonal_payer
INV6000167,B006,B006-C1006,Retail Client 006,Retail & Distribution,30,489341.12,2026-01-23,2026-02-22,closed,2026-02-17,25,-5,False,True,seasonal_payer
INV6000168,B006,B006-C1006,Retail Client 006,Retail & Distribution,30,151637.69,2026-02-07,2026-03-09,closed,2026-03-17,38,8,False,False,seasonal_payer
INV6000169,B006,B006-C1006,Retail Client 006,Retail & Distribution,30,294757.93,2026-02-27,2026-03-29,closed,2026-04-01,33,3,False,False,seasonal_payer
INV6000170,B006,B006-C1006,Retail Client 006,Retail & Distribution,30,202118.11,2026-05-18,2026-06-17,closed,2026-07-02,45,15,False,False,seasonal_payer
INV6000171,B006,B006-C1006,Retail Client 006,Retail & Distribution,30,453619.61,2026-06-15,2026-07-15,closed,2026-07-28,43,13,False,True,seasonal_payer
INV6000172,B006,B006-C1007,Auto Client 007,Auto Components,30,23230.1,2024-03-16,2024-04-15,closed,2024-05-22,67,37,False,False,improving_payer
INV6000173,B006,B006-C1007,Auto Client 007,Auto Components,30,27774.99,2024-04-29,2024-05-29,closed,2024-07-04,66,36,True,False,improving_payer
INV6000174,B006,B006-C1007,Auto Client 007,Auto Components,30,19598.26,2024-05-02,2024-06-01,closed,2024-07-08,67,37,False,False,improving_payer
INV6000175,B006,B006-C1007,Auto Client 007,Auto Components,30,18144.37,2024-06-23,2024-07-23,closed,2024-08-22,60,30,False,False,improving_payer
INV6000176,B006,B006-C1007,Auto Client 007,Auto Components,30,18854.13,2024-07-04,2024-08-03,closed,2024-08-30,57,27,False,False,improving_payer
INV6000177,B006,B006-C1007,Auto Client 007,Auto Components,30,46647.09,2024-10-16,2024-11-15,closed,2024-12-19,64,34,False,True,improving_payer
INV6000178,B006,B006-C1007,Auto Client 007,Auto Components,30,13433.99,2024-10-29,2024-11-28,closed,2025-01-03,66,36,False,False,improving_payer
INV6000179,B006,B006-C1007,Auto Client 007,Auto Components,30,12328.63,2024-11-19,2024-12-19,closed,2025-01-21,63,33,False,False,improving_payer
INV6000180,B006,B006-C1007,Auto Client 007,Auto Components,30,15046.31,2024-12-01,2024-12-31,closed,2025-01-17,47,17,False,False,improving_payer
INV6000181,B006,B006-C1007,Auto Client 007,Auto Components,30,17402.34,2024-12-13,2025-01-12,closed,2025-02-03,52,22,False,False,improving_payer
INV6000182,B006,B006-C1007,Auto Client 007,Auto Components,30,16961.66,2025-01-09,2025-02-08,closed,2025-02-13,35,5,False,False,improving_payer
INV6000183,B006,B006-C1007,Auto Client 007,Auto Components,30,12913.06,2025-01-20,2025-02-19,disputed_open,,,,False,False,improving_payer
INV6000184,B006,B006-C1007,Auto Client 007,Auto Components,30,15270.9,2025-04-12,2025-05-12,closed,2025-06-02,51,21,False,False,improving_payer
INV6000185,B006,B006-C1007,Auto Client 007,Auto Components,30,17137.07,2025-04-14,2025-05-14,closed,2025-06-07,54,24,False,False,improving_payer
INV6000186,B006,B006-C1007,Auto Client 007,Auto Components,30,26518.78,2025-05-04,2025-06-03,closed,2025-06-19,46,16,False,False,improving_payer
INV6000187,B006,B006-C1007,Auto Client 007,Auto Components,30,29562.71,2025-05-28,2025-06-27,closed,2025-07-19,52,22,False,False,improving_payer
INV6000188,B006,B006-C1007,Auto Client 007,Auto Components,30,18135.01,2025-06-30,2025-07-30,closed,2025-08-15,46,16,False,False,improving_payer
INV6000189,B006,B006-C1007,Auto Client 007,Auto Components,30,23844.25,2025-10-04,2025-11-03,closed,2025-11-23,50,20,False,False,improving_payer
INV6000190,B006,B006-C1007,Auto Client 007,Auto Components,30,19459.07,2026-02-13,2026-03-15,closed,2026-03-23,38,8,False,False,improving_payer
INV6000191,B006,B006-C1007,Auto Client 007,Auto Components,30,11636.27,2026-02-19,2026-03-21,closed,2026-04-03,43,13,False,False,improving_payer
INV6000192,B006,B006-C1007,Auto Client 007,Auto Components,30,31745.32,2026-05-09,2026-06-08,open,,,,False,False,improving_payer
INV6000193,B006,B006-C1007,Auto Client 007,Auto Components,30,13539.06,2026-07-14,2026-08-13,closed,2026-08-23,40,10,False,False,improving_payer
INV6000194,B006,B006-C1007,Auto Client 007,Auto Components,30,16917.87,2026-07-18,2026-08-17,closed,2026-08-27,40,10,False,False,improving_payer
INV6000195,B006,B006-C1007,Auto Client 007,Auto Components,30,20084.85,2026-07-27,2026-08-26,closed,2026-08-21,25,-5,False,False,improving_payer
INV6000196,B006,B006-C1007,Auto Client 007,Auto Components,30,43957.08,2026-07-31,2026-08-30,closed,2026-08-25,25,-5,False,True,improving_payer
INV6000197,B006,B006-C1007,Auto Client 007,Auto Components,30,20408.95,2026-08-10,2026-09-09,disputed_open,,,,False,False,improving_payer
INV6000198,B006,B006-C1007,Auto Client 007,Auto Components,30,11022.86,2026-08-29,2026-09-28,open,,,,False,False,improving_payer
INV6000199,B006,B006-C1008,Metal Client 008,Metal & Engineering,30,45615.81,2024-03-20,2024-04-19,closed,2024-04-12,23,-7,False,False,average_payer
INV6000200,B006,B006-C1008,Metal Client 008,Metal & Engineering,30,71942.52,2024-04-11,2024-05-11,closed,2024-05-17,36,6,False,False,average_payer
INV6000201,B006,B006-C1008,Metal Client 008,Metal & Engineering,30,36901.89,2024-06-13,2024-07-13,closed,2024-07-19,36,6,False,False,average_payer
INV6000202,B006,B006-C1008,Metal Client 008,Metal & Engineering,30,45517.11,2024-06-25,2024-07-25,closed,2024-07-16,21,-9,False,False,average_payer
INV6000203,B006,B006-C1008,Metal Client 008,Metal & Engineering,30,47557.19,2024-07-19,2024-08-18,closed,2024-08-23,35,5,False,False,average_payer
INV6000204,B006,B006-C1008,Metal Client 008,Metal & Engineering,30,68422.28,2024-08-13,2024-09-12,closed,2024-09-16,34,4,False,False,average_payer
INV6000205,B006,B006-C1008,Metal Client 008,Metal & Engineering,30,48574.15,2024-09-17,2024-10-17,closed,2024-10-20,33,3,False,False,average_payer
INV6000206,B006,B006-C1008,Metal Client 008,Metal & Engineering,30,44556.23,2024-09-20,2024-10-20,closed,2024-10-29,39,9,False,False,average_payer
INV6000207,B006,B006-C1008,Metal Client 008,Metal & Engineering,30,50512.2,2024-10-12,2024-11-11,closed,2024-10-31,19,-11,False,False,average_payer
INV6000208,B006,B006-C1008,Metal Client 008,Metal & Engineering,30,40802.96,2024-11-14,2024-12-14,closed,2024-12-19,35,5,False,False,average_payer
INV6000209,B006,B006-C1008,Metal Client 008,Metal & Engineering,30,41790.64,2024-12-01,2024-12-31,closed,2025-01-09,39,9,False,False,average_payer
INV6000210,B006,B006-C1008,Metal Client 008,Metal & Engineering,30,46357.28,2024-12-09,2025-01-08,closed,2025-01-02,24,-6,False,False,average_payer
INV6000211,B006,B006-C1008,Metal Client 008,Metal & Engineering,30,42073.59,2024-12-16,2025-01-15,closed,2025-01-12,27,-3,False,False,average_payer
INV6000212,B006,B006-C1008,Metal Client 008,Metal & Engineering,30,27608.17,2024-12-31,2025-01-30,closed,2025-02-07,38,8,False,False,average_payer
INV6000213,B006,B006-C1008,Metal Client 008,Metal & Engineering,30,43479.54,2025-01-02,2025-02-01,closed,2025-02-15,44,14,False,False,average_payer
INV6000214,B006,B006-C1008,Metal Client 008,Metal & Engineering,30,43519.86,2025-02-10,2025-03-12,open,,,,False,False,average_payer
INV6000215,B006,B006-C1008,Metal Client 008,Metal & Engineering,30,42475.07,2025-03-11,2025-04-10,closed,2025-04-23,43,13,False,False,average_payer
INV6000216,B006,B006-C1008,Metal Client 008,Metal & Engineering,30,46380.77,2025-04-19,2025-05-19,closed,2025-05-23,34,4,False,False,average_payer
INV6000217,B006,B006-C1008,Metal Client 008,Metal & Engineering,30,33072.19,2025-04-21,2025-05-21,closed,2025-06-07,47,17,False,False,average_payer
INV6000218,B006,B006-C1008,Metal Client 008,Metal & Engineering,30,29677.04,2025-05-06,2025-06-05,closed,2025-06-10,35,5,False,False,average_payer
INV6000219,B006,B006-C1008,Metal Client 008,Metal & Engineering,30,38877.88,2025-06-12,2025-07-12,closed,2025-07-28,46,16,False,False,average_payer
INV6000220,B006,B006-C1008,Metal Client 008,Metal & Engineering,30,41456.01,2025-06-15,2025-07-15,closed,2025-07-17,32,2,False,False,average_payer
INV6000221,B006,B006-C1008,Metal Client 008,Metal & Engineering,30,46091.81,2025-07-21,2025-08-20,closed,2025-08-24,34,4,False,False,average_payer
INV6000222,B006,B006-C1008,Metal Client 008,Metal & Engineering,30,45446.27,2025-08-01,2025-08-31,disputed_open,,,,False,False,average_payer
INV6000223,B006,B006-C1008,Metal Client 008,Metal & Engineering,30,56354.47,2025-08-02,2025-09-01,closed,2025-09-08,37,7,False,False,average_payer
INV6000224,B006,B006-C1008,Metal Client 008,Metal & Engineering,30,68676.13,2025-08-09,2025-09-08,closed,2025-09-29,51,21,False,False,average_payer
INV6000225,B006,B006-C1008,Metal Client 008,Metal & Engineering,30,50217.0,2025-11-17,2025-12-17,closed,2025-12-17,30,0,False,False,average_payer
INV6000226,B006,B006-C1008,Metal Client 008,Metal & Engineering,30,43831.64,2026-03-08,2026-04-07,closed,2026-04-21,44,14,False,False,average_payer
INV6000227,B006,B006-C1008,Metal Client 008,Metal & Engineering,30,42243.97,2026-06-19,2026-07-19,closed,2026-07-29,40,10,False,False,average_payer
INV6000228,B006,B006-C1008,Metal Client 008,Metal & Engineering,30,63823.62,2026-07-15,2026-08-14,closed,2026-08-27,43,13,False,False,average_payer
INV6000229,B006,B006-C1008,Metal Client 008,Metal & Engineering,30,50045.41,2026-07-20,2026-08-19,closed,2026-08-19,30,0,False,False,average_payer
INV6000230,B006,B006-C1008,Metal Client 008,Metal & Engineering,30,45025.72,2026-07-31,2026-08-30,open,,,,False,False,average_payer
INV6000231,B006,B006-C1008,Metal Client 008,Metal & Engineering,30,43079.32,2026-08-13,2026-09-12,open,,,,False,False,average_payer
INV6000232,B006,B006-C1009,FMCG Client 009,FMCG & Food Processing,45,161783.07,2024-03-22,2024-05-06,closed,2024-05-07,46,1,False,False,average_payer
INV6000233,B006,B006-C1009,FMCG Client 009,FMCG & Food Processing,45,215214.38,2024-04-01,2024-05-16,closed,2024-05-22,51,6,False,False,average_payer
INV6000234,B006,B006-C1009,FMCG Client 009,FMCG & Food Processing,45,174722.27,2024-04-10,2024-05-25,closed,2024-05-30,50,5,False,False,average_payer
INV6000235,B006,B006-C1009,FMCG Client 009,FMCG & Food Processing,45,252966.02,2024-04-17,2024-06-01,closed,2024-06-11,55,10,False,False,average_payer
INV6000236,B006,B006-C1009,FMCG Client 009,FMCG & Food Processing,45,129066.15,2024-05-11,2024-06-25,closed,2024-06-27,47,2,False,False,average_payer
INV6000237,B006,B006-C1009,FMCG Client 009,FMCG & Food Processing,45,161872.58,2024-05-18,2024-07-02,closed,2024-07-15,58,13,False,False,average_payer
INV6000238,B006,B006-C1009,FMCG Client 009,FMCG & Food Processing,45,263990.31,2024-05-22,2024-07-06,closed,2024-07-18,57,12,False,False,average_payer
INV6000239,B006,B006-C1009,FMCG Client 009,FMCG & Food Processing,45,159996.82,2024-06-13,2024-07-28,closed,2024-08-07,55,10,False,False,average_payer
INV6000240,B006,B006-C1009,FMCG Client 009,FMCG & Food Processing,45,248038.82,2024-06-29,2024-08-13,closed,2024-08-22,54,9,False,False,average_payer
INV6000241,B006,B006-C1009,FMCG Client 009,FMCG & Food Processing,45,249309.96,2024-07-24,2024-09-07,open,,,,False,False,average_payer
INV6000242,B006,B006-C1009,FMCG Client 009,FMCG & Food Processing,45,206680.79,2024-07-26,2024-09-09,closed,2024-09-11,47,2,False,False,average_payer
INV6000243,B006,B006-C1009,FMCG Client 009,FMCG & Food Processing,45,143706.84,2024-08-12,2024-09-26,closed,2024-10-05,54,9,False,False,average_payer
INV6000244,B006,B006-C1009,FMCG Client 009,FMCG & Food Processing,45,197297.39,2024-09-09,2024-10-24,closed,2024-10-29,50,5,False,False,average_payer
INV6000245,B006,B006-C1009,FMCG Client 009,FMCG & Food Processing,45,685336.84,2024-09-17,2024-11-01,closed,2024-11-10,54,9,False,True,average_payer
INV6000246,B006,B006-C1009,FMCG Client 009,FMCG & Food Processing,45,1365520.51,2024-09-22,2024-11-06,closed,2024-10-29,37,-8,False,True,average_payer
INV6000247,B006,B006-C1009,FMCG Client 009,FMCG & Food Processing,45,144320.21,2024-09-26,2024-11-10,closed,2024-11-14,49,4,False,False,average_payer
INV6000248,B006,B006-C1009,FMCG Client 009,FMCG & Food Processing,45,211754.44,2024-10-05,2024-11-19,closed,2024-11-20,46,1,False,False,average_payer
INV6000249,B006,B006-C1009,FMCG Client 009,FMCG & Food Processing,45,258103.9,2024-10-19,2024-12-03,closed,2024-12-05,47,2,False,False,average_payer
INV6000250,B006,B006-C1009,FMCG Client 009,FMCG & Food Processing,45,256595.61,2024-10-22,2024-12-06,disputed_open,,,,False,False,average_payer
INV6000251,B006,B006-C1009,FMCG Client 009,FMCG & Food Processing,45,158270.04,2024-11-11,2024-12-26,closed,2024-12-30,49,4,False,False,average_payer
INV6000252,B006,B006-C1009,FMCG Client 009,FMCG & Food Processing,45,177897.64,2024-12-31,2025-02-14,closed,2025-02-20,51,6,False,False,average_payer
INV6000253,B006,B006-C1009,FMCG Client 009,FMCG & Food Processing,45,251889.72,2025-01-09,2025-02-23,closed,2025-02-22,44,-1,False,False,average_payer
INV6000254,B006,B006-C1009,FMCG Client 009,FMCG & Food Processing,45,818072.22,2025-01-12,2025-02-26,closed,2025-03-09,56,11,False,True,average_payer
INV6000255,B006,B006-C1009,FMCG Client 009,FMCG & Food Processing,45,171576.59,2025-03-10,2025-04-24,closed,2025-05-01,52,7,False,False,average_payer
INV6000256,B006,B006-C1009,FMCG Client 009,FMCG & Food Processing,45,116172.67,2025-03-17,2025-05-01,closed,2025-05-01,45,0,False,False,average_payer
INV6000257,B006,B006-C1009,FMCG Client 009,FMCG & Food Processing,45,187304.91,2025-06-15,2025-07-30,closed,2025-08-10,56,11,False,False,average_payer
INV6000258,B006,B006-C1009,FMCG Client 009,FMCG & Food Processing,45,191258.52,2025-06-23,2025-08-07,closed,2025-08-18,56,11,False,False,average_payer
INV6000259,B006,B006-C1009,FMCG Client 009,FMCG & Food Processing,45,250297.45,2025-08-03,2025-09-17,closed,2025-09-22,50,5,False,False,average_payer
INV6000260,B006,B006-C1009,FMCG Client 009,FMCG & Food Processing,45,226014.01,2025-09-05,2025-10-20,closed,2025-10-18,43,-2,False,False,average_payer
INV6000261,B006,B006-C1009,FMCG Client 009,FMCG & Food Processing,45,216650.08,2025-09-24,2025-11-08,closed,2025-11-20,57,12,False,False,average_payer
INV6000262,B006,B006-C1009,FMCG Client 009,FMCG & Food Processing,45,226660.68,2025-10-05,2025-11-19,closed,2025-11-17,43,-2,False,False,average_payer
INV6000263,B006,B006-C1009,FMCG Client 009,FMCG & Food Processing,45,192740.11,2025-10-11,2025-11-25,closed,2025-11-28,48,3,False,False,average_payer
INV6000264,B006,B006-C1009,FMCG Client 009,FMCG & Food Processing,45,156827.59,2025-11-16,2025-12-31,closed,2025-12-30,44,-1,False,False,average_payer
INV6000265,B006,B006-C1009,FMCG Client 009,FMCG & Food Processing,45,398827.21,2025-12-06,2026-01-20,closed,2026-01-29,54,9,False,False,average_payer
INV6000266,B006,B006-C1009,FMCG Client 009,FMCG & Food Processing,45,373065.53,2025-12-07,2026-01-21,closed,2026-01-18,42,-3,False,False,average_payer
INV6000267,B006,B006-C1009,FMCG Client 009,FMCG & Food Processing,45,134872.96,2026-01-06,2026-02-20,closed,2026-02-21,46,1,False,False,average_payer
INV6000268,B006,B006-C1009,FMCG Client 009,FMCG & Food Processing,45,260654.74,2026-02-12,2026-03-29,closed,2026-03-22,38,-7,False,False,average_payer
INV6000269,B006,B006-C1009,FMCG Client 009,FMCG & Food Processing,45,204018.2,2026-02-18,2026-04-04,closed,2026-04-16,57,12,False,False,average_payer
INV6000270,B006,B006-C1009,FMCG Client 009,FMCG & Food Processing,45,122540.36,2026-02-25,2026-04-11,closed,2026-04-14,48,3,False,False,average_payer
INV6000271,B006,B006-C1009,FMCG Client 009,FMCG & Food Processing,45,151635.32,2026-03-11,2026-04-25,closed,2026-04-27,47,2,False,False,average_payer
INV6000272,B006,B006-C1009,FMCG Client 009,FMCG & Food Processing,45,175427.55,2026-04-10,2026-05-25,closed,2026-05-26,46,1,False,False,average_payer
INV6000273,B006,B006-C1009,FMCG Client 009,FMCG & Food Processing,45,159892.34,2026-04-17,2026-06-01,closed,2026-06-14,58,13,False,False,average_payer
INV6000274,B006,B006-C1009,FMCG Client 009,FMCG & Food Processing,45,139691.48,2026-05-06,2026-06-20,closed,2026-07-05,60,15,False,False,average_payer
INV6000275,B006,B006-C1009,FMCG Client 009,FMCG & Food Processing,45,244155.37,2026-05-18,2026-07-02,open,,,,False,False,average_payer
INV6000276,B006,B006-C1009,FMCG Client 009,FMCG & Food Processing,45,205359.34,2026-06-03,2026-07-18,closed,2026-07-23,50,5,False,False,average_payer
INV6000277,B006,B006-C1009,FMCG Client 009,FMCG & Food Processing,45,110702.68,2026-06-04,2026-07-19,closed,2026-07-31,57,12,False,False,average_payer
INV6000278,B006,B006-C1009,FMCG Client 009,FMCG & Food Processing,45,194083.02,2026-06-16,2026-07-31,closed,2026-08-08,53,8,False,False,average_payer
INV6000279,B006,B006-C1009,FMCG Client 009,FMCG & Food Processing,45,179475.78,2026-06-29,2026-08-13,closed,2026-08-04,36,-9,False,False,average_payer
INV6000280,B006,B006-C1009,FMCG Client 009,FMCG & Food Processing,45,212314.77,2026-08-04,2026-09-18,disputed_open,,,,False,False,average_payer
INV6000281,B006,B006-C1009,FMCG Client 009,FMCG & Food Processing,45,213903.22,2026-08-13,2026-09-27,open,,,,False,False,average_payer
INV6000282,B006,B006-C1009,FMCG Client 009,FMCG & Food Processing,45,104174.73,2026-08-19,2026-10-03,open,,,,False,False,average_payer
INV6000283,B006,B006-C1009,FMCG Client 009,FMCG & Food Processing,45,235494.95,2026-08-23,2026-10-07,disputed_open,,,,False,False,average_payer
INV6000284,B006,B006-C1010,Electronics Client 010,Electronics & Electricals,45,49450.36,2024-07-17,2024-08-31,closed,2024-08-27,41,-4,False,False,prompt_payer
INV6000285,B006,B006-C1010,Electronics Client 010,Electronics & Electricals,45,43189.14,2024-09-11,2024-10-26,closed,2024-10-28,47,2,False,False,prompt_payer
INV6000286,B006,B006-C1010,Electronics Client 010,Electronics & Electricals,45,57100.08,2025-12-19,2026-02-02,closed,2026-02-01,44,-1,False,False,prompt_payer
INV6000287,B006,B006-C1010,Electronics Client 010,Electronics & Electricals,45,49165.04,2026-05-29,2026-07-13,closed,2026-07-18,50,5,False,False,prompt_payer
INV6000288,B006,B006-C1010,Electronics Client 010,Electronics & Electricals,45,49727.29,2026-07-05,2026-08-19,closed,2026-08-19,45,0,False,False,prompt_payer
INV6000289,B006,B006-C1011,Auto Client 011,Auto Components,30,328255.31,2024-04-03,2024-05-03,closed,2024-05-31,58,28,False,True,improving_payer
INV6000290,B006,B006-C1011,Auto Client 011,Auto Components,30,66018.96,2024-05-06,2024-06-05,closed,2024-07-18,73,43,False,False,improving_payer
INV6000291,B006,B006-C1011,Auto Client 011,Auto Components,30,55680.55,2024-07-16,2024-08-15,closed,2024-09-12,58,28,False,False,improving_payer
INV6000292,B006,B006-C1011,Auto Client 011,Auto Components,30,42538.96,2024-07-17,2024-08-16,closed,2024-10-12,87,57,False,False,improving_payer
INV6000293,B006,B006-C1011,Auto Client 011,Auto Components,30,69421.47,2024-07-21,2024-08-20,closed,2024-09-21,62,32,False,False,improving_payer
INV6000294,B006,B006-C1011,Auto Client 011,Auto Components,30,31178.48,2024-08-01,2024-08-31,closed,2024-10-10,70,40,False,False,improving_payer
INV6000295,B006,B006-C1011,Auto Client 011,Auto Components,30,67036.15,2024-08-09,2024-09-08,closed,2024-09-30,52,22,False,False,improving_payer
INV6000296,B006,B006-C1011,Auto Client 011,Auto Components,30,36971.09,2024-08-21,2024-09-20,closed,2024-10-14,54,24,False,False,improving_payer
INV6000297,B006,B006-C1011,Auto Client 011,Auto Components,30,58064.86,2024-09-15,2024-10-15,closed,2024-10-24,39,9,False,False,improving_payer
INV6000298,B006,B006-C1011,Auto Client 011,Auto Components,30,48301.28,2024-09-16,2024-10-16,closed,2024-11-21,66,36,False,False,improving_payer
INV6000299,B006,B006-C1011,Auto Client 011,Auto Components,30,48862.15,2024-10-30,2024-11-29,closed,2025-01-06,68,38,False,False,improving_payer
INV6000300,B006,B006-C1011,Auto Client 011,Auto Components,30,91122.42,2024-11-18,2024-12-18,closed,2025-01-27,70,40,False,False,improving_payer
INV6000301,B006,B006-C1011,Auto Client 011,Auto Components,30,81109.95,2024-12-17,2025-01-16,closed,2025-02-11,56,26,False,False,improving_payer
INV6000302,B006,B006-C1011,Auto Client 011,Auto Components,30,71979.24,2025-01-07,2025-02-06,closed,2025-03-05,57,27,False,False,improving_payer
INV6000303,B006,B006-C1011,Auto Client 011,Auto Components,30,166692.1,2025-01-09,2025-02-08,closed,2025-02-20,42,12,False,False,improving_payer
INV6000304,B006,B006-C1011,Auto Client 011,Auto Components,30,40636.83,2025-03-18,2025-04-17,closed,2025-05-05,48,18,False,False,improving_payer
INV6000305,B006,B006-C1011,Auto Client 011,Auto Components,30,65087.97,2025-03-25,2025-04-24,closed,2025-05-05,41,11,False,False,improving_payer
INV6000306,B006,B006-C1011,Auto Client 011,Auto Components,30,48920.52,2025-04-30,2025-05-30,closed,2025-06-13,44,14,False,False,improving_payer
INV6000307,B006,B006-C1011,Auto Client 011,Auto Components,30,41983.75,2025-06-09,2025-07-09,closed,2025-07-23,44,14,False,False,improving_payer
INV6000308,B006,B006-C1011,Auto Client 011,Auto Components,30,69640.33,2025-07-19,2025-08-18,closed,2025-08-29,41,11,False,False,improving_payer
INV6000309,B006,B006-C1011,Auto Client 011,Auto Components,30,42544.71,2025-08-06,2025-09-05,closed,2025-09-23,48,18,False,False,improving_payer
INV6000310,B006,B006-C1011,Auto Client 011,Auto Components,30,94366.24,2025-10-22,2025-11-21,closed,2025-12-02,41,11,False,False,improving_payer
INV6000311,B006,B006-C1011,Auto Client 011,Auto Components,30,56099.56,2025-11-20,2025-12-20,closed,2026-01-06,47,17,False,False,improving_payer
INV6000312,B006,B006-C1011,Auto Client 011,Auto Components,30,93831.2,2025-12-02,2026-01-01,closed,2026-01-12,41,11,False,False,improving_payer
INV6000313,B006,B006-C1011,Auto Client 011,Auto Components,30,73757.4,2026-01-28,2026-02-27,closed,2026-03-24,55,25,False,False,improving_payer
INV6000314,B006,B006-C1011,Auto Client 011,Auto Components,30,40199.31,2026-03-17,2026-04-16,closed,2026-04-28,42,12,False,False,improving_payer
INV6000315,B006,B006-C1011,Auto Client 011,Auto Components,30,47321.74,2026-03-30,2026-04-29,closed,2026-05-05,36,6,False,False,improving_payer
INV6000316,B006,B006-C1011,Auto Client 011,Auto Components,30,71229.82,2026-05-02,2026-06-01,closed,2026-06-20,49,19,False,False,improving_payer
INV6000317,B006,B006-C1011,Auto Client 011,Auto Components,30,348013.46,2026-05-12,2026-06-11,closed,2026-06-28,47,17,False,True,improving_payer
INV6000318,B006,B006-C1011,Auto Client 011,Auto Components,30,85408.8,2026-05-21,2026-06-20,closed,2026-07-02,42,12,False,False,improving_payer
INV6000319,B006,B006-C1011,Auto Client 011,Auto Components,30,32835.98,2026-07-10,2026-08-09,closed,2026-08-07,28,-2,False,False,improving_payer
INV6000320,B006,B006-C1011,Auto Client 011,Auto Components,30,40499.37,2026-07-28,2026-08-27,open,,,,False,False,improving_payer
INV6000321,B006,B006-C1011,Auto Client 011,Auto Components,30,59344.82,2026-08-19,2026-09-18,open,,,,False,False,improving_payer
INV6000322,B006,B006-C1012,Chemicals Client 012,Chemicals & Plastics,60,115293.46,2024-04-13,2024-06-12,closed,2024-07-01,79,19,False,False,deteriorating_payer
INV6000323,B006,B006-C1012,Chemicals Client 012,Chemicals & Plastics,60,146841.01,2024-04-26,2024-06-25,closed,2024-07-17,82,22,False,False,deteriorating_payer
INV6000324,B006,B006-C1012,Chemicals Client 012,Chemicals & Plastics,60,188313.08,2024-05-22,2024-07-21,closed,2024-07-19,58,-2,False,False,deteriorating_payer
INV6000325,B006,B006-C1012,Chemicals Client 012,Chemicals & Plastics,60,95353.61,2024-05-29,2024-07-28,closed,2024-08-11,74,14,True,False,deteriorating_payer
INV6000326,B006,B006-C1012,Chemicals Client 012,Chemicals & Plastics,60,190389.29,2024-07-06,2024-09-04,closed,2024-10-01,87,27,False,False,deteriorating_payer
INV6000327,B006,B006-C1012,Chemicals Client 012,Chemicals & Plastics,60,142091.11,2024-08-27,2024-10-26,closed,2024-11-03,68,8,False,False,deteriorating_payer
INV6000328,B006,B006-C1012,Chemicals Client 012,Chemicals & Plastics,60,130563.61,2024-09-13,2024-11-12,closed,2024-11-19,67,7,False,False,deteriorating_payer
INV6000329,B006,B006-C1012,Chemicals Client 012,Chemicals & Plastics,60,116287.85,2024-11-02,2025-01-01,closed,2025-01-12,71,11,False,False,deteriorating_payer
INV6000330,B006,B006-C1012,Chemicals Client 012,Chemicals & Plastics,60,123770.67,2025-01-08,2025-03-09,closed,2025-03-23,74,14,False,False,deteriorating_payer
INV6000331,B006,B006-C1012,Chemicals Client 012,Chemicals & Plastics,60,123717.7,2025-02-04,2025-04-05,closed,2025-04-28,83,23,False,False,deteriorating_payer
INV6000332,B006,B006-C1012,Chemicals Client 012,Chemicals & Plastics,60,114038.58,2025-03-12,2025-05-11,closed,2025-06-02,82,22,False,False,deteriorating_payer
INV6000333,B006,B006-C1012,Chemicals Client 012,Chemicals & Plastics,60,100592.94,2025-04-20,2025-06-19,closed,2025-07-09,80,20,False,False,deteriorating_payer
INV6000334,B006,B006-C1012,Chemicals Client 012,Chemicals & Plastics,60,215828.46,2025-05-28,2025-07-27,closed,2025-08-16,80,20,False,False,deteriorating_payer
INV6000335,B006,B006-C1012,Chemicals Client 012,Chemicals & Plastics,60,151854.79,2025-06-09,2025-08-08,closed,2025-09-15,98,38,False,False,deteriorating_payer
INV6000336,B006,B006-C1012,Chemicals Client 012,Chemicals & Plastics,60,45043.73,2025-06-18,2025-08-17,closed,2025-09-07,81,21,False,False,deteriorating_payer
INV6000337,B006,B006-C1012,Chemicals Client 012,Chemicals & Plastics,60,147059.3,2025-06-20,2025-08-19,closed,2025-08-31,72,12,False,False,deteriorating_payer
INV6000338,B006,B006-C1012,Chemicals Client 012,Chemicals & Plastics,60,119565.99,2025-07-21,2025-09-19,closed,2025-10-29,100,40,False,False,deteriorating_payer
INV6000339,B006,B006-C1012,Chemicals Client 012,Chemicals & Plastics,60,160607.26,2025-08-02,2025-10-01,closed,2025-10-19,78,18,False,False,deteriorating_payer
INV6000340,B006,B006-C1012,Chemicals Client 012,Chemicals & Plastics,60,134727.99,2025-08-03,2025-10-02,closed,2025-11-05,94,34,False,False,deteriorating_payer
INV6000341,B006,B006-C1012,Chemicals Client 012,Chemicals & Plastics,60,357838.87,2025-08-18,2025-10-17,closed,2025-10-21,64,4,False,True,deteriorating_payer
INV6000342,B006,B006-C1012,Chemicals Client 012,Chemicals & Plastics,60,103941.51,2025-09-05,2025-11-04,closed,2025-11-21,77,17,False,False,deteriorating_payer
INV6000343,B006,B006-C1012,Chemicals Client 012,Chemicals & Plastics,60,134273.47,2025-10-24,2025-12-23,closed,2026-01-15,83,23,False,False,deteriorating_payer
INV6000344,B006,B006-C1012,Chemicals Client 012,Chemicals & Plastics,60,247802.71,2025-11-04,2026-01-03,closed,2026-02-20,108,48,False,False,deteriorating_payer
INV6000345,B006,B006-C1012,Chemicals Client 012,Chemicals & Plastics,60,98832.8,2025-12-25,2026-02-23,closed,2026-03-20,85,25,False,False,deteriorating_payer
INV6000346,B006,B006-C1012,Chemicals Client 012,Chemicals & Plastics,60,167417.38,2026-01-01,2026-03-02,closed,2026-04-19,108,48,False,False,deteriorating_payer
INV6000347,B006,B006-C1012,Chemicals Client 012,Chemicals & Plastics,60,215880.2,2026-01-15,2026-03-16,closed,2026-04-22,97,37,False,False,deteriorating_payer
INV6000348,B006,B006-C1012,Chemicals Client 012,Chemicals & Plastics,60,144684.06,2026-02-08,2026-04-09,closed,2026-05-19,100,40,False,False,deteriorating_payer
INV6000349,B006,B006-C1012,Chemicals Client 012,Chemicals & Plastics,60,1130573.35,2026-03-20,2026-05-19,closed,2026-07-02,104,44,False,True,deteriorating_payer
INV6000350,B006,B006-C1012,Chemicals Client 012,Chemicals & Plastics,60,152506.27,2026-05-08,2026-07-07,closed,2026-08-16,100,40,False,False,deteriorating_payer
INV6000351,B006,B006-C1012,Chemicals Client 012,Chemicals & Plastics,60,110152.59,2026-09-01,2026-10-31,open,,,,False,False,deteriorating_payer
INV6000352,B006,B006-C1013,Textiles Client 013,Textiles & Apparel,45,96811.89,2024-04-05,2024-05-20,closed,2024-05-20,45,0,False,False,seasonal_payer
INV6000353,B006,B006-C1013,Textiles Client 013,Textiles & Apparel,45,126927.35,2024-05-04,2024-06-18,closed,2024-07-03,60,15,False,False,seasonal_payer
INV6000354,B006,B006-C1013,Textiles Client 013,Textiles & Apparel,45,115675.98,2024-05-05,2024-06-19,closed,2024-07-03,59,14,False,False,seasonal_payer
INV6000355,B006,B006-C1013,Textiles Client 013,Textiles & Apparel,45,85261.54,2024-05-31,2024-07-15,closed,2024-07-25,55,10,False,False,seasonal_payer
INV6000356,B006,B006-C1013,Textiles Client 013,Textiles & Apparel,45,108630.7,2024-06-28,2024-08-12,closed,2024-08-25,58,13,True,False,seasonal_payer
INV6000357,B006,B006-C1013,Textiles Client 013,Textiles & Apparel,45,188975.59,2024-08-06,2024-09-20,closed,2024-09-30,55,10,False,False,seasonal_payer
INV6000358,B006,B006-C1013,Textiles Client 013,Textiles & Apparel,45,94745.65,2024-09-28,2024-11-12,closed,2024-11-28,61,16,False,False,seasonal_payer
INV6000359,B006,B006-C1013,Textiles Client 013,Textiles & Apparel,45,116550.79,2024-10-17,2024-12-01,open,,,,False,False,seasonal_payer
INV6000360,B006,B006-C1013,Textiles Client 013,Textiles & Apparel,45,129991.24,2024-10-17,2024-12-01,closed,2024-12-10,54,9,False,False,seasonal_payer
INV6000361,B006,B006-C1013,Textiles Client 013,Textiles & Apparel,45,120088.35,2024-11-13,2024-12-28,closed,2024-12-27,44,-1,False,False,seasonal_payer
INV6000362,B006,B006-C1013,Textiles Client 013,Textiles & Apparel,45,119388.57,2024-12-18,2025-02-01,closed,2025-02-02,46,1,False,False,seasonal_payer
INV6000363,B006,B006-C1013,Textiles Client 013,Textiles & Apparel,45,116623.29,2025-11-20,2026-01-04,closed,2026-01-08,49,4,False,False,seasonal_payer
INV6000364,B006,B006-C1013,Textiles Client 013,Textiles & Apparel,45,140850.17,2026-01-07,2026-02-21,closed,2026-03-01,53,8,False,False,seasonal_payer
INV6000365,B006,B006-C1013,Textiles Client 013,Textiles & Apparel,45,141080.28,2026-04-13,2026-05-28,closed,2026-06-05,53,8,False,False,seasonal_payer
INV6000366,B006,B006-C1013,Textiles Client 013,Textiles & Apparel,45,138139.16,2026-06-08,2026-07-23,closed,2026-08-05,58,13,False,False,seasonal_payer
INV6000367,B006,B006-C1013,Textiles Client 013,Textiles & Apparel,45,167500.07,2026-08-06,2026-09-20,disputed_open,,,,False,False,seasonal_payer
INV6000368,B006,B006-C1013,Textiles Client 013,Textiles & Apparel,45,90353.1,2026-08-11,2026-09-25,open,,,,False,False,seasonal_payer
INV6000369,B006,B006-C1014,Retail Client 014,Retail & Distribution,45,29278.24,2024-04-10,2024-05-25,closed,2024-06-23,74,29,False,False,improving_payer
INV6000370,B006,B006-C1014,Retail Client 014,Retail & Distribution,45,23252.86,2024-04-11,2024-05-26,closed,2024-06-30,80,35,False,False,improving_payer
INV6000371,B006,B006-C1014,Retail Client 014,Retail & Distribution,45,28074.86,2024-04-12,2024-05-27,closed,2024-07-15,94,49,False,False,improving_payer
INV6000372,B006,B006-C1014,Retail Client 014,Retail & Distribution,45,31816.39,2024-06-05,2024-07-20,closed,2024-08-26,82,37,False,False,improving_payer
INV6000373,B006,B006-C1014,Retail Client 014,Retail & Distribution,45,22719.28,2024-06-08,2024-07-23,closed,2024-09-07,91,46,False,False,improving_payer
INV6000374,B006,B006-C1014,Retail Client 014,Retail & Distribution,45,20538.03,2024-06-10,2024-07-25,closed,2024-08-19,70,25,False,False,improving_payer
INV6000375,B006,B006-C1014,Retail Client 014,Retail & Distribution,45,24405.18,2024-08-04,2024-09-18,closed,2024-10-19,76,31,False,False,improving_payer
INV6000376,B006,B006-C1014,Retail Client 014,Retail & Distribution,45,20807.88,2024-08-26,2024-10-10,closed,2024-11-19,85,40,False,False,improving_payer
INV6000377,B006,B006-C1014,Retail Client 014,Retail & Distribution,45,20127.53,2024-09-21,2024-11-05,closed,2024-12-06,76,31,False,False,improving_payer
INV6000378,B006,B006-C1014,Retail Client 014,Retail & Distribution,45,31010.06,2024-09-29,2024-11-13,closed,2024-11-30,62,17,False,False,improving_payer
INV6000379,B006,B006-C1014,Retail Client 014,Retail & Distribution,45,17147.22,2024-10-04,2024-11-18,closed,2024-12-14,71,26,False,False,improving_payer
INV6000380,B006,B006-C1014,Retail Client 014,Retail & Distribution,45,33332.91,2024-11-27,2025-01-11,closed,2025-02-06,71,26,False,False,improving_payer
INV6000381,B006,B006-C1014,Retail Client 014,Retail & Distribution,45,26254.63,2024-12-01,2025-01-15,closed,2025-02-01,62,17,False,False,improving_payer
INV6000382,B006,B006-C1014,Retail Client 014,Retail & Distribution,45,31418.86,2024-12-22,2025-02-05,closed,2025-03-12,80,35,False,False,improving_payer
INV6000383,B006,B006-C1014,Retail Client 014,Retail & Distribution,45,40001.72,2025-01-09,2025-02-23,closed,2025-03-13,63,18,False,False,improving_payer
INV6000384,B006,B006-C1014,Retail Client 014,Retail & Distribution,45,12233.91,2025-03-11,2025-04-25,closed,2025-05-28,78,33,False,False,improving_payer
INV6000385,B006,B006-C1014,Retail Client 014,Retail & Distribution,45,26214.65,2025-04-10,2025-05-25,closed,2025-05-28,48,3,False,False,improving_payer
INV6000386,B006,B006-C1014,Retail Client 014,Retail & Distribution,45,33184.52,2025-05-04,2025-06-18,closed,2025-07-15,72,27,False,False,improving_payer
INV6000387,B006,B006-C1014,Retail Client 014,Retail & Distribution,45,17959.77,2025-05-24,2025-07-08,closed,2025-07-25,62,17,False,False,improving_payer
INV6000388,B006,B006-C1014,Retail Client 014,Retail & Distribution,45,29273.42,2025-06-07,2025-07-22,closed,2025-08-06,60,15,False,False,improving_payer
INV6000389,B006,B006-C1014,Retail Client 014,Retail & Distribution,45,33424.86,2025-07-10,2025-08-24,closed,2025-09-13,65,20,False,False,improving_payer
INV6000390,B006,B006-C1014,Retail Client 014,Retail & Distribution,45,15455.19,2025-07-14,2025-08-28,closed,2025-09-24,72,27,False,False,improving_payer
INV6000391,B006,B006-C1014,Retail Client 014,Retail & Distribution,45,23806.52,2025-07-23,2025-09-06,closed,2025-09-25,64,19,False,False,improving_payer
INV6000392,B006,B006-C1014,Retail Client 014,Retail & Distribution,45,22081.44,2025-08-13,2025-09-27,closed,2025-10-19,67,22,False,False,improving_payer
INV6000393,B006,B006-C1014,Retail Client 014,Retail & Distribution,45,34095.96,2025-08-27,2025-10-11,closed,2025-10-24,58,13,False,False,improving_payer
INV6000394,B006,B006-C1014,Retail Client 014,Retail & Distribution,45,35867.9,2025-09-07,2025-10-22,closed,2025-11-16,70,25,False,False,improving_payer
INV6000395,B006,B006-C1014,Retail Client 014,Retail & Distribution,45,15380.1,2025-09-28,2025-11-12,closed,2025-11-10,43,-2,False,False,improving_payer
INV6000396,B006,B006-C1014,Retail Client 014,Retail & Distribution,45,27226.6,2025-10-05,2025-11-19,closed,2025-11-23,49,4,False,False,improving_payer
INV6000397,B006,B006-C1014,Retail Client 014,Retail & Distribution,45,32814.57,2025-10-26,2025-12-10,closed,2026-01-15,81,36,False,False,improving_payer
INV6000398,B006,B006-C1014,Retail Client 014,Retail & Distribution,45,24576.42,2025-11-09,2025-12-24,closed,2026-01-08,60,15,False,False,improving_payer
INV6000399,B006,B006-C1014,Retail Client 014,Retail & Distribution,45,20813.01,2025-11-14,2025-12-29,closed,2026-01-02,49,4,False,False,improving_payer
INV6000400,B006,B006-C1014,Retail Client 014,Retail & Distribution,45,27721.03,2025-11-28,2026-01-12,closed,2026-02-08,72,27,False,False,improving_payer
INV6000401,B006,B006-C1014,Retail Client 014,Retail & Distribution,45,27371.15,2025-12-07,2026-01-21,closed,2026-01-16,40,-5,False,False,improving_payer
INV6000402,B006,B006-C1014,Retail Client 014,Retail & Distribution,45,25307.82,2026-01-12,2026-02-26,closed,2026-03-16,63,18,False,False,improving_payer
INV6000403,B006,B006-C1014,Retail Client 014,Retail & Distribution,45,26688.04,2026-01-30,2026-03-16,closed,2026-03-23,52,7,False,False,improving_payer
INV6000404,B006,B006-C1014,Retail Client 014,Retail & Distribution,45,26181.71,2026-02-01,2026-03-18,closed,2026-03-22,49,4,False,False,improving_payer
INV6000405,B006,B006-C1014,Retail Client 014,Retail & Distribution,45,23112.04,2026-03-20,2026-05-04,closed,2026-04-29,40,-5,False,False,improving_payer
INV6000406,B006,B006-C1014,Retail Client 014,Retail & Distribution,45,29366.38,2026-06-18,2026-08-02,closed,2026-08-08,51,6,False,False,improving_payer
INV6000407,B006,B006-C1014,Retail Client 014,Retail & Distribution,45,16147.31,2026-08-27,2026-10-11,open,,,,False,False,improving_payer
INV6000408,B006,B006-C1015,Textiles Client 015,Textiles & Apparel,30,18489.87,2024-04-08,2024-05-08,closed,2024-05-18,40,10,False,False,cold_start
INV6000409,B006,B006-C1015,Textiles Client 015,Textiles & Apparel,30,21531.65,2024-07-17,2024-08-16,closed,2024-08-06,20,-10,False,False,cold_start
INV6000410,B006,B006-C1015,Textiles Client 015,Textiles & Apparel,30,18670.87,2025-03-02,2025-04-01,closed,2025-04-12,41,11,False,False,cold_start
INV6000411,B006,B006-C1016,Metal Client 016,Metal & Engineering,30,90146.53,2024-03-19,2024-04-18,closed,2024-04-24,36,6,False,False,average_payer
INV6000412,B006,B006-C1016,Metal Client 016,Metal & Engineering,30,190684.42,2024-03-28,2024-04-27,closed,2024-04-17,20,-10,False,False,average_payer
INV6000413,B006,B006-C1016,Metal Client 016,Metal & Engineering,30,83789.67,2024-04-03,2024-05-03,closed,2024-05-13,40,10,False,False,average_payer
INV6000414,B006,B006-C1016,Metal Client 016,Metal & Engineering,30,162299.31,2024-04-14,2024-05-14,closed,2024-05-15,31,1,False,False,average_payer
INV6000415,B006,B006-C1016,Metal Client 016,Metal & Engineering,30,89730.25,2024-04-19,2024-05-19,closed,2024-05-07,18,-12,False,False,average_payer
INV6000416,B006,B006-C1016,Metal Client 016,Metal & Engineering,30,123356.97,2024-05-05,2024-06-04,closed,2024-06-12,38,8,False,False,average_payer
INV6000417,B006,B006-C1016,Metal Client 016,Metal & Engineering,30,189389.0,2024-06-08,2024-07-08,closed,2024-07-12,34,4,False,False,average_payer
INV6000418,B006,B006-C1016,Metal Client 016,Metal & Engineering,30,212625.51,2024-06-22,2024-07-22,closed,2024-08-06,45,15,False,False,average_payer
INV6000419,B006,B006-C1016,Metal Client 016,Metal & Engineering,30,97087.6,2024-06-27,2024-07-27,closed,2024-07-27,30,0,False,False,average_payer
INV6000420,B006,B006-C1016,Metal Client 016,Metal & Engineering,30,966881.3,2024-07-07,2024-08-06,closed,2024-08-06,30,0,False,True,average_payer
INV6000421,B006,B006-C1016,Metal Client 016,Metal & Engineering,30,93100.34,2024-08-16,2024-09-15,open,,,,False,False,average_payer
INV6000422,B006,B006-C1016,Metal Client 016,Metal & Engineering,30,127083.94,2024-09-06,2024-10-06,closed,2024-10-16,40,10,False,False,average_payer
INV6000423,B006,B006-C1016,Metal Client 016,Metal & Engineering,30,100404.24,2024-10-21,2024-11-20,closed,2024-11-22,32,2,False,False,average_payer
INV6000424,B006,B006-C1016,Metal Client 016,Metal & Engineering,30,116964.06,2024-11-17,2024-12-17,closed,2024-12-13,26,-4,False,False,average_payer
INV6000425,B006,B006-C1016,Metal Client 016,Metal & Engineering,30,76240.3,2024-12-06,2025-01-05,closed,2025-01-16,41,11,False,False,average_payer
INV6000426,B006,B006-C1016,Metal Client 016,Metal & Engineering,30,92038.18,2024-12-07,2025-01-06,closed,2025-01-22,46,16,False,False,average_payer
INV6000427,B006,B006-C1016,Metal Client 016,Metal & Engineering,30,137995.97,2025-01-02,2025-02-01,closed,2025-01-28,26,-4,False,False,average_payer
INV6000428,B006,B006-C1016,Metal Client 016,Metal & Engineering,30,97314.73,2025-01-15,2025-02-14,closed,2025-02-16,32,2,False,False,average_payer
INV6000429,B006,B006-C1016,Metal Client 016,Metal & Engineering,30,79547.41,2025-02-02,2025-03-04,closed,2025-03-17,43,13,False,False,average_payer
INV6000430,B006,B006-C1016,Metal Client 016,Metal & Engineering,30,114281.64,2025-02-05,2025-03-07,closed,2025-03-12,35,5,False,False,average_payer
INV6000431,B006,B006-C1016,Metal Client 016,Metal & Engineering,30,113116.66,2025-02-12,2025-03-14,closed,2025-03-25,41,11,False,False,average_payer
INV6000432,B006,B006-C1016,Metal Client 016,Metal & Engineering,30,108334.25,2025-02-23,2025-03-25,closed,2025-04-10,46,16,False,False,average_payer
INV6000433,B006,B006-C1016,Metal Client 016,Metal & Engineering,30,76533.73,2025-04-18,2025-05-18,closed,2025-06-03,46,16,False,False,average_payer
INV6000434,B006,B006-C1016,Metal Client 016,Metal & Engineering,30,121812.89,2025-04-19,2025-05-19,closed,2025-06-02,44,14,False,False,average_payer
INV6000435,B006,B006-C1016,Metal Client 016,Metal & Engineering,30,89886.58,2025-04-24,2025-05-24,closed,2025-06-09,46,16,False,False,average_payer
INV6000436,B006,B006-C1016,Metal Client 016,Metal & Engineering,30,111540.86,2025-05-26,2025-06-25,closed,2025-06-26,31,1,False,False,average_payer
INV6000437,B006,B006-C1016,Metal Client 016,Metal & Engineering,30,90897.7,2025-05-28,2025-06-27,closed,2025-06-25,28,-2,False,False,average_payer
INV6000438,B006,B006-C1016,Metal Client 016,Metal & Engineering,30,86728.21,2025-05-30,2025-06-29,closed,2025-07-03,34,4,False,False,average_payer
INV6000439,B006,B006-C1016,Metal Client 016,Metal & Engineering,30,141789.02,2025-06-02,2025-07-02,closed,2025-06-27,25,-5,False,False,average_payer
INV6000440,B006,B006-C1016,Metal Client 016,Metal & Engineering,30,74904.78,2025-07-03,2025-08-02,closed,2025-08-16,44,14,False,False,average_payer
INV6000441,B006,B006-C1016,Metal Client 016,Metal & Engineering,30,102804.76,2025-07-08,2025-08-07,closed,2025-08-20,43,13,False,False,average_payer
INV6000442,B006,B006-C1016,Metal Client 016,Metal & Engineering,30,162790.71,2025-10-09,2025-11-08,closed,2025-11-07,29,-1,False,False,average_payer
INV6000443,B006,B006-C1016,Metal Client 016,Metal & Engineering,30,148946.96,2025-11-23,2025-12-23,closed,2025-12-31,38,8,False,False,average_payer
INV6000444,B006,B006-C1016,Metal Client 016,Metal & Engineering,30,116355.57,2025-11-29,2025-12-29,closed,2026-01-10,42,12,False,False,average_payer
INV6000445,B006,B006-C1016,Metal Client 016,Metal & Engineering,30,126283.02,2025-12-05,2026-01-04,closed,2026-01-19,45,15,False,False,average_payer
INV6000446,B006,B006-C1016,Metal Client 016,Metal & Engineering,30,129138.58,2026-01-03,2026-02-02,closed,2026-02-09,37,7,False,False,average_payer
INV6000447,B006,B006-C1016,Metal Client 016,Metal & Engineering,30,124211.29,2026-01-05,2026-02-04,closed,2026-02-23,49,19,False,False,average_payer
INV6000448,B006,B006-C1016,Metal Client 016,Metal & Engineering,30,126945.28,2026-02-02,2026-03-04,closed,2026-03-07,33,3,False,False,average_payer
INV6000449,B006,B006-C1016,Metal Client 016,Metal & Engineering,30,106800.38,2026-03-02,2026-04-01,closed,2026-04-16,45,15,False,False,average_payer
INV6000450,B006,B006-C1016,Metal Client 016,Metal & Engineering,30,125195.22,2026-04-14,2026-05-14,closed,2026-05-31,47,17,False,False,average_payer
INV6000451,B006,B006-C1016,Metal Client 016,Metal & Engineering,30,74109.51,2026-04-25,2026-05-25,closed,2026-06-04,40,10,False,False,average_payer
INV6000452,B006,B006-C1016,Metal Client 016,Metal & Engineering,30,68927.43,2026-05-01,2026-05-31,closed,2026-06-14,44,14,True,False,average_payer
INV6000453,B006,B006-C1016,Metal Client 016,Metal & Engineering,30,103467.11,2026-05-02,2026-06-01,closed,2026-06-08,37,7,False,False,average_payer
INV6000454,B006,B006-C1016,Metal Client 016,Metal & Engineering,30,97655.95,2026-05-20,2026-06-19,closed,2026-06-28,39,9,False,False,average_payer
INV6000455,B006,B006-C1016,Metal Client 016,Metal & Engineering,30,102985.59,2026-05-27,2026-06-26,closed,2026-07-01,35,5,False,False,average_payer
INV6000456,B006,B006-C1016,Metal Client 016,Metal & Engineering,30,115907.08,2026-05-31,2026-06-30,closed,2026-07-09,39,9,False,False,average_payer
INV6000457,B006,B006-C1016,Metal Client 016,Metal & Engineering,30,90594.23,2026-06-05,2026-07-05,closed,2026-07-05,30,0,False,False,average_payer
INV6000458,B006,B006-C1016,Metal Client 016,Metal & Engineering,30,136787.94,2026-06-14,2026-07-14,closed,2026-07-18,34,4,False,False,average_payer
INV6000459,B006,B006-C1016,Metal Client 016,Metal & Engineering,30,91067.54,2026-06-17,2026-07-17,closed,2026-07-18,31,1,False,False,average_payer
INV6000460,B006,B006-C1016,Metal Client 016,Metal & Engineering,30,99759.78,2026-06-22,2026-07-22,closed,2026-08-02,41,11,False,False,average_payer
INV6000461,B006,B006-C1016,Metal Client 016,Metal & Engineering,30,105413.81,2026-07-05,2026-08-04,closed,2026-08-10,36,6,False,False,average_payer
INV6000462,B006,B006-C1016,Metal Client 016,Metal & Engineering,30,92421.88,2026-07-18,2026-08-17,closed,2026-08-23,36,6,False,False,average_payer
INV6000463,B006,B006-C1016,Metal Client 016,Metal & Engineering,30,88375.35,2026-07-27,2026-08-26,closed,2026-08-19,23,-7,False,False,average_payer
INV6000464,B006,B006-C1016,Metal Client 016,Metal & Engineering,30,134427.72,2026-07-29,2026-08-28,closed,2026-09-01,34,4,False,False,average_payer
INV6000465,B006,B006-C1017,Chemicals Client 017,Chemicals & Plastics,15,156606.99,2024-04-10,2024-04-25,closed,2024-05-02,22,7,False,False,deteriorating_payer
INV6000466,B006,B006-C1017,Chemicals Client 017,Chemicals & Plastics,15,416536.91,2024-04-28,2024-05-13,closed,2024-05-20,22,7,False,False,deteriorating_payer
INV6000467,B006,B006-C1017,Chemicals Client 017,Chemicals & Plastics,15,113985.9,2024-04-29,2024-05-14,closed,2024-05-14,15,0,False,False,deteriorating_payer
INV6000468,B006,B006-C1017,Chemicals Client 017,Chemicals & Plastics,15,238093.21,2024-05-17,2024-06-01,closed,2024-05-30,13,-2,False,False,deteriorating_payer
INV6000469,B006,B006-C1017,Chemicals Client 017,Chemicals & Plastics,15,147621.47,2024-05-25,2024-06-09,closed,2024-06-11,17,2,False,False,deteriorating_payer
INV6000470,B006,B006-C1017,Chemicals Client 017,Chemicals & Plastics,15,229581.85,2024-06-04,2024-06-19,closed,2024-07-03,29,14,False,False,deteriorating_payer
INV6000471,B006,B006-C1017,Chemicals Client 017,Chemicals & Plastics,15,199996.03,2024-06-11,2024-06-26,closed,2024-07-03,22,7,False,False,deteriorating_payer
INV6000472,B006,B006-C1017,Chemicals Client 017,Chemicals & Plastics,15,256339.9,2024-06-26,2024-07-11,closed,2024-07-22,26,11,False,False,deteriorating_payer
INV6000473,B006,B006-C1017,Chemicals Client 017,Chemicals & Plastics,15,168418.79,2024-07-01,2024-07-16,closed,2024-08-03,33,18,False,False,deteriorating_payer
INV6000474,B006,B006-C1017,Chemicals Client 017,Chemicals & Plastics,15,220985.38,2024-07-01,2024-07-16,closed,2024-08-15,45,30,False,False,deteriorating_payer
INV6000475,B006,B006-C1017,Chemicals Client 017,Chemicals & Plastics,15,260977.11,2024-08-10,2024-08-25,closed,2024-09-09,30,15,False,False,deteriorating_payer
INV6000476,B006,B006-C1017,Chemicals Client 017,Chemicals & Plastics,15,887635.91,2024-08-30,2024-09-14,closed,2024-09-27,28,13,False,True,deteriorating_payer
INV6000477,B006,B006-C1017,Chemicals Client 017,Chemicals & Plastics,15,249066.49,2024-09-13,2024-09-28,closed,2024-10-07,24,9,False,False,deteriorating_payer
INV6000478,B006,B006-C1017,Chemicals Client 017,Chemicals & Plastics,15,172142.29,2024-11-28,2024-12-13,closed,2024-12-25,27,12,False,False,deteriorating_payer
INV6000479,B006,B006-C1017,Chemicals Client 017,Chemicals & Plastics,15,198612.58,2024-12-13,2024-12-28,closed,2025-01-17,35,20,False,False,deteriorating_payer
INV6000480,B006,B006-C1017,Chemicals Client 017,Chemicals & Plastics,15,183808.33,2024-12-18,2025-01-02,closed,2025-01-19,32,17,False,False,deteriorating_payer
INV6000481,B006,B006-C1017,Chemicals Client 017,Chemicals & Plastics,15,222484.96,2024-12-19,2025-01-03,closed,2025-01-25,37,22,False,False,deteriorating_payer
INV6000482,B006,B006-C1017,Chemicals Client 017,Chemicals & Plastics,15,240479.83,2025-01-01,2025-01-16,closed,2025-02-13,43,28,False,False,deteriorating_payer
INV6000483,B006,B006-C1017,Chemicals Client 017,Chemicals & Plastics,15,265599.09,2025-01-22,2025-02-06,closed,2025-02-04,13,-2,False,False,deteriorating_payer
INV6000484,B006,B006-C1017,Chemicals Client 017,Chemicals & Plastics,15,199378.99,2025-02-02,2025-02-17,closed,2025-03-14,40,25,False,False,deteriorating_payer
INV6000485,B006,B006-C1017,Chemicals Client 017,Chemicals & Plastics,15,173524.65,2025-02-04,2025-02-19,closed,2025-03-08,32,17,False,False,deteriorating_payer
INV6000486,B006,B006-C1017,Chemicals Client 017,Chemicals & Plastics,15,201815.28,2025-03-10,2025-03-25,closed,2025-04-14,35,20,False,False,deteriorating_payer
INV6000487,B006,B006-C1017,Chemicals Client 017,Chemicals & Plastics,15,196571.64,2025-03-13,2025-03-28,closed,2025-04-12,30,15,False,False,deteriorating_payer
INV6000488,B006,B006-C1017,Chemicals Client 017,Chemicals & Plastics,15,373385.87,2025-04-07,2025-04-22,closed,2025-05-20,43,28,False,False,deteriorating_payer
INV6000489,B006,B006-C1017,Chemicals Client 017,Chemicals & Plastics,15,135066.86,2025-04-13,2025-04-28,closed,2025-05-21,38,23,False,False,deteriorating_payer
INV6000490,B006,B006-C1017,Chemicals Client 017,Chemicals & Plastics,15,194542.38,2025-04-26,2025-05-11,closed,2025-05-12,16,1,False,False,deteriorating_payer
INV6000491,B006,B006-C1017,Chemicals Client 017,Chemicals & Plastics,15,140209.6,2025-04-28,2025-05-13,closed,2025-06-12,45,30,False,False,deteriorating_payer
INV6000492,B006,B006-C1017,Chemicals Client 017,Chemicals & Plastics,15,196769.22,2025-05-30,2025-06-14,closed,2025-07-14,45,30,False,False,deteriorating_payer
INV6000493,B006,B006-C1017,Chemicals Client 017,Chemicals & Plastics,15,138611.44,2025-06-17,2025-07-02,closed,2025-08-05,49,34,False,False,deteriorating_payer
INV6000494,B006,B006-C1017,Chemicals Client 017,Chemicals & Plastics,15,128210.17,2025-06-24,2025-07-09,closed,2025-07-21,27,12,False,False,deteriorating_payer
INV6000495,B006,B006-C1017,Chemicals Client 017,Chemicals & Plastics,15,97239.42,2025-07-19,2025-08-03,closed,2025-08-22,34,19,False,False,deteriorating_payer
INV6000496,B006,B006-C1017,Chemicals Client 017,Chemicals & Plastics,15,132042.46,2025-08-23,2025-09-07,closed,2025-09-26,34,19,False,False,deteriorating_payer
INV6000497,B006,B006-C1017,Chemicals Client 017,Chemicals & Plastics,15,401041.69,2025-08-25,2025-09-09,closed,2025-09-15,21,6,False,False,deteriorating_payer
INV6000498,B006,B006-C1017,Chemicals Client 017,Chemicals & Plastics,15,111386.28,2025-10-22,2025-11-06,closed,2025-11-22,31,16,False,False,deteriorating_payer
INV6000499,B006,B006-C1017,Chemicals Client 017,Chemicals & Plastics,15,991099.11,2025-10-26,2025-11-10,closed,2025-11-12,17,2,False,True,deteriorating_payer
INV6000500,B006,B006-C1017,Chemicals Client 017,Chemicals & Plastics,15,157903.6,2025-11-01,2025-11-16,closed,2025-12-17,46,31,False,False,deteriorating_payer
INV6000501,B006,B006-C1017,Chemicals Client 017,Chemicals & Plastics,15,197587.21,2025-11-02,2025-11-17,closed,2025-12-14,42,27,False,False,deteriorating_payer
INV6000502,B006,B006-C1017,Chemicals Client 017,Chemicals & Plastics,15,202525.4,2025-12-02,2025-12-17,closed,2026-01-23,52,37,False,False,deteriorating_payer
INV6000503,B006,B006-C1017,Chemicals Client 017,Chemicals & Plastics,15,234330.97,2026-01-08,2026-01-23,closed,2026-03-02,53,38,False,False,deteriorating_payer
INV6000504,B006,B006-C1017,Chemicals Client 017,Chemicals & Plastics,15,1073819.79,2026-01-31,2026-02-15,closed,2026-03-30,58,43,False,True,deteriorating_payer
INV6000505,B006,B006-C1017,Chemicals Client 017,Chemicals & Plastics,15,197516.75,2026-02-01,2026-02-16,closed,2026-03-30,57,42,False,False,deteriorating_payer
INV6000506,B006,B006-C1017,Chemicals Client 017,Chemicals & Plastics,15,394629.45,2026-03-03,2026-03-18,closed,2026-04-22,50,35,False,False,deteriorating_payer
INV6000507,B006,B006-C1017,Chemicals Client 017,Chemicals & Plastics,15,246317.36,2026-03-07,2026-03-22,closed,2026-04-26,50,35,False,False,deteriorating_payer
INV6000508,B006,B006-C1017,Chemicals Client 017,Chemicals & Plastics,15,230848.21,2026-03-20,2026-04-04,open,,,,False,False,deteriorating_payer
INV6000509,B006,B006-C1017,Chemicals Client 017,Chemicals & Plastics,15,128438.77,2026-03-28,2026-04-12,closed,2026-05-22,55,40,False,False,deteriorating_payer
INV6000510,B006,B006-C1017,Chemicals Client 017,Chemicals & Plastics,15,861592.84,2026-04-23,2026-05-08,closed,2026-05-18,25,10,False,True,deteriorating_payer
INV6000511,B006,B006-C1017,Chemicals Client 017,Chemicals & Plastics,15,164387.68,2026-06-04,2026-06-19,closed,2026-08-10,67,52,False,False,deteriorating_payer
INV6000512,B006,B006-C1017,Chemicals Client 017,Chemicals & Plastics,15,192548.45,2026-07-14,2026-07-29,closed,2026-08-19,36,21,False,False,deteriorating_payer
INV6000513,B006,B006-C1017,Chemicals Client 017,Chemicals & Plastics,15,225331.54,2026-08-16,2026-08-31,open,,,,False,False,deteriorating_payer
INV6000514,B006,B006-C1018,Pharma Client 018,Pharma & Healthcare,45,647087.4,2024-03-23,2024-05-07,closed,2024-05-12,50,5,False,True,prompt_payer
INV6000515,B006,B006-C1018,Pharma Client 018,Pharma & Healthcare,45,146237.27,2024-03-29,2024-05-13,closed,2024-05-13,45,0,False,False,prompt_payer
INV6000516,B006,B006-C1018,Pharma Client 018,Pharma & Healthcare,45,194759.62,2024-04-11,2024-05-26,closed,2024-05-24,43,-2,False,False,prompt_payer
INV6000517,B006,B006-C1018,Pharma Client 018,Pharma & Healthcare,45,234776.91,2024-05-20,2024-07-04,closed,2024-07-04,45,0,False,False,prompt_payer
INV6000518,B006,B006-C1018,Pharma Client 018,Pharma & Healthcare,45,138267.31,2024-05-24,2024-07-08,closed,2024-07-08,45,0,False,False,prompt_payer
INV6000519,B006,B006-C1018,Pharma Client 018,Pharma & Healthcare,45,155607.84,2024-06-22,2024-08-06,closed,2024-08-08,47,2,False,False,prompt_payer
INV6000520,B006,B006-C1018,Pharma Client 018,Pharma & Healthcare,45,188152.11,2024-06-24,2024-08-08,closed,2024-08-10,47,2,False,False,prompt_payer
INV6000521,B006,B006-C1018,Pharma Client 018,Pharma & Healthcare,45,99847.56,2024-07-09,2024-08-23,closed,2024-08-27,49,4,False,False,prompt_payer
INV6000522,B006,B006-C1018,Pharma Client 018,Pharma & Healthcare,45,197316.58,2024-07-26,2024-09-09,closed,2024-09-04,40,-5,False,False,prompt_payer
INV6000523,B006,B006-C1018,Pharma Client 018,Pharma & Healthcare,45,162625.68,2024-08-03,2024-09-17,closed,2024-09-16,44,-1,False,False,prompt_payer
INV6000524,B006,B006-C1018,Pharma Client 018,Pharma & Healthcare,45,122183.77,2024-09-28,2024-11-12,closed,2024-11-11,44,-1,False,False,prompt_payer
INV6000525,B006,B006-C1018,Pharma Client 018,Pharma & Healthcare,45,230730.77,2024-11-12,2024-12-27,closed,2024-12-25,43,-2,False,False,prompt_payer
INV6000526,B006,B006-C1018,Pharma Client 018,Pharma & Healthcare,45,130432.28,2024-11-12,2024-12-27,closed,2025-01-02,51,6,False,False,prompt_payer
INV6000527,B006,B006-C1018,Pharma Client 018,Pharma & Healthcare,45,195563.64,2024-11-25,2025-01-09,closed,2025-01-10,46,1,False,False,prompt_payer
INV6000528,B006,B006-C1018,Pharma Client 018,Pharma & Healthcare,45,245607.25,2024-12-30,2025-02-13,closed,2025-02-14,46,1,False,False,prompt_payer
INV6000529,B006,B006-C1018,Pharma Client 018,Pharma & Healthcare,45,162776.05,2025-01-14,2025-02-28,closed,2025-03-01,46,1,False,False,prompt_payer
INV6000530,B006,B006-C1018,Pharma Client 018,Pharma & Healthcare,45,119101.74,2025-02-04,2025-03-21,closed,2025-03-16,40,-5,False,False,prompt_payer
INV6000531,B006,B006-C1018,Pharma Client 018,Pharma & Healthcare,45,144752.25,2025-04-28,2025-06-12,closed,2025-06-16,49,4,False,False,prompt_payer
INV6000532,B006,B006-C1018,Pharma Client 018,Pharma & Healthcare,45,152877.12,2025-06-05,2025-07-20,closed,2025-07-21,46,1,False,False,prompt_payer
INV6000533,B006,B006-C1018,Pharma Client 018,Pharma & Healthcare,45,138981.29,2025-06-08,2025-07-23,closed,2025-07-26,48,3,True,False,prompt_payer
INV6000534,B006,B006-C1018,Pharma Client 018,Pharma & Healthcare,45,180510.52,2025-06-08,2025-07-23,closed,2025-07-18,40,-5,False,False,prompt_payer
INV6000535,B006,B006-C1018,Pharma Client 018,Pharma & Healthcare,45,302445.86,2025-06-17,2025-08-01,closed,2025-08-02,46,1,False,False,prompt_payer
INV6000536,B006,B006-C1018,Pharma Client 018,Pharma & Healthcare,45,422427.44,2025-06-18,2025-08-02,closed,2025-08-02,45,0,False,False,prompt_payer
INV6000537,B006,B006-C1018,Pharma Client 018,Pharma & Healthcare,45,202812.15,2025-07-06,2025-08-20,closed,2025-08-18,43,-2,False,False,prompt_payer
INV6000538,B006,B006-C1018,Pharma Client 018,Pharma & Healthcare,45,151444.78,2025-07-17,2025-08-31,closed,2025-09-10,55,10,False,False,prompt_payer
INV6000539,B006,B006-C1018,Pharma Client 018,Pharma & Healthcare,45,244353.26,2025-08-25,2025-10-09,closed,2025-10-09,45,0,False,False,prompt_payer
INV6000540,B006,B006-C1018,Pharma Client 018,Pharma & Healthcare,45,191497.4,2025-08-28,2025-10-12,closed,2025-10-16,49,4,False,False,prompt_payer
INV6000541,B006,B006-C1018,Pharma Client 018,Pharma & Healthcare,45,283344.81,2025-09-05,2025-10-20,closed,2025-10-13,38,-7,False,False,prompt_payer
INV6000542,B006,B006-C1018,Pharma Client 018,Pharma & Healthcare,45,115917.88,2025-09-22,2025-11-06,closed,2025-11-08,47,2,False,False,prompt_payer
INV6000543,B006,B006-C1018,Pharma Client 018,Pharma & Healthcare,45,171996.25,2025-10-07,2025-11-21,closed,2025-11-20,44,-1,False,False,prompt_payer
INV6000544,B006,B006-C1018,Pharma Client 018,Pharma & Healthcare,45,234067.34,2025-11-28,2026-01-12,closed,2026-01-11,44,-1,False,False,prompt_payer
INV6000545,B006,B006-C1018,Pharma Client 018,Pharma & Healthcare,45,131803.41,2026-01-10,2026-02-24,closed,2026-02-28,49,4,False,False,prompt_payer
INV6000546,B006,B006-C1018,Pharma Client 018,Pharma & Healthcare,45,157249.56,2026-01-14,2026-02-28,closed,2026-02-25,42,-3,False,False,prompt_payer
INV6000547,B006,B006-C1018,Pharma Client 018,Pharma & Healthcare,45,152570.27,2026-01-22,2026-03-08,closed,2026-03-07,44,-1,False,False,prompt_payer
INV6000548,B006,B006-C1018,Pharma Client 018,Pharma & Healthcare,45,247579.55,2026-02-03,2026-03-20,closed,2026-03-18,43,-2,False,False,prompt_payer
INV6000549,B006,B006-C1018,Pharma Client 018,Pharma & Healthcare,45,105977.17,2026-03-10,2026-04-24,closed,2026-05-01,52,7,False,False,prompt_payer
INV6000550,B006,B006-C1018,Pharma Client 018,Pharma & Healthcare,45,265318.21,2026-05-17,2026-07-01,closed,2026-07-05,49,4,False,False,prompt_payer
INV6000551,B006,B006-C1018,Pharma Client 018,Pharma & Healthcare,45,158709.37,2026-05-21,2026-07-05,closed,2026-07-03,43,-2,False,False,prompt_payer
INV6000552,B006,B006-C1018,Pharma Client 018,Pharma & Healthcare,45,202817.14,2026-06-17,2026-08-01,closed,2026-07-27,40,-5,False,False,prompt_payer
INV6000553,B006,B006-C1018,Pharma Client 018,Pharma & Healthcare,45,319696.23,2026-07-29,2026-09-12,open,,,,False,False,prompt_payer
INV6000554,B006,B006-C1018,Pharma Client 018,Pharma & Healthcare,45,165088.44,2026-08-12,2026-09-26,open,,,,False,False,prompt_payer
INV6000555,B006,B006-C1018,Pharma Client 018,Pharma & Healthcare,45,212119.8,2026-08-31,2026-10-15,open,,,,False,False,prompt_payer
INV6000556,B006,B006-C1019,Textiles Client 019,Textiles & Apparel,30,59077.42,2024-03-28,2024-04-27,closed,2024-05-03,36,6,False,False,erratic_payer
INV6000557,B006,B006-C1019,Textiles Client 019,Textiles & Apparel,30,38716.25,2024-05-08,2024-06-07,closed,2024-06-15,38,8,False,False,erratic_payer
INV6000558,B006,B006-C1019,Textiles Client 019,Textiles & Apparel,30,62362.38,2024-06-14,2024-07-14,closed,2024-06-17,3,-27,False,False,erratic_payer
INV6000559,B006,B006-C1019,Textiles Client 019,Textiles & Apparel,30,62623.52,2024-07-20,2024-08-19,closed,2024-11-01,104,74,False,False,erratic_payer
INV6000560,B006,B006-C1019,Textiles Client 019,Textiles & Apparel,30,101698.06,2024-07-28,2024-08-27,closed,2024-08-24,27,-3,False,True,erratic_payer
INV6000561,B006,B006-C1019,Textiles Client 019,Textiles & Apparel,30,44322.51,2024-09-08,2024-10-08,closed,2024-09-26,18,-12,False,False,erratic_payer
INV6000562,B006,B006-C1019,Textiles Client 019,Textiles & Apparel,30,49919.84,2024-09-21,2024-10-21,closed,2024-10-31,40,10,False,False,erratic_payer
INV6000563,B006,B006-C1019,Textiles Client 019,Textiles & Apparel,30,51469.74,2025-02-09,2025-03-11,closed,2025-03-18,37,7,False,False,erratic_payer
INV6000564,B006,B006-C1019,Textiles Client 019,Textiles & Apparel,30,95981.99,2025-02-12,2025-03-14,closed,2025-03-04,20,-10,False,False,erratic_payer
INV6000565,B006,B006-C1019,Textiles Client 019,Textiles & Apparel,30,127359.04,2025-02-12,2025-03-14,closed,2025-03-10,26,-4,False,True,erratic_payer
INV6000566,B006,B006-C1019,Textiles Client 019,Textiles & Apparel,30,39981.62,2025-03-03,2025-04-02,closed,2025-06-13,102,72,False,False,erratic_payer
INV6000567,B006,B006-C1019,Textiles Client 019,Textiles & Apparel,30,57691.37,2025-03-21,2025-04-20,closed,2025-04-27,37,7,False,False,erratic_payer
INV6000568,B006,B006-C1019,Textiles Client 019,Textiles & Apparel,30,50627.22,2025-03-27,2025-04-26,closed,2025-08-16,142,112,False,False,erratic_payer
INV6000569,B006,B006-C1019,Textiles Client 019,Textiles & Apparel,30,38062.75,2025-04-17,2025-05-17,closed,2025-06-02,46,16,False,False,erratic_payer
INV6000570,B006,B006-C1019,Textiles Client 019,Textiles & Apparel,30,45880.79,2025-04-21,2025-05-21,closed,2025-06-03,43,13,False,False,erratic_payer
INV6000571,B006,B006-C1019,Textiles Client 019,Textiles & Apparel,30,68465.78,2025-04-21,2025-05-21,closed,2025-05-29,38,8,False,False,erratic_payer
INV6000572,B006,B006-C1019,Textiles Client 019,Textiles & Apparel,30,37482.68,2025-05-15,2025-06-14,closed,2025-07-04,50,20,False,False,erratic_payer
INV6000573,B006,B006-C1019,Textiles Client 019,Textiles & Apparel,30,64297.25,2025-05-28,2025-06-27,closed,2025-08-02,66,36,False,False,erratic_payer
INV6000574,B006,B006-C1019,Textiles Client 019,Textiles & Apparel,30,31466.79,2025-07-27,2025-08-26,closed,2025-08-26,30,0,False,False,erratic_payer
INV6000575,B006,B006-C1019,Textiles Client 019,Textiles & Apparel,30,76288.62,2025-07-30,2025-08-29,closed,2025-08-31,32,2,False,False,erratic_payer
INV6000576,B006,B006-C1019,Textiles Client 019,Textiles & Apparel,30,31227.56,2025-08-05,2025-09-04,closed,2025-09-15,41,11,False,False,erratic_payer
INV6000577,B006,B006-C1019,Textiles Client 019,Textiles & Apparel,30,269791.56,2025-09-15,2025-10-15,closed,2025-11-01,47,17,False,True,erratic_payer
INV6000578,B006,B006-C1019,Textiles Client 019,Textiles & Apparel,30,46606.22,2025-09-24,2025-10-24,closed,2025-11-06,43,13,False,False,erratic_payer
INV6000579,B006,B006-C1019,Textiles Client 019,Textiles & Apparel,30,29461.79,2025-12-02,2026-01-01,closed,2025-12-15,13,-17,False,False,erratic_payer
INV6000580,B006,B006-C1019,Textiles Client 019,Textiles & Apparel,30,50855.3,2025-12-09,2026-01-08,closed,2026-01-29,51,21,False,False,erratic_payer
INV6000581,B006,B006-C1019,Textiles Client 019,Textiles & Apparel,30,721788.2,2026-01-21,2026-02-20,closed,2026-03-02,40,10,False,True,erratic_payer
INV6000582,B006,B006-C1019,Textiles Client 019,Textiles & Apparel,30,62491.77,2026-02-05,2026-03-07,closed,2026-03-01,24,-6,False,False,erratic_payer
INV6000583,B006,B006-C1019,Textiles Client 019,Textiles & Apparel,30,45674.43,2026-02-24,2026-03-26,closed,2026-04-16,51,21,False,False,erratic_payer
INV6000584,B006,B006-C1019,Textiles Client 019,Textiles & Apparel,30,35691.96,2026-03-04,2026-04-03,closed,2026-04-13,40,10,False,False,erratic_payer
INV6000585,B006,B006-C1019,Textiles Client 019,Textiles & Apparel,30,51694.55,2026-03-07,2026-04-06,closed,2026-04-15,39,9,False,False,erratic_payer
INV6000586,B006,B006-C1019,Textiles Client 019,Textiles & Apparel,30,43398.45,2026-03-26,2026-04-25,closed,2026-04-28,33,3,False,False,erratic_payer
INV6000587,B006,B006-C1019,Textiles Client 019,Textiles & Apparel,30,39082.98,2026-03-31,2026-04-30,closed,2026-07-15,106,76,False,False,erratic_payer
INV6000588,B006,B006-C1019,Textiles Client 019,Textiles & Apparel,30,32852.33,2026-04-10,2026-05-10,closed,2026-05-15,35,5,False,False,erratic_payer
INV6000589,B006,B006-C1019,Textiles Client 019,Textiles & Apparel,30,69755.33,2026-04-27,2026-05-27,closed,2026-06-04,38,8,False,False,erratic_payer
INV6000590,B006,B006-C1019,Textiles Client 019,Textiles & Apparel,30,46528.6,2026-07-01,2026-07-31,closed,2026-08-02,32,2,False,False,erratic_payer
INV6000591,B006,B006-C1019,Textiles Client 019,Textiles & Apparel,30,28135.81,2026-07-10,2026-08-09,closed,2026-08-02,23,-7,False,False,erratic_payer
INV6000592,B006,B006-C1019,Textiles Client 019,Textiles & Apparel,30,32582.81,2026-07-13,2026-08-12,closed,2026-08-20,38,8,False,False,erratic_payer
INV6000593,B006,B006-C1019,Textiles Client 019,Textiles & Apparel,30,50980.81,2026-08-30,2026-09-29,open,,,,False,False,erratic_payer
INV6000594,B006,B006-C1020,Textiles Client 020,Textiles & Apparel,60,1006373.13,2024-05-31,2024-07-30,closed,2024-07-31,61,1,False,True,seasonal_payer
INV6000595,B006,B006-C1020,Textiles Client 020,Textiles & Apparel,60,356530.94,2024-06-15,2024-08-14,closed,2024-08-22,68,8,False,False,seasonal_payer
INV6000596,B006,B006-C1020,Textiles Client 020,Textiles & Apparel,60,341948.44,2024-07-17,2024-09-15,closed,2024-10-04,79,19,False,False,seasonal_payer
INV6000597,B006,B006-C1020,Textiles Client 020,Textiles & Apparel,60,373525.6,2024-08-19,2024-10-18,closed,2024-10-26,68,8,False,False,seasonal_payer
INV6000598,B006,B006-C1020,Textiles Client 020,Textiles & Apparel,60,248905.85,2024-09-15,2024-11-14,closed,2024-11-21,67,7,False,False,seasonal_payer
INV6000599,B006,B006-C1020,Textiles Client 020,Textiles & Apparel,60,284437.65,2024-12-02,2025-01-31,closed,2025-02-16,76,16,False,False,seasonal_payer
INV6000600,B006,B006-C1020,Textiles Client 020,Textiles & Apparel,60,205448.83,2024-12-05,2025-02-03,closed,2025-03-04,89,29,False,False,seasonal_payer
INV6000601,B006,B006-C1020,Textiles Client 020,Textiles & Apparel,60,299425.44,2024-12-26,2025-02-24,closed,2025-03-09,73,13,False,False,seasonal_payer
INV6000602,B006,B006-C1020,Textiles Client 020,Textiles & Apparel,60,288559.85,2025-02-12,2025-04-13,closed,2025-04-20,67,7,False,False,seasonal_payer
INV6000603,B006,B006-C1020,Textiles Client 020,Textiles & Apparel,60,369793.82,2025-02-18,2025-04-19,closed,2025-04-22,63,3,False,False,seasonal_payer
INV6000604,B006,B006-C1020,Textiles Client 020,Textiles & Apparel,60,316168.27,2025-04-08,2025-06-07,closed,2025-06-12,65,5,False,False,seasonal_payer
INV6000605,B006,B006-C1020,Textiles Client 020,Textiles & Apparel,60,404379.73,2025-05-01,2025-06-30,closed,2025-07-02,62,2,False,False,seasonal_payer
INV6000606,B006,B006-C1020,Textiles Client 020,Textiles & Apparel,60,422596.57,2025-05-14,2025-07-13,closed,2025-07-17,64,4,False,False,seasonal_payer
INV6000607,B006,B006-C1020,Textiles Client 020,Textiles & Apparel,60,326819.04,2025-06-03,2025-08-02,closed,2025-08-07,65,5,False,False,seasonal_payer
INV6000608,B006,B006-C1020,Textiles Client 020,Textiles & Apparel,60,449875.36,2025-08-13,2025-10-12,closed,2025-10-24,72,12,False,False,seasonal_payer
INV6000609,B006,B006-C1020,Textiles Client 020,Textiles & Apparel,60,374080.38,2025-08-21,2025-10-20,closed,2025-11-03,74,14,False,False,seasonal_payer
INV6000610,B006,B006-C1020,Textiles Client 020,Textiles & Apparel,60,469837.07,2025-10-03,2025-12-02,closed,2025-12-15,73,13,False,False,seasonal_payer
INV6000611,B006,B006-C1020,Textiles Client 020,Textiles & Apparel,60,440634.28,2025-11-07,2026-01-06,closed,2026-01-26,80,20,False,False,seasonal_payer
INV6000612,B006,B006-C1020,Textiles Client 020,Textiles & Apparel,60,252093.57,2025-12-07,2026-02-05,closed,2026-02-10,65,5,False,False,seasonal_payer
INV6000613,B006,B006-C1020,Textiles Client 020,Textiles & Apparel,60,209197.3,2026-02-25,2026-04-26,closed,2026-05-17,81,21,False,False,seasonal_payer
INV6000614,B006,B006-C1020,Textiles Client 020,Textiles & Apparel,60,343912.9,2026-04-14,2026-06-13,closed,2026-06-27,74,14,False,False,seasonal_payer
INV6000615,B006,B006-C1020,Textiles Client 020,Textiles & Apparel,60,319296.59,2026-04-28,2026-06-27,closed,2026-06-29,62,2,True,False,seasonal_payer
INV6000616,B006,B006-C1020,Textiles Client 020,Textiles & Apparel,60,345368.09,2026-05-31,2026-07-30,closed,2026-07-29,59,-1,False,False,seasonal_payer
INV6000617,B006,B006-C1020,Textiles Client 020,Textiles & Apparel,60,430652.3,2026-08-11,2026-10-10,disputed_open,,,,False,False,seasonal_payer
INV6000618,B006,B006-C1021,IT Client 021,IT & Business Services,30,126287.14,2024-04-03,2024-05-03,closed,2024-06-01,59,29,False,False,improving_payer
INV6000619,B006,B006-C1021,IT Client 021,IT & Business Services,30,63344.78,2024-05-05,2024-06-04,closed,2024-07-23,79,49,False,False,improving_payer
INV6000620,B006,B006-C1021,IT Client 021,IT & Business Services,30,63900.69,2024-05-08,2024-06-07,closed,2024-07-05,58,28,False,False,improving_payer
INV6000621,B006,B006-C1021,IT Client 021,IT & Business Services,30,103800.8,2024-06-15,2024-07-15,closed,2024-08-17,63,33,False,False,improving_payer
INV6000622,B006,B006-C1021,IT Client 021,IT & Business Services,30,107585.9,2024-06-20,2024-07-20,closed,2024-08-20,61,31,False,False,improving_payer
INV6000623,B006,B006-C1021,IT Client 021,IT & Business Services,30,61830.11,2024-06-22,2024-07-22,closed,2024-08-28,67,37,False,False,improving_payer
INV6000624,B006,B006-C1021,IT Client 021,IT & Business Services,30,59744.29,2024-06-28,2024-07-28,closed,2024-08-23,56,26,False,False,improving_payer
INV6000625,B006,B006-C1021,IT Client 021,IT & Business Services,30,70723.73,2024-07-13,2024-08-12,closed,2024-09-23,72,42,False,False,improving_payer
INV6000626,B006,B006-C1021,IT Client 021,IT & Business Services,30,70928.07,2024-09-19,2024-10-19,closed,2024-11-14,56,26,False,False,improving_payer
INV6000627,B006,B006-C1021,IT Client 021,IT & Business Services,30,90329.36,2024-12-24,2025-01-23,closed,2025-02-16,54,24,False,False,improving_payer
INV6000628,B006,B006-C1021,IT Client 021,IT & Business Services,30,62064.89,2024-12-30,2025-01-29,closed,2025-03-12,72,42,False,False,improving_payer
INV6000629,B006,B006-C1021,IT Client 021,IT & Business Services,30,62056.72,2025-01-02,2025-02-01,closed,2025-02-24,53,23,False,False,improving_payer
INV6000630,B006,B006-C1021,IT Client 021,IT & Business Services,30,45564.63,2025-02-03,2025-03-05,closed,2025-03-15,40,10,False,False,improving_payer
INV6000631,B006,B006-C1021,IT Client 021,IT & Business Services,30,124951.92,2025-04-01,2025-05-01,closed,2025-06-02,62,32,False,False,improving_payer
INV6000632,B006,B006-C1021,IT Client 021,IT & Business Services,30,74642.37,2025-04-12,2025-05-12,closed,2025-06-08,57,27,False,False,improving_payer
INV6000633,B006,B006-C1021,IT Client 021,IT & Business Services,30,286157.2,2025-04-24,2025-05-24,closed,2025-06-28,65,35,False,True,improving_payer
INV6000634,B006,B006-C1021,IT Client 021,IT & Business Services,30,75970.76,2025-05-10,2025-06-09,closed,2025-06-27,48,18,False,False,improving_payer
INV6000635,B006,B006-C1021,IT Client 021,IT & Business Services,30,47369.24,2025-06-03,2025-07-03,closed,2025-08-03,61,31,False,False,improving_payer
INV6000636,B006,B006-C1021,IT Client 021,IT & Business Services,30,261569.29,2025-07-01,2025-07-31,closed,2025-08-02,32,2,False,True,improving_payer
INV6000637,B006,B006-C1021,IT Client 021,IT & Business Services,30,69884.04,2025-07-24,2025-08-23,closed,2025-09-11,49,19,False,False,improving_payer
INV6000638,B006,B006-C1021,IT Client 021,IT & Business Services,30,81948.56,2025-08-13,2025-09-12,closed,2025-09-25,43,13,False,False,improving_payer
INV6000639,B006,B006-C1021,IT Client 021,IT & Business Services,30,90316.5,2025-09-05,2025-10-05,closed,2025-11-06,62,32,False,False,improving_payer
INV6000640,B006,B006-C1021,IT Client 021,IT & Business Services,30,164653.64,2025-09-08,2025-10-08,closed,2025-11-01,54,24,False,True,improving_payer
INV6000641,B006,B006-C1021,IT Client 021,IT & Business Services,30,83888.85,2025-09-22,2025-10-22,closed,2025-10-28,36,6,False,False,improving_payer
INV6000642,B006,B006-C1021,IT Client 021,IT & Business Services,30,115346.7,2025-09-27,2025-10-27,closed,2025-11-21,55,25,False,False,improving_payer
INV6000643,B006,B006-C1021,IT Client 021,IT & Business Services,30,71124.7,2025-10-19,2025-11-18,closed,2025-12-07,49,19,False,False,improving_payer
INV6000644,B006,B006-C1021,IT Client 021,IT & Business Services,30,55919.39,2025-10-25,2025-11-24,closed,2025-12-07,43,13,False,False,improving_payer
INV6000645,B006,B006-C1021,IT Client 021,IT & Business Services,30,58669.38,2025-11-19,2025-12-19,closed,2025-12-31,42,12,False,False,improving_payer
INV6000646,B006,B006-C1021,IT Client 021,IT & Business Services,30,99997.28,2025-12-09,2026-01-08,closed,2026-01-08,30,0,False,False,improving_payer
INV6000647,B006,B006-C1021,IT Client 021,IT & Business Services,30,78888.22,2025-12-30,2026-01-29,closed,2026-02-01,33,3,False,False,improving_payer
INV6000648,B006,B006-C1021,IT Client 021,IT & Business Services,30,106637.53,2026-01-04,2026-02-03,open,,,,False,False,improving_payer
INV6000649,B006,B006-C1021,IT Client 021,IT & Business Services,30,54726.85,2026-01-17,2026-02-16,closed,2026-03-05,47,17,False,False,improving_payer
INV6000650,B006,B006-C1021,IT Client 021,IT & Business Services,30,65952.9,2026-04-03,2026-05-03,closed,2026-05-21,48,18,False,False,improving_payer
INV6000651,B006,B006-C1021,IT Client 021,IT & Business Services,30,103440.92,2026-04-04,2026-05-04,closed,2026-04-29,25,-5,False,False,improving_payer
INV6000652,B006,B006-C1021,IT Client 021,IT & Business Services,30,116499.94,2026-05-14,2026-06-13,closed,2026-06-08,25,-5,False,False,improving_payer
INV6000653,B006,B006-C1021,IT Client 021,IT & Business Services,30,60890.34,2026-05-18,2026-06-17,closed,2026-07-02,45,15,False,False,improving_payer
INV6000654,B006,B006-C1021,IT Client 021,IT & Business Services,30,108204.15,2026-06-11,2026-07-11,closed,2026-07-18,37,7,False,False,improving_payer
INV6000655,B006,B006-C1021,IT Client 021,IT & Business Services,30,57960.55,2026-06-27,2026-07-27,closed,2026-07-30,33,3,False,False,improving_payer
INV6000656,B006,B006-C1021,IT Client 021,IT & Business Services,30,93924.45,2026-07-15,2026-08-14,closed,2026-08-11,27,-3,False,False,improving_payer
INV6000657,B006,B006-C1021,IT Client 021,IT & Business Services,30,105170.81,2026-07-18,2026-08-17,closed,2026-08-16,29,-1,False,False,improving_payer
INV6000658,B006,B006-C1022,Pharma Client 022,Pharma & Healthcare,30,176396.64,2024-03-30,2024-04-29,closed,2024-05-08,39,9,False,False,deteriorating_payer
INV6000659,B006,B006-C1022,Pharma Client 022,Pharma & Healthcare,30,241459.56,2024-04-30,2024-05-30,closed,2024-05-28,28,-2,False,False,deteriorating_payer
INV6000660,B006,B006-C1022,Pharma Client 022,Pharma & Healthcare,30,361742.25,2024-06-02,2024-07-02,closed,2024-06-30,28,-2,False,True,deteriorating_payer
INV6000661,B006,B006-C1022,Pharma Client 022,Pharma & Healthcare,30,84660.55,2024-09-22,2024-10-22,closed,2024-10-20,28,-2,False,False,deteriorating_payer
INV6000662,B006,B006-C1022,Pharma Client 022,Pharma & Healthcare,30,139899.58,2024-10-20,2024-11-19,closed,2024-12-22,63,33,False,False,deteriorating_payer
INV6000663,B006,B006-C1022,Pharma Client 022,Pharma & Healthcare,30,74770.13,2024-12-26,2025-01-25,closed,2025-01-26,31,1,False,False,deteriorating_payer
INV6000664,B006,B006-C1022,Pharma Client 022,Pharma & Healthcare,30,148350.85,2025-01-18,2025-02-17,closed,2025-04-02,74,44,False,False,deteriorating_payer
INV6000665,B006,B006-C1022,Pharma Client 022,Pharma & Healthcare,30,140388.95,2025-02-02,2025-03-04,closed,2025-03-15,41,11,False,False,deteriorating_payer
INV6000666,B006,B006-C1022,Pharma Client 022,Pharma & Healthcare,30,242252.32,2025-02-18,2025-03-20,closed,2025-03-25,35,5,False,False,deteriorating_payer
INV6000667,B006,B006-C1022,Pharma Client 022,Pharma & Healthcare,30,82517.77,2025-02-27,2025-03-29,closed,2025-04-18,50,20,False,False,deteriorating_payer
INV6000668,B006,B006-C1022,Pharma Client 022,Pharma & Healthcare,30,93625.29,2025-03-30,2025-04-29,closed,2025-05-14,45,15,False,False,deteriorating_payer
INV6000669,B006,B006-C1022,Pharma Client 022,Pharma & Healthcare,30,74817.7,2025-05-09,2025-06-08,closed,2025-07-07,59,29,False,False,deteriorating_payer
INV6000670,B006,B006-C1022,Pharma Client 022,Pharma & Healthcare,30,133726.88,2025-06-04,2025-07-04,closed,2025-07-21,47,17,False,False,deteriorating_payer
INV6000671,B006,B006-C1022,Pharma Client 022,Pharma & Healthcare,30,135914.78,2025-09-04,2025-10-04,closed,2025-10-25,51,21,False,False,deteriorating_payer
INV6000672,B006,B006-C1022,Pharma Client 022,Pharma & Healthcare,30,114741.0,2026-01-07,2026-02-06,closed,2026-03-03,55,25,False,False,deteriorating_payer
INV6000673,B006,B006-C1022,Pharma Client 022,Pharma & Healthcare,30,119770.13,2026-03-05,2026-04-04,closed,2026-04-28,54,24,True,False,deteriorating_payer
INV6000674,B006,B006-C1022,Pharma Client 022,Pharma & Healthcare,30,155752.89,2026-03-09,2026-04-08,closed,2026-05-06,58,28,False,False,deteriorating_payer
INV6000675,B006,B006-C1022,Pharma Client 022,Pharma & Healthcare,30,175332.25,2026-03-15,2026-04-14,closed,2026-05-12,58,28,False,False,deteriorating_payer
INV6000676,B006,B006-C1022,Pharma Client 022,Pharma & Healthcare,30,136148.5,2026-06-13,2026-07-13,closed,2026-08-03,51,21,False,False,deteriorating_payer
INV6000677,B006,B006-C1022,Pharma Client 022,Pharma & Healthcare,30,196584.03,2026-06-29,2026-07-29,open,,,,False,False,deteriorating_payer
INV6000678,B006,B006-C1022,Pharma Client 022,Pharma & Healthcare,30,105033.85,2026-08-18,2026-09-17,open,,,,False,False,deteriorating_payer
INV6000679,B006,B006-C1022,Pharma Client 022,Pharma & Healthcare,30,122080.54,2026-08-18,2026-09-17,open,,,,False,False,deteriorating_payer
INV6000680,B006,B006-C1022,Pharma Client 022,Pharma & Healthcare,30,113962.64,2026-08-19,2026-09-18,open,,,,False,False,deteriorating_payer
INV6000681,B006,B006-C1023,Retail Client 023,Retail & Distribution,60,48897.54,2025-07-21,2025-09-19,closed,2025-09-26,67,7,False,False,cold_start
INV6000682,B006,B006-C1023,Retail Client 023,Retail & Distribution,60,54249.9,2026-05-07,2026-07-06,closed,2026-07-05,59,-1,False,False,cold_start
INV6000683,B006,B006-C1023,Retail Client 023,Retail & Distribution,60,60343.7,2026-08-07,2026-10-06,open,,,,False,False,cold_start
INV6000684,B006,B006-C1024,Textiles Client 024,Textiles & Apparel,90,16517.29,2024-03-27,2024-06-25,closed,2024-07-11,106,16,False,False,deteriorating_payer
INV6000685,B006,B006-C1024,Textiles Client 024,Textiles & Apparel,90,29983.16,2024-04-27,2024-07-26,closed,2024-08-16,111,21,False,False,deteriorating_payer
INV6000686,B006,B006-C1024,Textiles Client 024,Textiles & Apparel,90,26479.9,2024-05-01,2024-07-30,closed,2024-07-28,88,-2,False,False,deteriorating_payer
INV6000687,B006,B006-C1024,Textiles Client 024,Textiles & Apparel,90,19875.19,2024-05-30,2024-08-28,closed,2024-08-26,88,-2,False,False,deteriorating_payer
INV6000688,B006,B006-C1024,Textiles Client 024,Textiles & Apparel,90,20215.28,2024-06-01,2024-08-30,closed,2024-09-27,118,28,False,False,deteriorating_payer
INV6000689,B006,B006-C1024,Textiles Client 024,Textiles & Apparel,90,19098.61,2024-06-06,2024-09-04,closed,2024-09-02,88,-2,False,False,deteriorating_payer
INV6000690,B006,B006-C1024,Textiles Client 024,Textiles & Apparel,90,28047.93,2024-06-08,2024-09-06,closed,2024-09-04,88,-2,False,False,deteriorating_payer
INV6000691,B006,B006-C1024,Textiles Client 024,Textiles & Apparel,90,25133.64,2024-06-27,2024-09-25,closed,2024-09-30,95,5,False,False,deteriorating_payer
INV6000692,B006,B006-C1024,Textiles Client 024,Textiles & Apparel,90,22255.49,2024-06-27,2024-09-25,closed,2024-09-28,93,3,False,False,deteriorating_payer
INV6000693,B006,B006-C1024,Textiles Client 024,Textiles & Apparel,90,17380.97,2024-08-31,2024-11-29,closed,2024-11-30,91,1,False,False,deteriorating_payer
INV6000694,B006,B006-C1024,Textiles Client 024,Textiles & Apparel,90,34570.74,2024-09-04,2024-12-03,closed,2025-01-11,129,39,False,False,deteriorating_payer
INV6000695,B006,B006-C1024,Textiles Client 024,Textiles & Apparel,90,34447.22,2024-09-12,2024-12-11,closed,2024-12-31,110,20,False,False,deteriorating_payer
INV6000696,B006,B006-C1024,Textiles Client 024,Textiles & Apparel,90,24759.83,2024-09-15,2024-12-14,closed,2024-12-12,88,-2,False,False,deteriorating_payer
INV6000697,B006,B006-C1024,Textiles Client 024,Textiles & Apparel,90,22410.94,2024-10-09,2025-01-07,closed,2025-01-21,104,14,False,False,deteriorating_payer
INV6000698,B006,B006-C1024,Textiles Client 024,Textiles & Apparel,90,22559.24,2024-10-13,2025-01-11,closed,2025-02-03,113,23,False,False,deteriorating_payer
INV6000699,B006,B006-C1024,Textiles Client 024,Textiles & Apparel,90,28691.48,2024-11-08,2025-02-06,closed,2025-02-27,111,21,False,False,deteriorating_payer
INV6000700,B006,B006-C1024,Textiles Client 024,Textiles & Apparel,90,23191.15,2024-12-08,2025-03-08,closed,2025-03-19,101,11,False,False,deteriorating_payer
INV6000701,B006,B006-C1024,Textiles Client 024,Textiles & Apparel,90,28678.08,2024-12-23,2025-03-23,closed,2025-04-13,111,21,False,False,deteriorating_payer
INV6000702,B006,B006-C1024,Textiles Client 024,Textiles & Apparel,90,14561.78,2025-01-12,2025-04-12,closed,2025-05-02,110,20,False,False,deteriorating_payer
INV6000703,B006,B006-C1024,Textiles Client 024,Textiles & Apparel,90,37939.61,2025-02-01,2025-05-02,closed,2025-05-12,100,10,True,False,deteriorating_payer
INV6000704,B006,B006-C1024,Textiles Client 024,Textiles & Apparel,90,16317.72,2025-02-08,2025-05-09,closed,2025-06-16,128,38,False,False,deteriorating_payer
INV6000705,B006,B006-C1024,Textiles Client 024,Textiles & Apparel,90,22399.84,2025-02-14,2025-05-15,closed,2025-05-14,89,-1,False,False,deteriorating_payer
INV6000706,B006,B006-C1024,Textiles Client 024,Textiles & Apparel,90,18021.36,2025-03-13,2025-06-11,closed,2025-06-26,105,15,False,False,deteriorating_payer
INV6000707,B006,B006-C1024,Textiles Client 024,Textiles & Apparel,90,19519.67,2025-03-24,2025-06-22,closed,2025-07-19,117,27,False,False,deteriorating_payer
INV6000708,B006,B006-C1024,Textiles Client 024,Textiles & Apparel,90,24997.84,2025-05-04,2025-08-02,closed,2025-09-12,131,41,False,False,deteriorating_payer
INV6000709,B006,B006-C1024,Textiles Client 024,Textiles & Apparel,90,29630.61,2025-05-23,2025-08-21,closed,2025-09-09,109,19,False,False,deteriorating_payer
INV6000710,B006,B006-C1024,Textiles Client 024,Textiles & Apparel,90,22576.31,2025-05-24,2025-08-22,closed,2025-09-10,109,19,False,False,deteriorating_payer
INV6000711,B006,B006-C1024,Textiles Client 024,Textiles & Apparel,90,132252.7,2025-06-03,2025-09-01,closed,2025-10-06,125,35,False,True,deteriorating_payer
INV6000712,B006,B006-C1024,Textiles Client 024,Textiles & Apparel,90,36872.15,2025-06-11,2025-09-09,closed,2025-10-18,129,39,False,False,deteriorating_payer
INV6000713,B006,B006-C1024,Textiles Client 024,Textiles & Apparel,90,25129.49,2025-09-12,2025-12-11,closed,2026-01-17,127,37,False,False,deteriorating_payer
INV6000714,B006,B006-C1024,Textiles Client 024,Textiles & Apparel,90,30530.56,2025-09-27,2025-12-26,closed,2026-01-10,105,15,False,False,deteriorating_payer
INV6000715,B006,B006-C1024,Textiles Client 024,Textiles & Apparel,90,22595.7,2025-09-28,2025-12-27,closed,2026-01-31,125,35,False,False,deteriorating_payer
INV6000716,B006,B006-C1024,Textiles Client 024,Textiles & Apparel,90,15715.16,2025-11-13,2026-02-11,closed,2026-03-30,137,47,False,False,deteriorating_payer
INV6000717,B006,B006-C1024,Textiles Client 024,Textiles & Apparel,90,15957.47,2026-01-16,2026-04-16,closed,2026-05-30,134,44,False,False,deteriorating_payer
INV6000718,B006,B006-C1024,Textiles Client 024,Textiles & Apparel,90,23556.81,2026-01-24,2026-04-24,closed,2026-05-31,127,37,False,False,deteriorating_payer
INV6000719,B006,B006-C1024,Textiles Client 024,Textiles & Apparel,90,36261.91,2026-01-30,2026-04-30,closed,2026-07-03,154,64,False,False,deteriorating_payer
INV6000720,B006,B006-C1024,Textiles Client 024,Textiles & Apparel,90,16535.55,2026-02-11,2026-05-12,closed,2026-06-23,132,42,False,False,deteriorating_payer
INV6000721,B006,B006-C1024,Textiles Client 024,Textiles & Apparel,90,27676.53,2026-03-16,2026-06-14,closed,2026-07-16,122,32,False,False,deteriorating_payer
INV6000722,B006,B006-C1024,Textiles Client 024,Textiles & Apparel,90,17603.82,2026-03-24,2026-06-22,closed,2026-07-14,112,22,False,False,deteriorating_payer
INV6000723,B006,B006-C1024,Textiles Client 024,Textiles & Apparel,90,20240.68,2026-03-29,2026-06-27,closed,2026-08-01,125,35,False,False,deteriorating_payer
INV6000724,B006,B006-C1024,Textiles Client 024,Textiles & Apparel,90,23644.36,2026-04-03,2026-07-02,closed,2026-08-02,121,31,False,False,deteriorating_payer
INV6000725,B006,B006-C1024,Textiles Client 024,Textiles & Apparel,90,23877.04,2026-04-05,2026-07-04,closed,2026-08-15,132,42,False,False,deteriorating_payer
INV6000726,B006,B006-C1024,Textiles Client 024,Textiles & Apparel,90,12812.92,2026-05-19,2026-08-17,open,,,,False,False,deteriorating_payer
INV6000727,B006,B006-C1024,Textiles Client 024,Textiles & Apparel,90,17176.29,2026-05-21,2026-08-19,open,,,,False,False,deteriorating_payer
INV6000728,B006,B006-C1024,Textiles Client 024,Textiles & Apparel,90,77659.3,2026-05-24,2026-08-22,disputed_open,,,,False,True,deteriorating_payer
INV6000729,B006,B006-C1024,Textiles Client 024,Textiles & Apparel,90,31839.64,2026-07-03,2026-10-01,open,,,,False,False,deteriorating_payer
INV6000730,B006,B006-C1024,Textiles Client 024,Textiles & Apparel,90,21420.53,2026-07-25,2026-10-23,open,,,,False,False,deteriorating_payer
INV6000731,B006,B006-C1024,Textiles Client 024,Textiles & Apparel,90,16249.4,2026-07-31,2026-10-29,open,,,,False,False,deteriorating_payer
INV6000732,B006,B006-C1024,Textiles Client 024,Textiles & Apparel,90,17564.46,2026-08-01,2026-10-30,disputed_open,,,,False,False,deteriorating_payer
INV6000733,B006,B006-C1024,Textiles Client 024,Textiles & Apparel,90,19959.63,2026-08-03,2026-11-01,open,,,,False,False,deteriorating_payer
INV6000734,B006,B006-C1024,Textiles Client 024,Textiles & Apparel,90,26140.88,2026-08-17,2026-11-15,open,,,,False,False,deteriorating_payer
INV6000735,B006,B006-C1025,Retail Client 025,Retail & Distribution,60,148340.26,2024-03-19,2024-05-18,closed,2024-05-19,61,1,False,False,prompt_payer
INV6000736,B006,B006-C1025,Retail Client 025,Retail & Distribution,60,86566.64,2024-04-29,2024-06-28,closed,2024-06-27,59,-1,False,False,prompt_payer
INV6000737,B006,B006-C1025,Retail Client 025,Retail & Distribution,60,84898.74,2024-05-18,2024-07-17,closed,2024-07-18,61,1,False,False,prompt_payer
INV6000738,B006,B006-C1025,Retail Client 025,Retail & Distribution,60,137993.97,2024-10-09,2024-12-08,closed,2024-12-03,55,-5,False,False,prompt_payer
INV6000739,B006,B006-C1025,Retail Client 025,Retail & Distribution,60,250847.25,2024-11-10,2025-01-09,closed,2025-01-06,57,-3,False,False,prompt_payer
INV6000740,B006,B006-C1025,Retail Client 025,Retail & Distribution,60,98914.97,2025-01-03,2025-03-04,closed,2025-03-07,63,3,False,False,prompt_payer
INV6000741,B006,B006-C1025,Retail Client 025,Retail & Distribution,60,73122.66,2025-03-28,2025-05-27,closed,2025-05-28,61,1,False,False,prompt_payer
INV6000742,B006,B006-C1025,Retail Client 025,Retail & Distribution,60,157680.51,2025-04-23,2025-06-22,closed,2025-06-15,53,-7,False,False,prompt_payer
INV6000743,B006,B006-C1025,Retail Client 025,Retail & Distribution,60,196874.71,2025-05-08,2025-07-07,closed,2025-07-03,56,-4,False,False,prompt_payer
INV6000744,B006,B006-C1025,Retail Client 025,Retail & Distribution,60,146082.0,2025-07-22,2025-09-20,closed,2025-10-01,71,11,False,False,prompt_payer
INV6000745,B006,B006-C1025,Retail Client 025,Retail & Distribution,60,85287.21,2025-08-27,2025-10-26,closed,2025-10-31,65,5,False,False,prompt_payer
INV6000746,B006,B006-C1025,Retail Client 025,Retail & Distribution,60,129855.12,2025-10-16,2025-12-15,closed,2025-12-17,62,2,False,False,prompt_payer
INV6000747,B006,B006-C1025,Retail Client 025,Retail & Distribution,60,126364.94,2025-10-31,2025-12-30,closed,2026-01-02,63,3,False,False,prompt_payer
INV6000748,B006,B006-C1025,Retail Client 025,Retail & Distribution,60,155699.13,2026-01-16,2026-03-17,closed,2026-03-16,59,-1,False,False,prompt_payer
INV6000749,B006,B006-C1025,Retail Client 025,Retail & Distribution,60,158234.91,2026-05-23,2026-07-22,closed,2026-07-20,58,-2,False,False,prompt_payer
INV6000750,B006,B006-C1025,Retail Client 025,Retail & Distribution,60,102117.66,2026-06-20,2026-08-19,closed,2026-08-17,58,-2,True,False,prompt_payer
INV6000751,B006,B006-C1025,Retail Client 025,Retail & Distribution,60,92697.16,2026-07-07,2026-09-05,open,,,,False,False,prompt_payer
INV6000752,B006,B006-C1026,Textiles Client 026,Textiles & Apparel,30,23000.74,2024-04-12,2024-05-12,closed,2024-05-26,44,14,False,False,chronic_late_payer
INV6000753,B006,B006-C1026,Textiles Client 026,Textiles & Apparel,30,18415.94,2024-04-20,2024-05-20,closed,2024-06-18,59,29,False,False,chronic_late_payer
INV6000754,B006,B006-C1026,Textiles Client 026,Textiles & Apparel,30,15037.33,2024-05-20,2024-06-19,closed,2024-07-13,54,24,False,False,chronic_late_payer
INV6000755,B006,B006-C1026,Textiles Client 026,Textiles & Apparel,30,13223.92,2024-06-09,2024-07-09,closed,2024-08-12,64,34,False,False,chronic_late_payer
INV6000756,B006,B006-C1026,Textiles Client 026,Textiles & Apparel,30,9867.71,2024-06-19,2024-07-19,closed,2024-08-21,63,33,False,False,chronic_late_payer
INV6000757,B006,B006-C1026,Textiles Client 026,Textiles & Apparel,30,27203.89,2024-06-26,2024-07-26,closed,2024-08-13,48,18,False,False,chronic_late_payer
INV6000758,B006,B006-C1026,Textiles Client 026,Textiles & Apparel,30,7434.57,2024-07-14,2024-08-13,closed,2024-09-26,74,44,False,False,chronic_late_payer
INV6000759,B006,B006-C1026,Textiles Client 026,Textiles & Apparel,30,18904.14,2024-07-28,2024-08-27,closed,2024-10-04,68,38,False,False,chronic_late_payer
INV6000760,B006,B006-C1026,Textiles Client 026,Textiles & Apparel,30,10685.43,2024-09-23,2024-10-23,closed,2024-12-20,88,58,False,False,chronic_late_payer
INV6000761,B006,B006-C1026,Textiles Client 026,Textiles & Apparel,30,11765.68,2024-10-18,2024-11-17,closed,2024-12-16,59,29,False,False,chronic_late_payer
INV6000762,B006,B006-C1026,Textiles Client 026,Textiles & Apparel,30,16746.29,2024-10-20,2024-11-19,closed,2024-12-15,56,26,False,False,chronic_late_payer
INV6000763,B006,B006-C1026,Textiles Client 026,Textiles & Apparel,30,12834.79,2024-11-23,2024-12-23,closed,2025-02-12,81,51,False,False,chronic_late_payer
INV6000764,B006,B006-C1026,Textiles Client 026,Textiles & Apparel,30,17817.56,2024-12-01,2024-12-31,closed,2025-01-19,49,19,False,False,chronic_late_payer
INV6000765,B006,B006-C1026,Textiles Client 026,Textiles & Apparel,30,8256.67,2024-12-09,2025-01-08,closed,2025-02-25,78,48,False,False,chronic_late_payer
INV6000766,B006,B006-C1026,Textiles Client 026,Textiles & Apparel,30,18156.34,2025-01-15,2025-02-14,closed,2025-04-07,82,52,False,False,chronic_late_payer
INV6000767,B006,B006-C1026,Textiles Client 026,Textiles & Apparel,30,15632.08,2025-03-03,2025-04-02,closed,2025-05-18,76,46,False,False,chronic_late_payer
INV6000768,B006,B006-C1026,Textiles Client 026,Textiles & Apparel,30,13465.19,2025-03-22,2025-04-21,closed,2025-05-17,56,26,False,False,chronic_late_payer
INV6000769,B006,B006-C1026,Textiles Client 026,Textiles & Apparel,30,10826.36,2025-03-23,2025-04-22,closed,2025-05-11,49,19,False,False,chronic_late_payer
INV6000770,B006,B006-C1026,Textiles Client 026,Textiles & Apparel,30,21756.49,2025-04-01,2025-05-01,closed,2025-06-12,72,42,False,False,chronic_late_payer
INV6000771,B006,B006-C1026,Textiles Client 026,Textiles & Apparel,30,15557.02,2025-05-20,2025-06-19,closed,2025-07-22,63,33,False,False,chronic_late_payer
INV6000772,B006,B006-C1026,Textiles Client 026,Textiles & Apparel,30,18056.12,2025-07-07,2025-08-06,closed,2025-09-12,67,37,False,False,chronic_late_payer
INV6000773,B006,B006-C1026,Textiles Client 026,Textiles & Apparel,30,16977.39,2025-08-18,2025-09-17,closed,2025-10-21,64,34,False,False,chronic_late_payer
INV6000774,B006,B006-C1026,Textiles Client 026,Textiles & Apparel,30,10585.15,2025-09-20,2025-10-20,closed,2025-11-23,64,34,False,False,chronic_late_payer
INV6000775,B006,B006-C1026,Textiles Client 026,Textiles & Apparel,30,11615.62,2025-10-12,2025-11-11,open,,,,False,False,chronic_late_payer
INV6000776,B006,B006-C1026,Textiles Client 026,Textiles & Apparel,30,16123.99,2025-10-23,2025-11-22,closed,2026-01-03,72,42,False,False,chronic_late_payer
INV6000777,B006,B006-C1026,Textiles Client 026,Textiles & Apparel,30,11553.11,2025-12-01,2025-12-31,closed,2026-02-06,67,37,False,False,chronic_late_payer
INV6000778,B006,B006-C1026,Textiles Client 026,Textiles & Apparel,30,10674.45,2025-12-05,2026-01-04,closed,2026-01-30,56,26,False,False,chronic_late_payer
INV6000779,B006,B006-C1026,Textiles Client 026,Textiles & Apparel,30,11318.32,2026-01-04,2026-02-03,closed,2026-03-25,80,50,False,False,chronic_late_payer
INV6000780,B006,B006-C1026,Textiles Client 026,Textiles & Apparel,30,16704.73,2026-02-17,2026-03-19,closed,2026-04-29,71,41,False,False,chronic_late_payer
INV6000781,B006,B006-C1026,Textiles Client 026,Textiles & Apparel,30,15793.82,2026-04-13,2026-05-13,closed,2026-06-04,52,22,False,False,chronic_late_payer
INV6000782,B006,B006-C1026,Textiles Client 026,Textiles & Apparel,30,11656.11,2026-04-28,2026-05-28,closed,2026-06-17,50,20,False,False,chronic_late_payer
INV6000783,B006,B006-C1026,Textiles Client 026,Textiles & Apparel,30,19339.88,2026-05-20,2026-06-19,closed,2026-07-12,53,23,False,False,chronic_late_payer
INV6000784,B006,B006-C1026,Textiles Client 026,Textiles & Apparel,30,14893.21,2026-08-04,2026-09-03,open,,,,False,False,chronic_late_payer
INV6000785,B006,B006-C1027,Construction Client 027,Construction & Infra,30,95533.94,2024-03-26,2024-04-25,closed,2024-06-08,74,44,False,False,improving_payer
INV6000786,B006,B006-C1027,Construction Client 027,Construction & Infra,30,94557.45,2024-05-07,2024-06-06,closed,2024-07-16,70,40,False,False,improving_payer
INV6000787,B006,B006-C1027,Construction Client 027,Construction & Infra,30,185420.29,2024-05-08,2024-06-07,closed,2024-07-19,72,42,False,False,improving_payer
INV6000788,B006,B006-C1027,Construction Client 027,Construction & Infra,30,298884.18,2024-05-22,2024-06-21,closed,2024-07-30,69,39,False,True,improving_payer
INV6000789,B006,B006-C1027,Construction Client 027,Construction & Infra,30,111795.48,2024-06-26,2024-07-26,closed,2024-09-06,72,42,False,False,improving_payer
INV6000790,B006,B006-C1027,Construction Client 027,Construction & Infra,30,160301.76,2024-08-02,2024-09-01,closed,2024-09-10,39,9,False,False,improving_payer
INV6000791,B006,B006-C1027,Construction Client 027,Construction & Infra,30,101234.83,2024-08-19,2024-09-18,closed,2024-10-24,66,36,False,False,improving_payer
INV6000792,B006,B006-C1027,Construction Client 027,Construction & Infra,30,153616.31,2024-08-26,2024-09-25,closed,2024-10-15,50,20,True,False,improving_payer
INV6000793,B006,B006-C1027,Construction Client 027,Construction & Infra,30,74145.09,2024-09-01,2024-10-01,closed,2024-10-26,55,25,False,False,improving_payer
INV6000794,B006,B006-C1027,Construction Client 027,Construction & Infra,30,89297.6,2024-10-13,2024-11-12,closed,2024-12-10,58,28,False,False,improving_payer
INV6000795,B006,B006-C1027,Construction Client 027,Construction & Infra,30,133401.61,2024-12-06,2025-01-05,closed,2025-01-30,55,25,True,False,improving_payer
INV6000796,B006,B006-C1027,Construction Client 027,Construction & Infra,30,102537.58,2025-02-27,2025-03-29,closed,2025-04-14,46,16,False,False,improving_payer
INV6000797,B006,B006-C1027,Construction Client 027,Construction & Infra,30,175793.94,2025-04-03,2025-05-03,closed,2025-05-21,48,18,False,False,improving_payer
INV6000798,B006,B006-C1027,Construction Client 027,Construction & Infra,30,130598.74,2025-08-27,2025-09-26,closed,2025-10-04,38,8,False,False,improving_payer
INV6000799,B006,B006-C1027,Construction Client 027,Construction & Infra,30,184494.32,2025-10-03,2025-11-02,closed,2025-11-26,54,24,False,False,improving_payer
INV6000800,B006,B006-C1027,Construction Client 027,Construction & Infra,30,194245.53,2025-10-13,2025-11-12,closed,2025-11-25,43,13,False,False,improving_payer
INV6000801,B006,B006-C1027,Construction Client 027,Construction & Infra,30,104698.44,2025-12-08,2026-01-07,closed,2026-01-29,52,22,False,False,improving_payer
INV6000802,B006,B006-C1027,Construction Client 027,Construction & Infra,30,80286.75,2026-01-30,2026-03-01,closed,2026-03-13,42,12,False,False,improving_payer
INV6000803,B006,B006-C1027,Construction Client 027,Construction & Infra,30,1489191.57,2026-04-21,2026-05-21,closed,2026-06-01,41,11,False,True,improving_payer
INV6000804,B006,B006-C1027,Construction Client 027,Construction & Infra,30,225311.13,2026-05-05,2026-06-04,closed,2026-05-30,25,-5,False,False,improving_payer
INV6000805,B006,B006-C1027,Construction Client 027,Construction & Infra,30,154571.69,2026-07-04,2026-08-03,closed,2026-08-11,38,8,False,False,improving_payer
INV6000806,B006,B006-C1028,Metal Client 028,Metal & Engineering,45,68526.76,2024-03-16,2024-04-30,closed,2024-05-08,53,8,False,False,deteriorating_payer
INV6000807,B006,B006-C1028,Metal Client 028,Metal & Engineering,45,83970.44,2024-03-18,2024-05-02,closed,2024-05-02,45,0,False,False,deteriorating_payer
INV6000808,B006,B006-C1028,Metal Client 028,Metal & Engineering,45,75111.42,2024-03-18,2024-05-02,closed,2024-05-10,53,8,False,False,deteriorating_payer
INV6000809,B006,B006-C1028,Metal Client 028,Metal & Engineering,45,64408.78,2024-05-05,2024-06-19,closed,2024-07-04,60,15,False,False,deteriorating_payer
INV6000810,B006,B006-C1028,Metal Client 028,Metal & Engineering,45,82869.09,2024-05-15,2024-06-29,closed,2024-07-01,47,2,False,False,deteriorating_payer
INV6000811,B006,B006-C1028,Metal Client 028,Metal & Engineering,45,68678.5,2024-05-23,2024-07-07,closed,2024-07-15,53,8,False,False,deteriorating_payer
INV6000812,B006,B006-C1028,Metal Client 028,Metal & Engineering,45,109038.71,2024-05-30,2024-07-14,closed,2024-08-09,71,26,False,False,deteriorating_payer
INV6000813,B006,B006-C1028,Metal Client 028,Metal & Engineering,45,116251.05,2024-06-27,2024-08-11,closed,2024-08-25,59,14,False,False,deteriorating_payer
INV6000814,B006,B006-C1028,Metal Client 028,Metal & Engineering,45,59180.53,2024-08-01,2024-09-15,closed,2024-09-13,43,-2,False,False,deteriorating_payer
INV6000815,B006,B006-C1028,Metal Client 028,Metal & Engineering,45,68617.81,2024-08-02,2024-09-16,closed,2024-10-20,79,34,False,False,deteriorating_payer
INV6000816,B006,B006-C1028,Metal Client 028,Metal & Engineering,45,69939.16,2024-09-01,2024-10-16,closed,2024-10-27,56,11,False,False,deteriorating_payer
INV6000817,B006,B006-C1028,Metal Client 028,Metal & Engineering,45,96493.41,2024-09-04,2024-10-19,closed,2024-11-05,62,17,False,False,deteriorating_payer
INV6000818,B006,B006-C1028,Metal Client 028,Metal & Engineering,45,67762.4,2024-09-22,2024-11-06,closed,2024-12-02,71,26,False,False,deteriorating_payer
INV6000819,B006,B006-C1028,Metal Client 028,Metal & Engineering,45,116279.43,2024-09-23,2024-11-07,closed,2024-11-23,61,16,False,False,deteriorating_payer
INV6000820,B006,B006-C1028,Metal Client 028,Metal & Engineering,45,66521.77,2024-09-25,2024-11-09,closed,2024-11-26,62,17,False,False,deteriorating_payer
INV6000821,B006,B006-C1028,Metal Client 028,Metal & Engineering,45,482318.21,2024-10-28,2024-12-12,closed,2024-12-31,64,19,False,True,deteriorating_payer
INV6000822,B006,B006-C1028,Metal Client 028,Metal & Engineering,45,88518.48,2024-11-28,2025-01-12,closed,2025-02-10,74,29,False,False,deteriorating_payer
INV6000823,B006,B006-C1028,Metal Client 028,Metal & Engineering,45,94841.13,2024-12-01,2025-01-15,closed,2025-01-19,49,4,False,False,deteriorating_payer
INV6000824,B006,B006-C1028,Metal Client 028,Metal & Engineering,45,113008.86,2024-12-17,2025-01-31,closed,2025-02-26,71,26,False,False,deteriorating_payer
INV6000825,B006,B006-C1028,Metal Client 028,Metal & Engineering,45,82337.0,2025-01-25,2025-03-11,closed,2025-04-20,85,40,False,False,deteriorating_payer
INV6000826,B006,B006-C1028,Metal Client 028,Metal & Engineering,45,98743.13,2025-02-19,2025-04-05,closed,2025-04-10,50,5,False,False,deteriorating_payer
INV6000827,B006,B006-C1028,Metal Client 028,Metal & Engineering,45,110805.86,2025-02-27,2025-04-13,closed,2025-04-25,57,12,False,False,deteriorating_payer
INV6000828,B006,B006-C1028,Metal Client 028,Metal & Engineering,45,76617.99,2025-03-05,2025-04-19,closed,2025-05-27,83,38,False,False,deteriorating_payer
INV6000829,B006,B006-C1028,Metal Client 028,Metal & Engineering,45,53761.32,2025-03-28,2025-05-12,disputed_open,,,,False,False,deteriorating_payer
INV6000830,B006,B006-C1028,Metal Client 028,Metal & Engineering,45,102625.21,2025-05-02,2025-06-16,closed,2025-06-30,59,14,False,False,deteriorating_payer
INV6000831,B006,B006-C1028,Metal Client 028,Metal & Engineering,45,92310.98,2025-06-03,2025-07-18,closed,2025-08-18,76,31,False,False,deteriorating_payer
INV6000832,B006,B006-C1028,Metal Client 028,Metal & Engineering,45,98786.41,2025-06-07,2025-07-22,closed,2025-08-20,74,29,False,False,deteriorating_payer
INV6000833,B006,B006-C1028,Metal Client 028,Metal & Engineering,45,168109.53,2025-06-10,2025-07-25,closed,2025-09-03,85,40,False,False,deteriorating_payer
INV6000834,B006,B006-C1028,Metal Client 028,Metal & Engineering,45,106391.99,2025-06-16,2025-07-31,closed,2025-08-25,70,25,False,False,deteriorating_payer
INV6000835,B006,B006-C1028,Metal Client 028,Metal & Engineering,45,104305.81,2025-06-27,2025-08-11,closed,2025-09-18,83,38,False,False,deteriorating_payer
INV6000836,B006,B006-C1028,Metal Client 028,Metal & Engineering,45,66671.82,2025-08-04,2025-09-18,closed,2025-10-20,77,32,False,False,deteriorating_payer
INV6000837,B006,B006-C1028,Metal Client 028,Metal & Engineering,45,85997.32,2025-08-06,2025-09-20,closed,2025-10-21,76,31,False,False,deteriorating_payer
INV6000838,B006,B006-C1028,Metal Client 028,Metal & Engineering,45,88269.66,2025-08-08,2025-09-22,open,,,,False,False,deteriorating_payer
INV6000839,B006,B006-C1028,Metal Client 028,Metal & Engineering,45,115678.1,2025-08-25,2025-10-09,closed,2025-11-03,70,25,False,False,deteriorating_payer
INV6000840,B006,B006-C1028,Metal Client 028,Metal & Engineering,45,109933.48,2025-08-30,2025-10-14,closed,2025-10-29,60,15,False,False,deteriorating_payer
INV6000841,B006,B006-C1028,Metal Client 028,Metal & Engineering,45,153950.09,2025-09-04,2025-10-19,closed,2025-11-13,70,25,False,False,deteriorating_payer
INV6000842,B006,B006-C1028,Metal Client 028,Metal & Engineering,45,89696.45,2025-09-08,2025-10-23,closed,2025-11-26,79,34,False,False,deteriorating_payer
INV6000843,B006,B006-C1028,Metal Client 028,Metal & Engineering,45,59509.78,2025-09-18,2025-11-02,closed,2025-12-26,99,54,False,False,deteriorating_payer
INV6000844,B006,B006-C1028,Metal Client 028,Metal & Engineering,45,92937.59,2025-10-03,2025-11-17,closed,2025-12-05,63,18,False,False,deteriorating_payer
INV6000845,B006,B006-C1028,Metal Client 028,Metal & Engineering,45,75242.98,2025-10-20,2025-12-04,closed,2025-12-26,67,22,False,False,deteriorating_payer
INV6000846,B006,B006-C1028,Metal Client 028,Metal & Engineering,45,59896.92,2025-11-12,2025-12-27,closed,2026-01-21,70,25,False,False,deteriorating_payer
INV6000847,B006,B006-C1028,Metal Client 028,Metal & Engineering,45,164686.0,2025-11-13,2025-12-28,closed,2026-01-28,76,31,False,False,deteriorating_payer
INV6000848,B006,B006-C1028,Metal Client 028,Metal & Engineering,45,117670.72,2025-11-16,2025-12-31,closed,2026-01-28,73,28,False,False,deteriorating_payer
INV6000849,B006,B006-C1028,Metal Client 028,Metal & Engineering,45,103708.83,2025-11-27,2026-01-11,closed,2026-02-24,89,44,False,False,deteriorating_payer
INV6000850,B006,B006-C1028,Metal Client 028,Metal & Engineering,45,100937.52,2025-12-31,2026-02-14,closed,2026-03-26,85,40,False,False,deteriorating_payer
INV6000851,B006,B006-C1028,Metal Client 028,Metal & Engineering,45,95912.96,2026-01-20,2026-03-06,closed,2026-04-10,80,35,False,False,deteriorating_payer
INV6000852,B006,B006-C1028,Metal Client 028,Metal & Engineering,45,56447.23,2026-02-06,2026-03-23,closed,2026-05-03,86,41,False,False,deteriorating_payer
INV6000853,B006,B006-C1028,Metal Client 028,Metal & Engineering,45,115536.02,2026-02-13,2026-03-30,closed,2026-04-23,69,24,False,False,deteriorating_payer
INV6000854,B006,B006-C1028,Metal Client 028,Metal & Engineering,45,56495.69,2026-04-10,2026-05-25,closed,2026-06-26,77,32,False,False,deteriorating_payer
INV6000855,B006,B006-C1028,Metal Client 028,Metal & Engineering,45,59199.8,2026-04-24,2026-06-08,closed,2026-07-28,95,50,False,False,deteriorating_payer
INV6000856,B006,B006-C1028,Metal Client 028,Metal & Engineering,45,65681.52,2026-06-21,2026-08-05,open,,,,False,False,deteriorating_payer
INV6000857,B006,B006-C1028,Metal Client 028,Metal & Engineering,45,133397.77,2026-07-21,2026-09-04,disputed_open,,,,False,False,deteriorating_payer
INV6000858,B006,B006-C1028,Metal Client 028,Metal & Engineering,45,114129.77,2026-08-09,2026-09-23,open,,,,False,False,deteriorating_payer
INV6000859,B006,B006-C1028,Metal Client 028,Metal & Engineering,45,75857.76,2026-08-19,2026-10-03,open,,,,False,False,deteriorating_payer
INV6000860,B006,B006-C1029,FMCG Client 029,FMCG & Food Processing,45,24380.38,2024-03-31,2024-05-15,closed,2024-05-14,44,-1,False,False,seasonal_payer
INV6000861,B006,B006-C1029,FMCG Client 029,FMCG & Food Processing,45,18357.5,2024-06-07,2024-07-22,closed,2024-07-30,53,8,False,False,seasonal_payer
INV6000862,B006,B006-C1029,FMCG Client 029,FMCG & Food Processing,45,32413.36,2024-07-16,2024-08-30,closed,2024-08-31,46,1,False,False,seasonal_payer
INV6000863,B006,B006-C1029,FMCG Client 029,FMCG & Food Processing,45,26564.88,2024-07-16,2024-08-30,closed,2024-09-13,59,14,False,False,seasonal_payer
INV6000864,B006,B006-C1029,FMCG Client 029,FMCG & Food Processing,45,23035.85,2024-08-07,2024-09-21,closed,2024-10-01,55,10,False,False,seasonal_payer
INV6000865,B006,B006-C1029,FMCG Client 029,FMCG & Food Processing,45,35111.23,2024-08-16,2024-09-30,closed,2024-10-13,58,13,False,False,seasonal_payer
INV6000866,B006,B006-C1029,FMCG Client 029,FMCG & Food Processing,45,24304.52,2024-08-31,2024-10-15,closed,2024-10-27,57,12,False,False,seasonal_payer
INV6000867,B006,B006-C1029,FMCG Client 029,FMCG & Food Processing,45,12570.9,2024-09-20,2024-11-04,closed,2024-11-23,64,19,False,False,seasonal_payer
INV6000868,B006,B006-C1029,FMCG Client 029,FMCG & Food Processing,45,29382.91,2024-10-27,2024-12-11,closed,2024-12-26,60,15,False,False,seasonal_payer
INV6000869,B006,B006-C1029,FMCG Client 029,FMCG & Food Processing,45,18548.96,2024-11-01,2024-12-16,closed,2025-01-03,63,18,False,False,seasonal_payer
INV6000870,B006,B006-C1029,FMCG Client 029,FMCG & Food Processing,45,26069.14,2024-11-06,2024-12-21,closed,2024-12-24,48,3,False,False,seasonal_payer
INV6000871,B006,B006-C1029,FMCG Client 029,FMCG & Food Processing,45,18525.82,2024-12-03,2025-01-17,closed,2025-01-31,59,14,False,False,seasonal_payer
INV6000872,B006,B006-C1029,FMCG Client 029,FMCG & Food Processing,45,16036.57,2024-12-06,2025-01-20,closed,2025-02-10,66,21,False,False,seasonal_payer
INV6000873,B006,B006-C1029,FMCG Client 029,FMCG & Food Processing,45,18871.69,2024-12-07,2025-01-21,closed,2025-02-03,58,13,False,False,seasonal_payer
INV6000874,B006,B006-C1029,FMCG Client 029,FMCG & Food Processing,45,19970.57,2024-12-22,2025-02-05,open,,,,False,False,seasonal_payer
INV6000875,B006,B006-C1029,FMCG Client 029,FMCG & Food Processing,45,25691.77,2024-12-24,2025-02-07,closed,2025-02-07,45,0,False,False,seasonal_payer
INV6000876,B006,B006-C1029,FMCG Client 029,FMCG & Food Processing,45,29801.11,2025-02-07,2025-03-24,closed,2025-03-25,46,1,False,False,seasonal_payer
INV6000877,B006,B006-C1029,FMCG Client 029,FMCG & Food Processing,45,32133.74,2025-02-25,2025-04-11,closed,2025-04-18,52,7,False,False,seasonal_payer
INV6000878,B006,B006-C1029,FMCG Client 029,FMCG & Food Processing,45,18035.77,2025-03-24,2025-05-08,closed,2025-05-17,54,9,False,False,seasonal_payer
INV6000879,B006,B006-C1029,FMCG Client 029,FMCG & Food Processing,45,30318.42,2025-05-24,2025-07-08,closed,2025-07-04,41,-4,False,False,seasonal_payer
INV6000880,B006,B006-C1029,FMCG Client 029,FMCG & Food Processing,45,27064.62,2025-06-28,2025-08-12,closed,2025-08-16,49,4,False,False,seasonal_payer
INV6000881,B006,B006-C1029,FMCG Client 029,FMCG & Food Processing,45,21170.77,2025-08-05,2025-09-19,closed,2025-09-22,48,3,False,False,seasonal_payer
INV6000882,B006,B006-C1029,FMCG Client 029,FMCG & Food Processing,45,23429.22,2025-08-10,2025-09-24,closed,2025-10-03,54,9,True,False,seasonal_payer
INV6000883,B006,B006-C1029,FMCG Client 029,FMCG & Food Processing,45,24826.17,2025-09-26,2025-11-10,closed,2025-11-18,53,8,False,False,seasonal_payer
INV6000884,B006,B006-C1029,FMCG Client 029,FMCG & Food Processing,45,37429.11,2025-10-03,2025-11-17,closed,2025-11-27,55,10,False,False,seasonal_payer
INV6000885,B006,B006-C1029,FMCG Client 029,FMCG & Food Processing,45,20033.14,2025-10-11,2025-11-25,closed,2025-12-08,58,13,False,False,seasonal_payer
INV6000886,B006,B006-C1029,FMCG Client 029,FMCG & Food Processing,45,21777.39,2025-10-29,2025-12-13,closed,2025-12-24,56,11,False,False,seasonal_payer
INV6000887,B006,B006-C1029,FMCG Client 029,FMCG & Food Processing,45,32564.78,2025-11-14,2025-12-29,closed,2026-01-17,64,19,True,False,seasonal_payer
INV6000888,B006,B006-C1029,FMCG Client 029,FMCG & Food Processing,45,26351.44,2025-11-17,2026-01-01,closed,2026-01-22,66,21,False,False,seasonal_payer
INV6000889,B006,B006-C1029,FMCG Client 029,FMCG & Food Processing,45,25425.24,2025-11-20,2026-01-04,closed,2026-01-21,62,17,False,False,seasonal_payer
INV6000890,B006,B006-C1029,FMCG Client 029,FMCG & Food Processing,45,17518.92,2025-12-28,2026-02-11,closed,2026-02-19,53,8,False,False,seasonal_payer
INV6000891,B006,B006-C1029,FMCG Client 029,FMCG & Food Processing,45,33218.41,2026-01-19,2026-03-05,closed,2026-03-20,60,15,False,False,seasonal_payer
INV6000892,B006,B006-C1029,FMCG Client 029,FMCG & Food Processing,45,25300.54,2026-01-22,2026-03-08,closed,2026-03-14,51,6,False,False,seasonal_payer
INV6000893,B006,B006-C1029,FMCG Client 029,FMCG & Food Processing,45,35673.96,2026-02-11,2026-03-28,closed,2026-03-27,44,-1,False,False,seasonal_payer
INV6000894,B006,B006-C1029,FMCG Client 029,FMCG & Food Processing,45,29800.07,2026-02-19,2026-04-05,closed,2026-04-14,54,9,False,False,seasonal_payer
INV6000895,B006,B006-C1029,FMCG Client 029,FMCG & Food Processing,45,12999.38,2026-02-22,2026-04-08,closed,2026-04-09,46,1,False,False,seasonal_payer
INV6000896,B006,B006-C1029,FMCG Client 029,FMCG & Food Processing,45,33395.01,2026-04-03,2026-05-18,closed,2026-05-10,37,-8,False,False,seasonal_payer
INV6000897,B006,B006-C1029,FMCG Client 029,FMCG & Food Processing,45,24487.56,2026-05-22,2026-07-06,closed,2026-07-10,49,4,False,False,seasonal_payer
INV6000898,B006,B006-C1029,FMCG Client 029,FMCG & Food Processing,45,32195.48,2026-05-24,2026-07-08,closed,2026-07-18,55,10,False,False,seasonal_payer
INV6000899,B006,B006-C1029,FMCG Client 029,FMCG & Food Processing,45,37598.49,2026-05-27,2026-07-11,closed,2026-07-20,54,9,False,False,seasonal_payer
INV6000900,B006,B006-C1029,FMCG Client 029,FMCG & Food Processing,45,23974.63,2026-06-07,2026-07-22,closed,2026-07-25,48,3,False,False,seasonal_payer
INV6000901,B006,B006-C1029,FMCG Client 029,FMCG & Food Processing,45,20498.06,2026-07-22,2026-09-05,disputed_open,,,,False,False,seasonal_payer
INV6000902,B006,B006-C1029,FMCG Client 029,FMCG & Food Processing,45,23607.25,2026-08-21,2026-10-05,disputed_open,,,,False,False,seasonal_payer
INV6000903,B006,B006-C1029,FMCG Client 029,FMCG & Food Processing,45,33834.12,2026-08-30,2026-10-14,open,,,,False,False,seasonal_payer
INV6000904,B006,B006-C1030,FMCG Client 030,FMCG & Food Processing,15,305512.12,2024-03-19,2024-04-03,closed,2024-04-19,31,16,False,False,average_payer
INV6000905,B006,B006-C1030,FMCG Client 030,FMCG & Food Processing,15,259174.71,2024-04-18,2024-05-03,closed,2024-05-14,26,11,False,False,average_payer
INV6000906,B006,B006-C1030,FMCG Client 030,FMCG & Food Processing,15,361686.94,2024-05-29,2024-06-13,closed,2024-06-16,18,3,False,False,average_payer
INV6000907,B006,B006-C1030,FMCG Client 030,FMCG & Food Processing,15,349694.19,2024-06-22,2024-07-07,closed,2024-07-12,20,5,False,False,average_payer
INV6000908,B006,B006-C1030,FMCG Client 030,FMCG & Food Processing,15,342789.54,2024-07-21,2024-08-05,closed,2024-07-30,9,-6,False,False,average_payer
INV6000909,B006,B006-C1030,FMCG Client 030,FMCG & Food Processing,15,310092.92,2024-09-07,2024-09-22,closed,2024-10-02,25,10,False,False,average_payer
INV6000910,B006,B006-C1030,FMCG Client 030,FMCG & Food Processing,15,434139.04,2024-10-10,2024-10-25,closed,2024-10-27,17,2,False,False,average_payer
INV6000911,B006,B006-C1030,FMCG Client 030,FMCG & Food Processing,15,1529864.43,2024-11-18,2024-12-03,closed,2024-12-02,14,-1,False,True,average_payer
INV6000912,B006,B006-C1030,FMCG Client 030,FMCG & Food Processing,15,340742.31,2024-11-25,2024-12-10,closed,2024-12-12,17,2,False,False,average_payer
INV6000913,B006,B006-C1030,FMCG Client 030,FMCG & Food Processing,15,377508.22,2025-02-11,2025-02-26,closed,2025-03-17,34,19,False,False,average_payer
INV6000914,B006,B006-C1030,FMCG Client 030,FMCG & Food Processing,15,461126.62,2025-04-04,2025-04-19,closed,2025-04-24,20,5,False,False,average_payer
INV6000915,B006,B006-C1030,FMCG Client 030,FMCG & Food Processing,15,283616.53,2025-04-21,2025-05-06,closed,2025-05-14,23,8,False,False,average_payer
INV6000916,B006,B006-C1030,FMCG Client 030,FMCG & Food Processing,15,241476.8,2025-08-29,2025-09-13,closed,2025-09-19,21,6,False,False,average_payer
INV6000917,B006,B006-C1030,FMCG Client 030,FMCG & Food Processing,15,381135.79,2025-09-22,2025-10-07,closed,2025-10-02,10,-5,False,False,average_payer
INV6000918,B006,B006-C1030,FMCG Client 030,FMCG & Food Processing,15,420866.06,2025-12-22,2026-01-06,closed,2026-01-14,23,8,False,False,average_payer
INV6000919,B006,B006-C1030,FMCG Client 030,FMCG & Food Processing,15,259334.06,2026-01-28,2026-02-12,closed,2026-02-24,27,12,False,False,average_payer
INV6000920,B006,B006-C1030,FMCG Client 030,FMCG & Food Processing,15,404491.12,2026-02-18,2026-03-05,closed,2026-03-22,32,17,False,False,average_payer
INV6000921,B006,B006-C1030,FMCG Client 030,FMCG & Food Processing,15,517996.39,2026-03-23,2026-04-07,closed,2026-04-08,16,1,False,False,average_payer
INV6000922,B006,B006-C1030,FMCG Client 030,FMCG & Food Processing,15,296629.21,2026-04-02,2026-04-17,closed,2026-04-29,27,12,False,False,average_payer
INV6000923,B006,B006-C1030,FMCG Client 030,FMCG & Food Processing,15,354464.44,2026-04-10,2026-04-25,closed,2026-04-27,17,2,False,False,average_payer
INV6000924,B006,B006-C1030,FMCG Client 030,FMCG & Food Processing,15,354211.17,2026-04-29,2026-05-14,closed,2026-05-18,19,4,False,False,average_payer
INV6000925,B006,B006-C1030,FMCG Client 030,FMCG & Food Processing,15,398505.2,2026-05-12,2026-05-27,closed,2026-06-03,22,7,False,False,average_payer
INV6000926,B006,B006-C1030,FMCG Client 030,FMCG & Food Processing,15,477495.37,2026-07-22,2026-08-06,closed,2026-08-10,19,4,False,False,average_payer
INV6000927,B006,B006-C1030,FMCG Client 030,FMCG & Food Processing,15,273693.32,2026-08-11,2026-08-26,closed,2026-08-28,17,2,False,False,average_payer
INV6000928,B006,B006-C1031,Chemicals Client 031,Chemicals & Plastics,30,558282.97,2024-06-05,2024-07-05,closed,2024-08-18,74,44,False,True,improving_payer
INV6000929,B006,B006-C1031,Chemicals Client 031,Chemicals & Plastics,30,220168.53,2024-07-27,2024-08-26,closed,2024-10-08,73,43,False,False,improving_payer
INV6000930,B006,B006-C1031,Chemicals Client 031,Chemicals & Plastics,30,185231.0,2024-08-01,2024-08-31,closed,2024-10-12,72,42,False,False,improving_payer
INV6000931,B006,B006-C1031,Chemicals Client 031,Chemicals & Plastics,30,216366.67,2024-09-12,2024-10-12,closed,2024-11-04,53,23,False,False,improving_payer
INV6000932,B006,B006-C1031,Chemicals Client 031,Chemicals & Plastics,30,285585.53,2024-10-29,2024-11-28,closed,2024-12-19,51,21,False,False,improving_payer
INV6000933,B006,B006-C1031,Chemicals Client 031,Chemicals & Plastics,30,146071.12,2024-11-21,2024-12-21,closed,2025-01-14,54,24,False,False,improving_payer
INV6000934,B006,B006-C1031,Chemicals Client 031,Chemicals & Plastics,30,222128.38,2025-01-16,2025-02-15,closed,2025-03-22,65,35,False,False,improving_payer
INV6000935,B006,B006-C1031,Chemicals Client 031,Chemicals & Plastics,30,166361.71,2025-02-14,2025-03-16,closed,2025-04-07,52,22,False,False,improving_payer
INV6000936,B006,B006-C1031,Chemicals Client 031,Chemicals & Plastics,30,139076.71,2025-03-10,2025-04-09,closed,2025-04-24,45,15,False,False,improving_payer
INV6000937,B006,B006-C1031,Chemicals Client 031,Chemicals & Plastics,30,166220.49,2025-03-26,2025-04-25,closed,2025-05-21,56,26,False,False,improving_payer
INV6000938,B006,B006-C1031,Chemicals Client 031,Chemicals & Plastics,30,210283.73,2025-05-26,2025-06-25,closed,2025-07-24,59,29,False,False,improving_payer
INV6000939,B006,B006-C1031,Chemicals Client 031,Chemicals & Plastics,30,267642.11,2025-06-07,2025-07-07,closed,2025-07-20,43,13,False,False,improving_payer
INV6000940,B006,B006-C1031,Chemicals Client 031,Chemicals & Plastics,30,182733.11,2025-07-22,2025-08-21,closed,2025-09-14,54,24,False,False,improving_payer
INV6000941,B006,B006-C1031,Chemicals Client 031,Chemicals & Plastics,30,111149.08,2025-08-29,2025-09-28,closed,2025-10-17,49,19,False,False,improving_payer
INV6000942,B006,B006-C1031,Chemicals Client 031,Chemicals & Plastics,30,147501.56,2025-09-15,2025-10-15,closed,2025-11-03,49,19,False,False,improving_payer
INV6000943,B006,B006-C1031,Chemicals Client 031,Chemicals & Plastics,30,226682.49,2025-09-24,2025-10-24,closed,2025-11-16,53,23,False,False,improving_payer
INV6000944,B006,B006-C1031,Chemicals Client 031,Chemicals & Plastics,30,277496.55,2025-10-03,2025-11-02,closed,2025-11-10,38,8,False,False,improving_payer
INV6000945,B006,B006-C1031,Chemicals Client 031,Chemicals & Plastics,30,192050.45,2026-01-15,2026-02-14,closed,2026-03-04,48,18,False,False,improving_payer
INV6000946,B006,B006-C1031,Chemicals Client 031,Chemicals & Plastics,30,206534.56,2026-02-17,2026-03-19,closed,2026-04-14,56,26,False,False,improving_payer
INV6000947,B006,B006-C1031,Chemicals Client 031,Chemicals & Plastics,30,377058.58,2026-02-21,2026-03-23,closed,2026-03-28,35,5,False,False,improving_payer
INV6000948,B006,B006-C1031,Chemicals Client 031,Chemicals & Plastics,30,135216.69,2026-03-10,2026-04-09,closed,2026-04-14,35,5,False,False,improving_payer
INV6000949,B006,B006-C1031,Chemicals Client 031,Chemicals & Plastics,30,217045.68,2026-05-19,2026-06-18,closed,2026-06-26,38,8,False,False,improving_payer
INV6000950,B006,B006-C1031,Chemicals Client 031,Chemicals & Plastics,30,611304.87,2026-05-24,2026-06-23,closed,2026-06-25,32,2,False,True,improving_payer
INV6000951,B006,B006-C1031,Chemicals Client 031,Chemicals & Plastics,30,151141.94,2026-06-14,2026-07-14,closed,2026-07-14,30,0,False,False,improving_payer
INV6000952,B006,B006-C1031,Chemicals Client 031,Chemicals & Plastics,30,151780.13,2026-06-19,2026-07-19,closed,2026-07-14,25,-5,False,False,improving_payer
INV6000953,B006,B006-C1031,Chemicals Client 031,Chemicals & Plastics,30,178569.9,2026-07-16,2026-08-15,closed,2026-08-28,43,13,False,False,improving_payer
INV6000954,B006,B006-C1031,Chemicals Client 031,Chemicals & Plastics,30,143626.97,2026-07-24,2026-08-23,closed,2026-08-27,34,4,False,False,improving_payer
INV6000955,B006,B006-C1032,Auto Client 032,Auto Components,30,217257.45,2024-03-31,2024-04-30,closed,2024-05-15,45,15,False,True,chronic_late_payer
INV6000956,B006,B006-C1032,Auto Client 032,Auto Components,30,47595.84,2024-04-01,2024-05-01,closed,2024-06-14,74,44,False,False,chronic_late_payer
INV6000957,B006,B006-C1032,Auto Client 032,Auto Components,30,52746.77,2024-04-17,2024-05-17,closed,2024-06-10,54,24,False,False,chronic_late_payer
INV6000958,B006,B006-C1032,Auto Client 032,Auto Components,30,37691.13,2024-04-19,2024-05-19,closed,2024-06-24,66,36,False,False,chronic_late_payer
INV6000959,B006,B006-C1032,Auto Client 032,Auto Components,30,50920.25,2024-04-21,2024-05-21,closed,2024-06-04,44,14,False,False,chronic_late_payer
INV6000960,B006,B006-C1032,Auto Client 032,Auto Components,30,58266.6,2024-05-23,2024-06-22,closed,2024-07-14,52,22,False,False,chronic_late_payer
INV6000961,B006,B006-C1032,Auto Client 032,Auto Components,30,38080.73,2024-06-14,2024-07-14,closed,2024-08-26,73,43,False,False,chronic_late_payer
INV6000962,B006,B006-C1032,Auto Client 032,Auto Components,30,39633.61,2024-06-21,2024-07-21,closed,2024-08-29,69,39,False,False,chronic_late_payer
INV6000963,B006,B006-C1032,Auto Client 032,Auto Components,30,56885.27,2024-07-26,2024-08-25,closed,2024-10-20,86,56,False,False,chronic_late_payer
INV6000964,B006,B006-C1032,Auto Client 032,Auto Components,30,51013.33,2024-08-21,2024-09-20,closed,2024-10-17,57,27,False,False,chronic_late_payer
INV6000965,B006,B006-C1032,Auto Client 032,Auto Components,30,69262.29,2024-09-12,2024-10-12,closed,2024-12-17,96,66,False,False,chronic_late_payer
INV6000966,B006,B006-C1032,Auto Client 032,Auto Components,30,63224.87,2024-10-07,2024-11-06,closed,2024-12-26,80,50,False,False,chronic_late_payer
INV6000967,B006,B006-C1032,Auto Client 032,Auto Components,30,31112.59,2024-11-10,2024-12-10,closed,2025-01-19,70,40,False,False,chronic_late_payer
INV6000968,B006,B006-C1032,Auto Client 032,Auto Components,30,39138.27,2024-11-23,2024-12-23,closed,2025-01-23,61,31,False,False,chronic_late_payer
INV6000969,B006,B006-C1032,Auto Client 032,Auto Components,30,49742.92,2024-12-12,2025-01-11,closed,2025-02-16,66,36,False,False,chronic_late_payer
INV6000970,B006,B006-C1032,Auto Client 032,Auto Components,30,179246.35,2024-12-29,2025-01-28,closed,2025-02-14,47,17,False,True,chronic_late_payer
INV6000971,B006,B006-C1032,Auto Client 032,Auto Components,30,60177.38,2025-01-22,2025-02-21,open,,,,False,False,chronic_late_payer
INV6000972,B006,B006-C1032,Auto Client 032,Auto Components,30,37379.14,2025-02-11,2025-03-13,closed,2025-04-29,77,47,False,False,chronic_late_payer
INV6000973,B006,B006-C1032,Auto Client 032,Auto Components,30,38020.37,2025-04-08,2025-05-08,closed,2025-06-28,81,51,False,False,chronic_late_payer
INV6000974,B006,B006-C1032,Auto Client 032,Auto Components,30,29363.85,2025-04-10,2025-05-10,closed,2025-05-24,44,14,False,False,chronic_late_payer
INV6000975,B006,B006-C1032,Auto Client 032,Auto Components,30,28691.59,2025-05-21,2025-06-20,closed,2025-07-04,44,14,False,False,chronic_late_payer
INV6000976,B006,B006-C1032,Auto Client 032,Auto Components,30,38907.51,2025-06-03,2025-07-03,closed,2025-08-19,77,47,False,False,chronic_late_payer
INV6000977,B006,B006-C1032,Auto Client 032,Auto Components,30,47612.92,2025-06-12,2025-07-12,closed,2025-08-18,67,37,False,False,chronic_late_payer
INV6000978,B006,B006-C1032,Auto Client 032,Auto Components,30,56522.74,2025-08-04,2025-09-03,closed,2025-09-28,55,25,False,False,chronic_late_payer
INV6000979,B006,B006-C1032,Auto Client 032,Auto Components,30,41863.24,2025-08-11,2025-09-10,closed,2025-10-05,55,25,False,False,chronic_late_payer
INV6000980,B006,B006-C1032,Auto Client 032,Auto Components,30,67769.9,2025-10-06,2025-11-05,closed,2025-12-06,61,31,False,False,chronic_late_payer
INV6000981,B006,B006-C1032,Auto Client 032,Auto Components,30,32437.57,2025-12-04,2026-01-03,closed,2026-02-21,79,49,False,False,chronic_late_payer
INV6000982,B006,B006-C1032,Auto Client 032,Auto Components,30,60430.16,2026-02-08,2026-03-10,closed,2026-03-27,47,17,False,False,chronic_late_payer
INV6000983,B006,B006-C1032,Auto Client 032,Auto Components,30,80221.85,2026-02-10,2026-03-12,closed,2026-04-14,63,33,False,False,chronic_late_payer
INV6000984,B006,B006-C1032,Auto Client 032,Auto Components,30,70315.11,2026-03-20,2026-04-19,closed,2026-05-19,60,30,False,False,chronic_late_payer
INV6000985,B006,B006-C1032,Auto Client 032,Auto Components,30,62063.97,2026-03-23,2026-04-22,closed,2026-05-11,49,19,False,False,chronic_late_payer
INV6000986,B006,B006-C1032,Auto Client 032,Auto Components,30,43533.44,2026-04-04,2026-05-04,closed,2026-06-12,69,39,False,False,chronic_late_payer
INV6000987,B006,B006-C1032,Auto Client 032,Auto Components,30,65206.57,2026-04-16,2026-05-16,closed,2026-06-18,63,33,False,False,chronic_late_payer
INV6000988,B006,B006-C1032,Auto Client 032,Auto Components,30,168274.51,2026-04-30,2026-05-30,open,,,,False,True,chronic_late_payer
INV6000989,B006,B006-C1032,Auto Client 032,Auto Components,30,41478.87,2026-05-13,2026-06-12,closed,2026-07-26,74,44,False,False,chronic_late_payer
INV6000990,B006,B006-C1032,Auto Client 032,Auto Components,30,45842.69,2026-06-02,2026-07-02,closed,2026-08-13,72,42,False,False,chronic_late_payer
INV6000991,B006,B006-C1032,Auto Client 032,Auto Components,30,39896.88,2026-06-26,2026-07-26,disputed_open,,,,False,False,chronic_late_payer
INV6000992,B006,B006-C1032,Auto Client 032,Auto Components,30,49955.24,2026-06-30,2026-07-30,closed,2026-08-16,47,17,False,False,chronic_late_payer
INV6000993,B006,B006-C1032,Auto Client 032,Auto Components,30,214681.77,2026-07-21,2026-08-20,open,,,,False,True,chronic_late_payer
INV6000994,B006,B006-C1033,Retail Client 033,Retail & Distribution,90,25958.23,2024-04-25,2024-07-24,closed,2024-08-08,105,15,False,False,erratic_payer
INV6000995,B006,B006-C1033,Retail Client 033,Retail & Distribution,90,39274.56,2024-06-01,2024-08-30,closed,2024-09-12,103,13,False,False,erratic_payer
INV6000996,B006,B006-C1033,Retail Client 033,Retail & Distribution,90,249876.31,2024-06-16,2024-09-14,closed,2024-09-17,93,3,False,True,erratic_payer
INV6000997,B006,B006-C1033,Retail Client 033,Retail & Distribution,90,43940.94,2024-08-03,2024-11-01,closed,2024-11-07,96,6,False,False,erratic_payer
INV6000998,B006,B006-C1033,Retail Client 033,Retail & Distribution,90,30599.81,2024-08-06,2024-11-04,open,,,,False,False,erratic_payer
INV6000999,B006,B006-C1033,Retail Client 033,Retail & Distribution,90,51864.9,2024-08-07,2024-11-05,open,,,,False,False,erratic_payer
INV6001000,B006,B006-C1033,Retail Client 033,Retail & Distribution,90,22160.72,2024-08-11,2024-11-09,closed,2024-11-18,99,9,False,False,erratic_payer
INV6001001,B006,B006-C1033,Retail Client 033,Retail & Distribution,90,27574.86,2024-08-20,2024-11-18,closed,2024-11-09,81,-9,False,False,erratic_payer
INV6001002,B006,B006-C1033,Retail Client 033,Retail & Distribution,90,31642.09,2024-11-17,2025-02-15,closed,2025-02-19,94,4,False,False,erratic_payer
INV6001003,B006,B006-C1033,Retail Client 033,Retail & Distribution,90,31053.7,2025-01-28,2025-04-28,closed,2025-05-12,104,14,True,False,erratic_payer
INV6001004,B006,B006-C1033,Retail Client 033,Retail & Distribution,90,39254.03,2025-02-12,2025-05-13,closed,2025-05-13,90,0,False,False,erratic_payer
INV6001005,B006,B006-C1033,Retail Client 033,Retail & Distribution,90,35325.48,2025-04-10,2025-07-09,closed,2025-08-13,125,35,False,False,erratic_payer
INV6001006,B006,B006-C1033,Retail Client 033,Retail & Distribution,90,26741.63,2025-04-13,2025-07-12,closed,2025-07-17,95,5,False,False,erratic_payer
INV6001007,B006,B006-C1033,Retail Client 033,Retail & Distribution,90,42688.43,2025-04-14,2025-07-13,closed,2025-08-26,134,44,False,False,erratic_payer
INV6001008,B006,B006-C1033,Retail Client 033,Retail & Distribution,90,31050.95,2025-04-18,2025-07-17,closed,2025-08-02,106,16,False,False,erratic_payer
INV6001009,B006,B006-C1033,Retail Client 033,Retail & Distribution,90,33406.47,2025-05-30,2025-08-28,closed,2025-08-26,88,-2,False,False,erratic_payer
INV6001010,B006,B006-C1033,Retail Client 033,Retail & Distribution,90,27644.87,2025-07-22,2025-10-20,closed,2025-10-18,88,-2,False,False,erratic_payer
INV6001011,B006,B006-C1033,Retail Client 033,Retail & Distribution,90,33423.39,2025-09-23,2025-12-22,closed,2025-12-31,99,9,False,False,erratic_payer
INV6001012,B006,B006-C1033,Retail Client 033,Retail & Distribution,90,41810.42,2025-09-24,2025-12-23,closed,2025-12-08,75,-15,False,False,erratic_payer
INV6001013,B006,B006-C1033,Retail Client 033,Retail & Distribution,90,41132.72,2025-11-18,2026-02-16,closed,2026-03-02,104,14,False,False,erratic_payer
INV6001014,B006,B006-C1033,Retail Client 033,Retail & Distribution,90,24062.1,2025-11-30,2026-02-28,closed,2026-03-03,93,3,False,False,erratic_payer
INV6001015,B006,B006-C1033,Retail Client 033,Retail & Distribution,90,35717.48,2026-01-18,2026-04-18,closed,2026-04-25,97,7,False,False,erratic_payer
INV6001016,B006,B006-C1033,Retail Client 033,Retail & Distribution,90,25032.01,2026-01-20,2026-04-20,closed,2026-05-09,109,19,False,False,erratic_payer
INV6001017,B006,B006-C1033,Retail Client 033,Retail & Distribution,90,30864.45,2026-03-06,2026-06-04,closed,2026-06-19,105,15,False,False,erratic_payer
INV6001018,B006,B006-C1033,Retail Client 033,Retail & Distribution,90,38310.25,2026-04-10,2026-07-09,closed,2026-08-16,128,38,False,False,erratic_payer
INV6001019,B006,B006-C1033,Retail Client 033,Retail & Distribution,90,42468.38,2026-04-24,2026-07-23,open,,,,False,False,erratic_payer
INV6001020,B006,B006-C1033,Retail Client 033,Retail & Distribution,90,27251.92,2026-05-01,2026-07-30,disputed_open,,,,False,False,erratic_payer
INV6001021,B006,B006-C1033,Retail Client 033,Retail & Distribution,90,45614.43,2026-06-05,2026-09-03,open,,,,False,False,erratic_payer
INV6001022,B006,B006-C1033,Retail Client 033,Retail & Distribution,90,33737.29,2026-06-16,2026-09-14,open,,,,False,False,erratic_payer
INV6001023,B006,B006-C1033,Retail Client 033,Retail & Distribution,90,34505.33,2026-08-06,2026-11-04,open,,,,False,False,erratic_payer
INV6001024,B006,B006-C1033,Retail Client 033,Retail & Distribution,90,39496.38,2026-08-17,2026-11-15,open,,,,False,False,erratic_payer
INV6001025,B006,B006-C1033,Retail Client 033,Retail & Distribution,90,141219.15,2026-08-18,2026-11-16,open,,,,False,True,erratic_payer
INV6001026,B006,B006-C1034,Retail Client 034,Retail & Distribution,45,46984.39,2024-03-20,2024-05-04,closed,2024-05-17,58,13,False,False,deteriorating_payer
INV6001027,B006,B006-C1034,Retail Client 034,Retail & Distribution,45,65571.28,2024-03-20,2024-05-04,closed,2024-05-26,67,22,False,False,deteriorating_payer
INV6001028,B006,B006-C1034,Retail Client 034,Retail & Distribution,45,126668.6,2024-04-02,2024-05-17,closed,2024-05-15,43,-2,False,False,deteriorating_payer
INV6001029,B006,B006-C1034,Retail Client 034,Retail & Distribution,45,76387.88,2024-04-13,2024-05-28,disputed_open,,,,False,False,deteriorating_payer
INV6001030,B006,B006-C1034,Retail Client 034,Retail & Distribution,45,79592.46,2024-04-16,2024-05-31,closed,2024-06-29,74,29,False,False,deteriorating_payer
INV6001031,B006,B006-C1034,Retail Client 034,Retail & Distribution,45,83154.4,2024-06-11,2024-07-26,closed,2024-08-09,59,14,False,False,deteriorating_payer
INV6001032,B006,B006-C1034,Retail Client 034,Retail & Distribution,45,98450.89,2024-07-29,2024-09-12,closed,2024-09-14,47,2,False,False,deteriorating_payer
INV6001033,B006,B006-C1034,Retail Client 034,Retail & Distribution,45,58184.21,2024-08-19,2024-10-03,closed,2024-10-01,43,-2,True,False,deteriorating_payer
INV6001034,B006,B006-C1034,Retail Client 034,Retail & Distribution,45,76499.21,2024-08-31,2024-10-15,closed,2024-11-07,68,23,False,False,deteriorating_payer
INV6001035,B006,B006-C1034,Retail Client 034,Retail & Distribution,45,166409.53,2024-09-10,2024-10-25,closed,2024-11-29,80,35,False,False,deteriorating_payer
INV6001036,B006,B006-C1034,Retail Client 034,Retail & Distribution,45,103182.03,2024-09-12,2024-10-27,closed,2024-11-08,57,12,False,False,deteriorating_payer
INV6001037,B006,B006-C1034,Retail Client 034,Retail & Distribution,45,122333.44,2024-10-28,2024-12-12,closed,2024-12-10,43,-2,False,False,deteriorating_payer
INV6001038,B006,B006-C1034,Retail Client 034,Retail & Distribution,45,76447.17,2024-11-15,2024-12-30,closed,2025-01-16,62,17,False,False,deteriorating_payer
INV6001039,B006,B006-C1034,Retail Client 034,Retail & Distribution,45,109938.19,2024-11-28,2025-01-12,closed,2025-02-14,78,33,False,False,deteriorating_payer
INV6001040,B006,B006-C1034,Retail Client 034,Retail & Distribution,45,104533.57,2024-12-09,2025-01-23,closed,2025-02-18,71,26,False,False,deteriorating_payer
INV6001041,B006,B006-C1034,Retail Client 034,Retail & Distribution,45,91885.9,2024-12-13,2025-01-27,closed,2025-02-23,72,27,False,False,deteriorating_payer
INV6001042,B006,B006-C1034,Retail Client 034,Retail & Distribution,45,74632.39,2024-12-22,2025-02-05,closed,2025-02-07,47,2,False,False,deteriorating_payer
INV6001043,B006,B006-C1034,Retail Client 034,Retail & Distribution,45,80140.51,2024-12-23,2025-02-06,closed,2025-02-13,52,7,False,False,deteriorating_payer
INV6001044,B006,B006-C1034,Retail Client 034,Retail & Distribution,45,83435.53,2024-12-24,2025-02-07,closed,2025-03-01,67,22,False,False,deteriorating_payer
INV6001045,B006,B006-C1034,Retail Client 034,Retail & Distribution,45,101456.36,2024-12-26,2025-02-09,closed,2025-03-16,80,35,False,False,deteriorating_payer
INV6001046,B006,B006-C1034,Retail Client 034,Retail & Distribution,45,49544.05,2024-12-27,2025-02-10,closed,2025-02-08,43,-2,False,False,deteriorating_payer
INV6001047,B006,B006-C1034,Retail Client 034,Retail & Distribution,45,47917.82,2025-01-13,2025-02-27,closed,2025-03-12,58,13,False,False,deteriorating_payer
INV6001048,B006,B006-C1034,Retail Client 034,Retail & Distribution,45,82472.2,2025-01-15,2025-03-01,closed,2025-04-06,81,36,False,False,deteriorating_payer
INV6001049,B006,B006-C1034,Retail Client 034,Retail & Distribution,45,244430.04,2025-01-30,2025-03-16,closed,2025-04-07,67,22,True,True,deteriorating_payer
INV6001050,B006,B006-C1034,Retail Client 034,Retail & Distribution,45,90937.65,2025-02-08,2025-03-25,closed,2025-04-11,62,17,False,False,deteriorating_payer
INV6001051,B006,B006-C1034,Retail Client 034,Retail & Distribution,45,62163.33,2025-02-15,2025-04-01,closed,2025-04-29,73,28,False,False,deteriorating_payer
INV6001052,B006,B006-C1034,Retail Client 034,Retail & Distribution,45,91371.71,2025-04-05,2025-05-20,closed,2025-06-10,66,21,False,False,deteriorating_payer
INV6001053,B006,B006-C1034,Retail Client 034,Retail & Distribution,45,117179.13,2025-04-15,2025-05-30,closed,2025-06-11,57,12,False,False,deteriorating_payer
INV6001054,B006,B006-C1034,Retail Client 034,Retail & Distribution,45,60298.86,2025-05-01,2025-06-15,closed,2025-07-20,80,35,False,False,deteriorating_payer
INV6001055,B006,B006-C1034,Retail Client 034,Retail & Distribution,45,68670.51,2025-05-01,2025-06-15,closed,2025-06-30,60,15,False,False,deteriorating_payer
INV6001056,B006,B006-C1034,Retail Client 034,Retail & Distribution,45,81445.97,2025-05-17,2025-07-01,closed,2025-07-22,66,21,False,False,deteriorating_payer
INV6001057,B006,B006-C1034,Retail Client 034,Retail & Distribution,45,93419.55,2025-07-08,2025-08-22,closed,2025-08-29,52,7,False,False,deteriorating_payer
INV6001058,B006,B006-C1034,Retail Client 034,Retail & Distribution,45,70738.46,2025-07-11,2025-08-25,closed,2025-09-30,81,36,False,False,deteriorating_payer
INV6001059,B006,B006-C1034,Retail Client 034,Retail & Distribution,45,77203.88,2025-08-31,2025-10-15,closed,2025-11-02,63,18,False,False,deteriorating_payer
INV6001060,B006,B006-C1034,Retail Client 034,Retail & Distribution,45,53674.96,2025-09-04,2025-10-19,closed,2025-11-01,58,13,False,False,deteriorating_payer
INV6001061,B006,B006-C1034,Retail Client 034,Retail & Distribution,45,100794.74,2025-09-14,2025-10-29,closed,2025-11-22,69,24,False,False,deteriorating_payer
INV6001062,B006,B006-C1034,Retail Client 034,Retail & Distribution,45,65405.44,2025-09-26,2025-11-10,closed,2025-12-24,89,44,False,False,deteriorating_payer
INV6001063,B006,B006-C1034,Retail Client 034,Retail & Distribution,45,80121.17,2025-11-22,2026-01-06,closed,2026-02-05,75,30,False,False,deteriorating_payer
INV6001064,B006,B006-C1034,Retail Client 034,Retail & Distribution,45,93816.55,2025-12-13,2026-01-27,closed,2026-03-06,83,38,False,False,deteriorating_payer
INV6001065,B006,B006-C1034,Retail Client 034,Retail & Distribution,45,73463.58,2026-01-08,2026-02-22,closed,2026-03-19,70,25,False,False,deteriorating_payer
INV6001066,B006,B006-C1034,Retail Client 034,Retail & Distribution,45,114159.1,2026-01-09,2026-02-23,closed,2026-03-31,81,36,False,False,deteriorating_payer
INV6001067,B006,B006-C1034,Retail Client 034,Retail & Distribution,45,299606.87,2026-01-30,2026-03-16,closed,2026-04-14,74,29,False,True,deteriorating_payer
INV6001068,B006,B006-C1034,Retail Client 034,Retail & Distribution,45,110519.86,2026-02-03,2026-03-20,closed,2026-04-23,79,34,False,False,deteriorating_payer
INV6001069,B006,B006-C1034,Retail Client 034,Retail & Distribution,45,94433.06,2026-02-20,2026-04-06,closed,2026-05-05,74,29,False,False,deteriorating_payer
INV6001070,B006,B006-C1034,Retail Client 034,Retail & Distribution,45,45737.22,2026-03-15,2026-04-29,closed,2026-05-19,65,20,False,False,deteriorating_payer
INV6001071,B006,B006-C1034,Retail Client 034,Retail & Distribution,45,54400.84,2026-03-23,2026-05-07,closed,2026-05-07,45,0,False,False,deteriorating_payer
INV6001072,B006,B006-C1034,Retail Client 034,Retail & Distribution,45,55217.56,2026-03-24,2026-05-08,closed,2026-06-07,75,30,False,False,deteriorating_payer
INV6001073,B006,B006-C1034,Retail Client 034,Retail & Distribution,45,92045.3,2026-04-24,2026-06-08,closed,2026-07-04,71,26,False,False,deteriorating_payer
INV6001074,B006,B006-C1034,Retail Client 034,Retail & Distribution,45,133097.15,2026-04-29,2026-06-13,closed,2026-07-20,82,37,False,False,deteriorating_payer
INV6001075,B006,B006-C1034,Retail Client 034,Retail & Distribution,45,48470.16,2026-06-13,2026-07-28,open,,,,False,False,deteriorating_payer
INV6001076,B006,B006-C1034,Retail Client 034,Retail & Distribution,45,118231.21,2026-06-15,2026-07-30,open,,,,False,False,deteriorating_payer
INV6001077,B006,B006-C1034,Retail Client 034,Retail & Distribution,45,111504.97,2026-08-12,2026-09-26,open,,,,False,False,deteriorating_payer
INV6001078,B006,B006-C1034,Retail Client 034,Retail & Distribution,45,566537.56,2026-08-16,2026-09-30,open,,,,False,True,deteriorating_payer
INV6001079,B006,B006-C1035,Metal Client 035,Metal & Engineering,30,118875.01,2024-04-11,2024-05-11,closed,2024-06-14,64,34,False,False,chronic_late_payer
INV6001080,B006,B006-C1035,Metal Client 035,Metal & Engineering,30,222413.8,2024-04-28,2024-05-28,closed,2024-07-04,67,37,False,False,chronic_late_payer
INV6001081,B006,B006-C1035,Metal Client 035,Metal & Engineering,30,621674.82,2024-05-17,2024-06-16,closed,2024-07-26,70,40,False,True,chronic_late_payer
INV6001082,B006,B006-C1035,Metal Client 035,Metal & Engineering,30,111888.26,2024-05-18,2024-06-17,closed,2024-07-23,66,36,False,False,chronic_late_payer
INV6001083,B006,B006-C1035,Metal Client 035,Metal & Engineering,30,155611.4,2024-05-23,2024-06-22,open,,,,False,False,chronic_late_payer
INV6001084,B006,B006-C1035,Metal Client 035,Metal & Engineering,30,173620.15,2024-06-15,2024-07-15,closed,2024-09-20,97,67,False,False,chronic_late_payer
INV6001085,B006,B006-C1035,Metal Client 035,Metal & Engineering,30,198407.87,2024-08-04,2024-09-03,closed,2024-09-24,51,21,False,False,chronic_late_payer
INV6001086,B006,B006-C1035,Metal Client 035,Metal & Engineering,30,220404.53,2024-08-30,2024-09-29,closed,2024-11-15,77,47,False,False,chronic_late_payer
INV6001087,B006,B006-C1035,Metal Client 035,Metal & Engineering,30,283542.59,2024-10-15,2024-11-14,closed,2024-12-20,66,36,False,False,chronic_late_payer
INV6001088,B006,B006-C1035,Metal Client 035,Metal & Engineering,30,156328.88,2024-12-05,2025-01-04,closed,2025-01-23,49,19,False,False,chronic_late_payer
INV6001089,B006,B006-C1035,Metal Client 035,Metal & Engineering,30,173450.84,2025-01-04,2025-02-03,closed,2025-03-16,71,41,False,False,chronic_late_payer
INV6001090,B006,B006-C1035,Metal Client 035,Metal & Engineering,30,151425.49,2025-01-15,2025-02-14,closed,2025-02-28,44,14,False,False,chronic_late_payer
INV6001091,B006,B006-C1035,Metal Client 035,Metal & Engineering,30,154724.11,2025-02-13,2025-03-15,closed,2025-04-24,70,40,False,False,chronic_late_payer
INV6001092,B006,B006-C1035,Metal Client 035,Metal & Engineering,30,162038.31,2025-03-06,2025-04-05,closed,2025-05-19,74,44,False,False,chronic_late_payer
INV6001093,B006,B006-C1035,Metal Client 035,Metal & Engineering,30,188665.92,2025-04-05,2025-05-05,closed,2025-06-09,65,35,False,False,chronic_late_payer
INV6001094,B006,B006-C1035,Metal Client 035,Metal & Engineering,30,178917.29,2025-05-06,2025-06-05,closed,2025-07-03,58,28,True,False,chronic_late_payer
INV6001095,B006,B006-C1035,Metal Client 035,Metal & Engineering,30,187552.78,2025-06-25,2025-07-25,closed,2025-08-27,63,33,False,False,chronic_late_payer
INV6001096,B006,B006-C1035,Metal Client 035,Metal & Engineering,30,140247.67,2025-07-22,2025-08-21,closed,2025-09-27,67,37,False,False,chronic_late_payer
INV6001097,B006,B006-C1035,Metal Client 035,Metal & Engineering,30,65084.96,2025-09-30,2025-10-30,closed,2025-12-02,63,33,False,False,chronic_late_payer
INV6001098,B006,B006-C1035,Metal Client 035,Metal & Engineering,30,122211.28,2025-10-01,2025-10-31,closed,2025-11-19,49,19,False,False,chronic_late_payer
INV6001099,B006,B006-C1035,Metal Client 035,Metal & Engineering,30,129229.91,2025-11-04,2025-12-04,closed,2026-01-12,69,39,False,False,chronic_late_payer
INV6001100,B006,B006-C1035,Metal Client 035,Metal & Engineering,30,113768.51,2025-12-22,2026-01-21,closed,2026-03-11,79,49,False,False,chronic_late_payer
INV6001101,B006,B006-C1035,Metal Client 035,Metal & Engineering,30,108820.79,2025-12-30,2026-01-29,closed,2026-03-11,71,41,False,False,chronic_late_payer
INV6001102,B006,B006-C1035,Metal Client 035,Metal & Engineering,30,106090.01,2026-02-27,2026-03-29,closed,2026-04-12,44,14,False,False,chronic_late_payer
INV6001103,B006,B006-C1035,Metal Client 035,Metal & Engineering,30,309487.2,2026-03-13,2026-04-12,closed,2026-06-14,93,63,False,True,chronic_late_payer
INV6001104,B006,B006-C1035,Metal Client 035,Metal & Engineering,30,115891.63,2026-03-14,2026-04-13,closed,2026-05-26,73,43,False,False,chronic_late_payer
INV6001105,B006,B006-C1035,Metal Client 035,Metal & Engineering,30,75674.19,2026-03-31,2026-04-30,closed,2026-05-29,59,29,False,False,chronic_late_payer
INV6001106,B006,B006-C1035,Metal Client 035,Metal & Engineering,30,154201.02,2026-04-14,2026-05-14,closed,2026-06-18,65,35,False,False,chronic_late_payer
INV6001107,B006,B006-C1035,Metal Client 035,Metal & Engineering,30,199920.16,2026-05-25,2026-06-24,closed,2026-08-17,84,54,False,False,chronic_late_payer
INV6001108,B006,B006-C1035,Metal Client 035,Metal & Engineering,30,171223.24,2026-06-04,2026-07-04,closed,2026-08-04,61,31,False,False,chronic_late_payer
INV6001109,B006,B006-C1035,Metal Client 035,Metal & Engineering,30,107704.15,2026-06-29,2026-07-29,open,,,,False,False,chronic_late_payer
INV6001110,B006,B006-C1035,Metal Client 035,Metal & Engineering,30,150527.97,2026-07-30,2026-08-29,open,,,,False,False,chronic_late_payer
INV6001111,B006,B006-C1035,Metal Client 035,Metal & Engineering,30,118929.67,2026-08-05,2026-09-04,open,,,,False,False,chronic_late_payer
INV6001112,B006,B006-C1035,Metal Client 035,Metal & Engineering,30,212424.1,2026-08-24,2026-09-23,open,,,,False,False,chronic_late_payer
INV6001113,B006,B006-C1036,Construction Client 036,Construction & Infra,30,98376.48,2024-04-05,2024-05-05,closed,2024-05-10,35,5,False,False,deteriorating_payer
INV6001114,B006,B006-C1036,Construction Client 036,Construction & Infra,30,58256.77,2024-04-24,2024-05-24,closed,2024-05-26,32,2,False,False,deteriorating_payer
INV6001115,B006,B006-C1036,Construction Client 036,Construction & Infra,30,80390.49,2024-04-25,2024-05-25,closed,2024-06-08,44,14,False,False,deteriorating_payer
INV6001116,B006,B006-C1036,Construction Client 036,Construction & Infra,30,93706.04,2024-06-23,2024-07-23,closed,2024-08-08,46,16,True,False,deteriorating_payer
INV6001117,B006,B006-C1036,Construction Client 036,Construction & Infra,30,71409.47,2024-06-23,2024-07-23,closed,2024-07-30,37,7,False,False,deteriorating_payer
INV6001118,B006,B006-C1036,Construction Client 036,Construction & Infra,30,36184.81,2024-09-27,2024-10-27,closed,2024-12-02,66,36,False,False,deteriorating_payer
INV6001119,B006,B006-C1036,Construction Client 036,Construction & Infra,30,76066.14,2024-10-01,2024-10-31,closed,2024-11-20,50,20,False,False,deteriorating_payer
INV6001120,B006,B006-C1036,Construction Client 036,Construction & Infra,30,54417.32,2024-10-03,2024-11-02,closed,2024-10-31,28,-2,False,False,deteriorating_payer
INV6001121,B006,B006-C1036,Construction Client 036,Construction & Infra,30,48030.02,2024-10-19,2024-11-18,closed,2024-11-18,30,0,False,False,deteriorating_payer
INV6001122,B006,B006-C1036,Construction Client 036,Construction & Infra,30,52354.53,2024-11-12,2024-12-12,closed,2024-12-21,39,9,False,False,deteriorating_payer
INV6001123,B006,B006-C1036,Construction Client 036,Construction & Infra,30,71871.45,2024-12-01,2024-12-31,closed,2025-01-12,42,12,False,False,deteriorating_payer
INV6001124,B006,B006-C1036,Construction Client 036,Construction & Infra,30,92466.89,2024-12-06,2025-01-05,closed,2025-01-20,45,15,False,False,deteriorating_payer
INV6001125,B006,B006-C1036,Construction Client 036,Construction & Infra,30,62028.65,2024-12-06,2025-01-05,closed,2025-01-18,43,13,False,False,deteriorating_payer
INV6001126,B006,B006-C1036,Construction Client 036,Construction & Infra,30,54277.54,2025-01-02,2025-02-01,closed,2025-02-09,38,8,False,False,deteriorating_payer
INV6001127,B006,B006-C1036,Construction Client 036,Construction & Infra,30,58624.48,2025-01-15,2025-02-14,closed,2025-03-20,64,34,False,False,deteriorating_payer
INV6001128,B006,B006-C1036,Construction Client 036,Construction & Infra,30,83154.01,2025-01-16,2025-02-15,closed,2025-02-17,32,2,False,False,deteriorating_payer
INV6001129,B006,B006-C1036,Construction Client 036,Construction & Infra,30,82578.44,2025-01-21,2025-02-20,closed,2025-04-02,71,41,False,False,deteriorating_payer
INV6001130,B006,B006-C1036,Construction Client 036,Construction & Infra,30,51043.94,2025-03-12,2025-04-11,closed,2025-04-09,28,-2,False,False,deteriorating_payer
INV6001131,B006,B006-C1036,Construction Client 036,Construction & Infra,30,59015.8,2025-03-16,2025-04-15,closed,2025-05-15,60,30,False,False,deteriorating_payer
INV6001132,B006,B006-C1036,Construction Client 036,Construction & Infra,30,45575.3,2025-04-05,2025-05-05,closed,2025-06-26,82,52,True,False,deteriorating_payer
INV6001133,B006,B006-C1036,Construction Client 036,Construction & Infra,30,105640.7,2025-04-20,2025-05-20,closed,2025-06-02,43,13,False,False,deteriorating_payer
INV6001134,B006,B006-C1036,Construction Client 036,Construction & Infra,30,69600.33,2025-05-02,2025-06-01,closed,2025-07-03,62,32,False,False,deteriorating_payer
INV6001135,B006,B006-C1036,Construction Client 036,Construction & Infra,30,58052.38,2025-05-09,2025-06-08,closed,2025-06-27,49,19,False,False,deteriorating_payer
INV6001136,B006,B006-C1036,Construction Client 036,Construction & Infra,30,60856.83,2025-05-17,2025-06-16,closed,2025-07-15,59,29,False,False,deteriorating_payer
INV6001137,B006,B006-C1036,Construction Client 036,Construction & Infra,30,160366.53,2025-05-26,2025-06-25,closed,2025-07-07,42,12,False,False,deteriorating_payer
INV6001138,B006,B006-C1036,Construction Client 036,Construction & Infra,30,89310.81,2025-05-28,2025-06-27,closed,2025-07-11,44,14,False,False,deteriorating_payer
INV6001139,B006,B006-C1036,Construction Client 036,Construction & Infra,30,118304.93,2025-07-01,2025-07-31,closed,2025-09-19,80,50,False,False,deteriorating_payer
INV6001140,B006,B006-C1036,Construction Client 036,Construction & Infra,30,442292.7,2025-07-21,2025-08-20,closed,2025-10-07,78,48,False,True,deteriorating_payer
INV6001141,B006,B006-C1036,Construction Client 036,Construction & Infra,30,95431.77,2025-08-07,2025-09-06,closed,2025-09-20,44,14,False,False,deteriorating_payer
INV6001142,B006,B006-C1036,Construction Client 036,Construction & Infra,30,70197.09,2025-08-22,2025-09-21,closed,2025-10-17,56,26,False,False,deteriorating_payer
INV6001143,B006,B006-C1036,Construction Client 036,Construction & Infra,30,103804.26,2025-10-20,2025-11-19,closed,2025-12-23,64,34,False,False,deteriorating_payer
INV6001144,B006,B006-C1036,Construction Client 036,Construction & Infra,30,56239.79,2025-11-04,2025-12-04,closed,2025-12-07,33,3,False,False,deteriorating_payer
INV6001145,B006,B006-C1036,Construction Client 036,Construction & Infra,30,95304.09,2025-12-14,2026-01-13,closed,2026-02-18,66,36,False,False,deteriorating_payer
INV6001146,B006,B006-C1036,Construction Client 036,Construction & Infra,30,105042.2,2025-12-17,2026-01-16,closed,2026-03-03,76,46,False,False,deteriorating_payer
INV6001147,B006,B006-C1036,Construction Client 036,Construction & Infra,30,92050.82,2026-03-10,2026-04-09,closed,2026-05-13,64,34,False,False,deteriorating_payer
INV6001148,B006,B006-C1036,Construction Client 036,Construction & Infra,30,51718.76,2026-04-14,2026-05-14,closed,2026-06-01,48,18,False,False,deteriorating_payer
INV6001149,B006,B006-C1036,Construction Client 036,Construction & Infra,30,34047.68,2026-08-16,2026-09-15,disputed_open,,,,False,False,deteriorating_payer
INV6001150,B006,B006-C1036,Construction Client 036,Construction & Infra,30,62677.43,2026-08-23,2026-09-22,disputed_open,,,,False,False,deteriorating_payer
INV6001151,B006,B006-C1037,Metal Client 037,Metal & Engineering,30,74865.93,2024-04-16,2024-05-16,closed,2024-05-26,40,10,False,False,average_payer
INV6001152,B006,B006-C1037,Metal Client 037,Metal & Engineering,30,106426.77,2024-06-07,2024-07-07,closed,2024-07-16,39,9,False,False,average_payer
INV6001153,B006,B006-C1037,Metal Client 037,Metal & Engineering,30,134815.36,2024-07-08,2024-08-07,closed,2024-08-16,39,9,False,False,average_payer
INV6001154,B006,B006-C1037,Metal Client 037,Metal & Engineering,30,114964.93,2024-09-08,2024-10-08,closed,2024-10-27,49,19,False,False,average_payer
INV6001155,B006,B006-C1037,Metal Client 037,Metal & Engineering,30,137671.9,2024-09-11,2024-10-11,closed,2024-10-16,35,5,False,False,average_payer
INV6001156,B006,B006-C1037,Metal Client 037,Metal & Engineering,30,108377.84,2024-10-02,2024-11-01,closed,2024-10-31,29,-1,False,False,average_payer
INV6001157,B006,B006-C1037,Metal Client 037,Metal & Engineering,30,110730.85,2024-11-04,2024-12-04,closed,2024-12-14,40,10,False,False,average_payer
INV6001158,B006,B006-C1037,Metal Client 037,Metal & Engineering,30,142928.67,2024-11-27,2024-12-27,closed,2025-01-05,39,9,False,False,average_payer
INV6001159,B006,B006-C1037,Metal Client 037,Metal & Engineering,30,174130.03,2024-12-18,2025-01-17,closed,2025-02-02,46,16,False,False,average_payer
INV6001160,B006,B006-C1037,Metal Client 037,Metal & Engineering,30,122527.91,2025-01-19,2025-02-18,closed,2025-02-24,36,6,False,False,average_payer
INV6001161,B006,B006-C1037,Metal Client 037,Metal & Engineering,30,154391.24,2025-02-03,2025-03-05,closed,2025-03-18,43,13,False,False,average_payer
INV6001162,B006,B006-C1037,Metal Client 037,Metal & Engineering,30,108852.34,2025-03-04,2025-04-03,closed,2025-04-07,34,4,False,False,average_payer
INV6001163,B006,B006-C1037,Metal Client 037,Metal & Engineering,30,158997.28,2025-03-21,2025-04-20,closed,2025-04-18,28,-2,False,False,average_payer
INV6001164,B006,B006-C1037,Metal Client 037,Metal & Engineering,30,99820.94,2025-04-02,2025-05-02,closed,2025-05-12,40,10,False,False,average_payer
INV6001165,B006,B006-C1037,Metal Client 037,Metal & Engineering,30,91791.23,2025-04-05,2025-05-05,closed,2025-05-11,36,6,False,False,average_payer
INV6001166,B006,B006-C1037,Metal Client 037,Metal & Engineering,30,237361.09,2025-04-23,2025-05-23,closed,2025-06-04,42,12,False,False,average_payer
INV6001167,B006,B006-C1037,Metal Client 037,Metal & Engineering,30,101053.06,2025-04-26,2025-05-26,closed,2025-05-16,20,-10,False,False,average_payer
INV6001168,B006,B006-C1037,Metal Client 037,Metal & Engineering,30,84661.11,2025-05-22,2025-06-21,closed,2025-07-04,43,13,False,False,average_payer
INV6001169,B006,B006-C1037,Metal Client 037,Metal & Engineering,30,133974.8,2025-05-30,2025-06-29,closed,2025-07-10,41,11,False,False,average_payer
INV6001170,B006,B006-C1037,Metal Client 037,Metal & Engineering,30,119675.96,2025-06-10,2025-07-10,closed,2025-07-19,39,9,False,False,average_payer
INV6001171,B006,B006-C1037,Metal Client 037,Metal & Engineering,30,152073.6,2025-07-19,2025-08-18,closed,2025-08-30,42,12,False,False,average_payer
INV6001172,B006,B006-C1037,Metal Client 037,Metal & Engineering,30,141094.39,2025-07-24,2025-08-23,closed,2025-08-30,37,7,False,False,average_payer
INV6001173,B006,B006-C1037,Metal Client 037,Metal & Engineering,30,82425.12,2025-08-14,2025-09-13,closed,2025-09-25,42,12,False,False,average_payer
INV6001174,B006,B006-C1037,Metal Client 037,Metal & Engineering,30,133334.71,2025-09-23,2025-10-23,closed,2025-11-04,42,12,False,False,average_payer
INV6001175,B006,B006-C1037,Metal Client 037,Metal & Engineering,30,126569.11,2025-10-03,2025-11-02,closed,2025-11-04,32,2,False,False,average_payer
INV6001176,B006,B006-C1037,Metal Client 037,Metal & Engineering,30,156765.22,2025-10-07,2025-11-06,closed,2025-11-16,40,10,False,False,average_payer
INV6001177,B006,B006-C1037,Metal Client 037,Metal & Engineering,30,209787.0,2025-11-04,2025-12-04,closed,2025-12-05,31,1,False,False,average_payer
INV6001178,B006,B006-C1037,Metal Client 037,Metal & Engineering,30,132774.78,2025-12-19,2026-01-18,closed,2026-01-26,38,8,False,False,average_payer
INV6001179,B006,B006-C1037,Metal Client 037,Metal & Engineering,30,138899.26,2025-12-31,2026-01-30,closed,2026-01-24,24,-6,False,False,average_payer
INV6001180,B006,B006-C1037,Metal Client 037,Metal & Engineering,30,75484.97,2026-01-17,2026-02-16,closed,2026-02-22,36,6,False,False,average_payer
INV6001181,B006,B006-C1037,Metal Client 037,Metal & Engineering,30,190666.7,2026-03-25,2026-04-24,closed,2026-04-27,33,3,False,False,average_payer
INV6001182,B006,B006-C1037,Metal Client 037,Metal & Engineering,30,113963.62,2026-03-27,2026-04-26,closed,2026-05-05,39,9,False,False,average_payer
INV6001183,B006,B006-C1037,Metal Client 037,Metal & Engineering,30,142445.64,2026-03-27,2026-04-26,closed,2026-05-03,37,7,False,False,average_payer
INV6001184,B006,B006-C1037,Metal Client 037,Metal & Engineering,30,119559.08,2026-05-10,2026-06-09,closed,2026-06-16,37,7,False,False,average_payer
INV6001185,B006,B006-C1037,Metal Client 037,Metal & Engineering,30,98923.48,2026-06-30,2026-07-30,closed,2026-08-03,34,4,False,False,average_payer
INV6001186,B006,B006-C1037,Metal Client 037,Metal & Engineering,30,139269.85,2026-07-01,2026-07-31,closed,2026-08-11,41,11,False,False,average_payer
INV6001187,B006,B006-C1037,Metal Client 037,Metal & Engineering,30,98263.87,2026-07-14,2026-08-13,closed,2026-08-22,39,9,False,False,average_payer
INV6001188,B006,B006-C1038,IT Client 038,IT & Business Services,45,106359.32,2024-05-18,2024-07-02,closed,2024-06-29,42,-3,False,False,prompt_payer
INV6001189,B006,B006-C1038,IT Client 038,IT & Business Services,45,163334.74,2024-06-14,2024-07-29,open,,,,False,False,prompt_payer
INV6001190,B006,B006-C1038,IT Client 038,IT & Business Services,45,189479.22,2024-06-15,2024-07-30,closed,2024-08-05,51,6,False,False,prompt_payer
INV6001191,B006,B006-C1038,IT Client 038,IT & Business Services,45,171957.53,2024-07-07,2024-08-21,closed,2024-08-13,37,-8,True,False,prompt_payer
INV6001192,B006,B006-C1038,IT Client 038,IT & Business Services,45,210858.46,2024-07-11,2024-08-25,closed,2024-08-25,45,0,False,False,prompt_payer
INV6001193,B006,B006-C1038,IT Client 038,IT & Business Services,45,151452.86,2024-08-10,2024-09-24,closed,2024-09-24,45,0,False,False,prompt_payer
INV6001194,B006,B006-C1038,IT Client 038,IT & Business Services,45,107554.13,2024-09-03,2024-10-18,closed,2024-10-14,41,-4,False,False,prompt_payer
INV6001195,B006,B006-C1038,IT Client 038,IT & Business Services,45,194420.0,2024-10-05,2024-11-19,closed,2024-11-17,43,-2,False,False,prompt_payer
INV6001196,B006,B006-C1038,IT Client 038,IT & Business Services,45,111183.67,2024-10-14,2024-11-28,closed,2024-12-07,54,9,False,False,prompt_payer
INV6001197,B006,B006-C1038,IT Client 038,IT & Business Services,45,107010.71,2024-10-16,2024-11-30,closed,2024-12-02,47,2,False,False,prompt_payer
INV6001198,B006,B006-C1038,IT Client 038,IT & Business Services,45,117723.04,2024-10-31,2024-12-15,closed,2024-12-21,51,6,False,False,prompt_payer
INV6001199,B006,B006-C1038,IT Client 038,IT & Business Services,45,166327.2,2024-11-01,2024-12-16,closed,2024-12-18,47,2,False,False,prompt_payer
INV6001200,B006,B006-C1038,IT Client 038,IT & Business Services,45,84180.59,2024-11-04,2024-12-19,closed,2024-12-21,47,2,False,False,prompt_payer
INV6001201,B006,B006-C1038,IT Client 038,IT & Business Services,45,694775.0,2024-11-27,2025-01-11,closed,2025-01-08,42,-3,False,True,prompt_payer
INV6001202,B006,B006-C1038,IT Client 038,IT & Business Services,45,196352.75,2024-12-01,2025-01-15,closed,2025-01-11,41,-4,False,False,prompt_payer
INV6001203,B006,B006-C1038,IT Client 038,IT & Business Services,45,158108.84,2024-12-27,2025-02-10,closed,2025-02-16,51,6,False,False,prompt_payer
INV6001204,B006,B006-C1038,IT Client 038,IT & Business Services,45,156545.17,2025-01-08,2025-02-22,closed,2025-02-19,42,-3,False,False,prompt_payer
INV6001205,B006,B006-C1038,IT Client 038,IT & Business Services,45,263898.64,2025-01-09,2025-02-23,closed,2025-02-21,43,-2,False,False,prompt_payer
INV6001206,B006,B006-C1038,IT Client 038,IT & Business Services,45,212125.63,2025-01-21,2025-03-07,disputed_open,,,,False,False,prompt_payer
INV6001207,B006,B006-C1038,IT Client 038,IT & Business Services,45,145540.53,2025-03-01,2025-04-15,closed,2025-04-11,41,-4,False,False,prompt_payer
INV6001208,B006,B006-C1038,IT Client 038,IT & Business Services,45,171821.07,2025-04-03,2025-05-18,closed,2025-05-20,47,2,False,False,prompt_payer
INV6001209,B006,B006-C1038,IT Client 038,IT & Business Services,45,120577.12,2025-04-05,2025-05-20,closed,2025-05-21,46,1,False,False,prompt_payer
INV6001210,B006,B006-C1038,IT Client 038,IT & Business Services,45,110344.92,2025-04-27,2025-06-11,closed,2025-06-08,42,-3,False,False,prompt_payer
INV6001211,B006,B006-C1038,IT Client 038,IT & Business Services,45,145699.06,2025-04-29,2025-06-13,closed,2025-06-12,44,-1,False,False,prompt_payer
INV6001212,B006,B006-C1038,IT Client 038,IT & Business Services,45,162432.71,2025-05-12,2025-06-26,closed,2025-06-25,44,-1,False,False,prompt_payer
INV6001213,B006,B006-C1038,IT Client 038,IT & Business Services,45,109322.14,2025-05-23,2025-07-07,closed,2025-07-07,45,0,False,False,prompt_payer
INV6001214,B006,B006-C1038,IT Client 038,IT & Business Services,45,207604.42,2025-05-28,2025-07-12,closed,2025-07-13,46,1,False,False,prompt_payer
INV6001215,B006,B006-C1038,IT Client 038,IT & Business Services,45,122960.9,2025-05-31,2025-07-15,closed,2025-07-09,39,-6,False,False,prompt_payer
INV6001216,B006,B006-C1038,IT Client 038,IT & Business Services,45,82938.47,2025-06-24,2025-08-08,closed,2025-08-03,40,-5,False,False,prompt_payer
INV6001217,B006,B006-C1038,IT Client 038,IT & Business Services,45,80778.84,2025-08-03,2025-09-17,closed,2025-09-20,48,3,False,False,prompt_payer
INV6001218,B006,B006-C1038,IT Client 038,IT & Business Services,45,237921.71,2025-08-05,2025-09-19,closed,2025-09-15,41,-4,False,False,prompt_payer
INV6001219,B006,B006-C1038,IT Client 038,IT & Business Services,45,177773.13,2025-08-19,2025-10-03,closed,2025-10-03,45,0,False,False,prompt_payer
INV6001220,B006,B006-C1038,IT Client 038,IT & Business Services,45,123609.31,2025-08-19,2025-10-03,closed,2025-10-01,43,-2,False,False,prompt_payer
INV6001221,B006,B006-C1038,IT Client 038,IT & Business Services,45,137566.31,2025-09-15,2025-10-30,closed,2025-10-30,45,0,False,False,prompt_payer
INV6001222,B006,B006-C1038,IT Client 038,IT & Business Services,45,232428.22,2025-09-27,2025-11-11,closed,2025-11-11,45,0,False,False,prompt_payer
INV6001223,B006,B006-C1038,IT Client 038,IT & Business Services,45,266812.18,2025-10-29,2025-12-13,closed,2025-12-09,41,-4,False,False,prompt_payer
INV6001224,B006,B006-C1038,IT Client 038,IT & Business Services,45,150060.65,2025-11-03,2025-12-18,closed,2025-12-20,47,2,False,False,prompt_payer
INV6001225,B006,B006-C1038,IT Client 038,IT & Business Services,45,116870.88,2025-12-27,2026-02-10,closed,2026-02-12,47,2,False,False,prompt_payer
INV6001226,B006,B006-C1038,IT Client 038,IT & Business Services,45,130776.26,2026-01-16,2026-03-02,closed,2026-03-03,46,1,False,False,prompt_payer
INV6001227,B006,B006-C1038,IT Client 038,IT & Business Services,45,200080.05,2026-02-12,2026-03-29,closed,2026-03-28,44,-1,False,False,prompt_payer
INV6001228,B006,B006-C1038,IT Client 038,IT & Business Services,45,201686.39,2026-04-01,2026-05-16,closed,2026-05-16,45,0,False,False,prompt_payer
INV6001229,B006,B006-C1038,IT Client 038,IT & Business Services,45,97593.5,2026-04-02,2026-05-17,closed,2026-05-19,47,2,False,False,prompt_payer
INV6001230,B006,B006-C1038,IT Client 038,IT & Business Services,45,162651.96,2026-04-19,2026-06-03,closed,2026-06-02,44,-1,False,False,prompt_payer
INV6001231,B006,B006-C1038,IT Client 038,IT & Business Services,45,223113.82,2026-04-21,2026-06-05,closed,2026-06-06,46,1,False,False,prompt_payer
INV6001232,B006,B006-C1038,IT Client 038,IT & Business Services,45,157771.7,2026-04-29,2026-06-13,closed,2026-06-15,47,2,False,False,prompt_payer
INV6001233,B006,B006-C1038,IT Client 038,IT & Business Services,45,168287.29,2026-04-29,2026-06-13,closed,2026-06-11,43,-2,False,False,prompt_payer
INV6001234,B006,B006-C1038,IT Client 038,IT & Business Services,45,135414.63,2026-08-05,2026-09-19,open,,,,False,False,prompt_payer
INV6001235,B006,B006-C1038,IT Client 038,IT & Business Services,45,110957.01,2026-08-11,2026-09-25,open,,,,False,False,prompt_payer
INV6001236,B006,B006-C1039,Construction Client 039,Construction & Infra,30,179642.22,2024-05-01,2024-05-31,closed,2024-05-19,18,-12,False,False,erratic_payer
INV6001237,B006,B006-C1039,Construction Client 039,Construction & Infra,30,213218.95,2024-08-01,2024-08-31,closed,2024-09-06,36,6,False,False,erratic_payer
INV6001238,B006,B006-C1039,Construction Client 039,Construction & Infra,30,159789.6,2025-03-21,2025-04-20,closed,2025-05-02,42,12,False,False,erratic_payer
INV6001239,B006,B006-C1039,Construction Client 039,Construction & Infra,30,167733.5,2025-04-16,2025-05-16,closed,2025-05-08,22,-8,False,False,erratic_payer
INV6001240,B006,B006-C1039,Construction Client 039,Construction & Infra,30,132360.4,2025-06-14,2025-07-14,closed,2025-08-04,51,21,False,False,erratic_payer
INV6001241,B006,B006-C1039,Construction Client 039,Construction & Infra,30,215127.05,2025-09-28,2025-10-28,closed,2025-12-25,88,58,False,False,erratic_payer
INV6001242,B006,B006-C1039,Construction Client 039,Construction & Infra,30,129200.12,2026-01-29,2026-02-28,closed,2026-03-06,36,6,False,False,erratic_payer
INV6001243,B006,B006-C1039,Construction Client 039,Construction & Infra,30,235046.67,2026-01-30,2026-03-01,closed,2026-03-01,30,0,False,False,erratic_payer
INV6001244,B006,B006-C1039,Construction Client 039,Construction & Infra,30,166041.36,2026-05-03,2026-06-02,closed,2026-06-05,33,3,False,False,erratic_payer
INV6001245,B006,B006-C1039,Construction Client 039,Construction & Infra,30,166329.3,2026-05-22,2026-06-21,closed,2026-06-15,24,-6,False,False,erratic_payer
INV6001246,B006,B006-C1039,Construction Client 039,Construction & Infra,30,177307.75,2026-06-01,2026-07-01,closed,2026-06-26,25,-5,False,False,erratic_payer
INV6001247,B006,B006-C1040,Construction Client 040,Construction & Infra,45,83746.84,2024-10-16,2024-11-30,closed,2024-11-20,35,-10,False,False,cold_start
INV6001248,B006,B006-C1040,Construction Client 040,Construction & Infra,45,120085.65,2024-12-07,2025-01-21,closed,2025-01-19,43,-2,False,False,cold_start
INV6001249,B006,B006-C1040,Construction Client 040,Construction & Infra,45,69549.12,2025-10-13,2025-11-27,closed,2025-11-26,44,-1,False,False,cold_start
INV6001250,B006,B006-C1041,Electronics Client 041,Electronics & Electricals,30,319864.37,2024-04-14,2024-05-14,closed,2024-05-14,30,0,False,False,prompt_payer
INV6001251,B006,B006-C1041,Electronics Client 041,Electronics & Electricals,30,586021.17,2024-06-01,2024-07-01,closed,2024-07-03,32,2,False,True,prompt_payer
INV6001252,B006,B006-C1041,Electronics Client 041,Electronics & Electricals,30,233376.91,2024-06-15,2024-07-15,closed,2024-07-16,31,1,False,False,prompt_payer
INV6001253,B006,B006-C1041,Electronics Client 041,Electronics & Electricals,30,266156.7,2024-06-19,2024-07-19,closed,2024-07-28,39,9,False,False,prompt_payer
INV6001254,B006,B006-C1041,Electronics Client 041,Electronics & Electricals,30,257006.75,2024-06-27,2024-07-27,closed,2024-07-29,32,2,False,False,prompt_payer
INV6001255,B006,B006-C1041,Electronics Client 041,Electronics & Electricals,30,423196.12,2024-07-23,2024-08-22,closed,2024-08-24,32,2,False,False,prompt_payer
INV6001256,B006,B006-C1041,Electronics Client 041,Electronics & Electricals,30,205295.45,2024-08-20,2024-09-19,closed,2024-09-22,33,3,False,False,prompt_payer
INV6001257,B006,B006-C1041,Electronics Client 041,Electronics & Electricals,30,177760.98,2024-08-28,2024-09-27,closed,2024-10-01,34,4,False,False,prompt_payer
INV6001258,B006,B006-C1041,Electronics Client 041,Electronics & Electricals,30,212399.64,2024-09-19,2024-10-19,closed,2024-10-20,31,1,False,False,prompt_payer
INV6001259,B006,B006-C1041,Electronics Client 041,Electronics & Electricals,30,232131.44,2024-10-31,2024-11-30,closed,2024-12-04,34,4,False,False,prompt_payer
INV6001260,B006,B006-C1041,Electronics Client 041,Electronics & Electricals,30,116977.24,2024-11-05,2024-12-05,closed,2024-12-08,33,3,False,False,prompt_payer
INV6001261,B006,B006-C1041,Electronics Client 041,Electronics & Electricals,30,161442.93,2024-11-12,2024-12-12,closed,2024-12-12,30,0,False,False,prompt_payer
INV6001262,B006,B006-C1041,Electronics Client 041,Electronics & Electricals,30,322248.49,2024-11-14,2024-12-14,closed,2024-12-08,24,-6,False,False,prompt_payer
INV6001263,B006,B006-C1041,Electronics Client 041,Electronics & Electricals,30,142758.42,2024-11-28,2024-12-28,closed,2024-12-31,33,3,False,False,prompt_payer
INV6001264,B006,B006-C1041,Electronics Client 041,Electronics & Electricals,30,192632.52,2025-01-09,2025-02-08,closed,2025-02-07,29,-1,False,False,prompt_payer
INV6001265,B006,B006-C1041,Electronics Client 041,Electronics & Electricals,30,360340.6,2025-02-27,2025-03-29,closed,2025-03-24,25,-5,False,False,prompt_payer
INV6001266,B006,B006-C1041,Electronics Client 041,Electronics & Electricals,30,252192.11,2025-03-09,2025-04-08,closed,2025-04-08,30,0,False,False,prompt_payer
INV6001267,B006,B006-C1041,Electronics Client 041,Electronics & Electricals,30,280551.51,2025-04-07,2025-05-07,closed,2025-05-10,33,3,False,False,prompt_payer
INV6001268,B006,B006-C1041,Electronics Client 041,Electronics & Electricals,30,285979.64,2025-04-16,2025-05-16,closed,2025-05-18,32,2,False,False,prompt_payer
INV6001269,B006,B006-C1041,Electronics Client 041,Electronics & Electricals,30,300760.09,2025-05-17,2025-06-16,closed,2025-06-17,31,1,False,False,prompt_payer
INV6001270,B006,B006-C1041,Electronics Client 041,Electronics & Electricals,30,134379.35,2025-05-20,2025-06-19,closed,2025-06-15,26,-4,False,False,prompt_payer
INV6001271,B006,B006-C1041,Electronics Client 041,Electronics & Electricals,30,300776.67,2025-07-08,2025-08-07,closed,2025-08-01,24,-6,False,False,prompt_payer
INV6001272,B006,B006-C1041,Electronics Client 041,Electronics & Electricals,30,217402.98,2025-08-11,2025-09-10,closed,2025-09-07,27,-3,False,False,prompt_payer
INV6001273,B006,B006-C1041,Electronics Client 041,Electronics & Electricals,30,176648.81,2025-09-03,2025-10-03,closed,2025-10-08,35,5,False,False,prompt_payer
INV6001274,B006,B006-C1041,Electronics Client 041,Electronics & Electricals,30,262977.51,2025-10-31,2025-11-30,closed,2025-12-02,32,2,False,False,prompt_payer
INV6001275,B006,B006-C1041,Electronics Client 041,Electronics & Electricals,30,153515.21,2025-12-10,2026-01-09,closed,2026-01-14,35,5,False,False,prompt_payer
INV6001276,B006,B006-C1041,Electronics Client 041,Electronics & Electricals,30,306805.07,2025-12-11,2026-01-10,closed,2026-01-03,23,-7,False,False,prompt_payer
INV6001277,B006,B006-C1041,Electronics Client 041,Electronics & Electricals,30,201278.44,2025-12-21,2026-01-20,closed,2026-01-23,33,3,False,False,prompt_payer
INV6001278,B006,B006-C1041,Electronics Client 041,Electronics & Electricals,30,173185.26,2026-01-01,2026-01-31,closed,2026-02-11,41,11,False,False,prompt_payer
INV6001279,B006,B006-C1041,Electronics Client 041,Electronics & Electricals,30,366737.53,2026-01-08,2026-02-07,closed,2026-02-05,28,-2,False,False,prompt_payer
INV6001280,B006,B006-C1041,Electronics Client 041,Electronics & Electricals,30,257319.26,2026-01-19,2026-02-18,closed,2026-02-24,36,6,False,False,prompt_payer
INV6001281,B006,B006-C1041,Electronics Client 041,Electronics & Electricals,30,301937.12,2026-01-28,2026-02-27,closed,2026-03-02,33,3,False,False,prompt_payer
INV6001282,B006,B006-C1041,Electronics Client 041,Electronics & Electricals,30,222157.55,2026-03-10,2026-04-09,closed,2026-04-07,28,-2,False,False,prompt_payer
INV6001283,B006,B006-C1041,Electronics Client 041,Electronics & Electricals,30,130274.56,2026-04-01,2026-05-01,closed,2026-04-29,28,-2,False,False,prompt_payer
INV6001284,B006,B006-C1041,Electronics Client 041,Electronics & Electricals,30,986373.64,2026-04-08,2026-05-08,closed,2026-05-10,32,2,False,True,prompt_payer
INV6001285,B006,B006-C1041,Electronics Client 041,Electronics & Electricals,30,329051.25,2026-05-05,2026-06-04,closed,2026-06-03,29,-1,False,False,prompt_payer
INV6001286,B006,B006-C1041,Electronics Client 041,Electronics & Electricals,30,209712.37,2026-05-10,2026-06-09,closed,2026-06-04,25,-5,False,False,prompt_payer
INV6001287,B006,B006-C1041,Electronics Client 041,Electronics & Electricals,30,259710.01,2026-05-27,2026-06-26,closed,2026-06-20,24,-6,False,False,prompt_payer
INV6001288,B006,B006-C1041,Electronics Client 041,Electronics & Electricals,30,281895.55,2026-06-19,2026-07-19,closed,2026-07-14,25,-5,False,False,prompt_payer
INV6001289,B006,B006-C1041,Electronics Client 041,Electronics & Electricals,30,98814.9,2026-07-19,2026-08-18,closed,2026-08-12,24,-6,False,False,prompt_payer
INV6001290,B006,B006-C1042,FMCG Client 042,FMCG & Food Processing,30,9325.19,2024-03-28,2024-04-27,closed,2024-04-25,28,-2,False,False,average_payer
INV6001291,B006,B006-C1042,FMCG Client 042,FMCG & Food Processing,30,17662.29,2024-04-10,2024-05-10,closed,2024-05-11,31,1,False,False,average_payer
INV6001292,B006,B006-C1042,FMCG Client 042,FMCG & Food Processing,30,5470.11,2024-04-12,2024-05-12,closed,2024-05-21,39,9,False,False,average_payer
INV6001293,B006,B006-C1042,FMCG Client 042,FMCG & Food Processing,30,7079.39,2024-05-09,2024-06-08,closed,2024-06-18,40,10,False,False,average_payer
INV6001294,B006,B006-C1042,FMCG Client 042,FMCG & Food Processing,30,7441.15,2024-05-23,2024-06-22,closed,2024-06-21,29,-1,False,False,average_payer
INV6001295,B006,B006-C1042,FMCG Client 042,FMCG & Food Processing,30,6393.03,2024-05-24,2024-06-23,closed,2024-07-06,43,13,False,False,average_payer
INV6001296,B006,B006-C1042,FMCG Client 042,FMCG & Food Processing,30,8578.67,2024-05-24,2024-06-23,closed,2024-06-27,34,4,False,False,average_payer
INV6001297,B006,B006-C1042,FMCG Client 042,FMCG & Food Processing,30,10405.61,2024-05-26,2024-06-25,closed,2024-07-03,38,8,False,False,average_payer
INV6001298,B006,B006-C1042,FMCG Client 042,FMCG & Food Processing,30,7965.32,2024-05-26,2024-06-25,closed,2024-06-26,31,1,False,False,average_payer
INV6001299,B006,B006-C1042,FMCG Client 042,FMCG & Food Processing,30,36517.31,2024-06-12,2024-07-12,closed,2024-07-15,33,3,False,True,average_payer
INV6001300,B006,B006-C1042,FMCG Client 042,FMCG & Food Processing,30,8285.45,2024-07-24,2024-08-23,closed,2024-08-30,37,7,False,False,average_payer
INV6001301,B006,B006-C1042,FMCG Client 042,FMCG & Food Processing,30,9734.43,2024-07-29,2024-08-28,closed,2024-09-07,40,10,False,False,average_payer
INV6001302,B006,B006-C1042,FMCG Client 042,FMCG & Food Processing,30,8387.05,2024-08-16,2024-09-15,closed,2024-09-16,31,1,False,False,average_payer
INV6001303,B006,B006-C1042,FMCG Client 042,FMCG & Food Processing,30,7096.61,2024-08-24,2024-09-23,closed,2024-09-25,32,2,False,False,average_payer
INV6001304,B006,B006-C1042,FMCG Client 042,FMCG & Food Processing,30,15125.01,2024-09-08,2024-10-08,closed,2024-10-15,37,7,False,False,average_payer
INV6001305,B006,B006-C1042,FMCG Client 042,FMCG & Food Processing,30,12978.96,2024-09-20,2024-10-20,closed,2024-10-17,27,-3,False,False,average_payer
INV6001306,B006,B006-C1042,FMCG Client 042,FMCG & Food Processing,30,5536.74,2024-11-02,2024-12-02,closed,2024-12-11,39,9,False,False,average_payer
INV6001307,B006,B006-C1042,FMCG Client 042,FMCG & Food Processing,30,10931.68,2024-12-19,2025-01-18,closed,2025-01-24,36,6,False,False,average_payer
INV6001308,B006,B006-C1042,FMCG Client 042,FMCG & Food Processing,30,8044.88,2025-04-15,2025-05-15,closed,2025-05-06,21,-9,False,False,average_payer
INV6001309,B006,B006-C1042,FMCG Client 042,FMCG & Food Processing,30,9518.08,2025-04-22,2025-05-22,closed,2025-06-02,41,11,False,False,average_payer
INV6001310,B006,B006-C1042,FMCG Client 042,FMCG & Food Processing,30,7382.15,2025-05-11,2025-06-10,closed,2025-06-28,48,18,False,False,average_payer
INV6001311,B006,B006-C1042,FMCG Client 042,FMCG & Food Processing,30,17979.27,2025-05-15,2025-06-14,closed,2025-06-20,36,6,False,False,average_payer
INV6001312,B006,B006-C1042,FMCG Client 042,FMCG & Food Processing,30,6705.84,2025-06-05,2025-07-05,closed,2025-07-06,31,1,False,False,average_payer
INV6001313,B006,B006-C1042,FMCG Client 042,FMCG & Food Processing,30,5147.29,2025-07-12,2025-08-11,closed,2025-08-21,40,10,False,False,average_payer
INV6001314,B006,B006-C1042,FMCG Client 042,FMCG & Food Processing,30,8719.72,2025-07-24,2025-08-23,closed,2025-09-02,40,10,False,False,average_payer
INV6001315,B006,B006-C1042,FMCG Client 042,FMCG & Food Processing,30,8606.44,2025-08-15,2025-09-14,closed,2025-09-22,38,8,True,False,average_payer
INV6001316,B006,B006-C1042,FMCG Client 042,FMCG & Food Processing,30,6369.22,2025-09-12,2025-10-12,closed,2025-10-09,27,-3,False,False,average_payer
INV6001317,B006,B006-C1042,FMCG Client 042,FMCG & Food Processing,30,8600.89,2025-10-03,2025-11-02,closed,2025-11-05,33,3,False,False,average_payer
INV6001318,B006,B006-C1042,FMCG Client 042,FMCG & Food Processing,30,10106.09,2025-11-21,2025-12-21,closed,2025-12-28,37,7,False,False,average_payer
INV6001319,B006,B006-C1042,FMCG Client 042,FMCG & Food Processing,30,8929.76,2026-01-06,2026-02-05,closed,2026-02-05,30,0,False,False,average_payer
INV6001320,B006,B006-C1042,FMCG Client 042,FMCG & Food Processing,30,6864.87,2026-02-22,2026-03-24,closed,2026-03-31,37,7,False,False,average_payer
INV6001321,B006,B006-C1042,FMCG Client 042,FMCG & Food Processing,30,7698.24,2026-02-26,2026-03-28,closed,2026-03-22,24,-6,False,False,average_payer
INV6001322,B006,B006-C1042,FMCG Client 042,FMCG & Food Processing,30,17672.96,2026-03-30,2026-04-29,closed,2026-04-25,26,-4,False,False,average_payer
INV6001323,B006,B006-C1042,FMCG Client 042,FMCG & Food Processing,30,12672.38,2026-04-06,2026-05-06,closed,2026-05-19,43,13,False,False,average_payer
INV6001324,B006,B006-C1042,FMCG Client 042,FMCG & Food Processing,30,7209.31,2026-05-04,2026-06-03,closed,2026-06-14,41,11,False,False,average_payer
INV6001325,B006,B006-C1042,FMCG Client 042,FMCG & Food Processing,30,8642.71,2026-05-08,2026-06-07,closed,2026-06-22,45,15,True,False,average_payer
INV6001326,B006,B006-C1042,FMCG Client 042,FMCG & Food Processing,30,12604.32,2026-05-17,2026-06-16,closed,2026-06-11,25,-5,True,False,average_payer
INV6001327,B006,B006-C1042,FMCG Client 042,FMCG & Food Processing,30,7996.65,2026-05-27,2026-06-26,closed,2026-07-05,39,9,False,False,average_payer
INV6001328,B006,B006-C1042,FMCG Client 042,FMCG & Food Processing,30,7475.05,2026-06-07,2026-07-07,closed,2026-07-12,35,5,False,False,average_payer
INV6001329,B006,B006-C1042,FMCG Client 042,FMCG & Food Processing,30,10709.88,2026-06-15,2026-07-15,closed,2026-07-17,32,2,False,False,average_payer
INV6001330,B006,B006-C1042,FMCG Client 042,FMCG & Food Processing,30,11978.81,2026-06-22,2026-07-22,closed,2026-07-16,24,-6,False,False,average_payer
INV6001331,B006,B006-C1042,FMCG Client 042,FMCG & Food Processing,30,7630.58,2026-06-27,2026-07-27,closed,2026-08-09,43,13,False,False,average_payer
INV6001332,B006,B006-C1042,FMCG Client 042,FMCG & Food Processing,30,6848.68,2026-07-01,2026-07-31,closed,2026-08-08,38,8,False,False,average_payer
INV6001333,B006,B006-C1042,FMCG Client 042,FMCG & Food Processing,30,27439.3,2026-07-05,2026-08-04,closed,2026-08-17,43,13,False,True,average_payer
INV6001334,B006,B006-C1043,Pharma Client 043,Pharma & Healthcare,30,196267.71,2024-04-02,2024-05-02,closed,2024-04-27,25,-5,True,False,seasonal_payer
INV6001335,B006,B006-C1043,Pharma Client 043,Pharma & Healthcare,30,187234.71,2024-05-12,2024-06-11,closed,2024-06-10,29,-1,False,False,seasonal_payer
INV6001336,B006,B006-C1043,Pharma Client 043,Pharma & Healthcare,30,178257.38,2024-05-27,2024-06-26,closed,2024-07-09,43,13,False,False,seasonal_payer
INV6001337,B006,B006-C1043,Pharma Client 043,Pharma & Healthcare,30,191476.26,2024-05-28,2024-06-27,closed,2024-06-29,32,2,False,False,seasonal_payer
INV6001338,B006,B006-C1043,Pharma Client 043,Pharma & Healthcare,30,540018.57,2024-07-28,2024-08-27,closed,2024-09-07,41,11,False,True,seasonal_payer
INV6001339,B006,B006-C1043,Pharma Client 043,Pharma & Healthcare,30,142586.42,2024-10-25,2024-11-24,closed,2024-12-13,49,19,False,False,seasonal_payer
INV6001340,B006,B006-C1043,Pharma Client 043,Pharma & Healthcare,30,237931.48,2024-11-12,2024-12-12,closed,2024-12-28,46,16,False,False,seasonal_payer
INV6001341,B006,B006-C1043,Pharma Client 043,Pharma & Healthcare,30,194860.3,2024-11-29,2024-12-29,closed,2025-01-09,41,11,False,False,seasonal_payer
INV6001342,B006,B006-C1043,Pharma Client 043,Pharma & Healthcare,30,231626.7,2024-12-08,2025-01-07,closed,2025-01-12,35,5,False,False,seasonal_payer
INV6001343,B006,B006-C1043,Pharma Client 043,Pharma & Healthcare,30,265819.25,2024-12-09,2025-01-08,closed,2025-01-14,36,6,False,False,seasonal_payer
INV6001344,B006,B006-C1043,Pharma Client 043,Pharma & Healthcare,30,180341.31,2025-02-15,2025-03-17,closed,2025-03-25,38,8,False,False,seasonal_payer
INV6001345,B006,B006-C1043,Pharma Client 043,Pharma & Healthcare,30,215385.43,2025-02-25,2025-03-27,closed,2025-03-19,22,-8,False,False,seasonal_payer
INV6001346,B006,B006-C1043,Pharma Client 043,Pharma & Healthcare,30,170388.94,2025-04-17,2025-05-17,closed,2025-05-22,35,5,False,False,seasonal_payer
INV6001347,B006,B006-C1043,Pharma Client 043,Pharma & Healthcare,30,206139.14,2025-04-29,2025-05-29,closed,2025-06-03,35,5,False,False,seasonal_payer
INV6001348,B006,B006-C1043,Pharma Client 043,Pharma & Healthcare,30,185110.73,2025-05-12,2025-06-11,closed,2025-06-21,40,10,False,False,seasonal_payer
INV6001349,B006,B006-C1043,Pharma Client 043,Pharma & Healthcare,30,313813.65,2025-05-24,2025-06-23,closed,2025-07-05,42,12,False,False,seasonal_payer
INV6001350,B006,B006-C1043,Pharma Client 043,Pharma & Healthcare,30,226694.4,2025-06-12,2025-07-12,closed,2025-07-29,47,17,False,False,seasonal_payer
INV6001351,B006,B006-C1043,Pharma Client 043,Pharma & Healthcare,30,205726.72,2025-06-21,2025-07-21,closed,2025-08-13,53,23,False,False,seasonal_payer
INV6001352,B006,B006-C1043,Pharma Client 043,Pharma & Healthcare,30,288511.99,2025-07-05,2025-08-04,closed,2025-08-22,48,18,False,False,seasonal_payer
INV6001353,B006,B006-C1043,Pharma Client 043,Pharma & Healthcare,30,273796.46,2025-08-21,2025-09-20,closed,2025-10-04,44,14,False,False,seasonal_payer
INV6001354,B006,B006-C1043,Pharma Client 043,Pharma & Healthcare,30,389406.17,2025-11-19,2025-12-19,closed,2025-12-22,33,3,False,False,seasonal_payer
INV6001355,B006,B006-C1043,Pharma Client 043,Pharma & Healthcare,30,352262.35,2025-11-26,2025-12-26,closed,2025-12-23,27,-3,False,False,seasonal_payer
INV6001356,B006,B006-C1043,Pharma Client 043,Pharma & Healthcare,30,172744.77,2026-01-17,2026-02-16,closed,2026-02-19,33,3,False,False,seasonal_payer
INV6001357,B006,B006-C1043,Pharma Client 043,Pharma & Healthcare,30,256303.5,2026-02-19,2026-03-21,closed,2026-03-27,36,6,False,False,seasonal_payer
INV6001358,B006,B006-C1043,Pharma Client 043,Pharma & Healthcare,30,263920.08,2026-03-11,2026-04-10,closed,2026-04-14,34,4,False,False,seasonal_payer
INV6001359,B006,B006-C1043,Pharma Client 043,Pharma & Healthcare,30,117326.96,2026-03-13,2026-04-12,closed,2026-04-04,22,-8,False,False,seasonal_payer
INV6001360,B006,B006-C1043,Pharma Client 043,Pharma & Healthcare,30,794305.36,2026-03-29,2026-04-28,closed,2026-05-07,39,9,False,True,seasonal_payer
INV6001361,B006,B006-C1043,Pharma Client 043,Pharma & Healthcare,30,131798.84,2026-07-12,2026-08-11,closed,2026-08-27,46,16,False,False,seasonal_payer
INV6001362,B006,B006-C1043,Pharma Client 043,Pharma & Healthcare,30,114852.49,2026-08-04,2026-09-03,open,,,,False,False,seasonal_payer
INV6001363,B006,B006-C1043,Pharma Client 043,Pharma & Healthcare,30,242402.27,2026-08-08,2026-09-07,disputed_open,,,,False,False,seasonal_payer
INV6001364,B006,B006-C1043,Pharma Client 043,Pharma & Healthcare,30,238782.17,2026-08-10,2026-09-09,open,,,,False,False,seasonal_payer
INV6001365,B006,B006-C1043,Pharma Client 043,Pharma & Healthcare,30,193677.6,2026-08-14,2026-09-13,open,,,,False,False,seasonal_payer
INV6001366,B006,B006-C1044,Textiles Client 044,Textiles & Apparel,45,43808.34,2024-03-17,2024-05-01,closed,2024-05-04,48,3,False,False,seasonal_payer
INV6001367,B006,B006-C1044,Textiles Client 044,Textiles & Apparel,45,211311.3,2024-03-23,2024-05-07,closed,2024-04-29,37,-8,False,True,seasonal_payer
INV6001368,B006,B006-C1044,Textiles Client 044,Textiles & Apparel,45,41383.76,2024-03-30,2024-05-14,closed,2024-05-22,53,8,False,False,seasonal_payer
INV6001369,B006,B006-C1044,Textiles Client 044,Textiles & Apparel,45,54978.93,2024-05-15,2024-06-29,closed,2024-07-04,50,5,False,False,seasonal_payer
INV6001370,B006,B006-C1044,Textiles Client 044,Textiles & Apparel,45,53286.5,2024-05-23,2024-07-07,closed,2024-07-15,53,8,False,False,seasonal_payer
INV6001371,B006,B006-C1044,Textiles Client 044,Textiles & Apparel,45,71764.2,2024-06-24,2024-08-08,closed,2024-08-22,59,14,False,False,seasonal_payer
INV6001372,B006,B006-C1044,Textiles Client 044,Textiles & Apparel,45,51303.6,2024-07-19,2024-09-02,closed,2024-09-10,53,8,False,False,seasonal_payer
INV6001373,B006,B006-C1044,Textiles Client 044,Textiles & Apparel,45,37017.09,2024-07-28,2024-09-11,closed,2024-09-19,53,8,False,False,seasonal_payer
INV6001374,B006,B006-C1044,Textiles Client 044,Textiles & Apparel,45,22208.03,2024-08-21,2024-10-05,closed,2024-10-23,63,18,False,False,seasonal_payer
INV6001375,B006,B006-C1044,Textiles Client 044,Textiles & Apparel,45,61709.41,2024-10-06,2024-11-20,closed,2024-11-26,51,6,False,False,seasonal_payer
INV6001376,B006,B006-C1044,Textiles Client 044,Textiles & Apparel,45,27426.8,2024-10-16,2024-11-30,closed,2024-12-13,58,13,False,False,seasonal_payer
INV6001377,B006,B006-C1044,Textiles Client 044,Textiles & Apparel,45,111502.05,2024-11-23,2025-01-07,closed,2025-01-16,54,9,False,True,seasonal_payer
INV6001378,B006,B006-C1044,Textiles Client 044,Textiles & Apparel,45,47419.46,2024-12-04,2025-01-18,closed,2025-01-30,57,12,False,False,seasonal_payer
INV6001379,B006,B006-C1044,Textiles Client 044,Textiles & Apparel,45,28140.29,2024-12-30,2025-02-13,closed,2025-02-25,57,12,False,False,seasonal_payer
INV6001380,B006,B006-C1044,Textiles Client 044,Textiles & Apparel,45,25925.04,2025-01-19,2025-03-05,closed,2025-03-01,41,-4,False,False,seasonal_payer
INV6001381,B006,B006-C1044,Textiles Client 044,Textiles & Apparel,45,36609.77,2025-01-29,2025-03-15,closed,2025-03-20,50,5,False,False,seasonal_payer
INV6001382,B006,B006-C1044,Textiles Client 044,Textiles & Apparel,45,45817.29,2025-02-22,2025-04-08,closed,2025-04-12,49,4,False,False,seasonal_payer
INV6001383,B006,B006-C1044,Textiles Client 044,Textiles & Apparel,45,48256.44,2025-03-07,2025-04-21,closed,2025-04-19,43,-2,False,False,seasonal_payer
INV6001384,B006,B006-C1044,Textiles Client 044,Textiles & Apparel,45,36112.42,2025-03-12,2025-04-26,closed,2025-05-08,57,12,False,False,seasonal_payer
INV6001385,B006,B006-C1044,Textiles Client 044,Textiles & Apparel,45,65448.2,2025-04-06,2025-05-21,closed,2025-05-22,46,1,False,False,seasonal_payer
INV6001386,B006,B006-C1044,Textiles Client 044,Textiles & Apparel,45,43348.69,2025-04-16,2025-05-31,closed,2025-05-31,45,0,False,False,seasonal_payer
INV6001387,B006,B006-C1044,Textiles Client 044,Textiles & Apparel,45,57408.94,2025-05-20,2025-07-04,closed,2025-07-11,52,7,False,False,seasonal_payer
INV6001388,B006,B006-C1044,Textiles Client 044,Textiles & Apparel,45,33027.05,2025-06-19,2025-08-03,closed,2025-08-03,45,0,False,False,seasonal_payer
INV6001389,B006,B006-C1044,Textiles Client 044,Textiles & Apparel,45,52534.01,2025-06-21,2025-08-05,closed,2025-08-17,57,12,False,False,seasonal_payer
INV6001390,B006,B006-C1044,Textiles Client 044,Textiles & Apparel,45,39517.71,2025-10-23,2025-12-07,closed,2025-12-18,56,11,False,False,seasonal_payer
INV6001391,B006,B006-C1044,Textiles Client 044,Textiles & Apparel,45,41678.34,2025-10-23,2025-12-07,closed,2025-12-15,53,8,False,False,seasonal_payer
INV6001392,B006,B006-C1044,Textiles Client 044,Textiles & Apparel,45,44110.18,2026-02-13,2026-03-30,closed,2026-03-29,44,-1,False,False,seasonal_payer
INV6001393,B006,B006-C1044,Textiles Client 044,Textiles & Apparel,45,33326.62,2026-02-23,2026-04-09,closed,2026-04-13,49,4,False,False,seasonal_payer
INV6001394,B006,B006-C1044,Textiles Client 044,Textiles & Apparel,45,38267.93,2026-03-07,2026-04-21,closed,2026-04-27,51,6,False,False,seasonal_payer
INV6001395,B006,B006-C1044,Textiles Client 044,Textiles & Apparel,45,28263.06,2026-03-26,2026-05-10,closed,2026-05-17,52,7,False,False,seasonal_payer
INV6001396,B006,B006-C1044,Textiles Client 044,Textiles & Apparel,45,46302.56,2026-05-14,2026-06-28,closed,2026-07-04,51,6,False,False,seasonal_payer
INV6001397,B006,B006-C1044,Textiles Client 044,Textiles & Apparel,45,40229.36,2026-06-08,2026-07-23,closed,2026-08-01,54,9,False,False,seasonal_payer
INV6001398,B006,B006-C1044,Textiles Client 044,Textiles & Apparel,45,47234.28,2026-07-25,2026-09-08,disputed_open,,,,False,False,seasonal_payer
INV6001399,B006,B006-C1044,Textiles Client 044,Textiles & Apparel,45,47246.42,2026-07-29,2026-09-12,disputed_open,,,,False,False,seasonal_payer
INV6001400,B006,B006-C1045,FMCG Client 045,FMCG & Food Processing,30,6130.74,2024-03-27,2024-04-26,closed,2024-05-03,37,7,False,False,seasonal_payer
INV6001401,B006,B006-C1045,FMCG Client 045,FMCG & Food Processing,30,4900.42,2024-03-28,2024-04-27,closed,2024-05-20,53,23,False,False,seasonal_payer
INV6001402,B006,B006-C1045,FMCG Client 045,FMCG & Food Processing,30,18532.3,2024-04-01,2024-05-01,closed,2024-05-17,46,16,False,True,seasonal_payer
INV6001403,B006,B006-C1045,FMCG Client 045,FMCG & Food Processing,30,3748.57,2024-04-04,2024-05-04,closed,2024-05-08,34,4,False,False,seasonal_payer
INV6001404,B006,B006-C1045,FMCG Client 045,FMCG & Food Processing,30,5489.22,2024-05-02,2024-06-01,closed,2024-06-11,40,10,False,False,seasonal_payer
INV6001405,B006,B006-C1045,FMCG Client 045,FMCG & Food Processing,30,7680.22,2024-05-12,2024-06-11,closed,2024-06-19,38,8,False,False,seasonal_payer
INV6001406,B006,B006-C1045,FMCG Client 045,FMCG & Food Processing,30,8177.8,2024-05-14,2024-06-13,closed,2024-06-23,40,10,False,False,seasonal_payer
INV6001407,B006,B006-C1045,FMCG Client 045,FMCG & Food Processing,30,5968.21,2024-06-20,2024-07-20,closed,2024-07-27,37,7,False,False,seasonal_payer
INV6001408,B006,B006-C1045,FMCG Client 045,FMCG & Food Processing,30,4832.54,2024-06-27,2024-07-27,closed,2024-07-29,32,2,False,False,seasonal_payer
INV6001409,B006,B006-C1045,FMCG Client 045,FMCG & Food Processing,30,5824.12,2024-07-15,2024-08-14,closed,2024-08-14,30,0,False,False,seasonal_payer
INV6001410,B006,B006-C1045,FMCG Client 045,FMCG & Food Processing,30,7858.05,2024-09-18,2024-10-18,closed,2024-10-23,35,5,False,False,seasonal_payer
INV6001411,B006,B006-C1045,FMCG Client 045,FMCG & Food Processing,30,4407.26,2024-10-02,2024-11-01,closed,2024-11-02,31,1,False,False,seasonal_payer
INV6001412,B006,B006-C1045,FMCG Client 045,FMCG & Food Processing,30,4437.72,2024-10-24,2024-11-23,closed,2024-11-27,34,4,False,False,seasonal_payer
INV6001413,B006,B006-C1045,FMCG Client 045,FMCG & Food Processing,30,6515.59,2024-12-29,2025-01-28,closed,2025-02-04,37,7,False,False,seasonal_payer
INV6001414,B006,B006-C1045,FMCG Client 045,FMCG & Food Processing,30,4853.68,2025-01-11,2025-02-10,closed,2025-02-25,45,15,False,False,seasonal_payer
INV6001415,B006,B006-C1045,FMCG Client 045,FMCG & Food Processing,30,10672.05,2025-01-28,2025-02-27,closed,2025-03-06,37,7,False,False,seasonal_payer
INV6001416,B006,B006-C1045,FMCG Client 045,FMCG & Food Processing,30,3805.41,2025-02-05,2025-03-07,closed,2025-03-23,46,16,False,False,seasonal_payer
INV6001417,B006,B006-C1045,FMCG Client 045,FMCG & Food Processing,30,7756.03,2025-02-21,2025-03-23,closed,2025-04-08,46,16,False,False,seasonal_payer
INV6001418,B006,B006-C1045,FMCG Client 045,FMCG & Food Processing,30,7968.3,2025-02-25,2025-03-27,closed,2025-04-15,49,19,False,False,seasonal_payer
INV6001419,B006,B006-C1045,FMCG Client 045,FMCG & Food Processing,30,4861.58,2025-03-05,2025-04-04,open,,,,False,False,seasonal_payer
INV6001420,B006,B006-C1045,FMCG Client 045,FMCG & Food Processing,30,4428.65,2025-03-25,2025-04-24,closed,2025-04-29,35,5,False,False,seasonal_payer
INV6001421,B006,B006-C1045,FMCG Client 045,FMCG & Food Processing,30,3583.58,2025-03-28,2025-04-27,closed,2025-05-14,47,17,False,False,seasonal_payer
INV6001422,B006,B006-C1045,FMCG Client 045,FMCG & Food Processing,30,6051.68,2025-03-30,2025-04-29,closed,2025-05-08,39,9,False,False,seasonal_payer
INV6001423,B006,B006-C1045,FMCG Client 045,FMCG & Food Processing,30,7058.84,2025-04-18,2025-05-18,closed,2025-05-21,33,3,False,False,seasonal_payer
INV6001424,B006,B006-C1045,FMCG Client 045,FMCG & Food Processing,30,7068.87,2025-05-04,2025-06-03,closed,2025-06-16,43,13,False,False,seasonal_payer
INV6001425,B006,B006-C1045,FMCG Client 045,FMCG & Food Processing,30,3480.35,2025-06-15,2025-07-15,closed,2025-07-23,38,8,False,False,seasonal_payer
INV6001426,B006,B006-C1045,FMCG Client 045,FMCG & Food Processing,30,14429.66,2025-07-02,2025-08-01,closed,2025-08-02,31,1,False,False,seasonal_payer
INV6001427,B006,B006-C1045,FMCG Client 045,FMCG & Food Processing,30,11890.59,2025-07-04,2025-08-03,closed,2025-08-03,30,0,False,False,seasonal_payer
INV6001428,B006,B006-C1045,FMCG Client 045,FMCG & Food Processing,30,7812.1,2025-07-23,2025-08-22,closed,2025-08-27,35,5,False,False,seasonal_payer
INV6001429,B006,B006-C1045,FMCG Client 045,FMCG & Food Processing,30,7864.4,2025-09-09,2025-10-09,closed,2025-10-15,36,6,False,False,seasonal_payer
INV6001430,B006,B006-C1045,FMCG Client 045,FMCG & Food Processing,30,7680.04,2025-10-03,2025-11-02,closed,2025-11-05,33,3,False,False,seasonal_payer
INV6001431,B006,B006-C1045,FMCG Client 045,FMCG & Food Processing,30,7626.68,2025-10-08,2025-11-07,closed,2025-11-14,37,7,False,False,seasonal_payer
INV6001432,B006,B006-C1045,FMCG Client 045,FMCG & Food Processing,30,9167.37,2026-02-15,2026-03-17,closed,2026-03-24,37,7,False,False,seasonal_payer
INV6001433,B006,B006-C1045,FMCG Client 045,FMCG & Food Processing,30,7649.47,2026-02-27,2026-03-29,closed,2026-04-11,43,13,False,False,seasonal_payer
INV6001434,B006,B006-C1045,FMCG Client 045,FMCG & Food Processing,30,9328.34,2026-03-31,2026-04-30,closed,2026-05-02,32,2,False,False,seasonal_payer
INV6001435,B006,B006-C1045,FMCG Client 045,FMCG & Food Processing,30,5890.05,2026-05-31,2026-06-30,closed,2026-07-08,38,8,False,False,seasonal_payer
INV6001436,B006,B006-C1045,FMCG Client 045,FMCG & Food Processing,30,9864.65,2026-06-30,2026-07-30,closed,2026-07-31,31,1,False,False,seasonal_payer
INV6001437,B006,B006-C1045,FMCG Client 045,FMCG & Food Processing,30,8475.81,2026-07-06,2026-08-05,closed,2026-08-02,27,-3,False,False,seasonal_payer
INV6001438,B006,B006-C1045,FMCG Client 045,FMCG & Food Processing,30,5319.5,2026-07-07,2026-08-06,closed,2026-08-07,31,1,False,False,seasonal_payer
INV6001439,B006,B006-C1045,FMCG Client 045,FMCG & Food Processing,30,7346.31,2026-07-19,2026-08-18,closed,2026-08-26,38,8,False,False,seasonal_payer
INV6001440,B006,B006-C1045,FMCG Client 045,FMCG & Food Processing,30,5108.64,2026-08-19,2026-09-18,disputed_open,,,,False,False,seasonal_payer
INV6001441,B006,B006-C1045,FMCG Client 045,FMCG & Food Processing,30,6572.43,2026-08-22,2026-09-21,open,,,,False,False,seasonal_payer
INV6001442,B006,B006-C1046,Pharma Client 046,Pharma & Healthcare,30,21816.43,2024-04-25,2024-05-25,closed,2024-07-10,76,46,False,False,chronic_late_payer
INV6001443,B006,B006-C1046,Pharma Client 046,Pharma & Healthcare,30,19191.94,2024-05-01,2024-05-31,closed,2024-06-29,59,29,False,False,chronic_late_payer
INV6001444,B006,B006-C1046,Pharma Client 046,Pharma & Healthcare,30,14473.69,2024-05-08,2024-06-07,closed,2024-08-02,86,56,False,False,chronic_late_payer
INV6001445,B006,B006-C1046,Pharma Client 046,Pharma & Healthcare,30,12482.33,2024-05-21,2024-06-20,closed,2024-07-21,61,31,False,False,chronic_late_payer
INV6001446,B006,B006-C1046,Pharma Client 046,Pharma & Healthcare,30,14718.58,2024-06-03,2024-07-03,closed,2024-08-03,61,31,False,False,chronic_late_payer
INV6001447,B006,B006-C1046,Pharma Client 046,Pharma & Healthcare,30,32651.6,2024-06-03,2024-07-03,closed,2024-08-06,64,34,False,False,chronic_late_payer
INV6001448,B006,B006-C1046,Pharma Client 046,Pharma & Healthcare,30,20865.89,2024-07-04,2024-08-03,closed,2024-09-23,81,51,False,False,chronic_late_payer
INV6001449,B006,B006-C1046,Pharma Client 046,Pharma & Healthcare,30,27475.93,2024-08-29,2024-09-28,closed,2024-10-12,44,14,False,False,chronic_late_payer
INV6001450,B006,B006-C1046,Pharma Client 046,Pharma & Healthcare,30,26249.48,2024-09-17,2024-10-17,closed,2024-12-06,80,50,False,False,chronic_late_payer
INV6001451,B006,B006-C1046,Pharma Client 046,Pharma & Healthcare,30,19291.2,2024-12-04,2025-01-03,closed,2025-02-20,78,48,False,False,chronic_late_payer
INV6001452,B006,B006-C1046,Pharma Client 046,Pharma & Healthcare,30,25363.69,2024-12-27,2025-01-26,closed,2025-02-13,48,18,False,False,chronic_late_payer
INV6001453,B006,B006-C1046,Pharma Client 046,Pharma & Healthcare,30,17296.81,2025-01-11,2025-02-10,closed,2025-03-10,58,28,False,False,chronic_late_payer
INV6001454,B006,B006-C1046,Pharma Client 046,Pharma & Healthcare,30,24747.22,2025-02-05,2025-03-07,closed,2025-03-29,52,22,False,False,chronic_late_payer
INV6001455,B006,B006-C1046,Pharma Client 046,Pharma & Healthcare,30,17318.31,2025-02-06,2025-03-08,closed,2025-04-04,57,27,False,False,chronic_late_payer
INV6001456,B006,B006-C1046,Pharma Client 046,Pharma & Healthcare,30,29972.4,2025-06-06,2025-07-06,open,,,,False,False,chronic_late_payer
INV6001457,B006,B006-C1046,Pharma Client 046,Pharma & Healthcare,30,24026.13,2025-09-29,2025-10-29,closed,2025-12-24,86,56,False,False,chronic_late_payer
INV6001458,B006,B006-C1046,Pharma Client 046,Pharma & Healthcare,30,17471.73,2025-10-15,2025-11-14,closed,2026-01-03,80,50,False,False,chronic_late_payer
INV6001459,B006,B006-C1046,Pharma Client 046,Pharma & Healthcare,30,21543.0,2025-11-19,2025-12-19,closed,2026-01-02,44,14,False,False,chronic_late_payer
INV6001460,B006,B006-C1046,Pharma Client 046,Pharma & Healthcare,30,23795.61,2025-12-31,2026-01-30,closed,2026-03-24,83,53,False,False,chronic_late_payer
INV6001461,B006,B006-C1046,Pharma Client 046,Pharma & Healthcare,30,32228.83,2026-01-31,2026-03-02,closed,2026-04-24,83,53,False,False,chronic_late_payer
INV6001462,B006,B006-C1046,Pharma Client 046,Pharma & Healthcare,30,185146.51,2026-03-10,2026-04-09,closed,2026-05-15,66,36,False,True,chronic_late_payer
INV6001463,B006,B006-C1046,Pharma Client 046,Pharma & Healthcare,30,20844.34,2026-07-31,2026-08-30,open,,,,False,False,chronic_late_payer
INV6001464,B006,B006-C1047,Retail Client 047,Retail & Distribution,30,46018.12,2024-03-22,2024-04-21,closed,2024-05-05,44,14,False,False,average_payer
INV6001465,B006,B006-C1047,Retail Client 047,Retail & Distribution,30,65148.05,2024-03-23,2024-04-22,closed,2024-05-02,40,10,False,False,average_payer
INV6001466,B006,B006-C1047,Retail Client 047,Retail & Distribution,30,32760.54,2024-04-11,2024-05-11,closed,2024-05-17,36,6,False,False,average_payer
INV6001467,B006,B006-C1047,Retail Client 047,Retail & Distribution,30,74980.37,2024-05-08,2024-06-07,closed,2024-06-01,24,-6,False,False,average_payer
INV6001468,B006,B006-C1047,Retail Client 047,Retail & Distribution,30,59465.02,2024-05-11,2024-06-10,closed,2024-06-18,38,8,False,False,average_payer
INV6001469,B006,B006-C1047,Retail Client 047,Retail & Distribution,30,34072.61,2024-05-16,2024-06-15,closed,2024-06-29,44,14,False,False,average_payer
INV6001470,B006,B006-C1047,Retail Client 047,Retail & Distribution,30,34188.48,2024-06-12,2024-07-12,closed,2024-07-08,26,-4,False,False,average_payer
INV6001471,B006,B006-C1047,Retail Client 047,Retail & Distribution,30,55690.96,2024-07-21,2024-08-20,closed,2024-08-29,39,9,False,False,average_payer
INV6001472,B006,B006-C1047,Retail Client 047,Retail & Distribution,30,70756.11,2024-08-01,2024-08-31,closed,2024-09-01,31,1,False,False,average_payer
INV6001473,B006,B006-C1047,Retail Client 047,Retail & Distribution,30,51448.39,2024-08-22,2024-09-21,closed,2024-10-01,40,10,False,False,average_payer
INV6001474,B006,B006-C1047,Retail Client 047,Retail & Distribution,30,44999.71,2024-08-23,2024-09-22,closed,2024-09-30,38,8,False,False,average_payer
INV6001475,B006,B006-C1047,Retail Client 047,Retail & Distribution,30,57613.38,2024-09-09,2024-10-09,closed,2024-10-11,32,2,False,False,average_payer
INV6001476,B006,B006-C1047,Retail Client 047,Retail & Distribution,30,37523.52,2024-10-23,2024-11-22,closed,2024-12-03,41,11,False,False,average_payer
INV6001477,B006,B006-C1047,Retail Client 047,Retail & Distribution,30,56840.89,2024-11-02,2024-12-02,closed,2024-12-14,42,12,False,False,average_payer
INV6001478,B006,B006-C1047,Retail Client 047,Retail & Distribution,30,68180.32,2025-01-09,2025-02-08,closed,2025-02-14,36,6,False,False,average_payer
INV6001479,B006,B006-C1047,Retail Client 047,Retail & Distribution,30,34203.36,2025-02-07,2025-03-09,closed,2025-03-20,41,11,False,False,average_payer
INV6001480,B006,B006-C1047,Retail Client 047,Retail & Distribution,30,67678.02,2025-03-02,2025-04-01,closed,2025-03-27,25,-5,False,False,average_payer
INV6001481,B006,B006-C1047,Retail Client 047,Retail & Distribution,30,50058.88,2025-03-22,2025-04-21,closed,2025-04-21,30,0,False,False,average_payer
INV6001482,B006,B006-C1047,Retail Client 047,Retail & Distribution,30,43412.72,2025-04-02,2025-05-02,closed,2025-05-14,42,12,True,False,average_payer
INV6001483,B006,B006-C1047,Retail Client 047,Retail & Distribution,30,69861.66,2025-04-24,2025-05-24,closed,2025-05-31,37,7,False,False,average_payer
INV6001484,B006,B006-C1047,Retail Client 047,Retail & Distribution,30,61353.8,2025-04-30,2025-05-30,closed,2025-06-09,40,10,False,False,average_payer
INV6001485,B006,B006-C1047,Retail Client 047,Retail & Distribution,30,46991.81,2025-05-01,2025-05-31,closed,2025-06-10,40,10,False,False,average_payer
INV6001486,B006,B006-C1047,Retail Client 047,Retail & Distribution,30,76398.76,2025-05-18,2025-06-17,closed,2025-06-24,37,7,False,False,average_payer
INV6001487,B006,B006-C1047,Retail Client 047,Retail & Distribution,30,82380.57,2025-06-06,2025-07-06,closed,2025-07-11,35,5,False,False,average_payer
INV6001488,B006,B006-C1047,Retail Client 047,Retail & Distribution,30,64004.54,2025-07-04,2025-08-03,closed,2025-08-06,33,3,True,False,average_payer
INV6001489,B006,B006-C1047,Retail Client 047,Retail & Distribution,30,62134.16,2025-07-06,2025-08-05,closed,2025-08-13,38,8,False,False,average_payer
INV6001490,B006,B006-C1047,Retail Client 047,Retail & Distribution,30,67140.95,2025-07-29,2025-08-28,closed,2025-09-03,36,6,False,False,average_payer
INV6001491,B006,B006-C1047,Retail Client 047,Retail & Distribution,30,75973.49,2025-08-02,2025-09-01,closed,2025-08-30,28,-2,False,False,average_payer
INV6001492,B006,B006-C1047,Retail Client 047,Retail & Distribution,30,49812.78,2025-08-15,2025-09-14,closed,2025-09-17,33,3,False,False,average_payer
INV6001493,B006,B006-C1047,Retail Client 047,Retail & Distribution,30,58070.62,2025-09-04,2025-10-04,closed,2025-10-17,43,13,False,False,average_payer
INV6001494,B006,B006-C1047,Retail Client 047,Retail & Distribution,30,69144.71,2025-09-16,2025-10-16,closed,2025-11-06,51,21,False,False,average_payer
INV6001495,B006,B006-C1047,Retail Client 047,Retail & Distribution,30,58082.02,2025-09-18,2025-10-18,closed,2025-11-01,44,14,False,False,average_payer
INV6001496,B006,B006-C1047,Retail Client 047,Retail & Distribution,30,47855.09,2025-09-19,2025-10-19,closed,2025-10-25,36,6,False,False,average_payer
INV6001497,B006,B006-C1047,Retail Client 047,Retail & Distribution,30,71769.28,2025-10-04,2025-11-03,closed,2025-11-12,39,9,False,False,average_payer
INV6001498,B006,B006-C1047,Retail Client 047,Retail & Distribution,30,46058.42,2025-10-12,2025-11-11,closed,2025-11-23,42,12,False,False,average_payer
INV6001499,B006,B006-C1047,Retail Client 047,Retail & Distribution,30,35482.02,2025-11-10,2025-12-10,closed,2025-12-09,29,-1,False,False,average_payer
INV6001500,B006,B006-C1047,Retail Client 047,Retail & Distribution,30,35077.04,2025-11-20,2025-12-20,closed,2025-12-19,29,-1,False,False,average_payer
INV6001501,B006,B006-C1047,Retail Client 047,Retail & Distribution,30,51496.48,2025-11-24,2025-12-24,closed,2025-12-24,30,0,False,False,average_payer
INV6001502,B006,B006-C1047,Retail Client 047,Retail & Distribution,30,52194.2,2025-11-25,2025-12-25,closed,2025-12-21,26,-4,False,False,average_payer
INV6001503,B006,B006-C1047,Retail Client 047,Retail & Distribution,30,78056.77,2025-12-01,2025-12-31,closed,2026-01-18,48,18,False,False,average_payer
INV6001504,B006,B006-C1047,Retail Client 047,Retail & Distribution,30,52440.16,2025-12-09,2026-01-08,closed,2026-01-13,35,5,False,False,average_payer
INV6001505,B006,B006-C1047,Retail Client 047,Retail & Distribution,30,50576.53,2025-12-15,2026-01-14,closed,2026-01-13,29,-1,False,False,average_payer
INV6001506,B006,B006-C1047,Retail Client 047,Retail & Distribution,30,48252.49,2025-12-26,2026-01-25,closed,2026-01-30,35,5,False,False,average_payer
INV6001507,B006,B006-C1047,Retail Client 047,Retail & Distribution,30,90794.64,2025-12-29,2026-01-28,closed,2026-02-09,42,12,False,False,average_payer
INV6001508,B006,B006-C1047,Retail Client 047,Retail & Distribution,30,39283.89,2026-03-26,2026-04-25,closed,2026-04-24,29,-1,False,False,average_payer
INV6001509,B006,B006-C1047,Retail Client 047,Retail & Distribution,30,86383.04,2026-04-26,2026-05-26,closed,2026-05-31,35,5,False,False,average_payer
INV6001510,B006,B006-C1047,Retail Client 047,Retail & Distribution,30,41484.89,2026-04-27,2026-05-27,closed,2026-06-01,35,5,False,False,average_payer
INV6001511,B006,B006-C1047,Retail Client 047,Retail & Distribution,30,66977.04,2026-05-22,2026-06-21,closed,2026-06-24,33,3,False,False,average_payer
INV6001512,B006,B006-C1047,Retail Client 047,Retail & Distribution,30,56295.83,2026-06-16,2026-07-16,closed,2026-07-18,32,2,False,False,average_payer
INV6001513,B006,B006-C1047,Retail Client 047,Retail & Distribution,30,87686.42,2026-07-16,2026-08-15,open,,,,False,False,average_payer
INV6001514,B006,B006-C1047,Retail Client 047,Retail & Distribution,30,65161.89,2026-08-15,2026-09-14,disputed_open,,,,False,False,average_payer
INV6001515,B006,B006-C1047,Retail Client 047,Retail & Distribution,30,80407.02,2026-08-20,2026-09-19,open,,,,False,False,average_payer
INV6001516,B006,B006-C1047,Retail Client 047,Retail & Distribution,30,65828.78,2026-08-22,2026-09-21,disputed_open,,,,False,False,average_payer
INV6001517,B006,B006-C1047,Retail Client 047,Retail & Distribution,30,47405.26,2026-09-01,2026-10-01,disputed_open,,,,False,False,average_payer
