invoice_id,business_id,cust_number,customer_name,sector,payment_term_days,invoice_amount,issue_date,due_date,status,actual_paid_date,days_to_payment,delay_vs_due_date,had_partial_payment_flag,is_big_ticket_spike,customer_archetype_TRUE_LABEL
INV7000001,B007,B007-C1001,Auto Client 001,Auto Components,30,76625.09,2024-03-23,2024-04-22,closed,2024-05-05,43,13,False,False,seasonal_payer
INV7000002,B007,B007-C1001,Auto Client 001,Auto Components,30,70817.97,2024-03-28,2024-04-27,closed,2024-05-11,44,14,False,False,seasonal_payer
INV7000003,B007,B007-C1001,Auto Client 001,Auto Components,30,106558.25,2024-12-16,2025-01-15,closed,2025-02-07,53,23,False,False,seasonal_payer
INV7000004,B007,B007-C1001,Auto Client 001,Auto Components,30,126895.0,2025-05-21,2025-06-20,closed,2025-07-07,47,17,False,False,seasonal_payer
INV7000005,B007,B007-C1001,Auto Client 001,Auto Components,30,75867.28,2025-09-02,2025-10-02,closed,2025-10-10,38,8,False,False,seasonal_payer
INV7000006,B007,B007-C1001,Auto Client 001,Auto Components,30,81249.53,2026-02-12,2026-03-14,closed,2026-03-31,47,17,False,False,seasonal_payer
INV7000007,B007,B007-C1001,Auto Client 001,Auto Components,30,103755.03,2026-08-29,2026-09-28,open,,,,False,False,seasonal_payer
INV7000008,B007,B007-C1002,Textiles Client 002,Textiles & Apparel,30,125686.66,2024-05-02,2024-06-01,closed,2024-05-25,23,-7,False,False,erratic_payer
INV7000009,B007,B007-C1002,Textiles Client 002,Textiles & Apparel,30,97236.11,2024-06-02,2024-07-02,closed,2024-06-24,22,-8,False,False,erratic_payer
INV7000010,B007,B007-C1002,Textiles Client 002,Textiles & Apparel,30,157752.39,2024-07-09,2024-08-08,closed,2024-08-17,39,9,False,False,erratic_payer
INV7000011,B007,B007-C1002,Textiles Client 002,Textiles & Apparel,30,116474.15,2024-08-11,2024-09-10,closed,2024-09-01,21,-9,False,False,erratic_payer
INV7000012,B007,B007-C1002,Textiles Client 002,Textiles & Apparel,30,120229.59,2024-08-17,2024-09-16,closed,2024-10-07,51,21,False,False,erratic_payer
INV7000013,B007,B007-C1002,Textiles Client 002,Textiles & Apparel,30,173514.41,2024-10-16,2024-11-15,closed,2024-11-20,35,5,False,False,erratic_payer
INV7000014,B007,B007-C1002,Textiles Client 002,Textiles & Apparel,30,98548.13,2024-11-26,2024-12-26,closed,2025-03-27,121,91,False,False,erratic_payer
INV7000015,B007,B007-C1002,Textiles Client 002,Textiles & Apparel,30,94915.02,2025-04-01,2025-05-01,closed,2025-05-19,48,18,False,False,erratic_payer
INV7000016,B007,B007-C1002,Textiles Client 002,Textiles & Apparel,30,119505.7,2025-04-02,2025-05-02,closed,2025-05-05,33,3,False,False,erratic_payer
INV7000017,B007,B007-C1002,Textiles Client 002,Textiles & Apparel,30,205844.99,2025-06-17,2025-07-17,closed,2025-07-25,38,8,False,False,erratic_payer
INV7000018,B007,B007-C1002,Textiles Client 002,Textiles & Apparel,30,109427.93,2025-07-28,2025-08-27,closed,2025-08-21,24,-6,False,False,erratic_payer
INV7000019,B007,B007-C1002,Textiles Client 002,Textiles & Apparel,30,288866.04,2025-09-06,2025-10-06,closed,2025-10-11,35,5,False,False,erratic_payer
INV7000020,B007,B007-C1002,Textiles Client 002,Textiles & Apparel,30,140973.25,2025-09-09,2025-10-09,disputed_open,,,,False,False,erratic_payer
INV7000021,B007,B007-C1002,Textiles Client 002,Textiles & Apparel,30,98682.1,2025-09-12,2025-10-12,closed,2025-10-14,32,2,False,False,erratic_payer
INV7000022,B007,B007-C1002,Textiles Client 002,Textiles & Apparel,30,107019.27,2025-09-30,2025-10-30,closed,2025-12-27,88,58,False,False,erratic_payer
INV7000023,B007,B007-C1002,Textiles Client 002,Textiles & Apparel,30,135112.8,2025-10-11,2025-11-10,closed,2025-11-21,41,11,False,False,erratic_payer
INV7000024,B007,B007-C1002,Textiles Client 002,Textiles & Apparel,30,142882.43,2025-11-30,2025-12-30,closed,2025-12-24,24,-6,False,False,erratic_payer
INV7000025,B007,B007-C1002,Textiles Client 002,Textiles & Apparel,30,133319.74,2026-01-27,2026-02-26,closed,2026-03-01,33,3,False,False,erratic_payer
INV7000026,B007,B007-C1002,Textiles Client 002,Textiles & Apparel,30,81329.0,2026-03-01,2026-03-31,closed,2026-04-26,56,26,False,False,erratic_payer
INV7000027,B007,B007-C1002,Textiles Client 002,Textiles & Apparel,30,224541.2,2026-03-28,2026-04-27,closed,2026-05-15,48,18,False,False,erratic_payer
INV7000028,B007,B007-C1002,Textiles Client 002,Textiles & Apparel,30,132635.22,2026-04-04,2026-05-04,open,,,,False,False,erratic_payer
INV7000029,B007,B007-C1002,Textiles Client 002,Textiles & Apparel,30,124604.07,2026-05-06,2026-06-05,closed,2026-06-25,50,20,False,False,erratic_payer
INV7000030,B007,B007-C1002,Textiles Client 002,Textiles & Apparel,30,260050.92,2026-05-24,2026-06-23,closed,2026-06-27,34,4,False,False,erratic_payer
INV7000031,B007,B007-C1002,Textiles Client 002,Textiles & Apparel,30,171320.31,2026-06-22,2026-07-22,closed,2026-08-03,42,12,False,False,erratic_payer
INV7000032,B007,B007-C1002,Textiles Client 002,Textiles & Apparel,30,114438.83,2026-08-23,2026-09-22,open,,,,False,False,erratic_payer
INV7000033,B007,B007-C1002,Textiles Client 002,Textiles & Apparel,30,189714.4,2026-09-01,2026-10-01,open,,,,False,False,erratic_payer
INV7000034,B007,B007-C1003,Textiles Client 003,Textiles & Apparel,45,58897.4,2025-04-21,2025-06-05,closed,2025-06-07,47,2,False,False,cold_start
INV7000035,B007,B007-C1003,Textiles Client 003,Textiles & Apparel,45,40672.18,2025-10-26,2025-12-10,closed,2025-12-06,41,-4,False,False,cold_start
INV7000036,B007,B007-C1004,Construction Client 004,Construction & Infra,60,42645.22,2024-04-02,2024-06-01,closed,2024-05-26,54,-6,False,False,prompt_payer
INV7000037,B007,B007-C1004,Construction Client 004,Construction & Infra,60,101423.19,2024-04-13,2024-06-12,closed,2024-06-12,60,0,False,False,prompt_payer
INV7000038,B007,B007-C1004,Construction Client 004,Construction & Infra,60,117810.62,2024-04-19,2024-06-18,closed,2024-06-18,60,0,False,False,prompt_payer
INV7000039,B007,B007-C1004,Construction Client 004,Construction & Infra,60,98506.31,2024-06-02,2024-08-01,closed,2024-08-02,61,1,False,False,prompt_payer
INV7000040,B007,B007-C1004,Construction Client 004,Construction & Infra,60,59928.47,2024-06-15,2024-08-14,open,,,,False,False,prompt_payer
INV7000041,B007,B007-C1004,Construction Client 004,Construction & Infra,60,47905.78,2024-07-03,2024-09-01,closed,2024-08-31,59,-1,False,False,prompt_payer
INV7000042,B007,B007-C1004,Construction Client 004,Construction & Infra,60,141901.97,2024-07-24,2024-09-22,closed,2024-09-19,57,-3,False,True,prompt_payer
INV7000043,B007,B007-C1004,Construction Client 004,Construction & Infra,60,74371.23,2024-08-08,2024-10-07,closed,2024-10-12,65,5,False,False,prompt_payer
INV7000044,B007,B007-C1004,Construction Client 004,Construction & Infra,60,89785.3,2024-08-13,2024-10-12,closed,2024-10-03,51,-9,False,False,prompt_payer
INV7000045,B007,B007-C1004,Construction Client 004,Construction & Infra,60,324357.74,2024-08-27,2024-10-26,closed,2024-10-27,61,1,False,True,prompt_payer
INV7000046,B007,B007-C1004,Construction Client 004,Construction & Infra,60,65032.54,2024-09-04,2024-11-03,closed,2024-11-06,63,3,False,False,prompt_payer
INV7000047,B007,B007-C1004,Construction Client 004,Construction & Infra,60,120813.61,2024-11-22,2025-01-21,closed,2025-01-25,64,4,False,False,prompt_payer
INV7000048,B007,B007-C1004,Construction Client 004,Construction & Infra,60,56491.96,2024-12-18,2025-02-16,closed,2025-02-17,61,1,False,False,prompt_payer
INV7000049,B007,B007-C1004,Construction Client 004,Construction & Infra,60,122797.12,2024-12-23,2025-02-21,closed,2025-02-28,67,7,False,False,prompt_payer
INV7000050,B007,B007-C1004,Construction Client 004,Construction & Infra,60,46741.04,2025-01-18,2025-03-19,closed,2025-03-14,55,-5,False,False,prompt_payer
INV7000051,B007,B007-C1004,Construction Client 004,Construction & Infra,60,107120.95,2025-02-07,2025-04-08,closed,2025-04-13,65,5,False,False,prompt_payer
INV7000052,B007,B007-C1004,Construction Client 004,Construction & Infra,60,64732.04,2025-02-26,2025-04-27,closed,2025-04-26,59,-1,False,False,prompt_payer
INV7000053,B007,B007-C1004,Construction Client 004,Construction & Infra,60,82799.58,2025-04-12,2025-06-11,closed,2025-06-17,66,6,False,False,prompt_payer
INV7000054,B007,B007-C1004,Construction Client 004,Construction & Infra,60,98760.99,2025-04-29,2025-06-28,closed,2025-06-25,57,-3,False,False,prompt_payer
INV7000055,B007,B007-C1004,Construction Client 004,Construction & Infra,60,92853.87,2025-05-30,2025-07-29,closed,2025-07-25,56,-4,False,False,prompt_payer
INV7000056,B007,B007-C1004,Construction Client 004,Construction & Infra,60,57028.41,2025-06-04,2025-08-03,closed,2025-08-02,59,-1,True,False,prompt_payer
INV7000057,B007,B007-C1004,Construction Client 004,Construction & Infra,60,60330.33,2025-06-26,2025-08-25,closed,2025-08-29,64,4,False,False,prompt_payer
INV7000058,B007,B007-C1004,Construction Client 004,Construction & Infra,60,95909.28,2025-07-06,2025-09-04,closed,2025-08-31,56,-4,False,False,prompt_payer
INV7000059,B007,B007-C1004,Construction Client 004,Construction & Infra,60,55236.5,2025-07-06,2025-09-04,closed,2025-09-03,59,-1,False,False,prompt_payer
INV7000060,B007,B007-C1004,Construction Client 004,Construction & Infra,60,69478.35,2025-07-18,2025-09-16,closed,2025-09-14,58,-2,False,False,prompt_payer
INV7000061,B007,B007-C1004,Construction Client 004,Construction & Infra,60,129276.41,2025-07-28,2025-09-26,closed,2025-10-02,66,6,False,False,prompt_payer
INV7000062,B007,B007-C1004,Construction Client 004,Construction & Infra,60,83882.96,2025-07-29,2025-09-27,closed,2025-09-21,54,-6,False,False,prompt_payer
INV7000063,B007,B007-C1004,Construction Client 004,Construction & Infra,60,94725.04,2025-08-01,2025-09-30,closed,2025-09-28,58,-2,False,False,prompt_payer
INV7000064,B007,B007-C1004,Construction Client 004,Construction & Infra,60,97490.56,2025-08-12,2025-10-11,closed,2025-10-09,58,-2,False,False,prompt_payer
INV7000065,B007,B007-C1004,Construction Client 004,Construction & Infra,60,81952.97,2025-10-07,2025-12-06,closed,2025-12-09,63,3,False,False,prompt_payer
INV7000066,B007,B007-C1004,Construction Client 004,Construction & Infra,60,67873.02,2025-11-01,2025-12-31,closed,2025-12-31,60,0,False,False,prompt_payer
INV7000067,B007,B007-C1004,Construction Client 004,Construction & Infra,60,81267.7,2025-12-01,2026-01-30,closed,2026-01-31,61,1,True,False,prompt_payer
INV7000068,B007,B007-C1004,Construction Client 004,Construction & Infra,60,90639.84,2025-12-31,2026-03-01,closed,2026-03-01,60,0,False,False,prompt_payer
INV7000069,B007,B007-C1004,Construction Client 004,Construction & Infra,60,64237.49,2026-02-28,2026-04-29,closed,2026-04-29,60,0,False,False,prompt_payer
INV7000070,B007,B007-C1004,Construction Client 004,Construction & Infra,60,72136.61,2026-03-14,2026-05-13,closed,2026-05-16,63,3,False,False,prompt_payer
INV7000071,B007,B007-C1004,Construction Client 004,Construction & Infra,60,242730.64,2026-03-25,2026-05-24,closed,2026-05-21,57,-3,False,True,prompt_payer
INV7000072,B007,B007-C1004,Construction Client 004,Construction & Infra,60,81706.01,2026-04-15,2026-06-14,closed,2026-06-14,60,0,False,False,prompt_payer
INV7000073,B007,B007-C1004,Construction Client 004,Construction & Infra,60,46982.28,2026-04-28,2026-06-27,closed,2026-06-30,63,3,False,False,prompt_payer
INV7000074,B007,B007-C1004,Construction Client 004,Construction & Infra,60,78080.84,2026-05-08,2026-07-07,closed,2026-07-04,57,-3,False,False,prompt_payer
INV7000075,B007,B007-C1004,Construction Client 004,Construction & Infra,60,83545.7,2026-06-27,2026-08-26,closed,2026-08-21,55,-5,False,False,prompt_payer
INV7000076,B007,B007-C1004,Construction Client 004,Construction & Infra,60,88154.12,2026-07-11,2026-09-09,open,,,,False,False,prompt_payer
INV7000077,B007,B007-C1004,Construction Client 004,Construction & Infra,60,66262.89,2026-08-09,2026-10-08,open,,,,False,False,prompt_payer
INV7000078,B007,B007-C1004,Construction Client 004,Construction & Infra,60,375632.44,2026-08-26,2026-10-25,open,,,,False,True,prompt_payer
INV7000079,B007,B007-C1004,Construction Client 004,Construction & Infra,60,95361.1,2026-08-30,2026-10-29,open,,,,False,False,prompt_payer
INV7000080,B007,B007-C1005,Retail Client 005,Retail & Distribution,45,28221.74,2024-09-26,2024-11-10,closed,2024-11-07,42,-3,False,False,average_payer
INV7000081,B007,B007-C1005,Retail Client 005,Retail & Distribution,45,16204.56,2024-10-09,2024-11-23,closed,2024-12-07,59,14,False,False,average_payer
INV7000082,B007,B007-C1005,Retail Client 005,Retail & Distribution,45,19013.88,2025-03-09,2025-04-23,closed,2025-04-25,47,2,False,False,average_payer
INV7000083,B007,B007-C1005,Retail Client 005,Retail & Distribution,45,21133.21,2026-03-04,2026-04-18,closed,2026-04-28,55,10,False,False,average_payer
INV7000084,B007,B007-C1005,Retail Client 005,Retail & Distribution,45,94710.45,2026-03-23,2026-05-07,closed,2026-05-04,42,-3,False,True,average_payer
INV7000085,B007,B007-C1006,Metal Client 006,Metal & Engineering,30,67671.21,2024-03-28,2024-04-27,closed,2024-04-28,31,1,False,False,prompt_payer
INV7000086,B007,B007-C1006,Metal Client 006,Metal & Engineering,30,138328.99,2024-04-13,2024-05-13,closed,2024-05-07,24,-6,False,False,prompt_payer
INV7000087,B007,B007-C1006,Metal Client 006,Metal & Engineering,30,89863.14,2024-05-03,2024-06-02,closed,2024-06-06,34,4,False,False,prompt_payer
INV7000088,B007,B007-C1006,Metal Client 006,Metal & Engineering,30,95296.05,2024-05-11,2024-06-10,closed,2024-06-14,34,4,False,False,prompt_payer
INV7000089,B007,B007-C1006,Metal Client 006,Metal & Engineering,30,96229.76,2024-05-18,2024-06-17,closed,2024-06-23,36,6,False,False,prompt_payer
INV7000090,B007,B007-C1006,Metal Client 006,Metal & Engineering,30,71393.25,2024-05-19,2024-06-18,closed,2024-06-16,28,-2,False,False,prompt_payer
INV7000091,B007,B007-C1006,Metal Client 006,Metal & Engineering,30,115683.13,2024-06-13,2024-07-13,closed,2024-07-08,25,-5,False,False,prompt_payer
INV7000092,B007,B007-C1006,Metal Client 006,Metal & Engineering,30,68940.94,2024-06-25,2024-07-25,closed,2024-07-23,28,-2,False,False,prompt_payer
INV7000093,B007,B007-C1006,Metal Client 006,Metal & Engineering,30,98529.4,2024-07-01,2024-07-31,closed,2024-07-30,29,-1,False,False,prompt_payer
INV7000094,B007,B007-C1006,Metal Client 006,Metal & Engineering,30,107951.66,2024-07-11,2024-08-10,closed,2024-08-15,35,5,False,False,prompt_payer
INV7000095,B007,B007-C1006,Metal Client 006,Metal & Engineering,30,75602.42,2024-07-26,2024-08-25,closed,2024-08-28,33,3,False,False,prompt_payer
INV7000096,B007,B007-C1006,Metal Client 006,Metal & Engineering,30,58671.05,2024-08-20,2024-09-19,closed,2024-09-15,26,-4,False,False,prompt_payer
INV7000097,B007,B007-C1006,Metal Client 006,Metal & Engineering,30,71512.78,2024-08-22,2024-09-21,closed,2024-09-27,36,6,False,False,prompt_payer
INV7000098,B007,B007-C1006,Metal Client 006,Metal & Engineering,30,79734.13,2024-10-22,2024-11-21,closed,2024-11-20,29,-1,False,False,prompt_payer
INV7000099,B007,B007-C1006,Metal Client 006,Metal & Engineering,30,75645.66,2024-11-17,2024-12-17,closed,2024-12-14,27,-3,False,False,prompt_payer
INV7000100,B007,B007-C1006,Metal Client 006,Metal & Engineering,30,62103.95,2024-11-30,2024-12-30,closed,2024-12-28,28,-2,False,False,prompt_payer
INV7000101,B007,B007-C1006,Metal Client 006,Metal & Engineering,30,65705.73,2025-01-13,2025-02-12,closed,2025-02-13,31,1,False,False,prompt_payer
INV7000102,B007,B007-C1006,Metal Client 006,Metal & Engineering,30,188614.3,2025-02-25,2025-03-27,closed,2025-03-26,29,-1,False,False,prompt_payer
INV7000103,B007,B007-C1006,Metal Client 006,Metal & Engineering,30,138392.39,2025-02-27,2025-03-29,closed,2025-03-24,25,-5,False,False,prompt_payer
INV7000104,B007,B007-C1006,Metal Client 006,Metal & Engineering,30,132001.27,2025-04-22,2025-05-22,closed,2025-05-28,36,6,False,False,prompt_payer
INV7000105,B007,B007-C1006,Metal Client 006,Metal & Engineering,30,89905.94,2025-06-27,2025-07-27,closed,2025-07-27,30,0,False,False,prompt_payer
INV7000106,B007,B007-C1006,Metal Client 006,Metal & Engineering,30,121698.65,2025-07-02,2025-08-01,closed,2025-07-29,27,-3,False,False,prompt_payer
INV7000107,B007,B007-C1006,Metal Client 006,Metal & Engineering,30,81880.63,2025-07-06,2025-08-05,closed,2025-08-05,30,0,False,False,prompt_payer
INV7000108,B007,B007-C1006,Metal Client 006,Metal & Engineering,30,131202.03,2025-08-18,2025-09-17,closed,2025-09-19,32,2,False,False,prompt_payer
INV7000109,B007,B007-C1006,Metal Client 006,Metal & Engineering,30,231190.48,2025-09-10,2025-10-10,closed,2025-10-06,26,-4,False,True,prompt_payer
INV7000110,B007,B007-C1006,Metal Client 006,Metal & Engineering,30,115847.2,2025-12-04,2026-01-03,closed,2025-12-29,25,-5,False,False,prompt_payer
INV7000111,B007,B007-C1006,Metal Client 006,Metal & Engineering,30,115681.59,2025-12-28,2026-01-27,closed,2026-01-21,24,-6,False,False,prompt_payer
INV7000112,B007,B007-C1006,Metal Client 006,Metal & Engineering,30,104303.95,2026-02-01,2026-03-03,closed,2026-03-06,33,3,False,False,prompt_payer
INV7000113,B007,B007-C1006,Metal Client 006,Metal & Engineering,30,86044.92,2026-02-14,2026-03-16,closed,2026-03-17,31,1,False,False,prompt_payer
INV7000114,B007,B007-C1006,Metal Client 006,Metal & Engineering,30,114038.03,2026-02-21,2026-03-23,closed,2026-03-27,34,4,False,False,prompt_payer
INV7000115,B007,B007-C1006,Metal Client 006,Metal & Engineering,30,97012.54,2026-03-09,2026-04-08,closed,2026-04-09,31,1,False,False,prompt_payer
INV7000116,B007,B007-C1006,Metal Client 006,Metal & Engineering,30,301218.04,2026-04-03,2026-05-03,closed,2026-05-09,36,6,False,False,prompt_payer
INV7000117,B007,B007-C1006,Metal Client 006,Metal & Engineering,30,63613.26,2026-04-20,2026-05-20,closed,2026-05-22,32,2,False,False,prompt_payer
INV7000118,B007,B007-C1006,Metal Client 006,Metal & Engineering,30,134445.71,2026-05-08,2026-06-07,closed,2026-06-06,29,-1,False,False,prompt_payer
INV7000119,B007,B007-C1006,Metal Client 006,Metal & Engineering,30,157719.79,2026-05-10,2026-06-09,closed,2026-06-03,24,-6,False,False,prompt_payer
INV7000120,B007,B007-C1006,Metal Client 006,Metal & Engineering,30,125713.57,2026-05-29,2026-06-28,closed,2026-06-26,28,-2,False,False,prompt_payer
INV7000121,B007,B007-C1006,Metal Client 006,Metal & Engineering,30,114857.26,2026-06-12,2026-07-12,disputed_open,,,,False,False,prompt_payer
INV7000122,B007,B007-C1007,Construction Client 007,Construction & Infra,60,542835.76,2024-06-02,2024-08-01,closed,2024-07-28,56,-4,False,True,prompt_payer
INV7000123,B007,B007-C1007,Construction Client 007,Construction & Infra,60,67867.41,2024-08-29,2024-10-28,closed,2024-10-29,61,1,False,False,prompt_payer
INV7000124,B007,B007-C1007,Construction Client 007,Construction & Infra,60,119876.89,2024-09-21,2024-11-20,closed,2024-11-21,61,1,False,False,prompt_payer
INV7000125,B007,B007-C1007,Construction Client 007,Construction & Infra,60,361901.73,2024-10-22,2024-12-21,closed,2024-12-18,57,-3,False,True,prompt_payer
INV7000126,B007,B007-C1007,Construction Client 007,Construction & Infra,60,57773.81,2025-01-21,2025-03-22,closed,2025-03-25,63,3,False,False,prompt_payer
INV7000127,B007,B007-C1007,Construction Client 007,Construction & Infra,60,114844.51,2025-02-15,2025-04-16,closed,2025-04-19,63,3,False,False,prompt_payer
INV7000128,B007,B007-C1007,Construction Client 007,Construction & Infra,60,53051.29,2025-04-13,2025-06-12,closed,2025-06-14,62,2,False,False,prompt_payer
INV7000129,B007,B007-C1007,Construction Client 007,Construction & Infra,60,47857.1,2025-05-22,2025-07-21,closed,2025-07-21,60,0,False,False,prompt_payer
INV7000130,B007,B007-C1007,Construction Client 007,Construction & Infra,60,81938.53,2025-06-26,2025-08-25,closed,2025-08-20,55,-5,False,False,prompt_payer
INV7000131,B007,B007-C1007,Construction Client 007,Construction & Infra,60,96408.41,2025-10-12,2025-12-11,closed,2025-12-09,58,-2,False,False,prompt_payer
INV7000132,B007,B007-C1007,Construction Client 007,Construction & Infra,60,82492.58,2026-03-10,2026-05-09,closed,2026-05-07,58,-2,False,False,prompt_payer
INV7000133,B007,B007-C1008,Auto Client 008,Auto Components,45,28496.87,2024-04-29,2024-06-13,closed,2024-06-11,43,-2,False,False,prompt_payer
INV7000134,B007,B007-C1008,Auto Client 008,Auto Components,45,36472.0,2024-05-15,2024-06-29,closed,2024-06-27,43,-2,False,False,prompt_payer
INV7000135,B007,B007-C1008,Auto Client 008,Auto Components,45,32874.74,2024-06-06,2024-07-21,closed,2024-07-14,38,-7,False,False,prompt_payer
INV7000136,B007,B007-C1008,Auto Client 008,Auto Components,45,23681.73,2024-06-14,2024-07-29,closed,2024-08-01,48,3,False,False,prompt_payer
INV7000137,B007,B007-C1008,Auto Client 008,Auto Components,45,41012.17,2024-08-15,2024-09-29,closed,2024-09-24,40,-5,False,False,prompt_payer
INV7000138,B007,B007-C1008,Auto Client 008,Auto Components,45,38019.35,2025-01-03,2025-02-17,closed,2025-02-15,43,-2,False,False,prompt_payer
INV7000139,B007,B007-C1008,Auto Client 008,Auto Components,45,17370.77,2025-03-08,2025-04-22,closed,2025-04-15,38,-7,False,False,prompt_payer
INV7000140,B007,B007-C1008,Auto Client 008,Auto Components,45,28284.03,2025-03-31,2025-05-15,closed,2025-05-06,36,-9,False,False,prompt_payer
INV7000141,B007,B007-C1008,Auto Client 008,Auto Components,45,33184.62,2025-04-26,2025-06-10,closed,2025-06-10,45,0,False,False,prompt_payer
INV7000142,B007,B007-C1008,Auto Client 008,Auto Components,45,20897.21,2025-06-13,2025-07-28,closed,2025-07-27,44,-1,False,False,prompt_payer
INV7000143,B007,B007-C1008,Auto Client 008,Auto Components,45,26004.16,2025-07-20,2025-09-03,closed,2025-09-01,43,-2,False,False,prompt_payer
INV7000144,B007,B007-C1008,Auto Client 008,Auto Components,45,39011.06,2025-08-17,2025-10-01,closed,2025-09-24,38,-7,False,False,prompt_payer
INV7000145,B007,B007-C1008,Auto Client 008,Auto Components,45,35124.28,2025-11-19,2026-01-03,closed,2026-01-05,47,2,False,False,prompt_payer
INV7000146,B007,B007-C1008,Auto Client 008,Auto Components,45,35486.87,2026-01-07,2026-02-21,closed,2026-02-22,46,1,False,False,prompt_payer
INV7000147,B007,B007-C1008,Auto Client 008,Auto Components,45,24790.68,2026-03-11,2026-04-25,closed,2026-04-25,45,0,False,False,prompt_payer
INV7000148,B007,B007-C1008,Auto Client 008,Auto Components,45,97580.97,2026-04-14,2026-05-29,closed,2026-05-30,46,1,False,True,prompt_payer
INV7000149,B007,B007-C1008,Auto Client 008,Auto Components,45,25409.88,2026-07-03,2026-08-17,closed,2026-08-15,43,-2,False,False,prompt_payer
INV7000150,B007,B007-C1008,Auto Client 008,Auto Components,45,38869.19,2026-08-08,2026-09-22,disputed_open,,,,False,False,prompt_payer
INV7000151,B007,B007-C1009,Metal Client 009,Metal & Engineering,45,116630.09,2024-04-15,2024-05-30,closed,2024-05-28,43,-2,True,False,deteriorating_payer
INV7000152,B007,B007-C1009,Metal Client 009,Metal & Engineering,45,149212.39,2024-04-28,2024-06-12,closed,2024-07-14,77,32,False,False,deteriorating_payer
INV7000153,B007,B007-C1009,Metal Client 009,Metal & Engineering,45,76810.15,2024-07-11,2024-08-25,closed,2024-09-01,52,7,False,False,deteriorating_payer
INV7000154,B007,B007-C1009,Metal Client 009,Metal & Engineering,45,113726.61,2024-07-28,2024-09-11,closed,2024-09-26,60,15,False,False,deteriorating_payer
INV7000155,B007,B007-C1009,Metal Client 009,Metal & Engineering,45,104958.79,2024-11-05,2024-12-20,closed,2025-01-07,63,18,True,False,deteriorating_payer
INV7000156,B007,B007-C1009,Metal Client 009,Metal & Engineering,45,164578.58,2024-11-06,2024-12-21,closed,2025-01-04,59,14,False,False,deteriorating_payer
INV7000157,B007,B007-C1009,Metal Client 009,Metal & Engineering,45,400890.36,2024-11-30,2025-01-14,closed,2025-01-18,49,4,False,True,deteriorating_payer
INV7000158,B007,B007-C1009,Metal Client 009,Metal & Engineering,45,683445.46,2024-12-16,2025-01-30,closed,2025-02-22,68,23,False,True,deteriorating_payer
INV7000159,B007,B007-C1009,Metal Client 009,Metal & Engineering,45,85448.3,2024-12-29,2025-02-12,closed,2025-02-17,50,5,False,False,deteriorating_payer
INV7000160,B007,B007-C1009,Metal Client 009,Metal & Engineering,45,67329.31,2025-01-02,2025-02-16,closed,2025-03-01,58,13,False,False,deteriorating_payer
INV7000161,B007,B007-C1009,Metal Client 009,Metal & Engineering,45,76444.64,2025-01-21,2025-03-07,closed,2025-04-08,77,32,False,False,deteriorating_payer
INV7000162,B007,B007-C1009,Metal Client 009,Metal & Engineering,45,88300.85,2025-04-13,2025-05-28,closed,2025-06-13,61,16,False,False,deteriorating_payer
INV7000163,B007,B007-C1009,Metal Client 009,Metal & Engineering,45,116067.18,2025-05-18,2025-07-02,closed,2025-07-29,72,27,False,False,deteriorating_payer
INV7000164,B007,B007-C1009,Metal Client 009,Metal & Engineering,45,133175.3,2025-06-01,2025-07-16,closed,2025-08-04,64,19,False,False,deteriorating_payer
INV7000165,B007,B007-C1009,Metal Client 009,Metal & Engineering,45,75443.34,2025-08-25,2025-10-09,closed,2025-10-21,57,12,False,False,deteriorating_payer
INV7000166,B007,B007-C1009,Metal Client 009,Metal & Engineering,45,129992.58,2025-08-31,2025-10-15,closed,2025-11-16,77,32,False,False,deteriorating_payer
INV7000167,B007,B007-C1009,Metal Client 009,Metal & Engineering,45,73857.56,2025-09-11,2025-10-26,closed,2025-11-24,74,29,False,False,deteriorating_payer
INV7000168,B007,B007-C1009,Metal Client 009,Metal & Engineering,45,173839.44,2025-10-15,2025-11-29,closed,2026-01-03,80,35,False,False,deteriorating_payer
INV7000169,B007,B007-C1009,Metal Client 009,Metal & Engineering,45,105623.82,2025-12-05,2026-01-19,closed,2026-02-16,73,28,False,False,deteriorating_payer
INV7000170,B007,B007-C1009,Metal Client 009,Metal & Engineering,45,83215.85,2025-12-08,2026-01-22,closed,2026-02-10,64,19,False,False,deteriorating_payer
INV7000171,B007,B007-C1009,Metal Client 009,Metal & Engineering,45,223404.15,2025-12-19,2026-02-02,open,,,,False,True,deteriorating_payer
INV7000172,B007,B007-C1009,Metal Client 009,Metal & Engineering,45,86567.37,2026-01-07,2026-02-21,closed,2026-03-08,60,15,False,False,deteriorating_payer
INV7000173,B007,B007-C1009,Metal Client 009,Metal & Engineering,45,112782.92,2026-02-05,2026-03-22,closed,2026-05-10,94,49,False,False,deteriorating_payer
INV7000174,B007,B007-C1009,Metal Client 009,Metal & Engineering,45,132382.83,2026-05-03,2026-06-17,closed,2026-07-19,77,32,False,False,deteriorating_payer
INV7000175,B007,B007-C1009,Metal Client 009,Metal & Engineering,45,96840.98,2026-08-11,2026-09-25,open,,,,False,False,deteriorating_payer
INV7000176,B007,B007-C1009,Metal Client 009,Metal & Engineering,45,350554.79,2026-08-24,2026-10-08,disputed_open,,,,False,True,deteriorating_payer
INV7000177,B007,B007-C1010,IT Client 010,IT & Business Services,30,426955.81,2024-03-19,2024-04-18,closed,2024-04-18,30,0,False,False,average_payer
INV7000178,B007,B007-C1010,IT Client 010,IT & Business Services,30,939896.83,2024-04-05,2024-05-05,closed,2024-05-10,35,5,False,False,average_payer
INV7000179,B007,B007-C1010,IT Client 010,IT & Business Services,30,943529.19,2024-05-04,2024-06-03,closed,2024-06-11,38,8,False,False,average_payer
INV7000180,B007,B007-C1010,IT Client 010,IT & Business Services,30,500477.46,2024-05-14,2024-06-13,closed,2024-06-15,32,2,False,False,average_payer
INV7000181,B007,B007-C1010,IT Client 010,IT & Business Services,30,444222.31,2024-05-26,2024-06-25,closed,2024-06-30,35,5,False,False,average_payer
INV7000182,B007,B007-C1010,IT Client 010,IT & Business Services,30,547325.21,2024-05-27,2024-06-26,closed,2024-06-28,32,2,False,False,average_payer
INV7000183,B007,B007-C1010,IT Client 010,IT & Business Services,30,465358.91,2024-06-01,2024-07-01,closed,2024-07-03,32,2,False,False,average_payer
INV7000184,B007,B007-C1010,IT Client 010,IT & Business Services,30,649491.52,2024-07-12,2024-08-11,closed,2024-08-21,40,10,False,False,average_payer
INV7000185,B007,B007-C1010,IT Client 010,IT & Business Services,30,618871.36,2024-07-13,2024-08-12,closed,2024-08-23,41,11,False,False,average_payer
INV7000186,B007,B007-C1010,IT Client 010,IT & Business Services,30,342974.75,2024-07-20,2024-08-19,closed,2024-08-18,29,-1,False,False,average_payer
INV7000187,B007,B007-C1010,IT Client 010,IT & Business Services,30,444994.14,2024-07-23,2024-08-22,closed,2024-08-27,35,5,True,False,average_payer
INV7000188,B007,B007-C1010,IT Client 010,IT & Business Services,30,395707.42,2024-08-09,2024-09-08,closed,2024-09-06,28,-2,False,False,average_payer
INV7000189,B007,B007-C1010,IT Client 010,IT & Business Services,30,449531.52,2024-09-07,2024-10-07,closed,2024-10-07,30,0,False,False,average_payer
INV7000190,B007,B007-C1010,IT Client 010,IT & Business Services,30,677308.12,2024-09-19,2024-10-19,closed,2024-10-26,37,7,False,False,average_payer
INV7000191,B007,B007-C1010,IT Client 010,IT & Business Services,30,452418.96,2024-12-21,2025-01-20,closed,2025-02-05,46,16,False,False,average_payer
INV7000192,B007,B007-C1010,IT Client 010,IT & Business Services,30,426890.18,2025-01-21,2025-02-20,closed,2025-02-25,35,5,False,False,average_payer
INV7000193,B007,B007-C1010,IT Client 010,IT & Business Services,30,578808.22,2025-01-27,2025-02-26,closed,2025-03-10,42,12,False,False,average_payer
INV7000194,B007,B007-C1010,IT Client 010,IT & Business Services,30,407132.09,2025-02-23,2025-03-25,closed,2025-04-01,37,7,False,False,average_payer
INV7000195,B007,B007-C1010,IT Client 010,IT & Business Services,30,631879.31,2025-03-02,2025-04-01,closed,2025-04-12,41,11,False,False,average_payer
INV7000196,B007,B007-C1010,IT Client 010,IT & Business Services,30,548341.69,2025-06-01,2025-07-01,closed,2025-06-28,27,-3,False,False,average_payer
INV7000197,B007,B007-C1010,IT Client 010,IT & Business Services,30,1783309.72,2025-07-10,2025-08-09,closed,2025-08-14,35,5,False,True,average_payer
INV7000198,B007,B007-C1010,IT Client 010,IT & Business Services,30,464315.49,2025-07-14,2025-08-13,closed,2025-08-20,37,7,False,False,average_payer
INV7000199,B007,B007-C1010,IT Client 010,IT & Business Services,30,822381.26,2025-08-19,2025-09-18,closed,2025-09-19,31,1,False,False,average_payer
INV7000200,B007,B007-C1010,IT Client 010,IT & Business Services,30,601973.7,2025-08-26,2025-09-25,closed,2025-09-23,28,-2,False,False,average_payer
INV7000201,B007,B007-C1010,IT Client 010,IT & Business Services,30,303394.0,2025-09-02,2025-10-02,closed,2025-10-13,41,11,False,False,average_payer
INV7000202,B007,B007-C1010,IT Client 010,IT & Business Services,30,412278.26,2025-09-19,2025-10-19,closed,2025-10-24,35,5,False,False,average_payer
INV7000203,B007,B007-C1010,IT Client 010,IT & Business Services,30,356121.03,2025-09-25,2025-10-25,closed,2025-11-04,40,10,False,False,average_payer
INV7000204,B007,B007-C1010,IT Client 010,IT & Business Services,30,572342.3,2025-09-26,2025-10-26,closed,2025-10-25,29,-1,False,False,average_payer
INV7000205,B007,B007-C1010,IT Client 010,IT & Business Services,30,436088.95,2025-10-11,2025-11-10,closed,2025-11-09,29,-1,False,False,average_payer
INV7000206,B007,B007-C1010,IT Client 010,IT & Business Services,30,1679855.74,2025-10-24,2025-11-23,closed,2025-12-03,40,10,False,True,average_payer
INV7000207,B007,B007-C1010,IT Client 010,IT & Business Services,30,571008.97,2025-12-04,2026-01-03,closed,2026-01-11,38,8,False,False,average_payer
INV7000208,B007,B007-C1010,IT Client 010,IT & Business Services,30,868403.8,2025-12-24,2026-01-23,closed,2026-01-20,27,-3,False,False,average_payer
INV7000209,B007,B007-C1010,IT Client 010,IT & Business Services,30,452198.0,2026-01-09,2026-02-08,closed,2026-03-01,51,21,False,False,average_payer
INV7000210,B007,B007-C1010,IT Client 010,IT & Business Services,30,530499.65,2026-01-16,2026-02-15,closed,2026-02-07,22,-8,False,False,average_payer
INV7000211,B007,B007-C1010,IT Client 010,IT & Business Services,30,537646.24,2026-02-11,2026-03-13,closed,2026-03-28,45,15,False,False,average_payer
INV7000212,B007,B007-C1010,IT Client 010,IT & Business Services,30,386371.77,2026-03-02,2026-04-01,closed,2026-04-20,49,19,False,False,average_payer
INV7000213,B007,B007-C1010,IT Client 010,IT & Business Services,30,665769.56,2026-03-04,2026-04-03,closed,2026-04-16,43,13,False,False,average_payer
INV7000214,B007,B007-C1010,IT Client 010,IT & Business Services,30,496380.88,2026-03-18,2026-04-17,closed,2026-05-09,52,22,False,False,average_payer
INV7000215,B007,B007-C1010,IT Client 010,IT & Business Services,30,591354.54,2026-04-03,2026-05-03,closed,2026-05-14,41,11,False,False,average_payer
INV7000216,B007,B007-C1010,IT Client 010,IT & Business Services,30,462671.48,2026-04-16,2026-05-16,closed,2026-05-28,42,12,False,False,average_payer
INV7000217,B007,B007-C1010,IT Client 010,IT & Business Services,30,645844.43,2026-04-27,2026-05-27,closed,2026-05-31,34,4,False,False,average_payer
INV7000218,B007,B007-C1010,IT Client 010,IT & Business Services,30,580502.9,2026-05-08,2026-06-07,closed,2026-06-21,44,14,False,False,average_payer
INV7000219,B007,B007-C1010,IT Client 010,IT & Business Services,30,396382.25,2026-05-25,2026-06-24,closed,2026-07-02,38,8,False,False,average_payer
INV7000220,B007,B007-C1010,IT Client 010,IT & Business Services,30,533126.72,2026-06-11,2026-07-11,closed,2026-07-18,37,7,False,False,average_payer
INV7000221,B007,B007-C1011,Textiles Client 011,Textiles & Apparel,30,270516.11,2024-05-22,2024-06-21,closed,2024-06-20,29,-1,False,False,seasonal_payer
INV7000222,B007,B007-C1011,Textiles Client 011,Textiles & Apparel,30,143063.93,2024-07-16,2024-08-15,closed,2024-08-07,22,-8,False,False,seasonal_payer
INV7000223,B007,B007-C1011,Textiles Client 011,Textiles & Apparel,30,203057.66,2024-08-03,2024-09-02,closed,2024-09-01,29,-1,False,False,seasonal_payer
INV7000224,B007,B007-C1011,Textiles Client 011,Textiles & Apparel,30,231873.79,2024-08-12,2024-09-11,closed,2024-09-14,33,3,False,False,seasonal_payer
INV7000225,B007,B007-C1011,Textiles Client 011,Textiles & Apparel,30,247314.43,2024-10-10,2024-11-09,closed,2024-12-04,55,25,False,False,seasonal_payer
INV7000226,B007,B007-C1011,Textiles Client 011,Textiles & Apparel,30,126670.44,2024-11-12,2024-12-12,closed,2024-12-21,39,9,False,False,seasonal_payer
INV7000227,B007,B007-C1011,Textiles Client 011,Textiles & Apparel,30,223624.74,2024-12-11,2025-01-10,closed,2025-01-27,47,17,False,False,seasonal_payer
INV7000228,B007,B007-C1011,Textiles Client 011,Textiles & Apparel,30,174859.72,2025-01-09,2025-02-08,closed,2025-02-17,39,9,False,False,seasonal_payer
INV7000229,B007,B007-C1011,Textiles Client 011,Textiles & Apparel,30,192027.7,2025-01-10,2025-02-09,closed,2025-03-01,50,20,False,False,seasonal_payer
INV7000230,B007,B007-C1011,Textiles Client 011,Textiles & Apparel,30,399022.09,2025-04-15,2025-05-15,closed,2025-05-28,43,13,False,True,seasonal_payer
INV7000231,B007,B007-C1011,Textiles Client 011,Textiles & Apparel,30,273553.89,2025-05-22,2025-06-21,closed,2025-07-04,43,13,False,False,seasonal_payer
INV7000232,B007,B007-C1011,Textiles Client 011,Textiles & Apparel,30,211129.9,2025-05-28,2025-06-27,closed,2025-07-03,36,6,False,False,seasonal_payer
INV7000233,B007,B007-C1011,Textiles Client 011,Textiles & Apparel,30,316388.58,2025-07-28,2025-08-27,closed,2025-09-07,41,11,False,False,seasonal_payer
INV7000234,B007,B007-C1011,Textiles Client 011,Textiles & Apparel,30,213904.53,2025-08-06,2025-09-05,closed,2025-09-11,36,6,False,False,seasonal_payer
INV7000235,B007,B007-C1011,Textiles Client 011,Textiles & Apparel,30,195085.83,2025-08-31,2025-09-30,closed,2025-10-01,31,1,False,False,seasonal_payer
INV7000236,B007,B007-C1011,Textiles Client 011,Textiles & Apparel,30,281847.82,2025-09-20,2025-10-20,closed,2025-10-16,26,-4,False,False,seasonal_payer
INV7000237,B007,B007-C1011,Textiles Client 011,Textiles & Apparel,30,863914.47,2025-10-25,2025-11-24,closed,2025-12-03,39,9,False,True,seasonal_payer
INV7000238,B007,B007-C1011,Textiles Client 011,Textiles & Apparel,30,187775.84,2026-05-26,2026-06-25,closed,2026-07-03,38,8,False,False,seasonal_payer
INV7000239,B007,B007-C1011,Textiles Client 011,Textiles & Apparel,30,203144.79,2026-07-28,2026-08-27,closed,2026-08-26,29,-1,False,False,seasonal_payer
INV7000240,B007,B007-C1012,Construction Client 012,Construction & Infra,90,111256.55,2024-12-31,2025-03-31,closed,2025-04-19,109,19,False,False,cold_start
INV7000241,B007,B007-C1012,Construction Client 012,Construction & Infra,90,76335.27,2025-05-19,2025-08-17,closed,2025-09-02,106,16,False,False,cold_start
INV7000242,B007,B007-C1012,Construction Client 012,Construction & Infra,90,117700.28,2026-04-10,2026-07-09,closed,2026-07-14,95,5,False,False,cold_start
INV7000243,B007,B007-C1013,Retail Client 013,Retail & Distribution,30,54541.56,2024-03-31,2024-04-30,closed,2024-05-12,42,12,False,False,seasonal_payer
INV7000244,B007,B007-C1013,Retail Client 013,Retail & Distribution,30,55634.86,2024-04-27,2024-05-27,closed,2024-06-10,44,14,False,False,seasonal_payer
INV7000245,B007,B007-C1013,Retail Client 013,Retail & Distribution,30,30152.19,2024-06-18,2024-07-18,closed,2024-07-27,39,9,False,False,seasonal_payer
INV7000246,B007,B007-C1013,Retail Client 013,Retail & Distribution,30,52467.48,2024-08-02,2024-09-01,closed,2024-08-30,28,-2,False,False,seasonal_payer
INV7000247,B007,B007-C1013,Retail Client 013,Retail & Distribution,30,37804.86,2024-08-09,2024-09-08,closed,2024-09-07,29,-1,False,False,seasonal_payer
INV7000248,B007,B007-C1013,Retail Client 013,Retail & Distribution,30,34442.35,2024-08-27,2024-09-26,closed,2024-09-26,30,0,False,False,seasonal_payer
INV7000249,B007,B007-C1013,Retail Client 013,Retail & Distribution,30,61140.11,2024-09-08,2024-10-08,closed,2024-10-20,42,12,False,False,seasonal_payer
INV7000250,B007,B007-C1013,Retail Client 013,Retail & Distribution,30,22086.5,2024-10-11,2024-11-10,closed,2024-11-09,29,-1,False,False,seasonal_payer
INV7000251,B007,B007-C1013,Retail Client 013,Retail & Distribution,30,38511.1,2024-11-04,2024-12-04,closed,2024-12-08,34,4,False,False,seasonal_payer
INV7000252,B007,B007-C1013,Retail Client 013,Retail & Distribution,30,25821.84,2024-11-28,2024-12-28,closed,2025-01-13,46,16,False,False,seasonal_payer
INV7000253,B007,B007-C1013,Retail Client 013,Retail & Distribution,30,46043.75,2024-11-29,2024-12-29,closed,2025-01-11,43,13,False,False,seasonal_payer
INV7000254,B007,B007-C1013,Retail Client 013,Retail & Distribution,30,36591.66,2024-12-26,2025-01-25,closed,2025-02-11,47,17,False,False,seasonal_payer
INV7000255,B007,B007-C1013,Retail Client 013,Retail & Distribution,30,37444.5,2025-01-15,2025-02-14,closed,2025-02-28,44,14,False,False,seasonal_payer
INV7000256,B007,B007-C1013,Retail Client 013,Retail & Distribution,30,26061.85,2025-01-28,2025-02-27,closed,2025-03-10,41,11,False,False,seasonal_payer
INV7000257,B007,B007-C1013,Retail Client 013,Retail & Distribution,30,52943.95,2025-01-31,2025-03-02,closed,2025-03-08,36,6,False,False,seasonal_payer
INV7000258,B007,B007-C1013,Retail Client 013,Retail & Distribution,30,32176.66,2025-02-12,2025-03-14,closed,2025-03-26,42,12,False,False,seasonal_payer
INV7000259,B007,B007-C1013,Retail Client 013,Retail & Distribution,30,183068.42,2025-02-13,2025-03-15,closed,2025-03-22,37,7,False,True,seasonal_payer
INV7000260,B007,B007-C1013,Retail Client 013,Retail & Distribution,30,41886.84,2025-03-01,2025-03-31,closed,2025-04-06,36,6,False,False,seasonal_payer
INV7000261,B007,B007-C1013,Retail Client 013,Retail & Distribution,30,39612.71,2025-04-03,2025-05-03,closed,2025-05-16,43,13,False,False,seasonal_payer
INV7000262,B007,B007-C1013,Retail Client 013,Retail & Distribution,30,45912.53,2025-04-26,2025-05-26,closed,2025-06-13,48,18,False,False,seasonal_payer
INV7000263,B007,B007-C1013,Retail Client 013,Retail & Distribution,30,66681.04,2025-04-28,2025-05-28,closed,2025-06-15,48,18,False,False,seasonal_payer
INV7000264,B007,B007-C1013,Retail Client 013,Retail & Distribution,30,39109.04,2025-07-14,2025-08-13,open,,,,False,False,seasonal_payer
INV7000265,B007,B007-C1013,Retail Client 013,Retail & Distribution,30,36699.37,2025-07-20,2025-08-19,closed,2025-08-23,34,4,False,False,seasonal_payer
INV7000266,B007,B007-C1013,Retail Client 013,Retail & Distribution,30,65185.73,2025-07-25,2025-08-24,closed,2025-08-22,28,-2,False,False,seasonal_payer
INV7000267,B007,B007-C1013,Retail Client 013,Retail & Distribution,30,41598.61,2025-08-21,2025-09-20,closed,2025-09-21,31,1,False,False,seasonal_payer
INV7000268,B007,B007-C1013,Retail Client 013,Retail & Distribution,30,34478.83,2025-08-29,2025-09-28,closed,2025-09-26,28,-2,False,False,seasonal_payer
INV7000269,B007,B007-C1013,Retail Client 013,Retail & Distribution,30,57026.61,2025-09-18,2025-10-18,closed,2025-10-27,39,9,False,False,seasonal_payer
INV7000270,B007,B007-C1013,Retail Client 013,Retail & Distribution,30,23936.41,2025-10-11,2025-11-10,closed,2025-11-19,39,9,False,False,seasonal_payer
INV7000271,B007,B007-C1013,Retail Client 013,Retail & Distribution,30,41134.31,2025-10-25,2025-11-24,closed,2025-11-28,34,4,False,False,seasonal_payer
INV7000272,B007,B007-C1013,Retail Client 013,Retail & Distribution,30,31949.22,2026-01-02,2026-02-01,closed,2026-02-13,42,12,False,False,seasonal_payer
INV7000273,B007,B007-C1013,Retail Client 013,Retail & Distribution,30,40355.93,2026-01-26,2026-02-25,closed,2026-03-20,53,23,False,False,seasonal_payer
INV7000274,B007,B007-C1013,Retail Client 013,Retail & Distribution,30,31896.09,2026-01-31,2026-03-02,closed,2026-03-10,38,8,False,False,seasonal_payer
INV7000275,B007,B007-C1013,Retail Client 013,Retail & Distribution,30,161897.0,2026-02-06,2026-03-08,closed,2026-03-26,48,18,False,True,seasonal_payer
INV7000276,B007,B007-C1013,Retail Client 013,Retail & Distribution,30,58648.93,2026-03-07,2026-04-06,closed,2026-04-27,51,21,False,False,seasonal_payer
INV7000277,B007,B007-C1013,Retail Client 013,Retail & Distribution,30,43218.21,2026-04-30,2026-05-30,closed,2026-06-14,45,15,False,False,seasonal_payer
INV7000278,B007,B007-C1013,Retail Client 013,Retail & Distribution,30,38700.96,2026-05-29,2026-06-28,closed,2026-06-27,29,-1,False,False,seasonal_payer
INV7000279,B007,B007-C1013,Retail Client 013,Retail & Distribution,30,26852.32,2026-05-30,2026-06-29,closed,2026-07-05,36,6,False,False,seasonal_payer
INV7000280,B007,B007-C1013,Retail Client 013,Retail & Distribution,30,32847.35,2026-06-16,2026-07-16,closed,2026-07-18,32,2,False,False,seasonal_payer
INV7000281,B007,B007-C1013,Retail Client 013,Retail & Distribution,30,78042.99,2026-06-17,2026-07-17,closed,2026-07-17,30,0,False,False,seasonal_payer
INV7000282,B007,B007-C1013,Retail Client 013,Retail & Distribution,30,39236.16,2026-06-24,2026-07-24,closed,2026-08-08,45,15,False,False,seasonal_payer
INV7000283,B007,B007-C1014,Pharma Client 014,Pharma & Healthcare,30,99100.21,2024-04-13,2024-05-13,closed,2024-05-17,34,4,False,False,prompt_payer
INV7000284,B007,B007-C1014,Pharma Client 014,Pharma & Healthcare,30,79807.13,2024-09-06,2024-10-06,closed,2024-10-05,29,-1,False,False,prompt_payer
INV7000285,B007,B007-C1014,Pharma Client 014,Pharma & Healthcare,30,244660.32,2024-09-30,2024-10-30,closed,2024-11-01,32,2,False,True,prompt_payer
INV7000286,B007,B007-C1014,Pharma Client 014,Pharma & Healthcare,30,99713.43,2024-12-12,2025-01-11,closed,2025-01-12,31,1,False,False,prompt_payer
INV7000287,B007,B007-C1014,Pharma Client 014,Pharma & Healthcare,30,86848.11,2025-01-14,2025-02-13,closed,2025-02-10,27,-3,False,False,prompt_payer
INV7000288,B007,B007-C1014,Pharma Client 014,Pharma & Healthcare,30,53863.64,2025-03-11,2025-04-10,closed,2025-04-09,29,-1,False,False,prompt_payer
INV7000289,B007,B007-C1014,Pharma Client 014,Pharma & Healthcare,30,92773.69,2025-04-17,2025-05-17,closed,2025-05-19,32,2,False,False,prompt_payer
INV7000290,B007,B007-C1014,Pharma Client 014,Pharma & Healthcare,30,79907.79,2025-04-26,2025-05-26,closed,2025-05-29,33,3,False,False,prompt_payer
INV7000291,B007,B007-C1014,Pharma Client 014,Pharma & Healthcare,30,160644.47,2025-09-01,2025-10-01,closed,2025-10-11,40,10,False,False,prompt_payer
INV7000292,B007,B007-C1014,Pharma Client 014,Pharma & Healthcare,30,75843.41,2025-11-28,2025-12-28,closed,2025-12-30,32,2,False,False,prompt_payer
INV7000293,B007,B007-C1014,Pharma Client 014,Pharma & Healthcare,30,98839.98,2025-12-03,2026-01-02,closed,2026-01-06,34,4,False,False,prompt_payer
INV7000294,B007,B007-C1014,Pharma Client 014,Pharma & Healthcare,30,75210.74,2025-12-07,2026-01-06,closed,2026-01-01,25,-5,True,False,prompt_payer
INV7000295,B007,B007-C1014,Pharma Client 014,Pharma & Healthcare,30,78543.86,2026-02-25,2026-03-27,closed,2026-04-08,42,12,False,False,prompt_payer
INV7000296,B007,B007-C1014,Pharma Client 014,Pharma & Healthcare,30,62457.71,2026-08-02,2026-09-01,closed,2026-08-31,29,-1,False,False,prompt_payer
INV7000297,B007,B007-C1014,Pharma Client 014,Pharma & Healthcare,30,77188.3,2026-08-16,2026-09-15,disputed_open,,,,False,False,prompt_payer
INV7000298,B007,B007-C1015,Retail Client 015,Retail & Distribution,45,8014.13,2024-06-22,2024-08-06,closed,2024-08-08,47,2,False,False,prompt_payer
INV7000299,B007,B007-C1015,Retail Client 015,Retail & Distribution,45,16744.13,2024-07-12,2024-08-26,closed,2024-08-28,47,2,False,False,prompt_payer
INV7000300,B007,B007-C1015,Retail Client 015,Retail & Distribution,45,12484.15,2024-07-15,2024-08-29,closed,2024-08-26,42,-3,False,False,prompt_payer
INV7000301,B007,B007-C1015,Retail Client 015,Retail & Distribution,45,12727.23,2024-11-22,2025-01-06,closed,2025-01-04,43,-2,False,False,prompt_payer
INV7000302,B007,B007-C1015,Retail Client 015,Retail & Distribution,45,9295.89,2025-07-07,2025-08-21,closed,2025-08-13,37,-8,False,False,prompt_payer
INV7000303,B007,B007-C1015,Retail Client 015,Retail & Distribution,45,14335.01,2025-10-15,2025-11-29,closed,2025-12-02,48,3,True,False,prompt_payer
INV7000304,B007,B007-C1015,Retail Client 015,Retail & Distribution,45,9391.66,2025-11-11,2025-12-26,closed,2025-12-29,48,3,False,False,prompt_payer
INV7000305,B007,B007-C1015,Retail Client 015,Retail & Distribution,45,13560.71,2026-04-18,2026-06-02,closed,2026-06-05,48,3,False,False,prompt_payer
INV7000306,B007,B007-C1015,Retail Client 015,Retail & Distribution,45,10805.04,2026-04-20,2026-06-04,closed,2026-06-02,43,-2,False,False,prompt_payer
INV7000307,B007,B007-C1016,Retail Client 016,Retail & Distribution,30,1171774.03,2024-04-22,2024-05-22,closed,2024-05-27,35,5,False,False,erratic_payer
INV7000308,B007,B007-C1016,Retail Client 016,Retail & Distribution,30,1630993.37,2024-07-03,2024-08-02,closed,2024-08-02,30,0,False,False,erratic_payer
INV7000309,B007,B007-C1016,Retail Client 016,Retail & Distribution,30,11234289.64,2024-08-19,2024-09-18,closed,2024-09-22,34,4,False,True,erratic_payer
INV7000310,B007,B007-C1016,Retail Client 016,Retail & Distribution,30,3531707.87,2024-09-08,2024-10-08,closed,2024-10-07,29,-1,False,False,erratic_payer
INV7000311,B007,B007-C1016,Retail Client 016,Retail & Distribution,30,1210515.53,2024-10-28,2024-11-27,open,,,,False,False,erratic_payer
INV7000312,B007,B007-C1016,Retail Client 016,Retail & Distribution,30,3266083.0,2024-12-03,2025-01-02,closed,2025-01-24,52,22,False,False,erratic_payer
INV7000313,B007,B007-C1016,Retail Client 016,Retail & Distribution,30,1678775.69,2025-01-15,2025-02-14,closed,2025-02-24,40,10,False,False,erratic_payer
INV7000314,B007,B007-C1016,Retail Client 016,Retail & Distribution,30,2532681.66,2025-01-25,2025-02-24,closed,2025-03-22,56,26,False,False,erratic_payer
INV7000315,B007,B007-C1016,Retail Client 016,Retail & Distribution,30,3222674.15,2025-03-14,2025-04-13,closed,2025-04-21,38,8,False,False,erratic_payer
INV7000316,B007,B007-C1016,Retail Client 016,Retail & Distribution,30,2031073.92,2025-07-26,2025-08-25,closed,2025-08-28,33,3,False,False,erratic_payer
INV7000317,B007,B007-C1016,Retail Client 016,Retail & Distribution,30,2051511.0,2025-08-06,2025-09-05,closed,2025-08-29,23,-7,False,False,erratic_payer
INV7000318,B007,B007-C1016,Retail Client 016,Retail & Distribution,30,2079499.76,2025-11-29,2025-12-29,closed,2025-12-24,25,-5,False,False,erratic_payer
INV7000319,B007,B007-C1016,Retail Client 016,Retail & Distribution,30,2593390.77,2025-12-03,2026-01-02,closed,2026-01-07,35,5,False,False,erratic_payer
INV7000320,B007,B007-C1016,Retail Client 016,Retail & Distribution,30,1572862.42,2025-12-19,2026-01-18,closed,2026-01-26,38,8,False,False,erratic_payer
INV7000321,B007,B007-C1016,Retail Client 016,Retail & Distribution,30,2514605.93,2026-02-12,2026-03-14,closed,2026-05-14,91,61,False,False,erratic_payer
INV7000322,B007,B007-C1016,Retail Client 016,Retail & Distribution,30,1723186.23,2026-03-06,2026-04-05,closed,2026-04-21,46,16,False,False,erratic_payer
INV7000323,B007,B007-C1016,Retail Client 016,Retail & Distribution,30,2829024.35,2026-03-16,2026-04-15,closed,2026-04-06,21,-9,False,False,erratic_payer
INV7000324,B007,B007-C1016,Retail Client 016,Retail & Distribution,30,2501349.03,2026-03-25,2026-04-24,closed,2026-03-30,5,-25,False,False,erratic_payer
INV7000325,B007,B007-C1016,Retail Client 016,Retail & Distribution,30,5108309.24,2026-04-11,2026-05-11,closed,2026-05-18,37,7,False,True,erratic_payer
INV7000326,B007,B007-C1016,Retail Client 016,Retail & Distribution,30,1911030.57,2026-06-02,2026-07-02,closed,2026-07-20,48,18,False,False,erratic_payer
INV7000327,B007,B007-C1016,Retail Client 016,Retail & Distribution,30,2518421.03,2026-07-31,2026-08-30,closed,2026-08-26,26,-4,False,False,erratic_payer
INV7000328,B007,B007-C1016,Retail Client 016,Retail & Distribution,30,1763114.52,2026-08-20,2026-09-19,disputed_open,,,,False,False,erratic_payer
INV7000329,B007,B007-C1016,Retail Client 016,Retail & Distribution,30,2105298.26,2026-08-30,2026-09-29,open,,,,False,False,erratic_payer
INV7000330,B007,B007-C1017,Chemicals Client 017,Chemicals & Plastics,30,54668.0,2024-03-23,2024-04-22,closed,2024-04-25,33,3,False,False,average_payer
INV7000331,B007,B007-C1017,Chemicals Client 017,Chemicals & Plastics,30,40214.29,2024-04-06,2024-05-06,closed,2024-05-10,34,4,False,False,average_payer
INV7000332,B007,B007-C1017,Chemicals Client 017,Chemicals & Plastics,30,39780.86,2024-05-31,2024-06-30,closed,2024-07-11,41,11,False,False,average_payer
INV7000333,B007,B007-C1017,Chemicals Client 017,Chemicals & Plastics,30,37306.18,2024-06-25,2024-07-25,closed,2024-07-29,34,4,False,False,average_payer
INV7000334,B007,B007-C1017,Chemicals Client 017,Chemicals & Plastics,30,28245.96,2024-08-01,2024-08-31,closed,2024-09-05,35,5,False,False,average_payer
INV7000335,B007,B007-C1017,Chemicals Client 017,Chemicals & Plastics,30,40523.76,2024-08-05,2024-09-04,closed,2024-08-27,22,-8,False,False,average_payer
INV7000336,B007,B007-C1017,Chemicals Client 017,Chemicals & Plastics,30,45917.14,2024-09-09,2024-10-09,closed,2024-10-15,36,6,False,False,average_payer
INV7000337,B007,B007-C1017,Chemicals Client 017,Chemicals & Plastics,30,37873.22,2024-09-11,2024-10-11,closed,2024-10-07,26,-4,False,False,average_payer
INV7000338,B007,B007-C1017,Chemicals Client 017,Chemicals & Plastics,30,36846.57,2024-10-26,2024-11-25,closed,2024-12-11,46,16,False,False,average_payer
INV7000339,B007,B007-C1017,Chemicals Client 017,Chemicals & Plastics,30,50167.96,2024-11-12,2024-12-12,closed,2024-12-29,47,17,False,False,average_payer
INV7000340,B007,B007-C1017,Chemicals Client 017,Chemicals & Plastics,30,21485.54,2024-11-12,2024-12-12,closed,2024-12-14,32,2,False,False,average_payer
INV7000341,B007,B007-C1017,Chemicals Client 017,Chemicals & Plastics,30,43273.97,2024-12-18,2025-01-17,closed,2025-01-18,31,1,False,False,average_payer
INV7000342,B007,B007-C1017,Chemicals Client 017,Chemicals & Plastics,30,48396.99,2025-03-01,2025-03-31,closed,2025-03-29,28,-2,False,False,average_payer
INV7000343,B007,B007-C1017,Chemicals Client 017,Chemicals & Plastics,30,43653.12,2025-04-24,2025-05-24,closed,2025-05-12,18,-12,False,False,average_payer
INV7000344,B007,B007-C1017,Chemicals Client 017,Chemicals & Plastics,30,58813.55,2025-05-10,2025-06-09,closed,2025-06-19,40,10,False,False,average_payer
INV7000345,B007,B007-C1017,Chemicals Client 017,Chemicals & Plastics,30,38488.07,2025-05-14,2025-06-13,closed,2025-06-19,36,6,False,False,average_payer
INV7000346,B007,B007-C1017,Chemicals Client 017,Chemicals & Plastics,30,55631.97,2025-05-18,2025-06-17,closed,2025-07-02,45,15,False,False,average_payer
INV7000347,B007,B007-C1017,Chemicals Client 017,Chemicals & Plastics,30,37175.06,2025-06-06,2025-07-06,closed,2025-07-16,40,10,False,False,average_payer
INV7000348,B007,B007-C1017,Chemicals Client 017,Chemicals & Plastics,30,56851.49,2025-06-20,2025-07-20,closed,2025-07-29,39,9,False,False,average_payer
INV7000349,B007,B007-C1017,Chemicals Client 017,Chemicals & Plastics,30,44936.27,2025-08-31,2025-09-30,closed,2025-10-13,43,13,False,False,average_payer
INV7000350,B007,B007-C1017,Chemicals Client 017,Chemicals & Plastics,30,50555.85,2025-09-06,2025-10-06,closed,2025-10-08,32,2,False,False,average_payer
INV7000351,B007,B007-C1017,Chemicals Client 017,Chemicals & Plastics,30,55813.02,2025-09-25,2025-10-25,disputed_open,,,,False,False,average_payer
INV7000352,B007,B007-C1017,Chemicals Client 017,Chemicals & Plastics,30,53644.5,2025-11-03,2025-12-03,closed,2025-12-15,42,12,False,False,average_payer
INV7000353,B007,B007-C1017,Chemicals Client 017,Chemicals & Plastics,30,31142.01,2025-12-01,2025-12-31,closed,2026-01-06,36,6,False,False,average_payer
INV7000354,B007,B007-C1017,Chemicals Client 017,Chemicals & Plastics,30,42321.68,2026-01-22,2026-02-21,closed,2026-03-04,41,11,False,False,average_payer
INV7000355,B007,B007-C1017,Chemicals Client 017,Chemicals & Plastics,30,142683.48,2026-02-12,2026-03-14,closed,2026-03-18,34,4,False,True,average_payer
INV7000356,B007,B007-C1017,Chemicals Client 017,Chemicals & Plastics,30,19740.35,2026-02-15,2026-03-17,closed,2026-03-07,20,-10,False,False,average_payer
INV7000357,B007,B007-C1017,Chemicals Client 017,Chemicals & Plastics,30,56941.43,2026-02-19,2026-03-21,closed,2026-04-05,45,15,False,False,average_payer
INV7000358,B007,B007-C1017,Chemicals Client 017,Chemicals & Plastics,30,279978.63,2026-03-23,2026-04-22,closed,2026-04-27,35,5,False,True,average_payer
INV7000359,B007,B007-C1017,Chemicals Client 017,Chemicals & Plastics,30,39480.73,2026-04-19,2026-05-19,closed,2026-05-26,37,7,False,False,average_payer
INV7000360,B007,B007-C1017,Chemicals Client 017,Chemicals & Plastics,30,41161.52,2026-04-20,2026-05-20,closed,2026-05-25,35,5,False,False,average_payer
INV7000361,B007,B007-C1017,Chemicals Client 017,Chemicals & Plastics,30,19531.89,2026-05-02,2026-06-01,closed,2026-06-12,41,11,False,False,average_payer
INV7000362,B007,B007-C1017,Chemicals Client 017,Chemicals & Plastics,30,40011.96,2026-06-02,2026-07-02,closed,2026-06-26,24,-6,False,False,average_payer
INV7000363,B007,B007-C1017,Chemicals Client 017,Chemicals & Plastics,30,27647.92,2026-06-12,2026-07-12,closed,2026-07-14,32,2,False,False,average_payer
INV7000364,B007,B007-C1017,Chemicals Client 017,Chemicals & Plastics,30,49119.88,2026-06-27,2026-07-27,closed,2026-07-30,33,3,False,False,average_payer
INV7000365,B007,B007-C1018,Pharma Client 018,Pharma & Healthcare,30,294626.14,2024-05-09,2024-06-08,closed,2024-06-18,40,10,False,False,average_payer
INV7000366,B007,B007-C1018,Pharma Client 018,Pharma & Healthcare,30,158231.4,2024-07-06,2024-08-05,closed,2024-08-13,38,8,False,False,average_payer
INV7000367,B007,B007-C1018,Pharma Client 018,Pharma & Healthcare,30,226970.96,2024-07-21,2024-08-20,closed,2024-08-20,30,0,True,False,average_payer
INV7000368,B007,B007-C1018,Pharma Client 018,Pharma & Healthcare,30,109435.5,2024-07-22,2024-08-21,closed,2024-08-27,36,6,False,False,average_payer
INV7000369,B007,B007-C1018,Pharma Client 018,Pharma & Healthcare,30,289092.62,2024-07-29,2024-08-28,closed,2024-08-22,24,-6,False,False,average_payer
INV7000370,B007,B007-C1018,Pharma Client 018,Pharma & Healthcare,30,148149.32,2024-08-17,2024-09-16,open,,,,False,False,average_payer
INV7000371,B007,B007-C1018,Pharma Client 018,Pharma & Healthcare,30,185693.75,2024-10-12,2024-11-11,closed,2024-11-23,42,12,False,False,average_payer
INV7000372,B007,B007-C1018,Pharma Client 018,Pharma & Healthcare,30,180712.57,2024-10-18,2024-11-17,closed,2024-11-19,32,2,False,False,average_payer
INV7000373,B007,B007-C1018,Pharma Client 018,Pharma & Healthcare,30,491241.34,2024-11-12,2024-12-12,closed,2024-12-08,26,-4,False,False,average_payer
INV7000374,B007,B007-C1018,Pharma Client 018,Pharma & Healthcare,30,161981.26,2024-11-22,2024-12-22,closed,2024-12-30,38,8,False,False,average_payer
INV7000375,B007,B007-C1018,Pharma Client 018,Pharma & Healthcare,30,255529.09,2024-12-11,2025-01-10,closed,2025-01-16,36,6,True,False,average_payer
INV7000376,B007,B007-C1018,Pharma Client 018,Pharma & Healthcare,30,211205.57,2025-01-01,2025-01-31,closed,2025-02-09,39,9,False,False,average_payer
INV7000377,B007,B007-C1018,Pharma Client 018,Pharma & Healthcare,30,263318.65,2025-02-10,2025-03-12,closed,2025-02-28,18,-12,False,False,average_payer
INV7000378,B007,B007-C1018,Pharma Client 018,Pharma & Healthcare,30,182279.24,2025-02-16,2025-03-18,closed,2025-03-21,33,3,False,False,average_payer
INV7000379,B007,B007-C1018,Pharma Client 018,Pharma & Healthcare,30,325694.08,2025-02-25,2025-03-27,closed,2025-03-27,30,0,False,False,average_payer
INV7000380,B007,B007-C1018,Pharma Client 018,Pharma & Healthcare,30,302425.48,2025-03-04,2025-04-03,closed,2025-04-12,39,9,False,False,average_payer
INV7000381,B007,B007-C1018,Pharma Client 018,Pharma & Healthcare,30,163528.24,2025-05-25,2025-06-24,closed,2025-07-03,39,9,False,False,average_payer
INV7000382,B007,B007-C1018,Pharma Client 018,Pharma & Healthcare,30,202713.35,2025-06-03,2025-07-03,closed,2025-07-05,32,2,False,False,average_payer
INV7000383,B007,B007-C1018,Pharma Client 018,Pharma & Healthcare,30,237926.0,2025-06-09,2025-07-09,closed,2025-07-13,34,4,False,False,average_payer
INV7000384,B007,B007-C1018,Pharma Client 018,Pharma & Healthcare,30,258073.05,2025-06-22,2025-07-22,closed,2025-08-02,41,11,False,False,average_payer
INV7000385,B007,B007-C1018,Pharma Client 018,Pharma & Healthcare,30,218502.45,2025-07-18,2025-08-17,closed,2025-08-29,42,12,False,False,average_payer
INV7000386,B007,B007-C1018,Pharma Client 018,Pharma & Healthcare,30,161824.8,2025-08-29,2025-09-28,closed,2025-10-05,37,7,False,False,average_payer
INV7000387,B007,B007-C1018,Pharma Client 018,Pharma & Healthcare,30,209934.39,2025-11-20,2025-12-20,closed,2025-12-27,37,7,False,False,average_payer
INV7000388,B007,B007-C1018,Pharma Client 018,Pharma & Healthcare,30,129261.69,2025-12-01,2025-12-31,closed,2025-12-22,21,-9,False,False,average_payer
INV7000389,B007,B007-C1018,Pharma Client 018,Pharma & Healthcare,30,239527.4,2026-01-13,2026-02-12,closed,2026-02-15,33,3,False,False,average_payer
INV7000390,B007,B007-C1018,Pharma Client 018,Pharma & Healthcare,30,308535.37,2026-03-14,2026-04-13,closed,2026-04-19,36,6,False,False,average_payer
INV7000391,B007,B007-C1018,Pharma Client 018,Pharma & Healthcare,30,188769.24,2026-05-15,2026-06-14,closed,2026-06-26,42,12,False,False,average_payer
INV7000392,B007,B007-C1018,Pharma Client 018,Pharma & Healthcare,30,330567.31,2026-05-21,2026-06-20,closed,2026-06-30,40,10,False,False,average_payer
INV7000393,B007,B007-C1018,Pharma Client 018,Pharma & Healthcare,30,655766.69,2026-06-22,2026-07-22,closed,2026-07-27,35,5,False,True,average_payer
INV7000394,B007,B007-C1018,Pharma Client 018,Pharma & Healthcare,30,176517.63,2026-07-09,2026-08-08,closed,2026-08-14,36,6,False,False,average_payer
INV7000395,B007,B007-C1018,Pharma Client 018,Pharma & Healthcare,30,169578.12,2026-07-26,2026-08-25,open,,,,False,False,average_payer
INV7000396,B007,B007-C1018,Pharma Client 018,Pharma & Healthcare,30,216196.1,2026-08-06,2026-09-05,disputed_open,,,,False,False,average_payer
INV7000397,B007,B007-C1018,Pharma Client 018,Pharma & Healthcare,30,235131.63,2026-08-27,2026-09-26,disputed_open,,,,False,False,average_payer
INV7000398,B007,B007-C1019,Construction Client 019,Construction & Infra,30,373491.21,2024-04-21,2024-05-21,closed,2024-06-07,47,17,False,False,seasonal_payer
INV7000399,B007,B007-C1019,Construction Client 019,Construction & Infra,30,308931.94,2024-04-22,2024-05-22,closed,2024-06-04,43,13,False,False,seasonal_payer
INV7000400,B007,B007-C1019,Construction Client 019,Construction & Infra,30,126624.42,2024-05-09,2024-06-08,closed,2024-06-04,26,-4,False,False,seasonal_payer
INV7000401,B007,B007-C1019,Construction Client 019,Construction & Infra,30,249963.25,2024-05-13,2024-06-12,closed,2024-06-10,28,-2,False,False,seasonal_payer
INV7000402,B007,B007-C1019,Construction Client 019,Construction & Infra,30,226666.73,2024-05-15,2024-06-14,closed,2024-06-30,46,16,False,False,seasonal_payer
INV7000403,B007,B007-C1019,Construction Client 019,Construction & Infra,30,245389.01,2024-05-20,2024-06-19,closed,2024-06-22,33,3,False,False,seasonal_payer
INV7000404,B007,B007-C1019,Construction Client 019,Construction & Infra,30,409208.88,2024-05-29,2024-06-28,closed,2024-06-30,32,2,False,False,seasonal_payer
INV7000405,B007,B007-C1019,Construction Client 019,Construction & Infra,30,322430.96,2024-06-13,2024-07-13,closed,2024-07-12,29,-1,False,False,seasonal_payer
INV7000406,B007,B007-C1019,Construction Client 019,Construction & Infra,30,138670.67,2024-07-28,2024-08-27,closed,2024-08-30,33,3,False,False,seasonal_payer
INV7000407,B007,B007-C1019,Construction Client 019,Construction & Infra,30,936856.62,2024-08-08,2024-09-07,closed,2024-09-09,32,2,False,True,seasonal_payer
INV7000408,B007,B007-C1019,Construction Client 019,Construction & Infra,30,225305.43,2024-09-04,2024-10-04,closed,2024-09-30,26,-4,False,False,seasonal_payer
INV7000409,B007,B007-C1019,Construction Client 019,Construction & Infra,30,238250.84,2024-09-21,2024-10-21,closed,2024-10-18,27,-3,False,False,seasonal_payer
INV7000410,B007,B007-C1019,Construction Client 019,Construction & Infra,30,250614.83,2024-10-12,2024-11-11,closed,2024-11-30,49,19,False,False,seasonal_payer
INV7000411,B007,B007-C1019,Construction Client 019,Construction & Infra,30,199614.58,2024-12-07,2025-01-06,closed,2025-01-15,39,9,False,False,seasonal_payer
INV7000412,B007,B007-C1019,Construction Client 019,Construction & Infra,30,238343.08,2024-12-13,2025-01-12,closed,2025-01-19,37,7,False,False,seasonal_payer
INV7000413,B007,B007-C1019,Construction Client 019,Construction & Infra,30,325196.65,2025-01-26,2025-02-25,closed,2025-03-10,43,13,False,False,seasonal_payer
INV7000414,B007,B007-C1019,Construction Client 019,Construction & Infra,30,163282.68,2025-03-05,2025-04-04,closed,2025-04-19,45,15,False,False,seasonal_payer
INV7000415,B007,B007-C1019,Construction Client 019,Construction & Infra,30,322781.67,2025-04-09,2025-05-09,closed,2025-05-31,52,22,False,False,seasonal_payer
INV7000416,B007,B007-C1019,Construction Client 019,Construction & Infra,30,182805.51,2025-05-12,2025-06-11,closed,2025-06-17,36,6,False,False,seasonal_payer
INV7000417,B007,B007-C1019,Construction Client 019,Construction & Infra,30,200547.85,2025-05-20,2025-06-19,closed,2025-06-22,33,3,False,False,seasonal_payer
INV7000418,B007,B007-C1019,Construction Client 019,Construction & Infra,30,387144.2,2025-05-29,2025-06-28,closed,2025-07-07,39,9,False,False,seasonal_payer
INV7000419,B007,B007-C1019,Construction Client 019,Construction & Infra,30,289183.63,2025-06-06,2025-07-06,closed,2025-07-17,41,11,False,False,seasonal_payer
INV7000420,B007,B007-C1019,Construction Client 019,Construction & Infra,30,170584.34,2025-06-08,2025-07-08,closed,2025-07-14,36,6,False,False,seasonal_payer
INV7000421,B007,B007-C1019,Construction Client 019,Construction & Infra,30,213358.86,2025-06-12,2025-07-12,closed,2025-07-07,25,-5,False,False,seasonal_payer
INV7000422,B007,B007-C1019,Construction Client 019,Construction & Infra,30,357403.44,2025-07-04,2025-08-03,closed,2025-08-16,43,13,False,False,seasonal_payer
INV7000423,B007,B007-C1019,Construction Client 019,Construction & Infra,30,238505.4,2025-08-02,2025-09-01,closed,2025-09-03,32,2,False,False,seasonal_payer
INV7000424,B007,B007-C1019,Construction Client 019,Construction & Infra,30,263343.17,2025-08-23,2025-09-22,closed,2025-09-30,38,8,False,False,seasonal_payer
INV7000425,B007,B007-C1019,Construction Client 019,Construction & Infra,30,298904.72,2025-10-17,2025-11-16,closed,2025-11-19,33,3,False,False,seasonal_payer
INV7000426,B007,B007-C1019,Construction Client 019,Construction & Infra,30,378009.57,2025-12-02,2026-01-01,closed,2026-01-24,53,23,False,False,seasonal_payer
INV7000427,B007,B007-C1019,Construction Client 019,Construction & Infra,30,210984.65,2025-12-11,2026-01-10,closed,2026-01-21,41,11,False,False,seasonal_payer
INV7000428,B007,B007-C1019,Construction Client 019,Construction & Infra,30,454856.82,2025-12-25,2026-01-24,closed,2026-01-23,29,-1,False,False,seasonal_payer
INV7000429,B007,B007-C1019,Construction Client 019,Construction & Infra,30,263990.53,2026-01-05,2026-02-04,closed,2026-02-16,42,12,False,False,seasonal_payer
INV7000430,B007,B007-C1019,Construction Client 019,Construction & Infra,30,361209.33,2026-02-11,2026-03-13,closed,2026-03-15,32,2,False,False,seasonal_payer
INV7000431,B007,B007-C1019,Construction Client 019,Construction & Infra,30,160878.55,2026-02-22,2026-03-24,closed,2026-04-05,42,12,False,False,seasonal_payer
INV7000432,B007,B007-C1019,Construction Client 019,Construction & Infra,30,178741.8,2026-02-27,2026-03-29,closed,2026-04-12,44,14,False,False,seasonal_payer
INV7000433,B007,B007-C1019,Construction Client 019,Construction & Infra,30,265087.52,2026-03-07,2026-04-06,closed,2026-04-16,40,10,False,False,seasonal_payer
INV7000434,B007,B007-C1019,Construction Client 019,Construction & Infra,30,284784.03,2026-04-20,2026-05-20,closed,2026-06-03,44,14,False,False,seasonal_payer
INV7000435,B007,B007-C1019,Construction Client 019,Construction & Infra,30,209527.3,2026-06-02,2026-07-02,closed,2026-06-30,28,-2,False,False,seasonal_payer
INV7000436,B007,B007-C1019,Construction Client 019,Construction & Infra,30,209098.57,2026-07-15,2026-08-14,open,,,,False,False,seasonal_payer
INV7000437,B007,B007-C1020,Metal Client 020,Metal & Engineering,90,215083.95,2024-04-27,2024-07-26,closed,2024-08-05,100,10,False,False,erratic_payer
INV7000438,B007,B007-C1020,Metal Client 020,Metal & Engineering,90,917438.63,2024-06-01,2024-08-30,closed,2024-08-24,84,-6,False,True,erratic_payer
INV7000439,B007,B007-C1020,Metal Client 020,Metal & Engineering,90,228732.05,2024-06-13,2024-09-11,closed,2024-08-28,76,-14,False,False,erratic_payer
INV7000440,B007,B007-C1020,Metal Client 020,Metal & Engineering,90,518955.46,2024-07-21,2024-10-19,closed,2024-11-01,103,13,False,True,erratic_payer
INV7000441,B007,B007-C1020,Metal Client 020,Metal & Engineering,90,318013.38,2024-08-04,2024-11-02,closed,2024-11-09,97,7,False,False,erratic_payer
INV7000442,B007,B007-C1020,Metal Client 020,Metal & Engineering,90,264164.46,2024-09-05,2024-12-04,closed,2025-01-20,137,47,False,False,erratic_payer
INV7000443,B007,B007-C1020,Metal Client 020,Metal & Engineering,90,174088.36,2024-09-20,2024-12-19,closed,2024-12-06,77,-13,False,False,erratic_payer
INV7000444,B007,B007-C1020,Metal Client 020,Metal & Engineering,90,160973.87,2024-09-25,2024-12-24,closed,2024-12-24,90,0,False,False,erratic_payer
INV7000445,B007,B007-C1020,Metal Client 020,Metal & Engineering,90,828766.48,2024-11-29,2025-02-27,closed,2025-03-27,118,28,False,True,erratic_payer
INV7000446,B007,B007-C1020,Metal Client 020,Metal & Engineering,90,749619.5,2025-02-26,2025-05-27,closed,2025-05-23,86,-4,False,True,erratic_payer
INV7000447,B007,B007-C1020,Metal Client 020,Metal & Engineering,90,194726.47,2025-04-01,2025-06-30,closed,2025-08-25,146,56,False,False,erratic_payer
INV7000448,B007,B007-C1020,Metal Client 020,Metal & Engineering,90,283577.94,2025-06-14,2025-09-12,closed,2025-09-29,107,17,False,False,erratic_payer
INV7000449,B007,B007-C1020,Metal Client 020,Metal & Engineering,90,149033.21,2025-06-16,2025-09-14,closed,2025-09-10,86,-4,False,False,erratic_payer
INV7000450,B007,B007-C1020,Metal Client 020,Metal & Engineering,90,232046.13,2025-07-07,2025-10-05,closed,2025-10-24,109,19,False,False,erratic_payer
INV7000451,B007,B007-C1020,Metal Client 020,Metal & Engineering,90,179732.25,2025-07-23,2025-10-21,closed,2025-09-30,69,-21,False,False,erratic_payer
INV7000452,B007,B007-C1020,Metal Client 020,Metal & Engineering,90,139730.78,2025-09-22,2025-12-21,closed,2026-01-29,129,39,False,False,erratic_payer
INV7000453,B007,B007-C1020,Metal Client 020,Metal & Engineering,90,530424.21,2025-11-10,2026-02-08,closed,2026-02-20,102,12,False,True,erratic_payer
INV7000454,B007,B007-C1020,Metal Client 020,Metal & Engineering,90,217457.45,2025-11-19,2026-02-17,closed,2026-01-11,53,-37,False,False,erratic_payer
INV7000455,B007,B007-C1020,Metal Client 020,Metal & Engineering,90,119724.44,2025-12-03,2026-03-03,closed,2026-05-28,176,86,False,False,erratic_payer
INV7000456,B007,B007-C1020,Metal Client 020,Metal & Engineering,90,247628.08,2025-12-06,2026-03-06,closed,2026-03-21,105,15,False,False,erratic_payer
INV7000457,B007,B007-C1020,Metal Client 020,Metal & Engineering,90,1063022.1,2025-12-27,2026-03-27,closed,2026-04-10,104,14,False,True,erratic_payer
INV7000458,B007,B007-C1020,Metal Client 020,Metal & Engineering,90,167369.6,2026-03-26,2026-06-24,closed,2026-07-03,99,9,False,False,erratic_payer
INV7000459,B007,B007-C1020,Metal Client 020,Metal & Engineering,90,168048.48,2026-04-07,2026-07-06,closed,2026-07-08,92,2,False,False,erratic_payer
INV7000460,B007,B007-C1020,Metal Client 020,Metal & Engineering,90,151292.61,2026-07-06,2026-10-04,open,,,,False,False,erratic_payer
INV7000461,B007,B007-C1020,Metal Client 020,Metal & Engineering,90,251329.27,2026-07-12,2026-10-10,open,,,,False,False,erratic_payer
INV7000462,B007,B007-C1021,Retail Client 021,Retail & Distribution,45,41363.39,2024-06-04,2024-07-19,closed,2024-07-28,54,9,False,False,erratic_payer
INV7000463,B007,B007-C1021,Retail Client 021,Retail & Distribution,45,78447.98,2024-07-15,2024-08-29,closed,2024-09-24,71,26,False,False,erratic_payer
INV7000464,B007,B007-C1021,Retail Client 021,Retail & Distribution,45,113470.88,2024-07-17,2024-08-31,closed,2024-09-10,55,10,False,False,erratic_payer
INV7000465,B007,B007-C1021,Retail Client 021,Retail & Distribution,45,118747.68,2024-08-20,2024-10-04,closed,2024-10-03,44,-1,False,False,erratic_payer
INV7000466,B007,B007-C1021,Retail Client 021,Retail & Distribution,45,84565.49,2024-09-28,2024-11-12,closed,2024-11-17,50,5,False,False,erratic_payer
INV7000467,B007,B007-C1021,Retail Client 021,Retail & Distribution,45,92350.47,2024-10-05,2024-11-19,closed,2024-11-14,40,-5,False,False,erratic_payer
INV7000468,B007,B007-C1021,Retail Client 021,Retail & Distribution,45,96383.24,2024-11-06,2024-12-21,closed,2024-12-28,52,7,False,False,erratic_payer
INV7000469,B007,B007-C1021,Retail Client 021,Retail & Distribution,45,68926.31,2024-12-10,2025-01-24,closed,2025-02-05,57,12,False,False,erratic_payer
INV7000470,B007,B007-C1021,Retail Client 021,Retail & Distribution,45,52622.77,2024-12-11,2025-01-25,closed,2025-01-24,44,-1,False,False,erratic_payer
INV7000471,B007,B007-C1021,Retail Client 021,Retail & Distribution,45,82940.32,2024-12-23,2025-02-06,closed,2025-02-15,54,9,False,False,erratic_payer
INV7000472,B007,B007-C1021,Retail Client 021,Retail & Distribution,45,52730.12,2025-01-01,2025-02-15,closed,2025-02-12,42,-3,False,False,erratic_payer
INV7000473,B007,B007-C1021,Retail Client 021,Retail & Distribution,45,45273.19,2025-03-20,2025-05-04,closed,2025-05-01,42,-3,False,False,erratic_payer
INV7000474,B007,B007-C1021,Retail Client 021,Retail & Distribution,45,68928.54,2025-04-23,2025-06-07,open,,,,False,False,erratic_payer
INV7000475,B007,B007-C1021,Retail Client 021,Retail & Distribution,45,137852.95,2025-05-06,2025-06-20,closed,2025-06-05,30,-15,False,False,erratic_payer
INV7000476,B007,B007-C1021,Retail Client 021,Retail & Distribution,45,102687.41,2025-06-06,2025-07-21,closed,2025-07-13,37,-8,False,False,erratic_payer
INV7000477,B007,B007-C1021,Retail Client 021,Retail & Distribution,45,50393.65,2025-06-11,2025-07-26,closed,2025-06-22,11,-34,False,False,erratic_payer
INV7000478,B007,B007-C1021,Retail Client 021,Retail & Distribution,45,84576.22,2025-07-18,2025-09-01,closed,2025-08-27,40,-5,False,False,erratic_payer
INV7000479,B007,B007-C1021,Retail Client 021,Retail & Distribution,45,80159.42,2025-08-04,2025-09-18,closed,2025-09-29,56,11,False,False,erratic_payer
INV7000480,B007,B007-C1021,Retail Client 021,Retail & Distribution,45,87463.1,2025-08-22,2025-10-06,closed,2025-10-24,63,18,False,False,erratic_payer
INV7000481,B007,B007-C1021,Retail Client 021,Retail & Distribution,45,43164.99,2025-09-13,2025-10-28,closed,2025-10-29,46,1,False,False,erratic_payer
INV7000482,B007,B007-C1021,Retail Client 021,Retail & Distribution,45,72068.69,2025-09-21,2025-11-05,closed,2025-11-08,48,3,False,False,erratic_payer
INV7000483,B007,B007-C1021,Retail Client 021,Retail & Distribution,45,76021.47,2025-10-29,2025-12-13,closed,2025-12-13,45,0,False,False,erratic_payer
INV7000484,B007,B007-C1021,Retail Client 021,Retail & Distribution,45,105215.69,2025-11-17,2026-01-01,closed,2025-12-25,38,-7,False,False,erratic_payer
INV7000485,B007,B007-C1021,Retail Client 021,Retail & Distribution,45,111363.54,2025-12-23,2026-02-06,closed,2026-02-01,40,-5,False,False,erratic_payer
INV7000486,B007,B007-C1021,Retail Client 021,Retail & Distribution,45,62014.47,2026-01-19,2026-03-05,closed,2026-04-05,76,31,False,False,erratic_payer
INV7000487,B007,B007-C1021,Retail Client 021,Retail & Distribution,45,59635.8,2026-01-22,2026-03-08,closed,2026-03-07,44,-1,False,False,erratic_payer
INV7000488,B007,B007-C1021,Retail Client 021,Retail & Distribution,45,51270.06,2026-02-23,2026-04-09,closed,2026-04-07,43,-2,False,False,erratic_payer
INV7000489,B007,B007-C1021,Retail Client 021,Retail & Distribution,45,39638.32,2026-03-02,2026-04-16,closed,2026-05-03,62,17,False,False,erratic_payer
INV7000490,B007,B007-C1021,Retail Client 021,Retail & Distribution,45,61219.51,2026-04-12,2026-05-27,closed,2026-06-08,57,12,False,False,erratic_payer
INV7000491,B007,B007-C1021,Retail Client 021,Retail & Distribution,45,81930.46,2026-05-05,2026-06-19,closed,2026-06-25,51,6,False,False,erratic_payer
INV7000492,B007,B007-C1021,Retail Client 021,Retail & Distribution,45,48602.13,2026-05-17,2026-07-01,closed,2026-07-11,55,10,False,False,erratic_payer
INV7000493,B007,B007-C1021,Retail Client 021,Retail & Distribution,45,96252.49,2026-06-13,2026-07-28,closed,2026-08-20,68,23,False,False,erratic_payer
INV7000494,B007,B007-C1021,Retail Client 021,Retail & Distribution,45,54874.66,2026-06-26,2026-08-10,closed,2026-07-30,34,-11,False,False,erratic_payer
INV7000495,B007,B007-C1021,Retail Client 021,Retail & Distribution,45,59241.28,2026-08-01,2026-09-15,disputed_open,,,,False,False,erratic_payer
INV7000496,B007,B007-C1022,Retail Client 022,Retail & Distribution,45,185019.9,2024-04-03,2024-05-18,closed,2024-05-15,42,-3,False,False,prompt_payer
INV7000497,B007,B007-C1022,Retail Client 022,Retail & Distribution,45,125850.52,2024-04-06,2024-05-21,closed,2024-05-26,50,5,False,False,prompt_payer
INV7000498,B007,B007-C1022,Retail Client 022,Retail & Distribution,45,116957.16,2024-08-31,2024-10-15,closed,2024-10-17,47,2,False,False,prompt_payer
INV7000499,B007,B007-C1022,Retail Client 022,Retail & Distribution,45,101969.41,2024-09-15,2024-10-30,closed,2024-11-05,51,6,False,False,prompt_payer
INV7000500,B007,B007-C1022,Retail Client 022,Retail & Distribution,45,54937.62,2024-09-15,2024-10-30,closed,2024-11-06,52,7,False,False,prompt_payer
INV7000501,B007,B007-C1022,Retail Client 022,Retail & Distribution,45,75523.15,2024-09-18,2024-11-02,closed,2024-11-06,49,4,False,False,prompt_payer
INV7000502,B007,B007-C1022,Retail Client 022,Retail & Distribution,45,69388.23,2024-10-07,2024-11-21,closed,2024-11-19,43,-2,False,False,prompt_payer
INV7000503,B007,B007-C1022,Retail Client 022,Retail & Distribution,45,110133.0,2024-12-11,2025-01-25,closed,2025-01-27,47,2,False,False,prompt_payer
INV7000504,B007,B007-C1022,Retail Client 022,Retail & Distribution,45,78087.39,2024-12-30,2025-02-13,closed,2025-02-17,49,4,False,False,prompt_payer
INV7000505,B007,B007-C1022,Retail Client 022,Retail & Distribution,45,64809.67,2025-02-01,2025-03-18,closed,2025-03-18,45,0,False,False,prompt_payer
INV7000506,B007,B007-C1022,Retail Client 022,Retail & Distribution,45,62203.24,2025-02-22,2025-04-08,closed,2025-04-08,45,0,False,False,prompt_payer
INV7000507,B007,B007-C1022,Retail Client 022,Retail & Distribution,45,135480.7,2025-04-25,2025-06-09,closed,2025-06-09,45,0,False,False,prompt_payer
INV7000508,B007,B007-C1022,Retail Client 022,Retail & Distribution,45,342784.68,2025-07-02,2025-08-16,closed,2025-08-15,44,-1,False,True,prompt_payer
INV7000509,B007,B007-C1022,Retail Client 022,Retail & Distribution,45,80147.27,2025-09-06,2025-10-21,closed,2025-10-16,40,-5,False,False,prompt_payer
INV7000510,B007,B007-C1022,Retail Client 022,Retail & Distribution,45,93221.33,2025-09-27,2025-11-11,closed,2025-11-12,46,1,False,False,prompt_payer
INV7000511,B007,B007-C1022,Retail Client 022,Retail & Distribution,45,160065.66,2025-11-11,2025-12-26,closed,2025-12-27,46,1,False,False,prompt_payer
INV7000512,B007,B007-C1022,Retail Client 022,Retail & Distribution,45,119015.1,2025-12-18,2026-02-01,closed,2026-02-04,48,3,False,False,prompt_payer
INV7000513,B007,B007-C1022,Retail Client 022,Retail & Distribution,45,129622.65,2025-12-19,2026-02-02,closed,2026-02-03,46,1,False,False,prompt_payer
INV7000514,B007,B007-C1022,Retail Client 022,Retail & Distribution,45,53808.29,2025-12-20,2026-02-03,closed,2026-02-08,50,5,False,False,prompt_payer
INV7000515,B007,B007-C1022,Retail Client 022,Retail & Distribution,45,176589.96,2026-01-06,2026-02-20,closed,2026-02-18,43,-2,False,False,prompt_payer
INV7000516,B007,B007-C1022,Retail Client 022,Retail & Distribution,45,76863.56,2026-04-24,2026-06-08,closed,2026-06-04,41,-4,False,False,prompt_payer
INV7000517,B007,B007-C1022,Retail Client 022,Retail & Distribution,45,83320.02,2026-04-25,2026-06-09,closed,2026-06-09,45,0,False,False,prompt_payer
INV7000518,B007,B007-C1022,Retail Client 022,Retail & Distribution,45,56870.67,2026-05-01,2026-06-15,closed,2026-06-21,51,6,False,False,prompt_payer
INV7000519,B007,B007-C1022,Retail Client 022,Retail & Distribution,45,107987.87,2026-05-04,2026-06-18,closed,2026-06-19,46,1,False,False,prompt_payer
INV7000520,B007,B007-C1022,Retail Client 022,Retail & Distribution,45,77387.05,2026-05-11,2026-06-25,closed,2026-06-29,49,4,False,False,prompt_payer
INV7000521,B007,B007-C1022,Retail Client 022,Retail & Distribution,45,69657.2,2026-05-27,2026-07-11,closed,2026-07-08,42,-3,False,False,prompt_payer
INV7000522,B007,B007-C1022,Retail Client 022,Retail & Distribution,45,70707.86,2026-06-02,2026-07-17,closed,2026-07-19,47,2,False,False,prompt_payer
INV7000523,B007,B007-C1022,Retail Client 022,Retail & Distribution,45,87151.81,2026-06-29,2026-08-13,closed,2026-08-09,41,-4,False,False,prompt_payer
INV7000524,B007,B007-C1022,Retail Client 022,Retail & Distribution,45,133746.26,2026-07-15,2026-08-29,closed,2026-08-29,45,0,False,False,prompt_payer
INV7000525,B007,B007-C1022,Retail Client 022,Retail & Distribution,45,143647.29,2026-08-06,2026-09-20,open,,,,False,False,prompt_payer
INV7000526,B007,B007-C1023,Construction Client 023,Construction & Infra,60,88846.22,2024-04-13,2024-06-12,closed,2024-06-18,66,6,False,False,erratic_payer
INV7000527,B007,B007-C1023,Construction Client 023,Construction & Infra,60,84478.47,2024-05-08,2024-07-07,closed,2024-09-24,139,79,False,False,erratic_payer
INV7000528,B007,B007-C1023,Construction Client 023,Construction & Infra,60,41518.89,2024-05-27,2024-07-26,closed,2024-08-11,76,16,False,False,erratic_payer
INV7000529,B007,B007-C1023,Construction Client 023,Construction & Infra,60,45624.26,2024-05-27,2024-07-26,closed,2024-08-09,74,14,False,False,erratic_payer
INV7000530,B007,B007-C1023,Construction Client 023,Construction & Infra,60,65988.66,2024-05-29,2024-07-28,closed,2024-08-07,70,10,False,False,erratic_payer
INV7000531,B007,B007-C1023,Construction Client 023,Construction & Infra,60,68668.86,2024-06-14,2024-08-13,closed,2024-08-18,65,5,False,False,erratic_payer
INV7000532,B007,B007-C1023,Construction Client 023,Construction & Infra,60,40885.84,2024-06-14,2024-08-13,closed,2024-09-06,84,24,False,False,erratic_payer
INV7000533,B007,B007-C1023,Construction Client 023,Construction & Infra,60,55380.27,2024-06-19,2024-08-18,closed,2024-08-29,71,11,True,False,erratic_payer
INV7000534,B007,B007-C1023,Construction Client 023,Construction & Infra,60,61224.0,2024-07-02,2024-08-31,closed,2024-09-26,86,26,False,False,erratic_payer
INV7000535,B007,B007-C1023,Construction Client 023,Construction & Infra,60,40929.29,2024-07-05,2024-09-03,closed,2024-07-23,18,-42,True,False,erratic_payer
INV7000536,B007,B007-C1023,Construction Client 023,Construction & Infra,60,49918.15,2024-07-11,2024-09-09,closed,2024-09-01,52,-8,False,False,erratic_payer
INV7000537,B007,B007-C1023,Construction Client 023,Construction & Infra,60,73712.15,2024-10-03,2024-12-02,open,,,,False,False,erratic_payer
INV7000538,B007,B007-C1023,Construction Client 023,Construction & Infra,60,35763.44,2024-10-09,2024-12-08,closed,2024-12-08,60,0,False,False,erratic_payer
INV7000539,B007,B007-C1023,Construction Client 023,Construction & Infra,60,70272.25,2024-10-09,2024-12-08,closed,2025-02-09,123,63,False,False,erratic_payer
INV7000540,B007,B007-C1023,Construction Client 023,Construction & Infra,60,44106.56,2024-11-13,2025-01-12,closed,2025-03-17,124,64,False,False,erratic_payer
INV7000541,B007,B007-C1023,Construction Client 023,Construction & Infra,60,51371.07,2024-12-31,2025-03-01,closed,2025-03-13,72,12,False,False,erratic_payer
INV7000542,B007,B007-C1023,Construction Client 023,Construction & Infra,60,51265.49,2025-01-07,2025-03-08,closed,2025-03-11,63,3,False,False,erratic_payer
INV7000543,B007,B007-C1023,Construction Client 023,Construction & Infra,60,41814.5,2025-01-09,2025-03-10,closed,2025-03-16,66,6,False,False,erratic_payer
INV7000544,B007,B007-C1023,Construction Client 023,Construction & Infra,60,73987.86,2025-01-15,2025-03-16,closed,2025-05-10,115,55,False,False,erratic_payer
INV7000545,B007,B007-C1023,Construction Client 023,Construction & Infra,60,60827.43,2025-01-21,2025-03-22,closed,2025-03-30,68,8,False,False,erratic_payer
INV7000546,B007,B007-C1023,Construction Client 023,Construction & Infra,60,49261.47,2025-01-22,2025-03-23,closed,2025-04-07,75,15,False,False,erratic_payer
INV7000547,B007,B007-C1023,Construction Client 023,Construction & Infra,60,31807.07,2025-02-07,2025-04-08,closed,2025-04-17,69,9,False,False,erratic_payer
INV7000548,B007,B007-C1023,Construction Client 023,Construction & Infra,60,93026.6,2025-03-07,2025-05-06,closed,2025-05-07,61,1,False,False,erratic_payer
INV7000549,B007,B007-C1023,Construction Client 023,Construction & Infra,60,80875.83,2025-03-10,2025-05-09,closed,2025-05-17,68,8,False,False,erratic_payer
INV7000550,B007,B007-C1023,Construction Client 023,Construction & Infra,60,83069.52,2025-03-14,2025-05-13,closed,2025-05-21,68,8,False,False,erratic_payer
INV7000551,B007,B007-C1023,Construction Client 023,Construction & Infra,60,56077.47,2025-03-24,2025-05-23,closed,2025-05-28,65,5,False,False,erratic_payer
INV7000552,B007,B007-C1023,Construction Client 023,Construction & Infra,60,63479.68,2025-04-13,2025-06-12,closed,2025-07-03,81,21,False,False,erratic_payer
INV7000553,B007,B007-C1023,Construction Client 023,Construction & Infra,60,62674.09,2025-05-12,2025-07-11,closed,2025-07-09,58,-2,False,False,erratic_payer
INV7000554,B007,B007-C1023,Construction Client 023,Construction & Infra,60,65598.96,2025-05-20,2025-07-19,closed,2025-08-05,77,17,False,False,erratic_payer
INV7000555,B007,B007-C1023,Construction Client 023,Construction & Infra,60,54689.4,2025-06-28,2025-08-27,closed,2025-09-04,68,8,False,False,erratic_payer
INV7000556,B007,B007-C1023,Construction Client 023,Construction & Infra,60,68219.52,2025-07-01,2025-08-30,closed,2025-09-08,69,9,False,False,erratic_payer
INV7000557,B007,B007-C1023,Construction Client 023,Construction & Infra,60,55607.99,2025-07-23,2025-09-21,closed,2025-09-23,62,2,False,False,erratic_payer
INV7000558,B007,B007-C1023,Construction Client 023,Construction & Infra,60,56629.95,2025-08-02,2025-10-01,closed,2025-10-06,65,5,False,False,erratic_payer
INV7000559,B007,B007-C1023,Construction Client 023,Construction & Infra,60,56851.71,2025-08-17,2025-10-16,closed,2025-12-07,112,52,False,False,erratic_payer
INV7000560,B007,B007-C1023,Construction Client 023,Construction & Infra,60,83716.98,2025-08-24,2025-10-23,closed,2025-09-09,16,-44,False,False,erratic_payer
INV7000561,B007,B007-C1023,Construction Client 023,Construction & Infra,60,45223.6,2025-09-14,2025-11-13,closed,2025-11-21,68,8,False,False,erratic_payer
INV7000562,B007,B007-C1023,Construction Client 023,Construction & Infra,60,72588.77,2025-10-19,2025-12-18,closed,2025-12-14,56,-4,False,False,erratic_payer
INV7000563,B007,B007-C1023,Construction Client 023,Construction & Infra,60,64310.18,2025-10-21,2025-12-20,closed,2025-12-19,59,-1,False,False,erratic_payer
INV7000564,B007,B007-C1023,Construction Client 023,Construction & Infra,60,81362.9,2025-10-27,2025-12-26,closed,2026-01-01,66,6,False,False,erratic_payer
INV7000565,B007,B007-C1023,Construction Client 023,Construction & Infra,60,68485.35,2025-12-14,2026-02-12,closed,2026-02-13,61,1,False,False,erratic_payer
INV7000566,B007,B007-C1023,Construction Client 023,Construction & Infra,60,70395.58,2026-01-19,2026-03-20,closed,2026-04-26,97,37,False,False,erratic_payer
INV7000567,B007,B007-C1023,Construction Client 023,Construction & Infra,60,45527.19,2026-02-05,2026-04-06,closed,2026-04-11,65,5,False,False,erratic_payer
INV7000568,B007,B007-C1023,Construction Client 023,Construction & Infra,60,68976.59,2026-02-28,2026-04-29,closed,2026-05-12,73,13,False,False,erratic_payer
INV7000569,B007,B007-C1023,Construction Client 023,Construction & Infra,60,145986.29,2026-03-23,2026-05-22,closed,2026-05-24,62,2,False,False,erratic_payer
INV7000570,B007,B007-C1023,Construction Client 023,Construction & Infra,60,64770.58,2026-04-01,2026-05-31,closed,2026-06-05,65,5,False,False,erratic_payer
INV7000571,B007,B007-C1023,Construction Client 023,Construction & Infra,60,44425.29,2026-04-03,2026-06-02,closed,2026-06-13,71,11,False,False,erratic_payer
INV7000572,B007,B007-C1023,Construction Client 023,Construction & Infra,60,62830.9,2026-04-17,2026-06-16,closed,2026-06-13,57,-3,False,False,erratic_payer
INV7000573,B007,B007-C1023,Construction Client 023,Construction & Infra,60,45660.35,2026-05-27,2026-07-26,closed,2026-08-03,68,8,False,False,erratic_payer
INV7000574,B007,B007-C1023,Construction Client 023,Construction & Infra,60,55436.17,2026-06-05,2026-08-04,closed,2026-08-08,64,4,False,False,erratic_payer
INV7000575,B007,B007-C1023,Construction Client 023,Construction & Infra,60,81641.75,2026-06-08,2026-08-07,closed,2026-08-12,65,5,False,False,erratic_payer
INV7000576,B007,B007-C1023,Construction Client 023,Construction & Infra,60,76723.03,2026-06-21,2026-08-20,disputed_open,,,,False,False,erratic_payer
INV7000577,B007,B007-C1023,Construction Client 023,Construction & Infra,60,66533.56,2026-06-28,2026-08-27,closed,2026-08-25,58,-2,False,False,erratic_payer
INV7000578,B007,B007-C1023,Construction Client 023,Construction & Infra,60,66003.07,2026-07-04,2026-09-02,open,,,,False,False,erratic_payer
INV7000579,B007,B007-C1023,Construction Client 023,Construction & Infra,60,68156.35,2026-08-30,2026-10-29,open,,,,False,False,erratic_payer
INV7000580,B007,B007-C1024,IT Client 024,IT & Business Services,30,208992.21,2024-03-21,2024-04-20,closed,2024-04-22,32,2,False,False,prompt_payer
INV7000581,B007,B007-C1024,IT Client 024,IT & Business Services,30,175928.36,2024-06-12,2024-07-12,closed,2024-07-10,28,-2,False,False,prompt_payer
INV7000582,B007,B007-C1024,IT Client 024,IT & Business Services,30,126979.49,2024-06-25,2024-07-25,closed,2024-07-27,32,2,False,False,prompt_payer
INV7000583,B007,B007-C1024,IT Client 024,IT & Business Services,30,146889.15,2025-02-08,2025-03-10,closed,2025-03-14,34,4,False,False,prompt_payer
INV7000584,B007,B007-C1024,IT Client 024,IT & Business Services,30,175301.58,2026-05-29,2026-06-28,closed,2026-06-25,27,-3,False,False,prompt_payer
INV7000585,B007,B007-C1025,Construction Client 025,Construction & Infra,60,152789.06,2024-04-19,2024-06-18,closed,2024-06-16,58,-2,False,False,prompt_payer
INV7000586,B007,B007-C1025,Construction Client 025,Construction & Infra,60,189376.01,2024-05-10,2024-07-09,closed,2024-07-05,56,-4,False,False,prompt_payer
INV7000587,B007,B007-C1025,Construction Client 025,Construction & Infra,60,373919.6,2024-05-18,2024-07-17,closed,2024-07-13,56,-4,False,False,prompt_payer
INV7000588,B007,B007-C1025,Construction Client 025,Construction & Infra,60,160204.0,2024-06-29,2024-08-28,closed,2024-08-30,62,2,False,False,prompt_payer
INV7000589,B007,B007-C1025,Construction Client 025,Construction & Infra,60,224632.61,2024-07-22,2024-09-20,closed,2024-09-21,61,1,False,False,prompt_payer
INV7000590,B007,B007-C1025,Construction Client 025,Construction & Infra,60,838239.36,2024-07-28,2024-09-26,closed,2024-09-17,51,-9,False,True,prompt_payer
INV7000591,B007,B007-C1025,Construction Client 025,Construction & Infra,60,370397.53,2024-08-05,2024-10-04,closed,2024-10-01,57,-3,False,False,prompt_payer
INV7000592,B007,B007-C1025,Construction Client 025,Construction & Infra,60,231580.58,2024-10-18,2024-12-17,closed,2024-12-14,57,-3,False,False,prompt_payer
INV7000593,B007,B007-C1025,Construction Client 025,Construction & Infra,60,279144.2,2024-11-04,2025-01-03,closed,2024-12-30,56,-4,False,False,prompt_payer
INV7000594,B007,B007-C1025,Construction Client 025,Construction & Infra,60,247104.05,2024-11-16,2025-01-15,closed,2025-01-16,61,1,False,False,prompt_payer
INV7000595,B007,B007-C1025,Construction Client 025,Construction & Infra,60,373503.22,2024-12-21,2025-02-19,closed,2025-02-23,64,4,False,False,prompt_payer
INV7000596,B007,B007-C1025,Construction Client 025,Construction & Infra,60,371729.33,2025-03-06,2025-05-05,closed,2025-05-03,58,-2,False,False,prompt_payer
INV7000597,B007,B007-C1025,Construction Client 025,Construction & Infra,60,1467937.43,2025-03-09,2025-05-08,closed,2025-05-10,62,2,False,True,prompt_payer
INV7000598,B007,B007-C1025,Construction Client 025,Construction & Infra,60,252339.8,2025-03-24,2025-05-23,closed,2025-05-24,61,1,False,False,prompt_payer
INV7000599,B007,B007-C1025,Construction Client 025,Construction & Infra,60,225952.19,2025-03-24,2025-05-23,closed,2025-05-21,58,-2,False,False,prompt_payer
INV7000600,B007,B007-C1025,Construction Client 025,Construction & Infra,60,331621.64,2025-03-28,2025-05-27,closed,2025-05-30,63,3,False,False,prompt_payer
INV7000601,B007,B007-C1025,Construction Client 025,Construction & Infra,60,309168.91,2025-04-04,2025-06-03,closed,2025-05-31,57,-3,False,False,prompt_payer
INV7000602,B007,B007-C1025,Construction Client 025,Construction & Infra,60,319279.85,2025-04-22,2025-06-21,closed,2025-06-20,59,-1,False,False,prompt_payer
INV7000603,B007,B007-C1025,Construction Client 025,Construction & Infra,60,131249.94,2025-05-31,2025-07-30,closed,2025-08-08,69,9,False,False,prompt_payer
INV7000604,B007,B007-C1025,Construction Client 025,Construction & Infra,60,444640.91,2025-08-23,2025-10-22,closed,2025-10-29,67,7,False,False,prompt_payer
INV7000605,B007,B007-C1025,Construction Client 025,Construction & Infra,60,304111.79,2025-10-16,2025-12-15,closed,2025-12-13,58,-2,False,False,prompt_payer
INV7000606,B007,B007-C1025,Construction Client 025,Construction & Infra,60,366499.08,2025-10-17,2025-12-16,closed,2025-12-13,57,-3,False,False,prompt_payer
INV7000607,B007,B007-C1025,Construction Client 025,Construction & Infra,60,290536.18,2025-10-29,2025-12-28,closed,2025-12-28,60,0,False,False,prompt_payer
INV7000608,B007,B007-C1025,Construction Client 025,Construction & Infra,60,177246.8,2026-03-09,2026-05-08,closed,2026-05-06,58,-2,False,False,prompt_payer
INV7000609,B007,B007-C1025,Construction Client 025,Construction & Infra,60,311122.28,2026-03-09,2026-05-08,closed,2026-05-06,58,-2,False,False,prompt_payer
INV7000610,B007,B007-C1025,Construction Client 025,Construction & Infra,60,289789.07,2026-03-14,2026-05-13,closed,2026-05-14,61,1,False,False,prompt_payer
INV7000611,B007,B007-C1025,Construction Client 025,Construction & Infra,60,218267.4,2026-04-19,2026-06-18,closed,2026-06-18,60,0,False,False,prompt_payer
INV7000612,B007,B007-C1025,Construction Client 025,Construction & Infra,60,399825.34,2026-05-12,2026-07-11,closed,2026-07-10,59,-1,False,False,prompt_payer
INV7000613,B007,B007-C1025,Construction Client 025,Construction & Infra,60,299006.56,2026-05-19,2026-07-18,closed,2026-07-19,61,1,False,False,prompt_payer
INV7000614,B007,B007-C1025,Construction Client 025,Construction & Infra,60,254521.63,2026-05-24,2026-07-23,closed,2026-07-20,57,-3,False,False,prompt_payer
INV7000615,B007,B007-C1025,Construction Client 025,Construction & Infra,60,160618.72,2026-05-30,2026-07-29,closed,2026-07-28,59,-1,False,False,prompt_payer
INV7000616,B007,B007-C1025,Construction Client 025,Construction & Infra,60,233948.95,2026-06-03,2026-08-02,closed,2026-07-31,58,-2,False,False,prompt_payer
INV7000617,B007,B007-C1025,Construction Client 025,Construction & Infra,60,169293.14,2026-07-23,2026-09-21,open,,,,False,False,prompt_payer
INV7000618,B007,B007-C1025,Construction Client 025,Construction & Infra,60,195938.67,2026-07-28,2026-09-26,open,,,,False,False,prompt_payer
INV7000619,B007,B007-C1025,Construction Client 025,Construction & Infra,60,204016.6,2026-08-13,2026-10-12,open,,,,False,False,prompt_payer
INV7000620,B007,B007-C1025,Construction Client 025,Construction & Infra,60,1033040.96,2026-08-15,2026-10-14,open,,,,False,True,prompt_payer
INV7000621,B007,B007-C1026,Chemicals Client 026,Chemicals & Plastics,90,152409.19,2024-05-12,2024-08-10,closed,2024-08-17,97,7,False,False,average_payer
INV7000622,B007,B007-C1026,Chemicals Client 026,Chemicals & Plastics,90,183008.47,2024-05-15,2024-08-13,closed,2024-08-26,103,13,False,False,average_payer
INV7000623,B007,B007-C1026,Chemicals Client 026,Chemicals & Plastics,90,194283.24,2024-06-08,2024-09-06,closed,2024-09-16,100,10,False,False,average_payer
INV7000624,B007,B007-C1026,Chemicals Client 026,Chemicals & Plastics,90,192885.79,2024-06-11,2024-09-09,closed,2024-09-30,111,21,False,False,average_payer
INV7000625,B007,B007-C1026,Chemicals Client 026,Chemicals & Plastics,90,137611.05,2024-06-19,2024-09-17,closed,2024-09-20,93,3,False,False,average_payer
INV7000626,B007,B007-C1026,Chemicals Client 026,Chemicals & Plastics,90,194313.49,2024-06-27,2024-09-25,closed,2024-09-17,82,-8,False,False,average_payer
INV7000627,B007,B007-C1026,Chemicals Client 026,Chemicals & Plastics,90,264630.8,2024-07-02,2024-09-30,closed,2024-09-30,90,0,False,False,average_payer
INV7000628,B007,B007-C1026,Chemicals Client 026,Chemicals & Plastics,90,219645.84,2024-07-07,2024-10-05,closed,2024-10-16,101,11,False,False,average_payer
INV7000629,B007,B007-C1026,Chemicals Client 026,Chemicals & Plastics,90,116097.14,2024-07-09,2024-10-07,closed,2024-10-24,107,17,False,False,average_payer
INV7000630,B007,B007-C1026,Chemicals Client 026,Chemicals & Plastics,90,137890.73,2024-08-05,2024-11-03,closed,2024-11-13,100,10,False,False,average_payer
INV7000631,B007,B007-C1026,Chemicals Client 026,Chemicals & Plastics,90,230000.28,2024-09-07,2024-12-06,closed,2024-12-13,97,7,False,False,average_payer
INV7000632,B007,B007-C1026,Chemicals Client 026,Chemicals & Plastics,90,834715.69,2024-09-14,2024-12-13,closed,2024-12-18,95,5,False,True,average_payer
INV7000633,B007,B007-C1026,Chemicals Client 026,Chemicals & Plastics,90,197619.07,2024-09-16,2024-12-15,closed,2024-12-30,105,15,False,False,average_payer
INV7000634,B007,B007-C1026,Chemicals Client 026,Chemicals & Plastics,90,213952.69,2024-09-21,2024-12-20,closed,2024-12-23,93,3,False,False,average_payer
INV7000635,B007,B007-C1026,Chemicals Client 026,Chemicals & Plastics,90,306185.07,2024-10-01,2024-12-30,closed,2025-01-06,97,7,False,False,average_payer
INV7000636,B007,B007-C1026,Chemicals Client 026,Chemicals & Plastics,90,118363.16,2024-11-26,2025-02-24,closed,2025-03-04,98,8,False,False,average_payer
INV7000637,B007,B007-C1026,Chemicals Client 026,Chemicals & Plastics,90,114328.7,2025-01-07,2025-04-07,closed,2025-04-17,100,10,False,False,average_payer
INV7000638,B007,B007-C1026,Chemicals Client 026,Chemicals & Plastics,90,218863.86,2025-02-06,2025-05-07,closed,2025-05-14,97,7,False,False,average_payer
INV7000639,B007,B007-C1026,Chemicals Client 026,Chemicals & Plastics,90,255654.96,2025-02-19,2025-05-20,closed,2025-05-31,101,11,False,False,average_payer
INV7000640,B007,B007-C1026,Chemicals Client 026,Chemicals & Plastics,90,266655.53,2025-03-12,2025-06-10,closed,2025-06-14,94,4,True,False,average_payer
INV7000641,B007,B007-C1026,Chemicals Client 026,Chemicals & Plastics,90,119047.28,2025-04-16,2025-07-15,closed,2025-07-16,91,1,False,False,average_payer
INV7000642,B007,B007-C1026,Chemicals Client 026,Chemicals & Plastics,90,168127.31,2025-04-21,2025-07-20,closed,2025-07-25,95,5,False,False,average_payer
INV7000643,B007,B007-C1026,Chemicals Client 026,Chemicals & Plastics,90,186680.84,2025-06-22,2025-09-20,closed,2025-10-11,111,21,False,False,average_payer
INV7000644,B007,B007-C1026,Chemicals Client 026,Chemicals & Plastics,90,247219.7,2025-07-20,2025-10-18,closed,2025-10-30,102,12,False,False,average_payer
INV7000645,B007,B007-C1026,Chemicals Client 026,Chemicals & Plastics,90,147044.93,2025-10-26,2026-01-24,closed,2026-01-31,97,7,False,False,average_payer
INV7000646,B007,B007-C1026,Chemicals Client 026,Chemicals & Plastics,90,176120.97,2025-11-26,2026-02-24,closed,2026-03-09,103,13,False,False,average_payer
INV7000647,B007,B007-C1026,Chemicals Client 026,Chemicals & Plastics,90,177445.48,2025-12-19,2026-03-19,closed,2026-03-28,99,9,False,False,average_payer
INV7000648,B007,B007-C1026,Chemicals Client 026,Chemicals & Plastics,90,134519.3,2026-03-15,2026-06-13,closed,2026-06-12,89,-1,False,False,average_payer
INV7000649,B007,B007-C1026,Chemicals Client 026,Chemicals & Plastics,90,181026.95,2026-03-16,2026-06-14,closed,2026-06-27,103,13,False,False,average_payer
INV7000650,B007,B007-C1026,Chemicals Client 026,Chemicals & Plastics,90,486148.45,2026-03-23,2026-06-21,closed,2026-06-24,93,3,False,True,average_payer
INV7000651,B007,B007-C1026,Chemicals Client 026,Chemicals & Plastics,90,153119.98,2026-05-24,2026-08-22,closed,2026-08-19,87,-3,False,False,average_payer
INV7000652,B007,B007-C1026,Chemicals Client 026,Chemicals & Plastics,90,209699.53,2026-06-10,2026-09-08,open,,,,False,False,average_payer
INV7000653,B007,B007-C1026,Chemicals Client 026,Chemicals & Plastics,90,164956.61,2026-07-01,2026-09-29,open,,,,False,False,average_payer
INV7000654,B007,B007-C1027,Auto Client 027,Auto Components,60,29212.01,2024-04-20,2024-06-19,closed,2024-08-17,119,59,False,False,chronic_late_payer
INV7000655,B007,B007-C1027,Auto Client 027,Auto Components,60,19392.67,2024-04-30,2024-06-29,closed,2024-08-15,107,47,False,False,chronic_late_payer
INV7000656,B007,B007-C1027,Auto Client 027,Auto Components,60,41514.63,2024-07-04,2024-09-02,closed,2024-09-16,74,14,False,False,chronic_late_payer
INV7000657,B007,B007-C1027,Auto Client 027,Auto Components,60,35388.72,2024-07-09,2024-09-07,closed,2024-09-24,77,17,False,False,chronic_late_payer
INV7000658,B007,B007-C1027,Auto Client 027,Auto Components,60,28162.63,2024-07-21,2024-09-19,closed,2024-10-26,97,37,False,False,chronic_late_payer
INV7000659,B007,B007-C1027,Auto Client 027,Auto Components,60,30443.87,2024-08-17,2024-10-16,closed,2024-11-20,95,35,False,False,chronic_late_payer
INV7000660,B007,B007-C1027,Auto Client 027,Auto Components,60,182994.6,2024-09-28,2024-11-27,closed,2024-12-11,74,14,False,True,chronic_late_payer
INV7000661,B007,B007-C1027,Auto Client 027,Auto Components,60,29210.38,2024-10-06,2024-12-05,closed,2025-01-12,98,38,False,False,chronic_late_payer
INV7000662,B007,B007-C1027,Auto Client 027,Auto Components,60,34247.38,2024-10-23,2024-12-22,closed,2025-01-26,95,35,False,False,chronic_late_payer
INV7000663,B007,B007-C1027,Auto Client 027,Auto Components,60,21739.31,2024-11-16,2025-01-15,closed,2025-01-31,76,16,False,False,chronic_late_payer
INV7000664,B007,B007-C1027,Auto Client 027,Auto Components,60,19219.63,2024-11-30,2025-01-29,closed,2025-03-07,97,37,False,False,chronic_late_payer
INV7000665,B007,B007-C1027,Auto Client 027,Auto Components,60,20820.21,2024-12-16,2025-02-14,closed,2025-03-07,81,21,False,False,chronic_late_payer
INV7000666,B007,B007-C1027,Auto Client 027,Auto Components,60,28260.84,2025-01-03,2025-03-04,closed,2025-04-11,98,38,False,False,chronic_late_payer
INV7000667,B007,B007-C1027,Auto Client 027,Auto Components,60,29951.64,2025-01-07,2025-03-08,closed,2025-03-30,82,22,False,False,chronic_late_payer
INV7000668,B007,B007-C1027,Auto Client 027,Auto Components,60,27276.81,2025-02-13,2025-04-14,closed,2025-05-24,100,40,False,False,chronic_late_payer
INV7000669,B007,B007-C1027,Auto Client 027,Auto Components,60,31536.76,2025-02-16,2025-04-17,closed,2025-05-01,74,14,False,False,chronic_late_payer
INV7000670,B007,B007-C1027,Auto Client 027,Auto Components,60,43010.61,2025-03-08,2025-05-07,closed,2025-06-06,90,30,False,True,chronic_late_payer
INV7000671,B007,B007-C1027,Auto Client 027,Auto Components,60,15231.15,2025-04-09,2025-06-08,closed,2025-07-30,112,52,True,False,chronic_late_payer
INV7000672,B007,B007-C1027,Auto Client 027,Auto Components,60,29128.58,2025-05-17,2025-07-16,closed,2025-08-14,89,29,False,False,chronic_late_payer
INV7000673,B007,B007-C1027,Auto Client 027,Auto Components,60,22884.24,2025-05-29,2025-07-28,closed,2025-08-26,89,29,False,False,chronic_late_payer
INV7000674,B007,B007-C1027,Auto Client 027,Auto Components,60,22999.57,2025-07-04,2025-09-02,closed,2025-10-10,98,38,False,False,chronic_late_payer
INV7000675,B007,B007-C1027,Auto Client 027,Auto Components,60,47081.8,2025-07-10,2025-09-08,closed,2025-10-20,102,42,False,False,chronic_late_payer
INV7000676,B007,B007-C1027,Auto Client 027,Auto Components,60,36002.03,2025-08-04,2025-10-03,closed,2025-11-04,92,32,False,False,chronic_late_payer
INV7000677,B007,B007-C1027,Auto Client 027,Auto Components,60,34675.61,2025-09-18,2025-11-17,closed,2026-01-03,107,47,False,False,chronic_late_payer
INV7000678,B007,B007-C1027,Auto Client 027,Auto Components,60,21493.49,2025-09-25,2025-11-24,closed,2026-01-15,112,52,False,False,chronic_late_payer
INV7000679,B007,B007-C1027,Auto Client 027,Auto Components,60,13646.68,2025-09-29,2025-11-28,closed,2026-01-03,96,36,False,False,chronic_late_payer
INV7000680,B007,B007-C1027,Auto Client 027,Auto Components,60,29347.17,2025-10-15,2025-12-14,closed,2025-12-31,77,17,False,False,chronic_late_payer
INV7000681,B007,B007-C1027,Auto Client 027,Auto Components,60,41293.29,2025-11-09,2026-01-08,closed,2026-01-22,74,14,False,False,chronic_late_payer
INV7000682,B007,B007-C1027,Auto Client 027,Auto Components,60,18201.21,2025-11-18,2026-01-17,closed,2026-02-10,84,24,False,False,chronic_late_payer
INV7000683,B007,B007-C1027,Auto Client 027,Auto Components,60,18076.4,2025-12-08,2026-02-06,closed,2026-02-24,78,18,False,False,chronic_late_payer
INV7000684,B007,B007-C1027,Auto Client 027,Auto Components,60,30310.01,2025-12-13,2026-02-11,closed,2026-03-15,92,32,False,False,chronic_late_payer
INV7000685,B007,B007-C1027,Auto Client 027,Auto Components,60,22739.73,2025-12-25,2026-02-23,closed,2026-03-27,92,32,False,False,chronic_late_payer
INV7000686,B007,B007-C1027,Auto Client 027,Auto Components,60,24702.61,2026-01-01,2026-03-02,closed,2026-04-27,116,56,False,False,chronic_late_payer
INV7000687,B007,B007-C1027,Auto Client 027,Auto Components,60,33452.12,2026-01-08,2026-03-09,open,,,,False,False,chronic_late_payer
INV7000688,B007,B007-C1027,Auto Client 027,Auto Components,60,32403.79,2026-01-13,2026-03-14,closed,2026-04-17,94,34,False,False,chronic_late_payer
INV7000689,B007,B007-C1027,Auto Client 027,Auto Components,60,15679.86,2026-01-23,2026-03-24,closed,2026-04-07,74,14,False,False,chronic_late_payer
INV7000690,B007,B007-C1027,Auto Client 027,Auto Components,60,25996.21,2026-02-05,2026-04-06,closed,2026-05-10,94,34,False,False,chronic_late_payer
INV7000691,B007,B007-C1027,Auto Client 027,Auto Components,60,34819.95,2026-03-09,2026-05-08,closed,2026-06-02,85,25,False,False,chronic_late_payer
INV7000692,B007,B007-C1027,Auto Client 027,Auto Components,60,20961.18,2026-05-07,2026-07-06,closed,2026-08-30,115,55,False,False,chronic_late_payer
INV7000693,B007,B007-C1027,Auto Client 027,Auto Components,60,28131.53,2026-06-20,2026-08-19,closed,2026-09-02,74,14,False,False,chronic_late_payer
INV7000694,B007,B007-C1027,Auto Client 027,Auto Components,60,29251.5,2026-07-21,2026-09-19,open,,,,False,False,chronic_late_payer
INV7000695,B007,B007-C1027,Auto Client 027,Auto Components,60,24912.4,2026-08-09,2026-10-08,open,,,,False,False,chronic_late_payer
INV7000696,B007,B007-C1027,Auto Client 027,Auto Components,60,23705.23,2026-08-19,2026-10-18,open,,,,False,False,chronic_late_payer
INV7000697,B007,B007-C1028,Retail Client 028,Retail & Distribution,30,139293.95,2024-06-27,2024-07-27,closed,2024-08-02,36,6,False,False,cold_start
INV7000698,B007,B007-C1028,Retail Client 028,Retail & Distribution,30,158573.55,2025-03-05,2025-04-04,closed,2025-04-11,37,7,False,False,cold_start
INV7000699,B007,B007-C1028,Retail Client 028,Retail & Distribution,30,153029.85,2026-02-09,2026-03-11,closed,2026-03-29,48,18,False,False,cold_start
INV7000700,B007,B007-C1029,FMCG Client 029,FMCG & Food Processing,90,141435.8,2024-05-18,2024-08-16,closed,2024-08-28,102,12,False,False,average_payer
INV7000701,B007,B007-C1029,FMCG Client 029,FMCG & Food Processing,90,122873.76,2024-05-27,2024-08-25,closed,2024-09-02,98,8,False,False,average_payer
INV7000702,B007,B007-C1029,FMCG Client 029,FMCG & Food Processing,90,271558.47,2024-08-24,2024-11-22,closed,2024-11-22,90,0,False,False,average_payer
INV7000703,B007,B007-C1029,FMCG Client 029,FMCG & Food Processing,90,177106.72,2024-10-23,2025-01-21,closed,2025-02-06,106,16,False,False,average_payer
INV7000704,B007,B007-C1029,FMCG Client 029,FMCG & Food Processing,90,152939.6,2024-11-28,2025-02-26,closed,2025-02-22,86,-4,False,False,average_payer
INV7000705,B007,B007-C1029,FMCG Client 029,FMCG & Food Processing,90,250796.49,2024-12-13,2025-03-13,disputed_open,,,,False,False,average_payer
INV7000706,B007,B007-C1029,FMCG Client 029,FMCG & Food Processing,90,167487.08,2025-04-03,2025-07-02,closed,2025-07-09,97,7,True,False,average_payer
INV7000707,B007,B007-C1029,FMCG Client 029,FMCG & Food Processing,90,248769.5,2025-04-24,2025-07-23,closed,2025-07-29,96,6,False,False,average_payer
INV7000708,B007,B007-C1029,FMCG Client 029,FMCG & Food Processing,90,139241.54,2025-05-09,2025-08-07,closed,2025-08-07,90,0,False,False,average_payer
INV7000709,B007,B007-C1029,FMCG Client 029,FMCG & Food Processing,90,130035.93,2025-05-09,2025-08-07,closed,2025-08-16,99,9,False,False,average_payer
INV7000710,B007,B007-C1029,FMCG Client 029,FMCG & Food Processing,90,191061.61,2025-07-01,2025-09-29,closed,2025-10-04,95,5,False,False,average_payer
INV7000711,B007,B007-C1029,FMCG Client 029,FMCG & Food Processing,90,184086.71,2025-08-14,2025-11-12,closed,2025-11-22,100,10,False,False,average_payer
INV7000712,B007,B007-C1029,FMCG Client 029,FMCG & Food Processing,90,135912.81,2025-11-30,2026-02-28,closed,2026-02-28,90,0,False,False,average_payer
INV7000713,B007,B007-C1029,FMCG Client 029,FMCG & Food Processing,90,183544.62,2026-01-27,2026-04-27,closed,2026-04-23,86,-4,False,False,average_payer
INV7000714,B007,B007-C1029,FMCG Client 029,FMCG & Food Processing,90,166671.63,2026-02-02,2026-05-03,closed,2026-05-03,90,0,False,False,average_payer
INV7000715,B007,B007-C1029,FMCG Client 029,FMCG & Food Processing,90,188155.29,2026-02-20,2026-05-21,closed,2026-05-30,99,9,False,False,average_payer
INV7000716,B007,B007-C1029,FMCG Client 029,FMCG & Food Processing,90,144587.43,2026-03-03,2026-06-01,closed,2026-06-09,98,8,True,False,average_payer
INV7000717,B007,B007-C1029,FMCG Client 029,FMCG & Food Processing,90,144873.64,2026-03-11,2026-06-09,closed,2026-06-22,103,13,False,False,average_payer
INV7000718,B007,B007-C1029,FMCG Client 029,FMCG & Food Processing,90,185602.33,2026-03-13,2026-06-11,closed,2026-06-22,101,11,False,False,average_payer
INV7000719,B007,B007-C1029,FMCG Client 029,FMCG & Food Processing,90,158074.53,2026-03-15,2026-06-13,closed,2026-06-10,87,-3,False,False,average_payer
INV7000720,B007,B007-C1029,FMCG Client 029,FMCG & Food Processing,90,131952.45,2026-03-17,2026-06-15,closed,2026-06-23,98,8,False,False,average_payer
INV7000721,B007,B007-C1029,FMCG Client 029,FMCG & Food Processing,90,166348.41,2026-03-22,2026-06-20,closed,2026-07-02,102,12,False,False,average_payer
INV7000722,B007,B007-C1029,FMCG Client 029,FMCG & Food Processing,90,324728.71,2026-03-24,2026-06-22,closed,2026-06-24,92,2,False,False,average_payer
INV7000723,B007,B007-C1029,FMCG Client 029,FMCG & Food Processing,90,153903.06,2026-04-23,2026-07-22,closed,2026-08-04,103,13,False,False,average_payer
INV7000724,B007,B007-C1029,FMCG Client 029,FMCG & Food Processing,90,173046.41,2026-05-09,2026-08-07,closed,2026-08-20,103,13,False,False,average_payer
INV7000725,B007,B007-C1029,FMCG Client 029,FMCG & Food Processing,90,184144.12,2026-06-20,2026-09-18,open,,,,False,False,average_payer
INV7000726,B007,B007-C1029,FMCG Client 029,FMCG & Food Processing,90,143405.12,2026-08-16,2026-11-14,open,,,,False,False,average_payer
INV7000727,B007,B007-C1029,FMCG Client 029,FMCG & Food Processing,90,155385.12,2026-08-17,2026-11-15,open,,,,False,False,average_payer
INV7000728,B007,B007-C1030,Textiles Client 030,Textiles & Apparel,45,102215.51,2024-03-22,2024-05-06,closed,2024-05-14,53,8,False,False,average_payer
INV7000729,B007,B007-C1030,Textiles Client 030,Textiles & Apparel,45,84858.96,2024-04-08,2024-05-23,closed,2024-06-01,54,9,False,False,average_payer
INV7000730,B007,B007-C1030,Textiles Client 030,Textiles & Apparel,45,134488.62,2024-04-27,2024-06-11,closed,2024-06-12,46,1,False,False,average_payer
INV7000731,B007,B007-C1030,Textiles Client 030,Textiles & Apparel,45,192371.24,2024-05-10,2024-06-24,closed,2024-06-21,42,-3,False,False,average_payer
INV7000732,B007,B007-C1030,Textiles Client 030,Textiles & Apparel,45,132209.95,2024-10-18,2024-12-02,closed,2024-12-17,60,15,False,False,average_payer
INV7000733,B007,B007-C1030,Textiles Client 030,Textiles & Apparel,45,120601.24,2024-12-26,2025-02-09,closed,2025-02-17,53,8,False,False,average_payer
INV7000734,B007,B007-C1030,Textiles Client 030,Textiles & Apparel,45,134522.65,2025-03-05,2025-04-19,closed,2025-05-05,61,16,False,False,average_payer
INV7000735,B007,B007-C1030,Textiles Client 030,Textiles & Apparel,45,147781.67,2025-04-16,2025-05-31,closed,2025-05-29,43,-2,False,False,average_payer
INV7000736,B007,B007-C1030,Textiles Client 030,Textiles & Apparel,45,174288.05,2025-04-17,2025-06-01,closed,2025-06-04,48,3,False,False,average_payer
INV7000737,B007,B007-C1030,Textiles Client 030,Textiles & Apparel,45,132272.42,2025-07-29,2025-09-12,closed,2025-09-15,48,3,False,False,average_payer
INV7000738,B007,B007-C1030,Textiles Client 030,Textiles & Apparel,45,165199.76,2025-12-18,2026-02-01,closed,2026-02-05,49,4,False,False,average_payer
INV7000739,B007,B007-C1030,Textiles Client 030,Textiles & Apparel,45,126821.57,2026-03-30,2026-05-14,closed,2026-05-27,58,13,False,False,average_payer
INV7000740,B007,B007-C1030,Textiles Client 030,Textiles & Apparel,45,335614.16,2026-05-04,2026-06-18,closed,2026-06-18,45,0,False,True,average_payer
INV7000741,B007,B007-C1031,FMCG Client 031,FMCG & Food Processing,45,56216.03,2024-04-13,2024-05-28,closed,2024-06-16,64,19,False,False,deteriorating_payer
INV7000742,B007,B007-C1031,FMCG Client 031,FMCG & Food Processing,45,42590.44,2024-04-24,2024-06-08,closed,2024-06-06,43,-2,False,False,deteriorating_payer
INV7000743,B007,B007-C1031,FMCG Client 031,FMCG & Food Processing,45,77421.56,2024-06-02,2024-07-17,closed,2024-07-20,48,3,False,False,deteriorating_payer
INV7000744,B007,B007-C1031,FMCG Client 031,FMCG & Food Processing,45,63226.04,2024-08-10,2024-09-24,closed,2024-10-17,68,23,False,False,deteriorating_payer
INV7000745,B007,B007-C1031,FMCG Client 031,FMCG & Food Processing,45,41103.37,2024-08-16,2024-09-30,closed,2024-10-17,62,17,False,False,deteriorating_payer
INV7000746,B007,B007-C1031,FMCG Client 031,FMCG & Food Processing,45,54912.79,2024-08-25,2024-10-09,closed,2024-10-21,57,12,False,False,deteriorating_payer
INV7000747,B007,B007-C1031,FMCG Client 031,FMCG & Food Processing,45,91045.03,2024-09-07,2024-10-22,closed,2024-10-25,48,3,False,False,deteriorating_payer
INV7000748,B007,B007-C1031,FMCG Client 031,FMCG & Food Processing,45,66715.11,2024-12-02,2025-01-16,closed,2025-01-14,43,-2,False,False,deteriorating_payer
INV7000749,B007,B007-C1031,FMCG Client 031,FMCG & Food Processing,45,70233.19,2025-01-11,2025-02-25,closed,2025-03-12,60,15,False,False,deteriorating_payer
INV7000750,B007,B007-C1031,FMCG Client 031,FMCG & Food Processing,45,64053.59,2025-01-25,2025-03-11,closed,2025-03-10,44,-1,False,False,deteriorating_payer
INV7000751,B007,B007-C1031,FMCG Client 031,FMCG & Food Processing,45,61512.05,2025-02-23,2025-04-09,closed,2025-04-12,48,3,False,False,deteriorating_payer
INV7000752,B007,B007-C1031,FMCG Client 031,FMCG & Food Processing,45,71801.47,2025-03-18,2025-05-02,closed,2025-05-23,66,21,False,False,deteriorating_payer
INV7000753,B007,B007-C1031,FMCG Client 031,FMCG & Food Processing,45,53070.36,2025-05-26,2025-07-10,closed,2025-07-23,58,13,False,False,deteriorating_payer
INV7000754,B007,B007-C1031,FMCG Client 031,FMCG & Food Processing,45,57880.0,2025-05-27,2025-07-11,closed,2025-07-22,56,11,True,False,deteriorating_payer
INV7000755,B007,B007-C1031,FMCG Client 031,FMCG & Food Processing,45,71315.41,2025-06-14,2025-07-29,closed,2025-09-08,86,41,False,False,deteriorating_payer
INV7000756,B007,B007-C1031,FMCG Client 031,FMCG & Food Processing,45,61537.96,2025-08-10,2025-09-24,closed,2025-10-10,61,16,False,False,deteriorating_payer
INV7000757,B007,B007-C1031,FMCG Client 031,FMCG & Food Processing,45,63964.17,2025-08-19,2025-10-03,closed,2025-11-08,81,36,False,False,deteriorating_payer
INV7000758,B007,B007-C1031,FMCG Client 031,FMCG & Food Processing,45,66398.18,2025-10-26,2025-12-10,closed,2025-12-28,63,18,False,False,deteriorating_payer
INV7000759,B007,B007-C1031,FMCG Client 031,FMCG & Food Processing,45,41874.68,2025-10-31,2025-12-15,closed,2026-01-13,74,29,False,False,deteriorating_payer
INV7000760,B007,B007-C1031,FMCG Client 031,FMCG & Food Processing,45,76660.33,2025-11-05,2025-12-20,closed,2025-12-28,53,8,False,False,deteriorating_payer
INV7000761,B007,B007-C1031,FMCG Client 031,FMCG & Food Processing,45,76077.66,2025-11-11,2025-12-26,closed,2026-01-21,71,26,False,False,deteriorating_payer
INV7000762,B007,B007-C1031,FMCG Client 031,FMCG & Food Processing,45,71997.61,2025-12-18,2026-02-01,closed,2026-03-26,98,53,False,False,deteriorating_payer
INV7000763,B007,B007-C1031,FMCG Client 031,FMCG & Food Processing,45,101539.68,2026-01-13,2026-02-27,closed,2026-04-09,86,41,False,False,deteriorating_payer
INV7000764,B007,B007-C1031,FMCG Client 031,FMCG & Food Processing,45,61293.15,2026-02-24,2026-04-10,closed,2026-05-06,71,26,False,False,deteriorating_payer
INV7000765,B007,B007-C1031,FMCG Client 031,FMCG & Food Processing,45,93199.22,2026-03-13,2026-04-27,closed,2026-05-06,54,9,False,False,deteriorating_payer
INV7000766,B007,B007-C1031,FMCG Client 031,FMCG & Food Processing,45,59889.13,2026-03-14,2026-04-28,closed,2026-06-13,91,46,False,False,deteriorating_payer
INV7000767,B007,B007-C1031,FMCG Client 031,FMCG & Food Processing,45,63554.16,2026-03-29,2026-05-13,closed,2026-05-28,60,15,True,False,deteriorating_payer
INV7000768,B007,B007-C1031,FMCG Client 031,FMCG & Food Processing,45,77877.61,2026-04-08,2026-05-23,closed,2026-06-22,75,30,False,False,deteriorating_payer
INV7000769,B007,B007-C1031,FMCG Client 031,FMCG & Food Processing,45,56081.96,2026-05-29,2026-07-13,closed,2026-09-02,96,51,False,False,deteriorating_payer
INV7000770,B007,B007-C1031,FMCG Client 031,FMCG & Food Processing,45,70020.88,2026-08-31,2026-10-15,disputed_open,,,,False,False,deteriorating_payer
INV7000771,B007,B007-C1032,Electronics Client 032,Electronics & Electricals,30,231986.47,2024-03-21,2024-04-20,closed,2024-05-18,58,28,False,False,improving_payer
INV7000772,B007,B007-C1032,Electronics Client 032,Electronics & Electricals,30,1156814.88,2024-03-21,2024-04-20,closed,2024-05-20,60,30,False,True,improving_payer
INV7000773,B007,B007-C1032,Electronics Client 032,Electronics & Electricals,30,217292.52,2024-05-16,2024-06-15,closed,2024-07-03,48,18,False,False,improving_payer
INV7000774,B007,B007-C1032,Electronics Client 032,Electronics & Electricals,30,317893.24,2024-05-19,2024-06-18,closed,2024-08-06,79,49,False,False,improving_payer
INV7000775,B007,B007-C1032,Electronics Client 032,Electronics & Electricals,30,133709.82,2024-05-25,2024-06-24,closed,2024-07-22,58,28,False,False,improving_payer
INV7000776,B007,B007-C1032,Electronics Client 032,Electronics & Electricals,30,124826.88,2024-05-26,2024-06-25,closed,2024-07-19,54,24,False,False,improving_payer
INV7000777,B007,B007-C1032,Electronics Client 032,Electronics & Electricals,30,175748.88,2024-06-09,2024-07-09,closed,2024-08-12,64,34,False,False,improving_payer
INV7000778,B007,B007-C1032,Electronics Client 032,Electronics & Electricals,30,167358.53,2024-06-18,2024-07-18,closed,2024-08-26,69,39,False,False,improving_payer
INV7000779,B007,B007-C1032,Electronics Client 032,Electronics & Electricals,30,175666.01,2024-06-21,2024-07-21,closed,2024-08-12,52,22,False,False,improving_payer
INV7000780,B007,B007-C1032,Electronics Client 032,Electronics & Electricals,30,832193.92,2024-07-03,2024-08-02,closed,2024-09-10,69,39,False,True,improving_payer
INV7000781,B007,B007-C1032,Electronics Client 032,Electronics & Electricals,30,250690.82,2024-07-19,2024-08-18,closed,2024-10-06,79,49,False,False,improving_payer
INV7000782,B007,B007-C1032,Electronics Client 032,Electronics & Electricals,30,199766.28,2024-08-01,2024-08-31,closed,2024-10-14,74,44,False,False,improving_payer
INV7000783,B007,B007-C1032,Electronics Client 032,Electronics & Electricals,30,169779.02,2024-08-01,2024-08-31,closed,2024-10-02,62,32,False,False,improving_payer
INV7000784,B007,B007-C1032,Electronics Client 032,Electronics & Electricals,30,167194.78,2024-08-14,2024-09-13,closed,2024-10-04,51,21,False,False,improving_payer
INV7000785,B007,B007-C1032,Electronics Client 032,Electronics & Electricals,30,152986.93,2024-09-26,2024-10-26,closed,2024-12-02,67,37,False,False,improving_payer
INV7000786,B007,B007-C1032,Electronics Client 032,Electronics & Electricals,30,292513.12,2024-09-30,2024-10-30,closed,2024-11-22,53,23,False,False,improving_payer
INV7000787,B007,B007-C1032,Electronics Client 032,Electronics & Electricals,30,637813.31,2024-10-03,2024-11-02,closed,2024-11-27,55,25,False,False,improving_payer
INV7000788,B007,B007-C1032,Electronics Client 032,Electronics & Electricals,30,1051474.99,2024-10-23,2024-11-22,closed,2024-12-16,54,24,False,True,improving_payer
INV7000789,B007,B007-C1032,Electronics Client 032,Electronics & Electricals,30,155996.16,2024-11-06,2024-12-06,closed,2024-12-29,53,23,False,False,improving_payer
INV7000790,B007,B007-C1032,Electronics Client 032,Electronics & Electricals,30,132362.58,2024-11-07,2024-12-07,closed,2025-01-09,63,33,False,False,improving_payer
INV7000791,B007,B007-C1032,Electronics Client 032,Electronics & Electricals,30,202575.86,2024-12-05,2025-01-04,closed,2025-02-06,63,33,False,False,improving_payer
INV7000792,B007,B007-C1032,Electronics Client 032,Electronics & Electricals,30,178267.48,2024-12-10,2025-01-09,closed,2025-02-09,61,31,True,False,improving_payer
INV7000793,B007,B007-C1032,Electronics Client 032,Electronics & Electricals,30,170827.62,2024-12-21,2025-01-20,closed,2025-02-14,55,25,False,False,improving_payer
INV7000794,B007,B007-C1032,Electronics Client 032,Electronics & Electricals,30,207298.65,2025-01-13,2025-02-12,closed,2025-03-16,62,32,False,False,improving_payer
INV7000795,B007,B007-C1032,Electronics Client 032,Electronics & Electricals,30,248141.9,2025-02-13,2025-03-15,closed,2025-04-02,48,18,False,False,improving_payer
INV7000796,B007,B007-C1032,Electronics Client 032,Electronics & Electricals,30,290477.73,2025-03-19,2025-04-18,closed,2025-04-27,39,9,False,False,improving_payer
INV7000797,B007,B007-C1032,Electronics Client 032,Electronics & Electricals,30,225730.35,2025-05-06,2025-06-05,closed,2025-06-26,51,21,False,False,improving_payer
INV7000798,B007,B007-C1032,Electronics Client 032,Electronics & Electricals,30,212672.29,2025-05-07,2025-06-06,closed,2025-06-17,41,11,False,False,improving_payer
INV7000799,B007,B007-C1032,Electronics Client 032,Electronics & Electricals,30,136387.42,2025-06-10,2025-07-10,closed,2025-08-10,61,31,False,False,improving_payer
INV7000800,B007,B007-C1032,Electronics Client 032,Electronics & Electricals,30,348677.01,2025-06-16,2025-07-16,closed,2025-07-30,44,14,False,False,improving_payer
INV7000801,B007,B007-C1032,Electronics Client 032,Electronics & Electricals,30,210516.76,2025-07-29,2025-08-28,closed,2025-08-30,32,2,False,False,improving_payer
INV7000802,B007,B007-C1032,Electronics Client 032,Electronics & Electricals,30,141549.07,2025-07-29,2025-08-28,closed,2025-09-11,44,14,False,False,improving_payer
INV7000803,B007,B007-C1032,Electronics Client 032,Electronics & Electricals,30,321659.07,2025-07-29,2025-08-28,closed,2025-09-19,52,22,False,False,improving_payer
INV7000804,B007,B007-C1032,Electronics Client 032,Electronics & Electricals,30,272654.88,2025-08-02,2025-09-01,closed,2025-08-27,25,-5,False,False,improving_payer
INV7000805,B007,B007-C1032,Electronics Client 032,Electronics & Electricals,30,215674.92,2025-08-07,2025-09-06,closed,2025-10-05,59,29,False,False,improving_payer
INV7000806,B007,B007-C1032,Electronics Client 032,Electronics & Electricals,30,166905.19,2025-08-10,2025-09-09,closed,2025-09-11,32,2,False,False,improving_payer
INV7000807,B007,B007-C1032,Electronics Client 032,Electronics & Electricals,30,239502.51,2025-08-11,2025-09-10,closed,2025-09-24,44,14,False,False,improving_payer
INV7000808,B007,B007-C1032,Electronics Client 032,Electronics & Electricals,30,160517.11,2025-11-17,2025-12-17,closed,2026-01-01,45,15,False,False,improving_payer
INV7000809,B007,B007-C1032,Electronics Client 032,Electronics & Electricals,30,237424.68,2025-11-27,2025-12-27,closed,2026-01-09,43,13,False,False,improving_payer
INV7000810,B007,B007-C1032,Electronics Client 032,Electronics & Electricals,30,250626.49,2026-01-14,2026-02-13,closed,2026-03-02,47,17,False,False,improving_payer
INV7000811,B007,B007-C1032,Electronics Client 032,Electronics & Electricals,30,261831.81,2026-01-18,2026-02-17,closed,2026-03-04,45,15,False,False,improving_payer
INV7000812,B007,B007-C1032,Electronics Client 032,Electronics & Electricals,30,251885.51,2026-02-02,2026-03-04,closed,2026-03-16,42,12,False,False,improving_payer
INV7000813,B007,B007-C1032,Electronics Client 032,Electronics & Electricals,30,204388.56,2026-02-14,2026-03-16,closed,2026-03-11,25,-5,False,False,improving_payer
INV7000814,B007,B007-C1032,Electronics Client 032,Electronics & Electricals,30,345821.61,2026-02-20,2026-03-22,closed,2026-03-21,29,-1,False,False,improving_payer
INV7000815,B007,B007-C1032,Electronics Client 032,Electronics & Electricals,30,174441.37,2026-04-09,2026-05-09,closed,2026-05-19,40,10,False,False,improving_payer
INV7000816,B007,B007-C1032,Electronics Client 032,Electronics & Electricals,30,178986.02,2026-05-06,2026-06-05,closed,2026-06-20,45,15,False,False,improving_payer
INV7000817,B007,B007-C1032,Electronics Client 032,Electronics & Electricals,30,202168.93,2026-05-12,2026-06-11,disputed_open,,,,False,False,improving_payer
INV7000818,B007,B007-C1032,Electronics Client 032,Electronics & Electricals,30,228480.34,2026-05-13,2026-06-12,closed,2026-06-19,37,7,False,False,improving_payer
INV7000819,B007,B007-C1032,Electronics Client 032,Electronics & Electricals,30,217083.95,2026-05-21,2026-06-20,closed,2026-06-15,25,-5,False,False,improving_payer
INV7000820,B007,B007-C1032,Electronics Client 032,Electronics & Electricals,30,126875.26,2026-06-26,2026-07-26,closed,2026-07-21,25,-5,True,False,improving_payer
INV7000821,B007,B007-C1032,Electronics Client 032,Electronics & Electricals,30,224177.5,2026-08-01,2026-08-31,open,,,,False,False,improving_payer
INV7000822,B007,B007-C1032,Electronics Client 032,Electronics & Electricals,30,162579.79,2026-08-23,2026-09-22,open,,,,False,False,improving_payer
INV7000823,B007,B007-C1033,Pharma Client 033,Pharma & Healthcare,30,237018.42,2024-05-25,2024-06-24,closed,2024-06-28,34,4,False,False,average_payer
INV7000824,B007,B007-C1033,Pharma Client 033,Pharma & Healthcare,30,247993.61,2025-01-17,2025-02-16,closed,2025-02-23,37,7,False,False,average_payer
INV7000825,B007,B007-C1033,Pharma Client 033,Pharma & Healthcare,30,126235.65,2025-02-17,2025-03-19,closed,2025-03-19,30,0,False,False,average_payer
INV7000826,B007,B007-C1033,Pharma Client 033,Pharma & Healthcare,30,314387.5,2025-07-07,2025-08-06,closed,2025-08-02,26,-4,False,False,average_payer
INV7000827,B007,B007-C1033,Pharma Client 033,Pharma & Healthcare,30,297235.38,2025-08-21,2025-09-20,closed,2025-09-15,25,-5,False,False,average_payer
INV7000828,B007,B007-C1033,Pharma Client 033,Pharma & Healthcare,30,269065.14,2025-08-25,2025-09-24,closed,2025-09-26,32,2,False,False,average_payer
INV7000829,B007,B007-C1033,Pharma Client 033,Pharma & Healthcare,30,244261.78,2025-10-08,2025-11-07,closed,2025-11-19,42,12,False,False,average_payer
INV7000830,B007,B007-C1033,Pharma Client 033,Pharma & Healthcare,30,702356.07,2025-10-20,2025-11-19,closed,2025-11-12,23,-7,False,True,average_payer
INV7000831,B007,B007-C1033,Pharma Client 033,Pharma & Healthcare,30,207098.58,2025-11-12,2025-12-12,closed,2025-12-06,24,-6,False,False,average_payer
INV7000832,B007,B007-C1033,Pharma Client 033,Pharma & Healthcare,30,285516.68,2025-11-17,2025-12-17,closed,2025-12-26,39,9,False,False,average_payer
INV7000833,B007,B007-C1033,Pharma Client 033,Pharma & Healthcare,30,288637.56,2025-12-26,2026-01-25,closed,2026-02-01,37,7,False,False,average_payer
INV7000834,B007,B007-C1033,Pharma Client 033,Pharma & Healthcare,30,252833.57,2026-02-16,2026-03-18,closed,2026-03-23,35,5,False,False,average_payer
INV7000835,B007,B007-C1033,Pharma Client 033,Pharma & Healthcare,30,271699.47,2026-03-07,2026-04-06,closed,2026-04-10,34,4,False,False,average_payer
INV7000836,B007,B007-C1033,Pharma Client 033,Pharma & Healthcare,30,238212.2,2026-03-22,2026-04-21,closed,2026-04-24,33,3,False,False,average_payer
INV7000837,B007,B007-C1033,Pharma Client 033,Pharma & Healthcare,30,167276.69,2026-05-03,2026-06-02,closed,2026-06-06,34,4,False,False,average_payer
INV7000838,B007,B007-C1033,Pharma Client 033,Pharma & Healthcare,30,165327.63,2026-05-08,2026-06-07,closed,2026-06-06,29,-1,False,False,average_payer
INV7000839,B007,B007-C1033,Pharma Client 033,Pharma & Healthcare,30,232262.39,2026-08-13,2026-09-12,open,,,,False,False,average_payer
INV7000840,B007,B007-C1034,Auto Client 034,Auto Components,60,15639.51,2024-04-15,2024-06-14,closed,2024-06-26,72,12,False,False,seasonal_payer
INV7000841,B007,B007-C1034,Auto Client 034,Auto Components,60,12701.43,2024-04-30,2024-06-29,open,,,,False,False,seasonal_payer
INV7000842,B007,B007-C1034,Auto Client 034,Auto Components,60,15179.51,2024-04-30,2024-06-29,closed,2024-07-12,73,13,False,False,seasonal_payer
INV7000843,B007,B007-C1034,Auto Client 034,Auto Components,60,22660.86,2024-05-24,2024-07-23,closed,2024-07-22,59,-1,False,False,seasonal_payer
INV7000844,B007,B007-C1034,Auto Client 034,Auto Components,60,55420.06,2024-07-15,2024-09-13,closed,2024-09-13,60,0,False,True,seasonal_payer
INV7000845,B007,B007-C1034,Auto Client 034,Auto Components,60,12736.02,2024-09-11,2024-11-10,closed,2024-11-19,69,9,False,False,seasonal_payer
INV7000846,B007,B007-C1034,Auto Client 034,Auto Components,60,29272.6,2024-09-18,2024-11-17,closed,2024-11-19,62,2,False,False,seasonal_payer
INV7000847,B007,B007-C1034,Auto Client 034,Auto Components,60,19757.0,2024-09-24,2024-11-23,closed,2024-11-28,65,5,False,False,seasonal_payer
INV7000848,B007,B007-C1034,Auto Client 034,Auto Components,60,27437.15,2024-10-05,2024-12-04,closed,2024-12-09,65,5,True,False,seasonal_payer
INV7000849,B007,B007-C1034,Auto Client 034,Auto Components,60,53636.67,2024-10-17,2024-12-16,closed,2024-12-25,69,9,False,True,seasonal_payer
INV7000850,B007,B007-C1034,Auto Client 034,Auto Components,60,56722.91,2024-10-23,2024-12-22,closed,2024-12-30,68,8,False,True,seasonal_payer
INV7000851,B007,B007-C1034,Auto Client 034,Auto Components,60,22812.39,2024-11-21,2025-01-20,closed,2025-01-25,65,5,False,False,seasonal_payer
INV7000852,B007,B007-C1034,Auto Client 034,Auto Components,60,21309.17,2024-12-07,2025-02-05,closed,2025-02-22,77,17,False,False,seasonal_payer
INV7000853,B007,B007-C1034,Auto Client 034,Auto Components,60,27008.15,2024-12-12,2025-02-10,closed,2025-02-19,69,9,False,False,seasonal_payer
INV7000854,B007,B007-C1034,Auto Client 034,Auto Components,60,25345.44,2024-12-24,2025-02-22,closed,2025-03-09,75,15,False,False,seasonal_payer
INV7000855,B007,B007-C1034,Auto Client 034,Auto Components,60,24109.96,2025-01-26,2025-03-27,closed,2025-04-18,82,22,False,False,seasonal_payer
INV7000856,B007,B007-C1034,Auto Client 034,Auto Components,60,22882.15,2025-03-06,2025-05-05,closed,2025-05-10,65,5,False,False,seasonal_payer
INV7000857,B007,B007-C1034,Auto Client 034,Auto Components,60,13310.35,2025-05-18,2025-07-17,closed,2025-07-31,74,14,False,False,seasonal_payer
INV7000858,B007,B007-C1034,Auto Client 034,Auto Components,60,19127.16,2025-06-27,2025-08-26,closed,2025-09-01,66,6,False,False,seasonal_payer
INV7000859,B007,B007-C1034,Auto Client 034,Auto Components,60,27542.24,2025-07-22,2025-09-20,closed,2025-09-25,65,5,False,False,seasonal_payer
INV7000860,B007,B007-C1034,Auto Client 034,Auto Components,60,30578.49,2025-08-03,2025-10-02,closed,2025-10-10,68,8,False,False,seasonal_payer
INV7000861,B007,B007-C1034,Auto Client 034,Auto Components,60,29923.76,2025-10-15,2025-12-14,closed,2025-12-22,68,8,False,False,seasonal_payer
INV7000862,B007,B007-C1034,Auto Client 034,Auto Components,60,13394.37,2025-10-21,2025-12-20,closed,2025-12-26,66,6,False,False,seasonal_payer
INV7000863,B007,B007-C1034,Auto Client 034,Auto Components,60,20297.11,2025-10-28,2025-12-27,closed,2026-01-10,74,14,False,False,seasonal_payer
INV7000864,B007,B007-C1034,Auto Client 034,Auto Components,60,18438.41,2025-11-14,2026-01-13,closed,2026-02-02,80,20,False,False,seasonal_payer
INV7000865,B007,B007-C1034,Auto Client 034,Auto Components,60,16764.85,2025-11-22,2026-01-21,closed,2026-01-27,66,6,False,False,seasonal_payer
INV7000866,B007,B007-C1034,Auto Client 034,Auto Components,60,29189.8,2025-12-16,2026-02-14,closed,2026-02-27,73,13,False,False,seasonal_payer
INV7000867,B007,B007-C1034,Auto Client 034,Auto Components,60,18834.06,2025-12-27,2026-02-25,closed,2026-03-01,64,4,False,False,seasonal_payer
INV7000868,B007,B007-C1034,Auto Client 034,Auto Components,60,23328.88,2026-02-03,2026-04-04,closed,2026-04-17,73,13,False,False,seasonal_payer
INV7000869,B007,B007-C1034,Auto Client 034,Auto Components,60,22291.55,2026-03-28,2026-05-27,closed,2026-06-18,82,22,False,False,seasonal_payer
INV7000870,B007,B007-C1034,Auto Client 034,Auto Components,60,102738.88,2026-04-11,2026-06-10,closed,2026-06-24,74,14,False,True,seasonal_payer
INV7000871,B007,B007-C1034,Auto Client 034,Auto Components,60,20427.45,2026-05-26,2026-07-25,closed,2026-07-29,64,4,False,False,seasonal_payer
INV7000872,B007,B007-C1034,Auto Client 034,Auto Components,60,19310.33,2026-05-29,2026-07-28,closed,2026-08-07,70,10,False,False,seasonal_payer
INV7000873,B007,B007-C1034,Auto Client 034,Auto Components,60,15207.79,2026-06-12,2026-08-11,closed,2026-08-06,55,-5,False,False,seasonal_payer
INV7000874,B007,B007-C1034,Auto Client 034,Auto Components,60,44932.57,2026-06-29,2026-08-28,closed,2026-08-28,60,0,False,False,seasonal_payer
INV7000875,B007,B007-C1034,Auto Client 034,Auto Components,60,19664.81,2026-07-25,2026-09-23,open,,,,False,False,seasonal_payer
INV7000876,B007,B007-C1034,Auto Client 034,Auto Components,60,15929.8,2026-08-03,2026-10-02,disputed_open,,,,False,False,seasonal_payer
INV7000877,B007,B007-C1034,Auto Client 034,Auto Components,60,20340.41,2026-08-26,2026-10-25,open,,,,False,False,seasonal_payer
INV7000878,B007,B007-C1035,IT Client 035,IT & Business Services,45,725171.79,2024-04-05,2024-05-20,closed,2024-05-30,55,10,False,False,seasonal_payer
INV7000879,B007,B007-C1035,IT Client 035,IT & Business Services,45,605387.75,2024-06-08,2024-07-23,closed,2024-08-01,54,9,False,False,seasonal_payer
INV7000880,B007,B007-C1035,IT Client 035,IT & Business Services,45,593981.25,2024-06-13,2024-07-28,closed,2024-08-18,66,21,False,False,seasonal_payer
INV7000881,B007,B007-C1035,IT Client 035,IT & Business Services,45,781991.42,2024-07-10,2024-08-24,closed,2024-08-27,48,3,False,False,seasonal_payer
INV7000882,B007,B007-C1035,IT Client 035,IT & Business Services,45,529187.87,2024-07-13,2024-08-27,closed,2024-09-10,59,14,False,False,seasonal_payer
INV7000883,B007,B007-C1035,IT Client 035,IT & Business Services,45,475516.85,2024-09-19,2024-11-03,closed,2024-11-01,43,-2,False,False,seasonal_payer
INV7000884,B007,B007-C1035,IT Client 035,IT & Business Services,45,698599.1,2025-04-04,2025-05-19,closed,2025-06-03,60,15,False,False,seasonal_payer
INV7000885,B007,B007-C1035,IT Client 035,IT & Business Services,45,714438.26,2025-04-12,2025-05-27,closed,2025-06-14,63,18,False,False,seasonal_payer
INV7000886,B007,B007-C1035,IT Client 035,IT & Business Services,45,662892.9,2025-05-22,2025-07-06,closed,2025-07-20,59,14,False,False,seasonal_payer
INV7000887,B007,B007-C1035,IT Client 035,IT & Business Services,45,505913.3,2025-06-12,2025-07-27,closed,2025-08-01,50,5,False,False,seasonal_payer
INV7000888,B007,B007-C1035,IT Client 035,IT & Business Services,45,501366.52,2025-08-20,2025-10-04,closed,2025-10-18,59,14,False,False,seasonal_payer
INV7000889,B007,B007-C1035,IT Client 035,IT & Business Services,45,604047.24,2025-09-09,2025-10-24,closed,2025-10-23,44,-1,False,False,seasonal_payer
INV7000890,B007,B007-C1035,IT Client 035,IT & Business Services,45,2425538.79,2025-10-06,2025-11-20,closed,2025-12-05,60,15,False,True,seasonal_payer
INV7000891,B007,B007-C1035,IT Client 035,IT & Business Services,45,653280.63,2025-11-01,2025-12-16,closed,2025-12-19,48,3,False,False,seasonal_payer
INV7000892,B007,B007-C1035,IT Client 035,IT & Business Services,45,340360.03,2025-11-17,2026-01-01,closed,2026-01-05,49,4,False,False,seasonal_payer
INV7000893,B007,B007-C1035,IT Client 035,IT & Business Services,45,2477706.33,2026-01-04,2026-02-18,closed,2026-02-21,48,3,False,True,seasonal_payer
INV7000894,B007,B007-C1035,IT Client 035,IT & Business Services,45,1407761.58,2026-01-28,2026-03-14,closed,2026-03-25,56,11,False,False,seasonal_payer
INV7000895,B007,B007-C1035,IT Client 035,IT & Business Services,45,2340595.58,2026-02-14,2026-03-31,closed,2026-04-03,48,3,False,True,seasonal_payer
INV7000896,B007,B007-C1035,IT Client 035,IT & Business Services,45,698859.52,2026-03-10,2026-04-24,closed,2026-05-05,56,11,False,False,seasonal_payer
INV7000897,B007,B007-C1036,Construction Client 036,Construction & Infra,30,1107601.27,2024-10-26,2024-11-25,closed,2024-11-26,31,1,False,True,prompt_payer
INV7000898,B007,B007-C1036,Construction Client 036,Construction & Infra,30,180872.13,2025-01-24,2025-02-23,closed,2025-02-22,29,-1,True,False,prompt_payer
INV7000899,B007,B007-C1036,Construction Client 036,Construction & Infra,30,102865.07,2025-02-06,2025-03-08,closed,2025-03-07,29,-1,False,False,prompt_payer
INV7000900,B007,B007-C1036,Construction Client 036,Construction & Infra,30,149425.58,2025-02-28,2025-03-30,closed,2025-04-01,32,2,False,False,prompt_payer
INV7000901,B007,B007-C1036,Construction Client 036,Construction & Infra,30,495415.52,2025-04-22,2025-05-22,closed,2025-05-17,25,-5,False,True,prompt_payer
INV7000902,B007,B007-C1036,Construction Client 036,Construction & Infra,30,117713.5,2025-09-18,2025-10-18,closed,2025-10-27,39,9,False,False,prompt_payer
INV7000903,B007,B007-C1036,Construction Client 036,Construction & Infra,30,100403.47,2026-01-24,2026-02-23,closed,2026-02-19,26,-4,False,False,prompt_payer
INV7000904,B007,B007-C1036,Construction Client 036,Construction & Infra,30,134666.42,2026-07-31,2026-08-30,closed,2026-08-28,28,-2,False,False,prompt_payer
INV7000905,B007,B007-C1036,Construction Client 036,Construction & Infra,30,95068.06,2026-08-05,2026-09-04,disputed_open,,,,False,False,prompt_payer
INV7000906,B007,B007-C1037,Construction Client 037,Construction & Infra,45,167776.29,2024-05-07,2024-06-21,closed,2024-06-29,53,8,False,False,average_payer
INV7000907,B007,B007-C1037,Construction Client 037,Construction & Infra,45,167487.68,2024-05-07,2024-06-21,closed,2024-06-28,52,7,False,False,average_payer
INV7000908,B007,B007-C1037,Construction Client 037,Construction & Infra,45,231006.26,2024-06-15,2024-07-30,closed,2024-07-19,34,-11,False,False,average_payer
INV7000909,B007,B007-C1037,Construction Client 037,Construction & Infra,45,279688.77,2025-01-25,2025-03-11,closed,2025-03-18,52,7,False,False,average_payer
INV7000910,B007,B007-C1037,Construction Client 037,Construction & Infra,45,242031.92,2025-08-11,2025-09-25,closed,2025-09-29,49,4,False,False,average_payer
INV7000911,B007,B007-C1037,Construction Client 037,Construction & Infra,45,217379.96,2025-09-16,2025-10-31,closed,2025-11-04,49,4,False,False,average_payer
INV7000912,B007,B007-C1037,Construction Client 037,Construction & Infra,45,249285.94,2025-12-05,2026-01-19,closed,2026-01-20,46,1,False,False,average_payer
INV7000913,B007,B007-C1037,Construction Client 037,Construction & Infra,45,963606.64,2025-12-13,2026-01-27,closed,2026-02-02,51,6,False,True,average_payer
INV7000914,B007,B007-C1037,Construction Client 037,Construction & Infra,45,335430.3,2026-01-07,2026-02-21,closed,2026-02-18,42,-3,False,False,average_payer
INV7000915,B007,B007-C1037,Construction Client 037,Construction & Infra,45,241586.15,2026-01-11,2026-02-25,closed,2026-03-05,53,8,False,False,average_payer
INV7000916,B007,B007-C1037,Construction Client 037,Construction & Infra,45,252083.38,2026-02-03,2026-03-20,closed,2026-03-19,44,-1,False,False,average_payer
INV7000917,B007,B007-C1037,Construction Client 037,Construction & Infra,45,366711.52,2026-03-24,2026-05-08,closed,2026-05-19,56,11,False,False,average_payer
INV7000918,B007,B007-C1037,Construction Client 037,Construction & Infra,45,315904.48,2026-04-08,2026-05-23,closed,2026-05-22,44,-1,False,False,average_payer
INV7000919,B007,B007-C1037,Construction Client 037,Construction & Infra,45,392047.17,2026-05-02,2026-06-16,closed,2026-06-18,47,2,False,False,average_payer
INV7000920,B007,B007-C1037,Construction Client 037,Construction & Infra,45,185202.14,2026-05-24,2026-07-08,closed,2026-07-20,57,12,False,False,average_payer
INV7000921,B007,B007-C1037,Construction Client 037,Construction & Infra,45,286703.61,2026-06-09,2026-07-24,closed,2026-08-01,53,8,False,False,average_payer
INV7000922,B007,B007-C1037,Construction Client 037,Construction & Infra,45,291151.86,2026-07-20,2026-09-03,disputed_open,,,,False,False,average_payer
INV7000923,B007,B007-C1038,Metal Client 038,Metal & Engineering,45,270040.51,2024-07-02,2024-08-16,closed,2024-08-17,46,1,False,False,cold_start
INV7000924,B007,B007-C1038,Metal Client 038,Metal & Engineering,45,126147.31,2025-07-26,2025-09-09,closed,2025-09-24,60,15,False,False,cold_start
INV7000925,B007,B007-C1039,Metal Client 039,Metal & Engineering,30,59944.16,2024-04-23,2024-05-23,closed,2024-05-24,31,1,False,False,erratic_payer
INV7000926,B007,B007-C1039,Metal Client 039,Metal & Engineering,30,39027.47,2024-05-15,2024-06-14,open,,,,False,False,erratic_payer
INV7000927,B007,B007-C1039,Metal Client 039,Metal & Engineering,30,57115.55,2024-05-16,2024-06-15,closed,2024-06-17,32,2,False,False,erratic_payer
INV7000928,B007,B007-C1039,Metal Client 039,Metal & Engineering,30,58388.05,2024-05-18,2024-06-17,closed,2024-06-13,26,-4,False,False,erratic_payer
INV7000929,B007,B007-C1039,Metal Client 039,Metal & Engineering,30,58556.83,2024-06-12,2024-07-12,closed,2024-07-25,43,13,False,False,erratic_payer
INV7000930,B007,B007-C1039,Metal Client 039,Metal & Engineering,30,41954.56,2024-06-12,2024-07-12,closed,2024-07-08,26,-4,False,False,erratic_payer
INV7000931,B007,B007-C1039,Metal Client 039,Metal & Engineering,30,79706.1,2024-07-02,2024-08-01,closed,2024-09-01,61,31,False,False,erratic_payer
INV7000932,B007,B007-C1039,Metal Client 039,Metal & Engineering,30,39568.5,2024-07-13,2024-08-12,closed,2024-08-27,45,15,False,False,erratic_payer
INV7000933,B007,B007-C1039,Metal Client 039,Metal & Engineering,30,55721.22,2024-07-13,2024-08-12,closed,2024-08-01,19,-11,False,False,erratic_payer
INV7000934,B007,B007-C1039,Metal Client 039,Metal & Engineering,30,78871.86,2024-08-05,2024-09-04,closed,2024-09-14,40,10,False,False,erratic_payer
INV7000935,B007,B007-C1039,Metal Client 039,Metal & Engineering,30,55327.68,2024-08-08,2024-09-07,closed,2024-09-23,46,16,False,False,erratic_payer
INV7000936,B007,B007-C1039,Metal Client 039,Metal & Engineering,30,31806.83,2024-12-25,2025-01-24,closed,2025-01-21,27,-3,False,False,erratic_payer
INV7000937,B007,B007-C1039,Metal Client 039,Metal & Engineering,30,48670.65,2025-01-07,2025-02-06,closed,2025-02-21,45,15,False,False,erratic_payer
INV7000938,B007,B007-C1039,Metal Client 039,Metal & Engineering,30,42859.36,2025-01-22,2025-02-21,closed,2025-03-19,56,26,False,False,erratic_payer
INV7000939,B007,B007-C1039,Metal Client 039,Metal & Engineering,30,43892.19,2025-03-30,2025-04-29,closed,2025-05-01,32,2,False,False,erratic_payer
INV7000940,B007,B007-C1039,Metal Client 039,Metal & Engineering,30,54712.93,2025-04-30,2025-05-30,closed,2025-05-28,28,-2,False,False,erratic_payer
INV7000941,B007,B007-C1039,Metal Client 039,Metal & Engineering,30,36396.69,2025-06-10,2025-07-10,closed,2025-07-18,38,8,False,False,erratic_payer
INV7000942,B007,B007-C1039,Metal Client 039,Metal & Engineering,30,38623.08,2025-06-15,2025-07-15,closed,2025-07-21,36,6,False,False,erratic_payer
INV7000943,B007,B007-C1039,Metal Client 039,Metal & Engineering,30,57334.63,2025-07-30,2025-08-29,closed,2025-08-30,31,1,False,False,erratic_payer
INV7000944,B007,B007-C1039,Metal Client 039,Metal & Engineering,30,63154.94,2025-10-26,2025-11-25,closed,2025-11-21,26,-4,False,False,erratic_payer
INV7000945,B007,B007-C1039,Metal Client 039,Metal & Engineering,30,84705.58,2025-11-01,2025-12-01,closed,2025-12-26,55,25,False,False,erratic_payer
INV7000946,B007,B007-C1039,Metal Client 039,Metal & Engineering,30,57049.57,2025-11-07,2025-12-07,closed,2025-12-08,31,1,False,False,erratic_payer
INV7000947,B007,B007-C1039,Metal Client 039,Metal & Engineering,30,53902.09,2025-11-10,2025-12-10,closed,2025-12-12,32,2,False,False,erratic_payer
INV7000948,B007,B007-C1039,Metal Client 039,Metal & Engineering,30,35141.04,2025-12-24,2026-01-23,closed,2026-03-09,75,45,False,False,erratic_payer
INV7000949,B007,B007-C1039,Metal Client 039,Metal & Engineering,30,42921.42,2025-12-30,2026-01-29,closed,2026-01-18,19,-11,False,False,erratic_payer
INV7000950,B007,B007-C1039,Metal Client 039,Metal & Engineering,30,70272.73,2026-01-21,2026-02-20,closed,2026-02-25,35,5,False,False,erratic_payer
INV7000951,B007,B007-C1039,Metal Client 039,Metal & Engineering,30,54590.26,2026-02-09,2026-03-11,closed,2026-03-23,42,12,False,False,erratic_payer
INV7000952,B007,B007-C1039,Metal Client 039,Metal & Engineering,30,70181.33,2026-02-19,2026-03-21,closed,2026-04-01,41,11,False,False,erratic_payer
INV7000953,B007,B007-C1039,Metal Client 039,Metal & Engineering,30,49729.03,2026-03-23,2026-04-22,closed,2026-05-12,50,20,False,False,erratic_payer
INV7000954,B007,B007-C1039,Metal Client 039,Metal & Engineering,30,43826.09,2026-06-25,2026-07-25,closed,2026-07-31,36,6,False,False,erratic_payer
INV7000955,B007,B007-C1039,Metal Client 039,Metal & Engineering,30,68237.9,2026-07-15,2026-08-14,closed,2026-08-27,43,13,False,False,erratic_payer
INV7000956,B007,B007-C1039,Metal Client 039,Metal & Engineering,30,49695.34,2026-07-23,2026-08-22,closed,2026-08-30,38,8,False,False,erratic_payer
INV7000957,B007,B007-C1039,Metal Client 039,Metal & Engineering,30,315154.58,2026-08-09,2026-09-08,open,,,,False,True,erratic_payer
INV7000958,B007,B007-C1039,Metal Client 039,Metal & Engineering,30,33519.15,2026-08-20,2026-09-19,open,,,,False,False,erratic_payer
INV7000959,B007,B007-C1040,Electronics Client 040,Electronics & Electricals,90,243064.91,2024-04-01,2024-06-30,closed,2024-08-07,128,38,False,False,chronic_late_payer
INV7000960,B007,B007-C1040,Electronics Client 040,Electronics & Electricals,90,245050.48,2024-04-06,2024-07-05,closed,2024-08-07,123,33,False,False,chronic_late_payer
INV7000961,B007,B007-C1040,Electronics Client 040,Electronics & Electricals,90,179642.13,2024-04-07,2024-07-06,closed,2024-08-28,143,53,False,False,chronic_late_payer
INV7000962,B007,B007-C1040,Electronics Client 040,Electronics & Electricals,90,136699.58,2024-06-23,2024-09-21,closed,2024-10-22,121,31,False,False,chronic_late_payer
INV7000963,B007,B007-C1040,Electronics Client 040,Electronics & Electricals,90,212344.99,2024-07-05,2024-10-03,closed,2024-10-23,110,20,False,False,chronic_late_payer
INV7000964,B007,B007-C1040,Electronics Client 040,Electronics & Electricals,90,239577.28,2024-07-14,2024-10-12,open,,,,False,False,chronic_late_payer
INV7000965,B007,B007-C1040,Electronics Client 040,Electronics & Electricals,90,107902.7,2024-08-08,2024-11-06,closed,2024-12-27,141,51,False,False,chronic_late_payer
INV7000966,B007,B007-C1040,Electronics Client 040,Electronics & Electricals,90,136573.73,2024-08-13,2024-11-11,closed,2024-11-28,107,17,False,False,chronic_late_payer
INV7000967,B007,B007-C1040,Electronics Client 040,Electronics & Electricals,90,278649.36,2024-08-19,2024-11-17,closed,2024-12-30,133,43,False,False,chronic_late_payer
INV7000968,B007,B007-C1040,Electronics Client 040,Electronics & Electricals,90,165102.22,2024-09-15,2024-12-14,closed,2025-01-19,126,36,False,False,chronic_late_payer
INV7000969,B007,B007-C1040,Electronics Client 040,Electronics & Electricals,90,171271.22,2024-10-01,2024-12-30,closed,2025-02-01,123,33,False,False,chronic_late_payer
INV7000970,B007,B007-C1040,Electronics Client 040,Electronics & Electricals,90,107672.78,2024-11-02,2025-01-31,closed,2025-02-23,113,23,False,False,chronic_late_payer
INV7000971,B007,B007-C1040,Electronics Client 040,Electronics & Electricals,90,272168.89,2024-11-23,2025-02-21,open,,,,False,False,chronic_late_payer
INV7000972,B007,B007-C1040,Electronics Client 040,Electronics & Electricals,90,142661.92,2025-01-03,2025-04-03,closed,2025-04-30,117,27,False,False,chronic_late_payer
INV7000973,B007,B007-C1040,Electronics Client 040,Electronics & Electricals,90,111826.5,2025-01-26,2025-04-26,closed,2025-06-17,142,52,False,False,chronic_late_payer
INV7000974,B007,B007-C1040,Electronics Client 040,Electronics & Electricals,90,236406.87,2025-02-21,2025-05-22,closed,2025-06-06,105,15,False,False,chronic_late_payer
INV7000975,B007,B007-C1040,Electronics Client 040,Electronics & Electricals,90,127360.21,2025-02-27,2025-05-28,closed,2025-07-28,151,61,False,False,chronic_late_payer
INV7000976,B007,B007-C1040,Electronics Client 040,Electronics & Electricals,90,114615.8,2025-04-25,2025-07-24,closed,2025-08-14,111,21,False,False,chronic_late_payer
INV7000977,B007,B007-C1040,Electronics Client 040,Electronics & Electricals,90,166116.07,2025-07-17,2025-10-15,closed,2025-11-08,114,24,False,False,chronic_late_payer
INV7000978,B007,B007-C1040,Electronics Client 040,Electronics & Electricals,90,209889.74,2025-08-11,2025-11-09,closed,2025-12-02,113,23,False,False,chronic_late_payer
INV7000979,B007,B007-C1040,Electronics Client 040,Electronics & Electricals,90,162264.19,2025-08-18,2025-11-16,closed,2026-01-09,144,54,False,False,chronic_late_payer
INV7000980,B007,B007-C1040,Electronics Client 040,Electronics & Electricals,90,169440.01,2025-10-20,2026-01-18,closed,2026-02-12,115,25,False,False,chronic_late_payer
INV7000981,B007,B007-C1040,Electronics Client 040,Electronics & Electricals,90,179978.59,2025-10-23,2026-01-21,closed,2026-02-23,123,33,False,False,chronic_late_payer
INV7000982,B007,B007-C1040,Electronics Client 040,Electronics & Electricals,90,225430.96,2025-11-04,2026-02-02,closed,2026-03-21,137,47,False,False,chronic_late_payer
INV7000983,B007,B007-C1040,Electronics Client 040,Electronics & Electricals,90,144435.69,2025-11-22,2026-02-20,closed,2026-03-31,129,39,False,False,chronic_late_payer
INV7000984,B007,B007-C1040,Electronics Client 040,Electronics & Electricals,90,903685.14,2025-11-24,2026-02-22,closed,2026-03-25,121,31,False,True,chronic_late_payer
INV7000985,B007,B007-C1040,Electronics Client 040,Electronics & Electricals,90,138590.56,2026-03-15,2026-06-13,closed,2026-07-29,136,46,False,False,chronic_late_payer
INV7000986,B007,B007-C1040,Electronics Client 040,Electronics & Electricals,90,196967.18,2026-05-02,2026-07-31,closed,2026-08-14,104,14,False,False,chronic_late_payer
INV7000987,B007,B007-C1040,Electronics Client 040,Electronics & Electricals,90,177128.47,2026-05-27,2026-08-25,open,,,,False,False,chronic_late_payer
INV7000988,B007,B007-C1040,Electronics Client 040,Electronics & Electricals,90,216415.29,2026-06-05,2026-09-03,open,,,,False,False,chronic_late_payer
INV7000989,B007,B007-C1040,Electronics Client 040,Electronics & Electricals,90,146889.33,2026-08-10,2026-11-08,open,,,,False,False,chronic_late_payer
INV7000990,B007,B007-C1040,Electronics Client 040,Electronics & Electricals,90,194660.78,2026-08-18,2026-11-16,open,,,,False,False,chronic_late_payer
INV7000991,B007,B007-C1040,Electronics Client 040,Electronics & Electricals,90,198237.02,2026-08-25,2026-11-23,open,,,,False,False,chronic_late_payer
INV7000992,B007,B007-C1040,Electronics Client 040,Electronics & Electricals,90,228287.79,2026-08-29,2026-11-27,open,,,,False,False,chronic_late_payer
INV7000993,B007,B007-C1041,Auto Client 041,Auto Components,45,20966.3,2024-03-16,2024-04-30,closed,2024-06-16,92,47,False,False,improving_payer
INV7000994,B007,B007-C1041,Auto Client 041,Auto Components,45,18606.07,2024-09-15,2024-10-30,closed,2024-12-03,79,34,True,False,improving_payer
INV7000995,B007,B007-C1041,Auto Client 041,Auto Components,45,25716.09,2024-10-18,2024-12-02,closed,2025-01-18,92,47,False,False,improving_payer
INV7000996,B007,B007-C1041,Auto Client 041,Auto Components,45,23645.88,2024-11-12,2024-12-27,closed,2025-02-08,88,43,False,False,improving_payer
INV7000997,B007,B007-C1041,Auto Client 041,Auto Components,45,29798.33,2025-01-05,2025-02-19,closed,2025-03-19,73,28,False,False,improving_payer
INV7000998,B007,B007-C1041,Auto Client 041,Auto Components,45,27148.76,2025-01-22,2025-03-08,closed,2025-04-03,71,26,False,False,improving_payer
INV7000999,B007,B007-C1041,Auto Client 041,Auto Components,45,30159.86,2025-01-23,2025-03-09,closed,2025-04-16,83,38,False,False,improving_payer
INV7001000,B007,B007-C1041,Auto Client 041,Auto Components,45,34512.0,2025-02-05,2025-03-22,closed,2025-04-02,56,11,False,False,improving_payer
INV7001001,B007,B007-C1041,Auto Client 041,Auto Components,45,35636.42,2025-03-21,2025-05-05,closed,2025-05-21,61,16,False,False,improving_payer
INV7001002,B007,B007-C1041,Auto Client 041,Auto Components,45,30193.21,2025-05-15,2025-06-29,closed,2025-07-20,66,21,False,False,improving_payer
INV7001003,B007,B007-C1041,Auto Client 041,Auto Components,45,25133.5,2025-06-22,2025-08-06,closed,2025-08-14,53,8,False,False,improving_payer
INV7001004,B007,B007-C1041,Auto Client 041,Auto Components,45,31277.36,2025-07-09,2025-08-23,closed,2025-09-27,80,35,False,False,improving_payer
INV7001005,B007,B007-C1041,Auto Client 041,Auto Components,45,20239.2,2025-09-17,2025-11-01,closed,2025-11-19,63,18,False,False,improving_payer
INV7001006,B007,B007-C1041,Auto Client 041,Auto Components,45,37993.7,2025-10-17,2025-12-01,closed,2025-12-26,70,25,False,False,improving_payer
INV7001007,B007,B007-C1041,Auto Client 041,Auto Components,45,34526.3,2025-11-25,2026-01-09,closed,2026-01-27,63,18,False,False,improving_payer
INV7001008,B007,B007-C1041,Auto Client 041,Auto Components,45,30884.03,2025-11-27,2026-01-11,closed,2026-02-02,67,22,False,False,improving_payer
INV7001009,B007,B007-C1041,Auto Client 041,Auto Components,45,19956.95,2025-12-03,2026-01-17,closed,2026-01-28,56,11,False,False,improving_payer
INV7001010,B007,B007-C1041,Auto Client 041,Auto Components,45,27267.01,2026-02-13,2026-03-30,closed,2026-04-18,64,19,False,False,improving_payer
INV7001011,B007,B007-C1041,Auto Client 041,Auto Components,45,23998.81,2026-03-20,2026-05-04,closed,2026-04-29,40,-5,False,False,improving_payer
INV7001012,B007,B007-C1041,Auto Client 041,Auto Components,45,23987.37,2026-05-28,2026-07-12,closed,2026-07-24,57,12,False,False,improving_payer
INV7001013,B007,B007-C1041,Auto Client 041,Auto Components,45,30065.49,2026-05-29,2026-07-13,closed,2026-07-08,40,-5,False,False,improving_payer
INV7001014,B007,B007-C1041,Auto Client 041,Auto Components,45,33995.07,2026-07-15,2026-08-29,open,,,,False,False,improving_payer
INV7001015,B007,B007-C1041,Auto Client 041,Auto Components,45,18584.91,2026-07-22,2026-09-05,disputed_open,,,,False,False,improving_payer
INV7001016,B007,B007-C1041,Auto Client 041,Auto Components,45,24505.0,2026-08-14,2026-09-28,disputed_open,,,,False,False,improving_payer
INV7001017,B007,B007-C1042,Auto Client 042,Auto Components,30,165154.5,2024-04-11,2024-05-11,closed,2024-05-24,43,13,False,False,seasonal_payer
INV7001018,B007,B007-C1042,Auto Client 042,Auto Components,30,163248.28,2024-06-29,2024-07-29,closed,2024-08-08,40,10,False,False,seasonal_payer
INV7001019,B007,B007-C1042,Auto Client 042,Auto Components,30,244609.36,2024-09-26,2024-10-26,closed,2024-10-26,30,0,False,False,seasonal_payer
INV7001020,B007,B007-C1042,Auto Client 042,Auto Components,30,158843.89,2025-02-02,2025-03-04,closed,2025-03-22,48,18,False,False,seasonal_payer
INV7001021,B007,B007-C1042,Auto Client 042,Auto Components,30,134978.25,2025-07-12,2025-08-11,closed,2025-08-20,39,9,False,False,seasonal_payer
INV7001022,B007,B007-C1042,Auto Client 042,Auto Components,30,914068.63,2025-07-25,2025-08-24,closed,2025-09-05,42,12,False,True,seasonal_payer
INV7001023,B007,B007-C1042,Auto Client 042,Auto Components,30,127884.2,2025-08-02,2025-09-01,closed,2025-09-11,40,10,False,False,seasonal_payer
INV7001024,B007,B007-C1042,Auto Client 042,Auto Components,30,149425.94,2025-09-17,2025-10-17,closed,2025-10-14,27,-3,False,False,seasonal_payer
INV7001025,B007,B007-C1042,Auto Client 042,Auto Components,30,159984.2,2025-11-09,2025-12-09,closed,2025-12-17,38,8,False,False,seasonal_payer
INV7001026,B007,B007-C1042,Auto Client 042,Auto Components,30,129750.85,2025-11-28,2025-12-28,closed,2026-01-02,35,5,False,False,seasonal_payer
INV7001027,B007,B007-C1042,Auto Client 042,Auto Components,30,117353.15,2025-12-07,2026-01-06,closed,2026-01-25,49,19,False,False,seasonal_payer
INV7001028,B007,B007-C1042,Auto Client 042,Auto Components,30,144010.96,2025-12-28,2026-01-27,closed,2026-02-02,36,6,False,False,seasonal_payer
INV7001029,B007,B007-C1042,Auto Client 042,Auto Components,30,137667.1,2026-01-11,2026-02-10,closed,2026-02-14,34,4,False,False,seasonal_payer
INV7001030,B007,B007-C1042,Auto Client 042,Auto Components,30,174189.16,2026-03-03,2026-04-02,closed,2026-04-20,48,18,False,False,seasonal_payer
INV7001031,B007,B007-C1042,Auto Client 042,Auto Components,30,152662.65,2026-03-22,2026-04-21,closed,2026-05-04,43,13,False,False,seasonal_payer
INV7001032,B007,B007-C1042,Auto Client 042,Auto Components,30,179632.32,2026-04-26,2026-05-26,closed,2026-06-17,52,22,False,False,seasonal_payer
INV7001033,B007,B007-C1042,Auto Client 042,Auto Components,30,174902.19,2026-05-21,2026-06-20,closed,2026-06-21,31,1,False,False,seasonal_payer
INV7001034,B007,B007-C1042,Auto Client 042,Auto Components,30,209078.65,2026-05-23,2026-06-22,closed,2026-07-02,40,10,False,False,seasonal_payer
INV7001035,B007,B007-C1042,Auto Client 042,Auto Components,30,531573.31,2026-06-22,2026-07-22,closed,2026-08-01,40,10,False,True,seasonal_payer
INV7001036,B007,B007-C1042,Auto Client 042,Auto Components,30,202696.89,2026-07-11,2026-08-10,closed,2026-08-30,50,20,False,False,seasonal_payer
INV7001037,B007,B007-C1042,Auto Client 042,Auto Components,30,157309.75,2026-08-31,2026-09-30,open,,,,False,False,seasonal_payer
INV7001038,B007,B007-C1042,Auto Client 042,Auto Components,30,165553.91,2026-08-31,2026-09-30,open,,,,False,False,seasonal_payer
INV7001039,B007,B007-C1043,Auto Client 043,Auto Components,30,32023.58,2024-04-17,2024-05-17,closed,2024-05-31,44,14,False,False,chronic_late_payer
INV7001040,B007,B007-C1043,Auto Client 043,Auto Components,30,32182.96,2024-06-01,2024-07-01,closed,2024-09-02,93,63,False,False,chronic_late_payer
INV7001041,B007,B007-C1043,Auto Client 043,Auto Components,30,31532.45,2024-07-08,2024-08-07,closed,2024-08-21,44,14,False,False,chronic_late_payer
INV7001042,B007,B007-C1043,Auto Client 043,Auto Components,30,18862.63,2024-07-25,2024-08-24,closed,2024-10-09,76,46,False,False,chronic_late_payer
INV7001043,B007,B007-C1043,Auto Client 043,Auto Components,30,142288.88,2024-10-08,2024-11-07,closed,2024-12-20,73,43,False,True,chronic_late_payer
INV7001044,B007,B007-C1043,Auto Client 043,Auto Components,30,28252.76,2024-10-30,2024-11-29,closed,2024-12-27,58,28,False,False,chronic_late_payer
INV7001045,B007,B007-C1043,Auto Client 043,Auto Components,30,51984.01,2024-11-14,2024-12-14,closed,2025-01-06,53,23,True,False,chronic_late_payer
INV7001046,B007,B007-C1043,Auto Client 043,Auto Components,30,35977.61,2024-11-30,2024-12-30,closed,2025-02-06,68,38,False,False,chronic_late_payer
INV7001047,B007,B007-C1043,Auto Client 043,Auto Components,30,41003.3,2024-12-20,2025-01-19,closed,2025-02-12,54,24,False,False,chronic_late_payer
INV7001048,B007,B007-C1043,Auto Client 043,Auto Components,30,37764.24,2025-04-02,2025-05-02,closed,2025-06-16,75,45,False,False,chronic_late_payer
INV7001049,B007,B007-C1043,Auto Client 043,Auto Components,30,28938.69,2025-04-10,2025-05-10,open,,,,False,False,chronic_late_payer
INV7001050,B007,B007-C1043,Auto Client 043,Auto Components,30,23010.7,2025-04-16,2025-05-16,closed,2025-05-30,44,14,False,False,chronic_late_payer
INV7001051,B007,B007-C1043,Auto Client 043,Auto Components,30,29361.73,2025-05-10,2025-06-09,closed,2025-07-17,68,38,False,False,chronic_late_payer
INV7001052,B007,B007-C1043,Auto Client 043,Auto Components,30,40964.73,2025-06-29,2025-07-29,open,,,,False,False,chronic_late_payer
INV7001053,B007,B007-C1043,Auto Client 043,Auto Components,30,148643.77,2025-07-10,2025-08-09,closed,2025-09-05,57,27,False,True,chronic_late_payer
INV7001054,B007,B007-C1043,Auto Client 043,Auto Components,30,25202.18,2025-08-03,2025-09-02,closed,2025-10-10,68,38,False,False,chronic_late_payer
INV7001055,B007,B007-C1043,Auto Client 043,Auto Components,30,49724.03,2025-08-11,2025-09-10,closed,2025-10-24,74,44,False,False,chronic_late_payer
INV7001056,B007,B007-C1043,Auto Client 043,Auto Components,30,45962.33,2025-11-30,2025-12-30,closed,2026-02-04,66,36,False,False,chronic_late_payer
INV7001057,B007,B007-C1043,Auto Client 043,Auto Components,30,30997.96,2025-12-07,2026-01-06,closed,2026-01-27,51,21,False,False,chronic_late_payer
INV7001058,B007,B007-C1043,Auto Client 043,Auto Components,30,15152.01,2025-12-29,2026-01-28,closed,2026-02-11,44,14,False,False,chronic_late_payer
INV7001059,B007,B007-C1043,Auto Client 043,Auto Components,30,45858.84,2026-01-25,2026-02-24,closed,2026-04-10,75,45,False,False,chronic_late_payer
INV7001060,B007,B007-C1043,Auto Client 043,Auto Components,30,33773.87,2026-03-13,2026-04-12,closed,2026-05-17,65,35,False,False,chronic_late_payer
INV7001061,B007,B007-C1043,Auto Client 043,Auto Components,30,31259.48,2026-04-02,2026-05-02,open,,,,False,False,chronic_late_payer
INV7001062,B007,B007-C1043,Auto Client 043,Auto Components,30,33746.56,2026-04-24,2026-05-24,closed,2026-07-01,68,38,False,False,chronic_late_payer
INV7001063,B007,B007-C1043,Auto Client 043,Auto Components,30,32880.29,2026-06-07,2026-07-07,open,,,,False,False,chronic_late_payer
INV7001064,B007,B007-C1044,IT Client 044,IT & Business Services,30,209322.38,2024-03-20,2024-04-19,closed,2024-05-02,43,13,False,False,average_payer
INV7001065,B007,B007-C1044,IT Client 044,IT & Business Services,30,208297.39,2024-04-29,2024-05-29,closed,2024-06-10,42,12,False,False,average_payer
INV7001066,B007,B007-C1044,IT Client 044,IT & Business Services,30,142258.28,2024-05-27,2024-06-26,closed,2024-06-27,31,1,False,False,average_payer
INV7001067,B007,B007-C1044,IT Client 044,IT & Business Services,30,323830.07,2024-06-13,2024-07-13,closed,2024-07-18,35,5,True,False,average_payer
INV7001068,B007,B007-C1044,IT Client 044,IT & Business Services,30,253212.39,2024-07-01,2024-07-31,closed,2024-08-09,39,9,False,False,average_payer
INV7001069,B007,B007-C1044,IT Client 044,IT & Business Services,30,363975.98,2024-07-21,2024-08-20,closed,2024-08-27,37,7,False,False,average_payer
INV7001070,B007,B007-C1044,IT Client 044,IT & Business Services,30,298608.06,2024-09-15,2024-10-15,closed,2024-10-17,32,2,False,False,average_payer
INV7001071,B007,B007-C1044,IT Client 044,IT & Business Services,30,156368.64,2024-09-26,2024-10-26,closed,2024-10-23,27,-3,False,False,average_payer
INV7001072,B007,B007-C1044,IT Client 044,IT & Business Services,30,195231.03,2024-09-27,2024-10-27,closed,2024-10-28,31,1,False,False,average_payer
INV7001073,B007,B007-C1044,IT Client 044,IT & Business Services,30,211777.24,2024-10-23,2024-11-22,closed,2024-12-03,41,11,False,False,average_payer
INV7001074,B007,B007-C1044,IT Client 044,IT & Business Services,30,275159.57,2024-12-17,2025-01-16,closed,2025-01-19,33,3,False,False,average_payer
INV7001075,B007,B007-C1044,IT Client 044,IT & Business Services,30,213818.75,2025-01-04,2025-02-03,closed,2025-02-11,38,8,False,False,average_payer
INV7001076,B007,B007-C1044,IT Client 044,IT & Business Services,30,212479.67,2025-02-24,2025-03-26,closed,2025-04-02,37,7,False,False,average_payer
INV7001077,B007,B007-C1044,IT Client 044,IT & Business Services,30,158561.14,2025-03-05,2025-04-04,closed,2025-04-23,49,19,False,False,average_payer
INV7001078,B007,B007-C1044,IT Client 044,IT & Business Services,30,125439.86,2025-03-10,2025-04-09,closed,2025-04-05,26,-4,False,False,average_payer
INV7001079,B007,B007-C1044,IT Client 044,IT & Business Services,30,345268.06,2025-04-01,2025-05-01,closed,2025-04-25,24,-6,False,False,average_payer
INV7001080,B007,B007-C1044,IT Client 044,IT & Business Services,30,232523.81,2025-04-25,2025-05-25,closed,2025-05-17,22,-8,False,False,average_payer
INV7001081,B007,B007-C1044,IT Client 044,IT & Business Services,30,527096.56,2025-05-27,2025-06-26,closed,2025-06-24,28,-2,False,True,average_payer
INV7001082,B007,B007-C1044,IT Client 044,IT & Business Services,30,603780.21,2025-06-16,2025-07-16,closed,2025-07-27,41,11,False,True,average_payer
INV7001083,B007,B007-C1044,IT Client 044,IT & Business Services,30,168574.47,2025-07-14,2025-08-13,closed,2025-08-14,31,1,False,False,average_payer
INV7001084,B007,B007-C1044,IT Client 044,IT & Business Services,30,118894.78,2025-08-07,2025-09-06,closed,2025-08-29,22,-8,False,False,average_payer
INV7001085,B007,B007-C1044,IT Client 044,IT & Business Services,30,192992.12,2025-08-27,2025-09-26,closed,2025-10-02,36,6,False,False,average_payer
INV7001086,B007,B007-C1044,IT Client 044,IT & Business Services,30,197245.08,2026-01-28,2026-02-27,closed,2026-03-11,42,12,False,False,average_payer
INV7001087,B007,B007-C1044,IT Client 044,IT & Business Services,30,174664.72,2026-03-18,2026-04-17,closed,2026-04-28,41,11,False,False,average_payer
INV7001088,B007,B007-C1044,IT Client 044,IT & Business Services,30,126137.49,2026-03-29,2026-04-28,closed,2026-05-03,35,5,False,False,average_payer
INV7001089,B007,B007-C1044,IT Client 044,IT & Business Services,30,178558.26,2026-04-11,2026-05-11,closed,2026-05-19,38,8,False,False,average_payer
INV7001090,B007,B007-C1044,IT Client 044,IT & Business Services,30,235269.59,2026-07-06,2026-08-05,closed,2026-08-15,40,10,False,False,average_payer
INV7001091,B007,B007-C1044,IT Client 044,IT & Business Services,30,134059.04,2026-07-25,2026-08-24,closed,2026-08-27,33,3,False,False,average_payer
INV7001092,B007,B007-C1045,IT Client 045,IT & Business Services,45,52181.3,2024-07-09,2024-08-23,closed,2024-08-27,49,4,False,False,prompt_payer
INV7001093,B007,B007-C1045,IT Client 045,IT & Business Services,45,31031.23,2024-08-28,2024-10-12,closed,2024-10-16,49,4,False,False,prompt_payer
INV7001094,B007,B007-C1045,IT Client 045,IT & Business Services,45,83711.81,2024-10-10,2024-11-24,closed,2024-11-24,45,0,False,False,prompt_payer
INV7001095,B007,B007-C1045,IT Client 045,IT & Business Services,45,59925.59,2024-11-10,2024-12-25,closed,2024-12-20,40,-5,False,False,prompt_payer
INV7001096,B007,B007-C1045,IT Client 045,IT & Business Services,45,61082.51,2024-11-26,2025-01-10,closed,2025-01-10,45,0,False,False,prompt_payer
INV7001097,B007,B007-C1045,IT Client 045,IT & Business Services,45,44655.26,2025-01-03,2025-02-17,closed,2025-02-16,44,-1,True,False,prompt_payer
INV7001098,B007,B007-C1045,IT Client 045,IT & Business Services,45,80522.04,2025-01-07,2025-02-21,closed,2025-02-18,42,-3,False,False,prompt_payer
INV7001099,B007,B007-C1045,IT Client 045,IT & Business Services,45,65681.53,2025-03-05,2025-04-19,closed,2025-04-12,38,-7,False,False,prompt_payer
INV7001100,B007,B007-C1045,IT Client 045,IT & Business Services,45,58828.88,2025-03-06,2025-04-20,closed,2025-04-22,47,2,False,False,prompt_payer
INV7001101,B007,B007-C1045,IT Client 045,IT & Business Services,45,45000.57,2025-03-18,2025-05-02,closed,2025-04-23,36,-9,False,False,prompt_payer
INV7001102,B007,B007-C1045,IT Client 045,IT & Business Services,45,33245.36,2025-03-28,2025-05-12,closed,2025-05-11,44,-1,False,False,prompt_payer
INV7001103,B007,B007-C1045,IT Client 045,IT & Business Services,45,57057.48,2025-05-29,2025-07-13,closed,2025-07-14,46,1,False,False,prompt_payer
INV7001104,B007,B007-C1045,IT Client 045,IT & Business Services,45,73431.07,2025-06-18,2025-08-02,closed,2025-08-01,44,-1,False,False,prompt_payer
INV7001105,B007,B007-C1045,IT Client 045,IT & Business Services,45,61237.24,2025-06-19,2025-08-03,closed,2025-08-03,45,0,False,False,prompt_payer
INV7001106,B007,B007-C1045,IT Client 045,IT & Business Services,45,59295.35,2025-07-04,2025-08-18,closed,2025-08-18,45,0,False,False,prompt_payer
INV7001107,B007,B007-C1045,IT Client 045,IT & Business Services,45,69598.0,2025-07-21,2025-09-04,closed,2025-09-02,43,-2,False,False,prompt_payer
INV7001108,B007,B007-C1045,IT Client 045,IT & Business Services,45,44173.31,2025-08-04,2025-09-18,closed,2025-09-21,48,3,False,False,prompt_payer
INV7001109,B007,B007-C1045,IT Client 045,IT & Business Services,45,29213.39,2025-08-23,2025-10-07,closed,2025-10-07,45,0,False,False,prompt_payer
INV7001110,B007,B007-C1045,IT Client 045,IT & Business Services,45,51515.46,2025-10-17,2025-12-01,open,,,,False,False,prompt_payer
INV7001111,B007,B007-C1045,IT Client 045,IT & Business Services,45,83552.32,2026-04-15,2026-05-30,closed,2026-06-02,48,3,False,False,prompt_payer
INV7001112,B007,B007-C1045,IT Client 045,IT & Business Services,45,55515.57,2026-04-25,2026-06-09,closed,2026-06-07,43,-2,False,False,prompt_payer
INV7001113,B007,B007-C1045,IT Client 045,IT & Business Services,45,57024.03,2026-05-13,2026-06-27,closed,2026-06-29,47,2,False,False,prompt_payer
INV7001114,B007,B007-C1045,IT Client 045,IT & Business Services,45,65094.5,2026-05-26,2026-07-10,closed,2026-07-04,39,-6,False,False,prompt_payer
INV7001115,B007,B007-C1045,IT Client 045,IT & Business Services,45,68030.54,2026-06-18,2026-08-02,closed,2026-08-02,45,0,False,False,prompt_payer
INV7001116,B007,B007-C1045,IT Client 045,IT & Business Services,45,59287.08,2026-08-10,2026-09-24,open,,,,False,False,prompt_payer
INV7001117,B007,B007-C1045,IT Client 045,IT & Business Services,45,40427.16,2026-08-21,2026-10-05,disputed_open,,,,False,False,prompt_payer
INV7001118,B007,B007-C1046,Textiles Client 046,Textiles & Apparel,30,347990.87,2025-02-15,2025-03-17,closed,2025-03-22,35,5,False,False,cold_start
INV7001119,B007,B007-C1046,Textiles Client 046,Textiles & Apparel,30,134270.41,2026-05-27,2026-06-26,closed,2026-07-03,37,7,False,False,cold_start
INV7001120,B007,B007-C1046,Textiles Client 046,Textiles & Apparel,30,145694.79,2026-05-28,2026-06-27,closed,2026-06-22,25,-5,True,False,cold_start
INV7001121,B007,B007-C1047,Chemicals Client 047,Chemicals & Plastics,45,215683.15,2024-03-30,2024-05-14,closed,2024-05-13,44,-1,False,False,prompt_payer
INV7001122,B007,B007-C1047,Chemicals Client 047,Chemicals & Plastics,45,337740.22,2024-04-13,2024-05-28,closed,2024-05-27,44,-1,False,False,prompt_payer
INV7001123,B007,B007-C1047,Chemicals Client 047,Chemicals & Plastics,45,292936.26,2024-04-19,2024-06-03,closed,2024-06-02,44,-1,False,False,prompt_payer
INV7001124,B007,B007-C1047,Chemicals Client 047,Chemicals & Plastics,45,163703.32,2024-05-07,2024-06-21,closed,2024-06-23,47,2,False,False,prompt_payer
INV7001125,B007,B007-C1047,Chemicals Client 047,Chemicals & Plastics,45,239357.02,2024-05-30,2024-07-14,closed,2024-07-08,39,-6,False,False,prompt_payer
INV7001126,B007,B007-C1047,Chemicals Client 047,Chemicals & Plastics,45,172656.55,2024-06-10,2024-07-25,closed,2024-07-30,50,5,False,False,prompt_payer
INV7001127,B007,B007-C1047,Chemicals Client 047,Chemicals & Plastics,45,229617.57,2024-06-20,2024-08-04,closed,2024-08-11,52,7,False,False,prompt_payer
INV7001128,B007,B007-C1047,Chemicals Client 047,Chemicals & Plastics,45,420880.62,2024-06-23,2024-08-07,closed,2024-08-06,44,-1,False,False,prompt_payer
INV7001129,B007,B007-C1047,Chemicals Client 047,Chemicals & Plastics,45,306195.77,2024-07-24,2024-09-07,closed,2024-09-14,52,7,False,False,prompt_payer
INV7001130,B007,B007-C1047,Chemicals Client 047,Chemicals & Plastics,45,380590.49,2024-08-15,2024-09-29,closed,2024-09-29,45,0,False,False,prompt_payer
INV7001131,B007,B007-C1047,Chemicals Client 047,Chemicals & Plastics,45,312947.5,2024-09-11,2024-10-26,closed,2024-10-25,44,-1,False,False,prompt_payer
INV7001132,B007,B007-C1047,Chemicals Client 047,Chemicals & Plastics,45,230430.12,2024-10-05,2024-11-19,closed,2024-11-19,45,0,True,False,prompt_payer
INV7001133,B007,B007-C1047,Chemicals Client 047,Chemicals & Plastics,45,130394.91,2024-10-14,2024-11-28,closed,2024-12-02,49,4,False,False,prompt_payer
INV7001134,B007,B007-C1047,Chemicals Client 047,Chemicals & Plastics,45,358765.0,2024-11-07,2024-12-22,closed,2024-12-21,44,-1,False,False,prompt_payer
INV7001135,B007,B007-C1047,Chemicals Client 047,Chemicals & Plastics,45,246438.45,2024-12-01,2025-01-15,closed,2025-01-20,50,5,False,False,prompt_payer
INV7001136,B007,B007-C1047,Chemicals Client 047,Chemicals & Plastics,45,228233.8,2025-01-27,2025-03-13,closed,2025-03-13,45,0,False,False,prompt_payer
INV7001137,B007,B007-C1047,Chemicals Client 047,Chemicals & Plastics,45,233363.06,2025-02-27,2025-04-13,closed,2025-04-11,43,-2,False,False,prompt_payer
INV7001138,B007,B007-C1047,Chemicals Client 047,Chemicals & Plastics,45,241272.25,2025-03-06,2025-04-20,closed,2025-04-11,36,-9,False,False,prompt_payer
INV7001139,B007,B007-C1047,Chemicals Client 047,Chemicals & Plastics,45,358251.3,2025-03-20,2025-05-04,closed,2025-05-05,46,1,False,False,prompt_payer
INV7001140,B007,B007-C1047,Chemicals Client 047,Chemicals & Plastics,45,186487.82,2025-05-14,2025-06-28,closed,2025-06-27,44,-1,False,False,prompt_payer
INV7001141,B007,B007-C1047,Chemicals Client 047,Chemicals & Plastics,45,258981.74,2025-06-09,2025-07-24,closed,2025-08-02,54,9,False,False,prompt_payer
INV7001142,B007,B007-C1047,Chemicals Client 047,Chemicals & Plastics,45,282825.72,2025-06-28,2025-08-12,closed,2025-08-21,54,9,False,False,prompt_payer
INV7001143,B007,B007-C1047,Chemicals Client 047,Chemicals & Plastics,45,211182.02,2025-06-28,2025-08-12,closed,2025-08-05,38,-7,False,False,prompt_payer
INV7001144,B007,B007-C1047,Chemicals Client 047,Chemicals & Plastics,45,600704.17,2025-07-27,2025-09-10,closed,2025-09-04,39,-6,False,True,prompt_payer
INV7001145,B007,B007-C1047,Chemicals Client 047,Chemicals & Plastics,45,227908.59,2025-10-20,2025-12-04,closed,2025-12-01,42,-3,False,False,prompt_payer
INV7001146,B007,B007-C1047,Chemicals Client 047,Chemicals & Plastics,45,224004.8,2025-10-20,2025-12-04,closed,2025-12-03,44,-1,False,False,prompt_payer
INV7001147,B007,B007-C1047,Chemicals Client 047,Chemicals & Plastics,45,358347.73,2025-11-04,2025-12-19,closed,2025-12-23,49,4,False,False,prompt_payer
INV7001148,B007,B007-C1047,Chemicals Client 047,Chemicals & Plastics,45,744820.59,2025-11-19,2026-01-03,closed,2025-12-31,42,-3,False,True,prompt_payer
INV7001149,B007,B007-C1047,Chemicals Client 047,Chemicals & Plastics,45,275948.42,2025-11-28,2026-01-12,closed,2026-01-11,44,-1,False,False,prompt_payer
INV7001150,B007,B007-C1047,Chemicals Client 047,Chemicals & Plastics,45,297822.43,2025-12-29,2026-02-12,closed,2026-02-06,39,-6,False,False,prompt_payer
INV7001151,B007,B007-C1047,Chemicals Client 047,Chemicals & Plastics,45,207219.31,2026-02-12,2026-03-29,closed,2026-03-29,45,0,False,False,prompt_payer
INV7001152,B007,B007-C1047,Chemicals Client 047,Chemicals & Plastics,45,204845.21,2026-03-12,2026-04-26,closed,2026-04-23,42,-3,False,False,prompt_payer
INV7001153,B007,B007-C1047,Chemicals Client 047,Chemicals & Plastics,45,172883.78,2026-03-24,2026-05-08,closed,2026-05-04,41,-4,False,False,prompt_payer
INV7001154,B007,B007-C1047,Chemicals Client 047,Chemicals & Plastics,45,245701.88,2026-04-22,2026-06-06,closed,2026-05-31,39,-6,False,False,prompt_payer
INV7001155,B007,B007-C1047,Chemicals Client 047,Chemicals & Plastics,45,175738.34,2026-06-07,2026-07-22,closed,2026-07-19,42,-3,False,False,prompt_payer
INV7001156,B007,B007-C1047,Chemicals Client 047,Chemicals & Plastics,45,182958.71,2026-06-13,2026-07-28,closed,2026-08-03,51,6,False,False,prompt_payer
INV7001157,B007,B007-C1047,Chemicals Client 047,Chemicals & Plastics,45,282746.89,2026-06-29,2026-08-13,closed,2026-08-11,43,-2,False,False,prompt_payer
INV7001158,B007,B007-C1047,Chemicals Client 047,Chemicals & Plastics,45,305452.68,2026-07-02,2026-08-16,closed,2026-08-10,39,-6,False,False,prompt_payer
INV7001159,B007,B007-C1047,Chemicals Client 047,Chemicals & Plastics,45,511583.39,2026-08-21,2026-10-05,open,,,,False,False,prompt_payer
INV7001160,B007,B007-C1047,Chemicals Client 047,Chemicals & Plastics,45,177446.55,2026-09-01,2026-10-16,open,,,,False,False,prompt_payer
INV7001161,B007,B007-C1048,Construction Client 048,Construction & Infra,30,107328.14,2024-03-21,2024-04-20,closed,2024-04-28,38,8,False,True,average_payer
INV7001162,B007,B007-C1048,Construction Client 048,Construction & Infra,30,17563.01,2024-04-22,2024-05-22,closed,2024-05-30,38,8,False,False,average_payer
INV7001163,B007,B007-C1048,Construction Client 048,Construction & Infra,30,39246.77,2024-06-11,2024-07-11,closed,2024-07-11,30,0,False,False,average_payer
INV7001164,B007,B007-C1048,Construction Client 048,Construction & Infra,30,19412.21,2024-06-12,2024-07-12,closed,2024-07-17,35,5,False,False,average_payer
INV7001165,B007,B007-C1048,Construction Client 048,Construction & Infra,30,24879.2,2024-07-24,2024-08-23,closed,2024-08-29,36,6,False,False,average_payer
INV7001166,B007,B007-C1048,Construction Client 048,Construction & Infra,30,13594.48,2024-07-25,2024-08-24,closed,2024-09-01,38,8,False,False,average_payer
INV7001167,B007,B007-C1048,Construction Client 048,Construction & Infra,30,19470.23,2024-08-29,2024-09-28,closed,2024-09-27,29,-1,False,False,average_payer
INV7001168,B007,B007-C1048,Construction Client 048,Construction & Infra,30,22642.58,2024-09-03,2024-10-03,closed,2024-10-05,32,2,False,False,average_payer
INV7001169,B007,B007-C1048,Construction Client 048,Construction & Infra,30,24677.09,2024-09-03,2024-10-03,closed,2024-10-11,38,8,False,False,average_payer
INV7001170,B007,B007-C1048,Construction Client 048,Construction & Infra,30,19028.57,2024-09-04,2024-10-04,closed,2024-10-06,32,2,False,False,average_payer
INV7001171,B007,B007-C1048,Construction Client 048,Construction & Infra,30,20426.37,2024-10-05,2024-11-04,closed,2024-11-05,31,1,False,False,average_payer
INV7001172,B007,B007-C1048,Construction Client 048,Construction & Infra,30,32328.54,2024-10-13,2024-11-12,closed,2024-11-15,33,3,False,False,average_payer
INV7001173,B007,B007-C1048,Construction Client 048,Construction & Infra,30,29680.74,2024-11-04,2024-12-04,closed,2024-12-05,31,1,False,False,average_payer
INV7001174,B007,B007-C1048,Construction Client 048,Construction & Infra,30,24959.54,2025-01-06,2025-02-05,closed,2025-02-08,33,3,False,False,average_payer
INV7001175,B007,B007-C1048,Construction Client 048,Construction & Infra,30,23067.37,2025-01-21,2025-02-20,closed,2025-02-25,35,5,False,False,average_payer
INV7001176,B007,B007-C1048,Construction Client 048,Construction & Infra,30,25898.32,2025-01-24,2025-02-23,closed,2025-03-12,47,17,False,False,average_payer
INV7001177,B007,B007-C1048,Construction Client 048,Construction & Infra,30,28462.03,2025-03-13,2025-04-12,closed,2025-04-26,44,14,False,False,average_payer
INV7001178,B007,B007-C1048,Construction Client 048,Construction & Infra,30,35246.75,2025-03-16,2025-04-15,closed,2025-04-29,44,14,False,False,average_payer
INV7001179,B007,B007-C1048,Construction Client 048,Construction & Infra,30,27900.78,2025-04-30,2025-05-30,closed,2025-06-02,33,3,False,False,average_payer
INV7001180,B007,B007-C1048,Construction Client 048,Construction & Infra,30,41131.26,2025-05-19,2025-06-18,closed,2025-06-19,31,1,False,False,average_payer
INV7001181,B007,B007-C1048,Construction Client 048,Construction & Infra,30,20108.06,2025-06-22,2025-07-22,closed,2025-08-02,41,11,False,False,average_payer
INV7001182,B007,B007-C1048,Construction Client 048,Construction & Infra,30,27558.63,2025-07-08,2025-08-07,closed,2025-08-06,29,-1,False,False,average_payer
INV7001183,B007,B007-C1048,Construction Client 048,Construction & Infra,30,21293.04,2025-07-14,2025-08-13,closed,2025-08-23,40,10,False,False,average_payer
INV7001184,B007,B007-C1048,Construction Client 048,Construction & Infra,30,26434.59,2025-07-24,2025-08-23,closed,2025-08-17,24,-6,False,False,average_payer
INV7001185,B007,B007-C1048,Construction Client 048,Construction & Infra,30,27222.1,2025-07-26,2025-08-25,closed,2025-08-28,33,3,False,False,average_payer
INV7001186,B007,B007-C1048,Construction Client 048,Construction & Infra,30,9959.55,2025-08-13,2025-09-12,closed,2025-09-24,42,12,False,False,average_payer
INV7001187,B007,B007-C1048,Construction Client 048,Construction & Infra,30,28296.27,2025-08-19,2025-09-18,closed,2025-09-17,29,-1,False,False,average_payer
INV7001188,B007,B007-C1048,Construction Client 048,Construction & Infra,30,23347.53,2025-08-27,2025-09-26,closed,2025-10-11,45,15,False,False,average_payer
INV7001189,B007,B007-C1048,Construction Client 048,Construction & Infra,30,18324.35,2025-09-11,2025-10-11,closed,2025-10-16,35,5,True,False,average_payer
INV7001190,B007,B007-C1048,Construction Client 048,Construction & Infra,30,22833.12,2025-10-10,2025-11-09,closed,2025-11-13,34,4,False,False,average_payer
INV7001191,B007,B007-C1048,Construction Client 048,Construction & Infra,30,22644.66,2025-10-19,2025-11-18,closed,2025-11-26,38,8,False,False,average_payer
INV7001192,B007,B007-C1048,Construction Client 048,Construction & Infra,30,25099.61,2025-11-01,2025-12-01,closed,2025-12-21,50,20,False,False,average_payer
INV7001193,B007,B007-C1048,Construction Client 048,Construction & Infra,30,28894.35,2025-11-23,2025-12-23,closed,2025-12-29,36,6,False,False,average_payer
INV7001194,B007,B007-C1048,Construction Client 048,Construction & Infra,30,27381.05,2025-12-21,2026-01-20,closed,2026-01-19,29,-1,False,False,average_payer
INV7001195,B007,B007-C1048,Construction Client 048,Construction & Infra,30,16187.5,2025-12-24,2026-01-23,closed,2026-01-23,30,0,False,False,average_payer
INV7001196,B007,B007-C1048,Construction Client 048,Construction & Infra,30,18245.04,2026-01-22,2026-02-21,closed,2026-03-04,41,11,False,False,average_payer
INV7001197,B007,B007-C1048,Construction Client 048,Construction & Infra,30,34913.08,2026-02-10,2026-03-12,closed,2026-03-21,39,9,False,False,average_payer
INV7001198,B007,B007-C1048,Construction Client 048,Construction & Infra,30,21364.76,2026-03-02,2026-04-01,closed,2026-04-06,35,5,False,False,average_payer
INV7001199,B007,B007-C1048,Construction Client 048,Construction & Infra,30,40236.52,2026-03-11,2026-04-10,closed,2026-04-21,41,11,False,False,average_payer
INV7001200,B007,B007-C1048,Construction Client 048,Construction & Infra,30,25179.13,2026-03-16,2026-04-15,closed,2026-04-07,22,-8,False,False,average_payer
INV7001201,B007,B007-C1048,Construction Client 048,Construction & Infra,30,17827.63,2026-04-24,2026-05-24,closed,2026-05-30,36,6,False,False,average_payer
INV7001202,B007,B007-C1048,Construction Client 048,Construction & Infra,30,19952.09,2026-06-09,2026-07-09,closed,2026-07-19,40,10,False,False,average_payer
INV7001203,B007,B007-C1048,Construction Client 048,Construction & Infra,30,21496.58,2026-06-26,2026-07-26,closed,2026-08-04,39,9,False,False,average_payer
INV7001204,B007,B007-C1048,Construction Client 048,Construction & Infra,30,17914.54,2026-07-19,2026-08-18,closed,2026-08-22,34,4,False,False,average_payer
INV7001205,B007,B007-C1048,Construction Client 048,Construction & Infra,30,17583.62,2026-07-31,2026-08-30,closed,2026-08-31,31,1,False,False,average_payer
INV7001206,B007,B007-C1049,Construction Client 049,Construction & Infra,30,215904.68,2024-05-18,2024-06-17,closed,2024-06-23,36,6,False,False,erratic_payer
INV7001207,B007,B007-C1049,Construction Client 049,Construction & Infra,30,129387.19,2024-11-18,2024-12-18,closed,2024-12-20,32,2,False,False,erratic_payer
INV7001208,B007,B007-C1049,Construction Client 049,Construction & Infra,30,107040.79,2024-11-23,2024-12-23,closed,2025-01-05,43,13,True,False,erratic_payer
INV7001209,B007,B007-C1049,Construction Client 049,Construction & Infra,30,85492.41,2025-01-23,2025-02-22,closed,2025-02-18,26,-4,False,False,erratic_payer
INV7001210,B007,B007-C1049,Construction Client 049,Construction & Infra,30,103818.43,2025-03-26,2025-04-25,open,,,,False,False,erratic_payer
INV7001211,B007,B007-C1049,Construction Client 049,Construction & Infra,30,85262.25,2025-05-24,2025-06-23,closed,2025-07-02,39,9,False,False,erratic_payer
INV7001212,B007,B007-C1049,Construction Client 049,Construction & Infra,30,111095.15,2025-06-14,2025-07-14,open,,,,False,False,erratic_payer
INV7001213,B007,B007-C1049,Construction Client 049,Construction & Infra,30,205287.65,2025-07-19,2025-08-18,closed,2025-08-21,33,3,False,False,erratic_payer
INV7001214,B007,B007-C1049,Construction Client 049,Construction & Infra,30,71227.45,2025-09-01,2025-10-01,closed,2025-10-25,54,24,False,False,erratic_payer
INV7001215,B007,B007-C1049,Construction Client 049,Construction & Infra,30,92509.8,2025-10-15,2025-11-14,closed,2025-11-21,37,7,False,False,erratic_payer
INV7001216,B007,B007-C1049,Construction Client 049,Construction & Infra,30,95066.4,2025-10-21,2025-11-20,closed,2025-11-23,33,3,False,False,erratic_payer
INV7001217,B007,B007-C1049,Construction Client 049,Construction & Infra,30,53721.56,2025-10-31,2025-11-30,closed,2025-12-07,37,7,False,False,erratic_payer
INV7001218,B007,B007-C1049,Construction Client 049,Construction & Infra,30,119369.77,2025-11-04,2025-12-04,closed,2025-12-13,39,9,False,False,erratic_payer
INV7001219,B007,B007-C1049,Construction Client 049,Construction & Infra,30,169589.38,2025-11-11,2025-12-11,closed,2025-12-18,37,7,False,False,erratic_payer
INV7001220,B007,B007-C1049,Construction Client 049,Construction & Infra,30,102829.95,2026-04-09,2026-05-09,closed,2026-05-04,25,-5,False,False,erratic_payer
INV7001221,B007,B007-C1050,Pharma Client 050,Pharma & Healthcare,30,322060.52,2024-09-08,2024-10-08,closed,2024-10-22,44,14,False,False,seasonal_payer
INV7001222,B007,B007-C1050,Pharma Client 050,Pharma & Healthcare,30,247617.18,2024-09-17,2024-10-17,closed,2024-10-17,30,0,False,False,seasonal_payer
INV7001223,B007,B007-C1050,Pharma Client 050,Pharma & Healthcare,30,228860.13,2025-01-12,2025-02-11,closed,2025-02-24,43,13,False,False,seasonal_payer
INV7001224,B007,B007-C1050,Pharma Client 050,Pharma & Healthcare,30,302317.93,2025-02-23,2025-03-25,closed,2025-03-31,36,6,False,False,seasonal_payer
INV7001225,B007,B007-C1050,Pharma Client 050,Pharma & Healthcare,30,261475.76,2025-03-29,2025-04-28,closed,2025-05-18,50,20,False,False,seasonal_payer
INV7001226,B007,B007-C1050,Pharma Client 050,Pharma & Healthcare,30,253808.32,2025-05-13,2025-06-12,closed,2025-06-19,37,7,False,False,seasonal_payer
INV7001227,B007,B007-C1050,Pharma Client 050,Pharma & Healthcare,30,149441.76,2025-06-10,2025-07-10,closed,2025-07-22,42,12,False,False,seasonal_payer
INV7001228,B007,B007-C1050,Pharma Client 050,Pharma & Healthcare,30,285608.17,2025-08-18,2025-09-17,closed,2025-09-23,36,6,False,False,seasonal_payer
INV7001229,B007,B007-C1050,Pharma Client 050,Pharma & Healthcare,30,396082.22,2025-09-26,2025-10-26,closed,2025-10-22,26,-4,False,False,seasonal_payer
INV7001230,B007,B007-C1050,Pharma Client 050,Pharma & Healthcare,30,281095.35,2025-10-04,2025-11-03,closed,2025-11-05,32,2,False,False,seasonal_payer
INV7001231,B007,B007-C1050,Pharma Client 050,Pharma & Healthcare,30,398603.56,2025-12-13,2026-01-12,closed,2026-01-13,31,1,False,False,seasonal_payer
INV7001232,B007,B007-C1050,Pharma Client 050,Pharma & Healthcare,30,133118.04,2026-05-19,2026-06-18,closed,2026-06-25,37,7,True,False,seasonal_payer
INV7001233,B007,B007-C1050,Pharma Client 050,Pharma & Healthcare,30,207421.28,2026-05-20,2026-06-19,closed,2026-06-27,38,8,False,False,seasonal_payer
INV7001234,B007,B007-C1051,Textiles Client 051,Textiles & Apparel,30,148470.88,2024-04-24,2024-05-24,closed,2024-06-09,46,16,False,False,seasonal_payer
INV7001235,B007,B007-C1051,Textiles Client 051,Textiles & Apparel,30,212946.26,2024-05-27,2024-06-26,closed,2024-07-05,39,9,False,False,seasonal_payer
INV7001236,B007,B007-C1051,Textiles Client 051,Textiles & Apparel,30,96223.42,2024-10-03,2024-11-02,closed,2024-11-07,35,5,False,False,seasonal_payer
INV7001237,B007,B007-C1051,Textiles Client 051,Textiles & Apparel,30,179886.22,2024-10-21,2024-11-20,closed,2024-11-29,39,9,False,False,seasonal_payer
INV7001238,B007,B007-C1051,Textiles Client 051,Textiles & Apparel,30,64720.99,2024-11-03,2024-12-03,closed,2024-12-09,36,6,False,False,seasonal_payer
INV7001239,B007,B007-C1051,Textiles Client 051,Textiles & Apparel,30,120841.34,2025-03-13,2025-04-12,closed,2025-04-28,46,16,False,False,seasonal_payer
INV7001240,B007,B007-C1051,Textiles Client 051,Textiles & Apparel,30,86159.5,2025-03-17,2025-04-16,closed,2025-04-23,37,7,False,False,seasonal_payer
INV7001241,B007,B007-C1051,Textiles Client 051,Textiles & Apparel,30,125637.36,2025-07-03,2025-08-02,closed,2025-08-22,50,20,False,False,seasonal_payer
INV7001242,B007,B007-C1051,Textiles Client 051,Textiles & Apparel,30,258620.11,2025-07-17,2025-08-16,closed,2025-08-21,35,5,False,False,seasonal_payer
INV7001243,B007,B007-C1051,Textiles Client 051,Textiles & Apparel,30,141512.23,2026-02-09,2026-03-11,closed,2026-03-18,37,7,False,False,seasonal_payer
INV7001244,B007,B007-C1051,Textiles Client 051,Textiles & Apparel,30,104894.06,2026-05-27,2026-06-26,closed,2026-07-11,45,15,False,False,seasonal_payer
INV7001245,B007,B007-C1051,Textiles Client 051,Textiles & Apparel,30,196621.56,2026-06-04,2026-07-04,closed,2026-07-20,46,16,False,False,seasonal_payer
INV7001246,B007,B007-C1051,Textiles Client 051,Textiles & Apparel,30,73468.92,2026-08-24,2026-09-23,disputed_open,,,,False,False,seasonal_payer
INV7001247,B007,B007-C1052,Auto Client 052,Auto Components,45,364931.95,2024-10-21,2024-12-05,closed,2024-12-20,60,15,False,False,seasonal_payer
INV7001248,B007,B007-C1052,Auto Client 052,Auto Components,45,565227.51,2024-11-06,2024-12-21,closed,2024-12-21,45,0,False,False,seasonal_payer
INV7001249,B007,B007-C1052,Auto Client 052,Auto Components,45,690223.89,2024-11-07,2024-12-22,closed,2025-01-07,61,16,False,False,seasonal_payer
INV7001250,B007,B007-C1052,Auto Client 052,Auto Components,45,286462.11,2024-12-08,2025-01-22,closed,2025-02-02,56,11,False,False,seasonal_payer
INV7001251,B007,B007-C1052,Auto Client 052,Auto Components,45,337097.06,2024-12-09,2025-01-23,closed,2025-01-25,47,2,False,False,seasonal_payer
INV7001252,B007,B007-C1052,Auto Client 052,Auto Components,45,359483.07,2025-01-17,2025-03-03,closed,2025-03-09,51,6,True,False,seasonal_payer
INV7001253,B007,B007-C1052,Auto Client 052,Auto Components,45,482579.35,2025-03-20,2025-05-04,closed,2025-05-01,42,-3,False,False,seasonal_payer
INV7001254,B007,B007-C1052,Auto Client 052,Auto Components,45,553493.14,2025-05-16,2025-06-30,closed,2025-07-21,66,21,False,False,seasonal_payer
INV7001255,B007,B007-C1052,Auto Client 052,Auto Components,45,666378.8,2025-06-06,2025-07-21,closed,2025-07-26,50,5,False,False,seasonal_payer
INV7001256,B007,B007-C1052,Auto Client 052,Auto Components,45,464407.97,2025-06-20,2025-08-04,closed,2025-08-18,59,14,False,False,seasonal_payer
INV7001257,B007,B007-C1052,Auto Client 052,Auto Components,45,365516.54,2025-07-10,2025-08-24,closed,2025-09-15,67,22,False,False,seasonal_payer
INV7001258,B007,B007-C1052,Auto Client 052,Auto Components,45,1105119.52,2025-09-04,2025-10-19,closed,2025-11-01,58,13,False,False,seasonal_payer
INV7001259,B007,B007-C1052,Auto Client 052,Auto Components,45,407835.44,2025-10-25,2025-12-09,closed,2025-12-14,50,5,False,False,seasonal_payer
INV7001260,B007,B007-C1052,Auto Client 052,Auto Components,45,651927.25,2025-12-31,2026-02-14,closed,2026-02-20,51,6,False,False,seasonal_payer
INV7001261,B007,B007-C1052,Auto Client 052,Auto Components,45,508396.86,2026-05-06,2026-06-20,closed,2026-06-25,50,5,False,False,seasonal_payer
INV7001262,B007,B007-C1052,Auto Client 052,Auto Components,45,410084.11,2026-06-06,2026-07-21,closed,2026-08-08,63,18,False,False,seasonal_payer
INV7001263,B007,B007-C1052,Auto Client 052,Auto Components,45,626622.49,2026-06-19,2026-08-03,closed,2026-08-18,60,15,False,False,seasonal_payer
INV7001264,B007,B007-C1053,Chemicals Client 053,Chemicals & Plastics,30,209903.18,2024-03-16,2024-04-15,closed,2024-04-10,25,-5,False,False,average_payer
INV7001265,B007,B007-C1053,Chemicals Client 053,Chemicals & Plastics,30,640147.2,2024-03-28,2024-04-27,closed,2024-05-07,40,10,False,True,average_payer
INV7001266,B007,B007-C1053,Chemicals Client 053,Chemicals & Plastics,30,327763.46,2024-04-05,2024-05-05,closed,2024-05-10,35,5,False,False,average_payer
INV7001267,B007,B007-C1053,Chemicals Client 053,Chemicals & Plastics,30,228732.55,2024-06-28,2024-07-28,closed,2024-07-28,30,0,False,False,average_payer
INV7001268,B007,B007-C1053,Chemicals Client 053,Chemicals & Plastics,30,288965.32,2024-07-03,2024-08-02,closed,2024-08-06,34,4,True,False,average_payer
INV7001269,B007,B007-C1053,Chemicals Client 053,Chemicals & Plastics,30,205312.07,2024-07-25,2024-08-24,closed,2024-08-22,28,-2,False,False,average_payer
INV7001270,B007,B007-C1053,Chemicals Client 053,Chemicals & Plastics,30,225360.15,2024-08-13,2024-09-12,closed,2024-09-30,48,18,False,False,average_payer
INV7001271,B007,B007-C1053,Chemicals Client 053,Chemicals & Plastics,30,125691.28,2024-08-31,2024-09-30,closed,2024-10-10,40,10,False,False,average_payer
INV7001272,B007,B007-C1053,Chemicals Client 053,Chemicals & Plastics,30,245802.65,2024-10-01,2024-10-31,closed,2024-11-04,34,4,False,False,average_payer
INV7001273,B007,B007-C1053,Chemicals Client 053,Chemicals & Plastics,30,145979.57,2024-10-18,2024-11-17,closed,2024-11-29,42,12,False,False,average_payer
INV7001274,B007,B007-C1053,Chemicals Client 053,Chemicals & Plastics,30,182857.5,2024-10-31,2024-11-30,closed,2024-12-05,35,5,False,False,average_payer
INV7001275,B007,B007-C1053,Chemicals Client 053,Chemicals & Plastics,30,279276.83,2024-12-09,2025-01-08,closed,2024-12-30,21,-9,False,False,average_payer
INV7001276,B007,B007-C1053,Chemicals Client 053,Chemicals & Plastics,30,309861.75,2024-12-20,2025-01-19,closed,2025-01-17,28,-2,False,False,average_payer
INV7001277,B007,B007-C1053,Chemicals Client 053,Chemicals & Plastics,30,158329.35,2025-01-15,2025-02-14,closed,2025-02-22,38,8,False,False,average_payer
INV7001278,B007,B007-C1053,Chemicals Client 053,Chemicals & Plastics,30,174296.5,2025-02-05,2025-03-07,closed,2025-03-17,40,10,False,False,average_payer
INV7001279,B007,B007-C1053,Chemicals Client 053,Chemicals & Plastics,30,359261.67,2025-02-10,2025-03-12,closed,2025-03-13,31,1,False,False,average_payer
INV7001280,B007,B007-C1053,Chemicals Client 053,Chemicals & Plastics,30,201382.02,2025-03-17,2025-04-16,closed,2025-04-16,30,0,False,False,average_payer
INV7001281,B007,B007-C1053,Chemicals Client 053,Chemicals & Plastics,30,188857.75,2025-03-24,2025-04-23,closed,2025-04-19,26,-4,False,False,average_payer
INV7001282,B007,B007-C1053,Chemicals Client 053,Chemicals & Plastics,30,155951.37,2025-03-27,2025-04-26,closed,2025-04-23,27,-3,False,False,average_payer
INV7001283,B007,B007-C1053,Chemicals Client 053,Chemicals & Plastics,30,257498.24,2025-05-13,2025-06-12,closed,2025-06-05,23,-7,False,False,average_payer
INV7001284,B007,B007-C1053,Chemicals Client 053,Chemicals & Plastics,30,200515.77,2025-05-19,2025-06-18,closed,2025-06-07,19,-11,False,False,average_payer
INV7001285,B007,B007-C1053,Chemicals Client 053,Chemicals & Plastics,30,176460.1,2025-06-07,2025-07-07,closed,2025-07-10,33,3,False,False,average_payer
INV7001286,B007,B007-C1053,Chemicals Client 053,Chemicals & Plastics,30,169468.47,2025-06-09,2025-07-09,closed,2025-07-25,46,16,False,False,average_payer
INV7001287,B007,B007-C1053,Chemicals Client 053,Chemicals & Plastics,30,292256.7,2025-06-15,2025-07-15,closed,2025-07-20,35,5,False,False,average_payer
INV7001288,B007,B007-C1053,Chemicals Client 053,Chemicals & Plastics,30,174561.12,2025-06-17,2025-07-17,closed,2025-07-20,33,3,False,False,average_payer
INV7001289,B007,B007-C1053,Chemicals Client 053,Chemicals & Plastics,30,197223.36,2025-06-27,2025-07-27,closed,2025-08-09,43,13,False,False,average_payer
INV7001290,B007,B007-C1053,Chemicals Client 053,Chemicals & Plastics,30,166251.72,2025-08-01,2025-08-31,closed,2025-09-11,41,11,False,False,average_payer
INV7001291,B007,B007-C1053,Chemicals Client 053,Chemicals & Plastics,30,180612.55,2025-09-17,2025-10-17,closed,2025-11-05,49,19,False,False,average_payer
INV7001292,B007,B007-C1053,Chemicals Client 053,Chemicals & Plastics,30,218100.64,2025-09-24,2025-10-24,closed,2025-11-10,47,17,False,False,average_payer
INV7001293,B007,B007-C1053,Chemicals Client 053,Chemicals & Plastics,30,171874.73,2025-09-26,2025-10-26,closed,2025-10-27,31,1,False,False,average_payer
INV7001294,B007,B007-C1053,Chemicals Client 053,Chemicals & Plastics,30,897741.46,2025-10-27,2025-11-26,closed,2025-11-22,26,-4,False,True,average_payer
INV7001295,B007,B007-C1053,Chemicals Client 053,Chemicals & Plastics,30,219676.37,2026-01-30,2026-03-01,closed,2026-03-09,38,8,False,False,average_payer
INV7001296,B007,B007-C1053,Chemicals Client 053,Chemicals & Plastics,30,209065.09,2026-02-15,2026-03-17,closed,2026-03-10,23,-7,False,False,average_payer
INV7001297,B007,B007-C1053,Chemicals Client 053,Chemicals & Plastics,30,223787.01,2026-04-27,2026-05-27,closed,2026-06-05,39,9,False,False,average_payer
INV7001298,B007,B007-C1053,Chemicals Client 053,Chemicals & Plastics,30,254844.5,2026-05-30,2026-06-29,closed,2026-07-03,34,4,False,False,average_payer
INV7001299,B007,B007-C1053,Chemicals Client 053,Chemicals & Plastics,30,210818.57,2026-06-17,2026-07-17,closed,2026-07-06,19,-11,False,False,average_payer
INV7001300,B007,B007-C1053,Chemicals Client 053,Chemicals & Plastics,30,137313.1,2026-06-30,2026-07-30,closed,2026-08-01,32,2,True,False,average_payer
INV7001301,B007,B007-C1053,Chemicals Client 053,Chemicals & Plastics,30,182401.52,2026-07-12,2026-08-11,closed,2026-08-18,37,7,False,False,average_payer
INV7001302,B007,B007-C1053,Chemicals Client 053,Chemicals & Plastics,30,154183.33,2026-07-14,2026-08-13,closed,2026-08-03,20,-10,False,False,average_payer
INV7001303,B007,B007-C1054,FMCG Client 054,FMCG & Food Processing,30,98873.19,2024-03-18,2024-04-17,closed,2024-05-25,68,38,False,False,improving_payer
INV7001304,B007,B007-C1054,FMCG Client 054,FMCG & Food Processing,30,70746.63,2024-04-05,2024-05-05,closed,2024-06-11,67,37,False,False,improving_payer
INV7001305,B007,B007-C1054,FMCG Client 054,FMCG & Food Processing,30,48455.02,2024-08-06,2024-09-05,closed,2024-10-12,67,37,False,False,improving_payer
INV7001306,B007,B007-C1054,FMCG Client 054,FMCG & Food Processing,30,38824.11,2024-08-24,2024-09-23,closed,2024-10-18,55,25,False,False,improving_payer
INV7001307,B007,B007-C1054,FMCG Client 054,FMCG & Food Processing,30,63494.94,2024-08-25,2024-09-24,closed,2024-11-08,75,45,False,False,improving_payer
INV7001308,B007,B007-C1054,FMCG Client 054,FMCG & Food Processing,30,59690.9,2024-08-28,2024-09-27,closed,2024-11-06,70,40,False,False,improving_payer
INV7001309,B007,B007-C1054,FMCG Client 054,FMCG & Food Processing,30,50846.12,2024-09-23,2024-10-23,closed,2024-11-18,56,26,False,False,improving_payer
INV7001310,B007,B007-C1054,FMCG Client 054,FMCG & Food Processing,30,299157.91,2024-11-23,2024-12-23,closed,2025-01-26,64,34,False,True,improving_payer
INV7001311,B007,B007-C1054,FMCG Client 054,FMCG & Food Processing,30,63264.95,2024-12-06,2025-01-05,closed,2025-02-07,63,33,False,False,improving_payer
INV7001312,B007,B007-C1054,FMCG Client 054,FMCG & Food Processing,30,78585.05,2024-12-22,2025-01-21,closed,2025-02-27,67,37,False,False,improving_payer
INV7001313,B007,B007-C1054,FMCG Client 054,FMCG & Food Processing,30,61494.78,2025-01-03,2025-02-02,closed,2025-02-28,56,26,False,False,improving_payer
INV7001314,B007,B007-C1054,FMCG Client 054,FMCG & Food Processing,30,50834.25,2025-01-14,2025-02-13,closed,2025-03-17,62,32,False,False,improving_payer
INV7001315,B007,B007-C1054,FMCG Client 054,FMCG & Food Processing,30,94905.23,2025-01-17,2025-02-16,closed,2025-03-11,53,23,False,False,improving_payer
INV7001316,B007,B007-C1054,FMCG Client 054,FMCG & Food Processing,30,53956.41,2025-05-08,2025-06-07,closed,2025-06-16,39,9,False,False,improving_payer
INV7001317,B007,B007-C1054,FMCG Client 054,FMCG & Food Processing,30,49819.12,2025-06-24,2025-07-24,closed,2025-08-05,42,12,False,False,improving_payer
INV7001318,B007,B007-C1054,FMCG Client 054,FMCG & Food Processing,30,63467.58,2025-06-26,2025-07-26,closed,2025-08-16,51,21,False,False,improving_payer
INV7001319,B007,B007-C1054,FMCG Client 054,FMCG & Food Processing,30,57012.32,2025-08-06,2025-09-05,closed,2025-09-28,53,23,False,False,improving_payer
INV7001320,B007,B007-C1054,FMCG Client 054,FMCG & Food Processing,30,236297.36,2025-08-14,2025-09-13,closed,2025-10-03,50,20,False,True,improving_payer
INV7001321,B007,B007-C1054,FMCG Client 054,FMCG & Food Processing,30,36126.22,2025-09-13,2025-10-13,closed,2025-11-11,59,29,False,False,improving_payer
INV7001322,B007,B007-C1054,FMCG Client 054,FMCG & Food Processing,30,241303.77,2025-10-07,2025-11-06,closed,2025-11-11,35,5,False,True,improving_payer
INV7001323,B007,B007-C1054,FMCG Client 054,FMCG & Food Processing,30,63834.46,2025-10-17,2025-11-16,closed,2025-11-19,33,3,False,False,improving_payer
INV7001324,B007,B007-C1054,FMCG Client 054,FMCG & Food Processing,30,57412.1,2025-11-27,2025-12-27,closed,2026-01-09,43,13,False,False,improving_payer
INV7001325,B007,B007-C1054,FMCG Client 054,FMCG & Food Processing,30,66503.39,2026-01-13,2026-02-12,closed,2026-03-25,71,41,False,False,improving_payer
INV7001326,B007,B007-C1054,FMCG Client 054,FMCG & Food Processing,30,78048.48,2026-02-05,2026-03-07,closed,2026-04-01,55,25,False,False,improving_payer
INV7001327,B007,B007-C1054,FMCG Client 054,FMCG & Food Processing,30,57072.18,2026-02-13,2026-03-15,closed,2026-03-28,43,13,False,False,improving_payer
INV7001328,B007,B007-C1054,FMCG Client 054,FMCG & Food Processing,30,58535.21,2026-02-28,2026-03-30,closed,2026-04-12,43,13,False,False,improving_payer
INV7001329,B007,B007-C1054,FMCG Client 054,FMCG & Food Processing,30,64351.1,2026-05-08,2026-06-07,closed,2026-06-20,43,13,False,False,improving_payer
INV7001330,B007,B007-C1054,FMCG Client 054,FMCG & Food Processing,30,46807.38,2026-06-21,2026-07-21,closed,2026-08-04,44,14,False,False,improving_payer
INV7001331,B007,B007-C1054,FMCG Client 054,FMCG & Food Processing,30,84517.66,2026-07-28,2026-08-27,closed,2026-08-22,25,-5,False,False,improving_payer
INV7001332,B007,B007-C1054,FMCG Client 054,FMCG & Food Processing,30,75118.73,2026-08-05,2026-09-04,open,,,,False,False,improving_payer
INV7001333,B007,B007-C1054,FMCG Client 054,FMCG & Food Processing,30,76012.55,2026-08-19,2026-09-18,open,,,,False,False,improving_payer
INV7001334,B007,B007-C1054,FMCG Client 054,FMCG & Food Processing,30,49569.57,2026-08-20,2026-09-19,open,,,,False,False,improving_payer
INV7001335,B007,B007-C1055,FMCG Client 055,FMCG & Food Processing,60,55948.28,2024-04-24,2024-06-23,open,,,,False,False,average_payer
INV7001336,B007,B007-C1055,FMCG Client 055,FMCG & Food Processing,60,32711.2,2024-04-27,2024-06-26,closed,2024-07-07,71,11,True,False,average_payer
INV7001337,B007,B007-C1055,FMCG Client 055,FMCG & Food Processing,60,32526.19,2024-05-28,2024-07-27,closed,2024-07-26,59,-1,False,False,average_payer
INV7001338,B007,B007-C1055,FMCG Client 055,FMCG & Food Processing,60,35118.78,2024-06-09,2024-08-08,closed,2024-08-16,68,8,False,False,average_payer
INV7001339,B007,B007-C1055,FMCG Client 055,FMCG & Food Processing,60,40768.26,2024-06-13,2024-08-12,closed,2024-08-25,73,13,False,False,average_payer
INV7001340,B007,B007-C1055,FMCG Client 055,FMCG & Food Processing,60,51442.16,2024-08-13,2024-10-12,closed,2024-10-12,60,0,False,False,average_payer
INV7001341,B007,B007-C1055,FMCG Client 055,FMCG & Food Processing,60,53909.73,2024-08-23,2024-10-22,closed,2024-10-22,60,0,False,False,average_payer
INV7001342,B007,B007-C1055,FMCG Client 055,FMCG & Food Processing,60,38910.2,2024-08-28,2024-10-27,open,,,,False,False,average_payer
INV7001343,B007,B007-C1055,FMCG Client 055,FMCG & Food Processing,60,24664.89,2024-09-10,2024-11-09,closed,2024-11-18,69,9,False,False,average_payer
INV7001344,B007,B007-C1055,FMCG Client 055,FMCG & Food Processing,60,52145.49,2024-11-20,2025-01-19,closed,2025-01-21,62,2,False,False,average_payer
INV7001345,B007,B007-C1055,FMCG Client 055,FMCG & Food Processing,60,39002.56,2024-11-24,2025-01-23,closed,2025-01-25,62,2,False,False,average_payer
INV7001346,B007,B007-C1055,FMCG Client 055,FMCG & Food Processing,60,30208.66,2024-11-29,2025-01-28,closed,2025-02-13,76,16,False,False,average_payer
INV7001347,B007,B007-C1055,FMCG Client 055,FMCG & Food Processing,60,47130.67,2024-12-09,2025-02-07,closed,2025-02-11,64,4,False,False,average_payer
INV7001348,B007,B007-C1055,FMCG Client 055,FMCG & Food Processing,60,40053.25,2025-01-09,2025-03-10,closed,2025-03-13,63,3,False,False,average_payer
INV7001349,B007,B007-C1055,FMCG Client 055,FMCG & Food Processing,60,53847.89,2025-04-27,2025-06-26,closed,2025-06-20,54,-6,False,False,average_payer
INV7001350,B007,B007-C1055,FMCG Client 055,FMCG & Food Processing,60,30314.65,2025-05-07,2025-07-06,closed,2025-07-17,71,11,True,False,average_payer
INV7001351,B007,B007-C1055,FMCG Client 055,FMCG & Food Processing,60,44868.72,2025-05-11,2025-07-10,closed,2025-07-16,66,6,False,False,average_payer
INV7001352,B007,B007-C1055,FMCG Client 055,FMCG & Food Processing,60,35724.69,2025-05-13,2025-07-12,closed,2025-07-16,64,4,False,False,average_payer
INV7001353,B007,B007-C1055,FMCG Client 055,FMCG & Food Processing,60,26913.79,2025-05-17,2025-07-16,closed,2025-07-22,66,6,False,False,average_payer
INV7001354,B007,B007-C1055,FMCG Client 055,FMCG & Food Processing,60,34060.56,2025-05-17,2025-07-16,closed,2025-07-28,72,12,False,False,average_payer
INV7001355,B007,B007-C1055,FMCG Client 055,FMCG & Food Processing,60,37707.62,2025-05-17,2025-07-16,closed,2025-07-21,65,5,False,False,average_payer
INV7001356,B007,B007-C1055,FMCG Client 055,FMCG & Food Processing,60,40655.11,2025-05-30,2025-07-29,closed,2025-07-31,62,2,False,False,average_payer
INV7001357,B007,B007-C1055,FMCG Client 055,FMCG & Food Processing,60,46290.93,2025-07-16,2025-09-14,closed,2025-09-11,57,-3,False,False,average_payer
INV7001358,B007,B007-C1055,FMCG Client 055,FMCG & Food Processing,60,39510.42,2025-07-25,2025-09-23,closed,2025-09-23,60,0,False,False,average_payer
INV7001359,B007,B007-C1055,FMCG Client 055,FMCG & Food Processing,60,37009.91,2025-08-16,2025-10-15,closed,2025-11-02,78,18,False,False,average_payer
INV7001360,B007,B007-C1055,FMCG Client 055,FMCG & Food Processing,60,28848.15,2025-09-04,2025-11-03,closed,2025-11-16,73,13,False,False,average_payer
INV7001361,B007,B007-C1055,FMCG Client 055,FMCG & Food Processing,60,40241.49,2025-10-19,2025-12-18,closed,2025-12-20,62,2,False,False,average_payer
INV7001362,B007,B007-C1055,FMCG Client 055,FMCG & Food Processing,60,38730.16,2025-12-12,2026-02-10,closed,2026-02-18,68,8,False,False,average_payer
INV7001363,B007,B007-C1055,FMCG Client 055,FMCG & Food Processing,60,25294.27,2025-12-16,2026-02-14,closed,2026-02-23,69,9,False,False,average_payer
INV7001364,B007,B007-C1055,FMCG Client 055,FMCG & Food Processing,60,47489.21,2025-12-22,2026-02-20,closed,2026-02-23,63,3,False,False,average_payer
INV7001365,B007,B007-C1055,FMCG Client 055,FMCG & Food Processing,60,35386.55,2025-12-24,2026-02-22,closed,2026-02-17,55,-5,False,False,average_payer
INV7001366,B007,B007-C1055,FMCG Client 055,FMCG & Food Processing,60,40358.07,2026-02-06,2026-04-07,closed,2026-04-12,65,5,False,False,average_payer
INV7001367,B007,B007-C1055,FMCG Client 055,FMCG & Food Processing,60,34978.05,2026-03-01,2026-04-30,closed,2026-05-10,70,10,False,False,average_payer
INV7001368,B007,B007-C1055,FMCG Client 055,FMCG & Food Processing,60,36297.66,2026-03-16,2026-05-15,closed,2026-05-31,76,16,False,False,average_payer
INV7001369,B007,B007-C1055,FMCG Client 055,FMCG & Food Processing,60,55022.94,2026-04-12,2026-06-11,closed,2026-06-21,70,10,True,False,average_payer
INV7001370,B007,B007-C1055,FMCG Client 055,FMCG & Food Processing,60,28268.68,2026-04-16,2026-06-15,closed,2026-06-12,57,-3,False,False,average_payer
INV7001371,B007,B007-C1055,FMCG Client 055,FMCG & Food Processing,60,34558.52,2026-05-07,2026-07-06,closed,2026-07-11,65,5,False,False,average_payer
INV7001372,B007,B007-C1055,FMCG Client 055,FMCG & Food Processing,60,41480.92,2026-05-10,2026-07-09,closed,2026-07-24,75,15,False,False,average_payer
INV7001373,B007,B007-C1055,FMCG Client 055,FMCG & Food Processing,60,26858.84,2026-06-07,2026-08-06,closed,2026-08-14,68,8,False,False,average_payer
INV7001374,B007,B007-C1055,FMCG Client 055,FMCG & Food Processing,60,44858.68,2026-06-27,2026-08-26,open,,,,False,False,average_payer
INV7001375,B007,B007-C1055,FMCG Client 055,FMCG & Food Processing,60,29184.81,2026-07-13,2026-09-11,open,,,,False,False,average_payer
INV7001376,B007,B007-C1055,FMCG Client 055,FMCG & Food Processing,60,37957.6,2026-07-16,2026-09-14,disputed_open,,,,False,False,average_payer
INV7001377,B007,B007-C1055,FMCG Client 055,FMCG & Food Processing,60,46705.06,2026-07-22,2026-09-20,open,,,,False,False,average_payer
INV7001378,B007,B007-C1055,FMCG Client 055,FMCG & Food Processing,60,31828.76,2026-07-26,2026-09-24,open,,,,False,False,average_payer
INV7001379,B007,B007-C1055,FMCG Client 055,FMCG & Food Processing,60,19262.38,2026-07-27,2026-09-25,open,,,,False,False,average_payer
INV7001380,B007,B007-C1055,FMCG Client 055,FMCG & Food Processing,60,31240.88,2026-08-02,2026-10-01,open,,,,False,False,average_payer
INV7001381,B007,B007-C1056,Chemicals Client 056,Chemicals & Plastics,45,421704.69,2024-03-31,2024-05-15,closed,2024-05-22,52,7,False,False,seasonal_payer
INV7001382,B007,B007-C1056,Chemicals Client 056,Chemicals & Plastics,45,447351.76,2024-05-28,2024-07-12,closed,2024-07-20,53,8,False,False,seasonal_payer
INV7001383,B007,B007-C1056,Chemicals Client 056,Chemicals & Plastics,45,428745.62,2024-08-02,2024-09-16,closed,2024-09-16,45,0,False,False,seasonal_payer
INV7001384,B007,B007-C1056,Chemicals Client 056,Chemicals & Plastics,45,2366447.7,2024-08-22,2024-10-06,closed,2024-10-15,54,9,False,True,seasonal_payer
INV7001385,B007,B007-C1056,Chemicals Client 056,Chemicals & Plastics,45,586516.64,2024-09-29,2024-11-13,closed,2024-11-17,49,4,False,False,seasonal_payer
INV7001386,B007,B007-C1056,Chemicals Client 056,Chemicals & Plastics,45,664972.72,2024-12-03,2025-01-17,closed,2025-02-01,60,15,False,False,seasonal_payer
INV7001387,B007,B007-C1056,Chemicals Client 056,Chemicals & Plastics,45,385258.07,2025-01-23,2025-03-09,closed,2025-03-23,59,14,False,False,seasonal_payer
INV7001388,B007,B007-C1056,Chemicals Client 056,Chemicals & Plastics,45,2224803.99,2025-03-18,2025-05-02,closed,2025-05-05,48,3,False,True,seasonal_payer
INV7001389,B007,B007-C1056,Chemicals Client 056,Chemicals & Plastics,45,362539.03,2025-03-25,2025-05-09,closed,2025-06-05,72,27,False,False,seasonal_payer
INV7001390,B007,B007-C1056,Chemicals Client 056,Chemicals & Plastics,45,545671.06,2025-05-13,2025-06-27,closed,2025-07-07,55,10,False,False,seasonal_payer
INV7001391,B007,B007-C1056,Chemicals Client 056,Chemicals & Plastics,45,830981.79,2025-06-23,2025-08-07,closed,2025-08-04,42,-3,False,False,seasonal_payer
INV7001392,B007,B007-C1056,Chemicals Client 056,Chemicals & Plastics,45,632728.62,2025-06-26,2025-08-10,closed,2025-08-10,45,0,False,False,seasonal_payer
INV7001393,B007,B007-C1056,Chemicals Client 056,Chemicals & Plastics,45,378440.75,2025-08-08,2025-09-22,closed,2025-09-17,40,-5,False,False,seasonal_payer
INV7001394,B007,B007-C1056,Chemicals Client 056,Chemicals & Plastics,45,473649.31,2025-09-26,2025-11-10,closed,2025-11-12,47,2,False,False,seasonal_payer
INV7001395,B007,B007-C1056,Chemicals Client 056,Chemicals & Plastics,45,500778.11,2026-01-12,2026-02-26,closed,2026-03-12,59,14,False,False,seasonal_payer
INV7001396,B007,B007-C1056,Chemicals Client 056,Chemicals & Plastics,45,399388.65,2026-02-26,2026-04-12,closed,2026-04-27,60,15,False,False,seasonal_payer
INV7001397,B007,B007-C1056,Chemicals Client 056,Chemicals & Plastics,45,411394.44,2026-04-11,2026-05-26,closed,2026-05-25,44,-1,False,False,seasonal_payer
INV7001398,B007,B007-C1056,Chemicals Client 056,Chemicals & Plastics,45,405850.12,2026-04-21,2026-06-05,closed,2026-06-13,53,8,False,False,seasonal_payer
INV7001399,B007,B007-C1056,Chemicals Client 056,Chemicals & Plastics,45,439939.85,2026-05-13,2026-06-27,closed,2026-06-29,47,2,False,False,seasonal_payer
INV7001400,B007,B007-C1056,Chemicals Client 056,Chemicals & Plastics,45,474500.58,2026-05-24,2026-07-08,closed,2026-07-13,50,5,False,False,seasonal_payer
INV7001401,B007,B007-C1057,Construction Client 057,Construction & Infra,30,41776.72,2024-03-30,2024-04-29,closed,2024-06-14,76,46,True,False,chronic_late_payer
INV7001402,B007,B007-C1057,Construction Client 057,Construction & Infra,30,44987.12,2024-05-08,2024-06-07,closed,2024-07-04,57,27,False,False,chronic_late_payer
INV7001403,B007,B007-C1057,Construction Client 057,Construction & Infra,30,59258.37,2024-05-13,2024-06-12,closed,2024-07-21,69,39,False,False,chronic_late_payer
INV7001404,B007,B007-C1057,Construction Client 057,Construction & Infra,30,83871.04,2024-06-02,2024-07-02,closed,2024-08-21,80,50,False,False,chronic_late_payer
INV7001405,B007,B007-C1057,Construction Client 057,Construction & Infra,30,42297.89,2024-06-04,2024-07-04,open,,,,False,False,chronic_late_payer
INV7001406,B007,B007-C1057,Construction Client 057,Construction & Infra,30,53078.68,2024-06-11,2024-07-11,closed,2024-08-29,79,49,False,False,chronic_late_payer
INV7001407,B007,B007-C1057,Construction Client 057,Construction & Infra,30,40354.46,2024-06-24,2024-07-24,closed,2024-09-04,72,42,False,False,chronic_late_payer
INV7001408,B007,B007-C1057,Construction Client 057,Construction & Infra,30,34602.49,2024-06-25,2024-07-25,closed,2024-08-10,46,16,False,False,chronic_late_payer
INV7001409,B007,B007-C1057,Construction Client 057,Construction & Infra,30,49645.24,2024-07-01,2024-07-31,closed,2024-09-04,65,35,False,False,chronic_late_payer
INV7001410,B007,B007-C1057,Construction Client 057,Construction & Infra,30,34775.41,2024-07-04,2024-08-03,closed,2024-08-29,56,26,False,False,chronic_late_payer
INV7001411,B007,B007-C1057,Construction Client 057,Construction & Infra,30,35025.28,2024-07-11,2024-08-10,closed,2024-09-01,52,22,False,False,chronic_late_payer
INV7001412,B007,B007-C1057,Construction Client 057,Construction & Infra,30,46828.21,2024-08-07,2024-09-06,closed,2024-10-02,56,26,False,False,chronic_late_payer
INV7001413,B007,B007-C1057,Construction Client 057,Construction & Infra,30,45729.6,2024-08-30,2024-09-29,closed,2024-10-21,52,22,False,False,chronic_late_payer
INV7001414,B007,B007-C1057,Construction Client 057,Construction & Infra,30,31502.8,2024-09-10,2024-10-10,closed,2024-11-05,56,26,False,False,chronic_late_payer
INV7001415,B007,B007-C1057,Construction Client 057,Construction & Infra,30,54745.44,2024-10-22,2024-11-21,closed,2025-01-04,74,44,False,False,chronic_late_payer
INV7001416,B007,B007-C1057,Construction Client 057,Construction & Infra,30,217702.39,2024-11-15,2024-12-15,open,,,,False,True,chronic_late_payer
INV7001417,B007,B007-C1057,Construction Client 057,Construction & Infra,30,45836.13,2024-12-15,2025-01-14,closed,2025-01-30,46,16,False,False,chronic_late_payer
INV7001418,B007,B007-C1057,Construction Client 057,Construction & Infra,30,50629.77,2025-02-05,2025-03-07,closed,2025-04-13,67,37,False,False,chronic_late_payer
INV7001419,B007,B007-C1057,Construction Client 057,Construction & Infra,30,64247.89,2025-02-14,2025-03-16,closed,2025-05-01,76,46,False,False,chronic_late_payer
INV7001420,B007,B007-C1057,Construction Client 057,Construction & Infra,30,41536.21,2025-04-05,2025-05-05,closed,2025-05-25,50,20,False,False,chronic_late_payer
INV7001421,B007,B007-C1057,Construction Client 057,Construction & Infra,30,38412.96,2025-05-18,2025-06-17,closed,2025-07-02,45,15,False,False,chronic_late_payer
INV7001422,B007,B007-C1057,Construction Client 057,Construction & Infra,30,45437.16,2025-07-06,2025-08-05,closed,2025-09-24,80,50,False,False,chronic_late_payer
INV7001423,B007,B007-C1057,Construction Client 057,Construction & Infra,30,35173.85,2025-08-05,2025-09-04,closed,2025-09-20,46,16,False,False,chronic_late_payer
INV7001424,B007,B007-C1057,Construction Client 057,Construction & Infra,30,31996.52,2025-08-19,2025-09-18,closed,2025-11-06,79,49,False,False,chronic_late_payer
INV7001425,B007,B007-C1057,Construction Client 057,Construction & Infra,30,60307.69,2025-09-06,2025-10-06,closed,2025-10-23,47,17,False,False,chronic_late_payer
INV7001426,B007,B007-C1057,Construction Client 057,Construction & Infra,30,36673.66,2025-09-22,2025-10-22,closed,2025-12-07,76,46,False,False,chronic_late_payer
INV7001427,B007,B007-C1057,Construction Client 057,Construction & Infra,30,29840.91,2025-10-06,2025-11-05,closed,2025-12-04,59,29,False,False,chronic_late_payer
INV7001428,B007,B007-C1057,Construction Client 057,Construction & Infra,30,24282.9,2025-10-17,2025-11-16,closed,2025-12-28,72,42,False,False,chronic_late_payer
INV7001429,B007,B007-C1057,Construction Client 057,Construction & Infra,30,61954.14,2025-10-23,2025-11-22,closed,2025-12-06,44,14,False,False,chronic_late_payer
INV7001430,B007,B007-C1057,Construction Client 057,Construction & Infra,30,44158.31,2025-10-27,2025-11-26,closed,2026-01-19,84,54,False,False,chronic_late_payer
INV7001431,B007,B007-C1057,Construction Client 057,Construction & Infra,30,36405.11,2025-10-29,2025-11-28,closed,2026-01-17,80,50,True,False,chronic_late_payer
INV7001432,B007,B007-C1057,Construction Client 057,Construction & Infra,30,31228.42,2025-12-26,2026-01-25,closed,2026-02-26,62,32,False,False,chronic_late_payer
INV7001433,B007,B007-C1057,Construction Client 057,Construction & Infra,30,39973.14,2026-01-27,2026-02-26,closed,2026-04-07,70,40,False,False,chronic_late_payer
INV7001434,B007,B007-C1057,Construction Client 057,Construction & Infra,30,37134.99,2026-02-26,2026-03-28,closed,2026-05-03,66,36,False,False,chronic_late_payer
INV7001435,B007,B007-C1057,Construction Client 057,Construction & Infra,30,41715.96,2026-05-03,2026-06-02,open,,,,False,False,chronic_late_payer
INV7001436,B007,B007-C1057,Construction Client 057,Construction & Infra,30,48729.76,2026-05-06,2026-06-05,closed,2026-08-03,89,59,False,False,chronic_late_payer
INV7001437,B007,B007-C1057,Construction Client 057,Construction & Infra,30,29556.87,2026-06-08,2026-07-08,closed,2026-07-23,45,15,False,False,chronic_late_payer
INV7001438,B007,B007-C1057,Construction Client 057,Construction & Infra,30,49425.61,2026-06-17,2026-07-17,closed,2026-08-21,65,35,False,False,chronic_late_payer
INV7001439,B007,B007-C1057,Construction Client 057,Construction & Infra,30,52550.17,2026-07-09,2026-08-08,open,,,,False,False,chronic_late_payer
INV7001440,B007,B007-C1057,Construction Client 057,Construction & Infra,30,62145.86,2026-07-23,2026-08-22,disputed_open,,,,False,False,chronic_late_payer
INV7001441,B007,B007-C1057,Construction Client 057,Construction & Infra,30,30775.25,2026-08-01,2026-08-31,open,,,,False,False,chronic_late_payer
INV7001442,B007,B007-C1057,Construction Client 057,Construction & Infra,30,37945.31,2026-08-26,2026-09-25,disputed_open,,,,False,False,chronic_late_payer
INV7001443,B007,B007-C1058,Auto Client 058,Auto Components,45,676631.3,2024-04-29,2024-06-13,closed,2024-06-11,43,-2,False,False,cold_start
INV7001444,B007,B007-C1058,Auto Client 058,Auto Components,45,506964.51,2025-12-12,2026-01-26,closed,2026-02-11,61,16,False,False,cold_start
INV7001445,B007,B007-C1058,Auto Client 058,Auto Components,45,276141.4,2026-04-18,2026-06-02,closed,2026-06-18,61,16,False,False,cold_start
INV7001446,B007,B007-C1059,Chemicals Client 059,Chemicals & Plastics,30,171879.75,2024-04-30,2024-05-30,closed,2024-06-02,33,3,False,False,seasonal_payer
INV7001447,B007,B007-C1059,Chemicals Client 059,Chemicals & Plastics,30,288035.95,2024-05-15,2024-06-14,closed,2024-06-30,46,16,False,False,seasonal_payer
INV7001448,B007,B007-C1059,Chemicals Client 059,Chemicals & Plastics,30,222177.6,2024-05-25,2024-06-24,closed,2024-07-14,50,20,False,False,seasonal_payer
INV7001449,B007,B007-C1059,Chemicals Client 059,Chemicals & Plastics,30,290150.78,2024-07-07,2024-08-06,closed,2024-08-23,47,17,False,False,seasonal_payer
INV7001450,B007,B007-C1059,Chemicals Client 059,Chemicals & Plastics,30,91130.75,2024-07-20,2024-08-19,closed,2024-08-27,38,8,False,False,seasonal_payer
INV7001451,B007,B007-C1059,Chemicals Client 059,Chemicals & Plastics,30,197328.51,2024-07-22,2024-08-21,closed,2024-08-28,37,7,False,False,seasonal_payer
INV7001452,B007,B007-C1059,Chemicals Client 059,Chemicals & Plastics,30,116345.45,2024-08-06,2024-09-05,closed,2024-09-18,43,13,False,False,seasonal_payer
INV7001453,B007,B007-C1059,Chemicals Client 059,Chemicals & Plastics,30,169742.24,2024-08-17,2024-09-16,closed,2024-09-18,32,2,False,False,seasonal_payer
INV7001454,B007,B007-C1059,Chemicals Client 059,Chemicals & Plastics,30,210390.13,2024-08-22,2024-09-21,closed,2024-09-30,39,9,False,False,seasonal_payer
INV7001455,B007,B007-C1059,Chemicals Client 059,Chemicals & Plastics,30,321191.85,2024-11-12,2024-12-12,closed,2024-12-15,33,3,False,False,seasonal_payer
INV7001456,B007,B007-C1059,Chemicals Client 059,Chemicals & Plastics,30,172060.97,2024-12-19,2025-01-18,closed,2025-01-20,32,2,False,False,seasonal_payer
INV7001457,B007,B007-C1059,Chemicals Client 059,Chemicals & Plastics,30,251381.39,2024-12-25,2025-01-24,closed,2025-01-26,32,2,False,False,seasonal_payer
INV7001458,B007,B007-C1059,Chemicals Client 059,Chemicals & Plastics,30,182119.37,2025-02-03,2025-03-05,closed,2025-03-06,31,1,False,False,seasonal_payer
INV7001459,B007,B007-C1059,Chemicals Client 059,Chemicals & Plastics,30,304917.16,2025-03-12,2025-04-11,closed,2025-04-27,46,16,False,False,seasonal_payer
INV7001460,B007,B007-C1059,Chemicals Client 059,Chemicals & Plastics,30,112126.33,2025-03-17,2025-04-16,closed,2025-04-17,31,1,False,False,seasonal_payer
INV7001461,B007,B007-C1059,Chemicals Client 059,Chemicals & Plastics,30,152406.74,2025-04-23,2025-05-23,closed,2025-06-02,40,10,False,False,seasonal_payer
INV7001462,B007,B007-C1059,Chemicals Client 059,Chemicals & Plastics,30,147965.14,2025-05-02,2025-06-01,closed,2025-06-04,33,3,False,False,seasonal_payer
INV7001463,B007,B007-C1059,Chemicals Client 059,Chemicals & Plastics,30,284142.09,2025-05-06,2025-06-05,closed,2025-06-13,38,8,False,False,seasonal_payer
INV7001464,B007,B007-C1059,Chemicals Client 059,Chemicals & Plastics,30,180219.59,2025-09-30,2025-10-30,closed,2025-11-06,37,7,False,False,seasonal_payer
INV7001465,B007,B007-C1059,Chemicals Client 059,Chemicals & Plastics,30,145924.38,2025-10-22,2025-11-21,closed,2025-12-06,45,15,False,False,seasonal_payer
INV7001466,B007,B007-C1059,Chemicals Client 059,Chemicals & Plastics,30,195939.12,2025-11-25,2025-12-25,closed,2026-01-02,38,8,False,False,seasonal_payer
INV7001467,B007,B007-C1059,Chemicals Client 059,Chemicals & Plastics,30,218746.25,2025-11-29,2025-12-29,closed,2026-01-06,38,8,False,False,seasonal_payer
INV7001468,B007,B007-C1059,Chemicals Client 059,Chemicals & Plastics,30,127343.51,2026-01-02,2026-02-01,closed,2026-01-30,28,-2,False,False,seasonal_payer
INV7001469,B007,B007-C1059,Chemicals Client 059,Chemicals & Plastics,30,123234.61,2026-04-17,2026-05-17,closed,2026-05-19,32,2,False,False,seasonal_payer
INV7001470,B007,B007-C1059,Chemicals Client 059,Chemicals & Plastics,30,111516.93,2026-04-18,2026-05-18,closed,2026-05-25,37,7,False,False,seasonal_payer
INV7001471,B007,B007-C1059,Chemicals Client 059,Chemicals & Plastics,30,198236.3,2026-04-26,2026-05-26,closed,2026-06-09,44,14,False,False,seasonal_payer
INV7001472,B007,B007-C1059,Chemicals Client 059,Chemicals & Plastics,30,114655.59,2026-05-13,2026-06-12,closed,2026-07-02,50,20,False,False,seasonal_payer
INV7001473,B007,B007-C1059,Chemicals Client 059,Chemicals & Plastics,30,215944.68,2026-05-20,2026-06-19,closed,2026-07-05,46,16,False,False,seasonal_payer
INV7001474,B007,B007-C1059,Chemicals Client 059,Chemicals & Plastics,30,189171.51,2026-06-03,2026-07-03,closed,2026-07-08,35,5,False,False,seasonal_payer
INV7001475,B007,B007-C1059,Chemicals Client 059,Chemicals & Plastics,30,140848.04,2026-06-15,2026-07-15,closed,2026-07-27,42,12,False,False,seasonal_payer
INV7001476,B007,B007-C1059,Chemicals Client 059,Chemicals & Plastics,30,171108.29,2026-07-20,2026-08-19,disputed_open,,,,False,False,seasonal_payer
INV7001477,B007,B007-C1059,Chemicals Client 059,Chemicals & Plastics,30,151735.86,2026-07-30,2026-08-29,open,,,,False,False,seasonal_payer
INV7001478,B007,B007-C1059,Chemicals Client 059,Chemicals & Plastics,30,119927.9,2026-08-08,2026-09-07,open,,,,False,False,seasonal_payer
INV7001479,B007,B007-C1060,Chemicals Client 060,Chemicals & Plastics,45,147473.83,2024-06-22,2024-08-06,closed,2024-08-09,48,3,False,False,prompt_payer
INV7001480,B007,B007-C1060,Chemicals Client 060,Chemicals & Plastics,45,111651.8,2024-07-06,2024-08-20,closed,2024-08-22,47,2,False,False,prompt_payer
INV7001481,B007,B007-C1060,Chemicals Client 060,Chemicals & Plastics,45,141010.45,2024-11-01,2024-12-16,closed,2024-12-18,47,2,False,False,prompt_payer
INV7001482,B007,B007-C1060,Chemicals Client 060,Chemicals & Plastics,45,191413.82,2024-11-21,2025-01-05,closed,2025-01-03,43,-2,False,False,prompt_payer
INV7001483,B007,B007-C1060,Chemicals Client 060,Chemicals & Plastics,45,188869.04,2025-02-04,2025-03-21,closed,2025-03-16,40,-5,False,False,prompt_payer
INV7001484,B007,B007-C1060,Chemicals Client 060,Chemicals & Plastics,45,85470.92,2025-03-24,2025-05-08,closed,2025-05-10,47,2,False,False,prompt_payer
INV7001485,B007,B007-C1060,Chemicals Client 060,Chemicals & Plastics,45,76867.31,2025-05-06,2025-06-20,closed,2025-06-20,45,0,False,False,prompt_payer
INV7001486,B007,B007-C1060,Chemicals Client 060,Chemicals & Plastics,45,146781.19,2025-06-07,2025-07-22,closed,2025-07-25,48,3,False,False,prompt_payer
INV7001487,B007,B007-C1060,Chemicals Client 060,Chemicals & Plastics,45,106112.29,2025-07-14,2025-08-28,closed,2025-08-27,44,-1,False,False,prompt_payer
INV7001488,B007,B007-C1060,Chemicals Client 060,Chemicals & Plastics,45,107529.33,2025-08-15,2025-09-29,closed,2025-09-26,42,-3,False,False,prompt_payer
INV7001489,B007,B007-C1060,Chemicals Client 060,Chemicals & Plastics,45,134896.8,2025-08-31,2025-10-15,closed,2025-10-16,46,1,False,False,prompt_payer
INV7001490,B007,B007-C1060,Chemicals Client 060,Chemicals & Plastics,45,94869.89,2025-10-22,2025-12-06,closed,2025-12-03,42,-3,False,False,prompt_payer
INV7001491,B007,B007-C1060,Chemicals Client 060,Chemicals & Plastics,45,121100.73,2025-10-25,2025-12-09,closed,2025-12-04,40,-5,False,False,prompt_payer
INV7001492,B007,B007-C1060,Chemicals Client 060,Chemicals & Plastics,45,100092.89,2026-01-13,2026-02-27,closed,2026-03-02,48,3,False,False,prompt_payer
INV7001493,B007,B007-C1060,Chemicals Client 060,Chemicals & Plastics,45,219930.79,2026-01-29,2026-03-15,closed,2026-03-24,54,9,False,False,prompt_payer
INV7001494,B007,B007-C1060,Chemicals Client 060,Chemicals & Plastics,45,89422.72,2026-07-29,2026-09-12,disputed_open,,,,False,False,prompt_payer
INV7001495,B007,B007-C1060,Chemicals Client 060,Chemicals & Plastics,45,142318.06,2026-08-04,2026-09-18,open,,,,False,False,prompt_payer
INV7001496,B007,B007-C1060,Chemicals Client 060,Chemicals & Plastics,45,106690.62,2026-08-07,2026-09-21,open,,,,False,False,prompt_payer
INV7001497,B007,B007-C1061,Pharma Client 061,Pharma & Healthcare,45,155603.81,2024-04-26,2024-06-10,closed,2024-06-06,41,-4,False,False,average_payer
INV7001498,B007,B007-C1061,Pharma Client 061,Pharma & Healthcare,45,163681.17,2024-06-14,2024-07-29,closed,2024-08-07,54,9,False,False,average_payer
INV7001499,B007,B007-C1061,Pharma Client 061,Pharma & Healthcare,45,206503.55,2024-07-27,2024-09-10,closed,2024-09-16,51,6,False,False,average_payer
INV7001500,B007,B007-C1061,Pharma Client 061,Pharma & Healthcare,45,196131.0,2024-09-28,2024-11-12,closed,2024-11-21,54,9,False,False,average_payer
INV7001501,B007,B007-C1061,Pharma Client 061,Pharma & Healthcare,45,132113.62,2024-10-07,2024-11-21,closed,2024-11-21,45,0,False,False,average_payer
INV7001502,B007,B007-C1061,Pharma Client 061,Pharma & Healthcare,45,166868.46,2024-12-11,2025-01-25,closed,2025-01-23,43,-2,False,False,average_payer
INV7001503,B007,B007-C1061,Pharma Client 061,Pharma & Healthcare,45,95279.18,2024-12-18,2025-02-01,closed,2025-02-10,54,9,False,False,average_payer
INV7001504,B007,B007-C1061,Pharma Client 061,Pharma & Healthcare,45,180608.99,2024-12-31,2025-02-14,closed,2025-02-22,53,8,False,False,average_payer
INV7001505,B007,B007-C1061,Pharma Client 061,Pharma & Healthcare,45,135804.48,2025-02-12,2025-03-29,closed,2025-04-02,49,4,False,False,average_payer
INV7001506,B007,B007-C1061,Pharma Client 061,Pharma & Healthcare,45,378120.5,2025-04-04,2025-05-19,closed,2025-05-17,43,-2,False,False,average_payer
INV7001507,B007,B007-C1061,Pharma Client 061,Pharma & Healthcare,45,231098.75,2025-05-18,2025-07-02,open,,,,False,False,average_payer
INV7001508,B007,B007-C1061,Pharma Client 061,Pharma & Healthcare,45,974474.72,2025-06-17,2025-08-01,closed,2025-07-31,44,-1,False,True,average_payer
INV7001509,B007,B007-C1061,Pharma Client 061,Pharma & Healthcare,45,132859.38,2025-08-03,2025-09-17,closed,2025-09-20,48,3,False,False,average_payer
INV7001510,B007,B007-C1061,Pharma Client 061,Pharma & Healthcare,45,126074.53,2025-08-30,2025-10-14,closed,2025-10-27,58,13,False,False,average_payer
INV7001511,B007,B007-C1061,Pharma Client 061,Pharma & Healthcare,45,197070.24,2025-10-13,2025-11-27,closed,2025-11-30,48,3,False,False,average_payer
INV7001512,B007,B007-C1061,Pharma Client 061,Pharma & Healthcare,45,939417.4,2025-12-29,2026-02-12,closed,2026-02-16,49,4,False,True,average_payer
INV7001513,B007,B007-C1061,Pharma Client 061,Pharma & Healthcare,45,138250.19,2026-03-04,2026-04-18,closed,2026-04-21,48,3,False,False,average_payer
INV7001514,B007,B007-C1061,Pharma Client 061,Pharma & Healthcare,45,233764.88,2026-08-31,2026-10-15,open,,,,False,False,average_payer
INV7001515,B007,B007-C1062,Electronics Client 062,Electronics & Electricals,45,144632.74,2024-05-10,2024-06-24,closed,2024-07-10,61,16,False,False,erratic_payer
INV7001516,B007,B007-C1062,Electronics Client 062,Electronics & Electricals,45,120947.57,2024-05-27,2024-07-11,closed,2024-07-07,41,-4,False,False,erratic_payer
INV7001517,B007,B007-C1062,Electronics Client 062,Electronics & Electricals,45,187289.01,2024-06-27,2024-08-11,closed,2024-08-21,55,10,False,False,erratic_payer
INV7001518,B007,B007-C1062,Electronics Client 062,Electronics & Electricals,45,93872.91,2024-07-22,2024-09-05,closed,2024-09-28,68,23,False,False,erratic_payer
INV7001519,B007,B007-C1062,Electronics Client 062,Electronics & Electricals,45,83242.9,2024-08-08,2024-09-22,closed,2024-09-28,51,6,False,False,erratic_payer
INV7001520,B007,B007-C1062,Electronics Client 062,Electronics & Electricals,45,105194.83,2024-09-01,2024-10-16,closed,2024-10-16,45,0,False,False,erratic_payer
INV7001521,B007,B007-C1062,Electronics Client 062,Electronics & Electricals,45,104610.34,2024-09-09,2024-10-24,closed,2024-12-05,87,42,False,False,erratic_payer
INV7001522,B007,B007-C1062,Electronics Client 062,Electronics & Electricals,45,115422.57,2024-11-10,2024-12-25,closed,2025-01-07,58,13,False,False,erratic_payer
INV7001523,B007,B007-C1062,Electronics Client 062,Electronics & Electricals,45,154003.03,2024-11-24,2025-01-08,closed,2025-01-12,49,4,False,False,erratic_payer
INV7001524,B007,B007-C1062,Electronics Client 062,Electronics & Electricals,45,138404.67,2025-01-29,2025-03-15,closed,2025-03-23,53,8,False,False,erratic_payer
INV7001525,B007,B007-C1062,Electronics Client 062,Electronics & Electricals,45,122989.99,2025-04-07,2025-05-22,closed,2025-05-02,25,-20,False,False,erratic_payer
INV7001526,B007,B007-C1062,Electronics Client 062,Electronics & Electricals,45,122155.25,2025-09-11,2025-10-26,closed,2025-11-19,69,24,True,False,erratic_payer
INV7001527,B007,B007-C1062,Electronics Client 062,Electronics & Electricals,45,63974.63,2025-10-16,2025-11-30,closed,2025-12-26,71,26,False,False,erratic_payer
INV7001528,B007,B007-C1062,Electronics Client 062,Electronics & Electricals,45,94258.5,2025-10-26,2025-12-10,closed,2025-12-16,51,6,False,False,erratic_payer
INV7001529,B007,B007-C1062,Electronics Client 062,Electronics & Electricals,45,77786.26,2025-12-17,2026-01-31,closed,2026-02-14,59,14,False,False,erratic_payer
INV7001530,B007,B007-C1062,Electronics Client 062,Electronics & Electricals,45,108943.5,2026-02-15,2026-04-01,closed,2026-03-30,43,-2,False,False,erratic_payer
INV7001531,B007,B007-C1062,Electronics Client 062,Electronics & Electricals,45,84329.21,2026-04-02,2026-05-17,closed,2026-06-01,60,15,False,False,erratic_payer
INV7001532,B007,B007-C1062,Electronics Client 062,Electronics & Electricals,45,46353.99,2026-04-06,2026-05-21,closed,2026-05-20,44,-1,False,False,erratic_payer
INV7001533,B007,B007-C1062,Electronics Client 062,Electronics & Electricals,45,132001.85,2026-04-26,2026-06-10,closed,2026-06-25,60,15,False,False,erratic_payer
INV7001534,B007,B007-C1062,Electronics Client 062,Electronics & Electricals,45,81231.13,2026-06-27,2026-08-11,closed,2026-08-26,60,15,False,False,erratic_payer
INV7001535,B007,B007-C1062,Electronics Client 062,Electronics & Electricals,45,104614.37,2026-07-09,2026-08-23,closed,2026-08-29,51,6,False,False,erratic_payer
INV7001536,B007,B007-C1062,Electronics Client 062,Electronics & Electricals,45,96361.56,2026-07-24,2026-09-07,open,,,,False,False,erratic_payer
INV7001537,B007,B007-C1062,Electronics Client 062,Electronics & Electricals,45,139476.01,2026-08-06,2026-09-20,open,,,,False,False,erratic_payer
INV7001538,B007,B007-C1062,Electronics Client 062,Electronics & Electricals,45,94628.81,2026-08-18,2026-10-02,open,,,,False,False,erratic_payer
INV7001539,B007,B007-C1063,Construction Client 063,Construction & Infra,45,249263.27,2024-08-20,2024-10-04,closed,2024-10-20,61,16,False,False,cold_start
INV7001540,B007,B007-C1063,Construction Client 063,Construction & Infra,45,182528.79,2025-10-15,2025-11-29,closed,2025-11-30,46,1,True,False,cold_start
INV7001541,B007,B007-C1064,Chemicals Client 064,Chemicals & Plastics,45,157220.49,2024-06-20,2024-08-04,closed,2024-08-21,62,17,False,False,deteriorating_payer
INV7001542,B007,B007-C1064,Chemicals Client 064,Chemicals & Plastics,45,119265.68,2024-06-21,2024-08-05,closed,2024-08-03,43,-2,False,False,deteriorating_payer
INV7001543,B007,B007-C1064,Chemicals Client 064,Chemicals & Plastics,45,100958.5,2024-06-23,2024-08-07,closed,2024-08-13,51,6,False,False,deteriorating_payer
INV7001544,B007,B007-C1064,Chemicals Client 064,Chemicals & Plastics,45,137981.33,2024-08-16,2024-09-30,closed,2024-10-21,66,21,False,False,deteriorating_payer
INV7001545,B007,B007-C1064,Chemicals Client 064,Chemicals & Plastics,45,112616.42,2024-08-23,2024-10-07,closed,2024-10-09,47,2,False,False,deteriorating_payer
INV7001546,B007,B007-C1064,Chemicals Client 064,Chemicals & Plastics,45,258708.01,2024-09-04,2024-10-19,closed,2024-10-25,51,6,False,False,deteriorating_payer
INV7001547,B007,B007-C1064,Chemicals Client 064,Chemicals & Plastics,45,78883.05,2024-09-22,2024-11-06,closed,2024-11-30,69,24,False,False,deteriorating_payer
INV7001548,B007,B007-C1064,Chemicals Client 064,Chemicals & Plastics,45,128133.95,2024-10-03,2024-11-17,closed,2024-11-24,52,7,False,False,deteriorating_payer
INV7001549,B007,B007-C1064,Chemicals Client 064,Chemicals & Plastics,45,210607.81,2024-11-26,2025-01-10,closed,2025-01-27,62,17,False,False,deteriorating_payer
INV7001550,B007,B007-C1064,Chemicals Client 064,Chemicals & Plastics,45,181175.27,2024-12-17,2025-01-31,closed,2025-02-18,63,18,False,False,deteriorating_payer
INV7001551,B007,B007-C1064,Chemicals Client 064,Chemicals & Plastics,45,219537.81,2024-12-30,2025-02-13,closed,2025-02-15,47,2,False,False,deteriorating_payer
INV7001552,B007,B007-C1064,Chemicals Client 064,Chemicals & Plastics,45,152460.2,2025-02-11,2025-03-28,closed,2025-04-18,66,21,False,False,deteriorating_payer
INV7001553,B007,B007-C1064,Chemicals Client 064,Chemicals & Plastics,45,122953.46,2025-02-15,2025-04-01,closed,2025-03-30,43,-2,False,False,deteriorating_payer
INV7001554,B007,B007-C1064,Chemicals Client 064,Chemicals & Plastics,45,189127.33,2025-03-02,2025-04-16,closed,2025-05-10,69,24,False,False,deteriorating_payer
INV7001555,B007,B007-C1064,Chemicals Client 064,Chemicals & Plastics,45,1435764.33,2025-03-03,2025-04-17,closed,2025-05-15,73,28,False,True,deteriorating_payer
INV7001556,B007,B007-C1064,Chemicals Client 064,Chemicals & Plastics,45,249471.78,2025-03-27,2025-05-11,closed,2025-06-11,76,31,False,False,deteriorating_payer
INV7001557,B007,B007-C1064,Chemicals Client 064,Chemicals & Plastics,45,174429.21,2025-04-21,2025-06-05,closed,2025-06-16,56,11,False,False,deteriorating_payer
INV7001558,B007,B007-C1064,Chemicals Client 064,Chemicals & Plastics,45,167611.16,2025-04-26,2025-06-10,closed,2025-07-16,81,36,False,False,deteriorating_payer
INV7001559,B007,B007-C1064,Chemicals Client 064,Chemicals & Plastics,45,939895.4,2025-06-06,2025-07-21,closed,2025-07-19,43,-2,False,True,deteriorating_payer
INV7001560,B007,B007-C1064,Chemicals Client 064,Chemicals & Plastics,45,167546.73,2025-07-02,2025-08-16,closed,2025-09-22,82,37,False,False,deteriorating_payer
INV7001561,B007,B007-C1064,Chemicals Client 064,Chemicals & Plastics,45,191446.28,2025-08-27,2025-10-11,closed,2025-11-08,73,28,False,False,deteriorating_payer
INV7001562,B007,B007-C1064,Chemicals Client 064,Chemicals & Plastics,45,179472.84,2025-09-02,2025-10-17,closed,2025-11-29,88,43,False,False,deteriorating_payer
INV7001563,B007,B007-C1064,Chemicals Client 064,Chemicals & Plastics,45,130702.54,2025-09-07,2025-10-22,closed,2025-10-24,47,2,False,False,deteriorating_payer
INV7001564,B007,B007-C1064,Chemicals Client 064,Chemicals & Plastics,45,117080.74,2025-09-22,2025-11-06,closed,2025-12-04,73,28,False,False,deteriorating_payer
INV7001565,B007,B007-C1064,Chemicals Client 064,Chemicals & Plastics,45,161928.05,2025-11-24,2026-01-08,closed,2026-02-11,79,34,False,False,deteriorating_payer
INV7001566,B007,B007-C1064,Chemicals Client 064,Chemicals & Plastics,45,154428.72,2025-12-06,2026-01-20,closed,2026-02-18,74,29,False,False,deteriorating_payer
INV7001567,B007,B007-C1064,Chemicals Client 064,Chemicals & Plastics,45,156745.6,2025-12-31,2026-02-14,closed,2026-03-30,89,44,False,False,deteriorating_payer
INV7001568,B007,B007-C1064,Chemicals Client 064,Chemicals & Plastics,45,187380.05,2026-01-06,2026-02-20,closed,2026-03-09,62,17,False,False,deteriorating_payer
INV7001569,B007,B007-C1064,Chemicals Client 064,Chemicals & Plastics,45,234917.62,2026-01-15,2026-03-01,closed,2026-03-24,68,23,False,False,deteriorating_payer
INV7001570,B007,B007-C1064,Chemicals Client 064,Chemicals & Plastics,45,154993.3,2026-01-19,2026-03-05,closed,2026-04-20,91,46,False,False,deteriorating_payer
INV7001571,B007,B007-C1064,Chemicals Client 064,Chemicals & Plastics,45,144420.76,2026-02-24,2026-04-10,closed,2026-05-31,96,51,False,False,deteriorating_payer
INV7001572,B007,B007-C1064,Chemicals Client 064,Chemicals & Plastics,45,211873.74,2026-03-08,2026-04-22,closed,2026-05-14,67,22,False,False,deteriorating_payer
INV7001573,B007,B007-C1064,Chemicals Client 064,Chemicals & Plastics,45,189501.91,2026-04-08,2026-05-23,closed,2026-06-16,69,24,False,False,deteriorating_payer
INV7001574,B007,B007-C1064,Chemicals Client 064,Chemicals & Plastics,45,150275.3,2026-04-11,2026-05-26,closed,2026-07-21,101,56,False,False,deteriorating_payer
INV7001575,B007,B007-C1064,Chemicals Client 064,Chemicals & Plastics,45,208293.28,2026-04-13,2026-05-28,closed,2026-07-04,82,37,False,False,deteriorating_payer
INV7001576,B007,B007-C1064,Chemicals Client 064,Chemicals & Plastics,45,266456.6,2026-07-20,2026-09-03,disputed_open,,,,False,False,deteriorating_payer
INV7001577,B007,B007-C1064,Chemicals Client 064,Chemicals & Plastics,45,906112.18,2026-07-26,2026-09-09,open,,,,False,True,deteriorating_payer
INV7001578,B007,B007-C1064,Chemicals Client 064,Chemicals & Plastics,45,217432.89,2026-08-29,2026-10-13,open,,,,False,False,deteriorating_payer
INV7001579,B007,B007-C1065,Retail Client 065,Retail & Distribution,45,231826.63,2024-05-28,2024-07-12,closed,2024-07-06,39,-6,False,False,average_payer
INV7001580,B007,B007-C1065,Retail Client 065,Retail & Distribution,45,174536.5,2024-06-13,2024-07-28,closed,2024-07-27,44,-1,False,False,average_payer
INV7001581,B007,B007-C1065,Retail Client 065,Retail & Distribution,45,127404.77,2024-10-10,2024-11-24,closed,2024-11-12,33,-12,False,False,average_payer
INV7001582,B007,B007-C1065,Retail Client 065,Retail & Distribution,45,166981.77,2024-11-04,2024-12-19,closed,2024-12-24,50,5,False,False,average_payer
INV7001583,B007,B007-C1065,Retail Client 065,Retail & Distribution,45,310263.26,2024-11-27,2025-01-11,closed,2025-01-29,63,18,False,False,average_payer
INV7001584,B007,B007-C1065,Retail Client 065,Retail & Distribution,45,210715.68,2025-02-14,2025-03-31,closed,2025-03-29,43,-2,True,False,average_payer
INV7001585,B007,B007-C1065,Retail Client 065,Retail & Distribution,45,123784.12,2025-03-07,2025-04-21,closed,2025-04-21,45,0,False,False,average_payer
INV7001586,B007,B007-C1065,Retail Client 065,Retail & Distribution,45,135123.76,2025-04-07,2025-05-22,closed,2025-05-30,53,8,False,False,average_payer
INV7001587,B007,B007-C1065,Retail Client 065,Retail & Distribution,45,215322.5,2025-08-21,2025-10-05,closed,2025-10-03,43,-2,False,False,average_payer
INV7001588,B007,B007-C1065,Retail Client 065,Retail & Distribution,45,115368.66,2025-12-03,2026-01-17,closed,2026-01-29,57,12,False,False,average_payer
INV7001589,B007,B007-C1065,Retail Client 065,Retail & Distribution,45,103061.3,2026-02-12,2026-03-29,closed,2026-04-01,48,3,False,False,average_payer
INV7001590,B007,B007-C1065,Retail Client 065,Retail & Distribution,45,136637.75,2026-04-03,2026-05-18,closed,2026-05-31,58,13,False,False,average_payer
INV7001591,B007,B007-C1065,Retail Client 065,Retail & Distribution,45,159346.4,2026-04-20,2026-06-04,closed,2026-06-11,52,7,False,False,average_payer
INV7001592,B007,B007-C1065,Retail Client 065,Retail & Distribution,45,135127.08,2026-06-01,2026-07-16,closed,2026-07-23,52,7,False,False,average_payer
INV7001593,B007,B007-C1065,Retail Client 065,Retail & Distribution,45,168703.13,2026-08-10,2026-09-24,disputed_open,,,,False,False,average_payer
INV7001594,B007,B007-C1065,Retail Client 065,Retail & Distribution,45,155875.59,2026-08-25,2026-10-09,open,,,,False,False,average_payer
INV7001595,B007,B007-C1066,Textiles Client 066,Textiles & Apparel,45,42133.24,2024-04-14,2024-05-29,closed,2024-06-08,55,10,False,False,average_payer
INV7001596,B007,B007-C1066,Textiles Client 066,Textiles & Apparel,45,68884.06,2024-04-18,2024-06-02,closed,2024-05-27,39,-6,False,False,average_payer
INV7001597,B007,B007-C1066,Textiles Client 066,Textiles & Apparel,45,81210.85,2024-07-14,2024-08-28,closed,2024-09-02,50,5,False,False,average_payer
INV7001598,B007,B007-C1066,Textiles Client 066,Textiles & Apparel,45,56708.9,2024-08-09,2024-09-23,closed,2024-09-11,33,-12,False,False,average_payer
INV7001599,B007,B007-C1066,Textiles Client 066,Textiles & Apparel,45,76921.73,2024-08-30,2024-10-14,closed,2024-10-17,48,3,False,False,average_payer
INV7001600,B007,B007-C1066,Textiles Client 066,Textiles & Apparel,45,97007.45,2025-03-26,2025-05-10,closed,2025-05-16,51,6,False,False,average_payer
INV7001601,B007,B007-C1066,Textiles Client 066,Textiles & Apparel,45,53267.7,2025-06-21,2025-08-05,closed,2025-08-04,44,-1,False,False,average_payer
INV7001602,B007,B007-C1066,Textiles Client 066,Textiles & Apparel,45,72896.6,2025-07-13,2025-08-27,closed,2025-09-01,50,5,False,False,average_payer
INV7001603,B007,B007-C1066,Textiles Client 066,Textiles & Apparel,45,59798.85,2025-07-23,2025-09-06,closed,2025-09-07,46,1,False,False,average_payer
INV7001604,B007,B007-C1066,Textiles Client 066,Textiles & Apparel,45,62757.25,2025-09-07,2025-10-22,closed,2025-10-26,49,4,False,False,average_payer
INV7001605,B007,B007-C1066,Textiles Client 066,Textiles & Apparel,45,84225.29,2025-09-08,2025-10-23,closed,2025-10-20,42,-3,False,False,average_payer
INV7001606,B007,B007-C1066,Textiles Client 066,Textiles & Apparel,45,80266.27,2025-10-16,2025-11-30,closed,2025-11-24,39,-6,False,False,average_payer
INV7001607,B007,B007-C1066,Textiles Client 066,Textiles & Apparel,45,57911.83,2025-11-19,2026-01-03,closed,2026-01-23,65,20,False,False,average_payer
INV7001608,B007,B007-C1066,Textiles Client 066,Textiles & Apparel,45,58504.72,2025-11-19,2026-01-03,closed,2026-01-03,45,0,False,False,average_payer
INV7001609,B007,B007-C1066,Textiles Client 066,Textiles & Apparel,45,80623.26,2026-03-14,2026-04-28,closed,2026-05-04,51,6,False,False,average_payer
INV7001610,B007,B007-C1066,Textiles Client 066,Textiles & Apparel,45,77704.32,2026-04-14,2026-05-29,closed,2026-06-06,53,8,False,False,average_payer
INV7001611,B007,B007-C1066,Textiles Client 066,Textiles & Apparel,45,27322.02,2026-05-16,2026-06-30,closed,2026-07-08,53,8,False,False,average_payer
INV7001612,B007,B007-C1066,Textiles Client 066,Textiles & Apparel,45,79516.63,2026-05-30,2026-07-14,closed,2026-07-27,58,13,False,False,average_payer
INV7001613,B007,B007-C1066,Textiles Client 066,Textiles & Apparel,45,71283.65,2026-07-17,2026-08-31,open,,,,False,False,average_payer
INV7001614,B007,B007-C1066,Textiles Client 066,Textiles & Apparel,45,59869.03,2026-07-26,2026-09-09,open,,,,False,False,average_payer
INV7001615,B007,B007-C1066,Textiles Client 066,Textiles & Apparel,45,77332.82,2026-07-28,2026-09-11,open,,,,False,False,average_payer
INV7001616,B007,B007-C1066,Textiles Client 066,Textiles & Apparel,45,42616.06,2026-07-28,2026-09-11,open,,,,False,False,average_payer
INV7001617,B007,B007-C1066,Textiles Client 066,Textiles & Apparel,45,54335.78,2026-08-05,2026-09-19,open,,,,False,False,average_payer
INV7001618,B007,B007-C1067,IT Client 067,IT & Business Services,30,86774.93,2025-06-10,2025-07-10,closed,2025-07-23,43,13,False,False,cold_start
INV7001619,B007,B007-C1067,IT Client 067,IT & Business Services,30,61894.02,2026-04-07,2026-05-07,closed,2026-05-16,39,9,False,False,cold_start
INV7001620,B007,B007-C1067,IT Client 067,IT & Business Services,30,77553.97,2026-06-30,2026-07-30,closed,2026-07-30,30,0,False,False,cold_start
INV7001621,B007,B007-C1068,Auto Client 068,Auto Components,30,69144.93,2024-05-13,2024-06-12,closed,2024-06-14,32,2,False,False,cold_start
INV7001622,B007,B007-C1068,Auto Client 068,Auto Components,30,306512.06,2025-01-30,2025-03-01,closed,2025-02-19,20,-10,True,True,cold_start
INV7001623,B007,B007-C1068,Auto Client 068,Auto Components,30,52307.48,2026-08-21,2026-09-20,open,,,,False,False,cold_start
INV7001624,B007,B007-C1069,FMCG Client 069,FMCG & Food Processing,30,109881.82,2025-11-16,2025-12-16,closed,2025-12-17,31,1,False,False,cold_start
INV7001625,B007,B007-C1069,FMCG Client 069,FMCG & Food Processing,30,55621.38,2026-05-10,2026-06-09,closed,2026-06-07,28,-2,False,False,cold_start
INV7001626,B007,B007-C1070,Chemicals Client 070,Chemicals & Plastics,30,85649.63,2024-08-09,2024-09-08,closed,2024-09-04,26,-4,False,False,average_payer
INV7001627,B007,B007-C1070,Chemicals Client 070,Chemicals & Plastics,30,66597.16,2024-09-08,2024-10-08,closed,2024-10-14,36,6,False,False,average_payer
INV7001628,B007,B007-C1070,Chemicals Client 070,Chemicals & Plastics,30,85277.57,2024-11-03,2024-12-03,closed,2024-12-23,50,20,False,False,average_payer
INV7001629,B007,B007-C1070,Chemicals Client 070,Chemicals & Plastics,30,58541.14,2024-11-30,2024-12-30,closed,2025-01-14,45,15,False,False,average_payer
INV7001630,B007,B007-C1070,Chemicals Client 070,Chemicals & Plastics,30,87381.36,2026-04-11,2026-05-11,closed,2026-05-20,39,9,False,False,average_payer
INV7001631,B007,B007-C1071,Retail Client 071,Retail & Distribution,30,225393.4,2024-04-09,2024-05-09,closed,2024-05-10,31,1,False,False,average_payer
INV7001632,B007,B007-C1071,Retail Client 071,Retail & Distribution,30,176999.64,2024-04-27,2024-05-27,closed,2024-06-22,56,26,False,False,average_payer
INV7001633,B007,B007-C1071,Retail Client 071,Retail & Distribution,30,358777.8,2024-04-28,2024-05-28,open,,,,False,False,average_payer
INV7001634,B007,B007-C1071,Retail Client 071,Retail & Distribution,30,191465.57,2024-05-05,2024-06-04,closed,2024-06-15,41,11,False,False,average_payer
INV7001635,B007,B007-C1071,Retail Client 071,Retail & Distribution,30,211079.15,2024-07-04,2024-08-03,closed,2024-08-16,43,13,False,False,average_payer
INV7001636,B007,B007-C1071,Retail Client 071,Retail & Distribution,30,195319.52,2024-07-16,2024-08-15,closed,2024-08-16,31,1,False,False,average_payer
INV7001637,B007,B007-C1071,Retail Client 071,Retail & Distribution,30,235226.42,2024-07-28,2024-08-27,closed,2024-09-04,38,8,False,False,average_payer
INV7001638,B007,B007-C1071,Retail Client 071,Retail & Distribution,30,215747.39,2024-08-15,2024-09-14,closed,2024-09-15,31,1,False,False,average_payer
INV7001639,B007,B007-C1071,Retail Client 071,Retail & Distribution,30,157345.52,2024-09-09,2024-10-09,closed,2024-10-11,32,2,False,False,average_payer
INV7001640,B007,B007-C1071,Retail Client 071,Retail & Distribution,30,109744.96,2024-10-08,2024-11-07,closed,2024-11-17,40,10,False,False,average_payer
INV7001641,B007,B007-C1071,Retail Client 071,Retail & Distribution,30,211942.95,2024-11-03,2024-12-03,closed,2024-11-30,27,-3,False,False,average_payer
INV7001642,B007,B007-C1071,Retail Client 071,Retail & Distribution,30,233164.33,2024-11-06,2024-12-06,closed,2024-12-28,52,22,False,False,average_payer
INV7001643,B007,B007-C1071,Retail Client 071,Retail & Distribution,30,246639.98,2024-11-19,2024-12-19,closed,2024-12-20,31,1,False,False,average_payer
INV7001644,B007,B007-C1071,Retail Client 071,Retail & Distribution,30,154642.74,2024-12-07,2025-01-06,closed,2025-01-08,32,2,False,False,average_payer
INV7001645,B007,B007-C1071,Retail Client 071,Retail & Distribution,30,233199.62,2025-01-10,2025-02-09,closed,2025-02-17,38,8,False,False,average_payer
INV7001646,B007,B007-C1071,Retail Client 071,Retail & Distribution,30,178156.24,2025-01-11,2025-02-10,closed,2025-02-25,45,15,False,False,average_payer
INV7001647,B007,B007-C1071,Retail Client 071,Retail & Distribution,30,145067.23,2025-01-21,2025-02-20,closed,2025-03-03,41,11,False,False,average_payer
INV7001648,B007,B007-C1071,Retail Client 071,Retail & Distribution,30,134560.56,2025-01-30,2025-03-01,closed,2025-03-09,38,8,False,False,average_payer
INV7001649,B007,B007-C1071,Retail Client 071,Retail & Distribution,30,255160.32,2025-02-05,2025-03-07,closed,2025-03-30,53,23,False,False,average_payer
INV7001650,B007,B007-C1071,Retail Client 071,Retail & Distribution,30,191458.59,2025-02-26,2025-03-28,closed,2025-04-03,36,6,False,False,average_payer
INV7001651,B007,B007-C1071,Retail Client 071,Retail & Distribution,30,272199.99,2025-03-04,2025-04-03,closed,2025-04-21,48,18,False,False,average_payer
INV7001652,B007,B007-C1071,Retail Client 071,Retail & Distribution,30,185482.07,2025-03-12,2025-04-11,closed,2025-04-17,36,6,False,False,average_payer
INV7001653,B007,B007-C1071,Retail Client 071,Retail & Distribution,30,230500.21,2025-03-18,2025-04-17,closed,2025-04-22,35,5,False,False,average_payer
INV7001654,B007,B007-C1071,Retail Client 071,Retail & Distribution,30,180015.22,2025-03-22,2025-04-21,closed,2025-04-26,35,5,False,False,average_payer
INV7001655,B007,B007-C1071,Retail Client 071,Retail & Distribution,30,130775.95,2025-05-07,2025-06-06,closed,2025-06-14,38,8,False,False,average_payer
INV7001656,B007,B007-C1071,Retail Client 071,Retail & Distribution,30,242473.61,2025-05-15,2025-06-14,closed,2025-06-14,30,0,False,False,average_payer
INV7001657,B007,B007-C1071,Retail Client 071,Retail & Distribution,30,203166.17,2025-05-17,2025-06-16,closed,2025-06-09,23,-7,False,False,average_payer
INV7001658,B007,B007-C1071,Retail Client 071,Retail & Distribution,30,126410.35,2025-05-20,2025-06-19,closed,2025-06-19,30,0,False,False,average_payer
INV7001659,B007,B007-C1071,Retail Client 071,Retail & Distribution,30,188070.23,2025-05-26,2025-06-25,closed,2025-07-09,44,14,False,False,average_payer
INV7001660,B007,B007-C1071,Retail Client 071,Retail & Distribution,30,276378.33,2025-06-08,2025-07-08,closed,2025-07-14,36,6,False,False,average_payer
INV7001661,B007,B007-C1071,Retail Client 071,Retail & Distribution,30,205435.96,2025-06-24,2025-07-24,closed,2025-08-02,39,9,False,False,average_payer
INV7001662,B007,B007-C1071,Retail Client 071,Retail & Distribution,30,227848.27,2025-08-03,2025-09-02,closed,2025-09-18,46,16,False,False,average_payer
INV7001663,B007,B007-C1071,Retail Client 071,Retail & Distribution,30,131733.82,2025-09-24,2025-10-24,closed,2025-10-29,35,5,False,False,average_payer
INV7001664,B007,B007-C1071,Retail Client 071,Retail & Distribution,30,150459.31,2025-11-06,2025-12-06,closed,2025-12-22,46,16,False,False,average_payer
INV7001665,B007,B007-C1071,Retail Client 071,Retail & Distribution,30,179893.69,2025-11-19,2025-12-19,closed,2025-12-31,42,12,False,False,average_payer
INV7001666,B007,B007-C1071,Retail Client 071,Retail & Distribution,30,140010.9,2025-11-21,2025-12-21,closed,2025-12-30,39,9,False,False,average_payer
INV7001667,B007,B007-C1071,Retail Client 071,Retail & Distribution,30,142190.61,2025-11-26,2025-12-26,closed,2025-12-23,27,-3,False,False,average_payer
INV7001668,B007,B007-C1071,Retail Client 071,Retail & Distribution,30,117065.2,2025-12-17,2026-01-16,closed,2026-01-23,37,7,False,False,average_payer
INV7001669,B007,B007-C1071,Retail Client 071,Retail & Distribution,30,101522.36,2026-01-01,2026-01-31,closed,2026-02-07,37,7,False,False,average_payer
INV7001670,B007,B007-C1071,Retail Client 071,Retail & Distribution,30,164419.97,2026-01-15,2026-02-14,closed,2026-02-21,37,7,False,False,average_payer
INV7001671,B007,B007-C1071,Retail Client 071,Retail & Distribution,30,164923.04,2026-02-14,2026-03-16,closed,2026-03-21,35,5,False,False,average_payer
INV7001672,B007,B007-C1071,Retail Client 071,Retail & Distribution,30,262364.01,2026-02-18,2026-03-20,closed,2026-03-19,29,-1,False,False,average_payer
INV7001673,B007,B007-C1071,Retail Client 071,Retail & Distribution,30,195538.57,2026-03-16,2026-04-15,closed,2026-04-24,39,9,False,False,average_payer
INV7001674,B007,B007-C1071,Retail Client 071,Retail & Distribution,30,208459.74,2026-03-30,2026-04-29,closed,2026-05-15,46,16,False,False,average_payer
INV7001675,B007,B007-C1071,Retail Client 071,Retail & Distribution,30,266347.6,2026-04-08,2026-05-08,closed,2026-05-07,29,-1,False,False,average_payer
INV7001676,B007,B007-C1071,Retail Client 071,Retail & Distribution,30,293748.63,2026-06-04,2026-07-04,closed,2026-07-13,39,9,False,False,average_payer
INV7001677,B007,B007-C1071,Retail Client 071,Retail & Distribution,30,142975.7,2026-06-12,2026-07-12,closed,2026-07-25,43,13,False,False,average_payer
INV7001678,B007,B007-C1071,Retail Client 071,Retail & Distribution,30,165294.11,2026-06-18,2026-07-18,closed,2026-07-18,30,0,False,False,average_payer
INV7001679,B007,B007-C1071,Retail Client 071,Retail & Distribution,30,204451.2,2026-06-25,2026-07-25,closed,2026-07-19,24,-6,False,False,average_payer
INV7001680,B007,B007-C1071,Retail Client 071,Retail & Distribution,30,257447.49,2026-07-03,2026-08-02,closed,2026-08-25,53,23,False,False,average_payer
INV7001681,B007,B007-C1071,Retail Client 071,Retail & Distribution,30,176302.93,2026-07-22,2026-08-21,closed,2026-08-17,26,-4,False,False,average_payer
INV7001682,B007,B007-C1071,Retail Client 071,Retail & Distribution,30,177209.4,2026-07-27,2026-08-26,closed,2026-08-25,29,-1,False,False,average_payer
INV7001683,B007,B007-C1071,Retail Client 071,Retail & Distribution,30,371970.38,2026-08-09,2026-09-08,open,,,,False,True,average_payer
INV7001684,B007,B007-C1071,Retail Client 071,Retail & Distribution,30,114702.63,2026-08-27,2026-09-26,open,,,,False,False,average_payer
INV7001685,B007,B007-C1072,Textiles Client 072,Textiles & Apparel,45,33492.27,2024-04-01,2024-05-16,closed,2024-05-19,48,3,False,False,average_payer
INV7001686,B007,B007-C1072,Textiles Client 072,Textiles & Apparel,45,22893.33,2024-04-30,2024-06-14,closed,2024-06-19,50,5,False,False,average_payer
INV7001687,B007,B007-C1072,Textiles Client 072,Textiles & Apparel,45,49752.81,2024-05-27,2024-07-11,closed,2024-07-21,55,10,False,False,average_payer
INV7001688,B007,B007-C1072,Textiles Client 072,Textiles & Apparel,45,31015.94,2024-05-31,2024-07-15,closed,2024-07-18,48,3,False,False,average_payer
INV7001689,B007,B007-C1072,Textiles Client 072,Textiles & Apparel,45,30646.34,2024-06-19,2024-08-03,closed,2024-07-30,41,-4,False,False,average_payer
INV7001690,B007,B007-C1072,Textiles Client 072,Textiles & Apparel,45,29888.11,2024-07-14,2024-08-28,closed,2024-09-04,52,7,False,False,average_payer
INV7001691,B007,B007-C1072,Textiles Client 072,Textiles & Apparel,45,21269.89,2024-07-15,2024-08-29,closed,2024-08-31,47,2,False,False,average_payer
INV7001692,B007,B007-C1072,Textiles Client 072,Textiles & Apparel,45,26063.52,2024-08-03,2024-09-17,closed,2024-09-24,52,7,False,False,average_payer
INV7001693,B007,B007-C1072,Textiles Client 072,Textiles & Apparel,45,24256.45,2024-08-14,2024-09-28,closed,2024-10-04,51,6,False,False,average_payer
INV7001694,B007,B007-C1072,Textiles Client 072,Textiles & Apparel,45,21686.9,2024-08-16,2024-09-30,closed,2024-10-02,47,2,False,False,average_payer
INV7001695,B007,B007-C1072,Textiles Client 072,Textiles & Apparel,45,44761.79,2024-08-28,2024-10-12,closed,2024-10-26,59,14,False,False,average_payer
INV7001696,B007,B007-C1072,Textiles Client 072,Textiles & Apparel,45,27217.87,2024-09-22,2024-11-06,closed,2024-11-10,49,4,False,False,average_payer
INV7001697,B007,B007-C1072,Textiles Client 072,Textiles & Apparel,45,20019.83,2024-10-20,2024-12-04,closed,2024-12-03,44,-1,False,False,average_payer
INV7001698,B007,B007-C1072,Textiles Client 072,Textiles & Apparel,45,289158.64,2024-10-23,2024-12-07,closed,2024-12-07,45,0,False,True,average_payer
INV7001699,B007,B007-C1072,Textiles Client 072,Textiles & Apparel,45,33347.76,2024-11-09,2024-12-24,closed,2024-12-23,44,-1,False,False,average_payer
INV7001700,B007,B007-C1072,Textiles Client 072,Textiles & Apparel,45,56357.86,2024-11-12,2024-12-27,closed,2025-01-08,57,12,False,False,average_payer
INV7001701,B007,B007-C1072,Textiles Client 072,Textiles & Apparel,45,35225.16,2024-11-12,2024-12-27,closed,2025-01-05,54,9,False,False,average_payer
INV7001702,B007,B007-C1072,Textiles Client 072,Textiles & Apparel,45,44045.62,2024-11-30,2025-01-14,closed,2025-01-21,52,7,False,False,average_payer
INV7001703,B007,B007-C1072,Textiles Client 072,Textiles & Apparel,45,34221.28,2024-12-22,2025-02-05,closed,2025-02-07,47,2,False,False,average_payer
INV7001704,B007,B007-C1072,Textiles Client 072,Textiles & Apparel,45,20258.51,2025-01-02,2025-02-16,closed,2025-02-28,57,12,False,False,average_payer
INV7001705,B007,B007-C1072,Textiles Client 072,Textiles & Apparel,45,30947.93,2025-01-13,2025-02-27,closed,2025-03-05,51,6,False,False,average_payer
INV7001706,B007,B007-C1072,Textiles Client 072,Textiles & Apparel,45,30491.82,2025-02-27,2025-04-13,closed,2025-04-25,57,12,False,False,average_payer
INV7001707,B007,B007-C1072,Textiles Client 072,Textiles & Apparel,45,17059.9,2025-03-07,2025-04-21,closed,2025-05-03,57,12,False,False,average_payer
INV7001708,B007,B007-C1072,Textiles Client 072,Textiles & Apparel,45,18072.37,2025-03-13,2025-04-27,closed,2025-05-03,51,6,False,False,average_payer
INV7001709,B007,B007-C1072,Textiles Client 072,Textiles & Apparel,45,43287.71,2025-03-28,2025-05-12,closed,2025-05-09,42,-3,False,False,average_payer
INV7001710,B007,B007-C1072,Textiles Client 072,Textiles & Apparel,45,15013.34,2025-05-11,2025-06-25,closed,2025-07-11,61,16,False,False,average_payer
INV7001711,B007,B007-C1072,Textiles Client 072,Textiles & Apparel,45,39042.35,2025-05-19,2025-07-03,closed,2025-07-15,57,12,False,False,average_payer
INV7001712,B007,B007-C1072,Textiles Client 072,Textiles & Apparel,45,22964.83,2025-06-07,2025-07-22,closed,2025-08-02,56,11,False,False,average_payer
INV7001713,B007,B007-C1072,Textiles Client 072,Textiles & Apparel,45,24423.02,2025-06-17,2025-08-01,closed,2025-08-14,58,13,False,False,average_payer
INV7001714,B007,B007-C1072,Textiles Client 072,Textiles & Apparel,45,24671.13,2025-07-12,2025-08-26,closed,2025-09-04,54,9,False,False,average_payer
INV7001715,B007,B007-C1072,Textiles Client 072,Textiles & Apparel,45,37020.63,2025-07-15,2025-08-29,closed,2025-09-01,48,3,False,False,average_payer
INV7001716,B007,B007-C1072,Textiles Client 072,Textiles & Apparel,45,33933.31,2025-08-08,2025-09-22,closed,2025-09-17,40,-5,False,False,average_payer
INV7001717,B007,B007-C1072,Textiles Client 072,Textiles & Apparel,45,40380.89,2025-09-02,2025-10-17,closed,2025-11-04,63,18,False,False,average_payer
INV7001718,B007,B007-C1072,Textiles Client 072,Textiles & Apparel,45,28724.15,2025-09-16,2025-10-31,closed,2025-11-01,46,1,False,False,average_payer
INV7001719,B007,B007-C1072,Textiles Client 072,Textiles & Apparel,45,36081.44,2025-10-16,2025-11-30,closed,2025-11-30,45,0,False,False,average_payer
INV7001720,B007,B007-C1072,Textiles Client 072,Textiles & Apparel,45,32441.32,2025-11-01,2025-12-16,closed,2025-12-10,39,-6,False,False,average_payer
INV7001721,B007,B007-C1072,Textiles Client 072,Textiles & Apparel,45,32642.17,2025-11-11,2025-12-26,closed,2026-01-10,60,15,False,False,average_payer
INV7001722,B007,B007-C1072,Textiles Client 072,Textiles & Apparel,45,26067.19,2025-11-29,2026-01-13,closed,2026-01-17,49,4,False,False,average_payer
INV7001723,B007,B007-C1072,Textiles Client 072,Textiles & Apparel,45,29160.16,2026-01-10,2026-02-24,closed,2026-03-04,53,8,False,False,average_payer
INV7001724,B007,B007-C1072,Textiles Client 072,Textiles & Apparel,45,21944.09,2026-01-25,2026-03-11,closed,2026-03-22,56,11,False,False,average_payer
INV7001725,B007,B007-C1072,Textiles Client 072,Textiles & Apparel,45,29839.4,2026-03-22,2026-05-06,closed,2026-05-01,40,-5,False,False,average_payer
INV7001726,B007,B007-C1072,Textiles Client 072,Textiles & Apparel,45,26410.98,2026-03-28,2026-05-12,closed,2026-05-15,48,3,False,False,average_payer
INV7001727,B007,B007-C1072,Textiles Client 072,Textiles & Apparel,45,49704.7,2026-04-23,2026-06-07,closed,2026-06-18,56,11,False,False,average_payer
INV7001728,B007,B007-C1072,Textiles Client 072,Textiles & Apparel,45,32010.65,2026-06-10,2026-07-25,closed,2026-08-11,62,17,False,False,average_payer
INV7001729,B007,B007-C1072,Textiles Client 072,Textiles & Apparel,45,33617.87,2026-07-19,2026-09-02,open,,,,False,False,average_payer
INV7001730,B007,B007-C1072,Textiles Client 072,Textiles & Apparel,45,44936.57,2026-08-31,2026-10-15,open,,,,False,False,average_payer
INV7001731,B007,B007-C1073,FMCG Client 073,FMCG & Food Processing,30,199113.69,2024-03-18,2024-04-17,closed,2024-05-07,50,20,False,False,seasonal_payer
INV7001732,B007,B007-C1073,FMCG Client 073,FMCG & Food Processing,30,343555.12,2024-06-20,2024-07-20,closed,2024-07-21,31,1,False,False,seasonal_payer
INV7001733,B007,B007-C1073,FMCG Client 073,FMCG & Food Processing,30,594163.43,2024-06-30,2024-07-30,closed,2024-08-06,37,7,False,False,seasonal_payer
INV7001734,B007,B007-C1073,FMCG Client 073,FMCG & Food Processing,30,433204.53,2024-07-20,2024-08-19,closed,2024-08-15,26,-4,False,False,seasonal_payer
INV7001735,B007,B007-C1073,FMCG Client 073,FMCG & Food Processing,30,284406.21,2024-08-06,2024-09-05,closed,2024-09-08,33,3,False,False,seasonal_payer
INV7001736,B007,B007-C1073,FMCG Client 073,FMCG & Food Processing,30,351518.75,2024-09-22,2024-10-22,closed,2024-10-26,34,4,False,False,seasonal_payer
INV7001737,B007,B007-C1073,FMCG Client 073,FMCG & Food Processing,30,459320.32,2024-10-25,2024-11-24,closed,2024-11-26,32,2,False,False,seasonal_payer
INV7001738,B007,B007-C1073,FMCG Client 073,FMCG & Food Processing,30,128688.59,2024-12-15,2025-01-14,closed,2025-01-27,43,13,False,False,seasonal_payer
INV7001739,B007,B007-C1073,FMCG Client 073,FMCG & Food Processing,30,225783.88,2025-01-02,2025-02-01,closed,2025-02-07,36,6,False,False,seasonal_payer
INV7001740,B007,B007-C1073,FMCG Client 073,FMCG & Food Processing,30,207577.44,2025-01-31,2025-03-02,open,,,,False,False,seasonal_payer
INV7001741,B007,B007-C1073,FMCG Client 073,FMCG & Food Processing,30,971075.76,2025-02-19,2025-03-21,closed,2025-03-30,39,9,False,True,seasonal_payer
INV7001742,B007,B007-C1073,FMCG Client 073,FMCG & Food Processing,30,428221.31,2025-03-19,2025-04-18,closed,2025-04-18,30,0,False,False,seasonal_payer
INV7001743,B007,B007-C1073,FMCG Client 073,FMCG & Food Processing,30,296280.74,2025-03-28,2025-04-27,closed,2025-05-13,46,16,False,False,seasonal_payer
INV7001744,B007,B007-C1073,FMCG Client 073,FMCG & Food Processing,30,1160589.98,2025-06-06,2025-07-06,closed,2025-07-11,35,5,False,True,seasonal_payer
INV7001745,B007,B007-C1073,FMCG Client 073,FMCG & Food Processing,30,263343.18,2025-08-16,2025-09-15,closed,2025-09-17,32,2,False,False,seasonal_payer
INV7001746,B007,B007-C1073,FMCG Client 073,FMCG & Food Processing,30,242116.41,2025-10-20,2025-11-19,closed,2025-12-03,44,14,False,False,seasonal_payer
INV7001747,B007,B007-C1073,FMCG Client 073,FMCG & Food Processing,30,177870.87,2025-10-23,2025-11-22,closed,2025-11-28,36,6,False,False,seasonal_payer
INV7001748,B007,B007-C1073,FMCG Client 073,FMCG & Food Processing,30,1060514.89,2025-11-15,2025-12-15,closed,2025-12-19,34,4,False,True,seasonal_payer
INV7001749,B007,B007-C1073,FMCG Client 073,FMCG & Food Processing,30,274495.98,2025-11-29,2025-12-29,closed,2026-01-06,38,8,False,False,seasonal_payer
INV7001750,B007,B007-C1073,FMCG Client 073,FMCG & Food Processing,30,351937.94,2025-12-24,2026-01-23,closed,2026-01-21,28,-2,False,False,seasonal_payer
INV7001751,B007,B007-C1073,FMCG Client 073,FMCG & Food Processing,30,245421.37,2026-01-08,2026-02-07,closed,2026-02-18,41,11,False,False,seasonal_payer
INV7001752,B007,B007-C1073,FMCG Client 073,FMCG & Food Processing,30,2132183.28,2026-02-06,2026-03-08,closed,2026-03-16,38,8,False,True,seasonal_payer
INV7001753,B007,B007-C1073,FMCG Client 073,FMCG & Food Processing,30,361953.33,2026-02-17,2026-03-19,closed,2026-03-24,35,5,False,False,seasonal_payer
INV7001754,B007,B007-C1073,FMCG Client 073,FMCG & Food Processing,30,392485.56,2026-06-17,2026-07-17,closed,2026-07-28,41,11,False,False,seasonal_payer
INV7001755,B007,B007-C1073,FMCG Client 073,FMCG & Food Processing,30,392028.0,2026-08-23,2026-09-22,open,,,,False,False,seasonal_payer
INV7001756,B007,B007-C1074,Retail Client 074,Retail & Distribution,60,164919.82,2024-04-06,2024-06-05,closed,2024-09-08,155,95,False,False,erratic_payer
INV7001757,B007,B007-C1074,Retail Client 074,Retail & Distribution,60,89492.85,2024-04-11,2024-06-10,closed,2024-06-16,66,6,False,False,erratic_payer
INV7001758,B007,B007-C1074,Retail Client 074,Retail & Distribution,60,509504.04,2024-06-26,2024-08-25,closed,2024-09-11,77,17,False,True,erratic_payer
INV7001759,B007,B007-C1074,Retail Client 074,Retail & Distribution,60,144316.6,2024-06-26,2024-08-25,closed,2024-08-23,58,-2,False,False,erratic_payer
INV7001760,B007,B007-C1074,Retail Client 074,Retail & Distribution,60,105726.49,2024-08-25,2024-10-24,closed,2024-11-21,88,28,False,False,erratic_payer
INV7001761,B007,B007-C1074,Retail Client 074,Retail & Distribution,60,158596.92,2024-09-01,2024-10-31,closed,2024-11-12,72,12,False,False,erratic_payer
INV7001762,B007,B007-C1074,Retail Client 074,Retail & Distribution,60,144904.43,2024-09-26,2024-11-25,closed,2024-12-01,66,6,False,False,erratic_payer
INV7001763,B007,B007-C1074,Retail Client 074,Retail & Distribution,60,101506.08,2024-10-08,2024-12-07,closed,2024-12-07,60,0,False,False,erratic_payer
INV7001764,B007,B007-C1074,Retail Client 074,Retail & Distribution,60,109246.24,2024-11-09,2025-01-08,open,,,,False,False,erratic_payer
INV7001765,B007,B007-C1074,Retail Client 074,Retail & Distribution,60,124594.61,2024-12-03,2025-02-01,open,,,,False,False,erratic_payer
INV7001766,B007,B007-C1074,Retail Client 074,Retail & Distribution,60,203369.6,2024-12-11,2025-02-09,closed,2025-02-19,70,10,False,False,erratic_payer
INV7001767,B007,B007-C1074,Retail Client 074,Retail & Distribution,60,115526.03,2024-12-20,2025-02-18,closed,2025-02-26,68,8,False,False,erratic_payer
INV7001768,B007,B007-C1074,Retail Client 074,Retail & Distribution,60,95327.31,2024-12-22,2025-02-20,closed,2025-03-04,72,12,False,False,erratic_payer
INV7001769,B007,B007-C1074,Retail Client 074,Retail & Distribution,60,123494.41,2024-12-25,2025-02-23,closed,2025-03-06,71,11,False,False,erratic_payer
INV7001770,B007,B007-C1074,Retail Client 074,Retail & Distribution,60,123742.52,2025-03-27,2025-05-26,closed,2025-06-07,72,12,False,False,erratic_payer
INV7001771,B007,B007-C1074,Retail Client 074,Retail & Distribution,60,105936.1,2025-04-03,2025-06-02,closed,2025-06-16,74,14,False,False,erratic_payer
INV7001772,B007,B007-C1074,Retail Client 074,Retail & Distribution,60,116374.78,2025-05-13,2025-07-12,closed,2025-07-08,56,-4,False,False,erratic_payer
INV7001773,B007,B007-C1074,Retail Client 074,Retail & Distribution,60,132629.09,2025-05-31,2025-07-30,open,,,,False,False,erratic_payer
INV7001774,B007,B007-C1074,Retail Client 074,Retail & Distribution,60,190550.67,2025-06-27,2025-08-26,closed,2025-08-16,50,-10,False,False,erratic_payer
INV7001775,B007,B007-C1074,Retail Client 074,Retail & Distribution,60,129633.62,2025-07-20,2025-09-18,closed,2025-10-29,101,41,False,False,erratic_payer
INV7001776,B007,B007-C1074,Retail Client 074,Retail & Distribution,60,169713.33,2025-08-12,2025-10-11,closed,2025-11-07,87,27,False,False,erratic_payer
INV7001777,B007,B007-C1074,Retail Client 074,Retail & Distribution,60,105423.59,2025-08-20,2025-10-19,closed,2025-10-20,61,1,False,False,erratic_payer
INV7001778,B007,B007-C1074,Retail Client 074,Retail & Distribution,60,480560.87,2025-08-30,2025-10-29,closed,2025-11-11,73,13,False,True,erratic_payer
INV7001779,B007,B007-C1074,Retail Client 074,Retail & Distribution,60,106531.43,2025-09-08,2025-11-07,closed,2025-11-10,63,3,False,False,erratic_payer
INV7001780,B007,B007-C1074,Retail Client 074,Retail & Distribution,60,123235.95,2025-09-13,2025-11-12,closed,2025-11-14,62,2,False,False,erratic_payer
INV7001781,B007,B007-C1074,Retail Client 074,Retail & Distribution,60,101555.08,2025-10-16,2025-12-15,closed,2025-12-18,63,3,True,False,erratic_payer
INV7001782,B007,B007-C1074,Retail Client 074,Retail & Distribution,60,118408.1,2025-11-14,2026-01-13,closed,2025-12-31,47,-13,False,False,erratic_payer
INV7001783,B007,B007-C1074,Retail Client 074,Retail & Distribution,60,57886.28,2025-12-01,2026-01-30,closed,2026-02-02,63,3,False,False,erratic_payer
INV7001784,B007,B007-C1074,Retail Client 074,Retail & Distribution,60,96814.95,2025-12-29,2026-02-27,closed,2026-03-07,68,8,False,False,erratic_payer
INV7001785,B007,B007-C1074,Retail Client 074,Retail & Distribution,60,78015.77,2026-01-22,2026-03-23,closed,2026-06-24,153,93,False,False,erratic_payer
INV7001786,B007,B007-C1074,Retail Client 074,Retail & Distribution,60,67117.49,2026-02-01,2026-04-02,closed,2026-05-07,95,35,True,False,erratic_payer
INV7001787,B007,B007-C1074,Retail Client 074,Retail & Distribution,60,79371.41,2026-05-07,2026-07-06,closed,2026-07-08,62,2,False,False,erratic_payer
INV7001788,B007,B007-C1074,Retail Client 074,Retail & Distribution,60,90898.91,2026-05-11,2026-07-10,closed,2026-07-20,70,10,False,False,erratic_payer
INV7001789,B007,B007-C1074,Retail Client 074,Retail & Distribution,60,127918.19,2026-06-23,2026-08-22,closed,2026-09-01,70,10,False,False,erratic_payer
INV7001790,B007,B007-C1074,Retail Client 074,Retail & Distribution,60,120954.94,2026-07-10,2026-09-08,open,,,,False,False,erratic_payer
INV7001791,B007,B007-C1074,Retail Client 074,Retail & Distribution,60,91320.8,2026-07-24,2026-09-22,open,,,,False,False,erratic_payer
INV7001792,B007,B007-C1074,Retail Client 074,Retail & Distribution,60,109375.29,2026-07-26,2026-09-24,open,,,,False,False,erratic_payer
INV7001793,B007,B007-C1075,Textiles Client 075,Textiles & Apparel,60,149169.99,2024-03-30,2024-05-29,closed,2024-06-12,74,14,False,False,average_payer
INV7001794,B007,B007-C1075,Textiles Client 075,Textiles & Apparel,60,151020.42,2024-04-01,2024-05-31,closed,2024-06-15,75,15,False,False,average_payer
INV7001795,B007,B007-C1075,Textiles Client 075,Textiles & Apparel,60,207089.85,2024-04-15,2024-06-14,closed,2024-06-26,72,12,False,False,average_payer
INV7001796,B007,B007-C1075,Textiles Client 075,Textiles & Apparel,60,222014.8,2024-04-16,2024-06-15,closed,2024-06-17,62,2,False,False,average_payer
INV7001797,B007,B007-C1075,Textiles Client 075,Textiles & Apparel,60,126181.19,2024-05-05,2024-07-04,closed,2024-07-10,66,6,False,False,average_payer
INV7001798,B007,B007-C1075,Textiles Client 075,Textiles & Apparel,60,222611.47,2024-05-21,2024-07-20,closed,2024-07-28,68,8,False,False,average_payer
INV7001799,B007,B007-C1075,Textiles Client 075,Textiles & Apparel,60,229958.44,2024-06-03,2024-08-02,closed,2024-08-03,61,1,False,False,average_payer
INV7001800,B007,B007-C1075,Textiles Client 075,Textiles & Apparel,60,185242.46,2024-06-03,2024-08-02,closed,2024-08-01,59,-1,False,False,average_payer
INV7001801,B007,B007-C1075,Textiles Client 075,Textiles & Apparel,60,184147.3,2024-06-24,2024-08-23,closed,2024-08-31,68,8,False,False,average_payer
INV7001802,B007,B007-C1075,Textiles Client 075,Textiles & Apparel,60,187495.39,2024-07-11,2024-09-09,closed,2024-09-17,68,8,False,False,average_payer
INV7001803,B007,B007-C1075,Textiles Client 075,Textiles & Apparel,60,136105.27,2024-07-20,2024-09-18,closed,2024-09-19,61,1,False,False,average_payer
INV7001804,B007,B007-C1075,Textiles Client 075,Textiles & Apparel,60,167439.54,2024-08-04,2024-10-03,closed,2024-10-11,68,8,True,False,average_payer
INV7001805,B007,B007-C1075,Textiles Client 075,Textiles & Apparel,60,221259.03,2024-08-21,2024-10-20,closed,2024-10-19,59,-1,False,False,average_payer
INV7001806,B007,B007-C1075,Textiles Client 075,Textiles & Apparel,60,147177.63,2024-09-07,2024-11-06,closed,2024-11-16,70,10,False,False,average_payer
INV7001807,B007,B007-C1075,Textiles Client 075,Textiles & Apparel,60,259633.47,2024-10-25,2024-12-24,closed,2025-01-07,74,14,False,False,average_payer
INV7001808,B007,B007-C1075,Textiles Client 075,Textiles & Apparel,60,182500.38,2024-11-10,2025-01-09,closed,2025-01-26,77,17,False,False,average_payer
INV7001809,B007,B007-C1075,Textiles Client 075,Textiles & Apparel,60,161744.61,2024-11-15,2025-01-14,closed,2025-01-30,76,16,False,False,average_payer
INV7001810,B007,B007-C1075,Textiles Client 075,Textiles & Apparel,60,137123.5,2024-11-24,2025-01-23,closed,2025-02-10,78,18,False,False,average_payer
INV7001811,B007,B007-C1075,Textiles Client 075,Textiles & Apparel,60,121513.92,2024-12-03,2025-02-01,closed,2025-02-05,64,4,False,False,average_payer
INV7001812,B007,B007-C1075,Textiles Client 075,Textiles & Apparel,60,108492.09,2024-12-09,2025-02-07,closed,2025-03-01,82,22,False,False,average_payer
INV7001813,B007,B007-C1075,Textiles Client 075,Textiles & Apparel,60,244570.81,2024-12-09,2025-02-07,closed,2025-02-08,61,1,False,False,average_payer
INV7001814,B007,B007-C1075,Textiles Client 075,Textiles & Apparel,60,143118.81,2024-12-30,2025-02-28,closed,2025-03-08,68,8,False,False,average_payer
INV7001815,B007,B007-C1075,Textiles Client 075,Textiles & Apparel,60,245204.53,2025-01-16,2025-03-17,closed,2025-03-22,65,5,False,False,average_payer
INV7001816,B007,B007-C1075,Textiles Client 075,Textiles & Apparel,60,250211.85,2025-02-04,2025-04-05,closed,2025-04-15,70,10,False,False,average_payer
INV7001817,B007,B007-C1075,Textiles Client 075,Textiles & Apparel,60,158286.34,2025-03-03,2025-05-02,closed,2025-05-06,64,4,False,False,average_payer
INV7001818,B007,B007-C1075,Textiles Client 075,Textiles & Apparel,60,163915.73,2025-04-01,2025-05-31,closed,2025-06-02,62,2,False,False,average_payer
INV7001819,B007,B007-C1075,Textiles Client 075,Textiles & Apparel,60,245535.04,2025-04-08,2025-06-07,closed,2025-06-07,60,0,False,False,average_payer
INV7001820,B007,B007-C1075,Textiles Client 075,Textiles & Apparel,60,205129.57,2025-04-11,2025-06-10,closed,2025-06-05,55,-5,False,False,average_payer
INV7001821,B007,B007-C1075,Textiles Client 075,Textiles & Apparel,60,173744.88,2025-04-19,2025-06-18,closed,2025-07-01,73,13,False,False,average_payer
INV7001822,B007,B007-C1075,Textiles Client 075,Textiles & Apparel,60,162425.97,2025-04-23,2025-06-22,closed,2025-07-06,74,14,False,False,average_payer
INV7001823,B007,B007-C1075,Textiles Client 075,Textiles & Apparel,60,100746.6,2025-04-27,2025-06-26,closed,2025-06-30,64,4,False,False,average_payer
INV7001824,B007,B007-C1075,Textiles Client 075,Textiles & Apparel,60,175506.67,2025-05-13,2025-07-12,closed,2025-07-21,69,9,False,False,average_payer
INV7001825,B007,B007-C1075,Textiles Client 075,Textiles & Apparel,60,210022.82,2025-05-18,2025-07-17,closed,2025-07-23,66,6,False,False,average_payer
INV7001826,B007,B007-C1075,Textiles Client 075,Textiles & Apparel,60,250666.62,2025-06-22,2025-08-21,closed,2025-08-17,56,-4,False,False,average_payer
INV7001827,B007,B007-C1075,Textiles Client 075,Textiles & Apparel,60,210504.06,2025-08-24,2025-10-23,closed,2025-11-02,70,10,False,False,average_payer
INV7001828,B007,B007-C1075,Textiles Client 075,Textiles & Apparel,60,105724.66,2025-09-13,2025-11-12,closed,2025-12-02,80,20,False,False,average_payer
INV7001829,B007,B007-C1075,Textiles Client 075,Textiles & Apparel,60,175823.62,2025-09-13,2025-11-12,closed,2025-11-10,58,-2,False,False,average_payer
INV7001830,B007,B007-C1075,Textiles Client 075,Textiles & Apparel,60,205456.98,2025-09-17,2025-11-16,closed,2025-11-18,62,2,False,False,average_payer
INV7001831,B007,B007-C1075,Textiles Client 075,Textiles & Apparel,60,133518.13,2025-11-13,2026-01-12,closed,2026-01-13,61,1,True,False,average_payer
INV7001832,B007,B007-C1075,Textiles Client 075,Textiles & Apparel,60,284023.64,2025-12-07,2026-02-05,closed,2026-02-10,65,5,False,False,average_payer
INV7001833,B007,B007-C1075,Textiles Client 075,Textiles & Apparel,60,238576.23,2026-01-13,2026-03-14,closed,2026-03-16,62,2,False,False,average_payer
INV7001834,B007,B007-C1075,Textiles Client 075,Textiles & Apparel,60,199707.06,2026-01-16,2026-03-17,closed,2026-03-26,69,9,False,False,average_payer
INV7001835,B007,B007-C1075,Textiles Client 075,Textiles & Apparel,60,268807.84,2026-03-14,2026-05-13,closed,2026-05-28,75,15,False,False,average_payer
INV7001836,B007,B007-C1075,Textiles Client 075,Textiles & Apparel,60,152554.62,2026-03-14,2026-05-13,closed,2026-05-19,66,6,False,False,average_payer
INV7001837,B007,B007-C1075,Textiles Client 075,Textiles & Apparel,60,126205.96,2026-03-23,2026-05-22,closed,2026-05-15,53,-7,False,False,average_payer
INV7001838,B007,B007-C1075,Textiles Client 075,Textiles & Apparel,60,154151.78,2026-04-29,2026-06-28,closed,2026-07-09,71,11,False,False,average_payer
INV7001839,B007,B007-C1075,Textiles Client 075,Textiles & Apparel,60,123854.72,2026-04-30,2026-06-29,closed,2026-07-03,64,4,False,False,average_payer
INV7001840,B007,B007-C1075,Textiles Client 075,Textiles & Apparel,60,194678.63,2026-06-09,2026-08-08,closed,2026-08-19,71,11,False,False,average_payer
INV7001841,B007,B007-C1075,Textiles Client 075,Textiles & Apparel,60,169780.56,2026-07-05,2026-09-03,disputed_open,,,,False,False,average_payer
INV7001842,B007,B007-C1075,Textiles Client 075,Textiles & Apparel,60,190285.38,2026-07-20,2026-09-18,open,,,,False,False,average_payer
INV7001843,B007,B007-C1075,Textiles Client 075,Textiles & Apparel,60,179015.38,2026-07-29,2026-09-27,open,,,,False,False,average_payer
INV7001844,B007,B007-C1075,Textiles Client 075,Textiles & Apparel,60,173801.22,2026-08-09,2026-10-08,open,,,,False,False,average_payer
INV7001845,B007,B007-C1076,FMCG Client 076,FMCG & Food Processing,45,14428.28,2024-03-19,2024-05-03,closed,2024-05-04,46,1,False,False,prompt_payer
INV7001846,B007,B007-C1076,FMCG Client 076,FMCG & Food Processing,45,6517.8,2024-03-21,2024-05-05,closed,2024-04-28,38,-7,False,False,prompt_payer
INV7001847,B007,B007-C1076,FMCG Client 076,FMCG & Food Processing,45,6650.26,2024-04-08,2024-05-23,closed,2024-05-24,46,1,False,False,prompt_payer
INV7001848,B007,B007-C1076,FMCG Client 076,FMCG & Food Processing,45,12753.76,2024-04-11,2024-05-26,closed,2024-05-24,43,-2,False,False,prompt_payer
INV7001849,B007,B007-C1076,FMCG Client 076,FMCG & Food Processing,45,12984.57,2024-04-12,2024-05-27,closed,2024-05-23,41,-4,False,False,prompt_payer
INV7001850,B007,B007-C1076,FMCG Client 076,FMCG & Food Processing,45,6431.57,2024-07-25,2024-09-08,closed,2024-09-02,39,-6,False,False,prompt_payer
INV7001851,B007,B007-C1076,FMCG Client 076,FMCG & Food Processing,45,8329.85,2024-09-14,2024-10-29,closed,2024-11-04,51,6,False,False,prompt_payer
INV7001852,B007,B007-C1076,FMCG Client 076,FMCG & Food Processing,45,7928.38,2024-09-21,2024-11-05,closed,2024-11-01,41,-4,False,False,prompt_payer
INV7001853,B007,B007-C1076,FMCG Client 076,FMCG & Food Processing,45,7133.35,2024-12-08,2025-01-22,closed,2025-01-21,44,-1,False,False,prompt_payer
INV7001854,B007,B007-C1076,FMCG Client 076,FMCG & Food Processing,45,6699.28,2024-12-25,2025-02-08,closed,2025-02-05,42,-3,False,False,prompt_payer
INV7001855,B007,B007-C1076,FMCG Client 076,FMCG & Food Processing,45,12846.34,2025-01-09,2025-02-23,closed,2025-02-24,46,1,False,False,prompt_payer
INV7001856,B007,B007-C1076,FMCG Client 076,FMCG & Food Processing,45,7432.01,2025-01-17,2025-03-03,closed,2025-02-25,39,-6,False,False,prompt_payer
INV7001857,B007,B007-C1076,FMCG Client 076,FMCG & Food Processing,45,16804.33,2025-02-14,2025-03-31,closed,2025-04-06,51,6,False,False,prompt_payer
INV7001858,B007,B007-C1076,FMCG Client 076,FMCG & Food Processing,45,16541.26,2025-04-03,2025-05-18,closed,2025-05-11,38,-7,False,False,prompt_payer
INV7001859,B007,B007-C1076,FMCG Client 076,FMCG & Food Processing,45,4600.47,2025-04-07,2025-05-22,closed,2025-05-25,48,3,False,False,prompt_payer
INV7001860,B007,B007-C1076,FMCG Client 076,FMCG & Food Processing,45,7774.67,2025-05-05,2025-06-19,closed,2025-06-25,51,6,False,False,prompt_payer
INV7001861,B007,B007-C1076,FMCG Client 076,FMCG & Food Processing,45,5641.31,2025-06-02,2025-07-17,closed,2025-07-17,45,0,False,False,prompt_payer
INV7001862,B007,B007-C1076,FMCG Client 076,FMCG & Food Processing,45,7698.48,2025-07-14,2025-08-28,closed,2025-08-29,46,1,False,False,prompt_payer
INV7001863,B007,B007-C1076,FMCG Client 076,FMCG & Food Processing,45,7971.58,2025-07-21,2025-09-04,closed,2025-08-28,38,-7,False,False,prompt_payer
INV7001864,B007,B007-C1076,FMCG Client 076,FMCG & Food Processing,45,45625.09,2025-08-11,2025-09-25,closed,2025-09-22,42,-3,False,True,prompt_payer
INV7001865,B007,B007-C1076,FMCG Client 076,FMCG & Food Processing,45,6718.06,2025-10-16,2025-11-30,closed,2025-11-28,43,-2,False,False,prompt_payer
INV7001866,B007,B007-C1076,FMCG Client 076,FMCG & Food Processing,45,5551.56,2025-11-28,2026-01-12,closed,2026-01-08,41,-4,False,False,prompt_payer
INV7001867,B007,B007-C1076,FMCG Client 076,FMCG & Food Processing,45,56425.86,2025-12-12,2026-01-26,closed,2026-01-30,49,4,False,True,prompt_payer
INV7001868,B007,B007-C1076,FMCG Client 076,FMCG & Food Processing,45,10188.96,2025-12-30,2026-02-13,closed,2026-02-16,48,3,False,False,prompt_payer
INV7001869,B007,B007-C1076,FMCG Client 076,FMCG & Food Processing,45,21130.63,2026-01-16,2026-03-02,closed,2026-03-05,48,3,False,False,prompt_payer
INV7001870,B007,B007-C1076,FMCG Client 076,FMCG & Food Processing,45,9857.73,2026-05-13,2026-06-27,closed,2026-06-22,40,-5,False,False,prompt_payer
INV7001871,B007,B007-C1076,FMCG Client 076,FMCG & Food Processing,45,11445.97,2026-06-09,2026-07-24,closed,2026-07-20,41,-4,False,False,prompt_payer
INV7001872,B007,B007-C1076,FMCG Client 076,FMCG & Food Processing,45,10901.34,2026-06-18,2026-08-02,closed,2026-07-27,39,-6,False,False,prompt_payer
INV7001873,B007,B007-C1076,FMCG Client 076,FMCG & Food Processing,45,7823.28,2026-07-02,2026-08-16,closed,2026-08-14,43,-2,False,False,prompt_payer
INV7001874,B007,B007-C1076,FMCG Client 076,FMCG & Food Processing,45,46281.83,2026-07-06,2026-08-20,closed,2026-08-20,45,0,False,True,prompt_payer
INV7001875,B007,B007-C1076,FMCG Client 076,FMCG & Food Processing,45,7450.38,2026-07-11,2026-08-25,closed,2026-08-25,45,0,False,False,prompt_payer
INV7001876,B007,B007-C1076,FMCG Client 076,FMCG & Food Processing,45,13144.67,2026-07-14,2026-08-28,closed,2026-08-25,42,-3,False,False,prompt_payer
INV7001877,B007,B007-C1076,FMCG Client 076,FMCG & Food Processing,45,16728.6,2026-07-28,2026-09-11,open,,,,False,False,prompt_payer
INV7001878,B007,B007-C1077,Metal Client 077,Metal & Engineering,30,129895.87,2024-06-08,2024-07-08,closed,2024-07-05,27,-3,False,False,prompt_payer
INV7001879,B007,B007-C1077,Metal Client 077,Metal & Engineering,30,162176.72,2024-07-14,2024-08-13,closed,2024-08-14,31,1,False,False,prompt_payer
INV7001880,B007,B007-C1077,Metal Client 077,Metal & Engineering,30,107929.56,2024-08-21,2024-09-20,closed,2024-09-20,30,0,False,False,prompt_payer
INV7001881,B007,B007-C1077,Metal Client 077,Metal & Engineering,30,183021.17,2024-09-11,2024-10-11,closed,2024-10-09,28,-2,False,False,prompt_payer
INV7001882,B007,B007-C1077,Metal Client 077,Metal & Engineering,30,147933.83,2024-09-15,2024-10-15,closed,2024-10-14,29,-1,False,False,prompt_payer
INV7001883,B007,B007-C1077,Metal Client 077,Metal & Engineering,30,133214.06,2024-09-22,2024-10-22,closed,2024-10-24,32,2,False,False,prompt_payer
INV7001884,B007,B007-C1077,Metal Client 077,Metal & Engineering,30,134104.31,2024-10-05,2024-11-04,closed,2024-11-05,31,1,False,False,prompt_payer
INV7001885,B007,B007-C1077,Metal Client 077,Metal & Engineering,30,457910.5,2024-10-06,2024-11-05,closed,2024-11-09,34,4,False,True,prompt_payer
INV7001886,B007,B007-C1077,Metal Client 077,Metal & Engineering,30,151130.27,2024-10-07,2024-11-06,closed,2024-11-04,28,-2,False,False,prompt_payer
INV7001887,B007,B007-C1077,Metal Client 077,Metal & Engineering,30,128057.69,2024-12-05,2025-01-04,open,,,,False,False,prompt_payer
INV7001888,B007,B007-C1077,Metal Client 077,Metal & Engineering,30,127116.63,2025-01-23,2025-02-22,closed,2025-02-21,29,-1,False,False,prompt_payer
INV7001889,B007,B007-C1077,Metal Client 077,Metal & Engineering,30,217396.71,2025-04-25,2025-05-25,closed,2025-05-27,32,2,False,False,prompt_payer
INV7001890,B007,B007-C1077,Metal Client 077,Metal & Engineering,30,124622.87,2025-05-29,2025-06-28,closed,2025-06-22,24,-6,False,False,prompt_payer
INV7001891,B007,B007-C1077,Metal Client 077,Metal & Engineering,30,199103.02,2025-06-16,2025-07-16,closed,2025-07-14,28,-2,False,False,prompt_payer
INV7001892,B007,B007-C1077,Metal Client 077,Metal & Engineering,30,144124.59,2025-08-13,2025-09-12,closed,2025-09-05,23,-7,False,False,prompt_payer
INV7001893,B007,B007-C1077,Metal Client 077,Metal & Engineering,30,125263.29,2026-06-21,2026-07-21,closed,2026-07-26,35,5,False,False,prompt_payer
INV7001894,B007,B007-C1077,Metal Client 077,Metal & Engineering,30,147248.27,2026-07-01,2026-07-31,closed,2026-08-02,32,2,False,False,prompt_payer
INV7001895,B007,B007-C1077,Metal Client 077,Metal & Engineering,30,123189.59,2026-07-13,2026-08-12,closed,2026-08-14,32,2,False,False,prompt_payer
INV7001896,B007,B007-C1078,Pharma Client 078,Pharma & Healthcare,45,79259.61,2024-03-22,2024-05-06,closed,2024-05-08,47,2,False,False,prompt_payer
INV7001897,B007,B007-C1078,Pharma Client 078,Pharma & Healthcare,45,98250.33,2024-03-29,2024-05-13,closed,2024-05-09,41,-4,False,False,prompt_payer
INV7001898,B007,B007-C1078,Pharma Client 078,Pharma & Healthcare,45,141639.44,2024-03-30,2024-05-14,closed,2024-05-18,49,4,False,False,prompt_payer
INV7001899,B007,B007-C1078,Pharma Client 078,Pharma & Healthcare,45,137915.95,2024-07-01,2024-08-15,closed,2024-08-15,45,0,False,False,prompt_payer
INV7001900,B007,B007-C1078,Pharma Client 078,Pharma & Healthcare,45,162603.24,2024-07-11,2024-08-25,closed,2024-08-25,45,0,False,False,prompt_payer
INV7001901,B007,B007-C1078,Pharma Client 078,Pharma & Healthcare,45,131437.87,2024-09-30,2024-11-14,closed,2024-11-16,47,2,False,False,prompt_payer
INV7001902,B007,B007-C1078,Pharma Client 078,Pharma & Healthcare,45,141481.75,2024-10-03,2024-11-17,closed,2024-11-18,46,1,False,False,prompt_payer
INV7001903,B007,B007-C1078,Pharma Client 078,Pharma & Healthcare,45,715577.54,2024-10-09,2024-11-23,closed,2024-11-21,43,-2,False,True,prompt_payer
INV7001904,B007,B007-C1078,Pharma Client 078,Pharma & Healthcare,45,109704.81,2024-10-30,2024-12-14,open,,,,False,False,prompt_payer
INV7001905,B007,B007-C1078,Pharma Client 078,Pharma & Healthcare,45,150682.86,2024-10-31,2024-12-15,closed,2024-12-20,50,5,False,False,prompt_payer
INV7001906,B007,B007-C1078,Pharma Client 078,Pharma & Healthcare,45,69475.69,2024-11-02,2024-12-17,closed,2024-12-13,41,-4,False,False,prompt_payer
INV7001907,B007,B007-C1078,Pharma Client 078,Pharma & Healthcare,45,536317.54,2024-11-17,2025-01-01,closed,2024-12-29,42,-3,False,True,prompt_payer
INV7001908,B007,B007-C1078,Pharma Client 078,Pharma & Healthcare,45,135550.77,2024-12-07,2025-01-21,closed,2025-01-19,43,-2,False,False,prompt_payer
INV7001909,B007,B007-C1078,Pharma Client 078,Pharma & Healthcare,45,97086.88,2024-12-15,2025-01-29,closed,2025-01-20,36,-9,False,False,prompt_payer
INV7001910,B007,B007-C1078,Pharma Client 078,Pharma & Healthcare,45,116315.15,2025-01-12,2025-02-26,closed,2025-02-23,42,-3,False,False,prompt_payer
INV7001911,B007,B007-C1078,Pharma Client 078,Pharma & Healthcare,45,152107.09,2025-01-17,2025-03-03,closed,2025-03-01,43,-2,False,False,prompt_payer
INV7001912,B007,B007-C1078,Pharma Client 078,Pharma & Healthcare,45,138595.14,2025-02-01,2025-03-18,closed,2025-03-22,49,4,False,False,prompt_payer
INV7001913,B007,B007-C1078,Pharma Client 078,Pharma & Healthcare,45,119715.17,2025-02-03,2025-03-20,closed,2025-03-22,47,2,False,False,prompt_payer
INV7001914,B007,B007-C1078,Pharma Client 078,Pharma & Healthcare,45,84947.82,2025-02-11,2025-03-28,closed,2025-03-26,43,-2,False,False,prompt_payer
INV7001915,B007,B007-C1078,Pharma Client 078,Pharma & Healthcare,45,122413.87,2025-02-12,2025-03-29,closed,2025-04-02,49,4,False,False,prompt_payer
INV7001916,B007,B007-C1078,Pharma Client 078,Pharma & Healthcare,45,83192.59,2025-02-21,2025-04-07,closed,2025-04-06,44,-1,False,False,prompt_payer
INV7001917,B007,B007-C1078,Pharma Client 078,Pharma & Healthcare,45,124574.82,2025-03-01,2025-04-15,closed,2025-04-16,46,1,False,False,prompt_payer
INV7001918,B007,B007-C1078,Pharma Client 078,Pharma & Healthcare,45,102472.39,2025-03-02,2025-04-16,closed,2025-04-13,42,-3,False,False,prompt_payer
INV7001919,B007,B007-C1078,Pharma Client 078,Pharma & Healthcare,45,100068.73,2025-03-25,2025-05-09,closed,2025-05-04,40,-5,False,False,prompt_payer
INV7001920,B007,B007-C1078,Pharma Client 078,Pharma & Healthcare,45,102593.18,2025-03-27,2025-05-11,closed,2025-05-17,51,6,False,False,prompt_payer
INV7001921,B007,B007-C1078,Pharma Client 078,Pharma & Healthcare,45,103760.25,2025-03-31,2025-05-15,closed,2025-05-12,42,-3,False,False,prompt_payer
INV7001922,B007,B007-C1078,Pharma Client 078,Pharma & Healthcare,45,102097.49,2025-04-10,2025-05-25,closed,2025-05-31,51,6,False,False,prompt_payer
INV7001923,B007,B007-C1078,Pharma Client 078,Pharma & Healthcare,45,106249.25,2025-05-08,2025-06-22,closed,2025-06-19,42,-3,False,False,prompt_payer
INV7001924,B007,B007-C1078,Pharma Client 078,Pharma & Healthcare,45,160362.65,2025-06-01,2025-07-16,closed,2025-07-17,46,1,False,False,prompt_payer
INV7001925,B007,B007-C1078,Pharma Client 078,Pharma & Healthcare,45,124928.8,2025-07-28,2025-09-11,closed,2025-09-19,53,8,False,False,prompt_payer
INV7001926,B007,B007-C1078,Pharma Client 078,Pharma & Healthcare,45,182297.32,2025-08-17,2025-10-01,closed,2025-10-04,48,3,False,False,prompt_payer
INV7001927,B007,B007-C1078,Pharma Client 078,Pharma & Healthcare,45,106953.71,2025-08-18,2025-10-02,closed,2025-10-04,47,2,False,False,prompt_payer
INV7001928,B007,B007-C1078,Pharma Client 078,Pharma & Healthcare,45,197509.14,2025-08-25,2025-10-09,closed,2025-10-12,48,3,False,False,prompt_payer
INV7001929,B007,B007-C1078,Pharma Client 078,Pharma & Healthcare,45,81553.32,2025-09-26,2025-11-10,closed,2025-11-05,40,-5,False,False,prompt_payer
INV7001930,B007,B007-C1078,Pharma Client 078,Pharma & Healthcare,45,135229.99,2025-10-31,2025-12-15,closed,2025-12-17,47,2,False,False,prompt_payer
INV7001931,B007,B007-C1078,Pharma Client 078,Pharma & Healthcare,45,159636.38,2025-11-13,2025-12-28,closed,2025-12-22,39,-6,False,False,prompt_payer
INV7001932,B007,B007-C1078,Pharma Client 078,Pharma & Healthcare,45,109235.17,2025-12-05,2026-01-19,closed,2026-01-20,46,1,False,False,prompt_payer
INV7001933,B007,B007-C1078,Pharma Client 078,Pharma & Healthcare,45,127964.87,2025-12-18,2026-02-01,closed,2026-02-02,46,1,False,False,prompt_payer
INV7001934,B007,B007-C1078,Pharma Client 078,Pharma & Healthcare,45,86713.41,2026-01-22,2026-03-08,closed,2026-03-02,39,-6,False,False,prompt_payer
INV7001935,B007,B007-C1078,Pharma Client 078,Pharma & Healthcare,45,117029.37,2026-01-29,2026-03-15,closed,2026-03-17,47,2,False,False,prompt_payer
INV7001936,B007,B007-C1078,Pharma Client 078,Pharma & Healthcare,45,99025.59,2026-03-18,2026-05-02,closed,2026-05-05,48,3,False,False,prompt_payer
INV7001937,B007,B007-C1078,Pharma Client 078,Pharma & Healthcare,45,109382.56,2026-03-25,2026-05-09,closed,2026-04-30,36,-9,False,False,prompt_payer
INV7001938,B007,B007-C1078,Pharma Client 078,Pharma & Healthcare,45,92771.08,2026-04-20,2026-06-04,closed,2026-06-04,45,0,False,False,prompt_payer
INV7001939,B007,B007-C1078,Pharma Client 078,Pharma & Healthcare,45,197900.74,2026-06-06,2026-07-21,closed,2026-07-26,50,5,False,False,prompt_payer
INV7001940,B007,B007-C1078,Pharma Client 078,Pharma & Healthcare,45,136327.37,2026-06-08,2026-07-23,closed,2026-07-23,45,0,False,False,prompt_payer
INV7001941,B007,B007-C1078,Pharma Client 078,Pharma & Healthcare,45,146958.65,2026-06-20,2026-08-04,closed,2026-08-06,47,2,False,False,prompt_payer
INV7001942,B007,B007-C1078,Pharma Client 078,Pharma & Healthcare,45,461062.2,2026-07-22,2026-09-05,closed,2026-08-30,39,-6,False,True,prompt_payer
INV7001943,B007,B007-C1078,Pharma Client 078,Pharma & Healthcare,45,111735.83,2026-07-27,2026-09-10,disputed_open,,,,False,False,prompt_payer
INV7001944,B007,B007-C1079,Textiles Client 079,Textiles & Apparel,30,704635.41,2024-06-06,2024-07-06,closed,2024-06-30,24,-6,False,True,prompt_payer
INV7001945,B007,B007-C1079,Textiles Client 079,Textiles & Apparel,30,86591.4,2024-09-25,2024-10-25,closed,2024-10-21,26,-4,False,False,prompt_payer
INV7001946,B007,B007-C1079,Textiles Client 079,Textiles & Apparel,30,127223.42,2024-11-05,2024-12-05,closed,2024-11-26,21,-9,False,False,prompt_payer
INV7001947,B007,B007-C1079,Textiles Client 079,Textiles & Apparel,30,118743.65,2024-12-29,2025-01-28,closed,2025-01-27,29,-1,False,False,prompt_payer
INV7001948,B007,B007-C1079,Textiles Client 079,Textiles & Apparel,30,143029.04,2025-02-12,2025-03-14,closed,2025-03-13,29,-1,False,False,prompt_payer
INV7001949,B007,B007-C1079,Textiles Client 079,Textiles & Apparel,30,122215.24,2025-02-27,2025-03-29,closed,2025-03-27,28,-2,False,False,prompt_payer
INV7001950,B007,B007-C1079,Textiles Client 079,Textiles & Apparel,30,107930.28,2025-03-16,2025-04-15,closed,2025-04-13,28,-2,False,False,prompt_payer
INV7001951,B007,B007-C1079,Textiles Client 079,Textiles & Apparel,30,472269.74,2025-05-26,2025-06-25,closed,2025-06-24,29,-1,True,True,prompt_payer
INV7001952,B007,B007-C1079,Textiles Client 079,Textiles & Apparel,30,499266.15,2025-09-12,2025-10-12,closed,2025-10-08,26,-4,False,True,prompt_payer
INV7001953,B007,B007-C1079,Textiles Client 079,Textiles & Apparel,30,119107.58,2025-11-05,2025-12-05,closed,2025-12-07,32,2,False,False,prompt_payer
INV7001954,B007,B007-C1079,Textiles Client 079,Textiles & Apparel,30,115476.94,2025-11-18,2025-12-18,closed,2025-12-22,34,4,False,False,prompt_payer
INV7001955,B007,B007-C1079,Textiles Client 079,Textiles & Apparel,30,199002.85,2025-12-04,2026-01-03,closed,2025-12-31,27,-3,False,False,prompt_payer
INV7001956,B007,B007-C1079,Textiles Client 079,Textiles & Apparel,30,268477.22,2025-12-05,2026-01-04,closed,2026-01-07,33,3,False,False,prompt_payer
INV7001957,B007,B007-C1079,Textiles Client 079,Textiles & Apparel,30,163782.03,2025-12-09,2026-01-08,closed,2026-01-08,30,0,False,False,prompt_payer
INV7001958,B007,B007-C1079,Textiles Client 079,Textiles & Apparel,30,105441.02,2025-12-28,2026-01-27,closed,2026-01-25,28,-2,False,False,prompt_payer
INV7001959,B007,B007-C1079,Textiles Client 079,Textiles & Apparel,30,138289.71,2026-02-02,2026-03-04,closed,2026-03-02,28,-2,False,False,prompt_payer
INV7001960,B007,B007-C1079,Textiles Client 079,Textiles & Apparel,30,86091.81,2026-06-17,2026-07-17,closed,2026-07-15,28,-2,False,False,prompt_payer
INV7001961,B007,B007-C1079,Textiles Client 079,Textiles & Apparel,30,123864.82,2026-07-15,2026-08-14,closed,2026-08-14,30,0,False,False,prompt_payer
INV7001962,B007,B007-C1080,FMCG Client 080,FMCG & Food Processing,45,65041.99,2024-03-29,2024-05-13,closed,2024-05-21,53,8,False,False,average_payer
INV7001963,B007,B007-C1080,FMCG Client 080,FMCG & Food Processing,45,107220.64,2024-05-22,2024-07-06,closed,2024-07-09,48,3,False,False,average_payer
INV7001964,B007,B007-C1080,FMCG Client 080,FMCG & Food Processing,45,73093.77,2024-06-29,2024-08-13,closed,2024-08-21,53,8,False,False,average_payer
INV7001965,B007,B007-C1080,FMCG Client 080,FMCG & Food Processing,45,118251.39,2024-07-23,2024-09-06,closed,2024-09-19,58,13,False,False,average_payer
INV7001966,B007,B007-C1080,FMCG Client 080,FMCG & Food Processing,45,83325.7,2024-09-28,2024-11-12,closed,2024-12-03,66,21,False,False,average_payer
INV7001967,B007,B007-C1080,FMCG Client 080,FMCG & Food Processing,45,92580.84,2024-12-09,2025-01-23,closed,2025-02-01,54,9,False,False,average_payer
INV7001968,B007,B007-C1080,FMCG Client 080,FMCG & Food Processing,45,100420.08,2024-12-17,2025-01-31,closed,2025-02-16,61,16,False,False,average_payer
INV7001969,B007,B007-C1080,FMCG Client 080,FMCG & Food Processing,45,131578.05,2025-01-26,2025-03-12,closed,2025-03-19,52,7,False,False,average_payer
INV7001970,B007,B007-C1080,FMCG Client 080,FMCG & Food Processing,45,78937.07,2025-03-06,2025-04-20,closed,2025-04-25,50,5,False,False,average_payer
INV7001971,B007,B007-C1080,FMCG Client 080,FMCG & Food Processing,45,71848.84,2025-05-17,2025-07-01,closed,2025-07-01,45,0,False,False,average_payer
INV7001972,B007,B007-C1080,FMCG Client 080,FMCG & Food Processing,45,88105.61,2025-05-29,2025-07-13,closed,2025-07-20,52,7,False,False,average_payer
INV7001973,B007,B007-C1080,FMCG Client 080,FMCG & Food Processing,45,103296.99,2025-07-03,2025-08-17,closed,2025-08-18,46,1,False,False,average_payer
INV7001974,B007,B007-C1080,FMCG Client 080,FMCG & Food Processing,45,85654.83,2025-07-31,2025-09-14,closed,2025-09-29,60,15,False,False,average_payer
INV7001975,B007,B007-C1080,FMCG Client 080,FMCG & Food Processing,45,106364.54,2026-03-30,2026-05-14,closed,2026-05-20,51,6,False,False,average_payer
INV7001976,B007,B007-C1080,FMCG Client 080,FMCG & Food Processing,45,149884.47,2026-06-06,2026-07-21,closed,2026-07-26,50,5,False,False,average_payer
INV7001977,B007,B007-C1081,Chemicals Client 081,Chemicals & Plastics,45,221838.57,2024-03-20,2024-05-04,closed,2024-05-02,43,-2,True,False,prompt_payer
INV7001978,B007,B007-C1081,Chemicals Client 081,Chemicals & Plastics,45,420671.05,2024-03-29,2024-05-13,closed,2024-05-12,44,-1,False,False,prompt_payer
INV7001979,B007,B007-C1081,Chemicals Client 081,Chemicals & Plastics,45,130448.74,2024-05-22,2024-07-06,closed,2024-07-03,42,-3,False,False,prompt_payer
INV7001980,B007,B007-C1081,Chemicals Client 081,Chemicals & Plastics,45,285405.91,2024-06-14,2024-07-29,closed,2024-08-03,50,5,False,False,prompt_payer
INV7001981,B007,B007-C1081,Chemicals Client 081,Chemicals & Plastics,45,113679.79,2024-06-28,2024-08-12,closed,2024-08-08,41,-4,False,False,prompt_payer
INV7001982,B007,B007-C1081,Chemicals Client 081,Chemicals & Plastics,45,183789.27,2024-07-11,2024-08-25,closed,2024-08-27,47,2,False,False,prompt_payer
INV7001983,B007,B007-C1081,Chemicals Client 081,Chemicals & Plastics,45,291916.14,2024-07-14,2024-08-28,closed,2024-08-22,39,-6,False,False,prompt_payer
INV7001984,B007,B007-C1081,Chemicals Client 081,Chemicals & Plastics,45,167110.24,2024-07-22,2024-09-05,closed,2024-09-04,44,-1,False,False,prompt_payer
INV7001985,B007,B007-C1081,Chemicals Client 081,Chemicals & Plastics,45,198072.56,2024-08-04,2024-09-18,closed,2024-09-21,48,3,False,False,prompt_payer
INV7001986,B007,B007-C1081,Chemicals Client 081,Chemicals & Plastics,45,214336.46,2024-08-21,2024-10-05,closed,2024-10-03,43,-2,False,False,prompt_payer
INV7001987,B007,B007-C1081,Chemicals Client 081,Chemicals & Plastics,45,184600.38,2024-10-07,2024-11-21,closed,2024-11-15,39,-6,False,False,prompt_payer
INV7001988,B007,B007-C1081,Chemicals Client 081,Chemicals & Plastics,45,278063.65,2024-10-21,2024-12-05,closed,2024-12-11,51,6,False,False,prompt_payer
INV7001989,B007,B007-C1081,Chemicals Client 081,Chemicals & Plastics,45,179139.12,2024-11-03,2024-12-18,closed,2024-12-15,42,-3,False,False,prompt_payer
INV7001990,B007,B007-C1081,Chemicals Client 081,Chemicals & Plastics,45,163897.54,2024-11-14,2024-12-29,closed,2024-12-26,42,-3,False,False,prompt_payer
INV7001991,B007,B007-C1081,Chemicals Client 081,Chemicals & Plastics,45,897441.91,2024-11-25,2025-01-09,closed,2025-01-09,45,0,False,True,prompt_payer
INV7001992,B007,B007-C1081,Chemicals Client 081,Chemicals & Plastics,45,208372.85,2024-12-27,2025-02-10,closed,2025-02-05,40,-5,False,False,prompt_payer
INV7001993,B007,B007-C1081,Chemicals Client 081,Chemicals & Plastics,45,130867.56,2025-02-25,2025-04-11,closed,2025-04-10,44,-1,False,False,prompt_payer
INV7001994,B007,B007-C1081,Chemicals Client 081,Chemicals & Plastics,45,287215.21,2025-04-25,2025-06-09,closed,2025-05-31,36,-9,False,False,prompt_payer
INV7001995,B007,B007-C1081,Chemicals Client 081,Chemicals & Plastics,45,428917.39,2025-04-26,2025-06-10,closed,2025-06-07,42,-3,False,False,prompt_payer
INV7001996,B007,B007-C1081,Chemicals Client 081,Chemicals & Plastics,45,1247699.85,2025-04-27,2025-06-11,closed,2025-06-15,49,4,False,True,prompt_payer
INV7001997,B007,B007-C1081,Chemicals Client 081,Chemicals & Plastics,45,172129.75,2025-05-19,2025-07-03,closed,2025-07-01,43,-2,False,False,prompt_payer
INV7001998,B007,B007-C1081,Chemicals Client 081,Chemicals & Plastics,45,191433.37,2025-06-20,2025-08-04,closed,2025-08-09,50,5,False,False,prompt_payer
INV7001999,B007,B007-C1081,Chemicals Client 081,Chemicals & Plastics,45,298551.95,2025-08-23,2025-10-07,closed,2025-10-04,42,-3,False,False,prompt_payer
INV7002000,B007,B007-C1081,Chemicals Client 081,Chemicals & Plastics,45,194580.86,2025-08-26,2025-10-10,closed,2025-10-12,47,2,False,False,prompt_payer
INV7002001,B007,B007-C1081,Chemicals Client 081,Chemicals & Plastics,45,197779.0,2025-09-13,2025-10-28,closed,2025-10-29,46,1,False,False,prompt_payer
INV7002002,B007,B007-C1081,Chemicals Client 081,Chemicals & Plastics,45,562796.39,2025-10-08,2025-11-22,closed,2025-11-22,45,0,False,True,prompt_payer
INV7002003,B007,B007-C1081,Chemicals Client 081,Chemicals & Plastics,45,284007.86,2025-10-09,2025-11-23,closed,2025-11-17,39,-6,False,False,prompt_payer
INV7002004,B007,B007-C1081,Chemicals Client 081,Chemicals & Plastics,45,267059.58,2025-10-21,2025-12-05,closed,2025-12-12,52,7,False,False,prompt_payer
INV7002005,B007,B007-C1081,Chemicals Client 081,Chemicals & Plastics,45,187375.19,2025-11-19,2026-01-03,closed,2026-01-07,49,4,False,False,prompt_payer
INV7002006,B007,B007-C1081,Chemicals Client 081,Chemicals & Plastics,45,262625.95,2025-11-21,2026-01-05,closed,2026-01-04,44,-1,False,False,prompt_payer
INV7002007,B007,B007-C1081,Chemicals Client 081,Chemicals & Plastics,45,195680.44,2026-01-05,2026-02-19,closed,2026-02-21,47,2,False,False,prompt_payer
INV7002008,B007,B007-C1081,Chemicals Client 081,Chemicals & Plastics,45,829882.23,2026-01-20,2026-03-06,closed,2026-03-05,44,-1,False,True,prompt_payer
INV7002009,B007,B007-C1081,Chemicals Client 081,Chemicals & Plastics,45,199305.57,2026-02-07,2026-03-24,closed,2026-03-24,45,0,False,False,prompt_payer
INV7002010,B007,B007-C1081,Chemicals Client 081,Chemicals & Plastics,45,164591.76,2026-02-22,2026-04-08,closed,2026-04-11,48,3,False,False,prompt_payer
INV7002011,B007,B007-C1081,Chemicals Client 081,Chemicals & Plastics,45,175897.76,2026-03-14,2026-04-28,closed,2026-04-26,43,-2,False,False,prompt_payer
INV7002012,B007,B007-C1081,Chemicals Client 081,Chemicals & Plastics,45,239114.66,2026-04-23,2026-06-07,closed,2026-06-04,42,-3,False,False,prompt_payer
INV7002013,B007,B007-C1081,Chemicals Client 081,Chemicals & Plastics,45,277694.74,2026-05-20,2026-07-04,closed,2026-07-02,43,-2,False,False,prompt_payer
INV7002014,B007,B007-C1081,Chemicals Client 081,Chemicals & Plastics,45,323782.86,2026-06-17,2026-08-01,closed,2026-08-06,50,5,False,False,prompt_payer
INV7002015,B007,B007-C1081,Chemicals Client 081,Chemicals & Plastics,45,348725.85,2026-06-23,2026-08-07,closed,2026-08-11,49,4,False,False,prompt_payer
INV7002016,B007,B007-C1081,Chemicals Client 081,Chemicals & Plastics,45,266079.89,2026-06-23,2026-08-07,closed,2026-08-06,44,-1,False,False,prompt_payer
INV7002017,B007,B007-C1081,Chemicals Client 081,Chemicals & Plastics,45,248254.05,2026-07-08,2026-08-22,closed,2026-08-26,49,4,False,False,prompt_payer
INV7002018,B007,B007-C1081,Chemicals Client 081,Chemicals & Plastics,45,280022.32,2026-07-12,2026-08-26,closed,2026-08-30,49,4,False,False,prompt_payer
INV7002019,B007,B007-C1081,Chemicals Client 081,Chemicals & Plastics,45,129973.84,2026-07-13,2026-08-27,closed,2026-08-22,40,-5,False,False,prompt_payer
INV7002020,B007,B007-C1081,Chemicals Client 081,Chemicals & Plastics,45,274762.82,2026-07-17,2026-08-31,open,,,,False,False,prompt_payer
INV7002021,B007,B007-C1081,Chemicals Client 081,Chemicals & Plastics,45,204597.1,2026-08-16,2026-09-30,open,,,,False,False,prompt_payer
INV7002022,B007,B007-C1082,Chemicals Client 082,Chemicals & Plastics,30,170184.95,2024-03-17,2024-04-16,closed,2024-04-22,36,6,False,False,prompt_payer
INV7002023,B007,B007-C1082,Chemicals Client 082,Chemicals & Plastics,30,170139.6,2024-04-27,2024-05-27,closed,2024-05-23,26,-4,False,False,prompt_payer
INV7002024,B007,B007-C1082,Chemicals Client 082,Chemicals & Plastics,30,246796.25,2024-04-29,2024-05-29,closed,2024-05-29,30,0,False,False,prompt_payer
INV7002025,B007,B007-C1082,Chemicals Client 082,Chemicals & Plastics,30,191639.75,2024-06-14,2024-07-14,closed,2024-07-18,34,4,False,False,prompt_payer
INV7002026,B007,B007-C1082,Chemicals Client 082,Chemicals & Plastics,30,331492.97,2024-07-12,2024-08-11,closed,2024-08-05,24,-6,False,False,prompt_payer
INV7002027,B007,B007-C1082,Chemicals Client 082,Chemicals & Plastics,30,228140.91,2024-07-25,2024-08-24,closed,2024-08-23,29,-1,False,False,prompt_payer
INV7002028,B007,B007-C1082,Chemicals Client 082,Chemicals & Plastics,30,339221.63,2024-08-25,2024-09-24,closed,2024-10-02,38,8,False,False,prompt_payer
INV7002029,B007,B007-C1082,Chemicals Client 082,Chemicals & Plastics,30,210391.39,2024-09-16,2024-10-16,closed,2024-10-14,28,-2,False,False,prompt_payer
INV7002030,B007,B007-C1082,Chemicals Client 082,Chemicals & Plastics,30,238578.41,2024-10-07,2024-11-06,closed,2024-11-03,27,-3,False,False,prompt_payer
INV7002031,B007,B007-C1082,Chemicals Client 082,Chemicals & Plastics,30,228195.42,2024-11-22,2024-12-22,closed,2024-12-27,35,5,False,False,prompt_payer
INV7002032,B007,B007-C1082,Chemicals Client 082,Chemicals & Plastics,30,1892365.03,2024-12-25,2025-01-24,closed,2025-01-27,33,3,False,True,prompt_payer
INV7002033,B007,B007-C1082,Chemicals Client 082,Chemicals & Plastics,30,245337.84,2025-01-05,2025-02-04,closed,2025-02-02,28,-2,False,False,prompt_payer
INV7002034,B007,B007-C1082,Chemicals Client 082,Chemicals & Plastics,30,190905.55,2025-03-05,2025-04-04,closed,2025-03-29,24,-6,False,False,prompt_payer
INV7002035,B007,B007-C1082,Chemicals Client 082,Chemicals & Plastics,30,223997.33,2025-04-14,2025-05-14,closed,2025-05-05,21,-9,False,False,prompt_payer
INV7002036,B007,B007-C1082,Chemicals Client 082,Chemicals & Plastics,30,213898.59,2025-04-29,2025-05-29,closed,2025-05-28,29,-1,False,False,prompt_payer
INV7002037,B007,B007-C1082,Chemicals Client 082,Chemicals & Plastics,30,147015.95,2025-05-07,2025-06-06,closed,2025-06-14,38,8,False,False,prompt_payer
INV7002038,B007,B007-C1082,Chemicals Client 082,Chemicals & Plastics,30,195333.91,2025-05-13,2025-06-12,closed,2025-06-16,34,4,False,False,prompt_payer
INV7002039,B007,B007-C1082,Chemicals Client 082,Chemicals & Plastics,30,211692.68,2025-06-06,2025-07-06,closed,2025-07-03,27,-3,False,False,prompt_payer
INV7002040,B007,B007-C1082,Chemicals Client 082,Chemicals & Plastics,30,220061.14,2025-06-11,2025-07-11,closed,2025-07-06,25,-5,False,False,prompt_payer
INV7002041,B007,B007-C1082,Chemicals Client 082,Chemicals & Plastics,30,334227.16,2025-06-24,2025-07-24,closed,2025-07-24,30,0,False,False,prompt_payer
INV7002042,B007,B007-C1082,Chemicals Client 082,Chemicals & Plastics,30,228522.44,2025-07-13,2025-08-12,closed,2025-08-09,27,-3,False,False,prompt_payer
INV7002043,B007,B007-C1082,Chemicals Client 082,Chemicals & Plastics,30,260371.38,2025-07-13,2025-08-12,closed,2025-08-07,25,-5,False,False,prompt_payer
INV7002044,B007,B007-C1082,Chemicals Client 082,Chemicals & Plastics,30,202169.52,2025-09-13,2025-10-13,closed,2025-10-15,32,2,False,False,prompt_payer
INV7002045,B007,B007-C1082,Chemicals Client 082,Chemicals & Plastics,30,165413.31,2025-10-28,2025-11-27,closed,2025-11-18,21,-9,False,False,prompt_payer
INV7002046,B007,B007-C1082,Chemicals Client 082,Chemicals & Plastics,30,411548.98,2025-11-09,2025-12-09,closed,2025-12-11,32,2,False,False,prompt_payer
INV7002047,B007,B007-C1082,Chemicals Client 082,Chemicals & Plastics,30,594365.88,2026-02-13,2026-03-15,closed,2026-03-15,30,0,False,True,prompt_payer
INV7002048,B007,B007-C1082,Chemicals Client 082,Chemicals & Plastics,30,472568.97,2026-03-18,2026-04-17,closed,2026-04-18,31,1,False,False,prompt_payer
INV7002049,B007,B007-C1082,Chemicals Client 082,Chemicals & Plastics,30,239431.88,2026-03-25,2026-04-24,closed,2026-04-24,30,0,False,False,prompt_payer
INV7002050,B007,B007-C1082,Chemicals Client 082,Chemicals & Plastics,30,192324.45,2026-03-26,2026-04-25,closed,2026-04-25,30,0,False,False,prompt_payer
INV7002051,B007,B007-C1082,Chemicals Client 082,Chemicals & Plastics,30,206054.56,2026-04-13,2026-05-13,closed,2026-05-09,26,-4,False,False,prompt_payer
INV7002052,B007,B007-C1082,Chemicals Client 082,Chemicals & Plastics,30,237454.01,2026-05-10,2026-06-09,closed,2026-06-12,33,3,False,False,prompt_payer
INV7002053,B007,B007-C1082,Chemicals Client 082,Chemicals & Plastics,30,175844.61,2026-07-15,2026-08-14,closed,2026-08-06,22,-8,False,False,prompt_payer
INV7002054,B007,B007-C1082,Chemicals Client 082,Chemicals & Plastics,30,291747.05,2026-08-14,2026-09-13,open,,,,False,False,prompt_payer
INV7002055,B007,B007-C1083,Retail Client 083,Retail & Distribution,30,91355.22,2024-03-22,2024-04-21,closed,2024-05-15,54,24,False,False,average_payer
INV7002056,B007,B007-C1083,Retail Client 083,Retail & Distribution,30,73875.97,2024-03-26,2024-04-25,closed,2024-05-01,36,6,False,False,average_payer
INV7002057,B007,B007-C1083,Retail Client 083,Retail & Distribution,30,167839.04,2024-04-05,2024-05-05,closed,2024-05-17,42,12,False,False,average_payer
INV7002058,B007,B007-C1083,Retail Client 083,Retail & Distribution,30,95518.63,2024-05-20,2024-06-19,closed,2024-06-12,23,-7,False,False,average_payer
INV7002059,B007,B007-C1083,Retail Client 083,Retail & Distribution,30,164860.41,2024-06-30,2024-07-30,closed,2024-08-03,34,4,False,False,average_payer
INV7002060,B007,B007-C1083,Retail Client 083,Retail & Distribution,30,96469.97,2024-07-27,2024-08-26,closed,2024-08-23,27,-3,False,False,average_payer
INV7002061,B007,B007-C1083,Retail Client 083,Retail & Distribution,30,193357.66,2024-08-02,2024-09-01,closed,2024-08-31,29,-1,False,False,average_payer
INV7002062,B007,B007-C1083,Retail Client 083,Retail & Distribution,30,98560.17,2024-08-05,2024-09-04,closed,2024-09-07,33,3,False,False,average_payer
INV7002063,B007,B007-C1083,Retail Client 083,Retail & Distribution,30,128238.65,2024-09-26,2024-10-26,closed,2024-11-02,37,7,False,False,average_payer
INV7002064,B007,B007-C1083,Retail Client 083,Retail & Distribution,30,127953.29,2024-09-28,2024-10-28,closed,2024-10-23,25,-5,False,False,average_payer
INV7002065,B007,B007-C1083,Retail Client 083,Retail & Distribution,30,136114.52,2024-12-03,2025-01-02,closed,2025-01-06,34,4,False,False,average_payer
INV7002066,B007,B007-C1083,Retail Client 083,Retail & Distribution,30,207641.45,2024-12-08,2025-01-07,closed,2025-01-25,48,18,False,False,average_payer
INV7002067,B007,B007-C1083,Retail Client 083,Retail & Distribution,30,170804.08,2025-01-02,2025-02-01,closed,2025-02-09,38,8,False,False,average_payer
INV7002068,B007,B007-C1083,Retail Client 083,Retail & Distribution,30,88628.96,2025-01-06,2025-02-05,closed,2025-02-14,39,9,False,False,average_payer
INV7002069,B007,B007-C1083,Retail Client 083,Retail & Distribution,30,168651.1,2025-03-01,2025-03-31,closed,2025-04-09,39,9,False,False,average_payer
INV7002070,B007,B007-C1083,Retail Client 083,Retail & Distribution,30,136693.69,2025-03-10,2025-04-09,closed,2025-04-20,41,11,False,False,average_payer
INV7002071,B007,B007-C1083,Retail Client 083,Retail & Distribution,30,307046.22,2025-04-01,2025-05-01,closed,2025-05-08,37,7,False,False,average_payer
INV7002072,B007,B007-C1083,Retail Client 083,Retail & Distribution,30,233489.71,2025-04-08,2025-05-08,closed,2025-05-05,27,-3,False,False,average_payer
INV7002073,B007,B007-C1083,Retail Client 083,Retail & Distribution,30,129511.74,2025-05-17,2025-06-16,closed,2025-06-21,35,5,False,False,average_payer
INV7002074,B007,B007-C1083,Retail Client 083,Retail & Distribution,30,125674.56,2025-07-19,2025-08-18,closed,2025-08-20,32,2,False,False,average_payer
INV7002075,B007,B007-C1083,Retail Client 083,Retail & Distribution,30,85066.43,2025-07-26,2025-08-25,closed,2025-08-30,35,5,False,False,average_payer
INV7002076,B007,B007-C1083,Retail Client 083,Retail & Distribution,30,158324.14,2025-07-28,2025-08-27,closed,2025-09-08,42,12,False,False,average_payer
INV7002077,B007,B007-C1083,Retail Client 083,Retail & Distribution,30,107689.66,2025-08-03,2025-09-02,closed,2025-09-07,35,5,False,False,average_payer
INV7002078,B007,B007-C1083,Retail Client 083,Retail & Distribution,30,143308.01,2025-08-06,2025-09-05,closed,2025-09-20,45,15,False,False,average_payer
INV7002079,B007,B007-C1083,Retail Client 083,Retail & Distribution,30,117985.43,2025-08-21,2025-09-20,closed,2025-09-17,27,-3,False,False,average_payer
INV7002080,B007,B007-C1083,Retail Client 083,Retail & Distribution,30,119092.38,2025-09-19,2025-10-19,closed,2025-10-29,40,10,False,False,average_payer
INV7002081,B007,B007-C1083,Retail Client 083,Retail & Distribution,30,149888.29,2025-09-25,2025-10-25,closed,2025-10-30,35,5,False,False,average_payer
INV7002082,B007,B007-C1083,Retail Client 083,Retail & Distribution,30,161542.77,2025-10-31,2025-11-30,closed,2025-12-12,42,12,False,False,average_payer
INV7002083,B007,B007-C1083,Retail Client 083,Retail & Distribution,30,100314.56,2025-11-15,2025-12-15,closed,2025-12-23,38,8,False,False,average_payer
INV7002084,B007,B007-C1083,Retail Client 083,Retail & Distribution,30,181561.84,2025-11-17,2025-12-17,closed,2025-12-22,35,5,False,False,average_payer
INV7002085,B007,B007-C1083,Retail Client 083,Retail & Distribution,30,88450.19,2025-12-06,2026-01-05,closed,2026-01-12,37,7,False,False,average_payer
INV7002086,B007,B007-C1083,Retail Client 083,Retail & Distribution,30,146754.38,2025-12-29,2026-01-28,closed,2026-01-26,28,-2,False,False,average_payer
INV7002087,B007,B007-C1083,Retail Client 083,Retail & Distribution,30,100043.42,2026-01-15,2026-02-14,closed,2026-02-17,33,3,False,False,average_payer
INV7002088,B007,B007-C1083,Retail Client 083,Retail & Distribution,30,84129.37,2026-03-28,2026-04-27,closed,2026-05-08,41,11,True,False,average_payer
INV7002089,B007,B007-C1083,Retail Client 083,Retail & Distribution,30,147582.41,2026-04-27,2026-05-27,closed,2026-06-16,50,20,False,False,average_payer
INV7002090,B007,B007-C1083,Retail Client 083,Retail & Distribution,30,154510.13,2026-05-05,2026-06-04,closed,2026-06-15,41,11,False,False,average_payer
INV7002091,B007,B007-C1083,Retail Client 083,Retail & Distribution,30,135414.68,2026-07-05,2026-08-04,closed,2026-07-31,26,-4,True,False,average_payer
INV7002092,B007,B007-C1083,Retail Client 083,Retail & Distribution,30,132832.74,2026-08-02,2026-09-01,open,,,,False,False,average_payer
INV7002093,B007,B007-C1084,Textiles Client 084,Textiles & Apparel,45,121676.37,2024-03-22,2024-05-06,closed,2024-05-10,49,4,False,False,average_payer
INV7002094,B007,B007-C1084,Textiles Client 084,Textiles & Apparel,45,507611.43,2024-03-26,2024-05-10,closed,2024-05-23,58,13,True,True,average_payer
INV7002095,B007,B007-C1084,Textiles Client 084,Textiles & Apparel,45,53016.76,2024-03-26,2024-05-10,closed,2024-05-21,56,11,False,False,average_payer
INV7002096,B007,B007-C1084,Textiles Client 084,Textiles & Apparel,45,81301.53,2024-04-13,2024-05-28,closed,2024-05-28,45,0,False,False,average_payer
INV7002097,B007,B007-C1084,Textiles Client 084,Textiles & Apparel,45,156190.1,2024-04-25,2024-06-09,closed,2024-06-08,44,-1,False,False,average_payer
INV7002098,B007,B007-C1084,Textiles Client 084,Textiles & Apparel,45,80903.01,2024-05-06,2024-06-20,closed,2024-07-03,58,13,False,False,average_payer
INV7002099,B007,B007-C1084,Textiles Client 084,Textiles & Apparel,45,151079.23,2024-06-07,2024-07-22,open,,,,False,False,average_payer
INV7002100,B007,B007-C1084,Textiles Client 084,Textiles & Apparel,45,107844.73,2024-07-15,2024-08-29,closed,2024-09-05,52,7,False,False,average_payer
INV7002101,B007,B007-C1084,Textiles Client 084,Textiles & Apparel,45,93365.63,2024-07-31,2024-09-14,closed,2024-09-16,47,2,False,False,average_payer
INV7002102,B007,B007-C1084,Textiles Client 084,Textiles & Apparel,45,126795.34,2024-08-25,2024-10-09,closed,2024-10-08,44,-1,False,False,average_payer
INV7002103,B007,B007-C1084,Textiles Client 084,Textiles & Apparel,45,82334.68,2024-09-02,2024-10-17,closed,2024-10-26,54,9,False,False,average_payer
INV7002104,B007,B007-C1084,Textiles Client 084,Textiles & Apparel,45,92881.02,2024-09-23,2024-11-07,closed,2024-11-13,51,6,False,False,average_payer
INV7002105,B007,B007-C1084,Textiles Client 084,Textiles & Apparel,45,106226.46,2024-09-25,2024-11-09,closed,2024-11-06,42,-3,False,False,average_payer
INV7002106,B007,B007-C1084,Textiles Client 084,Textiles & Apparel,45,140187.85,2024-10-04,2024-11-18,closed,2024-12-06,63,18,False,False,average_payer
INV7002107,B007,B007-C1084,Textiles Client 084,Textiles & Apparel,45,158075.63,2024-10-05,2024-11-19,closed,2024-11-26,52,7,False,False,average_payer
INV7002108,B007,B007-C1084,Textiles Client 084,Textiles & Apparel,45,87461.41,2024-12-05,2025-01-19,closed,2025-01-18,44,-1,False,False,average_payer
INV7002109,B007,B007-C1084,Textiles Client 084,Textiles & Apparel,45,137844.23,2025-02-10,2025-03-27,closed,2025-03-30,48,3,False,False,average_payer
INV7002110,B007,B007-C1084,Textiles Client 084,Textiles & Apparel,45,103506.92,2025-02-20,2025-04-06,closed,2025-04-11,50,5,True,False,average_payer
INV7002111,B007,B007-C1084,Textiles Client 084,Textiles & Apparel,45,211109.69,2025-02-28,2025-04-14,closed,2025-04-19,50,5,False,False,average_payer
INV7002112,B007,B007-C1084,Textiles Client 084,Textiles & Apparel,45,117645.82,2025-03-17,2025-05-01,closed,2025-05-08,52,7,False,False,average_payer
INV7002113,B007,B007-C1084,Textiles Client 084,Textiles & Apparel,45,85147.23,2025-03-19,2025-05-03,closed,2025-05-09,51,6,False,False,average_payer
INV7002114,B007,B007-C1084,Textiles Client 084,Textiles & Apparel,45,179284.99,2025-04-01,2025-05-16,closed,2025-05-14,43,-2,False,False,average_payer
INV7002115,B007,B007-C1084,Textiles Client 084,Textiles & Apparel,45,103413.12,2025-04-02,2025-05-17,closed,2025-05-11,39,-6,False,False,average_payer
INV7002116,B007,B007-C1084,Textiles Client 084,Textiles & Apparel,45,132627.02,2025-04-11,2025-05-26,closed,2025-05-24,43,-2,False,False,average_payer
INV7002117,B007,B007-C1084,Textiles Client 084,Textiles & Apparel,45,113055.04,2025-04-24,2025-06-08,closed,2025-06-22,59,14,False,False,average_payer
INV7002118,B007,B007-C1084,Textiles Client 084,Textiles & Apparel,45,81284.96,2025-05-13,2025-06-27,closed,2025-07-11,59,14,False,False,average_payer
INV7002119,B007,B007-C1084,Textiles Client 084,Textiles & Apparel,45,97103.45,2025-06-24,2025-08-08,closed,2025-08-11,48,3,False,False,average_payer
INV7002120,B007,B007-C1084,Textiles Client 084,Textiles & Apparel,45,106065.9,2025-07-11,2025-08-25,closed,2025-08-31,51,6,False,False,average_payer
INV7002121,B007,B007-C1084,Textiles Client 084,Textiles & Apparel,45,130300.49,2025-07-12,2025-08-26,disputed_open,,,,False,False,average_payer
INV7002122,B007,B007-C1084,Textiles Client 084,Textiles & Apparel,45,143035.26,2025-07-19,2025-09-02,closed,2025-09-08,51,6,False,False,average_payer
INV7002123,B007,B007-C1084,Textiles Client 084,Textiles & Apparel,45,104809.18,2025-07-24,2025-09-07,closed,2025-09-09,47,2,False,False,average_payer
INV7002124,B007,B007-C1084,Textiles Client 084,Textiles & Apparel,45,369970.26,2025-08-21,2025-10-05,closed,2025-09-29,39,-6,False,True,average_payer
INV7002125,B007,B007-C1084,Textiles Client 084,Textiles & Apparel,45,127454.65,2025-09-16,2025-10-31,closed,2025-10-28,42,-3,True,False,average_payer
INV7002126,B007,B007-C1084,Textiles Client 084,Textiles & Apparel,45,129524.06,2026-02-24,2026-04-10,closed,2026-04-12,47,2,False,False,average_payer
INV7002127,B007,B007-C1084,Textiles Client 084,Textiles & Apparel,45,149116.79,2026-03-07,2026-04-21,closed,2026-05-04,58,13,False,False,average_payer
INV7002128,B007,B007-C1084,Textiles Client 084,Textiles & Apparel,45,73553.65,2026-03-11,2026-04-25,closed,2026-04-28,48,3,False,False,average_payer
INV7002129,B007,B007-C1084,Textiles Client 084,Textiles & Apparel,45,125329.89,2026-05-16,2026-06-30,closed,2026-07-07,52,7,False,False,average_payer
INV7002130,B007,B007-C1084,Textiles Client 084,Textiles & Apparel,45,123124.68,2026-05-19,2026-07-03,closed,2026-07-14,56,11,False,False,average_payer
INV7002131,B007,B007-C1084,Textiles Client 084,Textiles & Apparel,45,67199.27,2026-06-15,2026-07-30,closed,2026-07-26,41,-4,False,False,average_payer
INV7002132,B007,B007-C1084,Textiles Client 084,Textiles & Apparel,45,68380.67,2026-06-27,2026-08-11,closed,2026-08-15,49,4,False,False,average_payer
INV7002133,B007,B007-C1085,Retail Client 085,Retail & Distribution,30,69432.32,2024-04-23,2024-05-23,closed,2024-07-01,69,39,False,False,improving_payer
INV7002134,B007,B007-C1085,Retail Client 085,Retail & Distribution,30,109638.63,2024-05-13,2024-06-12,closed,2024-07-14,62,32,False,False,improving_payer
INV7002135,B007,B007-C1085,Retail Client 085,Retail & Distribution,30,93718.66,2024-05-25,2024-06-24,closed,2024-07-11,47,17,False,False,improving_payer
INV7002136,B007,B007-C1085,Retail Client 085,Retail & Distribution,30,71069.83,2024-05-31,2024-06-30,closed,2024-07-26,56,26,False,False,improving_payer
INV7002137,B007,B007-C1085,Retail Client 085,Retail & Distribution,30,67702.35,2024-06-11,2024-07-11,closed,2024-08-07,57,27,False,False,improving_payer
INV7002138,B007,B007-C1085,Retail Client 085,Retail & Distribution,30,68097.78,2024-07-02,2024-08-01,closed,2024-09-04,64,34,False,False,improving_payer
INV7002139,B007,B007-C1085,Retail Client 085,Retail & Distribution,30,81804.53,2024-07-08,2024-08-07,closed,2024-09-05,59,29,False,False,improving_payer
INV7002140,B007,B007-C1085,Retail Client 085,Retail & Distribution,30,62091.45,2024-09-19,2024-10-19,closed,2024-11-23,65,35,False,False,improving_payer
INV7002141,B007,B007-C1085,Retail Client 085,Retail & Distribution,30,73855.09,2024-10-06,2024-11-05,open,,,,False,False,improving_payer
INV7002142,B007,B007-C1085,Retail Client 085,Retail & Distribution,30,69021.23,2024-10-14,2024-11-13,closed,2024-12-03,50,20,False,False,improving_payer
INV7002143,B007,B007-C1085,Retail Client 085,Retail & Distribution,30,66347.64,2024-11-13,2024-12-13,closed,2025-01-29,77,47,False,False,improving_payer
INV7002144,B007,B007-C1085,Retail Client 085,Retail & Distribution,30,70168.48,2025-01-03,2025-02-02,closed,2025-03-03,59,29,False,False,improving_payer
INV7002145,B007,B007-C1085,Retail Client 085,Retail & Distribution,30,69572.27,2025-01-14,2025-02-13,closed,2025-03-14,59,29,False,False,improving_payer
INV7002146,B007,B007-C1085,Retail Client 085,Retail & Distribution,30,64393.6,2025-02-06,2025-03-08,closed,2025-04-05,58,28,False,False,improving_payer
INV7002147,B007,B007-C1085,Retail Client 085,Retail & Distribution,30,68731.34,2025-04-20,2025-05-20,closed,2025-05-20,30,0,False,False,improving_payer
INV7002148,B007,B007-C1085,Retail Client 085,Retail & Distribution,30,97257.45,2025-05-17,2025-06-16,closed,2025-07-08,52,22,True,False,improving_payer
INV7002149,B007,B007-C1085,Retail Client 085,Retail & Distribution,30,59318.39,2025-06-09,2025-07-09,closed,2025-08-04,56,26,False,False,improving_payer
INV7002150,B007,B007-C1085,Retail Client 085,Retail & Distribution,30,111285.48,2025-07-05,2025-08-04,closed,2025-08-29,55,25,False,False,improving_payer
INV7002151,B007,B007-C1085,Retail Client 085,Retail & Distribution,30,80978.53,2025-07-17,2025-08-16,closed,2025-09-07,52,22,False,False,improving_payer
INV7002152,B007,B007-C1085,Retail Client 085,Retail & Distribution,30,62273.5,2025-08-11,2025-09-10,closed,2025-09-30,50,20,False,False,improving_payer
INV7002153,B007,B007-C1085,Retail Client 085,Retail & Distribution,30,74124.21,2025-08-19,2025-09-18,closed,2025-10-05,47,17,False,False,improving_payer
INV7002154,B007,B007-C1085,Retail Client 085,Retail & Distribution,30,92552.24,2025-09-29,2025-10-29,closed,2025-11-22,54,24,False,False,improving_payer
INV7002155,B007,B007-C1085,Retail Client 085,Retail & Distribution,30,79138.45,2025-10-28,2025-11-27,closed,2025-12-22,55,25,False,False,improving_payer
INV7002156,B007,B007-C1085,Retail Client 085,Retail & Distribution,30,74698.23,2025-11-11,2025-12-11,open,,,,False,False,improving_payer
INV7002157,B007,B007-C1085,Retail Client 085,Retail & Distribution,30,191764.05,2025-11-18,2025-12-18,closed,2025-12-28,40,10,False,False,improving_payer
INV7002158,B007,B007-C1085,Retail Client 085,Retail & Distribution,30,114499.06,2025-11-21,2025-12-21,closed,2026-01-27,67,37,False,False,improving_payer
INV7002159,B007,B007-C1085,Retail Client 085,Retail & Distribution,30,61473.82,2025-12-05,2026-01-04,closed,2026-02-07,64,34,False,False,improving_payer
INV7002160,B007,B007-C1085,Retail Client 085,Retail & Distribution,30,49611.98,2026-01-02,2026-02-01,closed,2026-02-25,54,24,False,False,improving_payer
INV7002161,B007,B007-C1085,Retail Client 085,Retail & Distribution,30,433991.1,2026-01-03,2026-02-02,closed,2026-02-20,48,18,False,True,improving_payer
INV7002162,B007,B007-C1085,Retail Client 085,Retail & Distribution,30,138376.61,2026-01-10,2026-02-09,closed,2026-02-15,36,6,False,False,improving_payer
INV7002163,B007,B007-C1085,Retail Client 085,Retail & Distribution,30,113667.79,2026-01-16,2026-02-15,closed,2026-03-02,45,15,False,False,improving_payer
INV7002164,B007,B007-C1085,Retail Client 085,Retail & Distribution,30,85871.33,2026-01-20,2026-02-19,closed,2026-02-26,37,7,False,False,improving_payer
INV7002165,B007,B007-C1085,Retail Client 085,Retail & Distribution,30,108713.59,2026-02-05,2026-03-07,closed,2026-03-21,44,14,False,False,improving_payer
INV7002166,B007,B007-C1085,Retail Client 085,Retail & Distribution,30,38717.35,2026-02-09,2026-03-11,closed,2026-04-05,55,25,False,False,improving_payer
INV7002167,B007,B007-C1085,Retail Client 085,Retail & Distribution,30,75301.55,2026-02-16,2026-03-18,closed,2026-03-23,35,5,False,False,improving_payer
INV7002168,B007,B007-C1085,Retail Client 085,Retail & Distribution,30,83940.55,2026-02-23,2026-03-25,closed,2026-04-09,45,15,True,False,improving_payer
INV7002169,B007,B007-C1085,Retail Client 085,Retail & Distribution,30,112850.63,2026-04-01,2026-05-01,closed,2026-05-20,49,19,False,False,improving_payer
INV7002170,B007,B007-C1085,Retail Client 085,Retail & Distribution,30,466424.48,2026-05-10,2026-06-09,closed,2026-06-15,36,6,False,True,improving_payer
INV7002171,B007,B007-C1085,Retail Client 085,Retail & Distribution,30,46212.24,2026-05-31,2026-06-30,closed,2026-06-28,28,-2,False,False,improving_payer
INV7002172,B007,B007-C1085,Retail Client 085,Retail & Distribution,30,124428.84,2026-06-01,2026-07-01,closed,2026-07-17,46,16,False,False,improving_payer
INV7002173,B007,B007-C1085,Retail Client 085,Retail & Distribution,30,97823.05,2026-06-13,2026-07-13,closed,2026-08-02,50,20,False,False,improving_payer
INV7002174,B007,B007-C1085,Retail Client 085,Retail & Distribution,30,44834.79,2026-06-28,2026-07-28,closed,2026-07-23,25,-5,False,False,improving_payer
INV7002175,B007,B007-C1085,Retail Client 085,Retail & Distribution,30,64916.98,2026-06-29,2026-07-29,closed,2026-07-30,31,1,False,False,improving_payer
INV7002176,B007,B007-C1085,Retail Client 085,Retail & Distribution,30,111973.98,2026-07-09,2026-08-08,closed,2026-08-12,34,4,False,False,improving_payer
INV7002177,B007,B007-C1085,Retail Client 085,Retail & Distribution,30,69178.03,2026-08-24,2026-09-23,open,,,,False,False,improving_payer
INV7002178,B007,B007-C1085,Retail Client 085,Retail & Distribution,30,138164.44,2026-08-31,2026-09-30,disputed_open,,,,False,False,improving_payer
INV7002179,B007,B007-C1086,Chemicals Client 086,Chemicals & Plastics,60,40854.92,2024-03-26,2024-05-25,closed,2024-05-18,53,-7,False,False,erratic_payer
INV7002180,B007,B007-C1086,Chemicals Client 086,Chemicals & Plastics,60,101278.3,2024-04-22,2024-06-21,closed,2024-06-30,69,9,False,False,erratic_payer
INV7002181,B007,B007-C1086,Chemicals Client 086,Chemicals & Plastics,60,119007.52,2024-06-03,2024-08-02,closed,2024-08-16,74,14,False,False,erratic_payer
INV7002182,B007,B007-C1086,Chemicals Client 086,Chemicals & Plastics,60,480246.12,2024-10-16,2024-12-15,closed,2024-12-31,76,16,False,True,erratic_payer
INV7002183,B007,B007-C1086,Chemicals Client 086,Chemicals & Plastics,60,120522.57,2024-10-18,2024-12-17,closed,2025-01-27,101,41,False,False,erratic_payer
INV7002184,B007,B007-C1086,Chemicals Client 086,Chemicals & Plastics,60,60785.79,2024-11-01,2024-12-31,closed,2025-01-07,67,7,False,False,erratic_payer
INV7002185,B007,B007-C1086,Chemicals Client 086,Chemicals & Plastics,60,58344.48,2024-12-20,2025-02-18,closed,2025-03-22,92,32,False,False,erratic_payer
INV7002186,B007,B007-C1086,Chemicals Client 086,Chemicals & Plastics,60,166443.53,2025-01-12,2025-03-13,closed,2025-03-26,73,13,False,False,erratic_payer
INV7002187,B007,B007-C1086,Chemicals Client 086,Chemicals & Plastics,60,152069.16,2025-03-31,2025-05-30,closed,2025-06-05,66,6,False,False,erratic_payer
INV7002188,B007,B007-C1086,Chemicals Client 086,Chemicals & Plastics,60,73719.31,2025-05-23,2025-07-22,closed,2025-09-27,127,67,False,False,erratic_payer
INV7002189,B007,B007-C1086,Chemicals Client 086,Chemicals & Plastics,60,136711.72,2025-06-18,2025-08-17,closed,2025-08-20,63,3,False,False,erratic_payer
INV7002190,B007,B007-C1086,Chemicals Client 086,Chemicals & Plastics,60,106670.7,2025-06-24,2025-08-23,closed,2025-08-28,65,5,False,False,erratic_payer
INV7002191,B007,B007-C1086,Chemicals Client 086,Chemicals & Plastics,60,101326.38,2025-07-21,2025-09-19,closed,2025-12-02,134,74,False,False,erratic_payer
INV7002192,B007,B007-C1086,Chemicals Client 086,Chemicals & Plastics,60,110612.92,2025-08-17,2025-10-16,closed,2025-10-25,69,9,False,False,erratic_payer
INV7002193,B007,B007-C1086,Chemicals Client 086,Chemicals & Plastics,60,164062.13,2025-09-10,2025-11-09,closed,2025-11-17,68,8,False,False,erratic_payer
INV7002194,B007,B007-C1086,Chemicals Client 086,Chemicals & Plastics,60,123277.37,2025-11-13,2026-01-12,closed,2026-02-24,103,43,False,False,erratic_payer
INV7002195,B007,B007-C1086,Chemicals Client 086,Chemicals & Plastics,60,56795.36,2025-12-01,2026-01-30,closed,2026-02-05,66,6,False,False,erratic_payer
INV7002196,B007,B007-C1086,Chemicals Client 086,Chemicals & Plastics,60,77047.99,2025-12-15,2026-02-13,closed,2026-03-03,78,18,False,False,erratic_payer
INV7002197,B007,B007-C1086,Chemicals Client 086,Chemicals & Plastics,60,110992.31,2025-12-30,2026-02-28,closed,2026-03-23,83,23,False,False,erratic_payer
INV7002198,B007,B007-C1086,Chemicals Client 086,Chemicals & Plastics,60,142765.95,2026-01-25,2026-03-26,disputed_open,,,,False,False,erratic_payer
INV7002199,B007,B007-C1086,Chemicals Client 086,Chemicals & Plastics,60,82799.5,2026-03-13,2026-05-12,closed,2026-05-29,77,17,False,False,erratic_payer
INV7002200,B007,B007-C1086,Chemicals Client 086,Chemicals & Plastics,60,65946.33,2026-06-19,2026-08-18,closed,2026-08-10,52,-8,False,False,erratic_payer
INV7002201,B007,B007-C1086,Chemicals Client 086,Chemicals & Plastics,60,181288.49,2026-06-22,2026-08-21,open,,,,False,False,erratic_payer
INV7002202,B007,B007-C1086,Chemicals Client 086,Chemicals & Plastics,60,125589.25,2026-07-03,2026-09-01,disputed_open,,,,False,False,erratic_payer
