invoice_id,business_id,cust_number,customer_name,sector,payment_term_days,invoice_amount,issue_date,due_date,status,actual_paid_date,days_to_payment,delay_vs_due_date,had_partial_payment_flag,is_big_ticket_spike,customer_archetype_TRUE_LABEL
INV8000001,B008,B008-C1001,Textiles Client 001,Textiles & Apparel,45,207742.38,2024-03-27,2024-05-11,closed,2024-05-09,43,-2,False,False,deteriorating_payer
INV8000002,B008,B008-C1001,Textiles Client 001,Textiles & Apparel,45,241990.48,2024-05-13,2024-06-27,closed,2024-07-07,55,10,False,False,deteriorating_payer
INV8000003,B008,B008-C1001,Textiles Client 001,Textiles & Apparel,45,254180.91,2024-11-21,2025-01-05,closed,2025-01-14,54,9,False,False,deteriorating_payer
INV8000004,B008,B008-C1001,Textiles Client 001,Textiles & Apparel,45,115519.1,2025-03-13,2025-04-27,closed,2025-05-17,65,20,False,False,deteriorating_payer
INV8000005,B008,B008-C1001,Textiles Client 001,Textiles & Apparel,45,228317.69,2025-07-29,2025-09-12,closed,2025-09-10,43,-2,False,False,deteriorating_payer
INV8000006,B008,B008-C1001,Textiles Client 001,Textiles & Apparel,45,1117715.81,2025-10-19,2025-12-03,closed,2025-12-10,52,7,True,True,deteriorating_payer
INV8000007,B008,B008-C1001,Textiles Client 001,Textiles & Apparel,45,236371.81,2025-10-25,2025-12-09,closed,2026-01-05,72,27,False,False,deteriorating_payer
INV8000008,B008,B008-C1001,Textiles Client 001,Textiles & Apparel,45,318070.35,2025-11-10,2025-12-25,closed,2026-02-01,83,38,False,False,deteriorating_payer
INV8000009,B008,B008-C1001,Textiles Client 001,Textiles & Apparel,45,205913.72,2026-07-27,2026-09-10,open,,,,False,False,deteriorating_payer
INV8000010,B008,B008-C1002,Pharma Client 002,Pharma & Healthcare,45,38674.56,2024-04-02,2024-05-17,closed,2024-05-22,50,5,False,False,prompt_payer
INV8000011,B008,B008-C1002,Pharma Client 002,Pharma & Healthcare,45,34522.27,2024-04-29,2024-06-13,closed,2024-06-21,53,8,False,False,prompt_payer
INV8000012,B008,B008-C1002,Pharma Client 002,Pharma & Healthcare,45,37905.37,2024-05-12,2024-06-26,closed,2024-06-25,44,-1,False,False,prompt_payer
INV8000013,B008,B008-C1002,Pharma Client 002,Pharma & Healthcare,45,34041.51,2024-05-24,2024-07-08,closed,2024-07-04,41,-4,False,False,prompt_payer
INV8000014,B008,B008-C1002,Pharma Client 002,Pharma & Healthcare,45,29938.77,2024-05-26,2024-07-10,closed,2024-07-07,42,-3,False,False,prompt_payer
INV8000015,B008,B008-C1002,Pharma Client 002,Pharma & Healthcare,45,39997.21,2024-05-28,2024-07-12,closed,2024-07-13,46,1,False,False,prompt_payer
INV8000016,B008,B008-C1002,Pharma Client 002,Pharma & Healthcare,45,29720.39,2024-05-30,2024-07-14,closed,2024-07-14,45,0,False,False,prompt_payer
INV8000017,B008,B008-C1002,Pharma Client 002,Pharma & Healthcare,45,27581.29,2024-06-10,2024-07-25,closed,2024-07-23,43,-2,False,False,prompt_payer
INV8000018,B008,B008-C1002,Pharma Client 002,Pharma & Healthcare,45,31411.23,2024-06-25,2024-08-09,closed,2024-08-06,42,-3,False,False,prompt_payer
INV8000019,B008,B008-C1002,Pharma Client 002,Pharma & Healthcare,45,36776.89,2024-08-30,2024-10-14,closed,2024-10-14,45,0,False,False,prompt_payer
INV8000020,B008,B008-C1002,Pharma Client 002,Pharma & Healthcare,45,22809.27,2024-11-10,2024-12-25,closed,2024-12-23,43,-2,True,False,prompt_payer
INV8000021,B008,B008-C1002,Pharma Client 002,Pharma & Healthcare,45,27021.88,2024-12-15,2025-01-29,closed,2025-02-02,49,4,False,False,prompt_payer
INV8000022,B008,B008-C1002,Pharma Client 002,Pharma & Healthcare,45,21336.75,2025-01-15,2025-03-01,closed,2025-02-28,44,-1,False,False,prompt_payer
INV8000023,B008,B008-C1002,Pharma Client 002,Pharma & Healthcare,45,30966.02,2025-01-17,2025-03-03,closed,2025-03-08,50,5,False,False,prompt_payer
INV8000024,B008,B008-C1002,Pharma Client 002,Pharma & Healthcare,45,27445.32,2025-02-09,2025-03-26,closed,2025-03-30,49,4,False,False,prompt_payer
INV8000025,B008,B008-C1002,Pharma Client 002,Pharma & Healthcare,45,45701.8,2025-02-19,2025-04-05,closed,2025-04-08,48,3,False,False,prompt_payer
INV8000026,B008,B008-C1002,Pharma Client 002,Pharma & Healthcare,45,21575.81,2025-02-22,2025-04-08,closed,2025-04-09,46,1,False,False,prompt_payer
INV8000027,B008,B008-C1002,Pharma Client 002,Pharma & Healthcare,45,29831.76,2025-03-05,2025-04-19,closed,2025-04-15,41,-4,False,False,prompt_payer
INV8000028,B008,B008-C1002,Pharma Client 002,Pharma & Healthcare,45,49436.12,2025-03-18,2025-05-02,closed,2025-05-05,48,3,False,False,prompt_payer
INV8000029,B008,B008-C1002,Pharma Client 002,Pharma & Healthcare,45,56549.95,2025-03-18,2025-05-02,closed,2025-05-07,50,5,False,False,prompt_payer
INV8000030,B008,B008-C1002,Pharma Client 002,Pharma & Healthcare,45,14551.55,2025-04-11,2025-05-26,closed,2025-05-25,44,-1,False,False,prompt_payer
INV8000031,B008,B008-C1002,Pharma Client 002,Pharma & Healthcare,45,33721.26,2025-04-14,2025-05-29,closed,2025-05-24,40,-5,False,False,prompt_payer
INV8000032,B008,B008-C1002,Pharma Client 002,Pharma & Healthcare,45,18520.63,2025-05-21,2025-07-05,closed,2025-07-01,41,-4,False,False,prompt_payer
INV8000033,B008,B008-C1002,Pharma Client 002,Pharma & Healthcare,45,23118.67,2025-06-08,2025-07-23,closed,2025-07-19,41,-4,False,False,prompt_payer
INV8000034,B008,B008-C1002,Pharma Client 002,Pharma & Healthcare,45,35151.61,2025-08-25,2025-10-09,closed,2025-10-05,41,-4,False,False,prompt_payer
INV8000035,B008,B008-C1002,Pharma Client 002,Pharma & Healthcare,45,34353.01,2025-08-29,2025-10-13,closed,2025-10-19,51,6,False,False,prompt_payer
INV8000036,B008,B008-C1002,Pharma Client 002,Pharma & Healthcare,45,59136.64,2025-09-17,2025-11-01,closed,2025-11-01,45,0,False,False,prompt_payer
INV8000037,B008,B008-C1002,Pharma Client 002,Pharma & Healthcare,45,26207.31,2025-10-04,2025-11-18,closed,2025-11-22,49,4,False,False,prompt_payer
INV8000038,B008,B008-C1002,Pharma Client 002,Pharma & Healthcare,45,35592.96,2025-10-17,2025-12-01,closed,2025-11-28,42,-3,False,False,prompt_payer
INV8000039,B008,B008-C1002,Pharma Client 002,Pharma & Healthcare,45,36097.48,2025-10-29,2025-12-13,closed,2025-12-16,48,3,False,False,prompt_payer
INV8000040,B008,B008-C1002,Pharma Client 002,Pharma & Healthcare,45,39445.98,2025-11-21,2026-01-05,closed,2026-01-07,47,2,False,False,prompt_payer
INV8000041,B008,B008-C1002,Pharma Client 002,Pharma & Healthcare,45,26102.37,2025-12-28,2026-02-11,closed,2026-02-15,49,4,False,False,prompt_payer
INV8000042,B008,B008-C1002,Pharma Client 002,Pharma & Healthcare,45,41421.5,2026-01-23,2026-03-09,closed,2026-03-07,43,-2,False,False,prompt_payer
INV8000043,B008,B008-C1002,Pharma Client 002,Pharma & Healthcare,45,20170.8,2026-01-27,2026-03-13,closed,2026-03-12,44,-1,False,False,prompt_payer
INV8000044,B008,B008-C1002,Pharma Client 002,Pharma & Healthcare,45,24389.22,2026-03-05,2026-04-19,closed,2026-04-16,42,-3,False,False,prompt_payer
INV8000045,B008,B008-C1002,Pharma Client 002,Pharma & Healthcare,45,29388.76,2026-04-21,2026-06-05,closed,2026-05-30,39,-6,False,False,prompt_payer
INV8000046,B008,B008-C1002,Pharma Client 002,Pharma & Healthcare,45,37761.41,2026-04-23,2026-06-07,closed,2026-06-03,41,-4,False,False,prompt_payer
INV8000047,B008,B008-C1002,Pharma Client 002,Pharma & Healthcare,45,25383.1,2026-04-29,2026-06-13,closed,2026-06-12,44,-1,False,False,prompt_payer
INV8000048,B008,B008-C1002,Pharma Client 002,Pharma & Healthcare,45,33236.18,2026-05-13,2026-06-27,closed,2026-06-25,43,-2,False,False,prompt_payer
INV8000049,B008,B008-C1002,Pharma Client 002,Pharma & Healthcare,45,53677.49,2026-07-04,2026-08-18,closed,2026-08-15,42,-3,False,False,prompt_payer
INV8000050,B008,B008-C1002,Pharma Client 002,Pharma & Healthcare,45,20748.43,2026-08-19,2026-10-03,open,,,,False,False,prompt_payer
INV8000051,B008,B008-C1003,FMCG Client 003,FMCG & Food Processing,60,16627.74,2024-04-09,2024-06-08,closed,2024-06-18,70,10,False,False,average_payer
INV8000052,B008,B008-C1003,FMCG Client 003,FMCG & Food Processing,60,20251.9,2024-07-13,2024-09-11,closed,2024-09-22,71,11,False,False,average_payer
INV8000053,B008,B008-C1003,FMCG Client 003,FMCG & Food Processing,60,19473.41,2024-09-19,2024-11-18,closed,2024-11-20,62,2,False,False,average_payer
INV8000054,B008,B008-C1003,FMCG Client 003,FMCG & Food Processing,60,31709.3,2024-10-24,2024-12-23,closed,2024-12-21,58,-2,False,False,average_payer
INV8000055,B008,B008-C1003,FMCG Client 003,FMCG & Food Processing,60,24895.64,2024-12-02,2025-01-31,closed,2025-02-02,62,2,False,False,average_payer
INV8000056,B008,B008-C1003,FMCG Client 003,FMCG & Food Processing,60,20743.62,2024-12-10,2025-02-08,closed,2025-02-13,65,5,False,False,average_payer
INV8000057,B008,B008-C1003,FMCG Client 003,FMCG & Food Processing,60,19357.09,2024-12-26,2025-02-24,closed,2025-02-27,63,3,False,False,average_payer
INV8000058,B008,B008-C1003,FMCG Client 003,FMCG & Food Processing,60,23199.1,2025-03-16,2025-05-15,closed,2025-05-20,65,5,False,False,average_payer
INV8000059,B008,B008-C1003,FMCG Client 003,FMCG & Food Processing,60,39478.36,2025-06-20,2025-08-19,closed,2025-08-20,61,1,False,False,average_payer
INV8000060,B008,B008-C1003,FMCG Client 003,FMCG & Food Processing,60,30038.36,2025-07-28,2025-09-26,closed,2025-09-30,64,4,False,False,average_payer
INV8000061,B008,B008-C1003,FMCG Client 003,FMCG & Food Processing,60,17775.57,2025-11-20,2026-01-19,closed,2026-02-04,76,16,True,False,average_payer
INV8000062,B008,B008-C1003,FMCG Client 003,FMCG & Food Processing,60,16472.01,2025-11-20,2026-01-19,closed,2026-01-22,63,3,False,False,average_payer
INV8000063,B008,B008-C1003,FMCG Client 003,FMCG & Food Processing,60,28796.0,2025-12-14,2026-02-12,closed,2026-02-20,68,8,False,False,average_payer
INV8000064,B008,B008-C1003,FMCG Client 003,FMCG & Food Processing,60,18869.58,2026-03-31,2026-05-30,closed,2026-06-18,79,19,False,False,average_payer
INV8000065,B008,B008-C1003,FMCG Client 003,FMCG & Food Processing,60,20820.33,2026-07-02,2026-08-31,open,,,,False,False,average_payer
INV8000066,B008,B008-C1004,IT Client 004,IT & Business Services,45,155812.33,2024-03-17,2024-05-01,closed,2024-04-30,44,-1,False,False,average_payer
INV8000067,B008,B008-C1004,IT Client 004,IT & Business Services,45,178950.46,2024-03-20,2024-05-04,closed,2024-05-18,59,14,False,False,average_payer
INV8000068,B008,B008-C1004,IT Client 004,IT & Business Services,45,68782.41,2024-05-26,2024-07-10,closed,2024-07-16,51,6,False,False,average_payer
INV8000069,B008,B008-C1004,IT Client 004,IT & Business Services,45,82240.05,2024-07-09,2024-08-23,closed,2024-09-10,63,18,False,False,average_payer
INV8000070,B008,B008-C1004,IT Client 004,IT & Business Services,45,68461.87,2024-07-31,2024-09-14,closed,2024-09-13,44,-1,False,False,average_payer
INV8000071,B008,B008-C1004,IT Client 004,IT & Business Services,45,85739.38,2024-08-03,2024-09-17,closed,2024-09-17,45,0,False,False,average_payer
INV8000072,B008,B008-C1004,IT Client 004,IT & Business Services,45,80890.54,2024-08-11,2024-09-25,closed,2024-10-02,52,7,False,False,average_payer
INV8000073,B008,B008-C1004,IT Client 004,IT & Business Services,45,96356.74,2024-09-07,2024-10-22,closed,2024-10-25,48,3,False,False,average_payer
INV8000074,B008,B008-C1004,IT Client 004,IT & Business Services,45,544416.26,2024-10-19,2024-12-03,closed,2024-12-06,48,3,False,True,average_payer
INV8000075,B008,B008-C1004,IT Client 004,IT & Business Services,45,138866.26,2024-11-09,2024-12-24,closed,2024-12-31,52,7,False,False,average_payer
INV8000076,B008,B008-C1004,IT Client 004,IT & Business Services,45,189473.5,2024-11-25,2025-01-09,closed,2025-01-10,46,1,False,False,average_payer
INV8000077,B008,B008-C1004,IT Client 004,IT & Business Services,45,146462.16,2024-12-11,2025-01-25,closed,2025-01-29,49,4,False,False,average_payer
INV8000078,B008,B008-C1004,IT Client 004,IT & Business Services,45,72828.2,2025-02-01,2025-03-18,closed,2025-03-20,47,2,False,False,average_payer
INV8000079,B008,B008-C1004,IT Client 004,IT & Business Services,45,148357.91,2025-02-14,2025-03-31,closed,2025-03-20,34,-11,False,False,average_payer
INV8000080,B008,B008-C1004,IT Client 004,IT & Business Services,45,140939.5,2025-03-29,2025-05-13,closed,2025-05-10,42,-3,False,False,average_payer
INV8000081,B008,B008-C1004,IT Client 004,IT & Business Services,45,98367.86,2025-04-22,2025-06-06,closed,2025-06-07,46,1,False,False,average_payer
INV8000082,B008,B008-C1004,IT Client 004,IT & Business Services,45,72705.01,2025-04-28,2025-06-12,closed,2025-06-13,46,1,False,False,average_payer
INV8000083,B008,B008-C1004,IT Client 004,IT & Business Services,45,125274.04,2025-06-18,2025-08-02,closed,2025-08-09,52,7,True,False,average_payer
INV8000084,B008,B008-C1004,IT Client 004,IT & Business Services,45,120489.99,2025-09-24,2025-11-08,closed,2025-11-20,57,12,False,False,average_payer
INV8000085,B008,B008-C1004,IT Client 004,IT & Business Services,45,92714.59,2025-10-12,2025-11-26,closed,2025-11-28,47,2,False,False,average_payer
INV8000086,B008,B008-C1004,IT Client 004,IT & Business Services,45,129067.6,2025-10-28,2025-12-12,closed,2025-12-22,55,10,False,False,average_payer
INV8000087,B008,B008-C1004,IT Client 004,IT & Business Services,45,78714.9,2025-10-31,2025-12-15,closed,2025-12-25,55,10,False,False,average_payer
INV8000088,B008,B008-C1004,IT Client 004,IT & Business Services,45,74556.62,2026-01-01,2026-02-15,closed,2026-02-15,45,0,False,False,average_payer
INV8000089,B008,B008-C1004,IT Client 004,IT & Business Services,45,103888.05,2026-02-05,2026-03-22,closed,2026-04-01,55,10,False,False,average_payer
INV8000090,B008,B008-C1004,IT Client 004,IT & Business Services,45,77160.58,2026-02-05,2026-03-22,closed,2026-03-22,45,0,False,False,average_payer
INV8000091,B008,B008-C1004,IT Client 004,IT & Business Services,45,157014.96,2026-02-25,2026-04-11,closed,2026-04-17,51,6,False,False,average_payer
INV8000092,B008,B008-C1004,IT Client 004,IT & Business Services,45,108905.45,2026-03-03,2026-04-17,closed,2026-05-05,63,18,False,False,average_payer
INV8000093,B008,B008-C1004,IT Client 004,IT & Business Services,45,140300.25,2026-03-08,2026-04-22,closed,2026-04-29,52,7,False,False,average_payer
INV8000094,B008,B008-C1004,IT Client 004,IT & Business Services,45,126154.22,2026-03-25,2026-05-09,closed,2026-05-13,49,4,False,False,average_payer
INV8000095,B008,B008-C1004,IT Client 004,IT & Business Services,45,140712.02,2026-04-12,2026-05-27,closed,2026-05-26,44,-1,False,False,average_payer
INV8000096,B008,B008-C1004,IT Client 004,IT & Business Services,45,138316.09,2026-04-19,2026-06-03,closed,2026-06-07,49,4,False,False,average_payer
INV8000097,B008,B008-C1004,IT Client 004,IT & Business Services,45,129252.21,2026-05-13,2026-06-27,closed,2026-06-24,42,-3,False,False,average_payer
INV8000098,B008,B008-C1004,IT Client 004,IT & Business Services,45,110581.69,2026-05-28,2026-07-12,closed,2026-07-27,60,15,False,False,average_payer
INV8000099,B008,B008-C1004,IT Client 004,IT & Business Services,45,309187.18,2026-06-14,2026-07-29,closed,2026-08-01,48,3,False,False,average_payer
INV8000100,B008,B008-C1005,Auto Client 005,Auto Components,15,31601.67,2024-04-02,2024-04-17,closed,2024-04-15,13,-2,False,False,prompt_payer
INV8000101,B008,B008-C1005,Auto Client 005,Auto Components,15,52699.95,2024-04-08,2024-04-23,closed,2024-04-25,17,2,True,False,prompt_payer
INV8000102,B008,B008-C1005,Auto Client 005,Auto Components,15,24213.96,2024-06-03,2024-06-18,closed,2024-06-22,19,4,False,False,prompt_payer
INV8000103,B008,B008-C1005,Auto Client 005,Auto Components,15,30392.13,2024-09-02,2024-09-17,open,,,,False,False,prompt_payer
INV8000104,B008,B008-C1005,Auto Client 005,Auto Components,15,33095.14,2024-09-13,2024-09-28,closed,2024-09-28,15,0,False,False,prompt_payer
INV8000105,B008,B008-C1005,Auto Client 005,Auto Components,15,266180.6,2024-09-13,2024-09-28,closed,2024-09-26,13,-2,False,True,prompt_payer
INV8000106,B008,B008-C1005,Auto Client 005,Auto Components,15,30038.14,2024-09-29,2024-10-14,closed,2024-10-14,15,0,False,False,prompt_payer
INV8000107,B008,B008-C1005,Auto Client 005,Auto Components,15,33493.36,2024-11-07,2024-11-22,closed,2024-11-20,13,-2,False,False,prompt_payer
INV8000108,B008,B008-C1005,Auto Client 005,Auto Components,15,189035.29,2024-12-21,2025-01-05,closed,2025-01-12,22,7,True,True,prompt_payer
INV8000109,B008,B008-C1005,Auto Client 005,Auto Components,15,38103.62,2025-01-27,2025-02-11,closed,2025-02-14,18,3,False,False,prompt_payer
INV8000110,B008,B008-C1005,Auto Client 005,Auto Components,15,51203.69,2025-02-06,2025-02-21,closed,2025-02-13,7,-8,False,False,prompt_payer
INV8000111,B008,B008-C1005,Auto Client 005,Auto Components,15,63339.31,2025-02-09,2025-02-24,closed,2025-02-18,9,-6,False,False,prompt_payer
INV8000112,B008,B008-C1005,Auto Client 005,Auto Components,15,146904.97,2025-02-13,2025-02-28,closed,2025-02-27,14,-1,False,True,prompt_payer
INV8000113,B008,B008-C1005,Auto Client 005,Auto Components,15,31140.58,2025-04-01,2025-04-16,closed,2025-04-12,11,-4,False,False,prompt_payer
INV8000114,B008,B008-C1005,Auto Client 005,Auto Components,15,43652.63,2025-04-19,2025-05-04,closed,2025-05-07,18,3,False,False,prompt_payer
INV8000115,B008,B008-C1005,Auto Client 005,Auto Components,15,41873.37,2025-04-29,2025-05-14,closed,2025-05-15,16,1,False,False,prompt_payer
INV8000116,B008,B008-C1005,Auto Client 005,Auto Components,15,43250.28,2025-06-17,2025-07-02,closed,2025-07-07,20,5,False,False,prompt_payer
INV8000117,B008,B008-C1005,Auto Client 005,Auto Components,15,47512.62,2025-08-19,2025-09-03,closed,2025-09-08,20,5,False,False,prompt_payer
INV8000118,B008,B008-C1005,Auto Client 005,Auto Components,15,27284.24,2025-09-03,2025-09-18,closed,2025-09-19,16,1,False,False,prompt_payer
INV8000119,B008,B008-C1005,Auto Client 005,Auto Components,15,42736.03,2025-11-06,2025-11-21,closed,2025-11-24,18,3,False,False,prompt_payer
INV8000120,B008,B008-C1005,Auto Client 005,Auto Components,15,42115.86,2025-11-27,2025-12-12,closed,2025-12-17,20,5,False,False,prompt_payer
INV8000121,B008,B008-C1005,Auto Client 005,Auto Components,15,30245.74,2025-11-29,2025-12-14,closed,2025-12-13,14,-1,False,False,prompt_payer
INV8000122,B008,B008-C1005,Auto Client 005,Auto Components,15,88450.22,2025-12-29,2026-01-13,closed,2026-01-10,12,-3,False,False,prompt_payer
INV8000123,B008,B008-C1005,Auto Client 005,Auto Components,15,29953.16,2026-02-28,2026-03-15,closed,2026-03-17,17,2,False,False,prompt_payer
INV8000124,B008,B008-C1005,Auto Client 005,Auto Components,15,45765.27,2026-04-24,2026-05-09,closed,2026-05-10,16,1,False,False,prompt_payer
INV8000125,B008,B008-C1005,Auto Client 005,Auto Components,15,22407.77,2026-04-25,2026-05-10,closed,2026-05-06,11,-4,False,False,prompt_payer
INV8000126,B008,B008-C1005,Auto Client 005,Auto Components,15,131138.11,2026-04-27,2026-05-12,closed,2026-05-15,18,3,False,True,prompt_payer
INV8000127,B008,B008-C1005,Auto Client 005,Auto Components,15,177550.14,2026-05-19,2026-06-03,closed,2026-06-07,19,4,False,True,prompt_payer
INV8000128,B008,B008-C1005,Auto Client 005,Auto Components,15,28359.76,2026-07-14,2026-07-29,closed,2026-08-07,24,9,False,False,prompt_payer
INV8000129,B008,B008-C1005,Auto Client 005,Auto Components,15,50779.56,2026-07-29,2026-08-13,closed,2026-08-15,17,2,False,False,prompt_payer
INV8000130,B008,B008-C1005,Auto Client 005,Auto Components,15,30520.52,2026-08-18,2026-09-02,closed,2026-08-30,12,-3,False,False,prompt_payer
INV8000131,B008,B008-C1006,Auto Client 006,Auto Components,60,98254.27,2024-03-16,2024-05-15,closed,2024-05-17,62,2,False,False,prompt_payer
INV8000132,B008,B008-C1006,Auto Client 006,Auto Components,60,134794.57,2024-03-27,2024-05-26,closed,2024-05-19,53,-7,False,False,prompt_payer
INV8000133,B008,B008-C1006,Auto Client 006,Auto Components,60,273843.48,2024-03-31,2024-05-30,closed,2024-06-08,69,9,False,False,prompt_payer
INV8000134,B008,B008-C1006,Auto Client 006,Auto Components,60,153786.55,2024-04-28,2024-06-27,closed,2024-06-25,58,-2,False,False,prompt_payer
INV8000135,B008,B008-C1006,Auto Client 006,Auto Components,60,119267.98,2024-05-26,2024-07-25,closed,2024-07-30,65,5,False,False,prompt_payer
INV8000136,B008,B008-C1006,Auto Client 006,Auto Components,60,78937.65,2024-05-26,2024-07-25,closed,2024-07-18,53,-7,False,False,prompt_payer
INV8000137,B008,B008-C1006,Auto Client 006,Auto Components,60,364095.72,2024-05-27,2024-07-26,closed,2024-07-23,57,-3,False,True,prompt_payer
INV8000138,B008,B008-C1006,Auto Client 006,Auto Components,60,113985.58,2024-05-29,2024-07-28,closed,2024-07-30,62,2,False,False,prompt_payer
INV8000139,B008,B008-C1006,Auto Client 006,Auto Components,60,130533.99,2024-06-11,2024-08-10,closed,2024-08-12,62,2,False,False,prompt_payer
INV8000140,B008,B008-C1006,Auto Client 006,Auto Components,60,87318.16,2024-07-15,2024-09-13,closed,2024-09-13,60,0,False,False,prompt_payer
INV8000141,B008,B008-C1006,Auto Client 006,Auto Components,60,144219.77,2024-08-01,2024-09-30,closed,2024-09-29,59,-1,False,False,prompt_payer
INV8000142,B008,B008-C1006,Auto Client 006,Auto Components,60,73488.37,2024-08-29,2024-10-28,closed,2024-10-27,59,-1,False,False,prompt_payer
INV8000143,B008,B008-C1006,Auto Client 006,Auto Components,60,206179.13,2024-09-12,2024-11-11,closed,2024-11-12,61,1,False,False,prompt_payer
INV8000144,B008,B008-C1006,Auto Client 006,Auto Components,60,86509.72,2024-09-23,2024-11-22,closed,2024-11-20,58,-2,False,False,prompt_payer
INV8000145,B008,B008-C1006,Auto Client 006,Auto Components,60,152881.8,2024-09-24,2024-11-23,closed,2024-11-21,58,-2,False,False,prompt_payer
INV8000146,B008,B008-C1006,Auto Client 006,Auto Components,60,104011.48,2024-10-13,2024-12-12,closed,2024-12-13,61,1,False,False,prompt_payer
INV8000147,B008,B008-C1006,Auto Client 006,Auto Components,60,115258.67,2024-12-09,2025-02-07,closed,2025-02-09,62,2,False,False,prompt_payer
INV8000148,B008,B008-C1006,Auto Client 006,Auto Components,60,92619.13,2024-12-13,2025-02-11,closed,2025-02-12,61,1,False,False,prompt_payer
INV8000149,B008,B008-C1006,Auto Client 006,Auto Components,60,80118.98,2025-01-17,2025-03-18,closed,2025-03-15,57,-3,False,False,prompt_payer
INV8000150,B008,B008-C1006,Auto Client 006,Auto Components,60,137210.93,2025-01-29,2025-03-30,closed,2025-03-28,58,-2,False,False,prompt_payer
INV8000151,B008,B008-C1006,Auto Client 006,Auto Components,60,110550.4,2025-02-20,2025-04-21,closed,2025-04-22,61,1,False,False,prompt_payer
INV8000152,B008,B008-C1006,Auto Client 006,Auto Components,60,126491.46,2025-02-25,2025-04-26,closed,2025-04-25,59,-1,False,False,prompt_payer
INV8000153,B008,B008-C1006,Auto Client 006,Auto Components,60,58880.3,2025-02-26,2025-04-27,closed,2025-04-29,62,2,False,False,prompt_payer
INV8000154,B008,B008-C1006,Auto Client 006,Auto Components,60,166610.51,2025-03-02,2025-05-01,disputed_open,,,,False,False,prompt_payer
INV8000155,B008,B008-C1006,Auto Client 006,Auto Components,60,100315.61,2025-03-25,2025-05-24,closed,2025-05-23,59,-1,False,False,prompt_payer
INV8000156,B008,B008-C1006,Auto Client 006,Auto Components,60,175505.26,2025-04-14,2025-06-13,closed,2025-06-10,57,-3,False,False,prompt_payer
INV8000157,B008,B008-C1006,Auto Client 006,Auto Components,60,148022.15,2025-04-16,2025-06-15,closed,2025-06-17,62,2,False,False,prompt_payer
INV8000158,B008,B008-C1006,Auto Client 006,Auto Components,60,118582.73,2025-05-15,2025-07-14,closed,2025-07-15,61,1,False,False,prompt_payer
INV8000159,B008,B008-C1006,Auto Client 006,Auto Components,60,205872.88,2025-06-17,2025-08-16,closed,2025-08-15,59,-1,False,False,prompt_payer
INV8000160,B008,B008-C1006,Auto Client 006,Auto Components,60,151923.84,2025-06-18,2025-08-17,closed,2025-08-12,55,-5,False,False,prompt_payer
INV8000161,B008,B008-C1006,Auto Client 006,Auto Components,60,110590.76,2025-07-10,2025-09-08,closed,2025-09-08,60,0,False,False,prompt_payer
INV8000162,B008,B008-C1006,Auto Client 006,Auto Components,60,93958.83,2025-08-11,2025-10-10,closed,2025-10-07,57,-3,False,False,prompt_payer
INV8000163,B008,B008-C1006,Auto Client 006,Auto Components,60,128862.38,2025-09-11,2025-11-10,closed,2025-11-06,56,-4,False,False,prompt_payer
INV8000164,B008,B008-C1006,Auto Client 006,Auto Components,60,127402.81,2025-09-26,2025-11-25,closed,2025-11-24,59,-1,False,False,prompt_payer
INV8000165,B008,B008-C1006,Auto Client 006,Auto Components,60,124844.48,2025-10-04,2025-12-03,closed,2025-12-03,60,0,False,False,prompt_payer
INV8000166,B008,B008-C1006,Auto Client 006,Auto Components,60,109118.74,2025-10-07,2025-12-06,closed,2025-12-02,56,-4,False,False,prompt_payer
INV8000167,B008,B008-C1006,Auto Client 006,Auto Components,60,103280.17,2025-11-03,2026-01-02,closed,2026-01-04,62,2,False,False,prompt_payer
INV8000168,B008,B008-C1006,Auto Client 006,Auto Components,60,95382.04,2025-11-22,2026-01-21,closed,2026-01-18,57,-3,True,False,prompt_payer
INV8000169,B008,B008-C1006,Auto Client 006,Auto Components,60,114272.23,2025-12-06,2026-02-04,closed,2026-02-07,63,3,False,False,prompt_payer
INV8000170,B008,B008-C1006,Auto Client 006,Auto Components,60,734431.42,2025-12-09,2026-02-07,closed,2026-02-01,54,-6,False,True,prompt_payer
INV8000171,B008,B008-C1006,Auto Client 006,Auto Components,60,127851.55,2025-12-10,2026-02-08,closed,2026-02-07,59,-1,False,False,prompt_payer
INV8000172,B008,B008-C1006,Auto Client 006,Auto Components,60,76627.54,2025-12-13,2026-02-11,closed,2026-02-10,59,-1,False,False,prompt_payer
INV8000173,B008,B008-C1006,Auto Client 006,Auto Components,60,71143.79,2025-12-21,2026-02-19,closed,2026-02-25,66,6,False,False,prompt_payer
INV8000174,B008,B008-C1006,Auto Client 006,Auto Components,60,105207.2,2026-01-18,2026-03-19,closed,2026-03-15,56,-4,False,False,prompt_payer
INV8000175,B008,B008-C1006,Auto Client 006,Auto Components,60,164106.9,2026-02-04,2026-04-05,closed,2026-04-03,58,-2,False,False,prompt_payer
INV8000176,B008,B008-C1006,Auto Client 006,Auto Components,60,153107.44,2026-02-09,2026-04-10,closed,2026-04-08,58,-2,False,False,prompt_payer
INV8000177,B008,B008-C1006,Auto Client 006,Auto Components,60,96311.18,2026-02-25,2026-04-26,closed,2026-04-27,61,1,False,False,prompt_payer
INV8000178,B008,B008-C1006,Auto Client 006,Auto Components,60,146024.69,2026-03-24,2026-05-23,closed,2026-05-24,61,1,False,False,prompt_payer
INV8000179,B008,B008-C1006,Auto Client 006,Auto Components,60,113561.93,2026-04-21,2026-06-20,closed,2026-06-25,65,5,False,False,prompt_payer
INV8000180,B008,B008-C1006,Auto Client 006,Auto Components,60,136580.22,2026-07-02,2026-08-31,closed,2026-08-27,56,-4,False,False,prompt_payer
INV8000181,B008,B008-C1006,Auto Client 006,Auto Components,60,83853.08,2026-08-22,2026-10-21,open,,,,False,False,prompt_payer
INV8000182,B008,B008-C1007,Pharma Client 007,Pharma & Healthcare,45,125724.17,2024-08-18,2024-10-02,closed,2024-10-29,72,27,False,False,improving_payer
INV8000183,B008,B008-C1007,Pharma Client 007,Pharma & Healthcare,45,211983.5,2024-08-22,2024-10-06,closed,2024-11-07,77,32,False,False,improving_payer
INV8000184,B008,B008-C1007,Pharma Client 007,Pharma & Healthcare,45,166423.96,2024-09-20,2024-11-04,closed,2024-12-03,74,29,False,False,improving_payer
INV8000185,B008,B008-C1007,Pharma Client 007,Pharma & Healthcare,45,264873.88,2025-06-12,2025-07-27,closed,2025-08-23,72,27,False,False,improving_payer
INV8000186,B008,B008-C1007,Pharma Client 007,Pharma & Healthcare,45,153999.53,2025-07-30,2025-09-13,closed,2025-10-14,76,31,False,False,improving_payer
INV8000187,B008,B008-C1007,Pharma Client 007,Pharma & Healthcare,45,172083.11,2025-11-26,2026-01-10,closed,2026-01-19,54,9,False,False,improving_payer
INV8000188,B008,B008-C1007,Pharma Client 007,Pharma & Healthcare,45,232092.16,2026-08-11,2026-09-25,open,,,,False,False,improving_payer
INV8000189,B008,B008-C1008,FMCG Client 008,FMCG & Food Processing,30,1503687.58,2024-03-30,2024-04-29,closed,2024-04-29,30,0,False,False,prompt_payer
INV8000190,B008,B008-C1008,FMCG Client 008,FMCG & Food Processing,30,970903.09,2024-05-31,2024-06-30,closed,2024-06-30,30,0,False,False,prompt_payer
INV8000191,B008,B008-C1008,FMCG Client 008,FMCG & Food Processing,30,1383605.91,2024-06-09,2024-07-09,closed,2024-07-09,30,0,False,False,prompt_payer
INV8000192,B008,B008-C1008,FMCG Client 008,FMCG & Food Processing,30,1182981.42,2024-07-20,2024-08-19,closed,2024-08-18,29,-1,False,False,prompt_payer
INV8000193,B008,B008-C1008,FMCG Client 008,FMCG & Food Processing,30,1536449.13,2024-07-31,2024-08-30,closed,2024-08-31,31,1,False,False,prompt_payer
INV8000194,B008,B008-C1008,FMCG Client 008,FMCG & Food Processing,30,1022151.11,2024-08-27,2024-09-26,closed,2024-09-26,30,0,False,False,prompt_payer
INV8000195,B008,B008-C1008,FMCG Client 008,FMCG & Food Processing,30,4480435.86,2024-10-12,2024-11-11,closed,2024-11-18,37,7,False,True,prompt_payer
INV8000196,B008,B008-C1008,FMCG Client 008,FMCG & Food Processing,30,4835291.12,2024-11-05,2024-12-05,closed,2024-12-07,32,2,False,True,prompt_payer
INV8000197,B008,B008-C1008,FMCG Client 008,FMCG & Food Processing,30,1254750.67,2024-11-24,2024-12-24,open,,,,False,False,prompt_payer
INV8000198,B008,B008-C1008,FMCG Client 008,FMCG & Food Processing,30,1399572.19,2024-12-21,2025-01-20,closed,2025-01-18,28,-2,False,False,prompt_payer
INV8000199,B008,B008-C1008,FMCG Client 008,FMCG & Food Processing,30,1372918.39,2025-01-06,2025-02-05,closed,2025-02-11,36,6,False,False,prompt_payer
INV8000200,B008,B008-C1008,FMCG Client 008,FMCG & Food Processing,30,932373.6,2025-01-30,2025-03-01,closed,2025-02-27,28,-2,False,False,prompt_payer
INV8000201,B008,B008-C1008,FMCG Client 008,FMCG & Food Processing,30,1202266.42,2025-03-17,2025-04-16,closed,2025-04-15,29,-1,False,False,prompt_payer
INV8000202,B008,B008-C1008,FMCG Client 008,FMCG & Food Processing,30,489333.32,2025-03-20,2025-04-19,closed,2025-04-19,30,0,False,False,prompt_payer
INV8000203,B008,B008-C1008,FMCG Client 008,FMCG & Food Processing,30,989383.49,2025-05-09,2025-06-08,closed,2025-06-08,30,0,False,False,prompt_payer
INV8000204,B008,B008-C1008,FMCG Client 008,FMCG & Food Processing,30,1443307.65,2025-06-20,2025-07-20,closed,2025-07-19,29,-1,False,False,prompt_payer
INV8000205,B008,B008-C1008,FMCG Client 008,FMCG & Food Processing,30,872937.49,2025-08-21,2025-09-20,closed,2025-09-16,26,-4,False,False,prompt_payer
INV8000206,B008,B008-C1008,FMCG Client 008,FMCG & Food Processing,30,1458839.02,2025-09-06,2025-10-06,open,,,,False,False,prompt_payer
INV8000207,B008,B008-C1008,FMCG Client 008,FMCG & Food Processing,30,1024228.52,2025-09-07,2025-10-07,closed,2025-10-10,33,3,False,False,prompt_payer
INV8000208,B008,B008-C1008,FMCG Client 008,FMCG & Food Processing,30,814299.67,2025-11-29,2025-12-29,closed,2025-12-30,31,1,False,False,prompt_payer
INV8000209,B008,B008-C1008,FMCG Client 008,FMCG & Food Processing,30,1232296.63,2026-01-01,2026-01-31,closed,2026-01-28,27,-3,False,False,prompt_payer
INV8000210,B008,B008-C1008,FMCG Client 008,FMCG & Food Processing,30,821409.68,2026-01-17,2026-02-16,closed,2026-02-18,32,2,False,False,prompt_payer
INV8000211,B008,B008-C1008,FMCG Client 008,FMCG & Food Processing,30,752970.36,2026-01-27,2026-02-26,closed,2026-02-24,28,-2,False,False,prompt_payer
INV8000212,B008,B008-C1008,FMCG Client 008,FMCG & Food Processing,30,980009.64,2026-03-02,2026-04-01,closed,2026-04-03,32,2,False,False,prompt_payer
INV8000213,B008,B008-C1008,FMCG Client 008,FMCG & Food Processing,30,1032405.49,2026-03-07,2026-04-06,closed,2026-04-05,29,-1,False,False,prompt_payer
INV8000214,B008,B008-C1008,FMCG Client 008,FMCG & Food Processing,30,1188290.92,2026-03-15,2026-04-14,closed,2026-04-14,30,0,False,False,prompt_payer
INV8000215,B008,B008-C1008,FMCG Client 008,FMCG & Food Processing,30,795439.66,2026-04-06,2026-05-06,closed,2026-05-06,30,0,False,False,prompt_payer
INV8000216,B008,B008-C1008,FMCG Client 008,FMCG & Food Processing,30,1346430.69,2026-04-14,2026-05-14,closed,2026-05-15,31,1,False,False,prompt_payer
INV8000217,B008,B008-C1008,FMCG Client 008,FMCG & Food Processing,30,780976.72,2026-05-28,2026-06-27,closed,2026-06-27,30,0,False,False,prompt_payer
INV8000218,B008,B008-C1008,FMCG Client 008,FMCG & Food Processing,30,1281017.5,2026-05-29,2026-06-28,closed,2026-06-28,30,0,False,False,prompt_payer
INV8000219,B008,B008-C1008,FMCG Client 008,FMCG & Food Processing,30,1098728.18,2026-06-01,2026-07-01,closed,2026-07-05,34,4,False,False,prompt_payer
INV8000220,B008,B008-C1008,FMCG Client 008,FMCG & Food Processing,30,1052083.97,2026-06-08,2026-07-08,closed,2026-07-15,37,7,False,False,prompt_payer
INV8000221,B008,B008-C1008,FMCG Client 008,FMCG & Food Processing,30,984855.98,2026-07-01,2026-07-31,closed,2026-07-30,29,-1,False,False,prompt_payer
INV8000222,B008,B008-C1008,FMCG Client 008,FMCG & Food Processing,30,1562165.48,2026-08-30,2026-09-29,open,,,,False,False,prompt_payer
INV8000223,B008,B008-C1009,Pharma Client 009,Pharma & Healthcare,45,38747.47,2025-12-16,2026-01-30,closed,2026-02-07,53,8,True,False,cold_start
INV8000224,B008,B008-C1009,Pharma Client 009,Pharma & Healthcare,45,40892.56,2026-07-31,2026-09-14,open,,,,False,False,cold_start
INV8000225,B008,B008-C1010,Metal Client 010,Metal & Engineering,30,99264.28,2024-06-21,2024-07-21,closed,2024-09-05,76,46,False,False,improving_payer
INV8000226,B008,B008-C1010,Metal Client 010,Metal & Engineering,30,424811.82,2024-10-09,2024-11-08,closed,2024-12-15,67,37,False,True,improving_payer
INV8000227,B008,B008-C1010,Metal Client 010,Metal & Engineering,30,108144.18,2025-01-19,2025-02-18,closed,2025-02-28,40,10,False,False,improving_payer
INV8000228,B008,B008-C1010,Metal Client 010,Metal & Engineering,30,441437.52,2025-07-06,2025-08-05,closed,2025-09-01,57,27,False,True,improving_payer
INV8000229,B008,B008-C1010,Metal Client 010,Metal & Engineering,30,110479.06,2025-10-13,2025-11-12,closed,2025-11-17,35,5,False,False,improving_payer
INV8000230,B008,B008-C1011,Pharma Client 011,Pharma & Healthcare,30,63095.36,2024-04-17,2024-05-17,closed,2024-05-26,39,9,True,False,average_payer
INV8000231,B008,B008-C1011,Pharma Client 011,Pharma & Healthcare,30,82245.98,2024-07-05,2024-08-04,closed,2024-08-16,42,12,False,False,average_payer
INV8000232,B008,B008-C1011,Pharma Client 011,Pharma & Healthcare,30,98420.61,2024-07-14,2024-08-13,closed,2024-08-11,28,-2,False,False,average_payer
INV8000233,B008,B008-C1011,Pharma Client 011,Pharma & Healthcare,30,68068.34,2024-07-15,2024-08-14,closed,2024-08-15,31,1,False,False,average_payer
INV8000234,B008,B008-C1011,Pharma Client 011,Pharma & Healthcare,30,64486.89,2024-07-24,2024-08-23,closed,2024-08-29,36,6,False,False,average_payer
INV8000235,B008,B008-C1011,Pharma Client 011,Pharma & Healthcare,30,79640.86,2024-09-07,2024-10-07,closed,2024-10-17,40,10,False,False,average_payer
INV8000236,B008,B008-C1011,Pharma Client 011,Pharma & Healthcare,30,51898.97,2024-09-07,2024-10-07,closed,2024-10-02,25,-5,False,False,average_payer
INV8000237,B008,B008-C1011,Pharma Client 011,Pharma & Healthcare,30,68842.39,2024-09-27,2024-10-27,closed,2024-11-07,41,11,False,False,average_payer
INV8000238,B008,B008-C1011,Pharma Client 011,Pharma & Healthcare,30,87121.21,2024-11-14,2024-12-14,closed,2024-12-25,41,11,False,False,average_payer
INV8000239,B008,B008-C1011,Pharma Client 011,Pharma & Healthcare,30,497806.7,2024-11-29,2024-12-29,closed,2024-12-31,32,2,False,True,average_payer
INV8000240,B008,B008-C1011,Pharma Client 011,Pharma & Healthcare,30,87699.35,2024-12-27,2025-01-26,closed,2025-01-17,21,-9,False,False,average_payer
INV8000241,B008,B008-C1011,Pharma Client 011,Pharma & Healthcare,30,59253.71,2025-01-10,2025-02-09,closed,2025-02-15,36,6,False,False,average_payer
INV8000242,B008,B008-C1011,Pharma Client 011,Pharma & Healthcare,30,84088.44,2025-01-13,2025-02-12,closed,2025-02-24,42,12,False,False,average_payer
INV8000243,B008,B008-C1011,Pharma Client 011,Pharma & Healthcare,30,77248.35,2025-01-25,2025-02-24,closed,2025-03-07,41,11,False,False,average_payer
INV8000244,B008,B008-C1011,Pharma Client 011,Pharma & Healthcare,30,157374.49,2025-01-29,2025-02-28,closed,2025-03-17,47,17,False,False,average_payer
INV8000245,B008,B008-C1011,Pharma Client 011,Pharma & Healthcare,30,68889.49,2025-02-03,2025-03-05,closed,2025-03-07,32,2,False,False,average_payer
INV8000246,B008,B008-C1011,Pharma Client 011,Pharma & Healthcare,30,55706.35,2025-03-20,2025-04-19,closed,2025-04-25,36,6,False,False,average_payer
INV8000247,B008,B008-C1011,Pharma Client 011,Pharma & Healthcare,30,71266.74,2025-05-06,2025-06-05,closed,2025-06-15,40,10,False,False,average_payer
INV8000248,B008,B008-C1011,Pharma Client 011,Pharma & Healthcare,30,65447.36,2025-05-08,2025-06-07,closed,2025-06-11,34,4,False,False,average_payer
INV8000249,B008,B008-C1011,Pharma Client 011,Pharma & Healthcare,30,66360.6,2025-06-05,2025-07-05,closed,2025-07-05,30,0,False,False,average_payer
INV8000250,B008,B008-C1011,Pharma Client 011,Pharma & Healthcare,30,101653.8,2025-06-21,2025-07-21,closed,2025-07-28,37,7,False,False,average_payer
INV8000251,B008,B008-C1011,Pharma Client 011,Pharma & Healthcare,30,53100.9,2025-07-08,2025-08-07,closed,2025-08-03,26,-4,True,False,average_payer
INV8000252,B008,B008-C1011,Pharma Client 011,Pharma & Healthcare,30,75271.91,2025-07-12,2025-08-11,disputed_open,,,,False,False,average_payer
INV8000253,B008,B008-C1011,Pharma Client 011,Pharma & Healthcare,30,178859.32,2025-07-19,2025-08-18,closed,2025-09-01,44,14,False,True,average_payer
INV8000254,B008,B008-C1011,Pharma Client 011,Pharma & Healthcare,30,113370.96,2025-08-05,2025-09-04,closed,2025-09-14,40,10,False,False,average_payer
INV8000255,B008,B008-C1011,Pharma Client 011,Pharma & Healthcare,30,47774.37,2025-09-07,2025-10-07,closed,2025-10-12,35,5,False,False,average_payer
INV8000256,B008,B008-C1011,Pharma Client 011,Pharma & Healthcare,30,78224.83,2025-10-04,2025-11-03,closed,2025-11-08,35,5,False,False,average_payer
INV8000257,B008,B008-C1011,Pharma Client 011,Pharma & Healthcare,30,68039.18,2025-11-05,2025-12-05,closed,2025-12-06,31,1,False,False,average_payer
INV8000258,B008,B008-C1011,Pharma Client 011,Pharma & Healthcare,30,81746.07,2025-11-06,2025-12-06,closed,2025-12-15,39,9,False,False,average_payer
INV8000259,B008,B008-C1011,Pharma Client 011,Pharma & Healthcare,30,58374.8,2025-11-13,2025-12-13,closed,2025-12-16,33,3,False,False,average_payer
INV8000260,B008,B008-C1011,Pharma Client 011,Pharma & Healthcare,30,93507.1,2025-12-13,2026-01-12,closed,2026-01-21,39,9,False,False,average_payer
INV8000261,B008,B008-C1011,Pharma Client 011,Pharma & Healthcare,30,288487.57,2025-12-31,2026-01-30,closed,2026-02-06,37,7,False,True,average_payer
INV8000262,B008,B008-C1011,Pharma Client 011,Pharma & Healthcare,30,80725.33,2026-01-01,2026-01-31,closed,2026-02-15,45,15,False,False,average_payer
INV8000263,B008,B008-C1011,Pharma Client 011,Pharma & Healthcare,30,44795.92,2026-02-03,2026-03-05,closed,2026-03-05,30,0,False,False,average_payer
INV8000264,B008,B008-C1011,Pharma Client 011,Pharma & Healthcare,30,90606.63,2026-03-13,2026-04-12,closed,2026-04-21,39,9,False,False,average_payer
INV8000265,B008,B008-C1011,Pharma Client 011,Pharma & Healthcare,30,110057.05,2026-03-24,2026-04-23,closed,2026-05-02,39,9,False,False,average_payer
INV8000266,B008,B008-C1011,Pharma Client 011,Pharma & Healthcare,30,62721.44,2026-05-13,2026-06-12,closed,2026-06-26,44,14,False,False,average_payer
INV8000267,B008,B008-C1011,Pharma Client 011,Pharma & Healthcare,30,83017.93,2026-05-18,2026-06-17,open,,,,False,False,average_payer
INV8000268,B008,B008-C1011,Pharma Client 011,Pharma & Healthcare,30,51771.82,2026-05-26,2026-06-25,closed,2026-06-28,33,3,False,False,average_payer
INV8000269,B008,B008-C1011,Pharma Client 011,Pharma & Healthcare,30,225031.52,2026-06-03,2026-07-03,closed,2026-07-12,39,9,False,True,average_payer
INV8000270,B008,B008-C1011,Pharma Client 011,Pharma & Healthcare,30,263453.28,2026-06-16,2026-07-16,disputed_open,,,,False,True,average_payer
INV8000271,B008,B008-C1011,Pharma Client 011,Pharma & Healthcare,30,61045.13,2026-08-06,2026-09-05,open,,,,False,False,average_payer
INV8000272,B008,B008-C1012,Pharma Client 012,Pharma & Healthcare,30,453152.62,2024-03-31,2024-04-30,closed,2024-04-26,26,-4,False,False,prompt_payer
INV8000273,B008,B008-C1012,Pharma Client 012,Pharma & Healthcare,30,468216.46,2024-04-01,2024-05-01,closed,2024-05-01,30,0,False,False,prompt_payer
INV8000274,B008,B008-C1012,Pharma Client 012,Pharma & Healthcare,30,228447.89,2024-04-16,2024-05-16,closed,2024-05-17,31,1,False,False,prompt_payer
INV8000275,B008,B008-C1012,Pharma Client 012,Pharma & Healthcare,30,290187.18,2024-04-17,2024-05-17,closed,2024-05-18,31,1,False,False,prompt_payer
INV8000276,B008,B008-C1012,Pharma Client 012,Pharma & Healthcare,30,353807.26,2024-05-27,2024-06-26,closed,2024-06-30,34,4,False,False,prompt_payer
INV8000277,B008,B008-C1012,Pharma Client 012,Pharma & Healthcare,30,185463.95,2024-06-08,2024-07-08,closed,2024-07-08,30,0,False,False,prompt_payer
INV8000278,B008,B008-C1012,Pharma Client 012,Pharma & Healthcare,30,373203.53,2024-06-12,2024-07-12,closed,2024-07-12,30,0,False,False,prompt_payer
INV8000279,B008,B008-C1012,Pharma Client 012,Pharma & Healthcare,30,159190.76,2024-06-15,2024-07-15,closed,2024-07-10,25,-5,False,False,prompt_payer
INV8000280,B008,B008-C1012,Pharma Client 012,Pharma & Healthcare,30,204678.75,2024-06-22,2024-07-22,closed,2024-07-21,29,-1,False,False,prompt_payer
INV8000281,B008,B008-C1012,Pharma Client 012,Pharma & Healthcare,30,260791.34,2024-07-14,2024-08-13,closed,2024-08-15,32,2,False,False,prompt_payer
INV8000282,B008,B008-C1012,Pharma Client 012,Pharma & Healthcare,30,229064.33,2024-09-08,2024-10-08,closed,2024-10-09,31,1,False,False,prompt_payer
INV8000283,B008,B008-C1012,Pharma Client 012,Pharma & Healthcare,30,262676.44,2024-09-16,2024-10-16,closed,2024-10-13,27,-3,False,False,prompt_payer
INV8000284,B008,B008-C1012,Pharma Client 012,Pharma & Healthcare,30,261548.25,2024-09-23,2024-10-23,closed,2024-10-23,30,0,False,False,prompt_payer
INV8000285,B008,B008-C1012,Pharma Client 012,Pharma & Healthcare,30,242276.48,2024-10-01,2024-10-31,closed,2024-10-28,27,-3,False,False,prompt_payer
INV8000286,B008,B008-C1012,Pharma Client 012,Pharma & Healthcare,30,281567.95,2024-11-15,2024-12-15,closed,2024-12-20,35,5,False,False,prompt_payer
INV8000287,B008,B008-C1012,Pharma Client 012,Pharma & Healthcare,30,314990.92,2024-11-21,2024-12-21,closed,2024-12-26,35,5,False,False,prompt_payer
INV8000288,B008,B008-C1012,Pharma Client 012,Pharma & Healthcare,30,276022.34,2025-01-13,2025-02-12,closed,2025-02-06,24,-6,False,False,prompt_payer
INV8000289,B008,B008-C1012,Pharma Client 012,Pharma & Healthcare,30,261459.87,2025-01-14,2025-02-13,closed,2025-02-15,32,2,False,False,prompt_payer
INV8000290,B008,B008-C1012,Pharma Client 012,Pharma & Healthcare,30,270400.71,2025-02-19,2025-03-21,closed,2025-03-25,34,4,False,False,prompt_payer
INV8000291,B008,B008-C1012,Pharma Client 012,Pharma & Healthcare,30,296508.19,2025-03-11,2025-04-10,closed,2025-04-11,31,1,False,False,prompt_payer
INV8000292,B008,B008-C1012,Pharma Client 012,Pharma & Healthcare,30,268573.25,2025-03-27,2025-04-26,open,,,,False,False,prompt_payer
INV8000293,B008,B008-C1012,Pharma Client 012,Pharma & Healthcare,30,268221.22,2025-04-30,2025-05-30,closed,2025-05-27,27,-3,False,False,prompt_payer
INV8000294,B008,B008-C1012,Pharma Client 012,Pharma & Healthcare,30,201913.51,2025-05-17,2025-06-16,closed,2025-06-18,32,2,False,False,prompt_payer
INV8000295,B008,B008-C1012,Pharma Client 012,Pharma & Healthcare,30,215748.88,2025-05-22,2025-06-21,closed,2025-06-16,25,-5,False,False,prompt_payer
INV8000296,B008,B008-C1012,Pharma Client 012,Pharma & Healthcare,30,201431.76,2025-06-12,2025-07-12,closed,2025-07-14,32,2,False,False,prompt_payer
INV8000297,B008,B008-C1012,Pharma Client 012,Pharma & Healthcare,30,373790.73,2025-06-15,2025-07-15,closed,2025-07-12,27,-3,False,False,prompt_payer
INV8000298,B008,B008-C1012,Pharma Client 012,Pharma & Healthcare,30,397249.43,2025-07-14,2025-08-13,closed,2025-08-11,28,-2,False,False,prompt_payer
INV8000299,B008,B008-C1012,Pharma Client 012,Pharma & Healthcare,30,321913.16,2025-07-24,2025-08-23,closed,2025-08-23,30,0,False,False,prompt_payer
INV8000300,B008,B008-C1012,Pharma Client 012,Pharma & Healthcare,30,230261.18,2025-07-30,2025-08-29,closed,2025-08-28,29,-1,False,False,prompt_payer
INV8000301,B008,B008-C1012,Pharma Client 012,Pharma & Healthcare,30,241702.54,2025-08-12,2025-09-11,closed,2025-09-10,29,-1,False,False,prompt_payer
INV8000302,B008,B008-C1012,Pharma Client 012,Pharma & Healthcare,30,299460.52,2025-08-15,2025-09-14,closed,2025-09-17,33,3,False,False,prompt_payer
INV8000303,B008,B008-C1012,Pharma Client 012,Pharma & Healthcare,30,250833.27,2025-08-25,2025-09-24,closed,2025-09-20,26,-4,False,False,prompt_payer
INV8000304,B008,B008-C1012,Pharma Client 012,Pharma & Healthcare,30,355850.27,2025-09-02,2025-10-02,closed,2025-09-30,28,-2,False,False,prompt_payer
INV8000305,B008,B008-C1012,Pharma Client 012,Pharma & Healthcare,30,193085.11,2025-09-09,2025-10-09,closed,2025-10-10,31,1,False,False,prompt_payer
INV8000306,B008,B008-C1012,Pharma Client 012,Pharma & Healthcare,30,345360.87,2025-09-12,2025-10-12,closed,2025-10-10,28,-2,False,False,prompt_payer
INV8000307,B008,B008-C1012,Pharma Client 012,Pharma & Healthcare,30,278998.83,2025-09-28,2025-10-28,closed,2025-10-26,28,-2,False,False,prompt_payer
INV8000308,B008,B008-C1012,Pharma Client 012,Pharma & Healthcare,30,264440.99,2025-09-29,2025-10-29,closed,2025-10-31,32,2,False,False,prompt_payer
INV8000309,B008,B008-C1012,Pharma Client 012,Pharma & Healthcare,30,288305.87,2025-10-06,2025-11-05,closed,2025-11-03,28,-2,False,False,prompt_payer
INV8000310,B008,B008-C1012,Pharma Client 012,Pharma & Healthcare,30,950569.28,2025-10-07,2025-11-06,closed,2025-11-05,29,-1,False,True,prompt_payer
INV8000311,B008,B008-C1012,Pharma Client 012,Pharma & Healthcare,30,215884.15,2025-10-14,2025-11-13,closed,2025-11-16,33,3,False,False,prompt_payer
INV8000312,B008,B008-C1012,Pharma Client 012,Pharma & Healthcare,30,154522.07,2025-10-14,2025-11-13,closed,2025-11-11,28,-2,False,False,prompt_payer
INV8000313,B008,B008-C1012,Pharma Client 012,Pharma & Healthcare,30,384598.71,2025-11-24,2025-12-24,closed,2025-12-21,27,-3,False,False,prompt_payer
INV8000314,B008,B008-C1012,Pharma Client 012,Pharma & Healthcare,30,192398.52,2025-11-29,2025-12-29,closed,2025-12-20,21,-9,False,False,prompt_payer
INV8000315,B008,B008-C1012,Pharma Client 012,Pharma & Healthcare,30,373640.12,2025-12-19,2026-01-18,closed,2026-01-19,31,1,False,False,prompt_payer
INV8000316,B008,B008-C1012,Pharma Client 012,Pharma & Healthcare,30,210717.43,2026-01-27,2026-02-26,closed,2026-02-24,28,-2,False,False,prompt_payer
INV8000317,B008,B008-C1012,Pharma Client 012,Pharma & Healthcare,30,327052.09,2026-02-25,2026-03-27,closed,2026-03-24,27,-3,False,False,prompt_payer
INV8000318,B008,B008-C1012,Pharma Client 012,Pharma & Healthcare,30,379814.37,2026-03-12,2026-04-11,closed,2026-04-08,27,-3,False,False,prompt_payer
INV8000319,B008,B008-C1012,Pharma Client 012,Pharma & Healthcare,30,192712.53,2026-05-23,2026-06-22,closed,2026-06-24,32,2,False,False,prompt_payer
INV8000320,B008,B008-C1012,Pharma Client 012,Pharma & Healthcare,30,265462.13,2026-07-04,2026-08-03,closed,2026-08-05,32,2,False,False,prompt_payer
INV8000321,B008,B008-C1012,Pharma Client 012,Pharma & Healthcare,30,391581.62,2026-07-09,2026-08-08,closed,2026-08-12,34,4,False,False,prompt_payer
INV8000322,B008,B008-C1012,Pharma Client 012,Pharma & Healthcare,30,207409.76,2026-07-24,2026-08-23,closed,2026-08-23,30,0,False,False,prompt_payer
INV8000323,B008,B008-C1012,Pharma Client 012,Pharma & Healthcare,30,357542.25,2026-08-04,2026-09-03,open,,,,False,False,prompt_payer
INV8000324,B008,B008-C1012,Pharma Client 012,Pharma & Healthcare,30,134847.66,2026-08-18,2026-09-17,open,,,,False,False,prompt_payer
INV8000325,B008,B008-C1012,Pharma Client 012,Pharma & Healthcare,30,426005.06,2026-08-28,2026-09-27,open,,,,False,False,prompt_payer
INV8000326,B008,B008-C1013,Chemicals Client 013,Chemicals & Plastics,45,208304.31,2024-03-24,2024-05-08,closed,2024-05-06,43,-2,False,False,deteriorating_payer
INV8000327,B008,B008-C1013,Chemicals Client 013,Chemicals & Plastics,45,249101.72,2024-04-09,2024-05-24,closed,2024-05-27,48,3,False,False,deteriorating_payer
INV8000328,B008,B008-C1013,Chemicals Client 013,Chemicals & Plastics,45,149290.32,2024-05-21,2024-07-05,closed,2024-08-02,73,28,False,False,deteriorating_payer
INV8000329,B008,B008-C1013,Chemicals Client 013,Chemicals & Plastics,45,142630.24,2024-06-20,2024-08-04,closed,2024-08-19,60,15,True,False,deteriorating_payer
INV8000330,B008,B008-C1013,Chemicals Client 013,Chemicals & Plastics,45,193012.54,2024-07-09,2024-08-23,closed,2024-08-21,43,-2,False,False,deteriorating_payer
INV8000331,B008,B008-C1013,Chemicals Client 013,Chemicals & Plastics,45,777968.65,2024-07-28,2024-09-11,closed,2024-09-12,46,1,False,True,deteriorating_payer
INV8000332,B008,B008-C1013,Chemicals Client 013,Chemicals & Plastics,45,215312.14,2024-09-27,2024-11-11,closed,2024-12-02,66,21,False,False,deteriorating_payer
INV8000333,B008,B008-C1013,Chemicals Client 013,Chemicals & Plastics,45,187548.38,2024-10-20,2024-12-04,closed,2024-12-16,57,12,False,False,deteriorating_payer
INV8000334,B008,B008-C1013,Chemicals Client 013,Chemicals & Plastics,45,125833.61,2024-11-28,2025-01-12,closed,2025-01-10,43,-2,False,False,deteriorating_payer
INV8000335,B008,B008-C1013,Chemicals Client 013,Chemicals & Plastics,45,209026.11,2024-12-13,2025-01-27,closed,2025-02-18,67,22,False,False,deteriorating_payer
INV8000336,B008,B008-C1013,Chemicals Client 013,Chemicals & Plastics,45,267506.7,2025-01-08,2025-02-22,closed,2025-02-27,50,5,False,False,deteriorating_payer
INV8000337,B008,B008-C1013,Chemicals Client 013,Chemicals & Plastics,45,185443.08,2025-01-22,2025-03-08,closed,2025-04-11,79,34,False,False,deteriorating_payer
INV8000338,B008,B008-C1013,Chemicals Client 013,Chemicals & Plastics,45,195134.14,2025-02-02,2025-03-19,closed,2025-04-26,83,38,False,False,deteriorating_payer
INV8000339,B008,B008-C1013,Chemicals Client 013,Chemicals & Plastics,45,150744.56,2025-02-11,2025-03-28,closed,2025-04-17,65,20,False,False,deteriorating_payer
INV8000340,B008,B008-C1013,Chemicals Client 013,Chemicals & Plastics,45,186156.26,2025-03-16,2025-04-30,closed,2025-05-19,64,19,False,False,deteriorating_payer
INV8000341,B008,B008-C1013,Chemicals Client 013,Chemicals & Plastics,45,255393.15,2025-03-25,2025-05-09,closed,2025-06-21,88,43,False,False,deteriorating_payer
INV8000342,B008,B008-C1013,Chemicals Client 013,Chemicals & Plastics,45,180255.52,2025-04-09,2025-05-24,closed,2025-06-21,73,28,False,False,deteriorating_payer
INV8000343,B008,B008-C1013,Chemicals Client 013,Chemicals & Plastics,45,193446.32,2025-06-23,2025-08-07,closed,2025-09-09,78,33,False,False,deteriorating_payer
INV8000344,B008,B008-C1013,Chemicals Client 013,Chemicals & Plastics,45,328083.25,2025-09-07,2025-10-22,closed,2025-11-22,76,31,False,False,deteriorating_payer
INV8000345,B008,B008-C1013,Chemicals Client 013,Chemicals & Plastics,45,191288.06,2025-10-19,2025-12-03,closed,2025-12-26,68,23,False,False,deteriorating_payer
INV8000346,B008,B008-C1013,Chemicals Client 013,Chemicals & Plastics,45,107425.5,2025-12-01,2026-01-15,closed,2026-03-05,94,49,False,False,deteriorating_payer
INV8000347,B008,B008-C1013,Chemicals Client 013,Chemicals & Plastics,45,126223.44,2025-12-06,2026-01-20,closed,2026-02-28,84,39,False,False,deteriorating_payer
INV8000348,B008,B008-C1013,Chemicals Client 013,Chemicals & Plastics,45,114350.61,2025-12-17,2026-01-31,closed,2026-02-27,72,27,False,False,deteriorating_payer
INV8000349,B008,B008-C1013,Chemicals Client 013,Chemicals & Plastics,45,204183.69,2025-12-26,2026-02-09,closed,2026-03-14,78,33,False,False,deteriorating_payer
INV8000350,B008,B008-C1013,Chemicals Client 013,Chemicals & Plastics,45,359988.7,2026-05-27,2026-07-11,open,,,,False,False,deteriorating_payer
INV8000351,B008,B008-C1013,Chemicals Client 013,Chemicals & Plastics,45,81898.27,2026-07-03,2026-08-17,closed,2026-09-02,61,16,False,False,deteriorating_payer
INV8000352,B008,B008-C1013,Chemicals Client 013,Chemicals & Plastics,45,232404.02,2026-08-07,2026-09-21,open,,,,False,False,deteriorating_payer
INV8000353,B008,B008-C1013,Chemicals Client 013,Chemicals & Plastics,45,177756.45,2026-08-13,2026-09-27,disputed_open,,,,False,False,deteriorating_payer
INV8000354,B008,B008-C1014,FMCG Client 014,FMCG & Food Processing,30,61670.67,2024-04-11,2024-05-11,closed,2024-05-15,34,4,False,False,erratic_payer
INV8000355,B008,B008-C1014,FMCG Client 014,FMCG & Food Processing,30,103680.46,2024-06-23,2024-07-23,closed,2024-07-26,33,3,False,False,erratic_payer
INV8000356,B008,B008-C1014,FMCG Client 014,FMCG & Food Processing,30,76760.67,2024-07-19,2024-08-18,closed,2024-08-25,37,7,False,False,erratic_payer
INV8000357,B008,B008-C1014,FMCG Client 014,FMCG & Food Processing,30,60773.41,2024-07-19,2024-08-18,closed,2024-08-31,43,13,True,False,erratic_payer
INV8000358,B008,B008-C1014,FMCG Client 014,FMCG & Food Processing,30,63185.16,2024-10-08,2024-11-07,closed,2024-10-31,23,-7,False,False,erratic_payer
INV8000359,B008,B008-C1014,FMCG Client 014,FMCG & Food Processing,30,56108.63,2024-10-20,2024-11-19,closed,2024-12-04,45,15,False,False,erratic_payer
INV8000360,B008,B008-C1014,FMCG Client 014,FMCG & Food Processing,30,77208.65,2024-11-11,2024-12-11,closed,2024-11-14,3,-27,False,False,erratic_payer
INV8000361,B008,B008-C1014,FMCG Client 014,FMCG & Food Processing,30,51698.37,2025-04-05,2025-05-05,closed,2025-05-13,38,8,False,False,erratic_payer
INV8000362,B008,B008-C1014,FMCG Client 014,FMCG & Food Processing,30,52450.05,2025-04-10,2025-05-10,closed,2025-05-18,38,8,False,False,erratic_payer
INV8000363,B008,B008-C1014,FMCG Client 014,FMCG & Food Processing,30,76378.75,2025-04-23,2025-05-23,closed,2025-05-27,34,4,False,False,erratic_payer
INV8000364,B008,B008-C1014,FMCG Client 014,FMCG & Food Processing,30,38780.45,2025-05-23,2025-06-22,closed,2025-06-26,34,4,False,False,erratic_payer
INV8000365,B008,B008-C1014,FMCG Client 014,FMCG & Food Processing,30,91919.14,2026-01-14,2026-02-13,closed,2026-03-12,57,27,False,False,erratic_payer
INV8000366,B008,B008-C1014,FMCG Client 014,FMCG & Food Processing,30,101806.25,2026-02-22,2026-03-24,closed,2026-04-01,38,8,False,False,erratic_payer
INV8000367,B008,B008-C1014,FMCG Client 014,FMCG & Food Processing,30,72013.37,2026-03-14,2026-04-13,closed,2026-05-27,74,44,False,False,erratic_payer
INV8000368,B008,B008-C1014,FMCG Client 014,FMCG & Food Processing,30,100120.39,2026-05-20,2026-06-19,closed,2026-06-17,28,-2,False,False,erratic_payer
INV8000369,B008,B008-C1014,FMCG Client 014,FMCG & Food Processing,30,94644.9,2026-06-15,2026-07-15,closed,2026-07-14,29,-1,False,False,erratic_payer
INV8000370,B008,B008-C1014,FMCG Client 014,FMCG & Food Processing,30,60067.53,2026-07-07,2026-08-06,closed,2026-08-06,30,0,False,False,erratic_payer
INV8000371,B008,B008-C1014,FMCG Client 014,FMCG & Food Processing,30,120197.12,2026-07-20,2026-08-19,closed,2026-08-23,34,4,False,False,erratic_payer
INV8000372,B008,B008-C1015,Textiles Client 015,Textiles & Apparel,45,16156.13,2024-03-25,2024-05-09,closed,2024-05-07,43,-2,False,False,prompt_payer
INV8000373,B008,B008-C1015,Textiles Client 015,Textiles & Apparel,45,11135.77,2024-05-17,2024-07-01,closed,2024-06-28,42,-3,False,False,prompt_payer
INV8000374,B008,B008-C1015,Textiles Client 015,Textiles & Apparel,45,19528.39,2024-07-30,2024-09-13,closed,2024-09-08,40,-5,False,False,prompt_payer
INV8000375,B008,B008-C1015,Textiles Client 015,Textiles & Apparel,45,19797.62,2024-08-09,2024-09-23,closed,2024-09-25,47,2,False,False,prompt_payer
INV8000376,B008,B008-C1015,Textiles Client 015,Textiles & Apparel,45,14915.86,2024-09-18,2024-11-02,closed,2024-11-04,47,2,False,False,prompt_payer
INV8000377,B008,B008-C1015,Textiles Client 015,Textiles & Apparel,45,12251.05,2024-10-05,2024-11-19,open,,,,False,False,prompt_payer
INV8000378,B008,B008-C1015,Textiles Client 015,Textiles & Apparel,45,11235.1,2024-10-27,2024-12-11,closed,2024-12-09,43,-2,False,False,prompt_payer
INV8000379,B008,B008-C1015,Textiles Client 015,Textiles & Apparel,45,23804.77,2024-11-07,2024-12-22,closed,2024-12-16,39,-6,False,False,prompt_payer
INV8000380,B008,B008-C1015,Textiles Client 015,Textiles & Apparel,45,16478.62,2025-02-27,2025-04-13,closed,2025-04-16,48,3,False,False,prompt_payer
INV8000381,B008,B008-C1015,Textiles Client 015,Textiles & Apparel,45,13813.86,2025-03-07,2025-04-21,closed,2025-04-14,38,-7,False,False,prompt_payer
INV8000382,B008,B008-C1015,Textiles Client 015,Textiles & Apparel,45,21210.99,2025-03-07,2025-04-21,closed,2025-04-17,41,-4,False,False,prompt_payer
INV8000383,B008,B008-C1015,Textiles Client 015,Textiles & Apparel,45,71876.54,2025-04-16,2025-05-31,closed,2025-05-26,40,-5,False,True,prompt_payer
INV8000384,B008,B008-C1015,Textiles Client 015,Textiles & Apparel,45,18299.32,2025-05-06,2025-06-20,closed,2025-06-18,43,-2,False,False,prompt_payer
INV8000385,B008,B008-C1015,Textiles Client 015,Textiles & Apparel,45,12775.77,2025-05-12,2025-06-26,closed,2025-06-29,48,3,False,False,prompt_payer
INV8000386,B008,B008-C1015,Textiles Client 015,Textiles & Apparel,45,29664.58,2025-05-22,2025-07-06,closed,2025-07-07,46,1,False,False,prompt_payer
INV8000387,B008,B008-C1015,Textiles Client 015,Textiles & Apparel,45,23890.09,2025-08-06,2025-09-20,closed,2025-09-20,45,0,False,False,prompt_payer
INV8000388,B008,B008-C1015,Textiles Client 015,Textiles & Apparel,45,22586.37,2025-08-06,2025-09-20,closed,2025-09-17,42,-3,False,False,prompt_payer
INV8000389,B008,B008-C1015,Textiles Client 015,Textiles & Apparel,45,78653.48,2025-10-06,2025-11-20,closed,2025-11-13,38,-7,False,True,prompt_payer
INV8000390,B008,B008-C1015,Textiles Client 015,Textiles & Apparel,45,11033.19,2025-10-31,2025-12-15,closed,2025-12-14,44,-1,False,False,prompt_payer
INV8000391,B008,B008-C1015,Textiles Client 015,Textiles & Apparel,45,12882.75,2025-11-16,2025-12-31,closed,2025-12-25,39,-6,False,False,prompt_payer
INV8000392,B008,B008-C1015,Textiles Client 015,Textiles & Apparel,45,33920.37,2026-01-02,2026-02-16,closed,2026-02-19,48,3,False,False,prompt_payer
INV8000393,B008,B008-C1015,Textiles Client 015,Textiles & Apparel,45,18601.74,2026-01-05,2026-02-19,closed,2026-02-20,46,1,False,False,prompt_payer
INV8000394,B008,B008-C1015,Textiles Client 015,Textiles & Apparel,45,19136.7,2026-03-01,2026-04-15,closed,2026-04-16,46,1,False,False,prompt_payer
INV8000395,B008,B008-C1015,Textiles Client 015,Textiles & Apparel,45,20860.98,2026-04-23,2026-06-07,closed,2026-06-04,42,-3,False,False,prompt_payer
INV8000396,B008,B008-C1015,Textiles Client 015,Textiles & Apparel,45,26075.7,2026-06-01,2026-07-16,closed,2026-07-17,46,1,False,False,prompt_payer
INV8000397,B008,B008-C1015,Textiles Client 015,Textiles & Apparel,45,16934.34,2026-07-07,2026-08-21,closed,2026-08-20,44,-1,False,False,prompt_payer
INV8000398,B008,B008-C1015,Textiles Client 015,Textiles & Apparel,45,17536.02,2026-07-15,2026-08-29,closed,2026-08-26,42,-3,False,False,prompt_payer
INV8000399,B008,B008-C1015,Textiles Client 015,Textiles & Apparel,45,21043.61,2026-08-30,2026-10-14,open,,,,False,False,prompt_payer
INV8000400,B008,B008-C1016,Chemicals Client 016,Chemicals & Plastics,30,212361.09,2024-08-08,2024-09-07,closed,2024-09-05,28,-2,False,False,prompt_payer
INV8000401,B008,B008-C1016,Chemicals Client 016,Chemicals & Plastics,30,122866.17,2024-11-29,2024-12-29,closed,2024-12-25,26,-4,False,False,prompt_payer
INV8000402,B008,B008-C1016,Chemicals Client 016,Chemicals & Plastics,30,89961.37,2024-12-30,2025-01-29,closed,2025-02-02,34,4,False,False,prompt_payer
INV8000403,B008,B008-C1016,Chemicals Client 016,Chemicals & Plastics,30,399164.71,2025-01-16,2025-02-15,closed,2025-02-17,32,2,False,True,prompt_payer
INV8000404,B008,B008-C1016,Chemicals Client 016,Chemicals & Plastics,30,152002.42,2025-03-26,2025-04-25,closed,2025-04-19,24,-6,False,False,prompt_payer
INV8000405,B008,B008-C1016,Chemicals Client 016,Chemicals & Plastics,30,316938.39,2026-01-24,2026-02-23,closed,2026-02-19,26,-4,False,True,prompt_payer
INV8000406,B008,B008-C1016,Chemicals Client 016,Chemicals & Plastics,30,71516.18,2026-02-14,2026-03-16,closed,2026-03-19,33,3,False,False,prompt_payer
INV8000407,B008,B008-C1016,Chemicals Client 016,Chemicals & Plastics,30,109456.29,2026-04-26,2026-05-26,closed,2026-05-29,33,3,False,False,prompt_payer
INV8000408,B008,B008-C1016,Chemicals Client 016,Chemicals & Plastics,30,110339.11,2026-05-22,2026-06-21,closed,2026-06-17,26,-4,False,False,prompt_payer
INV8000409,B008,B008-C1016,Chemicals Client 016,Chemicals & Plastics,30,105017.11,2026-05-29,2026-06-28,closed,2026-06-28,30,0,False,False,prompt_payer
INV8000410,B008,B008-C1016,Chemicals Client 016,Chemicals & Plastics,30,77887.41,2026-06-29,2026-07-29,closed,2026-08-03,35,5,False,False,prompt_payer
INV8000411,B008,B008-C1017,IT Client 017,IT & Business Services,30,65336.96,2024-07-06,2024-08-05,closed,2024-08-06,31,1,False,False,seasonal_payer
INV8000412,B008,B008-C1017,IT Client 017,IT & Business Services,30,74081.82,2024-08-13,2024-09-12,closed,2024-09-11,29,-1,False,False,seasonal_payer
INV8000413,B008,B008-C1017,IT Client 017,IT & Business Services,30,39074.99,2024-08-19,2024-09-18,closed,2024-09-21,33,3,True,False,seasonal_payer
INV8000414,B008,B008-C1017,IT Client 017,IT & Business Services,30,42846.27,2024-09-13,2024-10-13,closed,2024-10-12,29,-1,False,False,seasonal_payer
INV8000415,B008,B008-C1017,IT Client 017,IT & Business Services,30,58080.53,2025-01-08,2025-02-07,closed,2025-02-17,40,10,False,False,seasonal_payer
INV8000416,B008,B008-C1017,IT Client 017,IT & Business Services,30,42451.7,2025-01-28,2025-02-27,closed,2025-03-12,43,13,False,False,seasonal_payer
INV8000417,B008,B008-C1017,IT Client 017,IT & Business Services,30,76344.27,2025-03-22,2025-04-21,closed,2025-05-17,56,26,False,False,seasonal_payer
INV8000418,B008,B008-C1017,IT Client 017,IT & Business Services,30,49271.33,2025-04-03,2025-05-03,closed,2025-05-14,41,11,False,False,seasonal_payer
INV8000419,B008,B008-C1017,IT Client 017,IT & Business Services,30,35461.4,2025-06-09,2025-07-09,closed,2025-07-20,41,11,False,False,seasonal_payer
INV8000420,B008,B008-C1017,IT Client 017,IT & Business Services,30,73240.42,2025-07-26,2025-08-25,closed,2025-08-30,35,5,False,False,seasonal_payer
INV8000421,B008,B008-C1017,IT Client 017,IT & Business Services,30,139392.73,2025-09-03,2025-10-03,closed,2025-09-25,22,-8,False,True,seasonal_payer
INV8000422,B008,B008-C1017,IT Client 017,IT & Business Services,30,55898.29,2025-09-25,2025-10-25,closed,2025-10-26,31,1,False,False,seasonal_payer
INV8000423,B008,B008-C1017,IT Client 017,IT & Business Services,30,33958.32,2025-12-10,2026-01-09,closed,2026-01-26,47,17,False,False,seasonal_payer
INV8000424,B008,B008-C1017,IT Client 017,IT & Business Services,30,24898.43,2025-12-13,2026-01-12,closed,2026-01-22,40,10,False,False,seasonal_payer
INV8000425,B008,B008-C1017,IT Client 017,IT & Business Services,30,38451.89,2025-12-16,2026-01-15,closed,2026-01-26,41,11,False,False,seasonal_payer
INV8000426,B008,B008-C1017,IT Client 017,IT & Business Services,30,29762.13,2025-12-27,2026-01-26,closed,2026-02-09,44,14,False,False,seasonal_payer
INV8000427,B008,B008-C1017,IT Client 017,IT & Business Services,30,49188.04,2026-02-20,2026-03-22,closed,2026-04-01,40,10,False,False,seasonal_payer
INV8000428,B008,B008-C1017,IT Client 017,IT & Business Services,30,78214.89,2026-04-06,2026-05-06,closed,2026-05-13,37,7,False,False,seasonal_payer
INV8000429,B008,B008-C1017,IT Client 017,IT & Business Services,30,89310.34,2026-04-09,2026-05-09,closed,2026-05-23,44,14,False,False,seasonal_payer
INV8000430,B008,B008-C1017,IT Client 017,IT & Business Services,30,39644.59,2026-04-24,2026-05-24,closed,2026-06-05,42,12,False,False,seasonal_payer
INV8000431,B008,B008-C1017,IT Client 017,IT & Business Services,30,71126.44,2026-06-28,2026-07-28,closed,2026-08-02,35,5,False,False,seasonal_payer
INV8000432,B008,B008-C1017,IT Client 017,IT & Business Services,30,24035.52,2026-07-07,2026-08-06,closed,2026-08-14,38,8,False,False,seasonal_payer
INV8000433,B008,B008-C1017,IT Client 017,IT & Business Services,30,31559.25,2026-08-21,2026-09-20,open,,,,False,False,seasonal_payer
INV8000434,B008,B008-C1018,Auto Client 018,Auto Components,30,22795.2,2024-06-05,2024-07-05,closed,2024-07-10,35,5,False,False,average_payer
INV8000435,B008,B008-C1018,Auto Client 018,Auto Components,30,33483.4,2024-07-21,2024-08-20,closed,2024-08-25,35,5,False,False,average_payer
INV8000436,B008,B008-C1018,Auto Client 018,Auto Components,30,33754.29,2024-11-22,2024-12-22,closed,2024-12-22,30,0,False,False,average_payer
INV8000437,B008,B008-C1018,Auto Client 018,Auto Components,30,26010.24,2025-02-20,2025-03-22,closed,2025-04-05,44,14,False,False,average_payer
INV8000438,B008,B008-C1018,Auto Client 018,Auto Components,30,22940.37,2025-04-02,2025-05-02,closed,2025-05-10,38,8,False,False,average_payer
INV8000439,B008,B008-C1018,Auto Client 018,Auto Components,30,27833.02,2025-06-17,2025-07-17,closed,2025-08-01,45,15,False,False,average_payer
INV8000440,B008,B008-C1018,Auto Client 018,Auto Components,30,44230.53,2025-06-27,2025-07-27,closed,2025-08-02,36,6,False,False,average_payer
INV8000441,B008,B008-C1018,Auto Client 018,Auto Components,30,34071.15,2025-07-09,2025-08-08,closed,2025-08-17,39,9,False,False,average_payer
INV8000442,B008,B008-C1018,Auto Client 018,Auto Components,30,33712.84,2025-12-08,2026-01-07,closed,2026-01-14,37,7,False,False,average_payer
INV8000443,B008,B008-C1018,Auto Client 018,Auto Components,30,32866.32,2026-01-17,2026-02-16,closed,2026-02-25,39,9,False,False,average_payer
INV8000444,B008,B008-C1018,Auto Client 018,Auto Components,30,15703.17,2026-02-10,2026-03-12,closed,2026-03-12,30,0,False,False,average_payer
INV8000445,B008,B008-C1018,Auto Client 018,Auto Components,30,41160.52,2026-03-25,2026-04-24,closed,2026-05-04,40,10,False,False,average_payer
INV8000446,B008,B008-C1018,Auto Client 018,Auto Components,30,28262.16,2026-05-09,2026-06-08,closed,2026-06-22,44,14,False,False,average_payer
INV8000447,B008,B008-C1018,Auto Client 018,Auto Components,30,51981.11,2026-06-11,2026-07-11,closed,2026-07-09,28,-2,False,False,average_payer
INV8000448,B008,B008-C1018,Auto Client 018,Auto Components,30,43910.89,2026-09-01,2026-10-01,open,,,,False,False,average_payer
INV8000449,B008,B008-C1019,IT Client 019,IT & Business Services,45,51688.63,2024-04-27,2024-06-11,closed,2024-06-12,46,1,False,False,average_payer
INV8000450,B008,B008-C1019,IT Client 019,IT & Business Services,45,96445.89,2024-06-30,2024-08-14,closed,2024-08-04,35,-10,False,False,average_payer
INV8000451,B008,B008-C1019,IT Client 019,IT & Business Services,45,50389.24,2024-07-28,2024-09-11,closed,2024-09-09,43,-2,False,False,average_payer
INV8000452,B008,B008-C1019,IT Client 019,IT & Business Services,45,76391.42,2024-08-28,2024-10-12,closed,2024-10-12,45,0,False,False,average_payer
INV8000453,B008,B008-C1019,IT Client 019,IT & Business Services,45,46289.28,2024-09-05,2024-10-20,closed,2024-10-30,55,10,False,False,average_payer
INV8000454,B008,B008-C1019,IT Client 019,IT & Business Services,45,56559.46,2025-01-06,2025-02-20,closed,2025-02-22,47,2,False,False,average_payer
INV8000455,B008,B008-C1019,IT Client 019,IT & Business Services,45,29799.65,2025-01-10,2025-02-24,closed,2025-03-06,55,10,False,False,average_payer
INV8000456,B008,B008-C1019,IT Client 019,IT & Business Services,45,42042.56,2025-03-18,2025-05-02,closed,2025-05-10,53,8,False,False,average_payer
INV8000457,B008,B008-C1019,IT Client 019,IT & Business Services,45,52447.01,2025-04-06,2025-05-21,closed,2025-05-18,42,-3,False,False,average_payer
INV8000458,B008,B008-C1019,IT Client 019,IT & Business Services,45,63777.9,2025-05-15,2025-06-29,closed,2025-07-03,49,4,False,False,average_payer
INV8000459,B008,B008-C1019,IT Client 019,IT & Business Services,45,174642.71,2025-06-01,2025-07-16,closed,2025-07-20,49,4,False,True,average_payer
INV8000460,B008,B008-C1019,IT Client 019,IT & Business Services,45,88739.56,2025-07-12,2025-08-26,closed,2025-09-02,52,7,False,False,average_payer
INV8000461,B008,B008-C1019,IT Client 019,IT & Business Services,45,45949.98,2025-08-16,2025-09-30,closed,2025-09-27,42,-3,False,False,average_payer
INV8000462,B008,B008-C1019,IT Client 019,IT & Business Services,45,74352.77,2025-10-24,2025-12-08,closed,2025-12-16,53,8,False,False,average_payer
INV8000463,B008,B008-C1019,IT Client 019,IT & Business Services,45,130464.09,2025-12-22,2026-02-05,closed,2026-02-13,53,8,True,False,average_payer
INV8000464,B008,B008-C1019,IT Client 019,IT & Business Services,45,101455.13,2026-05-04,2026-06-18,closed,2026-06-25,52,7,False,False,average_payer
INV8000465,B008,B008-C1020,Chemicals Client 020,Chemicals & Plastics,30,129914.12,2024-04-20,2024-05-20,closed,2024-05-20,30,0,False,False,prompt_payer
INV8000466,B008,B008-C1020,Chemicals Client 020,Chemicals & Plastics,30,81253.81,2024-05-20,2024-06-19,closed,2024-06-20,31,1,False,False,prompt_payer
INV8000467,B008,B008-C1020,Chemicals Client 020,Chemicals & Plastics,30,146902.19,2024-10-14,2024-11-13,closed,2024-11-12,29,-1,False,False,prompt_payer
INV8000468,B008,B008-C1020,Chemicals Client 020,Chemicals & Plastics,30,91045.6,2024-11-08,2024-12-08,closed,2024-12-10,32,2,False,False,prompt_payer
INV8000469,B008,B008-C1020,Chemicals Client 020,Chemicals & Plastics,30,86529.45,2024-11-22,2024-12-22,closed,2024-12-29,37,7,False,False,prompt_payer
INV8000470,B008,B008-C1020,Chemicals Client 020,Chemicals & Plastics,30,180669.33,2024-12-13,2025-01-12,closed,2025-01-10,28,-2,False,False,prompt_payer
INV8000471,B008,B008-C1020,Chemicals Client 020,Chemicals & Plastics,30,234835.46,2025-01-22,2025-02-21,closed,2025-02-22,31,1,False,False,prompt_payer
INV8000472,B008,B008-C1020,Chemicals Client 020,Chemicals & Plastics,30,84394.18,2025-02-11,2025-03-13,closed,2025-03-14,31,1,False,False,prompt_payer
INV8000473,B008,B008-C1020,Chemicals Client 020,Chemicals & Plastics,30,69185.54,2025-06-09,2025-07-09,closed,2025-07-09,30,0,False,False,prompt_payer
INV8000474,B008,B008-C1020,Chemicals Client 020,Chemicals & Plastics,30,107823.59,2025-08-01,2025-08-31,closed,2025-09-01,31,1,False,False,prompt_payer
INV8000475,B008,B008-C1020,Chemicals Client 020,Chemicals & Plastics,30,108901.02,2025-09-13,2025-10-13,closed,2025-10-11,28,-2,False,False,prompt_payer
INV8000476,B008,B008-C1020,Chemicals Client 020,Chemicals & Plastics,30,99097.63,2025-09-30,2025-10-30,closed,2025-10-30,30,0,False,False,prompt_payer
INV8000477,B008,B008-C1020,Chemicals Client 020,Chemicals & Plastics,30,166085.63,2025-10-24,2025-11-23,closed,2025-11-21,28,-2,False,False,prompt_payer
INV8000478,B008,B008-C1020,Chemicals Client 020,Chemicals & Plastics,30,106376.3,2026-01-07,2026-02-06,closed,2026-02-09,33,3,False,False,prompt_payer
INV8000479,B008,B008-C1020,Chemicals Client 020,Chemicals & Plastics,30,93551.35,2026-05-22,2026-06-21,closed,2026-06-28,37,7,False,False,prompt_payer
INV8000480,B008,B008-C1020,Chemicals Client 020,Chemicals & Plastics,30,94801.04,2026-05-30,2026-06-29,closed,2026-06-22,23,-7,False,False,prompt_payer
INV8000481,B008,B008-C1020,Chemicals Client 020,Chemicals & Plastics,30,139792.77,2026-06-03,2026-07-03,closed,2026-07-03,30,0,False,False,prompt_payer
INV8000482,B008,B008-C1021,FMCG Client 021,FMCG & Food Processing,45,57745.45,2024-05-14,2024-06-28,closed,2024-07-03,50,5,True,False,deteriorating_payer
INV8000483,B008,B008-C1021,FMCG Client 021,FMCG & Food Processing,45,44339.27,2024-06-30,2024-08-14,closed,2024-09-02,64,19,True,False,deteriorating_payer
INV8000484,B008,B008-C1021,FMCG Client 021,FMCG & Food Processing,45,33398.54,2024-07-15,2024-08-29,closed,2024-09-17,64,19,False,False,deteriorating_payer
INV8000485,B008,B008-C1021,FMCG Client 021,FMCG & Food Processing,45,41570.8,2024-08-13,2024-09-27,closed,2024-09-29,47,2,False,False,deteriorating_payer
INV8000486,B008,B008-C1021,FMCG Client 021,FMCG & Food Processing,45,74401.2,2024-08-15,2024-09-29,closed,2024-09-27,43,-2,False,False,deteriorating_payer
INV8000487,B008,B008-C1021,FMCG Client 021,FMCG & Food Processing,45,64201.45,2024-08-26,2024-10-10,closed,2024-11-07,73,28,False,False,deteriorating_payer
INV8000488,B008,B008-C1021,FMCG Client 021,FMCG & Food Processing,45,28800.96,2024-09-29,2024-11-13,closed,2024-11-29,61,16,False,False,deteriorating_payer
INV8000489,B008,B008-C1021,FMCG Client 021,FMCG & Food Processing,45,52017.42,2024-11-29,2025-01-13,closed,2025-01-26,58,13,False,False,deteriorating_payer
INV8000490,B008,B008-C1021,FMCG Client 021,FMCG & Food Processing,45,31990.29,2024-12-27,2025-02-10,closed,2025-02-17,52,7,False,False,deteriorating_payer
INV8000491,B008,B008-C1021,FMCG Client 021,FMCG & Food Processing,45,51128.52,2025-07-15,2025-08-29,closed,2025-09-25,72,27,False,False,deteriorating_payer
INV8000492,B008,B008-C1021,FMCG Client 021,FMCG & Food Processing,45,26491.59,2025-07-15,2025-08-29,closed,2025-09-24,71,26,False,False,deteriorating_payer
INV8000493,B008,B008-C1021,FMCG Client 021,FMCG & Food Processing,45,46351.03,2025-07-29,2025-09-12,closed,2025-09-30,63,18,True,False,deteriorating_payer
INV8000494,B008,B008-C1021,FMCG Client 021,FMCG & Food Processing,45,26581.43,2025-08-03,2025-09-17,closed,2025-10-10,68,23,False,False,deteriorating_payer
INV8000495,B008,B008-C1021,FMCG Client 021,FMCG & Food Processing,45,46835.65,2025-08-07,2025-09-21,closed,2025-10-20,74,29,False,False,deteriorating_payer
INV8000496,B008,B008-C1021,FMCG Client 021,FMCG & Food Processing,45,54247.73,2025-08-18,2025-10-02,closed,2025-11-14,88,43,False,False,deteriorating_payer
INV8000497,B008,B008-C1021,FMCG Client 021,FMCG & Food Processing,45,29934.99,2025-09-08,2025-10-23,closed,2025-11-22,75,30,False,False,deteriorating_payer
INV8000498,B008,B008-C1021,FMCG Client 021,FMCG & Food Processing,45,49976.31,2025-10-21,2025-12-05,closed,2026-01-25,96,51,False,False,deteriorating_payer
INV8000499,B008,B008-C1021,FMCG Client 021,FMCG & Food Processing,45,35309.92,2025-10-28,2025-12-12,closed,2026-01-07,71,26,False,False,deteriorating_payer
INV8000500,B008,B008-C1021,FMCG Client 021,FMCG & Food Processing,45,39103.02,2025-11-04,2025-12-19,closed,2026-01-19,76,31,False,False,deteriorating_payer
INV8000501,B008,B008-C1021,FMCG Client 021,FMCG & Food Processing,45,61416.25,2025-11-23,2026-01-07,closed,2026-02-01,70,25,False,False,deteriorating_payer
INV8000502,B008,B008-C1021,FMCG Client 021,FMCG & Food Processing,45,28896.36,2026-01-16,2026-03-02,closed,2026-03-25,68,23,False,False,deteriorating_payer
INV8000503,B008,B008-C1021,FMCG Client 021,FMCG & Food Processing,45,41884.17,2026-02-08,2026-03-25,closed,2026-05-10,91,46,False,False,deteriorating_payer
INV8000504,B008,B008-C1021,FMCG Client 021,FMCG & Food Processing,45,41318.83,2026-03-08,2026-04-22,closed,2026-06-17,101,56,False,False,deteriorating_payer
INV8000505,B008,B008-C1021,FMCG Client 021,FMCG & Food Processing,45,40322.14,2026-05-20,2026-07-04,closed,2026-08-02,74,29,False,False,deteriorating_payer
INV8000506,B008,B008-C1021,FMCG Client 021,FMCG & Food Processing,45,47770.43,2026-06-15,2026-07-30,open,,,,False,False,deteriorating_payer
INV8000507,B008,B008-C1021,FMCG Client 021,FMCG & Food Processing,45,45770.36,2026-06-22,2026-08-06,closed,2026-08-31,70,25,False,False,deteriorating_payer
INV8000508,B008,B008-C1021,FMCG Client 021,FMCG & Food Processing,45,52059.4,2026-07-15,2026-08-29,open,,,,False,False,deteriorating_payer
INV8000509,B008,B008-C1021,FMCG Client 021,FMCG & Food Processing,45,39776.07,2026-08-01,2026-09-15,open,,,,False,False,deteriorating_payer
INV8000510,B008,B008-C1022,Metal Client 022,Metal & Engineering,45,153091.28,2024-04-05,2024-05-20,closed,2024-06-27,83,38,False,False,chronic_late_payer
INV8000511,B008,B008-C1022,Metal Client 022,Metal & Engineering,45,729526.6,2024-04-08,2024-05-23,closed,2024-07-08,91,46,False,True,chronic_late_payer
INV8000512,B008,B008-C1022,Metal Client 022,Metal & Engineering,45,140863.32,2024-04-15,2024-05-30,open,,,,False,False,chronic_late_payer
INV8000513,B008,B008-C1022,Metal Client 022,Metal & Engineering,45,160062.7,2024-06-10,2024-07-25,closed,2024-08-28,79,34,False,False,chronic_late_payer
INV8000514,B008,B008-C1022,Metal Client 022,Metal & Engineering,45,134984.13,2024-06-19,2024-08-03,closed,2024-08-30,72,27,False,False,chronic_late_payer
INV8000515,B008,B008-C1022,Metal Client 022,Metal & Engineering,45,151685.03,2024-06-28,2024-08-12,closed,2024-09-26,90,45,False,False,chronic_late_payer
INV8000516,B008,B008-C1022,Metal Client 022,Metal & Engineering,45,201942.2,2024-07-25,2024-09-08,closed,2024-10-17,84,39,False,False,chronic_late_payer
INV8000517,B008,B008-C1022,Metal Client 022,Metal & Engineering,45,117779.68,2024-08-30,2024-10-14,closed,2024-11-16,78,33,False,False,chronic_late_payer
INV8000518,B008,B008-C1022,Metal Client 022,Metal & Engineering,45,141367.08,2024-10-13,2024-11-27,closed,2025-01-07,86,41,True,False,chronic_late_payer
INV8000519,B008,B008-C1022,Metal Client 022,Metal & Engineering,45,166178.73,2024-11-29,2025-01-13,closed,2025-02-02,65,20,False,False,chronic_late_payer
INV8000520,B008,B008-C1022,Metal Client 022,Metal & Engineering,45,253491.94,2024-12-08,2025-01-22,closed,2025-03-23,105,60,False,False,chronic_late_payer
INV8000521,B008,B008-C1022,Metal Client 022,Metal & Engineering,45,164683.66,2025-02-18,2025-04-04,closed,2025-04-21,62,17,False,False,chronic_late_payer
INV8000522,B008,B008-C1022,Metal Client 022,Metal & Engineering,45,288807.16,2025-02-23,2025-04-09,closed,2025-05-18,84,39,False,False,chronic_late_payer
INV8000523,B008,B008-C1022,Metal Client 022,Metal & Engineering,45,162310.13,2025-02-24,2025-04-10,closed,2025-05-25,90,45,False,False,chronic_late_payer
INV8000524,B008,B008-C1022,Metal Client 022,Metal & Engineering,45,247601.18,2025-05-02,2025-06-16,closed,2025-08-04,94,49,False,False,chronic_late_payer
INV8000525,B008,B008-C1022,Metal Client 022,Metal & Engineering,45,219088.63,2025-05-09,2025-06-23,closed,2025-08-12,95,50,False,False,chronic_late_payer
INV8000526,B008,B008-C1022,Metal Client 022,Metal & Engineering,45,80769.83,2025-05-17,2025-07-01,closed,2025-07-30,74,29,False,False,chronic_late_payer
INV8000527,B008,B008-C1022,Metal Client 022,Metal & Engineering,45,154401.63,2025-05-18,2025-07-02,closed,2025-08-21,95,50,False,False,chronic_late_payer
INV8000528,B008,B008-C1022,Metal Client 022,Metal & Engineering,45,135340.13,2025-06-04,2025-07-19,closed,2025-08-02,59,14,False,False,chronic_late_payer
INV8000529,B008,B008-C1022,Metal Client 022,Metal & Engineering,45,148276.31,2025-06-19,2025-08-03,closed,2025-09-09,82,37,False,False,chronic_late_payer
INV8000530,B008,B008-C1022,Metal Client 022,Metal & Engineering,45,178331.1,2025-06-24,2025-08-08,closed,2025-09-15,83,38,False,False,chronic_late_payer
INV8000531,B008,B008-C1022,Metal Client 022,Metal & Engineering,45,139002.43,2025-07-25,2025-09-08,closed,2025-09-22,59,14,False,False,chronic_late_payer
INV8000532,B008,B008-C1022,Metal Client 022,Metal & Engineering,45,207415.61,2025-09-02,2025-10-17,closed,2025-11-15,74,29,False,False,chronic_late_payer
INV8000533,B008,B008-C1022,Metal Client 022,Metal & Engineering,45,96757.13,2025-09-23,2025-11-07,closed,2025-12-14,82,37,False,False,chronic_late_payer
INV8000534,B008,B008-C1022,Metal Client 022,Metal & Engineering,45,108802.37,2025-10-01,2025-11-15,closed,2025-12-07,67,22,False,False,chronic_late_payer
INV8000535,B008,B008-C1022,Metal Client 022,Metal & Engineering,45,147644.24,2025-10-05,2025-11-19,closed,2025-12-19,75,30,False,False,chronic_late_payer
INV8000536,B008,B008-C1022,Metal Client 022,Metal & Engineering,45,271127.48,2025-12-05,2026-01-19,closed,2026-02-18,75,30,True,False,chronic_late_payer
INV8000537,B008,B008-C1022,Metal Client 022,Metal & Engineering,45,138001.09,2025-12-11,2026-01-25,closed,2026-02-08,59,14,False,False,chronic_late_payer
INV8000538,B008,B008-C1022,Metal Client 022,Metal & Engineering,45,181966.01,2025-12-23,2026-02-06,closed,2026-03-19,86,41,False,False,chronic_late_payer
INV8000539,B008,B008-C1022,Metal Client 022,Metal & Engineering,45,911731.47,2026-02-03,2026-03-20,closed,2026-04-27,83,38,False,True,chronic_late_payer
INV8000540,B008,B008-C1022,Metal Client 022,Metal & Engineering,45,115063.02,2026-02-04,2026-03-21,closed,2026-04-27,82,37,False,False,chronic_late_payer
INV8000541,B008,B008-C1022,Metal Client 022,Metal & Engineering,45,142019.7,2026-02-27,2026-04-13,closed,2026-05-14,76,31,False,False,chronic_late_payer
INV8000542,B008,B008-C1022,Metal Client 022,Metal & Engineering,45,190053.5,2026-03-21,2026-05-05,closed,2026-07-06,107,62,False,False,chronic_late_payer
INV8000543,B008,B008-C1022,Metal Client 022,Metal & Engineering,45,104316.95,2026-03-23,2026-05-07,closed,2026-06-24,93,48,False,False,chronic_late_payer
INV8000544,B008,B008-C1022,Metal Client 022,Metal & Engineering,45,159798.79,2026-03-26,2026-05-10,closed,2026-06-06,72,27,False,False,chronic_late_payer
INV8000545,B008,B008-C1022,Metal Client 022,Metal & Engineering,45,237285.31,2026-04-09,2026-05-24,closed,2026-06-13,65,20,True,False,chronic_late_payer
INV8000546,B008,B008-C1022,Metal Client 022,Metal & Engineering,45,169760.81,2026-05-05,2026-06-19,closed,2026-07-14,70,25,False,False,chronic_late_payer
INV8000547,B008,B008-C1022,Metal Client 022,Metal & Engineering,45,229672.14,2026-05-27,2026-07-11,closed,2026-08-03,68,23,False,False,chronic_late_payer
INV8000548,B008,B008-C1022,Metal Client 022,Metal & Engineering,45,308848.3,2026-07-25,2026-09-08,open,,,,False,True,chronic_late_payer
INV8000549,B008,B008-C1022,Metal Client 022,Metal & Engineering,45,89391.84,2026-07-27,2026-09-10,open,,,,False,False,chronic_late_payer
INV8000550,B008,B008-C1022,Metal Client 022,Metal & Engineering,45,148568.55,2026-08-02,2026-09-16,open,,,,False,False,chronic_late_payer
INV8000551,B008,B008-C1022,Metal Client 022,Metal & Engineering,45,219186.66,2026-08-09,2026-09-23,open,,,,False,False,chronic_late_payer
INV8000552,B008,B008-C1022,Metal Client 022,Metal & Engineering,45,141632.87,2026-08-30,2026-10-14,disputed_open,,,,False,False,chronic_late_payer
INV8000553,B008,B008-C1023,Textiles Client 023,Textiles & Apparel,60,268818.1,2024-03-16,2024-05-15,closed,2024-05-16,61,1,False,False,prompt_payer
INV8000554,B008,B008-C1023,Textiles Client 023,Textiles & Apparel,60,180175.03,2024-04-25,2024-06-24,closed,2024-06-24,60,0,False,False,prompt_payer
INV8000555,B008,B008-C1023,Textiles Client 023,Textiles & Apparel,60,125091.1,2024-04-28,2024-06-27,closed,2024-06-27,60,0,False,False,prompt_payer
INV8000556,B008,B008-C1023,Textiles Client 023,Textiles & Apparel,60,95466.58,2024-06-01,2024-07-31,closed,2024-08-04,64,4,False,False,prompt_payer
INV8000557,B008,B008-C1023,Textiles Client 023,Textiles & Apparel,60,117371.49,2024-08-01,2024-09-30,closed,2024-09-26,56,-4,False,False,prompt_payer
INV8000558,B008,B008-C1023,Textiles Client 023,Textiles & Apparel,60,79582.42,2024-08-05,2024-10-04,closed,2024-10-04,60,0,False,False,prompt_payer
INV8000559,B008,B008-C1023,Textiles Client 023,Textiles & Apparel,60,102991.57,2024-08-18,2024-10-17,closed,2024-10-15,58,-2,False,False,prompt_payer
INV8000560,B008,B008-C1023,Textiles Client 023,Textiles & Apparel,60,210398.41,2024-08-23,2024-10-22,closed,2024-10-21,59,-1,False,False,prompt_payer
INV8000561,B008,B008-C1023,Textiles Client 023,Textiles & Apparel,60,115215.99,2024-08-25,2024-10-24,closed,2024-10-20,56,-4,False,False,prompt_payer
INV8000562,B008,B008-C1023,Textiles Client 023,Textiles & Apparel,60,210611.67,2024-09-11,2024-11-10,closed,2024-11-11,61,1,False,False,prompt_payer
INV8000563,B008,B008-C1023,Textiles Client 023,Textiles & Apparel,60,138959.58,2024-09-27,2024-11-26,closed,2024-11-23,57,-3,False,False,prompt_payer
INV8000564,B008,B008-C1023,Textiles Client 023,Textiles & Apparel,60,825035.6,2024-10-01,2024-11-30,closed,2024-12-02,62,2,False,True,prompt_payer
INV8000565,B008,B008-C1023,Textiles Client 023,Textiles & Apparel,60,179102.12,2024-10-26,2024-12-25,closed,2024-12-26,61,1,False,False,prompt_payer
INV8000566,B008,B008-C1023,Textiles Client 023,Textiles & Apparel,60,88100.97,2024-12-04,2025-02-02,closed,2025-02-07,65,5,False,False,prompt_payer
INV8000567,B008,B008-C1023,Textiles Client 023,Textiles & Apparel,60,163414.35,2024-12-26,2025-02-24,closed,2025-02-28,64,4,False,False,prompt_payer
INV8000568,B008,B008-C1023,Textiles Client 023,Textiles & Apparel,60,136041.54,2025-01-11,2025-03-12,closed,2025-03-17,65,5,False,False,prompt_payer
INV8000569,B008,B008-C1023,Textiles Client 023,Textiles & Apparel,60,134006.77,2025-01-25,2025-03-26,closed,2025-03-18,52,-8,False,False,prompt_payer
INV8000570,B008,B008-C1023,Textiles Client 023,Textiles & Apparel,60,173331.39,2025-01-27,2025-03-28,closed,2025-03-31,63,3,False,False,prompt_payer
INV8000571,B008,B008-C1023,Textiles Client 023,Textiles & Apparel,60,345974.08,2025-02-10,2025-04-11,closed,2025-04-13,62,2,False,False,prompt_payer
INV8000572,B008,B008-C1023,Textiles Client 023,Textiles & Apparel,60,183087.57,2025-03-29,2025-05-28,closed,2025-05-26,58,-2,False,False,prompt_payer
INV8000573,B008,B008-C1023,Textiles Client 023,Textiles & Apparel,60,194659.93,2025-05-20,2025-07-19,closed,2025-07-26,67,7,False,False,prompt_payer
INV8000574,B008,B008-C1023,Textiles Client 023,Textiles & Apparel,60,171020.15,2025-07-25,2025-09-23,closed,2025-09-18,55,-5,False,False,prompt_payer
INV8000575,B008,B008-C1023,Textiles Client 023,Textiles & Apparel,60,112053.31,2025-08-25,2025-10-24,closed,2025-10-26,62,2,False,False,prompt_payer
INV8000576,B008,B008-C1023,Textiles Client 023,Textiles & Apparel,60,87831.22,2025-09-19,2025-11-18,closed,2025-11-16,58,-2,False,False,prompt_payer
INV8000577,B008,B008-C1023,Textiles Client 023,Textiles & Apparel,60,180229.75,2025-10-22,2025-12-21,closed,2025-12-23,62,2,False,False,prompt_payer
INV8000578,B008,B008-C1023,Textiles Client 023,Textiles & Apparel,60,160868.72,2025-11-10,2026-01-09,open,,,,False,False,prompt_payer
INV8000579,B008,B008-C1023,Textiles Client 023,Textiles & Apparel,60,141826.78,2025-12-30,2026-02-28,closed,2026-02-24,56,-4,False,False,prompt_payer
INV8000580,B008,B008-C1023,Textiles Client 023,Textiles & Apparel,60,115522.02,2025-12-31,2026-03-01,closed,2026-02-27,58,-2,False,False,prompt_payer
INV8000581,B008,B008-C1023,Textiles Client 023,Textiles & Apparel,60,170400.72,2026-01-06,2026-03-07,closed,2026-03-09,62,2,False,False,prompt_payer
INV8000582,B008,B008-C1023,Textiles Client 023,Textiles & Apparel,60,173129.98,2026-01-08,2026-03-09,closed,2026-03-10,61,1,False,False,prompt_payer
INV8000583,B008,B008-C1023,Textiles Client 023,Textiles & Apparel,60,124342.11,2026-01-13,2026-03-14,closed,2026-03-12,58,-2,False,False,prompt_payer
INV8000584,B008,B008-C1023,Textiles Client 023,Textiles & Apparel,60,233321.45,2026-01-17,2026-03-18,closed,2026-03-19,61,1,False,False,prompt_payer
INV8000585,B008,B008-C1023,Textiles Client 023,Textiles & Apparel,60,182925.72,2026-02-21,2026-04-22,closed,2026-04-23,61,1,False,False,prompt_payer
INV8000586,B008,B008-C1023,Textiles Client 023,Textiles & Apparel,60,87958.75,2026-03-06,2026-05-05,closed,2026-05-09,64,4,False,False,prompt_payer
INV8000587,B008,B008-C1023,Textiles Client 023,Textiles & Apparel,60,124742.86,2026-03-25,2026-05-24,closed,2026-05-21,57,-3,False,False,prompt_payer
INV8000588,B008,B008-C1023,Textiles Client 023,Textiles & Apparel,60,132678.84,2026-05-06,2026-07-05,closed,2026-07-07,62,2,False,False,prompt_payer
INV8000589,B008,B008-C1023,Textiles Client 023,Textiles & Apparel,60,183626.09,2026-05-30,2026-07-29,closed,2026-07-26,57,-3,False,False,prompt_payer
INV8000590,B008,B008-C1023,Textiles Client 023,Textiles & Apparel,60,274162.39,2026-06-17,2026-08-16,closed,2026-08-14,58,-2,False,False,prompt_payer
INV8000591,B008,B008-C1023,Textiles Client 023,Textiles & Apparel,60,236805.32,2026-06-20,2026-08-19,closed,2026-08-14,55,-5,False,False,prompt_payer
INV8000592,B008,B008-C1023,Textiles Client 023,Textiles & Apparel,60,171072.19,2026-07-14,2026-09-12,disputed_open,,,,False,False,prompt_payer
INV8000593,B008,B008-C1023,Textiles Client 023,Textiles & Apparel,60,234835.47,2026-08-15,2026-10-14,open,,,,False,False,prompt_payer
INV8000594,B008,B008-C1023,Textiles Client 023,Textiles & Apparel,60,108858.34,2026-08-16,2026-10-15,disputed_open,,,,False,False,prompt_payer
INV8000595,B008,B008-C1024,Textiles Client 024,Textiles & Apparel,45,28058.33,2024-03-24,2024-05-08,closed,2024-05-14,51,6,False,False,deteriorating_payer
INV8000596,B008,B008-C1024,Textiles Client 024,Textiles & Apparel,45,180634.53,2024-04-06,2024-05-21,closed,2024-06-01,56,11,False,True,deteriorating_payer
INV8000597,B008,B008-C1024,Textiles Client 024,Textiles & Apparel,45,30363.05,2024-04-18,2024-06-02,closed,2024-05-31,43,-2,False,False,deteriorating_payer
INV8000598,B008,B008-C1024,Textiles Client 024,Textiles & Apparel,45,32481.38,2024-06-04,2024-07-19,closed,2024-07-22,48,3,False,False,deteriorating_payer
INV8000599,B008,B008-C1024,Textiles Client 024,Textiles & Apparel,45,16007.61,2024-07-06,2024-08-20,closed,2024-09-06,62,17,False,False,deteriorating_payer
INV8000600,B008,B008-C1024,Textiles Client 024,Textiles & Apparel,45,45187.49,2024-09-29,2024-11-13,closed,2024-12-01,63,18,False,False,deteriorating_payer
INV8000601,B008,B008-C1024,Textiles Client 024,Textiles & Apparel,45,18030.94,2024-10-22,2024-12-06,closed,2025-01-02,72,27,False,False,deteriorating_payer
INV8000602,B008,B008-C1024,Textiles Client 024,Textiles & Apparel,45,22422.49,2024-10-23,2024-12-07,closed,2024-12-15,53,8,False,False,deteriorating_payer
INV8000603,B008,B008-C1024,Textiles Client 024,Textiles & Apparel,45,28355.85,2024-10-25,2024-12-09,closed,2024-12-26,62,17,False,False,deteriorating_payer
INV8000604,B008,B008-C1024,Textiles Client 024,Textiles & Apparel,45,17771.09,2024-12-16,2025-01-30,closed,2025-02-28,74,29,False,False,deteriorating_payer
INV8000605,B008,B008-C1024,Textiles Client 024,Textiles & Apparel,45,118859.66,2025-02-11,2025-03-28,closed,2025-04-16,64,19,False,True,deteriorating_payer
INV8000606,B008,B008-C1024,Textiles Client 024,Textiles & Apparel,45,20858.49,2025-04-06,2025-05-21,closed,2025-07-07,92,47,False,False,deteriorating_payer
INV8000607,B008,B008-C1024,Textiles Client 024,Textiles & Apparel,45,26237.68,2025-05-09,2025-06-23,closed,2025-07-06,58,13,False,False,deteriorating_payer
INV8000608,B008,B008-C1024,Textiles Client 024,Textiles & Apparel,45,19047.64,2025-06-28,2025-08-12,closed,2025-08-26,59,14,False,False,deteriorating_payer
INV8000609,B008,B008-C1024,Textiles Client 024,Textiles & Apparel,45,23864.68,2025-07-09,2025-08-23,closed,2025-09-15,68,23,False,False,deteriorating_payer
INV8000610,B008,B008-C1024,Textiles Client 024,Textiles & Apparel,45,33605.02,2025-07-28,2025-09-11,closed,2025-10-01,65,20,False,False,deteriorating_payer
INV8000611,B008,B008-C1024,Textiles Client 024,Textiles & Apparel,45,24048.5,2025-09-13,2025-10-28,closed,2025-10-26,43,-2,False,False,deteriorating_payer
INV8000612,B008,B008-C1024,Textiles Client 024,Textiles & Apparel,45,121084.45,2025-11-16,2025-12-31,closed,2026-01-26,71,26,False,True,deteriorating_payer
INV8000613,B008,B008-C1024,Textiles Client 024,Textiles & Apparel,45,33137.53,2025-11-22,2026-01-06,closed,2026-02-09,79,34,False,False,deteriorating_payer
INV8000614,B008,B008-C1024,Textiles Client 024,Textiles & Apparel,45,32250.34,2025-12-02,2026-01-16,closed,2026-02-17,77,32,False,False,deteriorating_payer
INV8000615,B008,B008-C1024,Textiles Client 024,Textiles & Apparel,45,32856.95,2026-01-04,2026-02-18,closed,2026-04-06,92,47,False,False,deteriorating_payer
INV8000616,B008,B008-C1024,Textiles Client 024,Textiles & Apparel,45,62352.45,2026-03-18,2026-05-02,closed,2026-06-15,89,44,False,False,deteriorating_payer
INV8000617,B008,B008-C1024,Textiles Client 024,Textiles & Apparel,45,37976.11,2026-03-21,2026-05-05,closed,2026-05-07,47,2,False,False,deteriorating_payer
INV8000618,B008,B008-C1024,Textiles Client 024,Textiles & Apparel,45,16227.99,2026-03-30,2026-05-14,closed,2026-06-12,74,29,False,False,deteriorating_payer
INV8000619,B008,B008-C1024,Textiles Client 024,Textiles & Apparel,45,45873.61,2026-05-04,2026-06-18,closed,2026-07-07,64,19,False,False,deteriorating_payer
INV8000620,B008,B008-C1024,Textiles Client 024,Textiles & Apparel,45,37440.9,2026-05-28,2026-07-12,closed,2026-07-10,43,-2,False,False,deteriorating_payer
INV8000621,B008,B008-C1024,Textiles Client 024,Textiles & Apparel,45,29972.59,2026-06-12,2026-07-27,closed,2026-08-26,75,30,False,False,deteriorating_payer
INV8000622,B008,B008-C1024,Textiles Client 024,Textiles & Apparel,45,33331.37,2026-06-18,2026-08-02,disputed_open,,,,False,False,deteriorating_payer
INV8000623,B008,B008-C1024,Textiles Client 024,Textiles & Apparel,45,36099.65,2026-06-22,2026-08-06,closed,2026-08-31,70,25,False,False,deteriorating_payer
INV8000624,B008,B008-C1024,Textiles Client 024,Textiles & Apparel,45,30660.02,2026-08-29,2026-10-13,open,,,,False,False,deteriorating_payer
INV8000625,B008,B008-C1025,Auto Client 025,Auto Components,45,29818.85,2024-06-11,2024-07-26,closed,2024-07-26,45,0,False,False,seasonal_payer
INV8000626,B008,B008-C1025,Auto Client 025,Auto Components,45,24498.11,2024-07-20,2024-09-03,closed,2024-09-01,43,-2,False,False,seasonal_payer
INV8000627,B008,B008-C1025,Auto Client 025,Auto Components,45,23795.06,2024-09-06,2024-10-21,closed,2024-10-27,51,6,False,False,seasonal_payer
INV8000628,B008,B008-C1025,Auto Client 025,Auto Components,45,21185.32,2024-09-14,2024-10-29,closed,2024-11-17,64,19,False,False,seasonal_payer
INV8000629,B008,B008-C1025,Auto Client 025,Auto Components,45,22134.81,2024-10-17,2024-12-01,closed,2024-12-17,61,16,False,False,seasonal_payer
INV8000630,B008,B008-C1025,Auto Client 025,Auto Components,45,32300.78,2024-10-19,2024-12-03,closed,2024-12-12,54,9,False,False,seasonal_payer
INV8000631,B008,B008-C1025,Auto Client 025,Auto Components,45,43084.68,2024-10-27,2024-12-11,closed,2024-12-25,59,14,False,False,seasonal_payer
INV8000632,B008,B008-C1025,Auto Client 025,Auto Components,45,23690.66,2024-11-19,2025-01-03,closed,2025-01-17,59,14,False,False,seasonal_payer
INV8000633,B008,B008-C1025,Auto Client 025,Auto Components,45,27068.62,2024-12-21,2025-02-04,closed,2025-02-17,58,13,False,False,seasonal_payer
INV8000634,B008,B008-C1025,Auto Client 025,Auto Components,45,19808.56,2025-01-04,2025-02-18,closed,2025-03-03,58,13,False,False,seasonal_payer
INV8000635,B008,B008-C1025,Auto Client 025,Auto Components,45,29400.94,2025-01-20,2025-03-06,closed,2025-03-08,47,2,False,False,seasonal_payer
INV8000636,B008,B008-C1025,Auto Client 025,Auto Components,45,34974.56,2025-03-30,2025-05-14,closed,2025-05-25,56,11,False,False,seasonal_payer
INV8000637,B008,B008-C1025,Auto Client 025,Auto Components,45,30681.78,2025-04-09,2025-05-24,closed,2025-06-02,54,9,False,False,seasonal_payer
INV8000638,B008,B008-C1025,Auto Client 025,Auto Components,45,37013.17,2025-04-18,2025-06-02,closed,2025-05-30,42,-3,False,False,seasonal_payer
INV8000639,B008,B008-C1025,Auto Client 025,Auto Components,45,36859.76,2025-05-04,2025-06-18,closed,2025-06-25,52,7,False,False,seasonal_payer
INV8000640,B008,B008-C1025,Auto Client 025,Auto Components,45,35306.8,2025-05-24,2025-07-08,closed,2025-07-02,39,-6,False,False,seasonal_payer
INV8000641,B008,B008-C1025,Auto Client 025,Auto Components,45,40480.21,2025-06-07,2025-07-22,closed,2025-07-19,42,-3,False,False,seasonal_payer
INV8000642,B008,B008-C1025,Auto Client 025,Auto Components,45,16071.0,2025-06-17,2025-08-01,closed,2025-08-13,57,12,False,False,seasonal_payer
INV8000643,B008,B008-C1025,Auto Client 025,Auto Components,45,23770.77,2025-07-29,2025-09-12,closed,2025-09-12,45,0,False,False,seasonal_payer
INV8000644,B008,B008-C1025,Auto Client 025,Auto Components,45,53456.16,2025-08-27,2025-10-11,closed,2025-10-17,51,6,False,False,seasonal_payer
INV8000645,B008,B008-C1025,Auto Client 025,Auto Components,45,36916.4,2025-10-02,2025-11-16,closed,2025-11-23,52,7,False,False,seasonal_payer
INV8000646,B008,B008-C1025,Auto Client 025,Auto Components,45,18012.17,2025-10-18,2025-12-02,closed,2025-12-08,51,6,False,False,seasonal_payer
INV8000647,B008,B008-C1025,Auto Client 025,Auto Components,45,29103.38,2025-10-23,2025-12-07,closed,2025-12-24,62,17,False,False,seasonal_payer
INV8000648,B008,B008-C1025,Auto Client 025,Auto Components,45,47724.19,2025-11-12,2025-12-27,closed,2025-12-31,49,4,False,False,seasonal_payer
INV8000649,B008,B008-C1025,Auto Client 025,Auto Components,45,23914.65,2025-11-18,2026-01-02,closed,2026-01-08,51,6,False,False,seasonal_payer
INV8000650,B008,B008-C1025,Auto Client 025,Auto Components,45,24266.15,2025-11-23,2026-01-07,closed,2026-01-23,61,16,False,False,seasonal_payer
INV8000651,B008,B008-C1025,Auto Client 025,Auto Components,45,40237.05,2025-12-21,2026-02-04,closed,2026-02-15,56,11,False,False,seasonal_payer
INV8000652,B008,B008-C1025,Auto Client 025,Auto Components,45,21594.88,2026-02-01,2026-03-18,closed,2026-04-01,59,14,False,False,seasonal_payer
INV8000653,B008,B008-C1025,Auto Client 025,Auto Components,45,33864.39,2026-02-10,2026-03-27,closed,2026-03-31,49,4,False,False,seasonal_payer
INV8000654,B008,B008-C1025,Auto Client 025,Auto Components,45,23345.93,2026-02-18,2026-04-04,closed,2026-04-01,42,-3,False,False,seasonal_payer
INV8000655,B008,B008-C1025,Auto Client 025,Auto Components,45,35456.45,2026-02-28,2026-04-14,closed,2026-04-20,51,6,False,False,seasonal_payer
INV8000656,B008,B008-C1025,Auto Client 025,Auto Components,45,32246.05,2026-03-14,2026-04-28,closed,2026-04-24,41,-4,False,False,seasonal_payer
INV8000657,B008,B008-C1025,Auto Client 025,Auto Components,45,41826.32,2026-04-14,2026-05-29,closed,2026-05-27,43,-2,False,False,seasonal_payer
INV8000658,B008,B008-C1025,Auto Client 025,Auto Components,45,45707.73,2026-04-16,2026-05-31,closed,2026-06-06,51,6,False,False,seasonal_payer
INV8000659,B008,B008-C1025,Auto Client 025,Auto Components,45,25144.83,2026-05-05,2026-06-19,closed,2026-06-11,37,-8,False,False,seasonal_payer
INV8000660,B008,B008-C1025,Auto Client 025,Auto Components,45,36426.79,2026-05-20,2026-07-04,closed,2026-07-03,44,-1,False,False,seasonal_payer
INV8000661,B008,B008-C1025,Auto Client 025,Auto Components,45,14681.85,2026-06-11,2026-07-26,closed,2026-08-01,51,6,False,False,seasonal_payer
INV8000662,B008,B008-C1025,Auto Client 025,Auto Components,45,24628.92,2026-07-15,2026-08-29,open,,,,False,False,seasonal_payer
INV8000663,B008,B008-C1025,Auto Client 025,Auto Components,45,31677.75,2026-08-04,2026-09-18,disputed_open,,,,False,False,seasonal_payer
INV8000664,B008,B008-C1025,Auto Client 025,Auto Components,45,18991.78,2026-08-30,2026-10-14,open,,,,False,False,seasonal_payer
INV8000665,B008,B008-C1026,Retail Client 026,Retail & Distribution,30,82296.82,2024-03-19,2024-04-18,closed,2024-05-23,65,35,False,False,improving_payer
INV8000666,B008,B008-C1026,Retail Client 026,Retail & Distribution,30,101392.67,2024-05-23,2024-06-22,closed,2024-07-21,59,29,False,False,improving_payer
INV8000667,B008,B008-C1026,Retail Client 026,Retail & Distribution,30,85413.94,2024-06-29,2024-07-29,closed,2024-09-01,64,34,False,False,improving_payer
INV8000668,B008,B008-C1026,Retail Client 026,Retail & Distribution,30,92101.74,2024-07-03,2024-08-02,closed,2024-08-31,59,29,False,False,improving_payer
INV8000669,B008,B008-C1026,Retail Client 026,Retail & Distribution,30,52749.31,2024-11-13,2024-12-13,closed,2025-01-12,60,30,False,False,improving_payer
INV8000670,B008,B008-C1026,Retail Client 026,Retail & Distribution,30,149950.13,2024-12-21,2025-01-20,closed,2025-03-01,70,40,False,False,improving_payer
INV8000671,B008,B008-C1026,Retail Client 026,Retail & Distribution,30,74002.41,2024-12-30,2025-01-29,closed,2025-02-27,59,29,False,False,improving_payer
INV8000672,B008,B008-C1026,Retail Client 026,Retail & Distribution,30,62665.99,2025-01-03,2025-02-02,closed,2025-03-05,61,31,False,False,improving_payer
INV8000673,B008,B008-C1026,Retail Client 026,Retail & Distribution,30,71099.78,2025-04-12,2025-05-12,closed,2025-05-28,46,16,False,False,improving_payer
INV8000674,B008,B008-C1026,Retail Client 026,Retail & Distribution,30,57632.23,2025-05-07,2025-06-06,closed,2025-06-16,40,10,False,False,improving_payer
INV8000675,B008,B008-C1026,Retail Client 026,Retail & Distribution,30,174249.65,2025-06-20,2025-07-20,closed,2025-08-10,51,21,False,False,improving_payer
INV8000676,B008,B008-C1026,Retail Client 026,Retail & Distribution,30,65920.42,2025-07-25,2025-08-24,closed,2025-09-23,60,30,False,False,improving_payer
INV8000677,B008,B008-C1026,Retail Client 026,Retail & Distribution,30,53905.61,2025-08-07,2025-09-06,closed,2025-09-26,50,20,False,False,improving_payer
INV8000678,B008,B008-C1026,Retail Client 026,Retail & Distribution,30,82429.26,2025-09-02,2025-10-02,closed,2025-09-27,25,-5,False,False,improving_payer
INV8000679,B008,B008-C1026,Retail Client 026,Retail & Distribution,30,76950.15,2025-09-16,2025-10-16,closed,2025-11-06,51,21,False,False,improving_payer
INV8000680,B008,B008-C1026,Retail Client 026,Retail & Distribution,30,153904.58,2025-09-19,2025-10-19,closed,2025-11-02,44,14,False,False,improving_payer
INV8000681,B008,B008-C1026,Retail Client 026,Retail & Distribution,30,64892.43,2026-03-31,2026-04-30,closed,2026-04-25,25,-5,False,False,improving_payer
INV8000682,B008,B008-C1026,Retail Client 026,Retail & Distribution,30,70162.23,2026-05-14,2026-06-13,closed,2026-06-27,44,14,False,False,improving_payer
INV8000683,B008,B008-C1026,Retail Client 026,Retail & Distribution,30,168772.91,2026-06-25,2026-07-25,closed,2026-07-28,33,3,False,False,improving_payer
INV8000684,B008,B008-C1026,Retail Client 026,Retail & Distribution,30,89688.28,2026-07-16,2026-08-15,closed,2026-09-02,48,18,False,False,improving_payer
INV8000685,B008,B008-C1026,Retail Client 026,Retail & Distribution,30,93262.25,2026-07-18,2026-08-17,closed,2026-08-29,42,12,False,False,improving_payer
INV8000686,B008,B008-C1026,Retail Client 026,Retail & Distribution,30,96887.17,2026-08-23,2026-09-22,open,,,,False,False,improving_payer
INV8000687,B008,B008-C1027,Pharma Client 027,Pharma & Healthcare,45,73589.17,2024-03-17,2024-05-01,closed,2024-04-27,41,-4,False,False,prompt_payer
INV8000688,B008,B008-C1027,Pharma Client 027,Pharma & Healthcare,45,293402.12,2024-04-17,2024-06-01,closed,2024-06-09,53,8,False,True,prompt_payer
INV8000689,B008,B008-C1027,Pharma Client 027,Pharma & Healthcare,45,172902.61,2024-04-20,2024-06-04,closed,2024-05-29,39,-6,False,False,prompt_payer
INV8000690,B008,B008-C1027,Pharma Client 027,Pharma & Healthcare,45,125841.52,2024-04-27,2024-06-11,closed,2024-06-08,42,-3,False,False,prompt_payer
INV8000691,B008,B008-C1027,Pharma Client 027,Pharma & Healthcare,45,95782.47,2024-06-13,2024-07-28,closed,2024-07-30,47,2,False,False,prompt_payer
INV8000692,B008,B008-C1027,Pharma Client 027,Pharma & Healthcare,45,120317.45,2024-07-13,2024-08-27,closed,2024-09-03,52,7,False,False,prompt_payer
INV8000693,B008,B008-C1027,Pharma Client 027,Pharma & Healthcare,45,82806.79,2024-07-19,2024-09-02,closed,2024-09-04,47,2,False,False,prompt_payer
INV8000694,B008,B008-C1027,Pharma Client 027,Pharma & Healthcare,45,89419.89,2024-07-19,2024-09-02,closed,2024-08-28,40,-5,False,False,prompt_payer
INV8000695,B008,B008-C1027,Pharma Client 027,Pharma & Healthcare,45,68817.77,2024-07-23,2024-09-06,closed,2024-09-10,49,4,False,False,prompt_payer
INV8000696,B008,B008-C1027,Pharma Client 027,Pharma & Healthcare,45,66981.92,2024-08-25,2024-10-09,closed,2024-10-09,45,0,False,False,prompt_payer
INV8000697,B008,B008-C1027,Pharma Client 027,Pharma & Healthcare,45,87471.54,2024-09-01,2024-10-16,closed,2024-10-20,49,4,True,False,prompt_payer
INV8000698,B008,B008-C1027,Pharma Client 027,Pharma & Healthcare,45,100732.16,2024-09-02,2024-10-17,closed,2024-10-19,47,2,False,False,prompt_payer
INV8000699,B008,B008-C1027,Pharma Client 027,Pharma & Healthcare,45,83995.12,2024-09-17,2024-11-01,closed,2024-10-27,40,-5,False,False,prompt_payer
INV8000700,B008,B008-C1027,Pharma Client 027,Pharma & Healthcare,45,101034.89,2024-09-21,2024-11-05,closed,2024-11-05,45,0,False,False,prompt_payer
INV8000701,B008,B008-C1027,Pharma Client 027,Pharma & Healthcare,45,88445.1,2024-10-10,2024-11-24,closed,2024-11-29,50,5,False,False,prompt_payer
INV8000702,B008,B008-C1027,Pharma Client 027,Pharma & Healthcare,45,55806.69,2024-10-31,2024-12-15,closed,2024-12-13,43,-2,False,False,prompt_payer
INV8000703,B008,B008-C1027,Pharma Client 027,Pharma & Healthcare,45,107625.35,2024-11-01,2024-12-16,closed,2024-12-18,47,2,False,False,prompt_payer
INV8000704,B008,B008-C1027,Pharma Client 027,Pharma & Healthcare,45,117323.92,2024-11-24,2025-01-08,closed,2025-01-08,45,0,False,False,prompt_payer
INV8000705,B008,B008-C1027,Pharma Client 027,Pharma & Healthcare,45,72337.33,2024-12-24,2025-02-07,closed,2025-02-05,43,-2,False,False,prompt_payer
INV8000706,B008,B008-C1027,Pharma Client 027,Pharma & Healthcare,45,100795.81,2024-12-28,2025-02-11,closed,2025-02-08,42,-3,False,False,prompt_payer
INV8000707,B008,B008-C1027,Pharma Client 027,Pharma & Healthcare,45,98118.23,2025-01-25,2025-03-11,closed,2025-03-09,43,-2,False,False,prompt_payer
INV8000708,B008,B008-C1027,Pharma Client 027,Pharma & Healthcare,45,154276.09,2025-03-06,2025-04-20,closed,2025-04-18,43,-2,True,False,prompt_payer
INV8000709,B008,B008-C1027,Pharma Client 027,Pharma & Healthcare,45,71176.42,2025-06-10,2025-07-25,closed,2025-07-21,41,-4,False,False,prompt_payer
INV8000710,B008,B008-C1027,Pharma Client 027,Pharma & Healthcare,45,52600.2,2025-07-24,2025-09-07,closed,2025-09-07,45,0,False,False,prompt_payer
INV8000711,B008,B008-C1027,Pharma Client 027,Pharma & Healthcare,45,530588.95,2025-08-13,2025-09-27,closed,2025-09-25,43,-2,False,True,prompt_payer
INV8000712,B008,B008-C1027,Pharma Client 027,Pharma & Healthcare,45,60599.34,2025-09-01,2025-10-16,closed,2025-10-17,46,1,False,False,prompt_payer
INV8000713,B008,B008-C1027,Pharma Client 027,Pharma & Healthcare,45,82828.02,2025-09-25,2025-11-09,closed,2025-11-11,47,2,False,False,prompt_payer
INV8000714,B008,B008-C1027,Pharma Client 027,Pharma & Healthcare,45,50640.55,2025-10-07,2025-11-21,closed,2025-11-18,42,-3,False,False,prompt_payer
INV8000715,B008,B008-C1027,Pharma Client 027,Pharma & Healthcare,45,51367.33,2025-10-26,2025-12-10,closed,2025-12-10,45,0,False,False,prompt_payer
INV8000716,B008,B008-C1027,Pharma Client 027,Pharma & Healthcare,45,80030.32,2026-01-02,2026-02-16,closed,2026-02-20,49,4,False,False,prompt_payer
INV8000717,B008,B008-C1027,Pharma Client 027,Pharma & Healthcare,45,114908.35,2026-01-18,2026-03-04,closed,2026-03-10,51,6,False,False,prompt_payer
INV8000718,B008,B008-C1027,Pharma Client 027,Pharma & Healthcare,45,812902.69,2026-02-04,2026-03-21,closed,2026-03-25,49,4,False,True,prompt_payer
INV8000719,B008,B008-C1027,Pharma Client 027,Pharma & Healthcare,45,254305.45,2026-02-18,2026-04-04,closed,2026-04-05,46,1,False,True,prompt_payer
INV8000720,B008,B008-C1027,Pharma Client 027,Pharma & Healthcare,45,71170.68,2026-02-26,2026-04-12,closed,2026-04-14,47,2,False,False,prompt_payer
INV8000721,B008,B008-C1027,Pharma Client 027,Pharma & Healthcare,45,87124.42,2026-03-13,2026-04-27,closed,2026-04-28,46,1,False,False,prompt_payer
INV8000722,B008,B008-C1027,Pharma Client 027,Pharma & Healthcare,45,70044.64,2026-03-14,2026-04-28,closed,2026-04-23,40,-5,False,False,prompt_payer
INV8000723,B008,B008-C1027,Pharma Client 027,Pharma & Healthcare,45,96617.72,2026-04-30,2026-06-14,closed,2026-06-12,43,-2,True,False,prompt_payer
INV8000724,B008,B008-C1027,Pharma Client 027,Pharma & Healthcare,45,82992.98,2026-06-01,2026-07-16,closed,2026-07-16,45,0,False,False,prompt_payer
INV8000725,B008,B008-C1027,Pharma Client 027,Pharma & Healthcare,45,113050.33,2026-07-09,2026-08-23,closed,2026-08-26,48,3,True,False,prompt_payer
INV8000726,B008,B008-C1027,Pharma Client 027,Pharma & Healthcare,45,75245.81,2026-07-11,2026-08-25,closed,2026-08-28,48,3,False,False,prompt_payer
INV8000727,B008,B008-C1027,Pharma Client 027,Pharma & Healthcare,45,417933.17,2026-07-24,2026-09-07,open,,,,False,True,prompt_payer
INV8000728,B008,B008-C1027,Pharma Client 027,Pharma & Healthcare,45,92097.64,2026-08-12,2026-09-26,open,,,,False,False,prompt_payer
INV8000729,B008,B008-C1027,Pharma Client 027,Pharma & Healthcare,45,75626.15,2026-08-12,2026-09-26,disputed_open,,,,False,False,prompt_payer
INV8000730,B008,B008-C1028,FMCG Client 028,FMCG & Food Processing,30,165376.18,2024-03-28,2024-04-27,closed,2024-04-29,32,2,False,False,prompt_payer
INV8000731,B008,B008-C1028,FMCG Client 028,FMCG & Food Processing,30,175636.45,2024-04-22,2024-05-22,closed,2024-05-22,30,0,False,False,prompt_payer
INV8000732,B008,B008-C1028,FMCG Client 028,FMCG & Food Processing,30,266612.99,2024-05-10,2024-06-09,closed,2024-06-05,26,-4,True,False,prompt_payer
INV8000733,B008,B008-C1028,FMCG Client 028,FMCG & Food Processing,30,251003.34,2024-06-13,2024-07-13,closed,2024-07-17,34,4,False,False,prompt_payer
INV8000734,B008,B008-C1028,FMCG Client 028,FMCG & Food Processing,30,310112.48,2024-07-29,2024-08-28,closed,2024-08-29,31,1,False,False,prompt_payer
INV8000735,B008,B008-C1028,FMCG Client 028,FMCG & Food Processing,30,153591.61,2024-08-04,2024-09-03,open,,,,False,False,prompt_payer
INV8000736,B008,B008-C1028,FMCG Client 028,FMCG & Food Processing,30,165771.38,2024-10-09,2024-11-08,closed,2024-11-09,31,1,False,False,prompt_payer
INV8000737,B008,B008-C1028,FMCG Client 028,FMCG & Food Processing,30,147411.52,2024-10-21,2024-11-20,closed,2024-11-22,32,2,False,False,prompt_payer
INV8000738,B008,B008-C1028,FMCG Client 028,FMCG & Food Processing,30,219100.99,2024-11-14,2024-12-14,closed,2024-12-13,29,-1,False,False,prompt_payer
INV8000739,B008,B008-C1028,FMCG Client 028,FMCG & Food Processing,30,273119.83,2024-12-23,2025-01-22,closed,2025-01-25,33,3,False,False,prompt_payer
INV8000740,B008,B008-C1028,FMCG Client 028,FMCG & Food Processing,30,240268.3,2025-01-11,2025-02-10,closed,2025-02-13,33,3,False,False,prompt_payer
INV8000741,B008,B008-C1028,FMCG Client 028,FMCG & Food Processing,30,138713.21,2025-01-17,2025-02-16,closed,2025-02-08,22,-8,False,False,prompt_payer
INV8000742,B008,B008-C1028,FMCG Client 028,FMCG & Food Processing,30,185164.51,2025-01-18,2025-02-17,closed,2025-02-18,31,1,False,False,prompt_payer
INV8000743,B008,B008-C1028,FMCG Client 028,FMCG & Food Processing,30,241700.41,2025-01-30,2025-03-01,closed,2025-03-03,32,2,False,False,prompt_payer
INV8000744,B008,B008-C1028,FMCG Client 028,FMCG & Food Processing,30,123976.79,2025-02-18,2025-03-20,closed,2025-03-15,25,-5,False,False,prompt_payer
INV8000745,B008,B008-C1028,FMCG Client 028,FMCG & Food Processing,30,214422.38,2025-03-05,2025-04-04,closed,2025-04-03,29,-1,False,False,prompt_payer
INV8000746,B008,B008-C1028,FMCG Client 028,FMCG & Food Processing,30,251901.48,2025-03-12,2025-04-11,closed,2025-04-13,32,2,False,False,prompt_payer
INV8000747,B008,B008-C1028,FMCG Client 028,FMCG & Food Processing,30,256892.16,2025-04-28,2025-05-28,closed,2025-05-27,29,-1,False,False,prompt_payer
INV8000748,B008,B008-C1028,FMCG Client 028,FMCG & Food Processing,30,233690.0,2025-06-02,2025-07-02,closed,2025-06-28,26,-4,False,False,prompt_payer
INV8000749,B008,B008-C1028,FMCG Client 028,FMCG & Food Processing,30,269304.79,2025-06-09,2025-07-09,closed,2025-07-12,33,3,False,False,prompt_payer
INV8000750,B008,B008-C1028,FMCG Client 028,FMCG & Food Processing,30,213934.06,2025-06-13,2025-07-13,closed,2025-07-12,29,-1,True,False,prompt_payer
INV8000751,B008,B008-C1028,FMCG Client 028,FMCG & Food Processing,30,109530.93,2025-06-14,2025-07-14,closed,2025-07-08,24,-6,False,False,prompt_payer
INV8000752,B008,B008-C1028,FMCG Client 028,FMCG & Food Processing,30,106990.63,2025-06-22,2025-07-22,closed,2025-07-22,30,0,False,False,prompt_payer
INV8000753,B008,B008-C1028,FMCG Client 028,FMCG & Food Processing,30,231627.43,2025-07-19,2025-08-18,closed,2025-08-17,29,-1,False,False,prompt_payer
INV8000754,B008,B008-C1028,FMCG Client 028,FMCG & Food Processing,30,320977.84,2025-07-25,2025-08-24,closed,2025-09-02,39,9,False,False,prompt_payer
INV8000755,B008,B008-C1028,FMCG Client 028,FMCG & Food Processing,30,158489.94,2025-08-22,2025-09-21,closed,2025-09-28,37,7,False,False,prompt_payer
INV8000756,B008,B008-C1028,FMCG Client 028,FMCG & Food Processing,30,208970.06,2025-09-19,2025-10-19,closed,2025-10-20,31,1,False,False,prompt_payer
INV8000757,B008,B008-C1028,FMCG Client 028,FMCG & Food Processing,30,199410.81,2025-10-16,2025-11-15,closed,2025-11-14,29,-1,False,False,prompt_payer
INV8000758,B008,B008-C1028,FMCG Client 028,FMCG & Food Processing,30,794327.99,2025-10-31,2025-11-30,closed,2025-12-08,38,8,False,True,prompt_payer
INV8000759,B008,B008-C1028,FMCG Client 028,FMCG & Food Processing,30,221004.2,2025-11-11,2025-12-11,closed,2025-12-11,30,0,False,False,prompt_payer
INV8000760,B008,B008-C1028,FMCG Client 028,FMCG & Food Processing,30,287895.2,2025-11-16,2025-12-16,closed,2025-12-14,28,-2,False,False,prompt_payer
INV8000761,B008,B008-C1028,FMCG Client 028,FMCG & Food Processing,30,934359.59,2025-12-21,2026-01-20,closed,2026-01-22,32,2,False,True,prompt_payer
INV8000762,B008,B008-C1028,FMCG Client 028,FMCG & Food Processing,30,210560.8,2026-02-15,2026-03-17,closed,2026-03-11,24,-6,False,False,prompt_payer
INV8000763,B008,B008-C1028,FMCG Client 028,FMCG & Food Processing,30,202127.2,2026-02-23,2026-03-25,closed,2026-03-28,33,3,False,False,prompt_payer
INV8000764,B008,B008-C1028,FMCG Client 028,FMCG & Food Processing,30,137344.57,2026-03-10,2026-04-09,closed,2026-04-05,26,-4,False,False,prompt_payer
INV8000765,B008,B008-C1028,FMCG Client 028,FMCG & Food Processing,30,229175.32,2026-03-29,2026-04-28,closed,2026-05-01,33,3,False,False,prompt_payer
INV8000766,B008,B008-C1028,FMCG Client 028,FMCG & Food Processing,30,179749.65,2026-04-14,2026-05-14,closed,2026-05-10,26,-4,False,False,prompt_payer
INV8000767,B008,B008-C1028,FMCG Client 028,FMCG & Food Processing,30,215243.36,2026-04-21,2026-05-21,closed,2026-05-18,27,-3,False,False,prompt_payer
INV8000768,B008,B008-C1028,FMCG Client 028,FMCG & Food Processing,30,190711.33,2026-05-03,2026-06-02,closed,2026-06-03,31,1,False,False,prompt_payer
INV8000769,B008,B008-C1028,FMCG Client 028,FMCG & Food Processing,30,357863.07,2026-05-05,2026-06-04,closed,2026-06-03,29,-1,False,False,prompt_payer
INV8000770,B008,B008-C1028,FMCG Client 028,FMCG & Food Processing,30,194599.33,2026-06-18,2026-07-18,closed,2026-07-19,31,1,False,False,prompt_payer
INV8000771,B008,B008-C1028,FMCG Client 028,FMCG & Food Processing,30,170688.87,2026-07-17,2026-08-16,closed,2026-08-23,37,7,False,False,prompt_payer
INV8000772,B008,B008-C1028,FMCG Client 028,FMCG & Food Processing,30,150640.49,2026-07-18,2026-08-17,closed,2026-08-22,35,5,False,False,prompt_payer
INV8000773,B008,B008-C1028,FMCG Client 028,FMCG & Food Processing,30,294321.14,2026-08-12,2026-09-11,open,,,,False,False,prompt_payer
INV8000774,B008,B008-C1028,FMCG Client 028,FMCG & Food Processing,30,212923.74,2026-08-15,2026-09-14,open,,,,False,False,prompt_payer
INV8000775,B008,B008-C1029,FMCG Client 029,FMCG & Food Processing,30,268117.86,2024-06-04,2024-07-04,closed,2024-07-03,29,-1,True,False,average_payer
INV8000776,B008,B008-C1029,FMCG Client 029,FMCG & Food Processing,30,582626.69,2024-07-26,2024-08-25,closed,2024-09-06,42,12,False,False,average_payer
INV8000777,B008,B008-C1029,FMCG Client 029,FMCG & Food Processing,30,409688.02,2024-08-31,2024-09-30,closed,2024-10-05,35,5,False,False,average_payer
INV8000778,B008,B008-C1029,FMCG Client 029,FMCG & Food Processing,30,361258.13,2024-10-29,2024-11-28,closed,2024-12-06,38,8,False,False,average_payer
INV8000779,B008,B008-C1029,FMCG Client 029,FMCG & Food Processing,30,508131.04,2024-12-09,2025-01-08,closed,2025-01-11,33,3,False,False,average_payer
INV8000780,B008,B008-C1029,FMCG Client 029,FMCG & Food Processing,30,291460.42,2024-12-19,2025-01-18,closed,2025-02-10,53,23,False,False,average_payer
INV8000781,B008,B008-C1029,FMCG Client 029,FMCG & Food Processing,30,472324.31,2024-12-20,2025-01-19,closed,2025-01-19,30,0,False,False,average_payer
INV8000782,B008,B008-C1029,FMCG Client 029,FMCG & Food Processing,30,350310.32,2025-01-23,2025-02-22,closed,2025-02-18,26,-4,False,False,average_payer
INV8000783,B008,B008-C1029,FMCG Client 029,FMCG & Food Processing,30,145708.49,2025-03-05,2025-04-04,closed,2025-03-29,24,-6,False,False,average_payer
INV8000784,B008,B008-C1029,FMCG Client 029,FMCG & Food Processing,30,445108.39,2025-04-24,2025-05-24,closed,2025-05-25,31,1,True,False,average_payer
INV8000785,B008,B008-C1029,FMCG Client 029,FMCG & Food Processing,30,1021152.33,2025-05-04,2025-06-03,closed,2025-06-02,29,-1,False,False,average_payer
INV8000786,B008,B008-C1029,FMCG Client 029,FMCG & Food Processing,30,348304.89,2025-05-18,2025-06-17,closed,2025-06-24,37,7,False,False,average_payer
INV8000787,B008,B008-C1029,FMCG Client 029,FMCG & Food Processing,30,322263.09,2025-06-18,2025-07-18,closed,2025-07-15,27,-3,False,False,average_payer
INV8000788,B008,B008-C1029,FMCG Client 029,FMCG & Food Processing,30,374708.44,2025-09-20,2025-10-20,closed,2025-10-23,33,3,False,False,average_payer
INV8000789,B008,B008-C1029,FMCG Client 029,FMCG & Food Processing,30,521656.71,2025-09-26,2025-10-26,closed,2025-10-29,33,3,False,False,average_payer
INV8000790,B008,B008-C1029,FMCG Client 029,FMCG & Food Processing,30,560694.71,2026-02-03,2026-03-05,closed,2026-03-05,30,0,False,False,average_payer
INV8000791,B008,B008-C1029,FMCG Client 029,FMCG & Food Processing,30,958384.81,2026-02-11,2026-03-13,closed,2026-03-25,42,12,True,False,average_payer
INV8000792,B008,B008-C1029,FMCG Client 029,FMCG & Food Processing,30,472010.86,2026-02-15,2026-03-17,closed,2026-03-18,31,1,False,False,average_payer
INV8000793,B008,B008-C1029,FMCG Client 029,FMCG & Food Processing,30,446295.34,2026-02-27,2026-03-29,closed,2026-03-31,32,2,False,False,average_payer
INV8000794,B008,B008-C1029,FMCG Client 029,FMCG & Food Processing,30,284644.92,2026-04-05,2026-05-05,closed,2026-05-05,30,0,True,False,average_payer
INV8000795,B008,B008-C1029,FMCG Client 029,FMCG & Food Processing,30,396371.33,2026-05-02,2026-06-01,closed,2026-06-06,35,5,False,False,average_payer
INV8000796,B008,B008-C1029,FMCG Client 029,FMCG & Food Processing,30,262737.54,2026-05-11,2026-06-10,closed,2026-07-01,51,21,False,False,average_payer
INV8000797,B008,B008-C1029,FMCG Client 029,FMCG & Food Processing,30,360373.96,2026-05-16,2026-06-15,closed,2026-06-14,29,-1,False,False,average_payer
INV8000798,B008,B008-C1029,FMCG Client 029,FMCG & Food Processing,30,306635.28,2026-05-25,2026-06-24,closed,2026-06-26,32,2,False,False,average_payer
INV8000799,B008,B008-C1029,FMCG Client 029,FMCG & Food Processing,30,516585.06,2026-06-11,2026-07-11,closed,2026-07-10,29,-1,False,False,average_payer
INV8000800,B008,B008-C1029,FMCG Client 029,FMCG & Food Processing,30,813515.33,2026-07-26,2026-08-25,closed,2026-08-29,34,4,False,False,average_payer
INV8000801,B008,B008-C1029,FMCG Client 029,FMCG & Food Processing,30,512587.42,2026-08-01,2026-08-31,open,,,,False,False,average_payer
INV8000802,B008,B008-C1030,Chemicals Client 030,Chemicals & Plastics,30,212234.74,2024-06-15,2024-07-15,closed,2024-08-07,53,23,False,False,improving_payer
INV8000803,B008,B008-C1030,Chemicals Client 030,Chemicals & Plastics,30,193641.0,2024-07-19,2024-08-18,closed,2024-09-19,62,32,False,False,improving_payer
INV8000804,B008,B008-C1030,Chemicals Client 030,Chemicals & Plastics,30,202383.3,2024-11-09,2024-12-09,closed,2025-01-09,61,31,False,False,improving_payer
INV8000805,B008,B008-C1030,Chemicals Client 030,Chemicals & Plastics,30,318038.48,2024-12-07,2025-01-06,closed,2025-01-24,48,18,False,False,improving_payer
INV8000806,B008,B008-C1030,Chemicals Client 030,Chemicals & Plastics,30,193876.96,2024-12-15,2025-01-14,closed,2025-02-16,63,33,False,False,improving_payer
INV8000807,B008,B008-C1030,Chemicals Client 030,Chemicals & Plastics,30,217101.79,2025-01-21,2025-02-20,closed,2025-03-08,46,16,False,False,improving_payer
INV8000808,B008,B008-C1030,Chemicals Client 030,Chemicals & Plastics,30,340461.43,2025-01-26,2025-02-25,open,,,,False,False,improving_payer
INV8000809,B008,B008-C1030,Chemicals Client 030,Chemicals & Plastics,30,243839.81,2025-02-18,2025-03-20,closed,2025-04-08,49,19,False,False,improving_payer
INV8000810,B008,B008-C1030,Chemicals Client 030,Chemicals & Plastics,30,240524.0,2025-03-02,2025-04-01,closed,2025-04-19,48,18,False,False,improving_payer
INV8000811,B008,B008-C1030,Chemicals Client 030,Chemicals & Plastics,30,138255.06,2025-03-22,2025-04-21,closed,2025-05-10,49,19,False,False,improving_payer
INV8000812,B008,B008-C1030,Chemicals Client 030,Chemicals & Plastics,30,440966.8,2025-11-25,2025-12-25,closed,2026-01-16,52,22,True,False,improving_payer
INV8000813,B008,B008-C1030,Chemicals Client 030,Chemicals & Plastics,30,299729.9,2026-03-06,2026-04-05,closed,2026-04-15,40,10,False,False,improving_payer
INV8000814,B008,B008-C1030,Chemicals Client 030,Chemicals & Plastics,30,202488.37,2026-05-23,2026-06-22,closed,2026-07-12,50,20,False,False,improving_payer
INV8000815,B008,B008-C1030,Chemicals Client 030,Chemicals & Plastics,30,294799.53,2026-06-09,2026-07-09,open,,,,False,False,improving_payer
INV8000816,B008,B008-C1030,Chemicals Client 030,Chemicals & Plastics,30,248669.67,2026-06-27,2026-07-27,closed,2026-07-31,34,4,False,False,improving_payer
INV8000817,B008,B008-C1030,Chemicals Client 030,Chemicals & Plastics,30,230486.7,2026-08-14,2026-09-13,open,,,,False,False,improving_payer
INV8000818,B008,B008-C1031,Metal Client 031,Metal & Engineering,30,120168.96,2024-06-27,2024-07-27,closed,2024-08-04,38,8,False,False,cold_start
INV8000819,B008,B008-C1031,Metal Client 031,Metal & Engineering,30,127492.02,2025-03-23,2025-04-22,closed,2025-04-27,35,5,False,False,cold_start
INV8000820,B008,B008-C1031,Metal Client 031,Metal & Engineering,30,133015.35,2026-01-13,2026-02-12,closed,2026-02-21,39,9,False,False,cold_start
INV8000821,B008,B008-C1032,FMCG Client 032,FMCG & Food Processing,45,34010.46,2024-04-16,2024-05-31,closed,2024-06-08,53,8,False,False,average_payer
INV8000822,B008,B008-C1032,FMCG Client 032,FMCG & Food Processing,45,27734.45,2024-04-24,2024-06-08,closed,2024-06-10,47,2,False,False,average_payer
INV8000823,B008,B008-C1032,FMCG Client 032,FMCG & Food Processing,45,22554.22,2024-04-28,2024-06-12,closed,2024-06-18,51,6,False,False,average_payer
INV8000824,B008,B008-C1032,FMCG Client 032,FMCG & Food Processing,45,22888.88,2024-06-16,2024-07-31,closed,2024-08-01,46,1,True,False,average_payer
INV8000825,B008,B008-C1032,FMCG Client 032,FMCG & Food Processing,45,20289.05,2024-06-24,2024-08-08,closed,2024-08-15,52,7,False,False,average_payer
INV8000826,B008,B008-C1032,FMCG Client 032,FMCG & Food Processing,45,21993.33,2024-07-08,2024-08-22,closed,2024-08-23,46,1,False,False,average_payer
INV8000827,B008,B008-C1032,FMCG Client 032,FMCG & Food Processing,45,38193.66,2024-07-12,2024-08-26,closed,2024-08-30,49,4,False,False,average_payer
INV8000828,B008,B008-C1032,FMCG Client 032,FMCG & Food Processing,45,20362.06,2024-08-03,2024-09-17,closed,2024-09-21,49,4,False,False,average_payer
INV8000829,B008,B008-C1032,FMCG Client 032,FMCG & Food Processing,45,37238.14,2024-08-09,2024-09-23,closed,2024-09-23,45,0,False,False,average_payer
INV8000830,B008,B008-C1032,FMCG Client 032,FMCG & Food Processing,45,28220.94,2024-08-10,2024-09-24,closed,2024-09-25,46,1,False,False,average_payer
INV8000831,B008,B008-C1032,FMCG Client 032,FMCG & Food Processing,45,30201.79,2024-09-09,2024-10-24,closed,2024-11-03,55,10,False,False,average_payer
INV8000832,B008,B008-C1032,FMCG Client 032,FMCG & Food Processing,45,160126.98,2024-10-12,2024-11-26,closed,2024-12-07,56,11,False,True,average_payer
INV8000833,B008,B008-C1032,FMCG Client 032,FMCG & Food Processing,45,31491.13,2024-10-14,2024-11-28,closed,2024-12-07,54,9,False,False,average_payer
INV8000834,B008,B008-C1032,FMCG Client 032,FMCG & Food Processing,45,59055.17,2024-10-28,2024-12-12,closed,2024-12-15,48,3,False,False,average_payer
INV8000835,B008,B008-C1032,FMCG Client 032,FMCG & Food Processing,45,31417.53,2024-10-30,2024-12-14,closed,2024-12-05,36,-9,False,False,average_payer
INV8000836,B008,B008-C1032,FMCG Client 032,FMCG & Food Processing,45,27362.65,2024-12-09,2025-01-23,closed,2025-01-25,47,2,False,False,average_payer
INV8000837,B008,B008-C1032,FMCG Client 032,FMCG & Food Processing,45,39757.65,2024-12-11,2025-01-25,closed,2025-02-10,61,16,False,False,average_payer
INV8000838,B008,B008-C1032,FMCG Client 032,FMCG & Food Processing,45,30124.61,2024-12-14,2025-01-28,closed,2025-01-22,39,-6,False,False,average_payer
INV8000839,B008,B008-C1032,FMCG Client 032,FMCG & Food Processing,45,27287.65,2025-01-19,2025-03-05,closed,2025-03-08,48,3,False,False,average_payer
INV8000840,B008,B008-C1032,FMCG Client 032,FMCG & Food Processing,45,43692.64,2025-02-13,2025-03-30,closed,2025-03-30,45,0,False,False,average_payer
INV8000841,B008,B008-C1032,FMCG Client 032,FMCG & Food Processing,45,28731.03,2025-04-29,2025-06-13,closed,2025-06-18,50,5,False,False,average_payer
INV8000842,B008,B008-C1032,FMCG Client 032,FMCG & Food Processing,45,23329.33,2025-05-09,2025-06-23,closed,2025-06-20,42,-3,False,False,average_payer
INV8000843,B008,B008-C1032,FMCG Client 032,FMCG & Food Processing,45,31516.92,2025-08-18,2025-10-02,closed,2025-10-09,52,7,False,False,average_payer
INV8000844,B008,B008-C1032,FMCG Client 032,FMCG & Food Processing,45,90790.68,2025-08-26,2025-10-10,closed,2025-10-15,50,5,False,True,average_payer
INV8000845,B008,B008-C1032,FMCG Client 032,FMCG & Food Processing,45,67180.89,2025-08-27,2025-10-11,closed,2025-10-15,49,4,False,False,average_payer
INV8000846,B008,B008-C1032,FMCG Client 032,FMCG & Food Processing,45,22190.57,2025-10-12,2025-11-26,closed,2025-12-08,57,12,False,False,average_payer
INV8000847,B008,B008-C1032,FMCG Client 032,FMCG & Food Processing,45,23470.04,2025-10-27,2025-12-11,closed,2025-12-08,42,-3,False,False,average_payer
INV8000848,B008,B008-C1032,FMCG Client 032,FMCG & Food Processing,45,25629.31,2025-11-08,2025-12-23,closed,2025-12-19,41,-4,False,False,average_payer
INV8000849,B008,B008-C1032,FMCG Client 032,FMCG & Food Processing,45,36603.71,2025-11-12,2025-12-27,closed,2025-12-26,44,-1,True,False,average_payer
INV8000850,B008,B008-C1032,FMCG Client 032,FMCG & Food Processing,45,33671.01,2025-12-04,2026-01-18,closed,2026-01-22,49,4,False,False,average_payer
INV8000851,B008,B008-C1032,FMCG Client 032,FMCG & Food Processing,45,21620.96,2025-12-06,2026-01-20,closed,2026-01-18,43,-2,False,False,average_payer
INV8000852,B008,B008-C1032,FMCG Client 032,FMCG & Food Processing,45,19564.96,2026-01-22,2026-03-08,closed,2026-03-17,54,9,False,False,average_payer
INV8000853,B008,B008-C1032,FMCG Client 032,FMCG & Food Processing,45,44683.67,2026-02-09,2026-03-26,closed,2026-04-03,53,8,False,False,average_payer
INV8000854,B008,B008-C1032,FMCG Client 032,FMCG & Food Processing,45,132881.42,2026-02-14,2026-03-31,closed,2026-04-05,50,5,False,True,average_payer
INV8000855,B008,B008-C1032,FMCG Client 032,FMCG & Food Processing,45,31534.22,2026-03-18,2026-05-02,closed,2026-05-12,55,10,False,False,average_payer
INV8000856,B008,B008-C1032,FMCG Client 032,FMCG & Food Processing,45,48718.45,2026-03-25,2026-05-09,closed,2026-05-12,48,3,False,False,average_payer
INV8000857,B008,B008-C1032,FMCG Client 032,FMCG & Food Processing,45,34115.64,2026-03-29,2026-05-13,closed,2026-05-26,58,13,False,False,average_payer
INV8000858,B008,B008-C1032,FMCG Client 032,FMCG & Food Processing,45,41541.34,2026-05-07,2026-06-21,closed,2026-06-29,53,8,False,False,average_payer
INV8000859,B008,B008-C1032,FMCG Client 032,FMCG & Food Processing,45,45954.64,2026-05-14,2026-06-28,closed,2026-07-16,63,18,False,False,average_payer
INV8000860,B008,B008-C1032,FMCG Client 032,FMCG & Food Processing,45,26243.5,2026-05-20,2026-07-04,closed,2026-07-03,44,-1,False,False,average_payer
INV8000861,B008,B008-C1032,FMCG Client 032,FMCG & Food Processing,45,38032.98,2026-05-29,2026-07-13,closed,2026-07-26,58,13,False,False,average_payer
INV8000862,B008,B008-C1032,FMCG Client 032,FMCG & Food Processing,45,35538.19,2026-06-02,2026-07-17,closed,2026-07-25,53,8,True,False,average_payer
INV8000863,B008,B008-C1032,FMCG Client 032,FMCG & Food Processing,45,29754.67,2026-06-15,2026-07-30,closed,2026-08-09,55,10,False,False,average_payer
INV8000864,B008,B008-C1032,FMCG Client 032,FMCG & Food Processing,45,35038.05,2026-06-28,2026-08-12,closed,2026-08-22,55,10,False,False,average_payer
INV8000865,B008,B008-C1032,FMCG Client 032,FMCG & Food Processing,45,35356.34,2026-06-29,2026-08-13,closed,2026-08-21,53,8,False,False,average_payer
INV8000866,B008,B008-C1032,FMCG Client 032,FMCG & Food Processing,45,33068.57,2026-07-04,2026-08-18,open,,,,False,False,average_payer
INV8000867,B008,B008-C1032,FMCG Client 032,FMCG & Food Processing,45,44545.95,2026-07-25,2026-09-08,open,,,,False,False,average_payer
INV8000868,B008,B008-C1032,FMCG Client 032,FMCG & Food Processing,45,30981.71,2026-08-31,2026-10-15,open,,,,False,False,average_payer
INV8000869,B008,B008-C1033,Retail Client 033,Retail & Distribution,30,24812.56,2024-08-02,2024-09-01,closed,2024-09-12,41,11,False,False,deteriorating_payer
INV8000870,B008,B008-C1033,Retail Client 033,Retail & Distribution,30,54352.71,2024-08-11,2024-09-10,closed,2024-09-17,37,7,False,False,deteriorating_payer
INV8000871,B008,B008-C1033,Retail Client 033,Retail & Distribution,30,48723.18,2024-09-28,2024-10-28,closed,2024-11-18,51,21,False,False,deteriorating_payer
INV8000872,B008,B008-C1033,Retail Client 033,Retail & Distribution,30,52301.83,2024-11-25,2024-12-25,closed,2024-12-23,28,-2,False,False,deteriorating_payer
INV8000873,B008,B008-C1033,Retail Client 033,Retail & Distribution,30,24711.66,2024-12-25,2025-01-24,closed,2025-02-05,42,12,False,False,deteriorating_payer
INV8000874,B008,B008-C1033,Retail Client 033,Retail & Distribution,30,38446.37,2025-01-06,2025-02-05,closed,2025-02-27,52,22,False,False,deteriorating_payer
INV8000875,B008,B008-C1033,Retail Client 033,Retail & Distribution,30,33378.94,2025-01-26,2025-02-25,closed,2025-03-01,34,4,False,False,deteriorating_payer
INV8000876,B008,B008-C1033,Retail Client 033,Retail & Distribution,30,34593.12,2025-02-14,2025-03-16,closed,2025-03-26,40,10,True,False,deteriorating_payer
INV8000877,B008,B008-C1033,Retail Client 033,Retail & Distribution,30,33274.03,2025-03-02,2025-04-01,closed,2025-04-27,56,26,False,False,deteriorating_payer
INV8000878,B008,B008-C1033,Retail Client 033,Retail & Distribution,30,41883.23,2025-03-21,2025-04-20,closed,2025-05-04,44,14,False,False,deteriorating_payer
INV8000879,B008,B008-C1033,Retail Client 033,Retail & Distribution,30,52322.88,2025-04-05,2025-05-05,closed,2025-05-03,28,-2,False,False,deteriorating_payer
INV8000880,B008,B008-C1033,Retail Client 033,Retail & Distribution,30,37521.69,2025-04-26,2025-05-26,closed,2025-06-02,37,7,False,False,deteriorating_payer
INV8000881,B008,B008-C1033,Retail Client 033,Retail & Distribution,30,129302.24,2025-05-15,2025-06-14,closed,2025-07-13,59,29,False,True,deteriorating_payer
INV8000882,B008,B008-C1033,Retail Client 033,Retail & Distribution,30,40698.29,2025-05-16,2025-06-15,closed,2025-06-27,42,12,False,False,deteriorating_payer
INV8000883,B008,B008-C1033,Retail Client 033,Retail & Distribution,30,55245.47,2025-06-06,2025-07-06,closed,2025-08-13,68,38,False,False,deteriorating_payer
INV8000884,B008,B008-C1033,Retail Client 033,Retail & Distribution,30,34597.43,2025-06-07,2025-07-07,closed,2025-08-07,61,31,False,False,deteriorating_payer
INV8000885,B008,B008-C1033,Retail Client 033,Retail & Distribution,30,22031.51,2025-06-15,2025-07-15,closed,2025-08-09,55,25,False,False,deteriorating_payer
INV8000886,B008,B008-C1033,Retail Client 033,Retail & Distribution,30,33022.71,2025-07-11,2025-08-10,closed,2025-08-28,48,18,False,False,deteriorating_payer
INV8000887,B008,B008-C1033,Retail Client 033,Retail & Distribution,30,40250.1,2025-07-17,2025-08-16,closed,2025-08-21,35,5,False,False,deteriorating_payer
INV8000888,B008,B008-C1033,Retail Client 033,Retail & Distribution,30,25471.8,2025-09-15,2025-10-15,closed,2025-11-09,55,25,False,False,deteriorating_payer
INV8000889,B008,B008-C1033,Retail Client 033,Retail & Distribution,30,46794.11,2025-11-21,2025-12-21,closed,2026-01-29,69,39,False,False,deteriorating_payer
INV8000890,B008,B008-C1033,Retail Client 033,Retail & Distribution,30,34390.87,2026-03-09,2026-04-08,closed,2026-05-16,68,38,False,False,deteriorating_payer
INV8000891,B008,B008-C1033,Retail Client 033,Retail & Distribution,30,50379.84,2026-03-22,2026-04-21,closed,2026-05-07,46,16,False,False,deteriorating_payer
INV8000892,B008,B008-C1033,Retail Client 033,Retail & Distribution,30,27884.46,2026-04-02,2026-05-02,closed,2026-06-24,83,53,False,False,deteriorating_payer
INV8000893,B008,B008-C1033,Retail Client 033,Retail & Distribution,30,51509.78,2026-04-21,2026-05-21,closed,2026-06-18,58,28,False,False,deteriorating_payer
INV8000894,B008,B008-C1033,Retail Client 033,Retail & Distribution,30,46701.76,2026-06-16,2026-07-16,closed,2026-08-09,54,24,True,False,deteriorating_payer
INV8000895,B008,B008-C1033,Retail Client 033,Retail & Distribution,30,29888.16,2026-08-04,2026-09-03,disputed_open,,,,False,False,deteriorating_payer
INV8000896,B008,B008-C1034,Textiles Client 034,Textiles & Apparel,60,440566.83,2024-05-11,2024-07-10,closed,2024-07-24,74,14,False,False,deteriorating_payer
INV8000897,B008,B008-C1034,Textiles Client 034,Textiles & Apparel,60,259282.77,2024-05-29,2024-07-28,closed,2024-09-04,98,38,False,False,deteriorating_payer
INV8000898,B008,B008-C1034,Textiles Client 034,Textiles & Apparel,60,579189.32,2024-06-07,2024-08-06,closed,2024-09-11,96,36,False,False,deteriorating_payer
INV8000899,B008,B008-C1034,Textiles Client 034,Textiles & Apparel,60,278832.69,2024-07-08,2024-09-06,closed,2024-09-29,83,23,False,False,deteriorating_payer
INV8000900,B008,B008-C1034,Textiles Client 034,Textiles & Apparel,60,280010.56,2024-08-27,2024-10-26,closed,2024-10-24,58,-2,True,False,deteriorating_payer
INV8000901,B008,B008-C1034,Textiles Client 034,Textiles & Apparel,60,386782.73,2024-09-28,2024-11-27,closed,2024-12-10,73,13,False,False,deteriorating_payer
INV8000902,B008,B008-C1034,Textiles Client 034,Textiles & Apparel,60,261659.95,2025-01-07,2025-03-08,closed,2025-03-22,74,14,False,False,deteriorating_payer
INV8000903,B008,B008-C1034,Textiles Client 034,Textiles & Apparel,60,336502.03,2025-02-19,2025-04-20,closed,2025-05-15,85,25,False,False,deteriorating_payer
INV8000904,B008,B008-C1034,Textiles Client 034,Textiles & Apparel,60,259573.3,2025-04-16,2025-06-15,closed,2025-06-29,74,14,False,False,deteriorating_payer
INV8000905,B008,B008-C1034,Textiles Client 034,Textiles & Apparel,60,392410.09,2025-04-21,2025-06-20,closed,2025-06-30,70,10,False,False,deteriorating_payer
INV8000906,B008,B008-C1034,Textiles Client 034,Textiles & Apparel,60,351741.79,2025-05-15,2025-07-14,closed,2025-08-04,81,21,False,False,deteriorating_payer
INV8000907,B008,B008-C1034,Textiles Client 034,Textiles & Apparel,60,423218.7,2025-07-25,2025-09-23,closed,2025-09-21,58,-2,False,False,deteriorating_payer
INV8000908,B008,B008-C1034,Textiles Client 034,Textiles & Apparel,60,357840.17,2025-08-27,2025-10-26,closed,2025-11-08,73,13,False,False,deteriorating_payer
INV8000909,B008,B008-C1034,Textiles Client 034,Textiles & Apparel,60,268310.28,2025-10-28,2025-12-27,closed,2026-02-12,107,47,False,False,deteriorating_payer
INV8000910,B008,B008-C1034,Textiles Client 034,Textiles & Apparel,60,169074.72,2025-11-14,2026-01-13,closed,2026-02-07,85,25,False,False,deteriorating_payer
INV8000911,B008,B008-C1034,Textiles Client 034,Textiles & Apparel,60,320191.52,2026-03-31,2026-05-30,closed,2026-07-12,103,43,True,False,deteriorating_payer
INV8000912,B008,B008-C1034,Textiles Client 034,Textiles & Apparel,60,415009.73,2026-05-06,2026-07-05,closed,2026-07-03,58,-2,False,False,deteriorating_payer
INV8000913,B008,B008-C1034,Textiles Client 034,Textiles & Apparel,60,355611.95,2026-05-27,2026-07-26,closed,2026-09-02,98,38,False,False,deteriorating_payer
INV8000914,B008,B008-C1034,Textiles Client 034,Textiles & Apparel,60,372725.34,2026-05-28,2026-07-27,closed,2026-08-31,95,35,False,False,deteriorating_payer
INV8000915,B008,B008-C1034,Textiles Client 034,Textiles & Apparel,60,347028.25,2026-07-22,2026-09-20,open,,,,False,False,deteriorating_payer
INV8000916,B008,B008-C1034,Textiles Client 034,Textiles & Apparel,60,307412.78,2026-08-15,2026-10-14,open,,,,False,False,deteriorating_payer
INV8000917,B008,B008-C1035,Auto Client 035,Auto Components,30,191956.38,2024-03-16,2024-04-15,closed,2024-04-27,42,12,False,False,average_payer
INV8000918,B008,B008-C1035,Auto Client 035,Auto Components,30,455775.33,2024-05-02,2024-06-01,closed,2024-06-10,39,9,False,True,average_payer
INV8000919,B008,B008-C1035,Auto Client 035,Auto Components,30,113348.57,2024-06-07,2024-07-07,closed,2024-07-26,49,19,False,False,average_payer
INV8000920,B008,B008-C1035,Auto Client 035,Auto Components,30,162767.28,2024-09-29,2024-10-29,closed,2024-11-09,41,11,False,False,average_payer
INV8000921,B008,B008-C1035,Auto Client 035,Auto Components,30,151990.76,2024-10-18,2024-11-17,closed,2024-11-20,33,3,False,False,average_payer
INV8000922,B008,B008-C1035,Auto Client 035,Auto Components,30,240545.95,2024-12-07,2025-01-06,closed,2025-01-12,36,6,False,False,average_payer
INV8000923,B008,B008-C1035,Auto Client 035,Auto Components,30,101780.24,2024-12-18,2025-01-17,closed,2025-01-25,38,8,False,False,average_payer
INV8000924,B008,B008-C1035,Auto Client 035,Auto Components,30,130830.74,2025-01-05,2025-02-04,closed,2025-02-06,32,2,False,False,average_payer
INV8000925,B008,B008-C1035,Auto Client 035,Auto Components,30,137459.15,2025-01-07,2025-02-06,closed,2025-02-07,31,1,False,False,average_payer
INV8000926,B008,B008-C1035,Auto Client 035,Auto Components,30,98861.54,2025-01-19,2025-02-18,closed,2025-02-15,27,-3,False,False,average_payer
INV8000927,B008,B008-C1035,Auto Client 035,Auto Components,30,102596.61,2025-01-25,2025-02-24,closed,2025-02-22,28,-2,False,False,average_payer
INV8000928,B008,B008-C1035,Auto Client 035,Auto Components,30,134266.56,2025-01-29,2025-02-28,closed,2025-02-27,29,-1,False,False,average_payer
INV8000929,B008,B008-C1035,Auto Client 035,Auto Components,30,244551.65,2025-02-03,2025-03-05,closed,2025-03-19,44,14,False,False,average_payer
INV8000930,B008,B008-C1035,Auto Client 035,Auto Components,30,225213.42,2025-03-08,2025-04-07,closed,2025-04-18,41,11,False,False,average_payer
INV8000931,B008,B008-C1035,Auto Client 035,Auto Components,30,172495.75,2025-03-20,2025-04-19,closed,2025-05-11,52,22,False,False,average_payer
INV8000932,B008,B008-C1035,Auto Client 035,Auto Components,30,212822.79,2025-04-13,2025-05-13,closed,2025-05-20,37,7,False,False,average_payer
INV8000933,B008,B008-C1035,Auto Client 035,Auto Components,30,195479.99,2025-06-03,2025-07-03,closed,2025-07-07,34,4,False,False,average_payer
INV8000934,B008,B008-C1035,Auto Client 035,Auto Components,30,73843.77,2025-06-04,2025-07-04,closed,2025-07-15,41,11,False,False,average_payer
INV8000935,B008,B008-C1035,Auto Client 035,Auto Components,30,139116.96,2025-10-05,2025-11-04,closed,2025-11-03,29,-1,False,False,average_payer
INV8000936,B008,B008-C1035,Auto Client 035,Auto Components,30,180172.5,2025-10-19,2025-11-18,closed,2025-11-12,24,-6,False,False,average_payer
INV8000937,B008,B008-C1035,Auto Client 035,Auto Components,30,140136.82,2025-12-12,2026-01-11,closed,2026-01-22,41,11,False,False,average_payer
INV8000938,B008,B008-C1035,Auto Client 035,Auto Components,30,107882.0,2026-01-13,2026-02-12,closed,2026-02-26,44,14,False,False,average_payer
INV8000939,B008,B008-C1035,Auto Client 035,Auto Components,30,98547.29,2026-02-07,2026-03-09,closed,2026-03-02,23,-7,False,False,average_payer
INV8000940,B008,B008-C1035,Auto Client 035,Auto Components,30,117180.1,2026-03-17,2026-04-16,closed,2026-04-24,38,8,False,False,average_payer
INV8000941,B008,B008-C1035,Auto Client 035,Auto Components,30,134194.49,2026-03-25,2026-04-24,closed,2026-05-08,44,14,False,False,average_payer
INV8000942,B008,B008-C1035,Auto Client 035,Auto Components,30,91405.46,2026-05-26,2026-06-25,closed,2026-07-01,36,6,False,False,average_payer
INV8000943,B008,B008-C1035,Auto Client 035,Auto Components,30,107322.3,2026-06-10,2026-07-10,closed,2026-07-06,26,-4,False,False,average_payer
INV8000944,B008,B008-C1035,Auto Client 035,Auto Components,30,101915.02,2026-06-18,2026-07-18,closed,2026-07-28,40,10,False,False,average_payer
INV8000945,B008,B008-C1035,Auto Client 035,Auto Components,30,196623.53,2026-06-25,2026-07-25,closed,2026-08-09,45,15,False,False,average_payer
INV8000946,B008,B008-C1035,Auto Client 035,Auto Components,30,172130.71,2026-07-12,2026-08-11,closed,2026-08-17,36,6,False,False,average_payer
INV8000947,B008,B008-C1035,Auto Client 035,Auto Components,30,85346.17,2026-08-16,2026-09-15,open,,,,False,False,average_payer
INV8000948,B008,B008-C1035,Auto Client 035,Auto Components,30,134945.71,2026-08-19,2026-09-18,open,,,,False,False,average_payer
INV8000949,B008,B008-C1035,Auto Client 035,Auto Components,30,141553.96,2026-08-26,2026-09-25,open,,,,False,False,average_payer
INV8000950,B008,B008-C1036,Electronics Client 036,Electronics & Electricals,30,214638.42,2025-07-09,2025-08-08,closed,2025-08-06,28,-2,False,False,prompt_payer
INV8000951,B008,B008-C1036,Electronics Client 036,Electronics & Electricals,30,144419.36,2025-08-15,2025-09-14,closed,2025-09-11,27,-3,False,False,prompt_payer
INV8000952,B008,B008-C1036,Electronics Client 036,Electronics & Electricals,30,131541.39,2025-09-14,2025-10-14,closed,2025-10-17,33,3,False,False,prompt_payer
INV8000953,B008,B008-C1036,Electronics Client 036,Electronics & Electricals,30,697402.09,2025-11-30,2025-12-30,closed,2025-12-25,25,-5,False,True,prompt_payer
INV8000954,B008,B008-C1036,Electronics Client 036,Electronics & Electricals,30,102794.8,2026-03-15,2026-04-14,closed,2026-04-14,30,0,False,False,prompt_payer
INV8000955,B008,B008-C1036,Electronics Client 036,Electronics & Electricals,30,179220.82,2026-03-31,2026-04-30,closed,2026-05-03,33,3,False,False,prompt_payer
INV8000956,B008,B008-C1036,Electronics Client 036,Electronics & Electricals,30,236155.13,2026-05-11,2026-06-10,closed,2026-06-10,30,0,False,False,prompt_payer
INV8000957,B008,B008-C1037,Electronics Client 037,Electronics & Electricals,90,26240.91,2024-09-19,2024-12-18,closed,2025-01-01,104,14,False,False,average_payer
INV8000958,B008,B008-C1037,Electronics Client 037,Electronics & Electricals,90,68715.79,2025-01-05,2025-04-05,closed,2025-04-22,107,17,False,False,average_payer
INV8000959,B008,B008-C1037,Electronics Client 037,Electronics & Electricals,90,47378.12,2025-06-19,2025-09-17,closed,2025-10-09,112,22,False,False,average_payer
INV8000960,B008,B008-C1037,Electronics Client 037,Electronics & Electricals,90,87904.6,2025-07-01,2025-09-29,closed,2025-10-04,95,5,False,False,average_payer
INV8000961,B008,B008-C1037,Electronics Client 037,Electronics & Electricals,90,41513.96,2025-08-20,2025-11-18,closed,2025-11-22,94,4,False,False,average_payer
INV8000962,B008,B008-C1037,Electronics Client 037,Electronics & Electricals,90,48096.56,2025-08-29,2025-11-27,closed,2025-12-08,101,11,False,False,average_payer
INV8000963,B008,B008-C1037,Electronics Client 037,Electronics & Electricals,90,82068.41,2025-09-12,2025-12-11,closed,2025-12-20,99,9,False,False,average_payer
INV8000964,B008,B008-C1037,Electronics Client 037,Electronics & Electricals,90,63154.59,2025-10-25,2026-01-23,closed,2026-02-12,110,20,False,False,average_payer
INV8000965,B008,B008-C1037,Electronics Client 037,Electronics & Electricals,90,74610.88,2026-01-14,2026-04-14,open,,,,False,False,average_payer
INV8000966,B008,B008-C1037,Electronics Client 037,Electronics & Electricals,90,49351.29,2026-01-14,2026-04-14,closed,2026-04-24,100,10,False,False,average_payer
INV8000967,B008,B008-C1037,Electronics Client 037,Electronics & Electricals,90,168294.4,2026-02-03,2026-05-04,closed,2026-05-13,99,9,False,True,average_payer
INV8000968,B008,B008-C1037,Electronics Client 037,Electronics & Electricals,90,56828.09,2026-06-08,2026-09-06,closed,2026-09-02,86,-4,False,False,average_payer
INV8000969,B008,B008-C1037,Electronics Client 037,Electronics & Electricals,90,87170.27,2026-07-06,2026-10-04,open,,,,False,False,average_payer
INV8000970,B008,B008-C1037,Electronics Client 037,Electronics & Electricals,90,71581.43,2026-08-19,2026-11-17,open,,,,False,False,average_payer
INV8000971,B008,B008-C1038,Chemicals Client 038,Chemicals & Plastics,30,283237.2,2024-05-27,2024-06-26,closed,2024-06-22,26,-4,False,False,average_payer
INV8000972,B008,B008-C1038,Chemicals Client 038,Chemicals & Plastics,30,301325.26,2024-07-04,2024-08-03,closed,2024-08-02,29,-1,False,False,average_payer
INV8000973,B008,B008-C1038,Chemicals Client 038,Chemicals & Plastics,30,167541.46,2024-07-25,2024-08-24,closed,2024-09-12,49,19,False,False,average_payer
INV8000974,B008,B008-C1038,Chemicals Client 038,Chemicals & Plastics,30,175266.31,2024-08-18,2024-09-17,closed,2024-09-17,30,0,False,False,average_payer
INV8000975,B008,B008-C1038,Chemicals Client 038,Chemicals & Plastics,30,214047.49,2024-09-13,2024-10-13,closed,2024-10-23,40,10,False,False,average_payer
INV8000976,B008,B008-C1038,Chemicals Client 038,Chemicals & Plastics,30,648627.72,2024-10-03,2024-11-02,closed,2024-10-26,23,-7,False,True,average_payer
INV8000977,B008,B008-C1038,Chemicals Client 038,Chemicals & Plastics,30,255428.52,2025-03-26,2025-04-25,closed,2025-05-03,38,8,False,False,average_payer
INV8000978,B008,B008-C1038,Chemicals Client 038,Chemicals & Plastics,30,145681.14,2025-04-29,2025-05-29,closed,2025-06-11,43,13,False,False,average_payer
INV8000979,B008,B008-C1038,Chemicals Client 038,Chemicals & Plastics,30,143564.93,2025-06-21,2025-07-21,closed,2025-07-14,23,-7,False,False,average_payer
INV8000980,B008,B008-C1038,Chemicals Client 038,Chemicals & Plastics,30,134027.61,2025-08-25,2025-09-24,closed,2025-09-26,32,2,False,False,average_payer
INV8000981,B008,B008-C1038,Chemicals Client 038,Chemicals & Plastics,30,122757.55,2026-01-02,2026-02-01,closed,2026-02-13,42,12,False,False,average_payer
INV8000982,B008,B008-C1038,Chemicals Client 038,Chemicals & Plastics,30,152901.83,2026-01-04,2026-02-03,closed,2026-02-14,41,11,False,False,average_payer
INV8000983,B008,B008-C1038,Chemicals Client 038,Chemicals & Plastics,30,142340.21,2026-01-20,2026-02-19,closed,2026-02-22,33,3,False,False,average_payer
INV8000984,B008,B008-C1038,Chemicals Client 038,Chemicals & Plastics,30,156743.59,2026-02-08,2026-03-10,closed,2026-03-18,38,8,False,False,average_payer
INV8000985,B008,B008-C1038,Chemicals Client 038,Chemicals & Plastics,30,178413.45,2026-02-14,2026-03-16,closed,2026-03-25,39,9,False,False,average_payer
INV8000986,B008,B008-C1038,Chemicals Client 038,Chemicals & Plastics,30,192678.85,2026-04-03,2026-05-03,closed,2026-05-08,35,5,False,False,average_payer
INV8000987,B008,B008-C1038,Chemicals Client 038,Chemicals & Plastics,30,190394.15,2026-04-08,2026-05-08,closed,2026-05-06,28,-2,False,False,average_payer
INV8000988,B008,B008-C1038,Chemicals Client 038,Chemicals & Plastics,30,194185.61,2026-04-24,2026-05-24,closed,2026-05-21,27,-3,False,False,average_payer
INV8000989,B008,B008-C1038,Chemicals Client 038,Chemicals & Plastics,30,299382.81,2026-05-02,2026-06-01,closed,2026-05-31,29,-1,False,False,average_payer
INV8000990,B008,B008-C1038,Chemicals Client 038,Chemicals & Plastics,30,202700.09,2026-05-31,2026-06-30,closed,2026-07-02,32,2,False,False,average_payer
INV8000991,B008,B008-C1038,Chemicals Client 038,Chemicals & Plastics,30,216468.18,2026-07-21,2026-08-20,closed,2026-08-22,32,2,False,False,average_payer
INV8000992,B008,B008-C1038,Chemicals Client 038,Chemicals & Plastics,30,240499.73,2026-07-27,2026-08-26,closed,2026-08-26,30,0,False,False,average_payer
INV8000993,B008,B008-C1039,IT Client 039,IT & Business Services,45,20155.84,2024-04-10,2024-05-25,closed,2024-05-31,51,6,False,False,average_payer
INV8000994,B008,B008-C1039,IT Client 039,IT & Business Services,45,76646.03,2024-04-17,2024-06-01,closed,2024-06-05,49,4,False,True,average_payer
INV8000995,B008,B008-C1039,IT Client 039,IT & Business Services,45,93559.69,2024-06-21,2024-08-05,closed,2024-08-07,47,2,False,True,average_payer
INV8000996,B008,B008-C1039,IT Client 039,IT & Business Services,45,100158.96,2024-07-13,2024-08-27,closed,2024-08-27,45,0,False,True,average_payer
INV8000997,B008,B008-C1039,IT Client 039,IT & Business Services,45,24522.83,2024-07-19,2024-09-02,closed,2024-09-10,53,8,False,False,average_payer
INV8000998,B008,B008-C1039,IT Client 039,IT & Business Services,45,25673.39,2024-08-15,2024-09-29,closed,2024-10-14,60,15,False,False,average_payer
INV8000999,B008,B008-C1039,IT Client 039,IT & Business Services,45,25447.61,2024-09-08,2024-10-23,closed,2024-10-28,50,5,False,False,average_payer
INV8001000,B008,B008-C1039,IT Client 039,IT & Business Services,45,33104.71,2024-10-25,2024-12-09,closed,2024-12-22,58,13,False,False,average_payer
INV8001001,B008,B008-C1039,IT Client 039,IT & Business Services,45,33448.62,2024-10-26,2024-12-10,closed,2024-12-13,48,3,False,False,average_payer
INV8001002,B008,B008-C1039,IT Client 039,IT & Business Services,45,24393.93,2024-12-01,2025-01-15,closed,2025-01-03,33,-12,False,False,average_payer
INV8001003,B008,B008-C1039,IT Client 039,IT & Business Services,45,14322.79,2024-12-06,2025-01-20,closed,2025-01-22,47,2,False,False,average_payer
INV8001004,B008,B008-C1039,IT Client 039,IT & Business Services,45,28892.73,2024-12-13,2025-01-27,closed,2025-02-07,56,11,False,False,average_payer
INV8001005,B008,B008-C1039,IT Client 039,IT & Business Services,45,30845.6,2024-12-17,2025-01-31,closed,2025-02-05,50,5,False,False,average_payer
INV8001006,B008,B008-C1039,IT Client 039,IT & Business Services,45,33528.54,2024-12-30,2025-02-13,closed,2025-02-19,51,6,False,False,average_payer
INV8001007,B008,B008-C1039,IT Client 039,IT & Business Services,45,20336.32,2025-01-14,2025-02-28,closed,2025-03-01,46,1,False,False,average_payer
INV8001008,B008,B008-C1039,IT Client 039,IT & Business Services,45,19912.7,2025-02-14,2025-03-31,closed,2025-04-11,56,11,False,False,average_payer
INV8001009,B008,B008-C1039,IT Client 039,IT & Business Services,45,16908.79,2025-02-20,2025-04-06,closed,2025-04-16,55,10,False,False,average_payer
INV8001010,B008,B008-C1039,IT Client 039,IT & Business Services,45,18902.77,2025-03-04,2025-04-18,closed,2025-04-22,49,4,False,False,average_payer
INV8001011,B008,B008-C1039,IT Client 039,IT & Business Services,45,21464.14,2025-03-22,2025-05-06,closed,2025-05-12,51,6,False,False,average_payer
INV8001012,B008,B008-C1039,IT Client 039,IT & Business Services,45,24063.14,2025-04-03,2025-05-18,closed,2025-05-23,50,5,False,False,average_payer
INV8001013,B008,B008-C1039,IT Client 039,IT & Business Services,45,22527.71,2025-05-07,2025-06-21,closed,2025-07-04,58,13,False,False,average_payer
INV8001014,B008,B008-C1039,IT Client 039,IT & Business Services,45,50848.83,2025-05-07,2025-06-21,closed,2025-06-26,50,5,False,False,average_payer
INV8001015,B008,B008-C1039,IT Client 039,IT & Business Services,45,11779.66,2025-05-09,2025-06-23,closed,2025-07-05,57,12,False,False,average_payer
INV8001016,B008,B008-C1039,IT Client 039,IT & Business Services,45,26996.82,2025-05-23,2025-07-07,closed,2025-07-15,53,8,False,False,average_payer
INV8001017,B008,B008-C1039,IT Client 039,IT & Business Services,45,21306.87,2025-06-25,2025-08-09,closed,2025-08-10,46,1,False,False,average_payer
INV8001018,B008,B008-C1039,IT Client 039,IT & Business Services,45,17719.93,2025-07-08,2025-08-22,closed,2025-08-27,50,5,False,False,average_payer
INV8001019,B008,B008-C1039,IT Client 039,IT & Business Services,45,20574.56,2025-07-22,2025-09-05,closed,2025-09-21,61,16,False,False,average_payer
INV8001020,B008,B008-C1039,IT Client 039,IT & Business Services,45,31960.86,2025-07-24,2025-09-07,closed,2025-09-07,45,0,False,False,average_payer
INV8001021,B008,B008-C1039,IT Client 039,IT & Business Services,45,19403.33,2025-08-04,2025-09-18,closed,2025-09-28,55,10,False,False,average_payer
INV8001022,B008,B008-C1039,IT Client 039,IT & Business Services,45,33448.49,2025-08-26,2025-10-10,closed,2025-10-20,55,10,False,False,average_payer
INV8001023,B008,B008-C1039,IT Client 039,IT & Business Services,45,18550.41,2025-09-02,2025-10-17,closed,2025-11-02,61,16,False,False,average_payer
INV8001024,B008,B008-C1039,IT Client 039,IT & Business Services,45,34497.31,2025-10-24,2025-12-08,closed,2025-12-13,50,5,True,False,average_payer
INV8001025,B008,B008-C1039,IT Client 039,IT & Business Services,45,29626.12,2025-11-09,2025-12-24,closed,2025-12-29,50,5,False,False,average_payer
INV8001026,B008,B008-C1039,IT Client 039,IT & Business Services,45,18073.58,2025-11-13,2025-12-28,closed,2026-01-01,49,4,False,False,average_payer
INV8001027,B008,B008-C1039,IT Client 039,IT & Business Services,45,22764.69,2025-12-01,2026-01-15,closed,2026-01-31,61,16,False,False,average_payer
INV8001028,B008,B008-C1039,IT Client 039,IT & Business Services,45,26547.68,2025-12-21,2026-02-04,closed,2026-02-03,44,-1,False,False,average_payer
INV8001029,B008,B008-C1039,IT Client 039,IT & Business Services,45,59563.69,2026-01-28,2026-03-14,closed,2026-03-16,47,2,False,True,average_payer
INV8001030,B008,B008-C1039,IT Client 039,IT & Business Services,45,25024.68,2026-01-31,2026-03-17,closed,2026-04-01,60,15,False,False,average_payer
INV8001031,B008,B008-C1039,IT Client 039,IT & Business Services,45,20584.19,2026-02-09,2026-03-26,closed,2026-04-06,56,11,False,False,average_payer
INV8001032,B008,B008-C1039,IT Client 039,IT & Business Services,45,32867.34,2026-03-09,2026-04-23,closed,2026-04-30,52,7,False,False,average_payer
INV8001033,B008,B008-C1039,IT Client 039,IT & Business Services,45,107232.12,2026-04-03,2026-05-18,closed,2026-05-16,43,-2,False,True,average_payer
INV8001034,B008,B008-C1039,IT Client 039,IT & Business Services,45,24316.23,2026-05-05,2026-06-19,closed,2026-06-27,53,8,False,False,average_payer
INV8001035,B008,B008-C1039,IT Client 039,IT & Business Services,45,22558.12,2026-06-13,2026-07-28,closed,2026-07-25,42,-3,False,False,average_payer
INV8001036,B008,B008-C1039,IT Client 039,IT & Business Services,45,21381.43,2026-07-18,2026-09-01,open,,,,False,False,average_payer
INV8001037,B008,B008-C1039,IT Client 039,IT & Business Services,45,20263.41,2026-07-23,2026-09-06,closed,2026-08-30,38,-7,False,False,average_payer
INV8001038,B008,B008-C1039,IT Client 039,IT & Business Services,45,31033.73,2026-07-26,2026-09-09,open,,,,False,False,average_payer
INV8001039,B008,B008-C1039,IT Client 039,IT & Business Services,45,26081.48,2026-08-11,2026-09-25,open,,,,False,False,average_payer
INV8001040,B008,B008-C1039,IT Client 039,IT & Business Services,45,34970.31,2026-08-14,2026-09-28,open,,,,False,False,average_payer
INV8001041,B008,B008-C1040,Pharma Client 040,Pharma & Healthcare,30,55618.23,2024-03-29,2024-04-28,closed,2024-06-07,70,40,False,False,chronic_late_payer
INV8001042,B008,B008-C1040,Pharma Client 040,Pharma & Healthcare,30,109153.21,2024-04-16,2024-05-16,closed,2024-06-22,67,37,False,False,chronic_late_payer
INV8001043,B008,B008-C1040,Pharma Client 040,Pharma & Healthcare,30,78795.22,2024-05-10,2024-06-09,closed,2024-07-11,62,32,False,False,chronic_late_payer
INV8001044,B008,B008-C1040,Pharma Client 040,Pharma & Healthcare,30,88095.47,2024-05-22,2024-06-21,closed,2024-07-09,48,18,False,False,chronic_late_payer
INV8001045,B008,B008-C1040,Pharma Client 040,Pharma & Healthcare,30,192133.67,2024-07-05,2024-08-04,closed,2024-09-30,87,57,False,False,chronic_late_payer
INV8001046,B008,B008-C1040,Pharma Client 040,Pharma & Healthcare,30,94216.68,2024-08-01,2024-08-31,closed,2024-10-07,67,37,False,False,chronic_late_payer
INV8001047,B008,B008-C1040,Pharma Client 040,Pharma & Healthcare,30,70168.5,2024-08-16,2024-09-15,closed,2024-09-29,44,14,True,False,chronic_late_payer
INV8001048,B008,B008-C1040,Pharma Client 040,Pharma & Healthcare,30,148568.04,2024-09-01,2024-10-01,closed,2024-10-17,46,16,False,False,chronic_late_payer
INV8001049,B008,B008-C1040,Pharma Client 040,Pharma & Healthcare,30,93298.37,2024-09-11,2024-10-11,closed,2024-11-09,59,29,False,False,chronic_late_payer
INV8001050,B008,B008-C1040,Pharma Client 040,Pharma & Healthcare,30,172489.81,2024-10-14,2024-11-13,closed,2024-12-18,65,35,False,False,chronic_late_payer
INV8001051,B008,B008-C1040,Pharma Client 040,Pharma & Healthcare,30,138129.48,2024-10-25,2024-11-24,closed,2024-12-18,54,24,False,False,chronic_late_payer
INV8001052,B008,B008-C1040,Pharma Client 040,Pharma & Healthcare,30,88011.69,2024-10-30,2024-11-29,closed,2025-01-04,66,36,False,False,chronic_late_payer
INV8001053,B008,B008-C1040,Pharma Client 040,Pharma & Healthcare,30,70218.89,2024-11-21,2024-12-21,open,,,,False,False,chronic_late_payer
INV8001054,B008,B008-C1040,Pharma Client 040,Pharma & Healthcare,30,76920.14,2024-11-25,2024-12-25,closed,2025-01-23,59,29,False,False,chronic_late_payer
INV8001055,B008,B008-C1040,Pharma Client 040,Pharma & Healthcare,30,123615.45,2024-11-25,2024-12-25,closed,2025-01-24,60,30,False,False,chronic_late_payer
INV8001056,B008,B008-C1040,Pharma Client 040,Pharma & Healthcare,30,71248.25,2025-01-07,2025-02-06,closed,2025-03-18,70,40,False,False,chronic_late_payer
INV8001057,B008,B008-C1040,Pharma Client 040,Pharma & Healthcare,30,63814.75,2025-01-12,2025-02-11,open,,,,False,False,chronic_late_payer
INV8001058,B008,B008-C1040,Pharma Client 040,Pharma & Healthcare,30,142565.78,2025-02-10,2025-03-12,closed,2025-03-26,44,14,False,False,chronic_late_payer
INV8001059,B008,B008-C1040,Pharma Client 040,Pharma & Healthcare,30,73035.15,2025-02-14,2025-03-16,closed,2025-04-11,56,26,False,False,chronic_late_payer
INV8001060,B008,B008-C1040,Pharma Client 040,Pharma & Healthcare,30,107873.25,2025-03-01,2025-03-31,closed,2025-05-17,77,47,False,False,chronic_late_payer
INV8001061,B008,B008-C1040,Pharma Client 040,Pharma & Healthcare,30,131598.41,2025-03-05,2025-04-04,closed,2025-05-19,75,45,False,False,chronic_late_payer
INV8001062,B008,B008-C1040,Pharma Client 040,Pharma & Healthcare,30,84987.22,2025-03-10,2025-04-09,open,,,,False,False,chronic_late_payer
INV8001063,B008,B008-C1040,Pharma Client 040,Pharma & Healthcare,30,51656.61,2025-03-19,2025-04-18,closed,2025-05-22,64,34,False,False,chronic_late_payer
INV8001064,B008,B008-C1040,Pharma Client 040,Pharma & Healthcare,30,588232.33,2025-03-26,2025-04-25,closed,2025-06-06,72,42,False,True,chronic_late_payer
INV8001065,B008,B008-C1040,Pharma Client 040,Pharma & Healthcare,30,91871.41,2025-04-23,2025-05-23,closed,2025-06-06,44,14,False,False,chronic_late_payer
INV8001066,B008,B008-C1040,Pharma Client 040,Pharma & Healthcare,30,115382.95,2025-05-14,2025-06-13,closed,2025-08-02,80,50,False,False,chronic_late_payer
INV8001067,B008,B008-C1040,Pharma Client 040,Pharma & Healthcare,30,202266.63,2025-07-05,2025-08-04,closed,2025-09-04,61,31,False,False,chronic_late_payer
INV8001068,B008,B008-C1040,Pharma Client 040,Pharma & Healthcare,30,97163.38,2025-09-03,2025-10-03,closed,2025-10-22,49,19,False,False,chronic_late_payer
INV8001069,B008,B008-C1040,Pharma Client 040,Pharma & Healthcare,30,118534.59,2025-09-04,2025-10-04,closed,2025-11-02,59,29,False,False,chronic_late_payer
INV8001070,B008,B008-C1040,Pharma Client 040,Pharma & Healthcare,30,84711.46,2025-09-16,2025-10-16,closed,2025-10-30,44,14,False,False,chronic_late_payer
INV8001071,B008,B008-C1040,Pharma Client 040,Pharma & Healthcare,30,135892.21,2025-10-25,2025-11-24,closed,2026-01-14,81,51,True,False,chronic_late_payer
INV8001072,B008,B008-C1040,Pharma Client 040,Pharma & Healthcare,30,126283.59,2025-10-29,2025-11-28,closed,2026-01-13,76,46,False,False,chronic_late_payer
INV8001073,B008,B008-C1040,Pharma Client 040,Pharma & Healthcare,30,98653.11,2025-11-17,2025-12-17,closed,2026-01-29,73,43,False,False,chronic_late_payer
INV8001074,B008,B008-C1040,Pharma Client 040,Pharma & Healthcare,30,90189.12,2025-11-18,2025-12-18,closed,2026-02-11,85,55,False,False,chronic_late_payer
INV8001075,B008,B008-C1040,Pharma Client 040,Pharma & Healthcare,30,80452.85,2025-11-26,2025-12-26,closed,2026-01-23,58,28,False,False,chronic_late_payer
INV8001076,B008,B008-C1040,Pharma Client 040,Pharma & Healthcare,30,74172.99,2025-12-09,2026-01-08,closed,2026-01-26,48,18,False,False,chronic_late_payer
INV8001077,B008,B008-C1040,Pharma Client 040,Pharma & Healthcare,30,96087.27,2026-01-23,2026-02-22,closed,2026-03-16,52,22,False,False,chronic_late_payer
INV8001078,B008,B008-C1040,Pharma Client 040,Pharma & Healthcare,30,78069.78,2026-01-24,2026-02-23,closed,2026-04-06,72,42,False,False,chronic_late_payer
INV8001079,B008,B008-C1040,Pharma Client 040,Pharma & Healthcare,30,69663.77,2026-02-15,2026-03-17,closed,2026-04-16,60,30,False,False,chronic_late_payer
INV8001080,B008,B008-C1040,Pharma Client 040,Pharma & Healthcare,30,83441.74,2026-02-21,2026-03-23,closed,2026-05-07,75,45,False,False,chronic_late_payer
INV8001081,B008,B008-C1040,Pharma Client 040,Pharma & Healthcare,30,78431.99,2026-03-03,2026-04-02,closed,2026-05-20,78,48,False,False,chronic_late_payer
INV8001082,B008,B008-C1040,Pharma Client 040,Pharma & Healthcare,30,83919.5,2026-04-09,2026-05-09,closed,2026-06-08,60,30,False,False,chronic_late_payer
INV8001083,B008,B008-C1040,Pharma Client 040,Pharma & Healthcare,30,239069.8,2026-04-18,2026-05-18,closed,2026-06-30,73,43,False,True,chronic_late_payer
INV8001084,B008,B008-C1040,Pharma Client 040,Pharma & Healthcare,30,147315.64,2026-05-07,2026-06-06,closed,2026-07-01,55,25,False,False,chronic_late_payer
INV8001085,B008,B008-C1040,Pharma Client 040,Pharma & Healthcare,30,67732.03,2026-05-30,2026-06-29,closed,2026-08-08,70,40,False,False,chronic_late_payer
INV8001086,B008,B008-C1040,Pharma Client 040,Pharma & Healthcare,30,88698.11,2026-06-18,2026-07-18,closed,2026-08-31,74,44,False,False,chronic_late_payer
INV8001087,B008,B008-C1040,Pharma Client 040,Pharma & Healthcare,30,62505.3,2026-06-29,2026-07-29,open,,,,False,False,chronic_late_payer
INV8001088,B008,B008-C1040,Pharma Client 040,Pharma & Healthcare,30,154304.84,2026-07-03,2026-08-02,open,,,,False,False,chronic_late_payer
INV8001089,B008,B008-C1040,Pharma Client 040,Pharma & Healthcare,30,179940.14,2026-08-11,2026-09-10,open,,,,False,False,chronic_late_payer
INV8001090,B008,B008-C1041,Retail Client 041,Retail & Distribution,60,35978.93,2024-05-31,2024-07-30,closed,2024-08-05,66,6,False,False,prompt_payer
INV8001091,B008,B008-C1041,Retail Client 041,Retail & Distribution,60,23830.74,2024-08-05,2024-10-04,closed,2024-09-28,54,-6,False,False,prompt_payer
INV8001092,B008,B008-C1041,Retail Client 041,Retail & Distribution,60,36943.28,2024-08-19,2024-10-18,closed,2024-10-15,57,-3,False,False,prompt_payer
INV8001093,B008,B008-C1041,Retail Client 041,Retail & Distribution,60,41084.17,2024-09-23,2024-11-22,closed,2024-11-21,59,-1,False,False,prompt_payer
INV8001094,B008,B008-C1041,Retail Client 041,Retail & Distribution,60,24598.09,2024-11-05,2025-01-04,closed,2025-01-04,60,0,False,False,prompt_payer
INV8001095,B008,B008-C1041,Retail Client 041,Retail & Distribution,60,16517.31,2024-11-29,2025-01-28,closed,2025-01-30,62,2,False,False,prompt_payer
INV8001096,B008,B008-C1041,Retail Client 041,Retail & Distribution,60,25950.36,2024-12-08,2025-02-06,closed,2025-02-06,60,0,False,False,prompt_payer
INV8001097,B008,B008-C1041,Retail Client 041,Retail & Distribution,60,28677.37,2024-12-10,2025-02-08,closed,2025-02-07,59,-1,False,False,prompt_payer
INV8001098,B008,B008-C1041,Retail Client 041,Retail & Distribution,60,30073.11,2025-01-31,2025-04-01,closed,2025-04-01,60,0,False,False,prompt_payer
INV8001099,B008,B008-C1041,Retail Client 041,Retail & Distribution,60,23307.63,2025-02-02,2025-04-03,closed,2025-04-01,58,-2,False,False,prompt_payer
INV8001100,B008,B008-C1041,Retail Client 041,Retail & Distribution,60,24753.48,2025-04-14,2025-06-13,closed,2025-06-12,59,-1,False,False,prompt_payer
INV8001101,B008,B008-C1041,Retail Client 041,Retail & Distribution,60,29577.91,2025-05-29,2025-07-28,closed,2025-07-26,58,-2,False,False,prompt_payer
INV8001102,B008,B008-C1041,Retail Client 041,Retail & Distribution,60,30217.18,2025-06-02,2025-08-01,open,,,,False,False,prompt_payer
INV8001103,B008,B008-C1041,Retail Client 041,Retail & Distribution,60,32438.13,2025-06-09,2025-08-08,closed,2025-08-12,64,4,False,False,prompt_payer
INV8001104,B008,B008-C1041,Retail Client 041,Retail & Distribution,60,29179.99,2025-06-10,2025-08-09,closed,2025-08-11,62,2,False,False,prompt_payer
INV8001105,B008,B008-C1041,Retail Client 041,Retail & Distribution,60,39411.72,2025-07-21,2025-09-19,closed,2025-09-15,56,-4,False,False,prompt_payer
INV8001106,B008,B008-C1041,Retail Client 041,Retail & Distribution,60,31142.12,2025-07-23,2025-09-21,closed,2025-09-23,62,2,False,False,prompt_payer
INV8001107,B008,B008-C1041,Retail Client 041,Retail & Distribution,60,28047.05,2025-07-27,2025-09-25,closed,2025-09-22,57,-3,False,False,prompt_payer
INV8001108,B008,B008-C1041,Retail Client 041,Retail & Distribution,60,33512.51,2025-08-07,2025-10-06,closed,2025-10-08,62,2,False,False,prompt_payer
INV8001109,B008,B008-C1041,Retail Client 041,Retail & Distribution,60,30436.0,2025-12-11,2026-02-09,closed,2026-02-08,59,-1,False,False,prompt_payer
INV8001110,B008,B008-C1041,Retail Client 041,Retail & Distribution,60,182829.89,2025-12-15,2026-02-13,closed,2026-02-17,64,4,False,True,prompt_payer
INV8001111,B008,B008-C1041,Retail Client 041,Retail & Distribution,60,24421.33,2025-12-28,2026-02-26,closed,2026-02-27,61,1,False,False,prompt_payer
INV8001112,B008,B008-C1041,Retail Client 041,Retail & Distribution,60,228191.39,2025-12-29,2026-02-27,closed,2026-03-01,62,2,False,True,prompt_payer
INV8001113,B008,B008-C1041,Retail Client 041,Retail & Distribution,60,122641.09,2026-02-11,2026-04-12,closed,2026-04-08,56,-4,False,True,prompt_payer
INV8001114,B008,B008-C1041,Retail Client 041,Retail & Distribution,60,21490.1,2026-02-21,2026-04-22,closed,2026-04-25,63,3,False,False,prompt_payer
INV8001115,B008,B008-C1041,Retail Client 041,Retail & Distribution,60,61956.42,2026-03-07,2026-05-06,closed,2026-05-09,63,3,False,False,prompt_payer
INV8001116,B008,B008-C1041,Retail Client 041,Retail & Distribution,60,24454.44,2026-06-05,2026-08-04,closed,2026-08-01,57,-3,False,False,prompt_payer
INV8001117,B008,B008-C1041,Retail Client 041,Retail & Distribution,60,21873.0,2026-06-12,2026-08-11,closed,2026-08-11,60,0,False,False,prompt_payer
INV8001118,B008,B008-C1041,Retail Client 041,Retail & Distribution,60,35285.18,2026-06-22,2026-08-21,closed,2026-08-21,60,0,False,False,prompt_payer
INV8001119,B008,B008-C1041,Retail Client 041,Retail & Distribution,60,20762.67,2026-08-12,2026-10-11,open,,,,False,False,prompt_payer
INV8001120,B008,B008-C1041,Retail Client 041,Retail & Distribution,60,32758.21,2026-08-22,2026-10-21,open,,,,False,False,prompt_payer
INV8001121,B008,B008-C1042,Retail Client 042,Retail & Distribution,45,25336.49,2024-04-07,2024-05-22,closed,2024-05-26,49,4,False,False,average_payer
INV8001122,B008,B008-C1042,Retail Client 042,Retail & Distribution,45,23701.99,2024-04-15,2024-05-30,closed,2024-06-01,47,2,False,False,average_payer
INV8001123,B008,B008-C1042,Retail Client 042,Retail & Distribution,45,33739.06,2024-04-29,2024-06-13,closed,2024-06-12,44,-1,False,False,average_payer
INV8001124,B008,B008-C1042,Retail Client 042,Retail & Distribution,45,34356.07,2024-05-23,2024-07-07,closed,2024-07-01,39,-6,False,False,average_payer
INV8001125,B008,B008-C1042,Retail Client 042,Retail & Distribution,45,33422.85,2024-07-26,2024-09-09,closed,2024-09-16,52,7,False,False,average_payer
INV8001126,B008,B008-C1042,Retail Client 042,Retail & Distribution,45,36563.62,2024-09-16,2024-10-31,disputed_open,,,,False,False,average_payer
INV8001127,B008,B008-C1042,Retail Client 042,Retail & Distribution,45,29831.35,2024-10-11,2024-11-25,closed,2024-11-23,43,-2,False,False,average_payer
INV8001128,B008,B008-C1042,Retail Client 042,Retail & Distribution,45,35290.82,2024-10-29,2024-12-13,closed,2024-12-13,45,0,False,False,average_payer
INV8001129,B008,B008-C1042,Retail Client 042,Retail & Distribution,45,22190.68,2025-01-25,2025-03-11,closed,2025-03-17,51,6,False,False,average_payer
INV8001130,B008,B008-C1042,Retail Client 042,Retail & Distribution,45,39896.32,2025-03-01,2025-04-15,closed,2025-04-26,56,11,False,False,average_payer
INV8001131,B008,B008-C1042,Retail Client 042,Retail & Distribution,45,23581.69,2025-05-12,2025-06-26,closed,2025-07-10,59,14,False,False,average_payer
INV8001132,B008,B008-C1042,Retail Client 042,Retail & Distribution,45,44993.45,2025-06-26,2025-08-10,closed,2025-08-09,44,-1,False,False,average_payer
INV8001133,B008,B008-C1042,Retail Client 042,Retail & Distribution,45,23309.4,2025-07-02,2025-08-16,closed,2025-08-31,60,15,False,False,average_payer
INV8001134,B008,B008-C1042,Retail Client 042,Retail & Distribution,45,175820.28,2025-09-18,2025-11-02,closed,2025-11-14,57,12,False,True,average_payer
INV8001135,B008,B008-C1042,Retail Client 042,Retail & Distribution,45,41244.34,2025-09-30,2025-11-14,closed,2025-11-17,48,3,False,False,average_payer
INV8001136,B008,B008-C1042,Retail Client 042,Retail & Distribution,45,29603.85,2025-10-12,2025-11-26,closed,2025-11-24,43,-2,False,False,average_payer
INV8001137,B008,B008-C1042,Retail Client 042,Retail & Distribution,45,39361.11,2025-11-13,2025-12-28,closed,2026-01-13,61,16,False,False,average_payer
INV8001138,B008,B008-C1042,Retail Client 042,Retail & Distribution,45,20628.05,2026-01-28,2026-03-14,closed,2026-03-19,50,5,False,False,average_payer
INV8001139,B008,B008-C1042,Retail Client 042,Retail & Distribution,45,39514.27,2026-03-10,2026-04-24,disputed_open,,,,False,False,average_payer
INV8001140,B008,B008-C1042,Retail Client 042,Retail & Distribution,45,27677.89,2026-03-24,2026-05-08,closed,2026-05-13,50,5,False,False,average_payer
INV8001141,B008,B008-C1042,Retail Client 042,Retail & Distribution,45,30539.64,2026-03-31,2026-05-15,closed,2026-05-30,60,15,False,False,average_payer
INV8001142,B008,B008-C1042,Retail Client 042,Retail & Distribution,45,23424.05,2026-04-03,2026-05-18,closed,2026-05-27,54,9,False,False,average_payer
INV8001143,B008,B008-C1042,Retail Client 042,Retail & Distribution,45,160502.64,2026-04-26,2026-06-10,closed,2026-06-09,44,-1,False,True,average_payer
INV8001144,B008,B008-C1042,Retail Client 042,Retail & Distribution,45,31030.52,2026-06-11,2026-07-26,closed,2026-08-05,55,10,False,False,average_payer
INV8001145,B008,B008-C1042,Retail Client 042,Retail & Distribution,45,34290.8,2026-07-10,2026-08-24,disputed_open,,,,False,False,average_payer
INV8001146,B008,B008-C1042,Retail Client 042,Retail & Distribution,45,29026.1,2026-07-29,2026-09-12,disputed_open,,,,False,False,average_payer
INV8001147,B008,B008-C1043,Metal Client 043,Metal & Engineering,60,116298.62,2024-06-29,2024-08-28,closed,2024-08-29,61,1,False,False,prompt_payer
INV8001148,B008,B008-C1043,Metal Client 043,Metal & Engineering,60,62363.32,2024-08-05,2024-10-04,closed,2024-10-10,66,6,False,False,prompt_payer
INV8001149,B008,B008-C1043,Metal Client 043,Metal & Engineering,60,124301.05,2024-08-14,2024-10-13,closed,2024-10-13,60,0,False,False,prompt_payer
INV8001150,B008,B008-C1043,Metal Client 043,Metal & Engineering,60,81953.32,2024-10-21,2024-12-20,closed,2024-12-21,61,1,True,False,prompt_payer
INV8001151,B008,B008-C1043,Metal Client 043,Metal & Engineering,60,81728.31,2024-10-22,2024-12-21,closed,2024-12-18,57,-3,False,False,prompt_payer
INV8001152,B008,B008-C1043,Metal Client 043,Metal & Engineering,60,97965.36,2025-03-25,2025-05-24,closed,2025-05-22,58,-2,False,False,prompt_payer
INV8001153,B008,B008-C1043,Metal Client 043,Metal & Engineering,60,104229.82,2025-05-26,2025-07-25,closed,2025-07-21,56,-4,False,False,prompt_payer
INV8001154,B008,B008-C1043,Metal Client 043,Metal & Engineering,60,97650.08,2025-06-16,2025-08-15,closed,2025-08-19,64,4,False,False,prompt_payer
INV8001155,B008,B008-C1043,Metal Client 043,Metal & Engineering,60,113682.98,2025-07-11,2025-09-09,closed,2025-09-13,64,4,False,False,prompt_payer
INV8001156,B008,B008-C1043,Metal Client 043,Metal & Engineering,60,77861.62,2025-09-29,2025-11-28,closed,2025-11-24,56,-4,False,False,prompt_payer
INV8001157,B008,B008-C1043,Metal Client 043,Metal & Engineering,60,62353.89,2025-11-27,2026-01-26,closed,2026-01-25,59,-1,False,False,prompt_payer
INV8001158,B008,B008-C1043,Metal Client 043,Metal & Engineering,60,69561.8,2025-12-25,2026-02-23,closed,2026-02-28,65,5,False,False,prompt_payer
INV8001159,B008,B008-C1043,Metal Client 043,Metal & Engineering,60,91026.74,2026-02-18,2026-04-19,closed,2026-04-15,56,-4,False,False,prompt_payer
INV8001160,B008,B008-C1043,Metal Client 043,Metal & Engineering,60,52300.6,2026-03-06,2026-05-05,closed,2026-05-14,69,9,False,False,prompt_payer
INV8001161,B008,B008-C1043,Metal Client 043,Metal & Engineering,60,95913.67,2026-04-02,2026-06-01,closed,2026-06-01,60,0,False,False,prompt_payer
INV8001162,B008,B008-C1043,Metal Client 043,Metal & Engineering,60,66615.2,2026-05-02,2026-07-01,closed,2026-07-04,63,3,False,False,prompt_payer
INV8001163,B008,B008-C1043,Metal Client 043,Metal & Engineering,60,88774.5,2026-05-11,2026-07-10,closed,2026-07-10,60,0,False,False,prompt_payer
INV8001164,B008,B008-C1043,Metal Client 043,Metal & Engineering,60,56030.61,2026-05-26,2026-07-25,closed,2026-07-27,62,2,False,False,prompt_payer
INV8001165,B008,B008-C1043,Metal Client 043,Metal & Engineering,60,51966.47,2026-06-15,2026-08-14,closed,2026-08-16,62,2,False,False,prompt_payer
INV8001166,B008,B008-C1043,Metal Client 043,Metal & Engineering,60,69330.86,2026-06-25,2026-08-24,closed,2026-08-24,60,0,False,False,prompt_payer
INV8001167,B008,B008-C1043,Metal Client 043,Metal & Engineering,60,127804.84,2026-08-09,2026-10-08,open,,,,False,False,prompt_payer
INV8001168,B008,B008-C1043,Metal Client 043,Metal & Engineering,60,54726.98,2026-08-27,2026-10-26,disputed_open,,,,False,False,prompt_payer
INV8001169,B008,B008-C1044,Electronics Client 044,Electronics & Electricals,30,57435.47,2024-05-16,2024-06-15,closed,2024-06-19,34,4,False,False,average_payer
INV8001170,B008,B008-C1044,Electronics Client 044,Electronics & Electricals,30,41535.16,2024-05-23,2024-06-22,closed,2024-06-22,30,0,False,False,average_payer
INV8001171,B008,B008-C1044,Electronics Client 044,Electronics & Electricals,30,54007.97,2024-10-21,2024-11-20,closed,2024-11-26,36,6,False,False,average_payer
INV8001172,B008,B008-C1044,Electronics Client 044,Electronics & Electricals,30,81106.12,2024-10-28,2024-11-27,closed,2024-12-02,35,5,False,False,average_payer
INV8001173,B008,B008-C1044,Electronics Client 044,Electronics & Electricals,30,46292.74,2024-12-14,2025-01-13,closed,2025-01-13,30,0,False,False,average_payer
INV8001174,B008,B008-C1044,Electronics Client 044,Electronics & Electricals,30,69402.32,2025-01-12,2025-02-11,closed,2025-02-18,37,7,False,False,average_payer
INV8001175,B008,B008-C1044,Electronics Client 044,Electronics & Electricals,30,65681.41,2025-02-02,2025-03-04,closed,2025-02-20,18,-12,False,False,average_payer
INV8001176,B008,B008-C1044,Electronics Client 044,Electronics & Electricals,30,45171.16,2025-02-25,2025-03-27,closed,2025-03-25,28,-2,False,False,average_payer
INV8001177,B008,B008-C1044,Electronics Client 044,Electronics & Electricals,30,50970.89,2025-03-29,2025-04-28,closed,2025-05-03,35,5,False,False,average_payer
INV8001178,B008,B008-C1044,Electronics Client 044,Electronics & Electricals,30,60820.96,2025-05-01,2025-05-31,closed,2025-06-10,40,10,False,False,average_payer
INV8001179,B008,B008-C1044,Electronics Client 044,Electronics & Electricals,30,33409.75,2025-05-08,2025-06-07,closed,2025-06-08,31,1,False,False,average_payer
INV8001180,B008,B008-C1044,Electronics Client 044,Electronics & Electricals,30,55205.14,2025-05-26,2025-06-25,closed,2025-07-03,38,8,False,False,average_payer
INV8001181,B008,B008-C1044,Electronics Client 044,Electronics & Electricals,30,94700.99,2025-07-04,2025-08-03,closed,2025-08-09,36,6,False,False,average_payer
INV8001182,B008,B008-C1044,Electronics Client 044,Electronics & Electricals,30,52549.03,2025-08-03,2025-09-02,closed,2025-09-17,45,15,False,False,average_payer
INV8001183,B008,B008-C1044,Electronics Client 044,Electronics & Electricals,30,53574.45,2025-09-05,2025-10-05,closed,2025-10-08,33,3,False,False,average_payer
INV8001184,B008,B008-C1044,Electronics Client 044,Electronics & Electricals,30,50467.92,2025-09-22,2025-10-22,closed,2025-11-04,43,13,False,False,average_payer
INV8001185,B008,B008-C1044,Electronics Client 044,Electronics & Electricals,30,43727.48,2025-11-04,2025-12-04,closed,2025-12-12,38,8,False,False,average_payer
INV8001186,B008,B008-C1044,Electronics Client 044,Electronics & Electricals,30,78246.18,2026-01-16,2026-02-15,closed,2026-02-17,32,2,False,False,average_payer
INV8001187,B008,B008-C1044,Electronics Client 044,Electronics & Electricals,30,51784.47,2026-01-16,2026-02-15,closed,2026-02-06,21,-9,False,False,average_payer
INV8001188,B008,B008-C1044,Electronics Client 044,Electronics & Electricals,30,110409.29,2026-03-04,2026-04-03,closed,2026-04-15,42,12,False,False,average_payer
INV8001189,B008,B008-C1044,Electronics Client 044,Electronics & Electricals,30,98608.73,2026-03-22,2026-04-21,closed,2026-05-03,42,12,False,False,average_payer
INV8001190,B008,B008-C1044,Electronics Client 044,Electronics & Electricals,30,108047.71,2026-05-09,2026-06-08,closed,2026-06-19,41,11,False,False,average_payer
INV8001191,B008,B008-C1044,Electronics Client 044,Electronics & Electricals,30,57691.25,2026-06-25,2026-07-25,closed,2026-07-28,33,3,False,False,average_payer
INV8001192,B008,B008-C1044,Electronics Client 044,Electronics & Electricals,30,83444.14,2026-07-04,2026-08-03,closed,2026-08-11,38,8,False,False,average_payer
INV8001193,B008,B008-C1044,Electronics Client 044,Electronics & Electricals,30,60997.7,2026-07-09,2026-08-08,closed,2026-08-04,26,-4,False,False,average_payer
INV8001194,B008,B008-C1044,Electronics Client 044,Electronics & Electricals,30,86579.63,2026-08-14,2026-09-13,open,,,,False,False,average_payer
INV8001195,B008,B008-C1045,Textiles Client 045,Textiles & Apparel,45,134892.9,2024-03-16,2024-04-30,closed,2024-04-30,45,0,False,False,prompt_payer
INV8001196,B008,B008-C1045,Textiles Client 045,Textiles & Apparel,45,95860.46,2024-04-04,2024-05-19,closed,2024-05-15,41,-4,False,False,prompt_payer
INV8001197,B008,B008-C1045,Textiles Client 045,Textiles & Apparel,45,71174.77,2024-04-10,2024-05-25,closed,2024-05-30,50,5,False,False,prompt_payer
INV8001198,B008,B008-C1045,Textiles Client 045,Textiles & Apparel,45,219699.75,2024-08-03,2024-09-17,closed,2024-09-20,48,3,False,False,prompt_payer
INV8001199,B008,B008-C1045,Textiles Client 045,Textiles & Apparel,45,131461.15,2024-09-19,2024-11-03,closed,2024-11-08,50,5,False,False,prompt_payer
INV8001200,B008,B008-C1045,Textiles Client 045,Textiles & Apparel,45,84172.32,2024-10-06,2024-11-20,closed,2024-11-20,45,0,False,False,prompt_payer
INV8001201,B008,B008-C1045,Textiles Client 045,Textiles & Apparel,45,93566.83,2024-10-13,2024-11-27,closed,2024-11-25,43,-2,False,False,prompt_payer
INV8001202,B008,B008-C1045,Textiles Client 045,Textiles & Apparel,45,203892.71,2024-10-18,2024-12-02,closed,2024-12-02,45,0,False,False,prompt_payer
INV8001203,B008,B008-C1045,Textiles Client 045,Textiles & Apparel,45,192194.9,2024-10-19,2024-12-03,closed,2024-12-03,45,0,False,False,prompt_payer
INV8001204,B008,B008-C1045,Textiles Client 045,Textiles & Apparel,45,172509.75,2024-10-26,2024-12-10,closed,2024-12-05,40,-5,False,False,prompt_payer
INV8001205,B008,B008-C1045,Textiles Client 045,Textiles & Apparel,45,117408.34,2025-01-19,2025-03-05,closed,2025-03-07,47,2,False,False,prompt_payer
INV8001206,B008,B008-C1045,Textiles Client 045,Textiles & Apparel,45,85675.44,2025-01-28,2025-03-14,closed,2025-03-19,50,5,False,False,prompt_payer
INV8001207,B008,B008-C1045,Textiles Client 045,Textiles & Apparel,45,95076.17,2025-04-19,2025-06-03,closed,2025-06-01,43,-2,False,False,prompt_payer
INV8001208,B008,B008-C1045,Textiles Client 045,Textiles & Apparel,45,126836.83,2025-04-26,2025-06-10,closed,2025-06-14,49,4,False,False,prompt_payer
INV8001209,B008,B008-C1045,Textiles Client 045,Textiles & Apparel,45,79922.2,2025-05-30,2025-07-14,closed,2025-07-06,37,-8,False,False,prompt_payer
INV8001210,B008,B008-C1045,Textiles Client 045,Textiles & Apparel,45,156651.84,2025-11-02,2025-12-17,closed,2025-12-17,45,0,False,False,prompt_payer
INV8001211,B008,B008-C1045,Textiles Client 045,Textiles & Apparel,45,119368.1,2025-12-26,2026-02-09,closed,2026-02-11,47,2,False,False,prompt_payer
INV8001212,B008,B008-C1045,Textiles Client 045,Textiles & Apparel,45,134691.77,2026-01-15,2026-03-01,closed,2026-03-01,45,0,False,False,prompt_payer
INV8001213,B008,B008-C1045,Textiles Client 045,Textiles & Apparel,45,77779.21,2026-01-24,2026-03-10,closed,2026-03-12,47,2,False,False,prompt_payer
INV8001214,B008,B008-C1045,Textiles Client 045,Textiles & Apparel,45,63270.36,2026-04-04,2026-05-19,closed,2026-05-17,43,-2,False,False,prompt_payer
INV8001215,B008,B008-C1045,Textiles Client 045,Textiles & Apparel,45,112089.34,2026-04-16,2026-05-31,closed,2026-05-27,41,-4,False,False,prompt_payer
INV8001216,B008,B008-C1045,Textiles Client 045,Textiles & Apparel,45,84274.55,2026-04-19,2026-06-03,closed,2026-05-27,38,-7,False,False,prompt_payer
INV8001217,B008,B008-C1045,Textiles Client 045,Textiles & Apparel,45,175625.66,2026-07-25,2026-09-08,disputed_open,,,,False,False,prompt_payer
INV8001218,B008,B008-C1046,Retail Client 046,Retail & Distribution,45,742401.25,2024-03-19,2024-05-03,closed,2024-03-28,9,-36,True,True,erratic_payer
INV8001219,B008,B008-C1046,Retail Client 046,Retail & Distribution,45,804792.98,2024-04-02,2024-05-17,closed,2024-06-03,62,17,False,True,erratic_payer
INV8001220,B008,B008-C1046,Retail Client 046,Retail & Distribution,45,126857.94,2024-06-07,2024-07-22,closed,2024-08-10,64,19,False,False,erratic_payer
INV8001221,B008,B008-C1046,Retail Client 046,Retail & Distribution,45,749334.98,2024-07-19,2024-09-02,closed,2024-09-06,49,4,False,True,erratic_payer
INV8001222,B008,B008-C1046,Retail Client 046,Retail & Distribution,45,144629.9,2024-08-18,2024-10-02,closed,2024-09-23,36,-9,False,False,erratic_payer
INV8001223,B008,B008-C1046,Retail Client 046,Retail & Distribution,45,160706.33,2024-09-27,2024-11-11,closed,2024-11-12,46,1,False,False,erratic_payer
INV8001224,B008,B008-C1046,Retail Client 046,Retail & Distribution,45,119615.97,2024-09-28,2024-11-12,closed,2024-11-25,58,13,False,False,erratic_payer
INV8001225,B008,B008-C1046,Retail Client 046,Retail & Distribution,45,221344.43,2024-11-25,2025-01-09,closed,2025-02-15,82,37,False,False,erratic_payer
INV8001226,B008,B008-C1046,Retail Client 046,Retail & Distribution,45,172274.09,2024-12-24,2025-02-07,closed,2025-02-15,53,8,False,False,erratic_payer
INV8001227,B008,B008-C1046,Retail Client 046,Retail & Distribution,45,109048.39,2025-01-16,2025-03-02,closed,2025-03-12,55,10,False,False,erratic_payer
INV8001228,B008,B008-C1046,Retail Client 046,Retail & Distribution,45,157279.3,2025-02-08,2025-03-25,closed,2025-03-16,36,-9,False,False,erratic_payer
INV8001229,B008,B008-C1046,Retail Client 046,Retail & Distribution,45,118892.11,2025-04-20,2025-06-04,closed,2025-06-15,56,11,False,False,erratic_payer
INV8001230,B008,B008-C1046,Retail Client 046,Retail & Distribution,45,225060.33,2025-07-02,2025-08-16,closed,2025-08-11,40,-5,False,False,erratic_payer
INV8001231,B008,B008-C1046,Retail Client 046,Retail & Distribution,45,224464.27,2025-07-09,2025-08-23,closed,2025-09-08,61,16,False,False,erratic_payer
INV8001232,B008,B008-C1046,Retail Client 046,Retail & Distribution,45,129686.28,2025-07-20,2025-09-03,closed,2025-10-19,91,46,False,False,erratic_payer
INV8001233,B008,B008-C1046,Retail Client 046,Retail & Distribution,45,187333.93,2025-08-22,2025-10-06,closed,2025-10-10,49,4,False,False,erratic_payer
INV8001234,B008,B008-C1046,Retail Client 046,Retail & Distribution,45,705879.85,2025-10-20,2025-12-04,closed,2025-11-25,36,-9,False,True,erratic_payer
INV8001235,B008,B008-C1046,Retail Client 046,Retail & Distribution,45,175419.58,2025-12-07,2026-01-21,closed,2026-01-28,52,7,False,False,erratic_payer
INV8001236,B008,B008-C1046,Retail Client 046,Retail & Distribution,45,604889.23,2025-12-26,2026-02-09,closed,2026-02-25,61,16,False,True,erratic_payer
INV8001237,B008,B008-C1046,Retail Client 046,Retail & Distribution,45,109323.24,2025-12-28,2026-02-11,closed,2026-02-24,58,13,False,False,erratic_payer
INV8001238,B008,B008-C1046,Retail Client 046,Retail & Distribution,45,173351.18,2026-03-01,2026-04-15,closed,2026-04-23,53,8,False,False,erratic_payer
INV8001239,B008,B008-C1046,Retail Client 046,Retail & Distribution,45,155647.87,2026-04-06,2026-05-21,closed,2026-05-27,51,6,False,False,erratic_payer
INV8001240,B008,B008-C1046,Retail Client 046,Retail & Distribution,45,175097.51,2026-07-05,2026-08-19,closed,2026-09-01,58,13,False,False,erratic_payer
INV8001241,B008,B008-C1047,Auto Client 047,Auto Components,45,37556.68,2024-03-23,2024-05-07,disputed_open,,,,False,False,average_payer
INV8001242,B008,B008-C1047,Auto Client 047,Auto Components,45,41917.7,2024-04-20,2024-06-04,closed,2024-06-13,54,9,False,False,average_payer
INV8001243,B008,B008-C1047,Auto Client 047,Auto Components,45,27229.95,2024-05-17,2024-07-01,closed,2024-07-01,45,0,False,False,average_payer
INV8001244,B008,B008-C1047,Auto Client 047,Auto Components,45,14253.67,2024-05-19,2024-07-03,closed,2024-07-08,50,5,False,False,average_payer
INV8001245,B008,B008-C1047,Auto Client 047,Auto Components,45,16834.14,2024-05-28,2024-07-12,open,,,,False,False,average_payer
INV8001246,B008,B008-C1047,Auto Client 047,Auto Components,45,35038.64,2024-07-11,2024-08-25,closed,2024-08-29,49,4,False,False,average_payer
INV8001247,B008,B008-C1047,Auto Client 047,Auto Components,45,27664.86,2024-08-24,2024-10-08,closed,2024-10-18,55,10,False,False,average_payer
INV8001248,B008,B008-C1047,Auto Client 047,Auto Components,45,19111.51,2024-08-31,2024-10-15,closed,2024-10-15,45,0,False,False,average_payer
INV8001249,B008,B008-C1047,Auto Client 047,Auto Components,45,36170.52,2024-09-01,2024-10-16,open,,,,False,False,average_payer
INV8001250,B008,B008-C1047,Auto Client 047,Auto Components,45,37126.01,2024-10-08,2024-11-22,closed,2024-12-06,59,14,False,False,average_payer
INV8001251,B008,B008-C1047,Auto Client 047,Auto Components,45,49871.97,2024-10-30,2024-12-14,closed,2024-12-29,60,15,False,False,average_payer
INV8001252,B008,B008-C1047,Auto Client 047,Auto Components,45,22324.93,2024-12-26,2025-02-09,closed,2025-02-24,60,15,False,False,average_payer
INV8001253,B008,B008-C1047,Auto Client 047,Auto Components,45,20904.67,2024-12-28,2025-02-11,closed,2025-02-10,44,-1,False,False,average_payer
INV8001254,B008,B008-C1047,Auto Client 047,Auto Components,45,20905.59,2025-02-05,2025-03-22,closed,2025-04-01,55,10,False,False,average_payer
INV8001255,B008,B008-C1047,Auto Client 047,Auto Components,45,29306.54,2025-03-28,2025-05-12,closed,2025-05-22,55,10,False,False,average_payer
INV8001256,B008,B008-C1047,Auto Client 047,Auto Components,45,24923.0,2025-04-01,2025-05-16,closed,2025-06-03,63,18,False,False,average_payer
INV8001257,B008,B008-C1047,Auto Client 047,Auto Components,45,21620.23,2025-04-03,2025-05-18,closed,2025-05-24,51,6,False,False,average_payer
INV8001258,B008,B008-C1047,Auto Client 047,Auto Components,45,26870.07,2025-04-14,2025-05-29,closed,2025-06-11,58,13,False,False,average_payer
INV8001259,B008,B008-C1047,Auto Client 047,Auto Components,45,32209.0,2025-05-21,2025-07-05,closed,2025-07-05,45,0,False,False,average_payer
INV8001260,B008,B008-C1047,Auto Client 047,Auto Components,45,32120.3,2025-09-13,2025-10-28,closed,2025-11-05,53,8,False,False,average_payer
INV8001261,B008,B008-C1047,Auto Client 047,Auto Components,45,25424.3,2025-10-15,2025-11-29,closed,2025-12-15,61,16,False,False,average_payer
INV8001262,B008,B008-C1047,Auto Client 047,Auto Components,45,21697.69,2025-11-11,2025-12-26,closed,2025-12-23,42,-3,False,False,average_payer
INV8001263,B008,B008-C1047,Auto Client 047,Auto Components,45,28051.21,2025-11-26,2026-01-10,closed,2026-01-07,42,-3,False,False,average_payer
INV8001264,B008,B008-C1047,Auto Client 047,Auto Components,45,23942.48,2025-11-27,2026-01-11,closed,2026-01-11,45,0,False,False,average_payer
INV8001265,B008,B008-C1047,Auto Client 047,Auto Components,45,27670.32,2025-12-07,2026-01-21,closed,2026-02-06,61,16,False,False,average_payer
INV8001266,B008,B008-C1047,Auto Client 047,Auto Components,45,24867.74,2025-12-17,2026-01-31,closed,2026-01-28,42,-3,False,False,average_payer
INV8001267,B008,B008-C1047,Auto Client 047,Auto Components,45,19449.24,2026-02-06,2026-03-23,closed,2026-03-31,53,8,False,False,average_payer
INV8001268,B008,B008-C1047,Auto Client 047,Auto Components,45,32851.49,2026-03-06,2026-04-20,closed,2026-04-22,47,2,False,False,average_payer
INV8001269,B008,B008-C1047,Auto Client 047,Auto Components,45,24049.0,2026-04-09,2026-05-24,closed,2026-06-11,63,18,False,False,average_payer
INV8001270,B008,B008-C1047,Auto Client 047,Auto Components,45,23696.74,2026-07-10,2026-08-24,open,,,,False,False,average_payer
INV8001271,B008,B008-C1047,Auto Client 047,Auto Components,45,43575.09,2026-08-14,2026-09-28,open,,,,False,False,average_payer
INV8001272,B008,B008-C1047,Auto Client 047,Auto Components,45,25437.08,2026-08-25,2026-10-09,open,,,,False,False,average_payer
INV8001273,B008,B008-C1048,Chemicals Client 048,Chemicals & Plastics,60,162623.0,2024-03-17,2024-05-16,closed,2024-06-11,86,26,False,False,chronic_late_payer
INV8001274,B008,B008-C1048,Chemicals Client 048,Chemicals & Plastics,60,168445.71,2024-03-29,2024-05-28,closed,2024-07-06,99,39,False,False,chronic_late_payer
INV8001275,B008,B008-C1048,Chemicals Client 048,Chemicals & Plastics,60,317736.34,2024-06-01,2024-07-31,closed,2024-08-20,80,20,False,False,chronic_late_payer
INV8001276,B008,B008-C1048,Chemicals Client 048,Chemicals & Plastics,60,175362.56,2024-06-09,2024-08-08,closed,2024-09-05,88,28,False,False,chronic_late_payer
INV8001277,B008,B008-C1048,Chemicals Client 048,Chemicals & Plastics,60,246090.35,2024-06-18,2024-08-17,closed,2024-09-08,82,22,False,False,chronic_late_payer
INV8001278,B008,B008-C1048,Chemicals Client 048,Chemicals & Plastics,60,244316.24,2024-08-01,2024-09-30,closed,2024-11-02,93,33,False,False,chronic_late_payer
INV8001279,B008,B008-C1048,Chemicals Client 048,Chemicals & Plastics,60,130067.62,2024-09-03,2024-11-02,open,,,,False,False,chronic_late_payer
INV8001280,B008,B008-C1048,Chemicals Client 048,Chemicals & Plastics,60,240750.12,2024-09-25,2024-11-24,closed,2025-01-08,105,45,False,False,chronic_late_payer
INV8001281,B008,B008-C1048,Chemicals Client 048,Chemicals & Plastics,60,280907.53,2024-09-27,2024-11-26,closed,2024-12-30,94,34,False,False,chronic_late_payer
INV8001282,B008,B008-C1048,Chemicals Client 048,Chemicals & Plastics,60,257623.6,2024-10-30,2024-12-29,disputed_open,,,,False,False,chronic_late_payer
INV8001283,B008,B008-C1048,Chemicals Client 048,Chemicals & Plastics,60,385678.37,2024-11-15,2025-01-14,closed,2025-02-16,93,33,True,False,chronic_late_payer
INV8001284,B008,B008-C1048,Chemicals Client 048,Chemicals & Plastics,60,203265.07,2024-11-17,2025-01-16,closed,2025-03-04,107,47,False,False,chronic_late_payer
INV8001285,B008,B008-C1048,Chemicals Client 048,Chemicals & Plastics,60,218493.85,2024-12-21,2025-02-19,closed,2025-03-29,98,38,False,False,chronic_late_payer
INV8001286,B008,B008-C1048,Chemicals Client 048,Chemicals & Plastics,60,203544.15,2025-01-01,2025-03-02,closed,2025-03-17,75,15,False,False,chronic_late_payer
INV8001287,B008,B008-C1048,Chemicals Client 048,Chemicals & Plastics,60,240491.91,2025-01-18,2025-03-19,closed,2025-04-02,74,14,False,False,chronic_late_payer
INV8001288,B008,B008-C1048,Chemicals Client 048,Chemicals & Plastics,60,674233.13,2025-01-31,2025-04-01,closed,2025-05-11,100,40,False,True,chronic_late_payer
INV8001289,B008,B008-C1048,Chemicals Client 048,Chemicals & Plastics,60,208999.93,2025-02-04,2025-04-05,closed,2025-05-15,100,40,False,False,chronic_late_payer
INV8001290,B008,B008-C1048,Chemicals Client 048,Chemicals & Plastics,60,179509.06,2025-02-24,2025-04-25,closed,2025-06-02,98,38,False,False,chronic_late_payer
INV8001291,B008,B008-C1048,Chemicals Client 048,Chemicals & Plastics,60,192187.67,2025-03-07,2025-05-06,closed,2025-06-15,100,40,False,False,chronic_late_payer
INV8001292,B008,B008-C1048,Chemicals Client 048,Chemicals & Plastics,60,189526.89,2025-03-25,2025-05-24,disputed_open,,,,False,False,chronic_late_payer
INV8001293,B008,B008-C1048,Chemicals Client 048,Chemicals & Plastics,60,159788.09,2025-03-30,2025-05-29,closed,2025-07-19,111,51,False,False,chronic_late_payer
INV8001294,B008,B008-C1048,Chemicals Client 048,Chemicals & Plastics,60,252492.31,2025-04-02,2025-06-01,closed,2025-06-19,78,18,False,False,chronic_late_payer
INV8001295,B008,B008-C1048,Chemicals Client 048,Chemicals & Plastics,60,236702.09,2025-06-22,2025-08-21,closed,2025-09-10,80,20,False,False,chronic_late_payer
INV8001296,B008,B008-C1048,Chemicals Client 048,Chemicals & Plastics,60,141637.43,2025-07-04,2025-09-02,closed,2025-09-29,87,27,False,False,chronic_late_payer
INV8001297,B008,B008-C1048,Chemicals Client 048,Chemicals & Plastics,60,168264.74,2025-07-14,2025-09-12,closed,2025-09-26,74,14,False,False,chronic_late_payer
INV8001298,B008,B008-C1048,Chemicals Client 048,Chemicals & Plastics,60,228967.77,2025-08-13,2025-10-12,closed,2025-11-07,86,26,False,False,chronic_late_payer
INV8001299,B008,B008-C1048,Chemicals Client 048,Chemicals & Plastics,60,162267.96,2025-11-05,2026-01-04,closed,2026-02-26,113,53,False,False,chronic_late_payer
INV8001300,B008,B008-C1048,Chemicals Client 048,Chemicals & Plastics,60,148831.4,2025-11-07,2026-01-06,closed,2026-02-04,89,29,False,False,chronic_late_payer
INV8001301,B008,B008-C1048,Chemicals Client 048,Chemicals & Plastics,60,148839.09,2026-01-31,2026-04-01,closed,2026-05-02,91,31,False,False,chronic_late_payer
INV8001302,B008,B008-C1048,Chemicals Client 048,Chemicals & Plastics,60,290508.62,2026-02-17,2026-04-18,closed,2026-05-17,89,29,False,False,chronic_late_payer
INV8001303,B008,B008-C1048,Chemicals Client 048,Chemicals & Plastics,60,169409.72,2026-03-22,2026-05-21,open,,,,False,False,chronic_late_payer
INV8001304,B008,B008-C1048,Chemicals Client 048,Chemicals & Plastics,60,335489.12,2026-04-12,2026-06-11,closed,2026-06-28,77,17,False,False,chronic_late_payer
INV8001305,B008,B008-C1048,Chemicals Client 048,Chemicals & Plastics,60,238191.92,2026-05-01,2026-06-30,closed,2026-08-09,100,40,False,False,chronic_late_payer
INV8001306,B008,B008-C1048,Chemicals Client 048,Chemicals & Plastics,60,233497.23,2026-06-16,2026-08-15,open,,,,False,False,chronic_late_payer
INV8001307,B008,B008-C1048,Chemicals Client 048,Chemicals & Plastics,60,244650.11,2026-07-13,2026-09-11,open,,,,False,False,chronic_late_payer
INV8001308,B008,B008-C1048,Chemicals Client 048,Chemicals & Plastics,60,966690.87,2026-07-15,2026-09-13,open,,,,False,True,chronic_late_payer
INV8001309,B008,B008-C1048,Chemicals Client 048,Chemicals & Plastics,60,121966.28,2026-08-13,2026-10-12,open,,,,False,False,chronic_late_payer
INV8001310,B008,B008-C1049,Retail Client 049,Retail & Distribution,30,78597.01,2024-03-22,2024-04-21,closed,2024-04-20,29,-1,False,False,average_payer
INV8001311,B008,B008-C1049,Retail Client 049,Retail & Distribution,30,52866.23,2024-03-28,2024-04-27,closed,2024-04-27,30,0,False,False,average_payer
INV8001312,B008,B008-C1049,Retail Client 049,Retail & Distribution,30,52578.15,2024-04-19,2024-05-19,closed,2024-05-18,29,-1,False,False,average_payer
INV8001313,B008,B008-C1049,Retail Client 049,Retail & Distribution,30,67765.06,2024-06-08,2024-07-08,closed,2024-07-27,49,19,False,False,average_payer
INV8001314,B008,B008-C1049,Retail Client 049,Retail & Distribution,30,59171.4,2024-06-21,2024-07-21,closed,2024-07-25,34,4,False,False,average_payer
INV8001315,B008,B008-C1049,Retail Client 049,Retail & Distribution,30,63104.01,2024-07-15,2024-08-14,closed,2024-08-26,42,12,False,False,average_payer
INV8001316,B008,B008-C1049,Retail Client 049,Retail & Distribution,30,53146.42,2024-08-10,2024-09-09,closed,2024-09-24,45,15,False,False,average_payer
INV8001317,B008,B008-C1049,Retail Client 049,Retail & Distribution,30,68026.0,2024-08-12,2024-09-11,closed,2024-09-16,35,5,False,False,average_payer
INV8001318,B008,B008-C1049,Retail Client 049,Retail & Distribution,30,56054.83,2024-09-18,2024-10-18,closed,2024-10-15,27,-3,True,False,average_payer
INV8001319,B008,B008-C1049,Retail Client 049,Retail & Distribution,30,61468.65,2024-11-05,2024-12-05,closed,2024-12-20,45,15,False,False,average_payer
INV8001320,B008,B008-C1049,Retail Client 049,Retail & Distribution,30,53197.61,2024-11-15,2024-12-15,closed,2024-12-15,30,0,False,False,average_payer
INV8001321,B008,B008-C1049,Retail Client 049,Retail & Distribution,30,60575.4,2024-11-19,2024-12-19,closed,2025-01-08,50,20,False,False,average_payer
INV8001322,B008,B008-C1049,Retail Client 049,Retail & Distribution,30,65858.62,2024-11-30,2024-12-30,closed,2025-01-11,42,12,False,False,average_payer
INV8001323,B008,B008-C1049,Retail Client 049,Retail & Distribution,30,44324.36,2024-11-30,2024-12-30,closed,2025-01-06,37,7,False,False,average_payer
INV8001324,B008,B008-C1049,Retail Client 049,Retail & Distribution,30,64918.48,2024-12-30,2025-01-29,closed,2025-01-26,27,-3,False,False,average_payer
INV8001325,B008,B008-C1049,Retail Client 049,Retail & Distribution,30,27246.53,2025-01-30,2025-03-01,closed,2025-03-05,34,4,False,False,average_payer
INV8001326,B008,B008-C1049,Retail Client 049,Retail & Distribution,30,48963.04,2025-03-12,2025-04-11,closed,2025-04-18,37,7,False,False,average_payer
INV8001327,B008,B008-C1049,Retail Client 049,Retail & Distribution,30,45827.66,2025-04-15,2025-05-15,closed,2025-05-17,32,2,False,False,average_payer
INV8001328,B008,B008-C1049,Retail Client 049,Retail & Distribution,30,81226.62,2025-05-23,2025-06-22,closed,2025-07-07,45,15,False,False,average_payer
INV8001329,B008,B008-C1049,Retail Client 049,Retail & Distribution,30,54110.88,2025-06-09,2025-07-09,closed,2025-07-22,43,13,False,False,average_payer
INV8001330,B008,B008-C1049,Retail Client 049,Retail & Distribution,30,64132.44,2025-06-20,2025-07-20,closed,2025-07-20,30,0,False,False,average_payer
INV8001331,B008,B008-C1049,Retail Client 049,Retail & Distribution,30,71249.94,2025-07-05,2025-08-04,closed,2025-08-10,36,6,False,False,average_payer
INV8001332,B008,B008-C1049,Retail Client 049,Retail & Distribution,30,71723.74,2025-07-20,2025-08-19,closed,2025-09-01,43,13,False,False,average_payer
INV8001333,B008,B008-C1049,Retail Client 049,Retail & Distribution,30,52415.94,2025-08-31,2025-09-30,closed,2025-09-26,26,-4,False,False,average_payer
INV8001334,B008,B008-C1049,Retail Client 049,Retail & Distribution,30,65075.66,2025-09-22,2025-10-22,closed,2025-11-02,41,11,False,False,average_payer
INV8001335,B008,B008-C1049,Retail Client 049,Retail & Distribution,30,57222.81,2025-09-26,2025-10-26,closed,2025-10-29,33,3,False,False,average_payer
INV8001336,B008,B008-C1049,Retail Client 049,Retail & Distribution,30,35301.88,2025-10-16,2025-11-15,closed,2025-11-22,37,7,False,False,average_payer
INV8001337,B008,B008-C1049,Retail Client 049,Retail & Distribution,30,69329.97,2025-11-04,2025-12-04,closed,2025-12-11,37,7,False,False,average_payer
INV8001338,B008,B008-C1049,Retail Client 049,Retail & Distribution,30,44077.61,2025-11-07,2025-12-07,closed,2025-12-07,30,0,False,False,average_payer
INV8001339,B008,B008-C1049,Retail Client 049,Retail & Distribution,30,234524.22,2025-11-09,2025-12-09,closed,2025-12-03,24,-6,False,True,average_payer
INV8001340,B008,B008-C1049,Retail Client 049,Retail & Distribution,30,87394.73,2025-11-09,2025-12-09,closed,2025-12-08,29,-1,False,False,average_payer
INV8001341,B008,B008-C1049,Retail Client 049,Retail & Distribution,30,86086.08,2025-11-24,2025-12-24,closed,2025-12-22,28,-2,False,False,average_payer
INV8001342,B008,B008-C1049,Retail Client 049,Retail & Distribution,30,64290.8,2025-12-28,2026-01-27,closed,2026-02-14,48,18,False,False,average_payer
INV8001343,B008,B008-C1049,Retail Client 049,Retail & Distribution,30,87570.91,2025-12-31,2026-01-30,closed,2026-01-23,23,-7,False,False,average_payer
INV8001344,B008,B008-C1049,Retail Client 049,Retail & Distribution,30,47369.37,2026-01-07,2026-02-06,closed,2026-02-21,45,15,False,False,average_payer
INV8001345,B008,B008-C1049,Retail Client 049,Retail & Distribution,30,51566.94,2026-01-29,2026-02-28,closed,2026-03-05,35,5,False,False,average_payer
INV8001346,B008,B008-C1049,Retail Client 049,Retail & Distribution,30,42647.49,2026-03-08,2026-04-07,closed,2026-04-23,46,16,False,False,average_payer
INV8001347,B008,B008-C1049,Retail Client 049,Retail & Distribution,30,33195.78,2026-03-21,2026-04-20,closed,2026-04-24,34,4,False,False,average_payer
INV8001348,B008,B008-C1049,Retail Client 049,Retail & Distribution,30,68736.8,2026-05-02,2026-06-01,closed,2026-06-08,37,7,False,False,average_payer
INV8001349,B008,B008-C1049,Retail Client 049,Retail & Distribution,30,46325.17,2026-05-10,2026-06-09,closed,2026-06-21,42,12,False,False,average_payer
INV8001350,B008,B008-C1049,Retail Client 049,Retail & Distribution,30,59990.42,2026-05-11,2026-06-10,closed,2026-06-12,32,2,False,False,average_payer
INV8001351,B008,B008-C1049,Retail Client 049,Retail & Distribution,30,46699.38,2026-06-26,2026-07-26,closed,2026-07-26,30,0,False,False,average_payer
INV8001352,B008,B008-C1049,Retail Client 049,Retail & Distribution,30,78210.56,2026-07-10,2026-08-09,closed,2026-08-19,40,10,False,False,average_payer
INV8001353,B008,B008-C1049,Retail Client 049,Retail & Distribution,30,79119.81,2026-08-01,2026-08-31,open,,,,False,False,average_payer
INV8001354,B008,B008-C1049,Retail Client 049,Retail & Distribution,30,44046.1,2026-08-24,2026-09-23,open,,,,False,False,average_payer
INV8001355,B008,B008-C1050,Electronics Client 050,Electronics & Electricals,15,16193.95,2025-03-23,2025-04-07,closed,2025-03-28,5,-10,False,False,cold_start
INV8001356,B008,B008-C1050,Electronics Client 050,Electronics & Electricals,15,13193.16,2025-04-22,2025-05-07,closed,2025-05-05,13,-2,False,False,cold_start
INV8001357,B008,B008-C1050,Electronics Client 050,Electronics & Electricals,15,10172.87,2025-12-14,2025-12-29,closed,2026-01-09,26,11,False,False,cold_start
INV8001358,B008,B008-C1051,Chemicals Client 051,Chemicals & Plastics,30,34491.83,2024-11-17,2024-12-17,closed,2024-12-28,41,11,False,False,cold_start
INV8001359,B008,B008-C1051,Chemicals Client 051,Chemicals & Plastics,30,43574.74,2025-04-07,2025-05-07,closed,2025-05-26,49,19,False,False,cold_start
INV8001360,B008,B008-C1051,Chemicals Client 051,Chemicals & Plastics,30,19442.08,2025-12-28,2026-01-27,closed,2026-01-29,32,2,False,False,cold_start
INV8001361,B008,B008-C1052,FMCG Client 052,FMCG & Food Processing,60,32534.01,2024-03-19,2024-05-18,closed,2024-05-21,63,3,False,False,average_payer
INV8001362,B008,B008-C1052,FMCG Client 052,FMCG & Food Processing,60,25287.85,2024-04-13,2024-06-12,closed,2024-06-21,69,9,False,False,average_payer
INV8001363,B008,B008-C1052,FMCG Client 052,FMCG & Food Processing,60,38457.63,2024-04-13,2024-06-12,closed,2024-06-21,69,9,False,False,average_payer
INV8001364,B008,B008-C1052,FMCG Client 052,FMCG & Food Processing,60,175611.17,2024-04-29,2024-06-28,closed,2024-07-01,63,3,False,True,average_payer
INV8001365,B008,B008-C1052,FMCG Client 052,FMCG & Food Processing,60,40328.75,2024-05-23,2024-07-22,closed,2024-07-10,48,-12,False,False,average_payer
INV8001366,B008,B008-C1052,FMCG Client 052,FMCG & Food Processing,60,28486.59,2024-08-25,2024-10-24,closed,2024-11-06,73,13,False,False,average_payer
INV8001367,B008,B008-C1052,FMCG Client 052,FMCG & Food Processing,60,21710.27,2024-08-25,2024-10-24,closed,2024-11-01,68,8,False,False,average_payer
INV8001368,B008,B008-C1052,FMCG Client 052,FMCG & Food Processing,60,20509.0,2024-09-15,2024-11-14,closed,2024-11-07,53,-7,False,False,average_payer
INV8001369,B008,B008-C1052,FMCG Client 052,FMCG & Food Processing,60,30367.46,2024-09-17,2024-11-16,closed,2024-11-20,64,4,False,False,average_payer
INV8001370,B008,B008-C1052,FMCG Client 052,FMCG & Food Processing,60,34761.11,2024-10-01,2024-11-30,open,,,,False,False,average_payer
INV8001371,B008,B008-C1052,FMCG Client 052,FMCG & Food Processing,60,32315.1,2024-12-10,2025-02-08,closed,2025-02-09,61,1,False,False,average_payer
INV8001372,B008,B008-C1052,FMCG Client 052,FMCG & Food Processing,60,29661.17,2024-12-24,2025-02-22,closed,2025-02-28,66,6,False,False,average_payer
INV8001373,B008,B008-C1052,FMCG Client 052,FMCG & Food Processing,60,34154.31,2025-03-11,2025-05-10,closed,2025-05-12,62,2,False,False,average_payer
INV8001374,B008,B008-C1052,FMCG Client 052,FMCG & Food Processing,60,21566.46,2025-04-26,2025-06-25,closed,2025-06-25,60,0,False,False,average_payer
INV8001375,B008,B008-C1052,FMCG Client 052,FMCG & Food Processing,60,36844.48,2025-07-02,2025-08-31,closed,2025-09-08,68,8,False,False,average_payer
INV8001376,B008,B008-C1052,FMCG Client 052,FMCG & Food Processing,60,32708.71,2025-08-26,2025-10-25,closed,2025-10-20,55,-5,False,False,average_payer
INV8001377,B008,B008-C1052,FMCG Client 052,FMCG & Food Processing,60,45032.05,2025-08-30,2025-10-29,closed,2025-11-01,63,3,False,False,average_payer
INV8001378,B008,B008-C1052,FMCG Client 052,FMCG & Food Processing,60,39139.62,2025-10-11,2025-12-10,closed,2025-12-27,77,17,False,False,average_payer
INV8001379,B008,B008-C1052,FMCG Client 052,FMCG & Food Processing,60,34414.19,2025-10-26,2025-12-25,closed,2026-01-06,72,12,False,False,average_payer
INV8001380,B008,B008-C1052,FMCG Client 052,FMCG & Food Processing,60,35669.69,2025-10-30,2025-12-29,closed,2026-01-04,66,6,False,False,average_payer
INV8001381,B008,B008-C1052,FMCG Client 052,FMCG & Food Processing,60,41844.72,2025-11-12,2026-01-11,closed,2026-01-09,58,-2,False,False,average_payer
INV8001382,B008,B008-C1052,FMCG Client 052,FMCG & Food Processing,60,27949.64,2025-12-05,2026-02-03,closed,2026-02-16,73,13,False,False,average_payer
INV8001383,B008,B008-C1052,FMCG Client 052,FMCG & Food Processing,60,18818.72,2026-01-17,2026-03-18,closed,2026-03-24,66,6,False,False,average_payer
INV8001384,B008,B008-C1052,FMCG Client 052,FMCG & Food Processing,60,22356.42,2026-05-12,2026-07-11,closed,2026-07-21,70,10,False,False,average_payer
INV8001385,B008,B008-C1052,FMCG Client 052,FMCG & Food Processing,60,29672.75,2026-06-09,2026-08-08,closed,2026-08-13,65,5,False,False,average_payer
INV8001386,B008,B008-C1052,FMCG Client 052,FMCG & Food Processing,60,28756.9,2026-07-17,2026-09-15,disputed_open,,,,False,False,average_payer
INV8001387,B008,B008-C1052,FMCG Client 052,FMCG & Food Processing,60,36631.18,2026-07-31,2026-09-29,open,,,,False,False,average_payer
INV8001388,B008,B008-C1052,FMCG Client 052,FMCG & Food Processing,60,98712.22,2026-08-07,2026-10-06,open,,,,False,True,average_payer
INV8001389,B008,B008-C1053,Textiles Client 053,Textiles & Apparel,45,73163.22,2024-03-21,2024-05-05,closed,2024-04-28,38,-7,False,False,prompt_payer
INV8001390,B008,B008-C1053,Textiles Client 053,Textiles & Apparel,45,97385.43,2024-04-11,2024-05-26,closed,2024-05-22,41,-4,False,False,prompt_payer
INV8001391,B008,B008-C1053,Textiles Client 053,Textiles & Apparel,45,82867.07,2024-04-18,2024-06-02,closed,2024-05-30,42,-3,False,False,prompt_payer
INV8001392,B008,B008-C1053,Textiles Client 053,Textiles & Apparel,45,107870.84,2024-05-14,2024-06-28,closed,2024-06-29,46,1,False,False,prompt_payer
INV8001393,B008,B008-C1053,Textiles Client 053,Textiles & Apparel,45,78166.17,2024-06-09,2024-07-24,closed,2024-07-24,45,0,False,False,prompt_payer
INV8001394,B008,B008-C1053,Textiles Client 053,Textiles & Apparel,45,135444.78,2024-06-26,2024-08-10,closed,2024-08-09,44,-1,False,False,prompt_payer
INV8001395,B008,B008-C1053,Textiles Client 053,Textiles & Apparel,45,146475.13,2024-08-29,2024-10-13,closed,2024-10-12,44,-1,False,False,prompt_payer
INV8001396,B008,B008-C1053,Textiles Client 053,Textiles & Apparel,45,80279.48,2024-08-31,2024-10-15,closed,2024-10-20,50,5,False,False,prompt_payer
INV8001397,B008,B008-C1053,Textiles Client 053,Textiles & Apparel,45,56616.42,2024-09-21,2024-11-05,closed,2024-11-05,45,0,False,False,prompt_payer
INV8001398,B008,B008-C1053,Textiles Client 053,Textiles & Apparel,45,110829.94,2024-09-22,2024-11-06,closed,2024-11-05,44,-1,False,False,prompt_payer
INV8001399,B008,B008-C1053,Textiles Client 053,Textiles & Apparel,45,58198.77,2024-09-28,2024-11-12,closed,2024-11-07,40,-5,False,False,prompt_payer
INV8001400,B008,B008-C1053,Textiles Client 053,Textiles & Apparel,45,70369.6,2024-10-16,2024-11-30,closed,2024-12-05,50,5,False,False,prompt_payer
INV8001401,B008,B008-C1053,Textiles Client 053,Textiles & Apparel,45,87850.15,2024-11-12,2024-12-27,closed,2024-12-29,47,2,False,False,prompt_payer
INV8001402,B008,B008-C1053,Textiles Client 053,Textiles & Apparel,45,63905.37,2024-11-16,2024-12-31,closed,2024-12-30,44,-1,False,False,prompt_payer
INV8001403,B008,B008-C1053,Textiles Client 053,Textiles & Apparel,45,68109.09,2024-12-11,2025-01-25,closed,2025-01-24,44,-1,False,False,prompt_payer
INV8001404,B008,B008-C1053,Textiles Client 053,Textiles & Apparel,45,125797.18,2024-12-15,2025-01-29,closed,2025-01-30,46,1,False,False,prompt_payer
INV8001405,B008,B008-C1053,Textiles Client 053,Textiles & Apparel,45,95111.87,2024-12-15,2025-01-29,closed,2025-01-30,46,1,False,False,prompt_payer
INV8001406,B008,B008-C1053,Textiles Client 053,Textiles & Apparel,45,78673.49,2024-12-18,2025-02-01,closed,2025-01-31,44,-1,False,False,prompt_payer
INV8001407,B008,B008-C1053,Textiles Client 053,Textiles & Apparel,45,57169.73,2025-01-16,2025-03-02,closed,2025-03-10,53,8,False,False,prompt_payer
INV8001408,B008,B008-C1053,Textiles Client 053,Textiles & Apparel,45,152418.03,2025-02-18,2025-04-04,closed,2025-03-31,41,-4,False,False,prompt_payer
INV8001409,B008,B008-C1053,Textiles Client 053,Textiles & Apparel,45,98154.46,2025-04-09,2025-05-24,closed,2025-05-22,43,-2,False,False,prompt_payer
INV8001410,B008,B008-C1053,Textiles Client 053,Textiles & Apparel,45,68527.62,2025-05-10,2025-06-24,closed,2025-06-22,43,-2,False,False,prompt_payer
INV8001411,B008,B008-C1053,Textiles Client 053,Textiles & Apparel,45,96635.25,2025-06-12,2025-07-27,closed,2025-07-23,41,-4,False,False,prompt_payer
INV8001412,B008,B008-C1053,Textiles Client 053,Textiles & Apparel,45,88887.85,2025-07-11,2025-08-25,closed,2025-08-24,44,-1,False,False,prompt_payer
INV8001413,B008,B008-C1053,Textiles Client 053,Textiles & Apparel,45,80842.79,2025-08-16,2025-09-30,closed,2025-10-01,46,1,False,False,prompt_payer
INV8001414,B008,B008-C1053,Textiles Client 053,Textiles & Apparel,45,63099.09,2025-10-21,2025-12-05,closed,2025-12-07,47,2,False,False,prompt_payer
INV8001415,B008,B008-C1053,Textiles Client 053,Textiles & Apparel,45,103605.36,2025-10-28,2025-12-12,closed,2025-12-10,43,-2,False,False,prompt_payer
INV8001416,B008,B008-C1053,Textiles Client 053,Textiles & Apparel,45,90888.96,2025-11-06,2025-12-21,closed,2025-12-26,50,5,False,False,prompt_payer
INV8001417,B008,B008-C1053,Textiles Client 053,Textiles & Apparel,45,88824.12,2025-11-22,2026-01-06,closed,2026-01-01,40,-5,False,False,prompt_payer
INV8001418,B008,B008-C1053,Textiles Client 053,Textiles & Apparel,45,74696.87,2025-12-08,2026-01-22,closed,2026-01-23,46,1,False,False,prompt_payer
INV8001419,B008,B008-C1053,Textiles Client 053,Textiles & Apparel,45,65499.98,2025-12-30,2026-02-13,closed,2026-02-10,42,-3,False,False,prompt_payer
INV8001420,B008,B008-C1053,Textiles Client 053,Textiles & Apparel,45,65162.65,2026-01-25,2026-03-11,closed,2026-03-15,49,4,False,False,prompt_payer
INV8001421,B008,B008-C1053,Textiles Client 053,Textiles & Apparel,45,90865.26,2026-02-11,2026-03-28,closed,2026-03-27,44,-1,False,False,prompt_payer
INV8001422,B008,B008-C1053,Textiles Client 053,Textiles & Apparel,45,65838.96,2026-04-07,2026-05-22,closed,2026-05-25,48,3,False,False,prompt_payer
INV8001423,B008,B008-C1053,Textiles Client 053,Textiles & Apparel,45,190404.25,2026-05-14,2026-06-28,closed,2026-06-23,40,-5,False,False,prompt_payer
INV8001424,B008,B008-C1053,Textiles Client 053,Textiles & Apparel,45,65849.03,2026-08-13,2026-09-27,open,,,,False,False,prompt_payer
INV8001425,B008,B008-C1053,Textiles Client 053,Textiles & Apparel,45,117551.62,2026-08-27,2026-10-11,open,,,,False,False,prompt_payer
INV8001426,B008,B008-C1054,Metal Client 054,Metal & Engineering,45,178303.49,2024-03-30,2024-05-14,closed,2024-05-18,49,4,False,False,prompt_payer
INV8001427,B008,B008-C1054,Metal Client 054,Metal & Engineering,45,120989.09,2024-04-23,2024-06-07,closed,2024-06-06,44,-1,False,False,prompt_payer
INV8001428,B008,B008-C1054,Metal Client 054,Metal & Engineering,45,255317.84,2024-05-06,2024-06-20,closed,2024-06-18,43,-2,False,False,prompt_payer
INV8001429,B008,B008-C1054,Metal Client 054,Metal & Engineering,45,88479.11,2024-06-19,2024-08-03,closed,2024-08-02,44,-1,False,False,prompt_payer
INV8001430,B008,B008-C1054,Metal Client 054,Metal & Engineering,45,92777.65,2024-07-07,2024-08-21,closed,2024-08-27,51,6,False,False,prompt_payer
INV8001431,B008,B008-C1054,Metal Client 054,Metal & Engineering,45,218111.79,2024-07-11,2024-08-25,closed,2024-08-25,45,0,False,False,prompt_payer
INV8001432,B008,B008-C1054,Metal Client 054,Metal & Engineering,45,152937.76,2024-07-30,2024-09-13,closed,2024-09-17,49,4,False,False,prompt_payer
INV8001433,B008,B008-C1054,Metal Client 054,Metal & Engineering,45,90982.85,2024-11-17,2025-01-01,closed,2025-01-03,47,2,False,False,prompt_payer
INV8001434,B008,B008-C1054,Metal Client 054,Metal & Engineering,45,110719.16,2025-03-04,2025-04-18,closed,2025-04-14,41,-4,False,False,prompt_payer
INV8001435,B008,B008-C1054,Metal Client 054,Metal & Engineering,45,164401.21,2025-03-25,2025-05-09,closed,2025-05-17,53,8,False,False,prompt_payer
INV8001436,B008,B008-C1054,Metal Client 054,Metal & Engineering,45,173059.74,2025-03-30,2025-05-14,closed,2025-05-16,47,2,False,False,prompt_payer
INV8001437,B008,B008-C1054,Metal Client 054,Metal & Engineering,45,173523.87,2025-04-26,2025-06-10,closed,2025-06-10,45,0,False,False,prompt_payer
INV8001438,B008,B008-C1054,Metal Client 054,Metal & Engineering,45,237540.08,2025-06-03,2025-07-18,closed,2025-07-21,48,3,False,False,prompt_payer
INV8001439,B008,B008-C1054,Metal Client 054,Metal & Engineering,45,151563.38,2025-06-25,2025-08-09,closed,2025-08-07,43,-2,False,False,prompt_payer
INV8001440,B008,B008-C1054,Metal Client 054,Metal & Engineering,45,177772.37,2025-06-27,2025-08-11,closed,2025-08-09,43,-2,False,False,prompt_payer
INV8001441,B008,B008-C1054,Metal Client 054,Metal & Engineering,45,801461.92,2025-07-06,2025-08-20,closed,2025-08-20,45,0,False,True,prompt_payer
INV8001442,B008,B008-C1054,Metal Client 054,Metal & Engineering,45,130715.01,2025-07-09,2025-08-23,closed,2025-08-24,46,1,False,False,prompt_payer
INV8001443,B008,B008-C1054,Metal Client 054,Metal & Engineering,45,154406.57,2025-08-06,2025-09-20,closed,2025-09-19,44,-1,False,False,prompt_payer
INV8001444,B008,B008-C1054,Metal Client 054,Metal & Engineering,45,246175.09,2025-09-13,2025-10-28,closed,2025-10-29,46,1,False,False,prompt_payer
INV8001445,B008,B008-C1054,Metal Client 054,Metal & Engineering,45,174837.91,2025-10-11,2025-11-25,closed,2025-12-01,51,6,False,False,prompt_payer
INV8001446,B008,B008-C1054,Metal Client 054,Metal & Engineering,45,141216.11,2025-10-29,2025-12-13,closed,2025-12-19,51,6,False,False,prompt_payer
INV8001447,B008,B008-C1054,Metal Client 054,Metal & Engineering,45,137286.05,2025-11-06,2025-12-21,closed,2025-12-17,41,-4,False,False,prompt_payer
INV8001448,B008,B008-C1054,Metal Client 054,Metal & Engineering,45,148123.83,2025-11-07,2025-12-22,closed,2025-12-28,51,6,False,False,prompt_payer
INV8001449,B008,B008-C1054,Metal Client 054,Metal & Engineering,45,89959.03,2025-12-10,2026-01-24,closed,2026-01-25,46,1,False,False,prompt_payer
INV8001450,B008,B008-C1054,Metal Client 054,Metal & Engineering,45,112732.32,2026-01-26,2026-03-12,closed,2026-03-11,44,-1,False,False,prompt_payer
INV8001451,B008,B008-C1054,Metal Client 054,Metal & Engineering,45,245472.01,2026-02-05,2026-03-22,closed,2026-03-21,44,-1,False,False,prompt_payer
INV8001452,B008,B008-C1054,Metal Client 054,Metal & Engineering,45,300750.15,2026-05-28,2026-07-12,closed,2026-07-11,44,-1,False,False,prompt_payer
INV8001453,B008,B008-C1054,Metal Client 054,Metal & Engineering,45,161389.21,2026-06-19,2026-08-03,closed,2026-08-03,45,0,False,False,prompt_payer
INV8001454,B008,B008-C1054,Metal Client 054,Metal & Engineering,45,207099.38,2026-07-23,2026-09-06,disputed_open,,,,False,False,prompt_payer
INV8001455,B008,B008-C1054,Metal Client 054,Metal & Engineering,45,139737.99,2026-07-31,2026-09-14,open,,,,False,False,prompt_payer
INV8001456,B008,B008-C1054,Metal Client 054,Metal & Engineering,45,207003.25,2026-08-11,2026-09-25,open,,,,False,False,prompt_payer
INV8001457,B008,B008-C1054,Metal Client 054,Metal & Engineering,45,214722.99,2026-08-30,2026-10-14,open,,,,False,False,prompt_payer
INV8001458,B008,B008-C1055,Construction Client 055,Construction & Infra,30,227493.22,2024-03-16,2024-04-15,closed,2024-04-18,33,3,False,False,prompt_payer
INV8001459,B008,B008-C1055,Construction Client 055,Construction & Infra,30,116661.29,2024-03-22,2024-04-21,closed,2024-04-20,29,-1,False,False,prompt_payer
INV8001460,B008,B008-C1055,Construction Client 055,Construction & Infra,30,167566.37,2024-05-23,2024-06-22,closed,2024-06-20,28,-2,False,False,prompt_payer
INV8001461,B008,B008-C1055,Construction Client 055,Construction & Infra,30,326598.62,2024-06-10,2024-07-10,closed,2024-07-14,34,4,False,False,prompt_payer
INV8001462,B008,B008-C1055,Construction Client 055,Construction & Infra,30,438823.53,2024-07-12,2024-08-11,closed,2024-08-16,35,5,False,False,prompt_payer
INV8001463,B008,B008-C1055,Construction Client 055,Construction & Infra,30,182269.4,2024-07-14,2024-08-13,closed,2024-08-14,31,1,False,False,prompt_payer
INV8001464,B008,B008-C1055,Construction Client 055,Construction & Infra,30,226357.07,2024-07-19,2024-08-18,closed,2024-08-20,32,2,False,False,prompt_payer
INV8001465,B008,B008-C1055,Construction Client 055,Construction & Infra,30,174850.54,2024-11-02,2024-12-02,closed,2024-12-03,31,1,False,False,prompt_payer
INV8001466,B008,B008-C1055,Construction Client 055,Construction & Infra,30,210172.29,2024-11-04,2024-12-04,closed,2024-12-06,32,2,False,False,prompt_payer
INV8001467,B008,B008-C1055,Construction Client 055,Construction & Infra,30,177745.62,2024-12-14,2025-01-13,closed,2025-01-14,31,1,False,False,prompt_payer
INV8001468,B008,B008-C1055,Construction Client 055,Construction & Infra,30,313857.47,2024-12-26,2025-01-25,closed,2025-01-28,33,3,False,False,prompt_payer
INV8001469,B008,B008-C1055,Construction Client 055,Construction & Infra,30,171425.1,2025-03-11,2025-04-10,closed,2025-04-09,29,-1,True,False,prompt_payer
INV8001470,B008,B008-C1055,Construction Client 055,Construction & Infra,30,224283.27,2025-06-27,2025-07-27,closed,2025-07-31,34,4,False,False,prompt_payer
INV8001471,B008,B008-C1055,Construction Client 055,Construction & Infra,30,103254.28,2025-07-23,2025-08-22,closed,2025-08-23,31,1,False,False,prompt_payer
INV8001472,B008,B008-C1055,Construction Client 055,Construction & Infra,30,317782.04,2025-08-08,2025-09-07,closed,2025-09-02,25,-5,False,False,prompt_payer
INV8001473,B008,B008-C1055,Construction Client 055,Construction & Infra,30,818464.74,2025-09-08,2025-10-08,closed,2025-10-03,25,-5,True,True,prompt_payer
INV8001474,B008,B008-C1055,Construction Client 055,Construction & Infra,30,171627.94,2025-11-03,2025-12-03,closed,2025-12-05,32,2,False,False,prompt_payer
INV8001475,B008,B008-C1055,Construction Client 055,Construction & Infra,30,249650.98,2025-12-07,2026-01-06,closed,2026-01-01,25,-5,False,False,prompt_payer
INV8001476,B008,B008-C1055,Construction Client 055,Construction & Infra,30,404462.47,2025-12-23,2026-01-22,closed,2026-01-20,28,-2,False,False,prompt_payer
INV8001477,B008,B008-C1055,Construction Client 055,Construction & Infra,30,233732.39,2026-03-17,2026-04-16,closed,2026-04-17,31,1,False,False,prompt_payer
INV8001478,B008,B008-C1055,Construction Client 055,Construction & Infra,30,247786.99,2026-03-29,2026-04-28,closed,2026-04-25,27,-3,False,False,prompt_payer
INV8001479,B008,B008-C1055,Construction Client 055,Construction & Infra,30,258687.21,2026-04-28,2026-05-28,closed,2026-05-29,31,1,False,False,prompt_payer
INV8001480,B008,B008-C1056,Auto Client 056,Auto Components,45,74013.08,2024-05-13,2024-06-27,closed,2024-06-28,46,1,False,False,prompt_payer
INV8001481,B008,B008-C1056,Auto Client 056,Auto Components,45,134645.37,2024-06-09,2024-07-24,closed,2024-07-24,45,0,False,False,prompt_payer
INV8001482,B008,B008-C1056,Auto Client 056,Auto Components,45,87811.57,2024-06-14,2024-07-29,closed,2024-08-01,48,3,False,False,prompt_payer
INV8001483,B008,B008-C1056,Auto Client 056,Auto Components,45,109110.92,2024-06-25,2024-08-09,closed,2024-08-06,42,-3,False,False,prompt_payer
INV8001484,B008,B008-C1056,Auto Client 056,Auto Components,45,90079.95,2024-09-01,2024-10-16,closed,2024-10-07,36,-9,False,False,prompt_payer
INV8001485,B008,B008-C1056,Auto Client 056,Auto Components,45,116142.91,2024-10-26,2024-12-10,closed,2024-12-11,46,1,False,False,prompt_payer
INV8001486,B008,B008-C1056,Auto Client 056,Auto Components,45,74876.25,2024-11-07,2024-12-22,closed,2024-12-16,39,-6,True,False,prompt_payer
INV8001487,B008,B008-C1056,Auto Client 056,Auto Components,45,93202.8,2025-02-07,2025-03-24,closed,2025-03-18,39,-6,False,False,prompt_payer
INV8001488,B008,B008-C1056,Auto Client 056,Auto Components,45,142319.88,2025-02-24,2025-04-10,closed,2025-04-10,45,0,False,False,prompt_payer
INV8001489,B008,B008-C1056,Auto Client 056,Auto Components,45,70945.5,2025-02-27,2025-04-13,closed,2025-04-18,50,5,False,False,prompt_payer
INV8001490,B008,B008-C1056,Auto Client 056,Auto Components,45,121549.67,2025-03-20,2025-05-04,closed,2025-05-06,47,2,False,False,prompt_payer
INV8001491,B008,B008-C1056,Auto Client 056,Auto Components,45,65388.37,2025-03-23,2025-05-07,closed,2025-05-10,48,3,False,False,prompt_payer
INV8001492,B008,B008-C1056,Auto Client 056,Auto Components,45,139836.03,2025-03-29,2025-05-13,closed,2025-05-11,43,-2,False,False,prompt_payer
INV8001493,B008,B008-C1056,Auto Client 056,Auto Components,45,102072.81,2025-04-01,2025-05-16,closed,2025-05-20,49,4,False,False,prompt_payer
INV8001494,B008,B008-C1056,Auto Client 056,Auto Components,45,112956.76,2025-05-08,2025-06-22,closed,2025-06-15,38,-7,False,False,prompt_payer
INV8001495,B008,B008-C1056,Auto Client 056,Auto Components,45,59318.73,2025-06-05,2025-07-20,closed,2025-07-15,40,-5,False,False,prompt_payer
INV8001496,B008,B008-C1056,Auto Client 056,Auto Components,45,95735.67,2025-06-26,2025-08-10,closed,2025-08-09,44,-1,False,False,prompt_payer
INV8001497,B008,B008-C1056,Auto Client 056,Auto Components,45,117243.36,2025-07-01,2025-08-15,closed,2025-08-13,43,-2,False,False,prompt_payer
INV8001498,B008,B008-C1056,Auto Client 056,Auto Components,45,130815.3,2025-07-15,2025-08-29,closed,2025-08-31,47,2,False,False,prompt_payer
INV8001499,B008,B008-C1056,Auto Client 056,Auto Components,45,126103.59,2025-07-26,2025-09-09,closed,2025-09-17,53,8,False,False,prompt_payer
INV8001500,B008,B008-C1056,Auto Client 056,Auto Components,45,91516.5,2025-10-25,2025-12-09,closed,2025-12-09,45,0,False,False,prompt_payer
INV8001501,B008,B008-C1056,Auto Client 056,Auto Components,45,178323.1,2025-10-29,2025-12-13,closed,2025-12-13,45,0,False,False,prompt_payer
INV8001502,B008,B008-C1056,Auto Client 056,Auto Components,45,106186.74,2025-11-17,2026-01-01,closed,2025-12-30,43,-2,False,False,prompt_payer
INV8001503,B008,B008-C1056,Auto Client 056,Auto Components,45,184037.29,2025-12-30,2026-02-13,closed,2026-02-14,46,1,False,False,prompt_payer
INV8001504,B008,B008-C1056,Auto Client 056,Auto Components,45,564544.95,2026-01-11,2026-02-25,closed,2026-02-18,38,-7,False,True,prompt_payer
INV8001505,B008,B008-C1056,Auto Client 056,Auto Components,45,125708.01,2026-01-20,2026-03-06,closed,2026-02-25,36,-9,False,False,prompt_payer
INV8001506,B008,B008-C1056,Auto Client 056,Auto Components,45,92705.79,2026-02-11,2026-03-28,closed,2026-04-01,49,4,False,False,prompt_payer
INV8001507,B008,B008-C1056,Auto Client 056,Auto Components,45,99852.78,2026-02-19,2026-04-05,closed,2026-04-05,45,0,False,False,prompt_payer
INV8001508,B008,B008-C1056,Auto Client 056,Auto Components,45,67192.67,2026-03-19,2026-05-03,closed,2026-05-04,46,1,False,False,prompt_payer
INV8001509,B008,B008-C1056,Auto Client 056,Auto Components,45,100452.35,2026-04-20,2026-06-04,closed,2026-06-08,49,4,False,False,prompt_payer
INV8001510,B008,B008-C1056,Auto Client 056,Auto Components,45,144589.77,2026-04-29,2026-06-13,closed,2026-06-12,44,-1,False,False,prompt_payer
INV8001511,B008,B008-C1056,Auto Client 056,Auto Components,45,142674.89,2026-04-30,2026-06-14,closed,2026-06-13,44,-1,False,False,prompt_payer
INV8001512,B008,B008-C1056,Auto Client 056,Auto Components,45,148367.65,2026-05-12,2026-06-26,closed,2026-06-25,44,-1,False,False,prompt_payer
INV8001513,B008,B008-C1056,Auto Client 056,Auto Components,45,84539.77,2026-08-22,2026-10-06,open,,,,False,False,prompt_payer
INV8001514,B008,B008-C1057,Auto Client 057,Auto Components,30,50419.59,2024-06-12,2024-07-12,closed,2024-07-13,31,1,False,False,cold_start
INV8001515,B008,B008-C1057,Auto Client 057,Auto Components,30,320369.44,2026-02-20,2026-03-22,closed,2026-03-28,36,6,False,True,cold_start
INV8001516,B008,B008-C1058,FMCG Client 058,FMCG & Food Processing,30,57097.08,2025-11-18,2025-12-18,closed,2025-12-27,39,9,False,False,cold_start
INV8001517,B008,B008-C1058,FMCG Client 058,FMCG & Food Processing,30,56974.73,2026-07-20,2026-08-19,open,,,,False,False,cold_start
INV8001518,B008,B008-C1059,Retail Client 059,Retail & Distribution,90,459513.6,2024-04-03,2024-07-02,closed,2024-07-02,90,0,False,False,erratic_payer
INV8001519,B008,B008-C1059,Retail Client 059,Retail & Distribution,90,581811.87,2024-04-17,2024-07-16,closed,2024-07-13,87,-3,False,False,erratic_payer
INV8001520,B008,B008-C1059,Retail Client 059,Retail & Distribution,90,512915.94,2024-04-23,2024-07-22,closed,2024-08-01,100,10,False,False,erratic_payer
INV8001521,B008,B008-C1059,Retail Client 059,Retail & Distribution,90,512001.23,2024-05-24,2024-08-22,closed,2024-08-25,93,3,False,False,erratic_payer
INV8001522,B008,B008-C1059,Retail Client 059,Retail & Distribution,90,262736.63,2024-06-06,2024-09-04,closed,2024-09-06,92,2,False,False,erratic_payer
INV8001523,B008,B008-C1059,Retail Client 059,Retail & Distribution,90,543766.42,2024-06-21,2024-09-19,disputed_open,,,,False,False,erratic_payer
INV8001524,B008,B008-C1059,Retail Client 059,Retail & Distribution,90,701345.66,2024-07-07,2024-10-05,closed,2024-10-22,107,17,False,False,erratic_payer
INV8001525,B008,B008-C1059,Retail Client 059,Retail & Distribution,90,440082.2,2024-10-28,2025-01-26,closed,2025-02-02,97,7,False,False,erratic_payer
INV8001526,B008,B008-C1059,Retail Client 059,Retail & Distribution,90,769629.65,2024-11-14,2025-02-12,open,,,,False,False,erratic_payer
INV8001527,B008,B008-C1059,Retail Client 059,Retail & Distribution,90,647599.28,2024-11-16,2025-02-14,closed,2025-03-01,105,15,False,False,erratic_payer
INV8001528,B008,B008-C1059,Retail Client 059,Retail & Distribution,90,535867.47,2024-12-22,2025-03-22,closed,2025-03-27,95,5,False,False,erratic_payer
INV8001529,B008,B008-C1059,Retail Client 059,Retail & Distribution,90,373178.44,2024-12-31,2025-03-31,closed,2025-04-04,94,4,False,False,erratic_payer
INV8001530,B008,B008-C1059,Retail Client 059,Retail & Distribution,90,544106.43,2025-01-13,2025-04-13,closed,2025-04-12,89,-1,False,False,erratic_payer
INV8001531,B008,B008-C1059,Retail Client 059,Retail & Distribution,90,542894.53,2025-02-18,2025-05-19,closed,2025-05-23,94,4,False,False,erratic_payer
INV8001532,B008,B008-C1059,Retail Client 059,Retail & Distribution,90,403335.49,2025-03-29,2025-06-27,closed,2025-06-23,86,-4,False,False,erratic_payer
INV8001533,B008,B008-C1059,Retail Client 059,Retail & Distribution,90,858903.75,2025-04-08,2025-07-07,closed,2025-07-13,96,6,False,False,erratic_payer
INV8001534,B008,B008-C1059,Retail Client 059,Retail & Distribution,90,419645.98,2025-04-09,2025-07-08,closed,2025-07-11,93,3,False,False,erratic_payer
INV8001535,B008,B008-C1059,Retail Client 059,Retail & Distribution,90,414689.54,2025-05-12,2025-08-10,closed,2025-08-13,93,3,True,False,erratic_payer
INV8001536,B008,B008-C1059,Retail Client 059,Retail & Distribution,90,561406.58,2025-05-16,2025-08-14,closed,2025-08-23,99,9,False,False,erratic_payer
INV8001537,B008,B008-C1059,Retail Client 059,Retail & Distribution,90,376692.73,2025-08-08,2025-11-06,closed,2025-11-01,85,-5,False,False,erratic_payer
INV8001538,B008,B008-C1059,Retail Client 059,Retail & Distribution,90,372589.23,2025-08-26,2025-11-24,open,,,,False,False,erratic_payer
INV8001539,B008,B008-C1059,Retail Client 059,Retail & Distribution,90,317581.04,2025-08-31,2025-11-29,closed,2025-12-13,104,14,False,False,erratic_payer
INV8001540,B008,B008-C1059,Retail Client 059,Retail & Distribution,90,333639.64,2025-09-24,2025-12-23,closed,2025-12-23,90,0,False,False,erratic_payer
INV8001541,B008,B008-C1059,Retail Client 059,Retail & Distribution,90,605025.47,2025-10-19,2026-01-17,closed,2026-01-15,88,-2,False,False,erratic_payer
INV8001542,B008,B008-C1059,Retail Client 059,Retail & Distribution,90,271737.68,2025-12-22,2026-03-22,closed,2026-04-12,111,21,False,False,erratic_payer
INV8001543,B008,B008-C1059,Retail Client 059,Retail & Distribution,90,442732.16,2026-01-10,2026-04-10,closed,2026-04-10,90,0,False,False,erratic_payer
INV8001544,B008,B008-C1059,Retail Client 059,Retail & Distribution,90,493423.58,2026-01-18,2026-04-18,open,,,,False,False,erratic_payer
INV8001545,B008,B008-C1059,Retail Client 059,Retail & Distribution,90,498786.25,2026-01-28,2026-04-28,closed,2026-05-06,98,8,False,False,erratic_payer
INV8001546,B008,B008-C1059,Retail Client 059,Retail & Distribution,90,514875.48,2026-02-13,2026-05-14,closed,2026-05-25,101,11,False,False,erratic_payer
INV8001547,B008,B008-C1059,Retail Client 059,Retail & Distribution,90,237919.26,2026-03-12,2026-06-10,closed,2026-06-12,92,2,False,False,erratic_payer
INV8001548,B008,B008-C1059,Retail Client 059,Retail & Distribution,90,544621.75,2026-03-19,2026-06-17,closed,2026-07-01,104,14,False,False,erratic_payer
INV8001549,B008,B008-C1059,Retail Client 059,Retail & Distribution,90,401864.47,2026-04-03,2026-07-02,closed,2026-06-28,86,-4,False,False,erratic_payer
INV8001550,B008,B008-C1059,Retail Client 059,Retail & Distribution,90,558327.39,2026-05-09,2026-08-07,closed,2026-08-16,99,9,False,False,erratic_payer
INV8001551,B008,B008-C1059,Retail Client 059,Retail & Distribution,90,336134.75,2026-07-12,2026-10-10,disputed_open,,,,False,False,erratic_payer
INV8001552,B008,B008-C1059,Retail Client 059,Retail & Distribution,90,691888.52,2026-07-22,2026-10-20,disputed_open,,,,False,False,erratic_payer
INV8001553,B008,B008-C1059,Retail Client 059,Retail & Distribution,90,434199.98,2026-08-11,2026-11-09,open,,,,False,False,erratic_payer
INV8001554,B008,B008-C1059,Retail Client 059,Retail & Distribution,90,750096.18,2026-08-22,2026-11-20,open,,,,False,False,erratic_payer
INV8001555,B008,B008-C1060,Textiles Client 060,Textiles & Apparel,60,67524.01,2024-05-23,2024-07-22,closed,2024-08-03,72,12,False,False,average_payer
INV8001556,B008,B008-C1060,Textiles Client 060,Textiles & Apparel,60,80512.34,2024-05-28,2024-07-27,closed,2024-08-04,68,8,False,False,average_payer
INV8001557,B008,B008-C1060,Textiles Client 060,Textiles & Apparel,60,76116.93,2024-06-03,2024-08-02,closed,2024-08-13,71,11,False,False,average_payer
INV8001558,B008,B008-C1060,Textiles Client 060,Textiles & Apparel,60,121497.77,2024-08-25,2024-10-24,closed,2024-10-23,59,-1,False,False,average_payer
INV8001559,B008,B008-C1060,Textiles Client 060,Textiles & Apparel,60,235178.46,2024-09-29,2024-11-28,closed,2024-12-13,75,15,False,True,average_payer
INV8001560,B008,B008-C1060,Textiles Client 060,Textiles & Apparel,60,63736.81,2024-10-23,2024-12-22,closed,2024-12-25,63,3,False,False,average_payer
INV8001561,B008,B008-C1060,Textiles Client 060,Textiles & Apparel,60,126219.42,2024-10-27,2024-12-26,closed,2024-12-29,63,3,True,False,average_payer
INV8001562,B008,B008-C1060,Textiles Client 060,Textiles & Apparel,60,65415.89,2024-11-04,2025-01-03,closed,2024-12-29,55,-5,False,False,average_payer
INV8001563,B008,B008-C1060,Textiles Client 060,Textiles & Apparel,60,93164.08,2024-12-01,2025-01-30,closed,2025-01-30,60,0,False,False,average_payer
INV8001564,B008,B008-C1060,Textiles Client 060,Textiles & Apparel,60,85127.97,2024-12-11,2025-02-09,closed,2025-02-11,62,2,False,False,average_payer
INV8001565,B008,B008-C1060,Textiles Client 060,Textiles & Apparel,60,96139.9,2025-01-05,2025-03-06,closed,2025-03-09,63,3,False,False,average_payer
INV8001566,B008,B008-C1060,Textiles Client 060,Textiles & Apparel,60,62297.71,2025-01-16,2025-03-17,closed,2025-03-24,67,7,False,False,average_payer
INV8001567,B008,B008-C1060,Textiles Client 060,Textiles & Apparel,60,89165.68,2025-02-11,2025-04-12,closed,2025-04-25,73,13,False,False,average_payer
INV8001568,B008,B008-C1060,Textiles Client 060,Textiles & Apparel,60,76861.05,2025-02-16,2025-04-17,closed,2025-04-13,56,-4,False,False,average_payer
INV8001569,B008,B008-C1060,Textiles Client 060,Textiles & Apparel,60,96170.19,2025-03-12,2025-05-11,closed,2025-05-18,67,7,False,False,average_payer
INV8001570,B008,B008-C1060,Textiles Client 060,Textiles & Apparel,60,71977.01,2025-03-29,2025-05-28,closed,2025-06-02,65,5,False,False,average_payer
INV8001571,B008,B008-C1060,Textiles Client 060,Textiles & Apparel,60,79806.71,2025-04-04,2025-06-03,closed,2025-06-04,61,1,False,False,average_payer
INV8001572,B008,B008-C1060,Textiles Client 060,Textiles & Apparel,60,110330.45,2025-04-11,2025-06-10,closed,2025-06-14,64,4,False,False,average_payer
INV8001573,B008,B008-C1060,Textiles Client 060,Textiles & Apparel,60,67037.03,2025-05-14,2025-07-13,open,,,,False,False,average_payer
INV8001574,B008,B008-C1060,Textiles Client 060,Textiles & Apparel,60,83562.26,2025-06-15,2025-08-14,closed,2025-08-16,62,2,False,False,average_payer
INV8001575,B008,B008-C1060,Textiles Client 060,Textiles & Apparel,60,86405.64,2025-07-26,2025-09-24,closed,2025-10-07,73,13,False,False,average_payer
INV8001576,B008,B008-C1060,Textiles Client 060,Textiles & Apparel,60,80475.35,2025-10-06,2025-12-05,closed,2025-12-09,64,4,False,False,average_payer
INV8001577,B008,B008-C1060,Textiles Client 060,Textiles & Apparel,60,67582.82,2025-11-21,2026-01-20,closed,2026-02-16,87,27,False,False,average_payer
INV8001578,B008,B008-C1060,Textiles Client 060,Textiles & Apparel,60,60119.89,2025-11-28,2026-01-27,closed,2026-01-29,62,2,False,False,average_payer
INV8001579,B008,B008-C1060,Textiles Client 060,Textiles & Apparel,60,62458.15,2025-12-02,2026-01-31,closed,2026-02-02,62,2,False,False,average_payer
INV8001580,B008,B008-C1060,Textiles Client 060,Textiles & Apparel,60,88534.89,2025-12-05,2026-02-03,closed,2026-01-31,57,-3,False,False,average_payer
INV8001581,B008,B008-C1060,Textiles Client 060,Textiles & Apparel,60,79754.17,2025-12-08,2026-02-06,closed,2026-02-22,76,16,False,False,average_payer
INV8001582,B008,B008-C1060,Textiles Client 060,Textiles & Apparel,60,317293.23,2025-12-11,2026-02-09,closed,2026-02-15,66,6,False,True,average_payer
INV8001583,B008,B008-C1060,Textiles Client 060,Textiles & Apparel,60,78718.97,2025-12-13,2026-02-11,closed,2026-02-22,71,11,False,False,average_payer
INV8001584,B008,B008-C1060,Textiles Client 060,Textiles & Apparel,60,57804.55,2025-12-18,2026-02-16,closed,2026-02-18,62,2,False,False,average_payer
INV8001585,B008,B008-C1060,Textiles Client 060,Textiles & Apparel,60,70326.58,2026-02-07,2026-04-08,closed,2026-04-25,77,17,False,False,average_payer
INV8001586,B008,B008-C1060,Textiles Client 060,Textiles & Apparel,60,103195.74,2026-02-18,2026-04-19,closed,2026-04-14,55,-5,False,False,average_payer
INV8001587,B008,B008-C1060,Textiles Client 060,Textiles & Apparel,60,90968.27,2026-03-03,2026-05-02,closed,2026-05-06,64,4,False,False,average_payer
INV8001588,B008,B008-C1060,Textiles Client 060,Textiles & Apparel,60,107926.64,2026-03-08,2026-05-07,closed,2026-05-07,60,0,False,False,average_payer
INV8001589,B008,B008-C1060,Textiles Client 060,Textiles & Apparel,60,129380.68,2026-03-13,2026-05-12,closed,2026-05-24,72,12,False,False,average_payer
INV8001590,B008,B008-C1060,Textiles Client 060,Textiles & Apparel,60,56254.91,2026-03-17,2026-05-16,closed,2026-05-25,69,9,False,False,average_payer
INV8001591,B008,B008-C1060,Textiles Client 060,Textiles & Apparel,60,68974.62,2026-03-28,2026-05-27,closed,2026-06-06,70,10,False,False,average_payer
INV8001592,B008,B008-C1060,Textiles Client 060,Textiles & Apparel,60,59810.33,2026-04-08,2026-06-07,closed,2026-06-14,67,7,False,False,average_payer
INV8001593,B008,B008-C1060,Textiles Client 060,Textiles & Apparel,60,92822.46,2026-04-13,2026-06-12,closed,2026-06-12,60,0,False,False,average_payer
INV8001594,B008,B008-C1060,Textiles Client 060,Textiles & Apparel,60,87079.09,2026-05-01,2026-06-30,closed,2026-07-09,69,9,False,False,average_payer
INV8001595,B008,B008-C1060,Textiles Client 060,Textiles & Apparel,60,46674.75,2026-05-02,2026-07-01,closed,2026-07-21,80,20,False,False,average_payer
INV8001596,B008,B008-C1060,Textiles Client 060,Textiles & Apparel,60,328461.07,2026-05-07,2026-07-06,closed,2026-07-10,64,4,False,True,average_payer
INV8001597,B008,B008-C1060,Textiles Client 060,Textiles & Apparel,60,76582.62,2026-06-08,2026-08-07,closed,2026-08-13,66,6,False,False,average_payer
INV8001598,B008,B008-C1060,Textiles Client 060,Textiles & Apparel,60,80179.81,2026-06-12,2026-08-11,closed,2026-08-16,65,5,False,False,average_payer
INV8001599,B008,B008-C1060,Textiles Client 060,Textiles & Apparel,60,87766.73,2026-07-29,2026-09-27,open,,,,False,False,average_payer
INV8001600,B008,B008-C1060,Textiles Client 060,Textiles & Apparel,60,108419.21,2026-08-07,2026-10-06,disputed_open,,,,False,False,average_payer
INV8001601,B008,B008-C1060,Textiles Client 060,Textiles & Apparel,60,100286.47,2026-08-18,2026-10-17,open,,,,False,False,average_payer
INV8001602,B008,B008-C1060,Textiles Client 060,Textiles & Apparel,60,242380.75,2026-08-24,2026-10-23,open,,,,False,True,average_payer
INV8001603,B008,B008-C1060,Textiles Client 060,Textiles & Apparel,60,63310.37,2026-09-01,2026-10-31,open,,,,False,False,average_payer
INV8001604,B008,B008-C1061,Retail Client 061,Retail & Distribution,45,128244.01,2024-08-08,2024-09-22,closed,2024-10-01,54,9,False,False,cold_start
INV8001605,B008,B008-C1061,Retail Client 061,Retail & Distribution,45,82514.34,2025-07-01,2025-08-15,closed,2025-08-30,60,15,False,False,cold_start
INV8001606,B008,B008-C1061,Retail Client 061,Retail & Distribution,45,71453.31,2026-04-11,2026-05-26,closed,2026-05-27,46,1,False,False,cold_start
INV8001607,B008,B008-C1062,Retail Client 062,Retail & Distribution,15,45963.86,2024-04-14,2024-04-29,closed,2024-05-25,41,26,False,False,seasonal_payer
INV8001608,B008,B008-C1062,Retail Client 062,Retail & Distribution,15,50900.26,2024-04-25,2024-05-10,closed,2024-05-21,26,11,False,False,seasonal_payer
INV8001609,B008,B008-C1062,Retail Client 062,Retail & Distribution,15,35499.67,2024-05-07,2024-05-22,closed,2024-06-07,31,16,False,False,seasonal_payer
INV8001610,B008,B008-C1062,Retail Client 062,Retail & Distribution,15,37867.16,2024-05-26,2024-06-10,closed,2024-06-25,30,15,False,False,seasonal_payer
INV8001611,B008,B008-C1062,Retail Client 062,Retail & Distribution,15,52885.03,2024-06-03,2024-06-18,closed,2024-06-24,21,6,False,False,seasonal_payer
INV8001612,B008,B008-C1062,Retail Client 062,Retail & Distribution,15,41683.86,2024-06-12,2024-06-27,closed,2024-07-07,25,10,False,False,seasonal_payer
INV8001613,B008,B008-C1062,Retail Client 062,Retail & Distribution,15,210813.49,2024-06-20,2024-07-05,closed,2024-07-09,19,4,False,True,seasonal_payer
INV8001614,B008,B008-C1062,Retail Client 062,Retail & Distribution,15,28399.32,2024-07-11,2024-07-26,closed,2024-08-03,23,8,False,False,seasonal_payer
INV8001615,B008,B008-C1062,Retail Client 062,Retail & Distribution,15,51486.64,2024-07-19,2024-08-03,closed,2024-07-31,12,-3,False,False,seasonal_payer
INV8001616,B008,B008-C1062,Retail Client 062,Retail & Distribution,15,43708.81,2024-07-22,2024-08-06,closed,2024-08-12,21,6,False,False,seasonal_payer
INV8001617,B008,B008-C1062,Retail Client 062,Retail & Distribution,15,24728.01,2024-08-18,2024-09-02,closed,2024-09-07,20,5,False,False,seasonal_payer
INV8001618,B008,B008-C1062,Retail Client 062,Retail & Distribution,15,60190.82,2024-09-28,2024-10-13,open,,,,False,False,seasonal_payer
INV8001619,B008,B008-C1062,Retail Client 062,Retail & Distribution,15,39367.59,2024-10-20,2024-11-04,closed,2024-11-05,16,1,False,False,seasonal_payer
INV8001620,B008,B008-C1062,Retail Client 062,Retail & Distribution,15,50404.66,2024-11-18,2024-12-03,closed,2024-12-05,17,2,False,False,seasonal_payer
INV8001621,B008,B008-C1062,Retail Client 062,Retail & Distribution,15,34601.73,2024-12-20,2025-01-04,closed,2025-01-21,32,17,False,False,seasonal_payer
INV8001622,B008,B008-C1062,Retail Client 062,Retail & Distribution,15,23358.17,2024-12-25,2025-01-09,closed,2025-01-27,33,18,False,False,seasonal_payer
INV8001623,B008,B008-C1062,Retail Client 062,Retail & Distribution,15,47240.65,2024-12-27,2025-01-11,closed,2025-01-18,22,7,False,False,seasonal_payer
INV8001624,B008,B008-C1062,Retail Client 062,Retail & Distribution,15,39597.29,2025-01-05,2025-01-20,closed,2025-02-09,35,20,False,False,seasonal_payer
INV8001625,B008,B008-C1062,Retail Client 062,Retail & Distribution,15,50348.32,2025-01-12,2025-01-27,closed,2025-02-07,26,11,False,False,seasonal_payer
INV8001626,B008,B008-C1062,Retail Client 062,Retail & Distribution,15,46074.57,2025-02-08,2025-02-23,closed,2025-03-16,36,21,False,False,seasonal_payer
INV8001627,B008,B008-C1062,Retail Client 062,Retail & Distribution,15,44700.65,2025-02-16,2025-03-03,closed,2025-03-13,25,10,False,False,seasonal_payer
INV8001628,B008,B008-C1062,Retail Client 062,Retail & Distribution,15,32506.01,2025-02-19,2025-03-06,closed,2025-03-20,29,14,False,False,seasonal_payer
INV8001629,B008,B008-C1062,Retail Client 062,Retail & Distribution,15,23475.65,2025-03-28,2025-04-12,closed,2025-05-03,36,21,False,False,seasonal_payer
INV8001630,B008,B008-C1062,Retail Client 062,Retail & Distribution,15,35707.74,2025-05-29,2025-06-13,closed,2025-06-27,29,14,False,False,seasonal_payer
INV8001631,B008,B008-C1062,Retail Client 062,Retail & Distribution,15,41644.16,2025-06-21,2025-07-06,closed,2025-07-12,21,6,False,False,seasonal_payer
INV8001632,B008,B008-C1062,Retail Client 062,Retail & Distribution,15,28330.74,2025-06-22,2025-07-07,closed,2025-07-16,24,9,False,False,seasonal_payer
INV8001633,B008,B008-C1062,Retail Client 062,Retail & Distribution,15,31848.61,2025-07-29,2025-08-13,closed,2025-08-20,22,7,True,False,seasonal_payer
INV8001634,B008,B008-C1062,Retail Client 062,Retail & Distribution,15,34428.57,2025-08-22,2025-09-06,closed,2025-09-13,22,7,False,False,seasonal_payer
INV8001635,B008,B008-C1062,Retail Client 062,Retail & Distribution,15,38932.31,2025-08-27,2025-09-11,closed,2025-09-12,16,1,False,False,seasonal_payer
INV8001636,B008,B008-C1062,Retail Client 062,Retail & Distribution,15,41936.96,2025-09-22,2025-10-07,closed,2025-10-04,12,-3,False,False,seasonal_payer
INV8001637,B008,B008-C1062,Retail Client 062,Retail & Distribution,15,35087.75,2025-09-29,2025-10-14,closed,2025-10-16,17,2,False,False,seasonal_payer
INV8001638,B008,B008-C1062,Retail Client 062,Retail & Distribution,15,32865.18,2025-10-20,2025-11-04,closed,2025-11-17,28,13,False,False,seasonal_payer
INV8001639,B008,B008-C1062,Retail Client 062,Retail & Distribution,15,37345.2,2025-12-04,2025-12-19,closed,2026-01-06,33,18,False,False,seasonal_payer
INV8001640,B008,B008-C1062,Retail Client 062,Retail & Distribution,15,69635.4,2025-12-04,2025-12-19,closed,2025-12-27,23,8,False,False,seasonal_payer
INV8001641,B008,B008-C1062,Retail Client 062,Retail & Distribution,15,208053.4,2025-12-20,2026-01-04,closed,2026-01-24,35,20,False,True,seasonal_payer
INV8001642,B008,B008-C1062,Retail Client 062,Retail & Distribution,15,102919.55,2025-12-21,2026-01-05,closed,2026-01-22,32,17,False,True,seasonal_payer
INV8001643,B008,B008-C1062,Retail Client 062,Retail & Distribution,15,62925.83,2025-12-29,2026-01-13,closed,2026-01-11,13,-2,False,False,seasonal_payer
INV8001644,B008,B008-C1062,Retail Client 062,Retail & Distribution,15,38640.5,2026-01-02,2026-01-17,closed,2026-01-29,27,12,False,False,seasonal_payer
INV8001645,B008,B008-C1062,Retail Client 062,Retail & Distribution,15,35752.86,2026-01-05,2026-01-20,closed,2026-02-05,31,16,False,False,seasonal_payer
INV8001646,B008,B008-C1062,Retail Client 062,Retail & Distribution,15,33716.95,2026-01-16,2026-01-31,closed,2026-02-13,28,13,False,False,seasonal_payer
INV8001647,B008,B008-C1062,Retail Client 062,Retail & Distribution,15,23222.99,2026-01-31,2026-02-15,closed,2026-02-22,22,7,False,False,seasonal_payer
INV8001648,B008,B008-C1062,Retail Client 062,Retail & Distribution,15,41535.58,2026-02-04,2026-02-19,closed,2026-03-09,33,18,True,False,seasonal_payer
INV8001649,B008,B008-C1062,Retail Client 062,Retail & Distribution,15,53642.56,2026-02-13,2026-02-28,closed,2026-03-05,20,5,False,False,seasonal_payer
INV8001650,B008,B008-C1062,Retail Client 062,Retail & Distribution,15,36717.06,2026-03-02,2026-03-17,closed,2026-03-28,26,11,False,False,seasonal_payer
INV8001651,B008,B008-C1062,Retail Client 062,Retail & Distribution,15,58600.25,2026-03-28,2026-04-12,closed,2026-04-21,24,9,False,False,seasonal_payer
INV8001652,B008,B008-C1062,Retail Client 062,Retail & Distribution,15,41244.5,2026-04-08,2026-04-23,closed,2026-05-08,30,15,False,False,seasonal_payer
INV8001653,B008,B008-C1062,Retail Client 062,Retail & Distribution,15,28703.23,2026-04-22,2026-05-07,closed,2026-05-23,31,16,False,False,seasonal_payer
INV8001654,B008,B008-C1062,Retail Client 062,Retail & Distribution,15,228863.9,2026-05-11,2026-05-26,closed,2026-06-07,27,12,False,True,seasonal_payer
INV8001655,B008,B008-C1062,Retail Client 062,Retail & Distribution,15,25089.09,2026-06-09,2026-06-24,closed,2026-06-29,20,5,False,False,seasonal_payer
INV8001656,B008,B008-C1062,Retail Client 062,Retail & Distribution,15,45141.51,2026-06-19,2026-07-04,closed,2026-07-10,21,6,False,False,seasonal_payer
INV8001657,B008,B008-C1062,Retail Client 062,Retail & Distribution,15,35883.52,2026-07-02,2026-07-17,closed,2026-07-15,13,-2,False,False,seasonal_payer
INV8001658,B008,B008-C1062,Retail Client 062,Retail & Distribution,15,57654.74,2026-07-13,2026-07-28,closed,2026-08-04,22,7,False,False,seasonal_payer
INV8001659,B008,B008-C1062,Retail Client 062,Retail & Distribution,15,68485.14,2026-07-25,2026-08-09,closed,2026-08-08,14,-1,False,False,seasonal_payer
INV8001660,B008,B008-C1062,Retail Client 062,Retail & Distribution,15,40339.24,2026-08-03,2026-08-18,closed,2026-08-20,17,2,False,False,seasonal_payer
INV8001661,B008,B008-C1063,Chemicals Client 063,Chemicals & Plastics,30,224267.97,2024-03-19,2024-04-18,closed,2024-04-20,32,2,False,False,prompt_payer
INV8001662,B008,B008-C1063,Chemicals Client 063,Chemicals & Plastics,30,366633.2,2024-04-20,2024-05-20,closed,2024-05-18,28,-2,False,False,prompt_payer
INV8001663,B008,B008-C1063,Chemicals Client 063,Chemicals & Plastics,30,334550.17,2024-07-23,2024-08-22,closed,2024-08-26,34,4,False,False,prompt_payer
INV8001664,B008,B008-C1063,Chemicals Client 063,Chemicals & Plastics,30,473246.76,2024-08-15,2024-09-14,closed,2024-09-10,26,-4,False,False,prompt_payer
INV8001665,B008,B008-C1063,Chemicals Client 063,Chemicals & Plastics,30,205864.77,2024-09-22,2024-10-22,closed,2024-10-25,33,3,False,False,prompt_payer
INV8001666,B008,B008-C1063,Chemicals Client 063,Chemicals & Plastics,30,262271.67,2024-10-01,2024-10-31,closed,2024-11-04,34,4,False,False,prompt_payer
INV8001667,B008,B008-C1063,Chemicals Client 063,Chemicals & Plastics,30,199431.28,2024-10-08,2024-11-07,closed,2024-11-07,30,0,False,False,prompt_payer
INV8001668,B008,B008-C1063,Chemicals Client 063,Chemicals & Plastics,30,516560.09,2025-01-08,2025-02-07,closed,2025-02-11,34,4,False,False,prompt_payer
INV8001669,B008,B008-C1063,Chemicals Client 063,Chemicals & Plastics,30,394091.85,2025-03-28,2025-04-27,closed,2025-05-04,37,7,False,False,prompt_payer
INV8001670,B008,B008-C1063,Chemicals Client 063,Chemicals & Plastics,30,234666.09,2025-04-24,2025-05-24,closed,2025-05-24,30,0,False,False,prompt_payer
INV8001671,B008,B008-C1063,Chemicals Client 063,Chemicals & Plastics,30,298413.29,2025-06-22,2025-07-22,closed,2025-07-19,27,-3,False,False,prompt_payer
INV8001672,B008,B008-C1063,Chemicals Client 063,Chemicals & Plastics,30,441106.97,2025-07-08,2025-08-07,closed,2025-08-06,29,-1,False,False,prompt_payer
INV8001673,B008,B008-C1063,Chemicals Client 063,Chemicals & Plastics,30,224376.48,2025-07-13,2025-08-12,closed,2025-08-16,34,4,False,False,prompt_payer
INV8001674,B008,B008-C1063,Chemicals Client 063,Chemicals & Plastics,30,1896282.58,2025-11-14,2025-12-14,closed,2025-12-17,33,3,False,True,prompt_payer
INV8001675,B008,B008-C1063,Chemicals Client 063,Chemicals & Plastics,30,377738.45,2026-04-15,2026-05-15,closed,2026-05-12,27,-3,False,False,prompt_payer
INV8001676,B008,B008-C1063,Chemicals Client 063,Chemicals & Plastics,30,355965.23,2026-05-02,2026-06-01,closed,2026-06-01,30,0,False,False,prompt_payer
INV8001677,B008,B008-C1063,Chemicals Client 063,Chemicals & Plastics,30,283077.1,2026-07-14,2026-08-13,closed,2026-08-15,32,2,False,False,prompt_payer
INV8001678,B008,B008-C1064,Textiles Client 064,Textiles & Apparel,30,32317.11,2024-05-20,2024-06-19,closed,2024-08-24,96,66,False,False,chronic_late_payer
INV8001679,B008,B008-C1064,Textiles Client 064,Textiles & Apparel,30,73721.65,2024-05-31,2024-06-30,open,,,,False,False,chronic_late_payer
INV8001680,B008,B008-C1064,Textiles Client 064,Textiles & Apparel,30,58178.59,2024-06-13,2024-07-13,closed,2024-09-23,102,72,False,False,chronic_late_payer
INV8001681,B008,B008-C1064,Textiles Client 064,Textiles & Apparel,30,29558.83,2024-06-20,2024-07-20,closed,2024-08-23,64,34,False,False,chronic_late_payer
INV8001682,B008,B008-C1064,Textiles Client 064,Textiles & Apparel,30,61119.5,2024-09-13,2024-10-13,closed,2024-11-02,50,20,False,False,chronic_late_payer
INV8001683,B008,B008-C1064,Textiles Client 064,Textiles & Apparel,30,39961.51,2024-10-02,2024-11-01,closed,2024-11-25,54,24,False,False,chronic_late_payer
INV8001684,B008,B008-C1064,Textiles Client 064,Textiles & Apparel,30,44283.8,2024-10-13,2024-11-12,closed,2024-11-29,47,17,False,False,chronic_late_payer
INV8001685,B008,B008-C1064,Textiles Client 064,Textiles & Apparel,30,52675.04,2024-11-02,2024-12-02,closed,2025-01-06,65,35,False,False,chronic_late_payer
INV8001686,B008,B008-C1064,Textiles Client 064,Textiles & Apparel,30,238485.9,2024-11-03,2024-12-03,closed,2025-01-05,63,33,False,True,chronic_late_payer
INV8001687,B008,B008-C1064,Textiles Client 064,Textiles & Apparel,30,70428.34,2025-02-14,2025-03-16,closed,2025-04-18,63,33,False,False,chronic_late_payer
INV8001688,B008,B008-C1064,Textiles Client 064,Textiles & Apparel,30,43371.33,2025-03-22,2025-04-21,open,,,,False,False,chronic_late_payer
INV8001689,B008,B008-C1064,Textiles Client 064,Textiles & Apparel,30,54408.32,2025-04-11,2025-05-11,closed,2025-06-09,59,29,False,False,chronic_late_payer
INV8001690,B008,B008-C1064,Textiles Client 064,Textiles & Apparel,30,48157.88,2025-05-31,2025-06-30,closed,2025-07-29,59,29,False,False,chronic_late_payer
INV8001691,B008,B008-C1064,Textiles Client 064,Textiles & Apparel,30,57608.35,2025-06-12,2025-07-12,closed,2025-08-04,53,23,False,False,chronic_late_payer
INV8001692,B008,B008-C1064,Textiles Client 064,Textiles & Apparel,30,44932.81,2025-06-16,2025-07-16,closed,2025-07-30,44,14,False,False,chronic_late_payer
INV8001693,B008,B008-C1064,Textiles Client 064,Textiles & Apparel,30,55174.07,2025-07-09,2025-08-08,closed,2025-09-09,62,32,False,False,chronic_late_payer
INV8001694,B008,B008-C1064,Textiles Client 064,Textiles & Apparel,30,54011.98,2025-07-20,2025-08-19,closed,2025-09-18,60,30,False,False,chronic_late_payer
INV8001695,B008,B008-C1064,Textiles Client 064,Textiles & Apparel,30,49824.02,2025-10-13,2025-11-12,closed,2026-01-03,82,52,False,False,chronic_late_payer
INV8001696,B008,B008-C1064,Textiles Client 064,Textiles & Apparel,30,55372.0,2026-01-10,2026-02-09,closed,2026-03-06,55,25,False,False,chronic_late_payer
INV8001697,B008,B008-C1064,Textiles Client 064,Textiles & Apparel,30,77114.12,2026-02-28,2026-03-30,closed,2026-04-26,57,27,False,False,chronic_late_payer
INV8001698,B008,B008-C1064,Textiles Client 064,Textiles & Apparel,30,85004.88,2026-03-09,2026-04-08,closed,2026-05-21,73,43,False,False,chronic_late_payer
INV8001699,B008,B008-C1064,Textiles Client 064,Textiles & Apparel,30,72652.44,2026-03-21,2026-04-20,closed,2026-05-11,51,21,False,False,chronic_late_payer
INV8001700,B008,B008-C1064,Textiles Client 064,Textiles & Apparel,30,64160.56,2026-04-15,2026-05-15,closed,2026-07-12,88,58,False,False,chronic_late_payer
INV8001701,B008,B008-C1064,Textiles Client 064,Textiles & Apparel,30,54108.91,2026-04-25,2026-05-25,closed,2026-06-30,66,36,False,False,chronic_late_payer
INV8001702,B008,B008-C1064,Textiles Client 064,Textiles & Apparel,30,40885.83,2026-05-31,2026-06-30,closed,2026-07-31,61,31,False,False,chronic_late_payer
INV8001703,B008,B008-C1064,Textiles Client 064,Textiles & Apparel,30,72490.86,2026-08-08,2026-09-07,disputed_open,,,,False,False,chronic_late_payer
INV8001704,B008,B008-C1064,Textiles Client 064,Textiles & Apparel,30,56019.01,2026-08-12,2026-09-11,open,,,,False,False,chronic_late_payer
INV8001705,B008,B008-C1064,Textiles Client 064,Textiles & Apparel,30,48779.59,2026-08-27,2026-09-26,open,,,,False,False,chronic_late_payer
INV8001706,B008,B008-C1065,Construction Client 065,Construction & Infra,45,43834.85,2024-04-26,2024-06-10,closed,2024-07-10,75,30,False,False,improving_payer
INV8001707,B008,B008-C1065,Construction Client 065,Construction & Infra,45,51156.82,2024-05-08,2024-06-22,closed,2024-08-09,93,48,False,False,improving_payer
INV8001708,B008,B008-C1065,Construction Client 065,Construction & Infra,45,38823.49,2024-05-25,2024-07-09,closed,2024-08-13,80,35,False,False,improving_payer
INV8001709,B008,B008-C1065,Construction Client 065,Construction & Infra,45,35895.99,2024-07-31,2024-09-14,closed,2024-10-25,86,41,False,False,improving_payer
INV8001710,B008,B008-C1065,Construction Client 065,Construction & Infra,45,43991.19,2024-08-19,2024-10-03,closed,2024-11-07,80,35,False,False,improving_payer
INV8001711,B008,B008-C1065,Construction Client 065,Construction & Infra,45,19545.17,2024-11-08,2024-12-23,closed,2025-01-27,80,35,False,False,improving_payer
INV8001712,B008,B008-C1065,Construction Client 065,Construction & Infra,45,68041.1,2024-11-10,2024-12-25,closed,2025-02-03,85,40,False,False,improving_payer
INV8001713,B008,B008-C1065,Construction Client 065,Construction & Infra,45,42673.18,2024-11-10,2024-12-25,closed,2025-01-25,76,31,False,False,improving_payer
INV8001714,B008,B008-C1065,Construction Client 065,Construction & Infra,45,31705.17,2025-01-14,2025-02-28,closed,2025-03-27,72,27,False,False,improving_payer
INV8001715,B008,B008-C1065,Construction Client 065,Construction & Infra,45,44926.81,2025-01-20,2025-03-06,closed,2025-04-04,74,29,False,False,improving_payer
INV8001716,B008,B008-C1065,Construction Client 065,Construction & Infra,45,35705.95,2025-01-24,2025-03-10,closed,2025-03-31,66,21,False,False,improving_payer
INV8001717,B008,B008-C1065,Construction Client 065,Construction & Infra,45,50799.06,2025-02-17,2025-04-03,closed,2025-04-23,65,20,False,False,improving_payer
INV8001718,B008,B008-C1065,Construction Client 065,Construction & Infra,45,23804.83,2025-02-23,2025-04-09,closed,2025-05-03,69,24,True,False,improving_payer
INV8001719,B008,B008-C1065,Construction Client 065,Construction & Infra,45,153401.25,2025-02-24,2025-04-10,closed,2025-05-19,84,39,False,True,improving_payer
INV8001720,B008,B008-C1065,Construction Client 065,Construction & Infra,45,29581.69,2025-03-26,2025-05-10,closed,2025-05-25,60,15,False,False,improving_payer
INV8001721,B008,B008-C1065,Construction Client 065,Construction & Infra,45,33628.73,2025-04-30,2025-06-14,closed,2025-06-27,58,13,False,False,improving_payer
INV8001722,B008,B008-C1065,Construction Client 065,Construction & Infra,45,25484.51,2025-05-22,2025-07-06,closed,2025-07-26,65,20,False,False,improving_payer
INV8001723,B008,B008-C1065,Construction Client 065,Construction & Infra,45,41118.65,2025-05-31,2025-07-15,closed,2025-08-14,75,30,False,False,improving_payer
INV8001724,B008,B008-C1065,Construction Client 065,Construction & Infra,45,38382.59,2025-06-08,2025-07-23,closed,2025-08-24,77,32,False,False,improving_payer
INV8001725,B008,B008-C1065,Construction Client 065,Construction & Infra,45,57534.79,2025-06-27,2025-08-11,closed,2025-08-26,60,15,False,False,improving_payer
INV8001726,B008,B008-C1065,Construction Client 065,Construction & Infra,45,23633.81,2025-08-12,2025-09-26,closed,2025-10-21,70,25,False,False,improving_payer
INV8001727,B008,B008-C1065,Construction Client 065,Construction & Infra,45,45908.36,2025-08-22,2025-10-06,closed,2025-10-25,64,19,False,False,improving_payer
INV8001728,B008,B008-C1065,Construction Client 065,Construction & Infra,45,40597.04,2025-09-06,2025-10-21,closed,2025-10-24,48,3,False,False,improving_payer
INV8001729,B008,B008-C1065,Construction Client 065,Construction & Infra,45,37492.08,2025-09-26,2025-11-10,closed,2025-12-04,69,24,False,False,improving_payer
INV8001730,B008,B008-C1065,Construction Client 065,Construction & Infra,45,36834.2,2025-09-28,2025-11-12,closed,2025-11-29,62,17,False,False,improving_payer
INV8001731,B008,B008-C1065,Construction Client 065,Construction & Infra,45,27183.38,2025-10-13,2025-11-27,closed,2025-12-02,50,5,False,False,improving_payer
INV8001732,B008,B008-C1065,Construction Client 065,Construction & Infra,45,58111.13,2025-10-23,2025-12-07,closed,2025-12-28,66,21,False,False,improving_payer
INV8001733,B008,B008-C1065,Construction Client 065,Construction & Infra,45,36857.76,2025-10-30,2025-12-14,closed,2025-12-24,55,10,False,False,improving_payer
INV8001734,B008,B008-C1065,Construction Client 065,Construction & Infra,45,24126.56,2025-12-12,2026-01-26,closed,2026-02-13,63,18,False,False,improving_payer
INV8001735,B008,B008-C1065,Construction Client 065,Construction & Infra,45,56846.77,2026-03-01,2026-04-15,closed,2026-04-26,56,11,False,False,improving_payer
INV8001736,B008,B008-C1065,Construction Client 065,Construction & Infra,45,28575.74,2026-03-01,2026-04-15,closed,2026-04-15,45,0,False,False,improving_payer
INV8001737,B008,B008-C1065,Construction Client 065,Construction & Infra,45,27235.55,2026-03-22,2026-05-06,closed,2026-05-12,51,6,False,False,improving_payer
INV8001738,B008,B008-C1065,Construction Client 065,Construction & Infra,45,77898.45,2026-04-05,2026-05-20,closed,2026-05-29,54,9,True,True,improving_payer
INV8001739,B008,B008-C1065,Construction Client 065,Construction & Infra,45,39080.4,2026-04-10,2026-05-25,closed,2026-06-03,54,9,False,False,improving_payer
INV8001740,B008,B008-C1065,Construction Client 065,Construction & Infra,45,47329.48,2026-05-15,2026-06-29,closed,2026-07-19,65,20,False,False,improving_payer
INV8001741,B008,B008-C1065,Construction Client 065,Construction & Infra,45,15665.08,2026-05-20,2026-07-04,closed,2026-07-06,47,2,False,False,improving_payer
INV8001742,B008,B008-C1065,Construction Client 065,Construction & Infra,45,37300.23,2026-05-31,2026-07-15,closed,2026-07-10,40,-5,False,False,improving_payer
INV8001743,B008,B008-C1065,Construction Client 065,Construction & Infra,45,34316.27,2026-06-15,2026-07-30,closed,2026-07-25,40,-5,False,False,improving_payer
INV8001744,B008,B008-C1065,Construction Client 065,Construction & Infra,45,35425.0,2026-06-27,2026-08-11,closed,2026-08-18,52,7,False,False,improving_payer
INV8001745,B008,B008-C1065,Construction Client 065,Construction & Infra,45,29429.09,2026-07-17,2026-08-31,open,,,,False,False,improving_payer
INV8001746,B008,B008-C1065,Construction Client 065,Construction & Infra,45,221324.12,2026-07-30,2026-09-13,open,,,,False,True,improving_payer
INV8001747,B008,B008-C1065,Construction Client 065,Construction & Infra,45,227539.94,2026-08-22,2026-10-06,open,,,,False,True,improving_payer
INV8001748,B008,B008-C1066,Construction Client 066,Construction & Infra,30,75640.76,2024-04-05,2024-05-05,closed,2024-05-06,31,1,False,False,prompt_payer
INV8001749,B008,B008-C1066,Construction Client 066,Construction & Infra,30,67001.0,2024-04-10,2024-05-10,closed,2024-05-11,31,1,False,False,prompt_payer
INV8001750,B008,B008-C1066,Construction Client 066,Construction & Infra,30,41297.17,2024-05-07,2024-06-06,closed,2024-06-13,37,7,False,False,prompt_payer
INV8001751,B008,B008-C1066,Construction Client 066,Construction & Infra,30,82426.77,2024-05-19,2024-06-18,closed,2024-06-22,34,4,False,False,prompt_payer
INV8001752,B008,B008-C1066,Construction Client 066,Construction & Infra,30,89788.85,2024-06-29,2024-07-29,closed,2024-08-03,35,5,False,False,prompt_payer
INV8001753,B008,B008-C1066,Construction Client 066,Construction & Infra,30,65662.98,2024-08-16,2024-09-15,closed,2024-09-24,39,9,True,False,prompt_payer
INV8001754,B008,B008-C1066,Construction Client 066,Construction & Infra,30,58901.58,2024-09-06,2024-10-06,closed,2024-10-08,32,2,False,False,prompt_payer
INV8001755,B008,B008-C1066,Construction Client 066,Construction & Infra,30,55052.29,2024-09-10,2024-10-10,closed,2024-10-11,31,1,False,False,prompt_payer
INV8001756,B008,B008-C1066,Construction Client 066,Construction & Infra,30,47209.73,2024-11-02,2024-12-02,closed,2024-12-04,32,2,False,False,prompt_payer
INV8001757,B008,B008-C1066,Construction Client 066,Construction & Infra,30,50784.68,2024-11-08,2024-12-08,closed,2024-12-08,30,0,False,False,prompt_payer
INV8001758,B008,B008-C1066,Construction Client 066,Construction & Infra,30,71614.44,2024-11-19,2024-12-19,closed,2024-12-15,26,-4,False,False,prompt_payer
INV8001759,B008,B008-C1066,Construction Client 066,Construction & Infra,30,65078.21,2024-12-15,2025-01-14,closed,2025-01-19,35,5,False,False,prompt_payer
INV8001760,B008,B008-C1066,Construction Client 066,Construction & Infra,30,300976.71,2024-12-25,2025-01-24,closed,2025-01-23,29,-1,False,True,prompt_payer
INV8001761,B008,B008-C1066,Construction Client 066,Construction & Infra,30,34452.18,2025-03-13,2025-04-12,closed,2025-04-12,30,0,False,False,prompt_payer
INV8001762,B008,B008-C1066,Construction Client 066,Construction & Infra,30,60129.49,2025-06-09,2025-07-09,closed,2025-07-05,26,-4,False,False,prompt_payer
INV8001763,B008,B008-C1066,Construction Client 066,Construction & Infra,30,70350.79,2025-08-01,2025-08-31,closed,2025-08-30,29,-1,False,False,prompt_payer
INV8001764,B008,B008-C1066,Construction Client 066,Construction & Infra,30,63374.04,2025-09-17,2025-10-17,closed,2025-10-12,25,-5,False,False,prompt_payer
INV8001765,B008,B008-C1066,Construction Client 066,Construction & Infra,30,60962.78,2025-09-19,2025-10-19,closed,2025-10-20,31,1,False,False,prompt_payer
INV8001766,B008,B008-C1066,Construction Client 066,Construction & Infra,30,78279.06,2025-10-10,2025-11-09,closed,2025-11-14,35,5,False,False,prompt_payer
INV8001767,B008,B008-C1066,Construction Client 066,Construction & Infra,30,119065.19,2025-10-16,2025-11-15,closed,2025-11-17,32,2,False,False,prompt_payer
INV8001768,B008,B008-C1066,Construction Client 066,Construction & Infra,30,62494.53,2025-10-28,2025-11-27,closed,2025-12-04,37,7,False,False,prompt_payer
INV8001769,B008,B008-C1066,Construction Client 066,Construction & Infra,30,53517.37,2025-12-03,2026-01-02,closed,2026-01-04,32,2,False,False,prompt_payer
INV8001770,B008,B008-C1066,Construction Client 066,Construction & Infra,30,68681.25,2025-12-26,2026-01-25,closed,2026-01-22,27,-3,False,False,prompt_payer
INV8001771,B008,B008-C1066,Construction Client 066,Construction & Infra,30,44269.01,2026-05-10,2026-06-09,disputed_open,,,,False,False,prompt_payer
INV8001772,B008,B008-C1066,Construction Client 066,Construction & Infra,30,71768.4,2026-05-29,2026-06-28,closed,2026-07-02,34,4,False,False,prompt_payer
INV8001773,B008,B008-C1066,Construction Client 066,Construction & Infra,30,67943.81,2026-06-15,2026-07-15,closed,2026-07-12,27,-3,False,False,prompt_payer
INV8001774,B008,B008-C1067,Chemicals Client 067,Chemicals & Plastics,30,996889.5,2024-04-06,2024-05-06,closed,2024-05-03,27,-3,False,True,prompt_payer
INV8001775,B008,B008-C1067,Chemicals Client 067,Chemicals & Plastics,30,184087.97,2024-04-29,2024-05-29,closed,2024-05-29,30,0,False,False,prompt_payer
INV8001776,B008,B008-C1067,Chemicals Client 067,Chemicals & Plastics,30,180629.33,2024-05-29,2024-06-28,closed,2024-06-21,23,-7,False,False,prompt_payer
INV8001777,B008,B008-C1067,Chemicals Client 067,Chemicals & Plastics,30,266804.76,2024-05-31,2024-06-30,closed,2024-07-01,31,1,False,False,prompt_payer
INV8001778,B008,B008-C1067,Chemicals Client 067,Chemicals & Plastics,30,140564.89,2024-06-16,2024-07-16,closed,2024-07-21,35,5,False,False,prompt_payer
INV8001779,B008,B008-C1067,Chemicals Client 067,Chemicals & Plastics,30,97503.83,2024-08-21,2024-09-20,closed,2024-09-16,26,-4,False,False,prompt_payer
INV8001780,B008,B008-C1067,Chemicals Client 067,Chemicals & Plastics,30,104747.79,2024-09-03,2024-10-03,closed,2024-10-02,29,-1,False,False,prompt_payer
INV8001781,B008,B008-C1067,Chemicals Client 067,Chemicals & Plastics,30,192511.6,2025-01-11,2025-02-10,closed,2025-02-13,33,3,False,False,prompt_payer
INV8001782,B008,B008-C1067,Chemicals Client 067,Chemicals & Plastics,30,176377.45,2025-01-25,2025-02-24,closed,2025-02-22,28,-2,False,False,prompt_payer
INV8001783,B008,B008-C1067,Chemicals Client 067,Chemicals & Plastics,30,78178.42,2025-02-12,2025-03-14,closed,2025-03-15,31,1,False,False,prompt_payer
INV8001784,B008,B008-C1067,Chemicals Client 067,Chemicals & Plastics,30,199383.94,2025-03-21,2025-04-20,closed,2025-04-18,28,-2,False,False,prompt_payer
INV8001785,B008,B008-C1067,Chemicals Client 067,Chemicals & Plastics,30,133284.86,2025-03-25,2025-04-24,closed,2025-04-28,34,4,True,False,prompt_payer
INV8001786,B008,B008-C1067,Chemicals Client 067,Chemicals & Plastics,30,99421.17,2025-04-08,2025-05-08,closed,2025-05-05,27,-3,False,False,prompt_payer
INV8001787,B008,B008-C1067,Chemicals Client 067,Chemicals & Plastics,30,128061.42,2025-05-02,2025-06-01,closed,2025-05-26,24,-6,False,False,prompt_payer
INV8001788,B008,B008-C1067,Chemicals Client 067,Chemicals & Plastics,30,95734.5,2025-07-02,2025-08-01,closed,2025-08-04,33,3,False,False,prompt_payer
INV8001789,B008,B008-C1067,Chemicals Client 067,Chemicals & Plastics,30,561976.62,2025-08-12,2025-09-11,closed,2025-09-09,28,-2,False,True,prompt_payer
INV8001790,B008,B008-C1067,Chemicals Client 067,Chemicals & Plastics,30,166233.52,2025-09-09,2025-10-09,closed,2025-10-07,28,-2,False,False,prompt_payer
INV8001791,B008,B008-C1067,Chemicals Client 067,Chemicals & Plastics,30,188250.9,2025-10-14,2025-11-13,closed,2025-11-15,32,2,False,False,prompt_payer
INV8001792,B008,B008-C1067,Chemicals Client 067,Chemicals & Plastics,30,195952.42,2025-11-08,2025-12-08,closed,2025-12-07,29,-1,True,False,prompt_payer
INV8001793,B008,B008-C1067,Chemicals Client 067,Chemicals & Plastics,30,184527.32,2025-12-31,2026-01-30,closed,2026-02-02,33,3,False,False,prompt_payer
INV8001794,B008,B008-C1067,Chemicals Client 067,Chemicals & Plastics,30,99316.14,2026-01-31,2026-03-02,closed,2026-02-24,24,-6,False,False,prompt_payer
INV8001795,B008,B008-C1067,Chemicals Client 067,Chemicals & Plastics,30,262986.22,2026-03-31,2026-04-30,closed,2026-05-03,33,3,False,True,prompt_payer
INV8001796,B008,B008-C1067,Chemicals Client 067,Chemicals & Plastics,30,171431.91,2026-05-20,2026-06-19,open,,,,False,False,prompt_payer
INV8001797,B008,B008-C1067,Chemicals Client 067,Chemicals & Plastics,30,121328.6,2026-06-09,2026-07-09,closed,2026-07-08,29,-1,False,False,prompt_payer
INV8001798,B008,B008-C1067,Chemicals Client 067,Chemicals & Plastics,30,149334.58,2026-06-30,2026-07-30,closed,2026-07-29,29,-1,False,False,prompt_payer
INV8001799,B008,B008-C1067,Chemicals Client 067,Chemicals & Plastics,30,631467.25,2026-07-07,2026-08-06,closed,2026-08-05,29,-1,False,True,prompt_payer
INV8001800,B008,B008-C1067,Chemicals Client 067,Chemicals & Plastics,30,86321.52,2026-07-19,2026-08-18,closed,2026-08-11,23,-7,False,False,prompt_payer
INV8001801,B008,B008-C1067,Chemicals Client 067,Chemicals & Plastics,30,130955.02,2026-08-23,2026-09-22,disputed_open,,,,False,False,prompt_payer
INV8001802,B008,B008-C1067,Chemicals Client 067,Chemicals & Plastics,30,868796.91,2026-08-29,2026-09-28,open,,,,False,True,prompt_payer
INV8001803,B008,B008-C1068,Textiles Client 068,Textiles & Apparel,45,153778.0,2024-09-02,2024-10-17,closed,2024-10-24,52,7,False,False,average_payer
INV8001804,B008,B008-C1068,Textiles Client 068,Textiles & Apparel,45,90789.52,2025-11-01,2025-12-16,closed,2025-12-21,50,5,False,False,average_payer
INV8001805,B008,B008-C1068,Textiles Client 068,Textiles & Apparel,45,122880.84,2025-11-15,2025-12-30,closed,2026-01-12,58,13,False,False,average_payer
INV8001806,B008,B008-C1068,Textiles Client 068,Textiles & Apparel,45,74961.75,2026-04-18,2026-06-02,closed,2026-06-09,52,7,False,False,average_payer
INV8001807,B008,B008-C1068,Textiles Client 068,Textiles & Apparel,45,87533.38,2026-05-19,2026-07-03,closed,2026-07-01,43,-2,False,False,average_payer
INV8001808,B008,B008-C1069,IT Client 069,IT & Business Services,45,146775.29,2024-05-01,2024-06-15,closed,2024-06-22,52,7,False,False,prompt_payer
INV8001809,B008,B008-C1069,IT Client 069,IT & Business Services,45,244549.55,2024-11-13,2024-12-28,closed,2024-12-25,42,-3,False,False,prompt_payer
INV8001810,B008,B008-C1069,IT Client 069,IT & Business Services,45,123642.79,2025-04-15,2025-05-30,closed,2025-06-01,47,2,False,False,prompt_payer
INV8001811,B008,B008-C1069,IT Client 069,IT & Business Services,45,136070.77,2025-06-06,2025-07-21,closed,2025-07-19,43,-2,False,False,prompt_payer
INV8001812,B008,B008-C1069,IT Client 069,IT & Business Services,45,74303.76,2025-07-21,2025-09-04,closed,2025-09-03,44,-1,False,False,prompt_payer
INV8001813,B008,B008-C1069,IT Client 069,IT & Business Services,45,142352.6,2025-09-20,2025-11-04,closed,2025-11-04,45,0,False,False,prompt_payer
INV8001814,B008,B008-C1069,IT Client 069,IT & Business Services,45,130855.52,2025-10-21,2025-12-05,closed,2025-12-04,44,-1,False,False,prompt_payer
INV8001815,B008,B008-C1069,IT Client 069,IT & Business Services,45,148704.55,2026-01-19,2026-03-05,closed,2026-03-04,44,-1,True,False,prompt_payer
INV8001816,B008,B008-C1069,IT Client 069,IT & Business Services,45,150294.83,2026-04-12,2026-05-27,closed,2026-05-24,42,-3,False,False,prompt_payer
INV8001817,B008,B008-C1069,IT Client 069,IT & Business Services,45,174548.14,2026-08-17,2026-10-01,disputed_open,,,,False,False,prompt_payer
INV8001818,B008,B008-C1069,IT Client 069,IT & Business Services,45,160024.54,2026-08-27,2026-10-11,open,,,,False,False,prompt_payer
INV8001819,B008,B008-C1070,Construction Client 070,Construction & Infra,90,196815.51,2024-06-07,2024-09-05,closed,2024-09-20,105,15,False,False,deteriorating_payer
INV8001820,B008,B008-C1070,Construction Client 070,Construction & Infra,90,122331.9,2024-06-10,2024-09-08,closed,2024-10-07,119,29,False,False,deteriorating_payer
INV8001821,B008,B008-C1070,Construction Client 070,Construction & Infra,90,219301.6,2024-07-08,2024-10-06,closed,2024-10-24,108,18,False,False,deteriorating_payer
INV8001822,B008,B008-C1070,Construction Client 070,Construction & Infra,90,105577.9,2024-07-13,2024-10-11,closed,2024-10-20,99,9,False,False,deteriorating_payer
INV8001823,B008,B008-C1070,Construction Client 070,Construction & Infra,90,83389.4,2024-07-22,2024-10-20,closed,2024-11-05,106,16,False,False,deteriorating_payer
INV8001824,B008,B008-C1070,Construction Client 070,Construction & Infra,90,114023.14,2024-08-03,2024-11-01,closed,2024-10-30,88,-2,False,False,deteriorating_payer
INV8001825,B008,B008-C1070,Construction Client 070,Construction & Infra,90,190475.97,2024-12-20,2025-03-20,closed,2025-03-29,99,9,False,False,deteriorating_payer
INV8001826,B008,B008-C1070,Construction Client 070,Construction & Infra,90,123990.68,2025-03-11,2025-06-09,closed,2025-06-27,108,18,False,False,deteriorating_payer
INV8001827,B008,B008-C1070,Construction Client 070,Construction & Infra,90,543931.39,2025-03-22,2025-06-20,closed,2025-07-03,103,13,False,True,deteriorating_payer
INV8001828,B008,B008-C1070,Construction Client 070,Construction & Infra,90,114720.67,2025-03-24,2025-06-22,closed,2025-07-09,107,17,False,False,deteriorating_payer
INV8001829,B008,B008-C1070,Construction Client 070,Construction & Infra,90,584803.43,2025-03-24,2025-06-22,closed,2025-06-20,88,-2,False,True,deteriorating_payer
INV8001830,B008,B008-C1070,Construction Client 070,Construction & Infra,90,133361.86,2025-05-14,2025-08-12,closed,2025-09-20,129,39,False,False,deteriorating_payer
INV8001831,B008,B008-C1070,Construction Client 070,Construction & Infra,90,137513.22,2025-06-29,2025-09-27,closed,2025-10-29,122,32,False,False,deteriorating_payer
INV8001832,B008,B008-C1070,Construction Client 070,Construction & Infra,90,141893.14,2025-07-02,2025-09-30,closed,2025-11-10,131,41,True,False,deteriorating_payer
INV8001833,B008,B008-C1070,Construction Client 070,Construction & Infra,90,117145.92,2025-07-14,2025-10-12,closed,2025-10-25,103,13,False,False,deteriorating_payer
INV8001834,B008,B008-C1070,Construction Client 070,Construction & Infra,90,132192.91,2025-08-11,2025-11-09,closed,2025-12-10,121,31,False,False,deteriorating_payer
INV8001835,B008,B008-C1070,Construction Client 070,Construction & Infra,90,100074.38,2025-08-22,2025-11-20,closed,2025-12-24,124,34,False,False,deteriorating_payer
INV8001836,B008,B008-C1070,Construction Client 070,Construction & Infra,90,81337.43,2025-10-15,2026-01-13,closed,2026-01-27,104,14,False,False,deteriorating_payer
INV8001837,B008,B008-C1070,Construction Client 070,Construction & Infra,90,125030.53,2025-11-23,2026-02-21,closed,2026-03-12,109,19,False,False,deteriorating_payer
INV8001838,B008,B008-C1070,Construction Client 070,Construction & Infra,90,175269.21,2025-12-25,2026-03-25,closed,2026-03-25,90,0,False,False,deteriorating_payer
INV8001839,B008,B008-C1070,Construction Client 070,Construction & Infra,90,156131.6,2026-01-08,2026-04-08,closed,2026-06-04,147,57,False,False,deteriorating_payer
INV8001840,B008,B008-C1070,Construction Client 070,Construction & Infra,90,108843.59,2026-01-14,2026-04-14,closed,2026-05-17,123,33,False,False,deteriorating_payer
INV8001841,B008,B008-C1070,Construction Client 070,Construction & Infra,90,98563.49,2026-01-27,2026-04-27,closed,2026-05-18,111,21,False,False,deteriorating_payer
INV8001842,B008,B008-C1070,Construction Client 070,Construction & Infra,90,138233.1,2026-02-05,2026-05-06,closed,2026-05-27,111,21,False,False,deteriorating_payer
INV8001843,B008,B008-C1070,Construction Client 070,Construction & Infra,90,128569.66,2026-02-13,2026-05-14,closed,2026-06-02,109,19,False,False,deteriorating_payer
INV8001844,B008,B008-C1070,Construction Client 070,Construction & Infra,90,111904.92,2026-03-07,2026-06-05,closed,2026-06-24,109,19,False,False,deteriorating_payer
INV8001845,B008,B008-C1070,Construction Client 070,Construction & Infra,90,273086.25,2026-03-18,2026-06-16,closed,2026-07-11,115,25,False,False,deteriorating_payer
INV8001846,B008,B008-C1070,Construction Client 070,Construction & Infra,90,199635.45,2026-05-22,2026-08-20,open,,,,False,False,deteriorating_payer
INV8001847,B008,B008-C1070,Construction Client 070,Construction & Infra,90,77598.77,2026-06-16,2026-09-14,open,,,,False,False,deteriorating_payer
INV8001848,B008,B008-C1070,Construction Client 070,Construction & Infra,90,146031.2,2026-06-30,2026-09-28,disputed_open,,,,False,False,deteriorating_payer
INV8001849,B008,B008-C1070,Construction Client 070,Construction & Infra,90,109763.27,2026-07-15,2026-10-13,open,,,,False,False,deteriorating_payer
INV8001850,B008,B008-C1070,Construction Client 070,Construction & Infra,90,74475.03,2026-07-22,2026-10-20,open,,,,False,False,deteriorating_payer
INV8001851,B008,B008-C1070,Construction Client 070,Construction & Infra,90,136244.29,2026-08-10,2026-11-08,open,,,,False,False,deteriorating_payer
INV8001852,B008,B008-C1070,Construction Client 070,Construction & Infra,90,110636.21,2026-08-18,2026-11-16,open,,,,False,False,deteriorating_payer
INV8001853,B008,B008-C1071,Electronics Client 071,Electronics & Electricals,30,64744.89,2024-08-11,2024-09-10,closed,2024-09-29,49,19,False,False,seasonal_payer
INV8001854,B008,B008-C1071,Electronics Client 071,Electronics & Electricals,30,68218.31,2024-10-06,2024-11-05,closed,2024-11-07,32,2,False,False,seasonal_payer
INV8001855,B008,B008-C1071,Electronics Client 071,Electronics & Electricals,30,66021.21,2024-10-16,2024-11-15,closed,2024-11-26,41,11,True,False,seasonal_payer
INV8001856,B008,B008-C1071,Electronics Client 071,Electronics & Electricals,30,64112.33,2024-11-02,2024-12-02,closed,2024-12-12,40,10,False,False,seasonal_payer
INV8001857,B008,B008-C1071,Electronics Client 071,Electronics & Electricals,30,69120.44,2024-11-17,2024-12-17,closed,2024-12-31,44,14,False,False,seasonal_payer
INV8001858,B008,B008-C1071,Electronics Client 071,Electronics & Electricals,30,83080.12,2024-11-26,2024-12-26,closed,2025-01-12,47,17,False,False,seasonal_payer
INV8001859,B008,B008-C1071,Electronics Client 071,Electronics & Electricals,30,91139.97,2024-11-29,2024-12-29,closed,2025-01-09,41,11,False,False,seasonal_payer
INV8001860,B008,B008-C1071,Electronics Client 071,Electronics & Electricals,30,97923.28,2024-12-16,2025-01-15,closed,2025-01-26,41,11,False,False,seasonal_payer
INV8001861,B008,B008-C1071,Electronics Client 071,Electronics & Electricals,30,92322.23,2025-01-04,2025-02-03,closed,2025-02-11,38,8,False,False,seasonal_payer
INV8001862,B008,B008-C1071,Electronics Client 071,Electronics & Electricals,30,483563.29,2025-03-01,2025-03-31,closed,2025-03-26,25,-5,False,True,seasonal_payer
INV8001863,B008,B008-C1071,Electronics Client 071,Electronics & Electricals,30,91467.51,2025-03-09,2025-04-08,closed,2025-04-19,41,11,True,False,seasonal_payer
INV8001864,B008,B008-C1071,Electronics Client 071,Electronics & Electricals,30,53899.67,2025-04-15,2025-05-15,closed,2025-05-16,31,1,True,False,seasonal_payer
INV8001865,B008,B008-C1071,Electronics Client 071,Electronics & Electricals,30,126489.24,2025-04-23,2025-05-23,closed,2025-05-26,33,3,False,False,seasonal_payer
INV8001866,B008,B008-C1071,Electronics Client 071,Electronics & Electricals,30,85335.64,2025-05-25,2025-06-24,closed,2025-07-08,44,14,False,False,seasonal_payer
INV8001867,B008,B008-C1071,Electronics Client 071,Electronics & Electricals,30,93847.73,2025-07-05,2025-08-04,closed,2025-08-13,39,9,False,False,seasonal_payer
INV8001868,B008,B008-C1071,Electronics Client 071,Electronics & Electricals,30,76510.12,2025-08-08,2025-09-07,closed,2025-09-28,51,21,False,False,seasonal_payer
INV8001869,B008,B008-C1071,Electronics Client 071,Electronics & Electricals,30,62553.32,2025-08-12,2025-09-11,closed,2025-09-13,32,2,False,False,seasonal_payer
INV8001870,B008,B008-C1071,Electronics Client 071,Electronics & Electricals,30,47478.63,2025-08-15,2025-09-14,closed,2025-09-23,39,9,False,False,seasonal_payer
INV8001871,B008,B008-C1071,Electronics Client 071,Electronics & Electricals,30,127134.24,2025-09-07,2025-10-07,closed,2025-10-24,47,17,False,False,seasonal_payer
INV8001872,B008,B008-C1071,Electronics Client 071,Electronics & Electricals,30,65865.53,2025-09-21,2025-10-21,closed,2025-11-07,47,17,False,False,seasonal_payer
INV8001873,B008,B008-C1071,Electronics Client 071,Electronics & Electricals,30,120203.25,2025-10-12,2025-11-11,closed,2025-11-23,42,12,False,False,seasonal_payer
INV8001874,B008,B008-C1071,Electronics Client 071,Electronics & Electricals,30,285310.07,2025-10-21,2025-11-20,closed,2025-12-03,43,13,False,True,seasonal_payer
INV8001875,B008,B008-C1071,Electronics Client 071,Electronics & Electricals,30,55469.62,2026-01-16,2026-02-15,closed,2026-02-22,37,7,False,False,seasonal_payer
INV8001876,B008,B008-C1071,Electronics Client 071,Electronics & Electricals,30,79364.04,2026-02-23,2026-03-25,closed,2026-03-21,26,-4,False,False,seasonal_payer
INV8001877,B008,B008-C1071,Electronics Client 071,Electronics & Electricals,30,82396.93,2026-04-08,2026-05-08,closed,2026-04-30,22,-8,False,False,seasonal_payer
INV8001878,B008,B008-C1071,Electronics Client 071,Electronics & Electricals,30,93524.76,2026-05-26,2026-06-25,closed,2026-06-25,30,0,False,False,seasonal_payer
INV8001879,B008,B008-C1071,Electronics Client 071,Electronics & Electricals,30,51079.54,2026-06-10,2026-07-10,closed,2026-07-22,42,12,False,False,seasonal_payer
INV8001880,B008,B008-C1071,Electronics Client 071,Electronics & Electricals,30,78847.7,2026-06-18,2026-07-18,open,,,,False,False,seasonal_payer
INV8001881,B008,B008-C1071,Electronics Client 071,Electronics & Electricals,30,87526.73,2026-07-07,2026-08-06,closed,2026-08-20,44,14,False,False,seasonal_payer
INV8001882,B008,B008-C1072,Auto Client 072,Auto Components,45,96676.34,2024-03-18,2024-05-02,closed,2024-05-09,52,7,False,False,seasonal_payer
INV8001883,B008,B008-C1072,Auto Client 072,Auto Components,45,71074.89,2024-04-05,2024-05-20,closed,2024-05-27,52,7,False,False,seasonal_payer
INV8001884,B008,B008-C1072,Auto Client 072,Auto Components,45,110625.61,2024-05-02,2024-06-16,closed,2024-06-20,49,4,False,False,seasonal_payer
INV8001885,B008,B008-C1072,Auto Client 072,Auto Components,45,82856.38,2024-07-01,2024-08-15,closed,2024-08-16,46,1,False,False,seasonal_payer
INV8001886,B008,B008-C1072,Auto Client 072,Auto Components,45,121542.29,2024-07-17,2024-08-31,closed,2024-09-11,56,11,False,False,seasonal_payer
INV8001887,B008,B008-C1072,Auto Client 072,Auto Components,45,68166.25,2024-07-18,2024-09-01,closed,2024-09-08,52,7,False,False,seasonal_payer
INV8001888,B008,B008-C1072,Auto Client 072,Auto Components,45,112179.33,2024-10-07,2024-11-21,closed,2024-11-26,50,5,False,False,seasonal_payer
INV8001889,B008,B008-C1072,Auto Client 072,Auto Components,45,73786.42,2024-12-11,2025-01-25,closed,2025-02-03,54,9,False,False,seasonal_payer
INV8001890,B008,B008-C1072,Auto Client 072,Auto Components,45,91420.92,2025-01-29,2025-03-15,closed,2025-03-30,60,15,True,False,seasonal_payer
INV8001891,B008,B008-C1072,Auto Client 072,Auto Components,45,83825.56,2025-04-25,2025-06-09,closed,2025-06-13,49,4,False,False,seasonal_payer
INV8001892,B008,B008-C1072,Auto Client 072,Auto Components,45,82863.62,2025-06-04,2025-07-19,closed,2025-07-28,54,9,False,False,seasonal_payer
INV8001893,B008,B008-C1072,Auto Client 072,Auto Components,45,126941.57,2025-06-17,2025-08-01,closed,2025-08-03,47,2,False,False,seasonal_payer
INV8001894,B008,B008-C1072,Auto Client 072,Auto Components,45,67606.59,2025-08-06,2025-09-20,closed,2025-09-30,55,10,False,False,seasonal_payer
INV8001895,B008,B008-C1072,Auto Client 072,Auto Components,45,132635.2,2025-08-09,2025-09-23,closed,2025-09-23,45,0,False,False,seasonal_payer
INV8001896,B008,B008-C1072,Auto Client 072,Auto Components,45,98408.29,2025-09-30,2025-11-14,closed,2025-11-17,48,3,False,False,seasonal_payer
INV8001897,B008,B008-C1072,Auto Client 072,Auto Components,45,176378.22,2025-10-10,2025-11-24,closed,2025-12-03,54,9,False,False,seasonal_payer
INV8001898,B008,B008-C1072,Auto Client 072,Auto Components,45,62823.59,2025-11-26,2026-01-10,closed,2026-01-23,58,13,False,False,seasonal_payer
INV8001899,B008,B008-C1072,Auto Client 072,Auto Components,45,140071.48,2025-12-09,2026-01-23,closed,2026-02-11,64,19,False,False,seasonal_payer
INV8001900,B008,B008-C1072,Auto Client 072,Auto Components,45,98830.97,2026-03-16,2026-04-30,closed,2026-05-10,55,10,False,False,seasonal_payer
INV8001901,B008,B008-C1072,Auto Client 072,Auto Components,45,129591.39,2026-03-20,2026-05-04,closed,2026-05-14,55,10,False,False,seasonal_payer
INV8001902,B008,B008-C1072,Auto Client 072,Auto Components,45,104309.13,2026-05-21,2026-07-05,closed,2026-07-10,50,5,False,False,seasonal_payer
INV8001903,B008,B008-C1073,IT Client 073,IT & Business Services,30,29828.17,2024-03-23,2024-04-22,closed,2024-04-19,27,-3,False,False,prompt_payer
INV8001904,B008,B008-C1073,IT Client 073,IT & Business Services,30,259277.52,2024-05-15,2024-06-14,closed,2024-06-13,29,-1,False,True,prompt_payer
INV8001905,B008,B008-C1073,IT Client 073,IT & Business Services,30,37128.29,2024-06-04,2024-07-04,closed,2024-07-07,33,3,False,False,prompt_payer
INV8001906,B008,B008-C1073,IT Client 073,IT & Business Services,30,40002.69,2024-08-07,2024-09-06,closed,2024-09-01,25,-5,False,False,prompt_payer
INV8001907,B008,B008-C1073,IT Client 073,IT & Business Services,30,30666.07,2024-09-14,2024-10-14,closed,2024-10-13,29,-1,False,False,prompt_payer
INV8001908,B008,B008-C1073,IT Client 073,IT & Business Services,30,33369.05,2024-10-05,2024-11-04,closed,2024-11-02,28,-2,False,False,prompt_payer
INV8001909,B008,B008-C1073,IT Client 073,IT & Business Services,30,48747.16,2024-11-23,2024-12-23,closed,2024-12-17,24,-6,False,False,prompt_payer
INV8001910,B008,B008-C1073,IT Client 073,IT & Business Services,30,36631.38,2025-01-05,2025-02-04,closed,2025-02-04,30,0,False,False,prompt_payer
INV8001911,B008,B008-C1073,IT Client 073,IT & Business Services,30,35704.24,2025-01-14,2025-02-13,closed,2025-02-10,27,-3,False,False,prompt_payer
INV8001912,B008,B008-C1073,IT Client 073,IT & Business Services,30,34083.34,2025-01-23,2025-02-22,closed,2025-02-16,24,-6,False,False,prompt_payer
INV8001913,B008,B008-C1073,IT Client 073,IT & Business Services,30,28545.43,2025-02-27,2025-03-29,closed,2025-03-31,32,2,False,False,prompt_payer
INV8001914,B008,B008-C1073,IT Client 073,IT & Business Services,30,44536.36,2025-03-02,2025-04-01,closed,2025-03-30,28,-2,False,False,prompt_payer
INV8001915,B008,B008-C1073,IT Client 073,IT & Business Services,30,20758.0,2025-04-08,2025-05-08,closed,2025-05-12,34,4,False,False,prompt_payer
INV8001916,B008,B008-C1073,IT Client 073,IT & Business Services,30,49839.37,2025-04-24,2025-05-24,closed,2025-05-20,26,-4,False,False,prompt_payer
INV8001917,B008,B008-C1073,IT Client 073,IT & Business Services,30,34362.9,2025-08-07,2025-09-06,closed,2025-09-07,31,1,False,False,prompt_payer
INV8001918,B008,B008-C1073,IT Client 073,IT & Business Services,30,24964.91,2025-09-19,2025-10-19,closed,2025-10-10,21,-9,False,False,prompt_payer
INV8001919,B008,B008-C1073,IT Client 073,IT & Business Services,30,31330.03,2025-10-22,2025-11-21,closed,2025-11-15,24,-6,False,False,prompt_payer
INV8001920,B008,B008-C1073,IT Client 073,IT & Business Services,30,30661.47,2025-11-08,2025-12-08,closed,2025-12-14,36,6,False,False,prompt_payer
INV8001921,B008,B008-C1073,IT Client 073,IT & Business Services,30,38483.46,2025-11-29,2025-12-29,closed,2025-12-26,27,-3,False,False,prompt_payer
INV8001922,B008,B008-C1073,IT Client 073,IT & Business Services,30,26163.44,2025-12-08,2026-01-07,closed,2026-01-10,33,3,False,False,prompt_payer
INV8001923,B008,B008-C1073,IT Client 073,IT & Business Services,30,30093.09,2026-02-06,2026-03-08,closed,2026-03-05,27,-3,False,False,prompt_payer
INV8001924,B008,B008-C1073,IT Client 073,IT & Business Services,30,21806.0,2026-02-08,2026-03-10,closed,2026-03-05,25,-5,False,False,prompt_payer
INV8001925,B008,B008-C1073,IT Client 073,IT & Business Services,30,30241.29,2026-02-10,2026-03-12,closed,2026-03-11,29,-1,False,False,prompt_payer
INV8001926,B008,B008-C1073,IT Client 073,IT & Business Services,30,59442.22,2026-03-29,2026-04-28,closed,2026-04-21,23,-7,False,False,prompt_payer
INV8001927,B008,B008-C1073,IT Client 073,IT & Business Services,30,47865.58,2026-04-02,2026-05-02,closed,2026-05-09,37,7,False,False,prompt_payer
INV8001928,B008,B008-C1073,IT Client 073,IT & Business Services,30,31233.83,2026-05-20,2026-06-19,closed,2026-06-24,35,5,False,False,prompt_payer
INV8001929,B008,B008-C1073,IT Client 073,IT & Business Services,30,39594.03,2026-05-28,2026-06-27,closed,2026-07-01,34,4,False,False,prompt_payer
INV8001930,B008,B008-C1074,Auto Client 074,Auto Components,45,165943.78,2024-04-19,2024-06-03,closed,2024-06-10,52,7,False,False,erratic_payer
INV8001931,B008,B008-C1074,Auto Client 074,Auto Components,45,86292.94,2024-05-09,2024-06-23,closed,2024-06-20,42,-3,False,False,erratic_payer
INV8001932,B008,B008-C1074,Auto Client 074,Auto Components,45,145768.57,2024-09-19,2024-11-03,closed,2024-11-10,52,7,False,False,erratic_payer
INV8001933,B008,B008-C1074,Auto Client 074,Auto Components,45,117867.6,2024-12-03,2025-01-17,disputed_open,,,,False,False,erratic_payer
INV8001934,B008,B008-C1074,Auto Client 074,Auto Components,45,177153.32,2024-12-06,2025-01-20,closed,2025-01-21,46,1,False,False,erratic_payer
INV8001935,B008,B008-C1074,Auto Client 074,Auto Components,45,157920.22,2025-03-07,2025-04-21,closed,2025-04-14,38,-7,False,False,erratic_payer
INV8001936,B008,B008-C1074,Auto Client 074,Auto Components,45,121682.33,2025-04-05,2025-05-20,open,,,,False,False,erratic_payer
INV8001937,B008,B008-C1074,Auto Client 074,Auto Components,45,140636.46,2025-05-06,2025-06-20,closed,2025-05-17,11,-34,False,False,erratic_payer
INV8001938,B008,B008-C1074,Auto Client 074,Auto Components,45,110454.8,2025-05-31,2025-07-15,closed,2025-07-09,39,-6,False,False,erratic_payer
INV8001939,B008,B008-C1074,Auto Client 074,Auto Components,45,81860.55,2025-06-08,2025-07-23,closed,2025-06-09,1,-44,False,False,erratic_payer
INV8001940,B008,B008-C1074,Auto Client 074,Auto Components,45,101496.15,2025-07-12,2025-08-26,closed,2025-08-27,46,1,False,False,erratic_payer
INV8001941,B008,B008-C1074,Auto Client 074,Auto Components,45,522762.51,2025-07-25,2025-09-08,closed,2025-09-10,47,2,False,True,erratic_payer
INV8001942,B008,B008-C1074,Auto Client 074,Auto Components,45,171654.45,2025-07-27,2025-09-10,closed,2025-11-02,98,53,True,False,erratic_payer
INV8001943,B008,B008-C1074,Auto Client 074,Auto Components,45,125283.81,2025-08-03,2025-09-17,closed,2025-09-27,55,10,False,False,erratic_payer
INV8001944,B008,B008-C1074,Auto Client 074,Auto Components,45,110629.74,2025-09-11,2025-10-26,open,,,,False,False,erratic_payer
INV8001945,B008,B008-C1074,Auto Client 074,Auto Components,45,130027.41,2025-09-14,2025-10-29,closed,2025-11-02,49,4,False,False,erratic_payer
INV8001946,B008,B008-C1074,Auto Client 074,Auto Components,45,95685.46,2025-10-29,2025-12-13,closed,2025-12-18,50,5,False,False,erratic_payer
INV8001947,B008,B008-C1074,Auto Client 074,Auto Components,45,113473.3,2025-12-08,2026-01-22,open,,,,False,False,erratic_payer
INV8001948,B008,B008-C1074,Auto Client 074,Auto Components,45,157042.56,2026-07-10,2026-08-24,open,,,,False,False,erratic_payer
INV8001949,B008,B008-C1075,IT Client 075,IT & Business Services,45,361202.7,2024-04-01,2024-05-16,closed,2024-05-15,44,-1,False,False,prompt_payer
INV8001950,B008,B008-C1075,IT Client 075,IT & Business Services,45,457279.26,2024-04-16,2024-05-31,closed,2024-05-28,42,-3,False,False,prompt_payer
INV8001951,B008,B008-C1075,IT Client 075,IT & Business Services,45,420900.83,2024-04-26,2024-06-10,closed,2024-06-10,45,0,False,False,prompt_payer
INV8001952,B008,B008-C1075,IT Client 075,IT & Business Services,45,324130.61,2024-04-29,2024-06-13,closed,2024-06-17,49,4,True,False,prompt_payer
INV8001953,B008,B008-C1075,IT Client 075,IT & Business Services,45,379074.13,2024-06-11,2024-07-26,closed,2024-07-21,40,-5,False,False,prompt_payer
INV8001954,B008,B008-C1075,IT Client 075,IT & Business Services,45,345651.53,2024-07-10,2024-08-24,closed,2024-08-30,51,6,False,False,prompt_payer
INV8001955,B008,B008-C1075,IT Client 075,IT & Business Services,45,335092.75,2024-07-13,2024-08-27,closed,2024-08-29,47,2,False,False,prompt_payer
INV8001956,B008,B008-C1075,IT Client 075,IT & Business Services,45,225222.97,2024-08-02,2024-09-16,closed,2024-09-23,52,7,False,False,prompt_payer
INV8001957,B008,B008-C1075,IT Client 075,IT & Business Services,45,226994.04,2024-09-16,2024-10-31,closed,2024-10-30,44,-1,False,False,prompt_payer
INV8001958,B008,B008-C1075,IT Client 075,IT & Business Services,45,335536.29,2024-09-17,2024-11-01,closed,2024-11-06,50,5,False,False,prompt_payer
INV8001959,B008,B008-C1075,IT Client 075,IT & Business Services,45,335732.28,2024-12-17,2025-01-31,closed,2025-02-02,47,2,False,False,prompt_payer
INV8001960,B008,B008-C1075,IT Client 075,IT & Business Services,45,201226.87,2024-12-20,2025-02-03,closed,2025-02-02,44,-1,False,False,prompt_payer
INV8001961,B008,B008-C1075,IT Client 075,IT & Business Services,45,753457.9,2025-01-10,2025-02-24,closed,2025-02-22,43,-2,False,True,prompt_payer
INV8001962,B008,B008-C1075,IT Client 075,IT & Business Services,45,644002.64,2025-01-17,2025-03-03,closed,2025-02-23,37,-8,False,False,prompt_payer
INV8001963,B008,B008-C1075,IT Client 075,IT & Business Services,45,368811.97,2025-01-30,2025-03-16,closed,2025-03-18,47,2,False,False,prompt_payer
INV8001964,B008,B008-C1075,IT Client 075,IT & Business Services,45,173111.09,2025-02-10,2025-03-27,closed,2025-03-29,47,2,False,False,prompt_payer
INV8001965,B008,B008-C1075,IT Client 075,IT & Business Services,45,303577.37,2025-03-21,2025-05-05,closed,2025-05-02,42,-3,False,False,prompt_payer
INV8001966,B008,B008-C1075,IT Client 075,IT & Business Services,45,238958.06,2025-05-01,2025-06-15,closed,2025-06-09,39,-6,False,False,prompt_payer
INV8001967,B008,B008-C1075,IT Client 075,IT & Business Services,45,269948.85,2025-05-09,2025-06-23,closed,2025-06-29,51,6,False,False,prompt_payer
INV8001968,B008,B008-C1075,IT Client 075,IT & Business Services,45,321036.11,2025-05-19,2025-07-03,closed,2025-07-06,48,3,False,False,prompt_payer
INV8001969,B008,B008-C1075,IT Client 075,IT & Business Services,45,278358.11,2025-05-20,2025-07-04,closed,2025-07-07,48,3,False,False,prompt_payer
INV8001970,B008,B008-C1075,IT Client 075,IT & Business Services,45,321792.71,2025-06-11,2025-07-26,closed,2025-07-31,50,5,False,False,prompt_payer
INV8001971,B008,B008-C1075,IT Client 075,IT & Business Services,45,335547.8,2025-07-07,2025-08-21,closed,2025-08-24,48,3,False,False,prompt_payer
INV8001972,B008,B008-C1075,IT Client 075,IT & Business Services,45,268529.05,2025-08-04,2025-09-18,closed,2025-09-17,44,-1,False,False,prompt_payer
INV8001973,B008,B008-C1075,IT Client 075,IT & Business Services,45,347129.79,2025-08-08,2025-09-22,closed,2025-09-24,47,2,False,False,prompt_payer
INV8001974,B008,B008-C1075,IT Client 075,IT & Business Services,45,357009.81,2025-08-17,2025-10-01,closed,2025-09-24,38,-7,False,False,prompt_payer
INV8001975,B008,B008-C1075,IT Client 075,IT & Business Services,45,359913.3,2025-09-07,2025-10-22,closed,2025-10-21,44,-1,False,False,prompt_payer
INV8001976,B008,B008-C1075,IT Client 075,IT & Business Services,45,333359.72,2025-09-13,2025-10-28,closed,2025-11-03,51,6,False,False,prompt_payer
INV8001977,B008,B008-C1075,IT Client 075,IT & Business Services,45,491169.29,2025-11-14,2025-12-29,closed,2025-12-30,46,1,True,False,prompt_payer
INV8001978,B008,B008-C1075,IT Client 075,IT & Business Services,45,1448664.04,2025-11-15,2025-12-30,closed,2025-12-26,41,-4,False,True,prompt_payer
INV8001979,B008,B008-C1075,IT Client 075,IT & Business Services,45,193431.5,2025-12-31,2026-02-14,closed,2026-02-17,48,3,False,False,prompt_payer
INV8001980,B008,B008-C1075,IT Client 075,IT & Business Services,45,282888.87,2026-01-09,2026-02-23,closed,2026-02-21,43,-2,False,False,prompt_payer
INV8001981,B008,B008-C1075,IT Client 075,IT & Business Services,45,293001.05,2026-02-09,2026-03-26,closed,2026-03-30,49,4,False,False,prompt_payer
INV8001982,B008,B008-C1075,IT Client 075,IT & Business Services,45,268546.16,2026-02-14,2026-03-31,closed,2026-03-27,41,-4,False,False,prompt_payer
INV8001983,B008,B008-C1075,IT Client 075,IT & Business Services,45,332743.24,2026-03-16,2026-04-30,closed,2026-04-29,44,-1,False,False,prompt_payer
INV8001984,B008,B008-C1075,IT Client 075,IT & Business Services,45,607737.75,2026-04-11,2026-05-26,closed,2026-05-23,42,-3,False,False,prompt_payer
INV8001985,B008,B008-C1075,IT Client 075,IT & Business Services,45,296863.79,2026-04-19,2026-06-03,closed,2026-05-30,41,-4,False,False,prompt_payer
INV8001986,B008,B008-C1075,IT Client 075,IT & Business Services,45,208121.88,2026-04-24,2026-06-08,closed,2026-06-09,46,1,False,False,prompt_payer
INV8001987,B008,B008-C1075,IT Client 075,IT & Business Services,45,333729.14,2026-05-01,2026-06-15,closed,2026-06-14,44,-1,True,False,prompt_payer
INV8001988,B008,B008-C1075,IT Client 075,IT & Business Services,45,184075.97,2026-05-02,2026-06-16,closed,2026-06-13,42,-3,True,False,prompt_payer
INV8001989,B008,B008-C1075,IT Client 075,IT & Business Services,45,246681.56,2026-05-06,2026-06-20,closed,2026-06-25,50,5,False,False,prompt_payer
INV8001990,B008,B008-C1075,IT Client 075,IT & Business Services,45,167466.67,2026-06-17,2026-08-01,closed,2026-08-04,48,3,False,False,prompt_payer
INV8001991,B008,B008-C1075,IT Client 075,IT & Business Services,45,184886.67,2026-06-19,2026-08-03,closed,2026-08-01,43,-2,False,False,prompt_payer
INV8001992,B008,B008-C1075,IT Client 075,IT & Business Services,45,370432.02,2026-06-27,2026-08-11,closed,2026-08-08,42,-3,False,False,prompt_payer
INV8001993,B008,B008-C1075,IT Client 075,IT & Business Services,45,376596.93,2026-07-23,2026-09-06,open,,,,False,False,prompt_payer
INV8001994,B008,B008-C1075,IT Client 075,IT & Business Services,45,243710.97,2026-07-31,2026-09-14,open,,,,False,False,prompt_payer
INV8001995,B008,B008-C1075,IT Client 075,IT & Business Services,45,448839.1,2026-08-30,2026-10-14,disputed_open,,,,False,False,prompt_payer
INV8001996,B008,B008-C1076,Auto Client 076,Auto Components,30,42475.76,2024-04-06,2024-05-06,closed,2024-05-26,50,20,False,False,average_payer
INV8001997,B008,B008-C1076,Auto Client 076,Auto Components,30,29223.38,2024-05-01,2024-05-31,closed,2024-06-07,37,7,False,False,average_payer
INV8001998,B008,B008-C1076,Auto Client 076,Auto Components,30,53074.87,2024-05-03,2024-06-02,closed,2024-06-08,36,6,False,False,average_payer
INV8001999,B008,B008-C1076,Auto Client 076,Auto Components,30,43866.31,2024-05-08,2024-06-07,closed,2024-06-21,44,14,False,False,average_payer
INV8002000,B008,B008-C1076,Auto Client 076,Auto Components,30,85431.22,2024-05-20,2024-06-19,closed,2024-06-25,36,6,False,False,average_payer
INV8002001,B008,B008-C1076,Auto Client 076,Auto Components,30,27303.7,2024-05-20,2024-06-19,closed,2024-06-27,38,8,False,False,average_payer
INV8002002,B008,B008-C1076,Auto Client 076,Auto Components,30,52811.03,2024-07-19,2024-08-18,closed,2024-08-20,32,2,False,False,average_payer
INV8002003,B008,B008-C1076,Auto Client 076,Auto Components,30,51976.15,2024-08-05,2024-09-04,closed,2024-09-14,40,10,False,False,average_payer
INV8002004,B008,B008-C1076,Auto Client 076,Auto Components,30,33560.23,2024-08-31,2024-09-30,closed,2024-09-30,30,0,False,False,average_payer
INV8002005,B008,B008-C1076,Auto Client 076,Auto Components,30,44296.35,2024-09-26,2024-10-26,closed,2024-10-23,27,-3,False,False,average_payer
INV8002006,B008,B008-C1076,Auto Client 076,Auto Components,30,60339.67,2024-10-20,2024-11-19,closed,2024-11-23,34,4,False,False,average_payer
INV8002007,B008,B008-C1076,Auto Client 076,Auto Components,30,52892.25,2024-12-19,2025-01-18,closed,2025-02-01,44,14,False,False,average_payer
INV8002008,B008,B008-C1076,Auto Client 076,Auto Components,30,34000.63,2024-12-28,2025-01-27,closed,2025-01-27,30,0,False,False,average_payer
INV8002009,B008,B008-C1076,Auto Client 076,Auto Components,30,39490.3,2025-01-12,2025-02-11,closed,2025-02-26,45,15,False,False,average_payer
INV8002010,B008,B008-C1076,Auto Client 076,Auto Components,30,85190.97,2025-02-13,2025-03-15,open,,,,False,False,average_payer
INV8002011,B008,B008-C1076,Auto Client 076,Auto Components,30,86123.52,2025-04-02,2025-05-02,closed,2025-05-06,34,4,False,False,average_payer
INV8002012,B008,B008-C1076,Auto Client 076,Auto Components,30,51890.64,2025-05-18,2025-06-17,closed,2025-06-24,37,7,False,False,average_payer
INV8002013,B008,B008-C1076,Auto Client 076,Auto Components,30,45537.97,2025-06-14,2025-07-14,closed,2025-07-15,31,1,False,False,average_payer
INV8002014,B008,B008-C1076,Auto Client 076,Auto Components,30,64539.78,2025-06-25,2025-07-25,closed,2025-07-30,35,5,False,False,average_payer
INV8002015,B008,B008-C1076,Auto Client 076,Auto Components,30,39712.17,2025-07-07,2025-08-06,closed,2025-07-31,24,-6,False,False,average_payer
INV8002016,B008,B008-C1076,Auto Client 076,Auto Components,30,67209.39,2025-07-27,2025-08-26,closed,2025-08-27,31,1,False,False,average_payer
INV8002017,B008,B008-C1076,Auto Client 076,Auto Components,30,52538.01,2025-09-26,2025-10-26,closed,2025-11-02,37,7,False,False,average_payer
INV8002018,B008,B008-C1076,Auto Client 076,Auto Components,30,31696.62,2025-10-01,2025-10-31,closed,2025-11-09,39,9,False,False,average_payer
INV8002019,B008,B008-C1076,Auto Client 076,Auto Components,30,27858.84,2025-10-16,2025-11-15,closed,2025-11-26,41,11,False,False,average_payer
INV8002020,B008,B008-C1076,Auto Client 076,Auto Components,30,34569.95,2025-10-25,2025-11-24,closed,2025-12-04,40,10,False,False,average_payer
INV8002021,B008,B008-C1076,Auto Client 076,Auto Components,30,28646.25,2026-03-05,2026-04-04,closed,2026-04-21,47,17,False,False,average_payer
INV8002022,B008,B008-C1076,Auto Client 076,Auto Components,30,32166.85,2026-05-11,2026-06-10,closed,2026-06-22,42,12,False,False,average_payer
INV8002023,B008,B008-C1076,Auto Client 076,Auto Components,30,58100.96,2026-05-19,2026-06-18,closed,2026-06-25,37,7,False,False,average_payer
INV8002024,B008,B008-C1076,Auto Client 076,Auto Components,30,54834.99,2026-05-23,2026-06-22,closed,2026-07-01,39,9,False,False,average_payer
INV8002025,B008,B008-C1076,Auto Client 076,Auto Components,30,46420.32,2026-06-24,2026-07-24,closed,2026-08-01,38,8,False,False,average_payer
INV8002026,B008,B008-C1076,Auto Client 076,Auto Components,30,29013.52,2026-07-28,2026-08-27,open,,,,False,False,average_payer
INV8002027,B008,B008-C1077,Metal Client 077,Metal & Engineering,30,258607.24,2024-06-05,2024-07-05,disputed_open,,,,False,False,seasonal_payer
INV8002028,B008,B008-C1077,Metal Client 077,Metal & Engineering,30,159049.61,2024-09-15,2024-10-15,closed,2024-10-20,35,5,False,False,seasonal_payer
INV8002029,B008,B008-C1077,Metal Client 077,Metal & Engineering,30,96501.27,2024-10-06,2024-11-05,closed,2024-11-02,27,-3,False,False,seasonal_payer
INV8002030,B008,B008-C1077,Metal Client 077,Metal & Engineering,30,206754.21,2024-11-24,2024-12-24,closed,2024-12-30,36,6,False,False,seasonal_payer
INV8002031,B008,B008-C1077,Metal Client 077,Metal & Engineering,30,115469.58,2024-12-11,2025-01-10,closed,2025-01-24,44,14,True,False,seasonal_payer
INV8002032,B008,B008-C1077,Metal Client 077,Metal & Engineering,30,76182.35,2024-12-12,2025-01-11,closed,2025-01-22,41,11,False,False,seasonal_payer
INV8002033,B008,B008-C1077,Metal Client 077,Metal & Engineering,30,178607.22,2024-12-16,2025-01-15,closed,2025-01-28,43,13,False,False,seasonal_payer
INV8002034,B008,B008-C1077,Metal Client 077,Metal & Engineering,30,116583.25,2025-01-05,2025-02-04,closed,2025-02-20,46,16,False,False,seasonal_payer
INV8002035,B008,B008-C1077,Metal Client 077,Metal & Engineering,30,115531.83,2025-01-23,2025-02-22,closed,2025-03-10,46,16,False,False,seasonal_payer
INV8002036,B008,B008-C1077,Metal Client 077,Metal & Engineering,30,95751.19,2025-03-06,2025-04-05,closed,2025-04-05,30,0,False,False,seasonal_payer
INV8002037,B008,B008-C1077,Metal Client 077,Metal & Engineering,30,232832.35,2025-03-17,2025-04-16,closed,2025-04-25,39,9,False,False,seasonal_payer
INV8002038,B008,B008-C1077,Metal Client 077,Metal & Engineering,30,111952.8,2025-03-24,2025-04-23,closed,2025-05-01,38,8,False,False,seasonal_payer
INV8002039,B008,B008-C1077,Metal Client 077,Metal & Engineering,30,121301.75,2025-05-03,2025-06-02,closed,2025-06-04,32,2,False,False,seasonal_payer
INV8002040,B008,B008-C1077,Metal Client 077,Metal & Engineering,30,119582.27,2025-07-13,2025-08-12,closed,2025-08-30,48,18,True,False,seasonal_payer
INV8002041,B008,B008-C1077,Metal Client 077,Metal & Engineering,30,99480.58,2025-10-15,2025-11-14,closed,2025-11-23,39,9,False,False,seasonal_payer
INV8002042,B008,B008-C1077,Metal Client 077,Metal & Engineering,30,108312.68,2025-11-12,2025-12-12,closed,2025-12-14,32,2,False,False,seasonal_payer
INV8002043,B008,B008-C1077,Metal Client 077,Metal & Engineering,30,159784.46,2025-12-15,2026-01-14,closed,2026-01-29,45,15,False,False,seasonal_payer
INV8002044,B008,B008-C1077,Metal Client 077,Metal & Engineering,30,164087.7,2026-03-22,2026-04-21,closed,2026-05-04,43,13,False,False,seasonal_payer
INV8002045,B008,B008-C1077,Metal Client 077,Metal & Engineering,30,223293.61,2026-05-20,2026-06-19,closed,2026-06-23,34,4,False,False,seasonal_payer
INV8002046,B008,B008-C1077,Metal Client 077,Metal & Engineering,30,122936.13,2026-05-27,2026-06-26,closed,2026-07-05,39,9,False,False,seasonal_payer
INV8002047,B008,B008-C1077,Metal Client 077,Metal & Engineering,30,98479.49,2026-06-30,2026-07-30,closed,2026-08-07,38,8,False,False,seasonal_payer
INV8002048,B008,B008-C1077,Metal Client 077,Metal & Engineering,30,96391.95,2026-08-09,2026-09-08,disputed_open,,,,False,False,seasonal_payer
INV8002049,B008,B008-C1077,Metal Client 077,Metal & Engineering,30,104286.95,2026-08-13,2026-09-12,open,,,,False,False,seasonal_payer
INV8002050,B008,B008-C1077,Metal Client 077,Metal & Engineering,30,154706.74,2026-08-17,2026-09-16,disputed_open,,,,False,False,seasonal_payer
INV8002051,B008,B008-C1077,Metal Client 077,Metal & Engineering,30,148367.03,2026-08-31,2026-09-30,open,,,,False,False,seasonal_payer
INV8002052,B008,B008-C1078,FMCG Client 078,FMCG & Food Processing,60,76542.41,2024-09-30,2024-11-29,closed,2024-11-08,39,-21,False,False,erratic_payer
INV8002053,B008,B008-C1078,FMCG Client 078,FMCG & Food Processing,60,103725.36,2024-10-20,2024-12-19,closed,2024-12-27,68,8,False,False,erratic_payer
INV8002054,B008,B008-C1078,FMCG Client 078,FMCG & Food Processing,60,79160.76,2024-11-06,2025-01-05,closed,2025-01-17,72,12,False,False,erratic_payer
INV8002055,B008,B008-C1078,FMCG Client 078,FMCG & Food Processing,60,44049.21,2024-11-12,2025-01-11,closed,2025-03-11,119,59,False,False,erratic_payer
INV8002056,B008,B008-C1078,FMCG Client 078,FMCG & Food Processing,60,90101.14,2024-11-29,2025-01-28,closed,2025-01-29,61,1,False,False,erratic_payer
INV8002057,B008,B008-C1078,FMCG Client 078,FMCG & Food Processing,60,113119.04,2024-12-13,2025-02-11,closed,2025-05-09,147,87,False,False,erratic_payer
INV8002058,B008,B008-C1078,FMCG Client 078,FMCG & Food Processing,60,80088.21,2025-02-21,2025-04-22,closed,2025-05-04,72,12,False,False,erratic_payer
INV8002059,B008,B008-C1078,FMCG Client 078,FMCG & Food Processing,60,93110.57,2025-03-25,2025-05-24,open,,,,False,False,erratic_payer
INV8002060,B008,B008-C1078,FMCG Client 078,FMCG & Food Processing,60,111912.43,2025-04-07,2025-06-06,closed,2025-06-22,76,16,False,False,erratic_payer
INV8002061,B008,B008-C1078,FMCG Client 078,FMCG & Food Processing,60,54807.48,2025-05-22,2025-07-21,closed,2025-07-28,67,7,False,False,erratic_payer
INV8002062,B008,B008-C1078,FMCG Client 078,FMCG & Food Processing,60,90617.32,2025-06-14,2025-08-13,closed,2025-08-11,58,-2,False,False,erratic_payer
INV8002063,B008,B008-C1078,FMCG Client 078,FMCG & Food Processing,60,70568.61,2025-06-30,2025-08-29,closed,2025-09-04,66,6,False,False,erratic_payer
INV8002064,B008,B008-C1078,FMCG Client 078,FMCG & Food Processing,60,70661.07,2025-08-03,2025-10-02,closed,2025-10-12,70,10,False,False,erratic_payer
INV8002065,B008,B008-C1078,FMCG Client 078,FMCG & Food Processing,60,63147.72,2025-08-18,2025-10-17,closed,2025-10-20,63,3,False,False,erratic_payer
INV8002066,B008,B008-C1078,FMCG Client 078,FMCG & Food Processing,60,83871.82,2025-09-28,2025-11-27,closed,2025-12-03,66,6,False,False,erratic_payer
INV8002067,B008,B008-C1078,FMCG Client 078,FMCG & Food Processing,60,119291.98,2026-01-18,2026-03-19,closed,2026-03-19,60,0,False,False,erratic_payer
INV8002068,B008,B008-C1078,FMCG Client 078,FMCG & Food Processing,60,115196.44,2026-03-30,2026-05-29,closed,2026-05-28,59,-1,False,False,erratic_payer
INV8002069,B008,B008-C1078,FMCG Client 078,FMCG & Food Processing,60,63017.88,2026-06-25,2026-08-24,open,,,,False,False,erratic_payer
INV8002070,B008,B008-C1078,FMCG Client 078,FMCG & Food Processing,60,81383.34,2026-07-05,2026-09-03,open,,,,False,False,erratic_payer
INV8002071,B008,B008-C1078,FMCG Client 078,FMCG & Food Processing,60,104642.25,2026-07-09,2026-09-07,disputed_open,,,,False,False,erratic_payer
INV8002072,B008,B008-C1078,FMCG Client 078,FMCG & Food Processing,60,73303.76,2026-08-10,2026-10-09,open,,,,False,False,erratic_payer
INV8002073,B008,B008-C1079,Chemicals Client 079,Chemicals & Plastics,30,1343823.51,2024-03-22,2024-04-21,closed,2024-04-24,33,3,False,True,prompt_payer
INV8002074,B008,B008-C1079,Chemicals Client 079,Chemicals & Plastics,30,217192.21,2024-04-05,2024-05-05,disputed_open,,,,False,False,prompt_payer
INV8002075,B008,B008-C1079,Chemicals Client 079,Chemicals & Plastics,30,201663.24,2024-05-28,2024-06-27,closed,2024-06-25,28,-2,False,False,prompt_payer
INV8002076,B008,B008-C1079,Chemicals Client 079,Chemicals & Plastics,30,427990.51,2024-07-09,2024-08-08,closed,2024-08-05,27,-3,False,False,prompt_payer
INV8002077,B008,B008-C1079,Chemicals Client 079,Chemicals & Plastics,30,327619.57,2024-07-16,2024-08-15,closed,2024-08-16,31,1,False,False,prompt_payer
INV8002078,B008,B008-C1079,Chemicals Client 079,Chemicals & Plastics,30,586563.38,2024-08-03,2024-09-02,closed,2024-08-28,25,-5,False,False,prompt_payer
INV8002079,B008,B008-C1079,Chemicals Client 079,Chemicals & Plastics,30,411426.19,2024-08-09,2024-09-08,closed,2024-09-09,31,1,False,False,prompt_payer
INV8002080,B008,B008-C1079,Chemicals Client 079,Chemicals & Plastics,30,446374.45,2024-09-22,2024-10-22,closed,2024-10-27,35,5,False,False,prompt_payer
INV8002081,B008,B008-C1079,Chemicals Client 079,Chemicals & Plastics,30,311109.54,2025-01-09,2025-02-08,closed,2025-02-12,34,4,False,False,prompt_payer
INV8002082,B008,B008-C1079,Chemicals Client 079,Chemicals & Plastics,30,1253993.93,2025-02-17,2025-03-19,closed,2025-03-19,30,0,False,True,prompt_payer
INV8002083,B008,B008-C1079,Chemicals Client 079,Chemicals & Plastics,30,521215.05,2025-02-23,2025-03-25,closed,2025-03-27,32,2,False,False,prompt_payer
INV8002084,B008,B008-C1079,Chemicals Client 079,Chemicals & Plastics,30,325611.74,2025-03-19,2025-04-18,closed,2025-04-19,31,1,False,False,prompt_payer
INV8002085,B008,B008-C1079,Chemicals Client 079,Chemicals & Plastics,30,257599.99,2025-03-20,2025-04-19,closed,2025-04-16,27,-3,False,False,prompt_payer
INV8002086,B008,B008-C1079,Chemicals Client 079,Chemicals & Plastics,30,364417.68,2025-03-22,2025-04-21,closed,2025-04-20,29,-1,False,False,prompt_payer
INV8002087,B008,B008-C1079,Chemicals Client 079,Chemicals & Plastics,30,307182.87,2025-04-12,2025-05-12,closed,2025-05-08,26,-4,False,False,prompt_payer
INV8002088,B008,B008-C1079,Chemicals Client 079,Chemicals & Plastics,30,1031775.44,2025-06-26,2025-07-26,open,,,,False,True,prompt_payer
INV8002089,B008,B008-C1079,Chemicals Client 079,Chemicals & Plastics,30,392852.51,2025-07-15,2025-08-14,closed,2025-08-22,38,8,False,False,prompt_payer
INV8002090,B008,B008-C1079,Chemicals Client 079,Chemicals & Plastics,30,1467960.22,2025-07-23,2025-08-22,closed,2025-08-20,28,-2,False,True,prompt_payer
INV8002091,B008,B008-C1079,Chemicals Client 079,Chemicals & Plastics,30,384510.51,2025-08-18,2025-09-17,closed,2025-09-18,31,1,False,False,prompt_payer
INV8002092,B008,B008-C1079,Chemicals Client 079,Chemicals & Plastics,30,323591.53,2025-12-07,2026-01-06,closed,2026-01-07,31,1,False,False,prompt_payer
INV8002093,B008,B008-C1079,Chemicals Client 079,Chemicals & Plastics,30,664345.39,2025-12-30,2026-01-29,closed,2026-01-30,31,1,False,False,prompt_payer
INV8002094,B008,B008-C1079,Chemicals Client 079,Chemicals & Plastics,30,269577.46,2026-01-24,2026-02-23,closed,2026-02-24,31,1,False,False,prompt_payer
INV8002095,B008,B008-C1079,Chemicals Client 079,Chemicals & Plastics,30,358753.53,2026-04-13,2026-05-13,closed,2026-05-12,29,-1,False,False,prompt_payer
INV8002096,B008,B008-C1079,Chemicals Client 079,Chemicals & Plastics,30,347880.54,2026-05-30,2026-06-29,closed,2026-07-01,32,2,False,False,prompt_payer
INV8002097,B008,B008-C1079,Chemicals Client 079,Chemicals & Plastics,30,163953.08,2026-06-07,2026-07-07,closed,2026-07-08,31,1,False,False,prompt_payer
INV8002098,B008,B008-C1079,Chemicals Client 079,Chemicals & Plastics,30,331168.18,2026-06-28,2026-07-28,closed,2026-07-27,29,-1,False,False,prompt_payer
INV8002099,B008,B008-C1079,Chemicals Client 079,Chemicals & Plastics,30,445520.1,2026-07-31,2026-08-30,closed,2026-09-01,32,2,False,False,prompt_payer
INV8002100,B008,B008-C1079,Chemicals Client 079,Chemicals & Plastics,30,402060.69,2026-08-24,2026-09-23,open,,,,False,False,prompt_payer
INV8002101,B008,B008-C1080,Chemicals Client 080,Chemicals & Plastics,90,132907.08,2024-07-13,2024-10-11,closed,2024-10-29,108,18,False,False,average_payer
INV8002102,B008,B008-C1080,Chemicals Client 080,Chemicals & Plastics,90,182525.01,2024-11-15,2025-02-13,closed,2025-02-23,100,10,True,False,average_payer
INV8002103,B008,B008-C1080,Chemicals Client 080,Chemicals & Plastics,90,155993.82,2024-11-21,2025-02-19,closed,2025-02-16,87,-3,False,False,average_payer
INV8002104,B008,B008-C1080,Chemicals Client 080,Chemicals & Plastics,90,123736.94,2024-11-28,2025-02-26,closed,2025-02-28,92,2,False,False,average_payer
INV8002105,B008,B008-C1080,Chemicals Client 080,Chemicals & Plastics,90,231331.37,2024-12-26,2025-03-26,closed,2025-03-19,83,-7,False,False,average_payer
INV8002106,B008,B008-C1080,Chemicals Client 080,Chemicals & Plastics,90,154442.02,2025-02-05,2025-05-06,closed,2025-05-09,93,3,False,False,average_payer
INV8002107,B008,B008-C1080,Chemicals Client 080,Chemicals & Plastics,90,178253.83,2025-05-29,2025-08-27,closed,2025-09-01,95,5,False,False,average_payer
INV8002108,B008,B008-C1080,Chemicals Client 080,Chemicals & Plastics,90,129216.71,2025-06-26,2025-09-24,closed,2025-10-07,103,13,False,False,average_payer
INV8002109,B008,B008-C1080,Chemicals Client 080,Chemicals & Plastics,90,181447.5,2025-08-03,2025-11-01,closed,2025-10-27,85,-5,False,False,average_payer
INV8002110,B008,B008-C1080,Chemicals Client 080,Chemicals & Plastics,90,137994.23,2026-03-26,2026-06-24,closed,2026-07-06,102,12,False,False,average_payer
INV8002111,B008,B008-C1080,Chemicals Client 080,Chemicals & Plastics,90,147347.84,2026-04-20,2026-07-19,closed,2026-07-26,97,7,False,False,average_payer
INV8002112,B008,B008-C1080,Chemicals Client 080,Chemicals & Plastics,90,200814.32,2026-05-04,2026-08-02,closed,2026-08-09,97,7,False,False,average_payer
INV8002113,B008,B008-C1080,Chemicals Client 080,Chemicals & Plastics,90,261696.06,2026-06-12,2026-09-10,open,,,,False,False,average_payer
INV8002114,B008,B008-C1081,Auto Client 081,Auto Components,60,146139.36,2024-04-12,2024-06-11,closed,2024-06-16,65,5,False,False,average_payer
INV8002115,B008,B008-C1081,Auto Client 081,Auto Components,60,148413.83,2024-05-10,2024-07-09,closed,2024-07-22,73,13,False,False,average_payer
INV8002116,B008,B008-C1081,Auto Client 081,Auto Components,60,232360.89,2024-05-18,2024-07-17,closed,2024-07-20,63,3,False,False,average_payer
INV8002117,B008,B008-C1081,Auto Client 081,Auto Components,60,140638.06,2024-05-27,2024-07-26,closed,2024-08-02,67,7,False,False,average_payer
INV8002118,B008,B008-C1081,Auto Client 081,Auto Components,60,400698.06,2024-06-01,2024-07-31,closed,2024-08-13,73,13,False,True,average_payer
INV8002119,B008,B008-C1081,Auto Client 081,Auto Components,60,128821.9,2024-06-02,2024-08-01,closed,2024-08-07,66,6,False,False,average_payer
INV8002120,B008,B008-C1081,Auto Client 081,Auto Components,60,155388.72,2024-06-08,2024-08-07,closed,2024-08-13,66,6,False,False,average_payer
INV8002121,B008,B008-C1081,Auto Client 081,Auto Components,60,80868.03,2024-07-20,2024-09-18,closed,2024-09-21,63,3,False,False,average_payer
INV8002122,B008,B008-C1081,Auto Client 081,Auto Components,60,96867.79,2024-08-10,2024-10-09,disputed_open,,,,False,False,average_payer
INV8002123,B008,B008-C1081,Auto Client 081,Auto Components,60,95982.34,2024-09-02,2024-11-01,closed,2024-10-28,56,-4,True,False,average_payer
INV8002124,B008,B008-C1081,Auto Client 081,Auto Components,60,135926.96,2024-09-14,2024-11-13,closed,2024-11-20,67,7,False,False,average_payer
INV8002125,B008,B008-C1081,Auto Client 081,Auto Components,60,135180.17,2024-09-23,2024-11-22,closed,2024-12-06,74,14,False,False,average_payer
INV8002126,B008,B008-C1081,Auto Client 081,Auto Components,60,222444.07,2024-10-26,2024-12-25,closed,2025-01-02,68,8,False,False,average_payer
INV8002127,B008,B008-C1081,Auto Client 081,Auto Components,60,172632.25,2024-11-07,2025-01-06,closed,2025-01-15,69,9,False,False,average_payer
INV8002128,B008,B008-C1081,Auto Client 081,Auto Components,60,86521.69,2024-11-30,2025-01-29,closed,2025-01-29,60,0,False,False,average_payer
INV8002129,B008,B008-C1081,Auto Client 081,Auto Components,60,77786.06,2025-01-09,2025-03-10,closed,2025-03-18,68,8,False,False,average_payer
INV8002130,B008,B008-C1081,Auto Client 081,Auto Components,60,138831.64,2025-01-11,2025-03-12,closed,2025-03-09,57,-3,False,False,average_payer
INV8002131,B008,B008-C1081,Auto Client 081,Auto Components,60,117664.47,2025-03-22,2025-05-21,closed,2025-06-01,71,11,False,False,average_payer
INV8002132,B008,B008-C1081,Auto Client 081,Auto Components,60,186269.62,2025-04-22,2025-06-21,closed,2025-06-28,67,7,False,False,average_payer
INV8002133,B008,B008-C1081,Auto Client 081,Auto Components,60,91813.4,2025-06-07,2025-08-06,closed,2025-08-14,68,8,False,False,average_payer
INV8002134,B008,B008-C1081,Auto Client 081,Auto Components,60,369459.07,2025-06-28,2025-08-27,closed,2025-09-07,71,11,False,True,average_payer
INV8002135,B008,B008-C1081,Auto Client 081,Auto Components,60,154691.17,2025-06-28,2025-08-27,closed,2025-09-04,68,8,False,False,average_payer
INV8002136,B008,B008-C1081,Auto Client 081,Auto Components,60,193878.71,2025-08-17,2025-10-16,closed,2025-10-16,60,0,False,False,average_payer
INV8002137,B008,B008-C1081,Auto Client 081,Auto Components,60,99595.53,2025-09-19,2025-11-18,closed,2025-11-18,60,0,False,False,average_payer
INV8002138,B008,B008-C1081,Auto Client 081,Auto Components,60,707840.11,2025-10-20,2025-12-19,closed,2025-12-28,69,9,False,True,average_payer
INV8002139,B008,B008-C1081,Auto Client 081,Auto Components,60,143511.96,2025-11-15,2026-01-14,closed,2026-01-29,75,15,False,False,average_payer
INV8002140,B008,B008-C1081,Auto Client 081,Auto Components,60,85056.43,2025-11-18,2026-01-17,closed,2026-01-20,63,3,False,False,average_payer
INV8002141,B008,B008-C1081,Auto Client 081,Auto Components,60,71797.09,2025-12-11,2026-02-09,closed,2026-02-22,73,13,False,False,average_payer
INV8002142,B008,B008-C1081,Auto Client 081,Auto Components,60,123097.04,2025-12-18,2026-02-16,closed,2026-02-08,52,-8,False,False,average_payer
INV8002143,B008,B008-C1081,Auto Client 081,Auto Components,60,103471.19,2025-12-24,2026-02-22,closed,2026-03-04,70,10,False,False,average_payer
INV8002144,B008,B008-C1081,Auto Client 081,Auto Components,60,183361.8,2025-12-26,2026-02-24,closed,2026-03-02,66,6,False,False,average_payer
INV8002145,B008,B008-C1081,Auto Client 081,Auto Components,60,159894.54,2026-02-21,2026-04-22,closed,2026-04-22,60,0,False,False,average_payer
INV8002146,B008,B008-C1081,Auto Client 081,Auto Components,60,147763.63,2026-02-28,2026-04-29,closed,2026-05-16,77,17,False,False,average_payer
INV8002147,B008,B008-C1081,Auto Client 081,Auto Components,60,150777.62,2026-03-12,2026-05-11,closed,2026-05-16,65,5,False,False,average_payer
INV8002148,B008,B008-C1081,Auto Client 081,Auto Components,60,157104.04,2026-04-06,2026-06-05,closed,2026-06-03,58,-2,False,False,average_payer
INV8002149,B008,B008-C1081,Auto Client 081,Auto Components,60,222087.41,2026-05-08,2026-07-07,closed,2026-07-14,67,7,False,False,average_payer
INV8002150,B008,B008-C1081,Auto Client 081,Auto Components,60,155980.99,2026-06-30,2026-08-29,closed,2026-09-01,63,3,False,False,average_payer
INV8002151,B008,B008-C1082,Retail Client 082,Retail & Distribution,30,36076.89,2024-05-08,2024-06-07,closed,2024-07-23,76,46,False,False,improving_payer
INV8002152,B008,B008-C1082,Retail Client 082,Retail & Distribution,30,27596.22,2024-09-22,2024-10-22,closed,2024-11-25,64,34,False,False,improving_payer
INV8002153,B008,B008-C1082,Retail Client 082,Retail & Distribution,30,22001.45,2024-11-04,2024-12-04,closed,2024-12-16,42,12,False,False,improving_payer
INV8002154,B008,B008-C1082,Retail Client 082,Retail & Distribution,30,25106.81,2024-12-29,2025-01-28,closed,2025-03-01,62,32,False,False,improving_payer
INV8002155,B008,B008-C1082,Retail Client 082,Retail & Distribution,30,25013.79,2025-10-31,2025-11-30,closed,2025-12-02,32,2,False,False,improving_payer
INV8002156,B008,B008-C1082,Retail Client 082,Retail & Distribution,30,32008.67,2026-07-12,2026-08-11,closed,2026-08-14,33,3,False,False,improving_payer
INV8002157,B008,B008-C1083,Auto Client 083,Auto Components,30,131935.65,2024-04-01,2024-05-01,closed,2024-04-25,24,-6,False,False,prompt_payer
INV8002158,B008,B008-C1083,Auto Client 083,Auto Components,30,138399.38,2024-04-20,2024-05-20,closed,2024-05-18,28,-2,False,False,prompt_payer
INV8002159,B008,B008-C1083,Auto Client 083,Auto Components,30,117897.64,2024-05-16,2024-06-15,closed,2024-06-14,29,-1,False,False,prompt_payer
INV8002160,B008,B008-C1083,Auto Client 083,Auto Components,30,110251.53,2024-05-21,2024-06-20,closed,2024-06-24,34,4,False,False,prompt_payer
INV8002161,B008,B008-C1083,Auto Client 083,Auto Components,30,104838.19,2024-05-25,2024-06-24,closed,2024-06-27,33,3,False,False,prompt_payer
INV8002162,B008,B008-C1083,Auto Client 083,Auto Components,30,68092.95,2024-05-27,2024-06-26,closed,2024-06-22,26,-4,False,False,prompt_payer
INV8002163,B008,B008-C1083,Auto Client 083,Auto Components,30,113152.91,2024-06-02,2024-07-02,closed,2024-07-06,34,4,False,False,prompt_payer
INV8002164,B008,B008-C1083,Auto Client 083,Auto Components,30,97449.55,2024-06-19,2024-07-19,closed,2024-07-18,29,-1,False,False,prompt_payer
INV8002165,B008,B008-C1083,Auto Client 083,Auto Components,30,145654.69,2024-06-27,2024-07-27,closed,2024-07-31,34,4,False,False,prompt_payer
INV8002166,B008,B008-C1083,Auto Client 083,Auto Components,30,154228.86,2024-07-03,2024-08-02,closed,2024-07-30,27,-3,False,False,prompt_payer
INV8002167,B008,B008-C1083,Auto Client 083,Auto Components,30,92735.97,2024-07-14,2024-08-13,closed,2024-08-15,32,2,False,False,prompt_payer
INV8002168,B008,B008-C1083,Auto Client 083,Auto Components,30,72878.24,2024-07-14,2024-08-13,closed,2024-08-21,38,8,False,False,prompt_payer
INV8002169,B008,B008-C1083,Auto Client 083,Auto Components,30,80703.44,2024-07-26,2024-08-25,closed,2024-08-26,31,1,False,False,prompt_payer
INV8002170,B008,B008-C1083,Auto Client 083,Auto Components,30,84452.86,2024-07-26,2024-08-25,closed,2024-08-29,34,4,False,False,prompt_payer
INV8002171,B008,B008-C1083,Auto Client 083,Auto Components,30,105342.49,2024-07-31,2024-08-30,closed,2024-09-07,38,8,False,False,prompt_payer
INV8002172,B008,B008-C1083,Auto Client 083,Auto Components,30,83636.17,2024-08-15,2024-09-14,closed,2024-09-15,31,1,False,False,prompt_payer
INV8002173,B008,B008-C1083,Auto Client 083,Auto Components,30,101137.98,2024-12-14,2025-01-13,closed,2025-01-14,31,1,False,False,prompt_payer
INV8002174,B008,B008-C1083,Auto Client 083,Auto Components,30,154249.09,2024-12-27,2025-01-26,closed,2025-01-25,29,-1,False,False,prompt_payer
INV8002175,B008,B008-C1083,Auto Client 083,Auto Components,30,135758.61,2025-04-10,2025-05-10,closed,2025-05-11,31,1,False,False,prompt_payer
INV8002176,B008,B008-C1083,Auto Client 083,Auto Components,30,110421.74,2025-05-13,2025-06-12,closed,2025-06-15,33,3,False,False,prompt_payer
INV8002177,B008,B008-C1083,Auto Client 083,Auto Components,30,107842.94,2025-05-15,2025-06-14,closed,2025-06-18,34,4,False,False,prompt_payer
INV8002178,B008,B008-C1083,Auto Client 083,Auto Components,30,92553.04,2025-05-23,2025-06-22,closed,2025-06-25,33,3,False,False,prompt_payer
INV8002179,B008,B008-C1083,Auto Client 083,Auto Components,30,74036.6,2025-06-07,2025-07-07,closed,2025-07-07,30,0,False,False,prompt_payer
INV8002180,B008,B008-C1083,Auto Client 083,Auto Components,30,141129.19,2025-06-30,2025-07-30,closed,2025-08-07,38,8,False,False,prompt_payer
INV8002181,B008,B008-C1083,Auto Client 083,Auto Components,30,146563.62,2025-07-05,2025-08-04,closed,2025-07-31,26,-4,False,False,prompt_payer
INV8002182,B008,B008-C1083,Auto Client 083,Auto Components,30,128631.36,2025-07-25,2025-08-24,closed,2025-08-20,26,-4,False,False,prompt_payer
INV8002183,B008,B008-C1083,Auto Client 083,Auto Components,30,92244.5,2025-08-13,2025-09-12,closed,2025-09-11,29,-1,False,False,prompt_payer
INV8002184,B008,B008-C1083,Auto Client 083,Auto Components,30,96903.68,2025-09-30,2025-10-30,closed,2025-11-07,38,8,False,False,prompt_payer
INV8002185,B008,B008-C1083,Auto Client 083,Auto Components,30,59858.14,2025-10-03,2025-11-02,closed,2025-10-27,24,-6,False,False,prompt_payer
INV8002186,B008,B008-C1083,Auto Client 083,Auto Components,30,135855.01,2025-10-12,2025-11-11,closed,2025-11-12,31,1,True,False,prompt_payer
INV8002187,B008,B008-C1083,Auto Client 083,Auto Components,30,141033.25,2025-10-22,2025-11-21,closed,2025-11-21,30,0,False,False,prompt_payer
INV8002188,B008,B008-C1083,Auto Client 083,Auto Components,30,172420.46,2025-10-30,2025-11-29,closed,2025-11-26,27,-3,False,False,prompt_payer
INV8002189,B008,B008-C1083,Auto Client 083,Auto Components,30,109416.12,2025-11-02,2025-12-02,closed,2025-11-29,27,-3,False,False,prompt_payer
INV8002190,B008,B008-C1083,Auto Client 083,Auto Components,30,128286.02,2025-12-03,2026-01-02,closed,2025-12-30,27,-3,False,False,prompt_payer
INV8002191,B008,B008-C1083,Auto Client 083,Auto Components,30,188487.27,2025-12-22,2026-01-21,closed,2026-01-24,33,3,False,False,prompt_payer
INV8002192,B008,B008-C1083,Auto Client 083,Auto Components,30,123542.08,2025-12-25,2026-01-24,closed,2026-01-19,25,-5,False,False,prompt_payer
INV8002193,B008,B008-C1083,Auto Client 083,Auto Components,30,112808.54,2026-01-12,2026-02-11,closed,2026-02-16,35,5,False,False,prompt_payer
INV8002194,B008,B008-C1083,Auto Client 083,Auto Components,30,158940.23,2026-02-04,2026-03-06,closed,2026-03-06,30,0,False,False,prompt_payer
INV8002195,B008,B008-C1083,Auto Client 083,Auto Components,30,134793.47,2026-03-27,2026-04-26,closed,2026-05-01,35,5,False,False,prompt_payer
INV8002196,B008,B008-C1083,Auto Client 083,Auto Components,30,108776.2,2026-04-03,2026-05-03,closed,2026-05-09,36,6,False,False,prompt_payer
INV8002197,B008,B008-C1083,Auto Client 083,Auto Components,30,128369.2,2026-04-05,2026-05-05,closed,2026-05-02,27,-3,False,False,prompt_payer
INV8002198,B008,B008-C1083,Auto Client 083,Auto Components,30,101119.61,2026-04-28,2026-05-28,closed,2026-05-26,28,-2,False,False,prompt_payer
INV8002199,B008,B008-C1083,Auto Client 083,Auto Components,30,146964.76,2026-06-02,2026-07-02,closed,2026-07-03,31,1,False,False,prompt_payer
INV8002200,B008,B008-C1083,Auto Client 083,Auto Components,30,152967.92,2026-06-03,2026-07-03,closed,2026-07-01,28,-2,False,False,prompt_payer
INV8002201,B008,B008-C1083,Auto Client 083,Auto Components,30,98755.95,2026-06-12,2026-07-12,closed,2026-07-11,29,-1,False,False,prompt_payer
INV8002202,B008,B008-C1083,Auto Client 083,Auto Components,30,87127.86,2026-06-13,2026-07-13,closed,2026-07-15,32,2,False,False,prompt_payer
INV8002203,B008,B008-C1083,Auto Client 083,Auto Components,30,151426.38,2026-06-21,2026-07-21,closed,2026-07-19,28,-2,False,False,prompt_payer
INV8002204,B008,B008-C1083,Auto Client 083,Auto Components,30,125003.81,2026-07-24,2026-08-23,closed,2026-08-25,32,2,False,False,prompt_payer
INV8002205,B008,B008-C1083,Auto Client 083,Auto Components,30,129944.09,2026-08-16,2026-09-15,open,,,,False,False,prompt_payer
INV8002206,B008,B008-C1084,Auto Client 084,Auto Components,30,73935.78,2024-08-21,2024-09-20,closed,2024-10-21,61,31,False,False,improving_payer
INV8002207,B008,B008-C1084,Auto Client 084,Auto Components,30,78605.9,2024-09-22,2024-10-22,closed,2024-12-03,72,42,False,False,improving_payer
INV8002208,B008,B008-C1084,Auto Client 084,Auto Components,30,86566.84,2024-10-03,2024-11-02,closed,2024-12-04,62,32,False,True,improving_payer
INV8002209,B008,B008-C1084,Auto Client 084,Auto Components,30,57827.38,2024-10-28,2024-11-27,closed,2024-12-26,59,29,False,False,improving_payer
INV8002210,B008,B008-C1084,Auto Client 084,Auto Components,30,34058.73,2024-10-29,2024-11-28,closed,2025-01-11,74,44,False,False,improving_payer
INV8002211,B008,B008-C1084,Auto Client 084,Auto Components,30,49144.98,2024-11-13,2024-12-13,closed,2025-01-18,66,36,False,False,improving_payer
INV8002212,B008,B008-C1084,Auto Client 084,Auto Components,30,30004.22,2025-01-21,2025-02-20,closed,2025-02-27,37,7,False,False,improving_payer
INV8002213,B008,B008-C1084,Auto Client 084,Auto Components,30,39893.9,2025-02-14,2025-03-16,closed,2025-04-14,59,29,False,False,improving_payer
INV8002214,B008,B008-C1084,Auto Client 084,Auto Components,30,52936.82,2025-04-15,2025-05-15,closed,2025-06-08,54,24,False,False,improving_payer
INV8002215,B008,B008-C1084,Auto Client 084,Auto Components,30,410240.82,2025-06-02,2025-07-02,closed,2025-07-17,45,15,False,True,improving_payer
INV8002216,B008,B008-C1084,Auto Client 084,Auto Components,30,40759.14,2025-06-18,2025-07-18,closed,2025-07-29,41,11,False,False,improving_payer
INV8002217,B008,B008-C1084,Auto Client 084,Auto Components,30,42656.0,2025-07-29,2025-08-28,closed,2025-09-03,36,6,False,False,improving_payer
INV8002218,B008,B008-C1084,Auto Client 084,Auto Components,30,33619.31,2025-08-04,2025-09-03,closed,2025-09-27,54,24,False,False,improving_payer
INV8002219,B008,B008-C1084,Auto Client 084,Auto Components,30,67373.96,2025-09-25,2025-10-25,closed,2025-10-29,34,4,False,False,improving_payer
INV8002220,B008,B008-C1084,Auto Client 084,Auto Components,30,27545.38,2025-10-05,2025-11-04,closed,2025-10-30,25,-5,False,False,improving_payer
INV8002221,B008,B008-C1084,Auto Client 084,Auto Components,30,24485.08,2025-11-16,2025-12-16,closed,2025-12-25,39,9,False,False,improving_payer
INV8002222,B008,B008-C1084,Auto Client 084,Auto Components,30,43580.38,2025-11-27,2025-12-27,closed,2025-12-31,34,4,False,False,improving_payer
INV8002223,B008,B008-C1084,Auto Client 084,Auto Components,30,69805.16,2026-01-19,2026-02-18,closed,2026-02-26,38,8,False,False,improving_payer
INV8002224,B008,B008-C1084,Auto Client 084,Auto Components,30,334366.22,2026-02-11,2026-03-13,closed,2026-03-19,36,6,False,True,improving_payer
INV8002225,B008,B008-C1084,Auto Client 084,Auto Components,30,74413.01,2026-03-20,2026-04-19,closed,2026-05-01,42,12,True,False,improving_payer
INV8002226,B008,B008-C1084,Auto Client 084,Auto Components,30,39130.21,2026-08-14,2026-09-13,disputed_open,,,,False,False,improving_payer
INV8002227,B008,B008-C1084,Auto Client 084,Auto Components,30,41295.36,2026-08-29,2026-09-28,open,,,,False,False,improving_payer
INV8002228,B008,B008-C1085,FMCG Client 085,FMCG & Food Processing,45,149761.87,2024-03-25,2024-05-09,closed,2024-05-14,50,5,False,False,average_payer
INV8002229,B008,B008-C1085,FMCG Client 085,FMCG & Food Processing,45,236772.97,2024-04-08,2024-05-23,closed,2024-05-30,52,7,False,False,average_payer
INV8002230,B008,B008-C1085,FMCG Client 085,FMCG & Food Processing,45,135158.3,2024-04-22,2024-06-06,closed,2024-06-16,55,10,False,False,average_payer
INV8002231,B008,B008-C1085,FMCG Client 085,FMCG & Food Processing,45,218435.34,2024-05-15,2024-06-29,closed,2024-06-27,43,-2,False,False,average_payer
INV8002232,B008,B008-C1085,FMCG Client 085,FMCG & Food Processing,45,195578.32,2024-05-16,2024-06-30,closed,2024-07-10,55,10,False,False,average_payer
INV8002233,B008,B008-C1085,FMCG Client 085,FMCG & Food Processing,45,256428.65,2024-05-17,2024-07-01,closed,2024-06-28,42,-3,False,False,average_payer
INV8002234,B008,B008-C1085,FMCG Client 085,FMCG & Food Processing,45,140177.44,2024-05-27,2024-07-11,closed,2024-07-04,38,-7,False,False,average_payer
INV8002235,B008,B008-C1085,FMCG Client 085,FMCG & Food Processing,45,130876.48,2024-07-03,2024-08-17,closed,2024-08-18,46,1,False,False,average_payer
INV8002236,B008,B008-C1085,FMCG Client 085,FMCG & Food Processing,45,156437.52,2024-07-04,2024-08-18,closed,2024-08-21,48,3,False,False,average_payer
INV8002237,B008,B008-C1085,FMCG Client 085,FMCG & Food Processing,45,125270.97,2024-07-15,2024-08-29,closed,2024-08-29,45,0,False,False,average_payer
INV8002238,B008,B008-C1085,FMCG Client 085,FMCG & Food Processing,45,139891.94,2024-07-17,2024-08-31,closed,2024-09-05,50,5,False,False,average_payer
INV8002239,B008,B008-C1085,FMCG Client 085,FMCG & Food Processing,45,122872.16,2024-07-28,2024-09-11,closed,2024-09-17,51,6,False,False,average_payer
INV8002240,B008,B008-C1085,FMCG Client 085,FMCG & Food Processing,45,122376.21,2024-07-29,2024-09-12,closed,2024-09-11,44,-1,False,False,average_payer
INV8002241,B008,B008-C1085,FMCG Client 085,FMCG & Food Processing,45,192787.59,2024-08-05,2024-09-19,closed,2024-09-27,53,8,False,False,average_payer
INV8002242,B008,B008-C1085,FMCG Client 085,FMCG & Food Processing,45,260592.79,2024-08-08,2024-09-22,closed,2024-10-11,64,19,False,False,average_payer
INV8002243,B008,B008-C1085,FMCG Client 085,FMCG & Food Processing,45,148603.3,2024-08-29,2024-10-13,closed,2024-10-25,57,12,False,False,average_payer
INV8002244,B008,B008-C1085,FMCG Client 085,FMCG & Food Processing,45,175809.64,2024-10-14,2024-11-28,closed,2024-11-29,46,1,False,False,average_payer
INV8002245,B008,B008-C1085,FMCG Client 085,FMCG & Food Processing,45,92433.4,2024-11-04,2024-12-19,closed,2024-12-23,49,4,False,False,average_payer
INV8002246,B008,B008-C1085,FMCG Client 085,FMCG & Food Processing,45,149998.6,2024-11-10,2024-12-25,closed,2024-12-26,46,1,False,False,average_payer
INV8002247,B008,B008-C1085,FMCG Client 085,FMCG & Food Processing,45,119711.57,2024-12-08,2025-01-22,closed,2025-02-02,56,11,False,False,average_payer
INV8002248,B008,B008-C1085,FMCG Client 085,FMCG & Food Processing,45,202735.33,2024-12-10,2025-01-24,closed,2025-01-31,52,7,False,False,average_payer
INV8002249,B008,B008-C1085,FMCG Client 085,FMCG & Food Processing,45,208921.13,2024-12-15,2025-01-29,closed,2025-02-10,57,12,False,False,average_payer
INV8002250,B008,B008-C1085,FMCG Client 085,FMCG & Food Processing,45,138201.45,2024-12-24,2025-02-07,closed,2025-02-26,64,19,False,False,average_payer
INV8002251,B008,B008-C1085,FMCG Client 085,FMCG & Food Processing,45,242546.26,2024-12-28,2025-02-11,closed,2025-02-16,50,5,False,False,average_payer
INV8002252,B008,B008-C1085,FMCG Client 085,FMCG & Food Processing,45,111635.38,2025-02-23,2025-04-09,closed,2025-04-17,53,8,False,False,average_payer
INV8002253,B008,B008-C1085,FMCG Client 085,FMCG & Food Processing,45,229539.84,2025-02-27,2025-04-13,closed,2025-05-01,63,18,False,False,average_payer
INV8002254,B008,B008-C1085,FMCG Client 085,FMCG & Food Processing,45,120106.89,2025-03-24,2025-05-08,closed,2025-05-01,38,-7,False,False,average_payer
INV8002255,B008,B008-C1085,FMCG Client 085,FMCG & Food Processing,45,173570.42,2025-04-18,2025-06-02,open,,,,False,False,average_payer
INV8002256,B008,B008-C1085,FMCG Client 085,FMCG & Food Processing,45,117519.02,2025-05-05,2025-06-19,closed,2025-06-28,54,9,False,False,average_payer
INV8002257,B008,B008-C1085,FMCG Client 085,FMCG & Food Processing,45,91048.5,2025-06-10,2025-07-25,closed,2025-07-28,48,3,False,False,average_payer
INV8002258,B008,B008-C1085,FMCG Client 085,FMCG & Food Processing,45,115887.32,2025-06-25,2025-08-09,closed,2025-08-31,67,22,False,False,average_payer
INV8002259,B008,B008-C1085,FMCG Client 085,FMCG & Food Processing,45,193740.21,2025-06-27,2025-08-11,closed,2025-08-02,36,-9,False,False,average_payer
INV8002260,B008,B008-C1085,FMCG Client 085,FMCG & Food Processing,45,177081.13,2025-09-13,2025-10-28,closed,2025-11-06,54,9,False,False,average_payer
INV8002261,B008,B008-C1085,FMCG Client 085,FMCG & Food Processing,45,217939.86,2025-09-27,2025-11-11,closed,2025-11-09,43,-2,False,False,average_payer
INV8002262,B008,B008-C1085,FMCG Client 085,FMCG & Food Processing,45,133938.81,2025-10-12,2025-11-26,closed,2025-12-01,50,5,False,False,average_payer
INV8002263,B008,B008-C1085,FMCG Client 085,FMCG & Food Processing,45,733085.08,2025-11-14,2025-12-29,closed,2026-01-07,54,9,False,True,average_payer
INV8002264,B008,B008-C1085,FMCG Client 085,FMCG & Food Processing,45,97910.39,2025-12-04,2026-01-18,closed,2026-01-25,52,7,False,False,average_payer
INV8002265,B008,B008-C1085,FMCG Client 085,FMCG & Food Processing,45,170798.27,2025-12-28,2026-02-11,closed,2026-02-06,40,-5,False,False,average_payer
INV8002266,B008,B008-C1085,FMCG Client 085,FMCG & Food Processing,45,187556.47,2026-01-01,2026-02-15,closed,2026-02-11,41,-4,False,False,average_payer
INV8002267,B008,B008-C1085,FMCG Client 085,FMCG & Food Processing,45,119397.71,2026-01-10,2026-02-24,closed,2026-03-05,54,9,False,False,average_payer
INV8002268,B008,B008-C1085,FMCG Client 085,FMCG & Food Processing,45,166302.3,2026-01-21,2026-03-07,closed,2026-03-13,51,6,False,False,average_payer
INV8002269,B008,B008-C1085,FMCG Client 085,FMCG & Food Processing,45,122033.42,2026-01-23,2026-03-09,closed,2026-03-21,57,12,False,False,average_payer
INV8002270,B008,B008-C1085,FMCG Client 085,FMCG & Food Processing,45,155900.1,2026-02-02,2026-03-19,closed,2026-04-02,59,14,True,False,average_payer
INV8002271,B008,B008-C1085,FMCG Client 085,FMCG & Food Processing,45,108177.36,2026-02-22,2026-04-08,closed,2026-04-20,57,12,False,False,average_payer
INV8002272,B008,B008-C1085,FMCG Client 085,FMCG & Food Processing,45,131433.71,2026-02-28,2026-04-14,closed,2026-04-04,35,-10,False,False,average_payer
INV8002273,B008,B008-C1085,FMCG Client 085,FMCG & Food Processing,45,119449.55,2026-03-26,2026-05-10,closed,2026-05-17,52,7,False,False,average_payer
INV8002274,B008,B008-C1085,FMCG Client 085,FMCG & Food Processing,45,976884.82,2026-04-13,2026-05-28,closed,2026-06-10,58,13,False,True,average_payer
INV8002275,B008,B008-C1085,FMCG Client 085,FMCG & Food Processing,45,203898.28,2026-05-09,2026-06-23,closed,2026-06-27,49,4,False,False,average_payer
INV8002276,B008,B008-C1085,FMCG Client 085,FMCG & Food Processing,45,161303.81,2026-05-24,2026-07-08,closed,2026-07-05,42,-3,False,False,average_payer
INV8002277,B008,B008-C1085,FMCG Client 085,FMCG & Food Processing,45,169072.62,2026-05-29,2026-07-13,closed,2026-07-08,40,-5,False,False,average_payer
INV8002278,B008,B008-C1085,FMCG Client 085,FMCG & Food Processing,45,250699.27,2026-06-04,2026-07-19,closed,2026-07-28,54,9,False,False,average_payer
INV8002279,B008,B008-C1085,FMCG Client 085,FMCG & Food Processing,45,145055.88,2026-06-08,2026-07-23,closed,2026-07-21,43,-2,False,False,average_payer
INV8002280,B008,B008-C1085,FMCG Client 085,FMCG & Food Processing,45,147947.71,2026-07-16,2026-08-30,open,,,,False,False,average_payer
INV8002281,B008,B008-C1085,FMCG Client 085,FMCG & Food Processing,45,122071.39,2026-07-20,2026-09-03,open,,,,False,False,average_payer
INV8002282,B008,B008-C1086,FMCG Client 086,FMCG & Food Processing,15,117749.06,2024-09-22,2024-10-07,closed,2024-10-13,21,6,False,False,average_payer
INV8002283,B008,B008-C1086,FMCG Client 086,FMCG & Food Processing,15,121944.35,2024-12-05,2024-12-20,closed,2024-12-18,13,-2,False,False,average_payer
INV8002284,B008,B008-C1086,FMCG Client 086,FMCG & Food Processing,15,80355.36,2025-02-15,2025-03-02,closed,2025-02-27,12,-3,False,False,average_payer
INV8002285,B008,B008-C1086,FMCG Client 086,FMCG & Food Processing,15,63385.93,2025-07-07,2025-07-22,closed,2025-07-24,17,2,False,False,average_payer
INV8002286,B008,B008-C1086,FMCG Client 086,FMCG & Food Processing,15,81776.5,2025-10-16,2025-10-31,closed,2025-10-24,8,-7,True,False,average_payer
INV8002287,B008,B008-C1086,FMCG Client 086,FMCG & Food Processing,15,73991.61,2025-11-01,2025-11-16,closed,2025-11-21,20,5,False,False,average_payer
INV8002288,B008,B008-C1086,FMCG Client 086,FMCG & Food Processing,15,54184.66,2026-02-24,2026-03-11,closed,2026-03-23,27,12,False,False,average_payer
INV8002289,B008,B008-C1086,FMCG Client 086,FMCG & Food Processing,15,80168.98,2026-04-21,2026-05-06,closed,2026-05-20,29,14,False,False,average_payer
INV8002290,B008,B008-C1086,FMCG Client 086,FMCG & Food Processing,15,125135.86,2026-06-02,2026-06-17,closed,2026-07-03,31,16,False,False,average_payer
INV8002291,B008,B008-C1086,FMCG Client 086,FMCG & Food Processing,15,75104.79,2026-07-21,2026-08-05,closed,2026-08-16,26,11,False,False,average_payer
INV8002292,B008,B008-C1086,FMCG Client 086,FMCG & Food Processing,15,54767.58,2026-08-08,2026-08-23,closed,2026-08-22,14,-1,False,False,average_payer
INV8002293,B008,B008-C1087,FMCG Client 087,FMCG & Food Processing,30,169092.08,2024-04-06,2024-05-06,closed,2024-05-12,36,6,False,False,seasonal_payer
INV8002294,B008,B008-C1087,FMCG Client 087,FMCG & Food Processing,30,142898.59,2024-06-03,2024-07-03,closed,2024-07-14,41,11,False,False,seasonal_payer
INV8002295,B008,B008-C1087,FMCG Client 087,FMCG & Food Processing,30,141098.15,2024-06-07,2024-07-07,closed,2024-07-17,40,10,False,False,seasonal_payer
INV8002296,B008,B008-C1087,FMCG Client 087,FMCG & Food Processing,30,201348.62,2024-06-13,2024-07-13,open,,,,False,False,seasonal_payer
INV8002297,B008,B008-C1087,FMCG Client 087,FMCG & Food Processing,30,525724.49,2024-07-09,2024-08-08,closed,2024-08-20,42,12,False,True,seasonal_payer
INV8002298,B008,B008-C1087,FMCG Client 087,FMCG & Food Processing,30,133710.79,2024-08-19,2024-09-18,closed,2024-09-29,41,11,False,False,seasonal_payer
INV8002299,B008,B008-C1087,FMCG Client 087,FMCG & Food Processing,30,97786.25,2024-09-28,2024-10-28,closed,2024-10-26,28,-2,False,False,seasonal_payer
INV8002300,B008,B008-C1087,FMCG Client 087,FMCG & Food Processing,30,83320.61,2024-12-07,2025-01-06,closed,2025-01-06,30,0,False,False,seasonal_payer
INV8002301,B008,B008-C1087,FMCG Client 087,FMCG & Food Processing,30,97235.71,2024-12-09,2025-01-08,closed,2025-01-24,46,16,False,False,seasonal_payer
INV8002302,B008,B008-C1087,FMCG Client 087,FMCG & Food Processing,30,95746.87,2024-12-11,2025-01-10,closed,2025-01-23,43,13,False,False,seasonal_payer
INV8002303,B008,B008-C1087,FMCG Client 087,FMCG & Food Processing,30,133851.22,2024-12-23,2025-01-22,closed,2025-01-31,39,9,False,False,seasonal_payer
INV8002304,B008,B008-C1087,FMCG Client 087,FMCG & Food Processing,30,175640.9,2025-03-14,2025-04-13,closed,2025-05-01,48,18,False,False,seasonal_payer
INV8002305,B008,B008-C1087,FMCG Client 087,FMCG & Food Processing,30,93330.38,2025-03-26,2025-04-25,closed,2025-05-13,48,18,False,False,seasonal_payer
INV8002306,B008,B008-C1087,FMCG Client 087,FMCG & Food Processing,30,89738.31,2025-06-04,2025-07-04,closed,2025-07-13,39,9,False,False,seasonal_payer
INV8002307,B008,B008-C1087,FMCG Client 087,FMCG & Food Processing,30,138075.56,2025-06-15,2025-07-15,closed,2025-08-01,47,17,False,False,seasonal_payer
INV8002308,B008,B008-C1087,FMCG Client 087,FMCG & Food Processing,30,82723.91,2025-06-25,2025-07-25,closed,2025-08-14,50,20,False,False,seasonal_payer
INV8002309,B008,B008-C1087,FMCG Client 087,FMCG & Food Processing,30,117477.58,2025-07-28,2025-08-27,closed,2025-09-03,37,7,False,False,seasonal_payer
INV8002310,B008,B008-C1087,FMCG Client 087,FMCG & Food Processing,30,75131.05,2025-09-10,2025-10-10,closed,2025-10-20,40,10,False,False,seasonal_payer
INV8002311,B008,B008-C1087,FMCG Client 087,FMCG & Food Processing,30,127415.54,2025-10-16,2025-11-15,closed,2025-11-07,22,-8,False,False,seasonal_payer
INV8002312,B008,B008-C1087,FMCG Client 087,FMCG & Food Processing,30,591231.78,2026-01-07,2026-02-06,closed,2026-02-21,45,15,False,True,seasonal_payer
INV8002313,B008,B008-C1087,FMCG Client 087,FMCG & Food Processing,30,118036.08,2026-01-21,2026-02-20,closed,2026-02-28,38,8,False,False,seasonal_payer
INV8002314,B008,B008-C1087,FMCG Client 087,FMCG & Food Processing,30,55916.51,2026-01-22,2026-02-21,closed,2026-03-12,49,19,False,False,seasonal_payer
INV8002315,B008,B008-C1087,FMCG Client 087,FMCG & Food Processing,30,94700.52,2026-02-10,2026-03-12,closed,2026-03-16,34,4,False,False,seasonal_payer
INV8002316,B008,B008-C1087,FMCG Client 087,FMCG & Food Processing,30,148563.86,2026-03-25,2026-04-24,closed,2026-05-03,39,9,False,False,seasonal_payer
INV8002317,B008,B008-C1087,FMCG Client 087,FMCG & Food Processing,30,117723.83,2026-06-11,2026-07-11,closed,2026-07-21,40,10,False,False,seasonal_payer
INV8002318,B008,B008-C1087,FMCG Client 087,FMCG & Food Processing,30,77629.72,2026-07-01,2026-07-31,closed,2026-08-07,37,7,False,False,seasonal_payer
INV8002319,B008,B008-C1087,FMCG Client 087,FMCG & Food Processing,30,164259.46,2026-07-14,2026-08-13,closed,2026-08-29,46,16,False,False,seasonal_payer
INV8002320,B008,B008-C1087,FMCG Client 087,FMCG & Food Processing,30,91119.12,2026-07-18,2026-08-17,closed,2026-08-20,33,3,False,False,seasonal_payer
INV8002321,B008,B008-C1087,FMCG Client 087,FMCG & Food Processing,30,100420.5,2026-08-03,2026-09-02,open,,,,False,False,seasonal_payer
INV8002322,B008,B008-C1088,Metal Client 088,Metal & Engineering,60,263941.27,2024-06-10,2024-08-09,closed,2024-09-02,84,24,False,False,deteriorating_payer
INV8002323,B008,B008-C1088,Metal Client 088,Metal & Engineering,60,284427.64,2024-09-17,2024-11-16,closed,2024-12-20,94,34,False,False,deteriorating_payer
INV8002324,B008,B008-C1088,Metal Client 088,Metal & Engineering,60,389815.01,2024-12-03,2025-02-01,closed,2025-02-24,83,23,False,False,deteriorating_payer
INV8002325,B008,B008-C1088,Metal Client 088,Metal & Engineering,60,197089.77,2024-12-15,2025-02-13,closed,2025-02-27,74,14,False,False,deteriorating_payer
INV8002326,B008,B008-C1088,Metal Client 088,Metal & Engineering,60,229728.5,2025-01-08,2025-03-09,closed,2025-03-31,82,22,False,False,deteriorating_payer
INV8002327,B008,B008-C1088,Metal Client 088,Metal & Engineering,60,271163.48,2025-03-09,2025-05-08,closed,2025-05-21,73,13,False,False,deteriorating_payer
INV8002328,B008,B008-C1088,Metal Client 088,Metal & Engineering,60,186523.55,2025-03-15,2025-05-14,closed,2025-05-13,59,-1,False,False,deteriorating_payer
INV8002329,B008,B008-C1088,Metal Client 088,Metal & Engineering,60,198179.1,2025-03-18,2025-05-17,closed,2025-05-15,58,-2,False,False,deteriorating_payer
INV8002330,B008,B008-C1088,Metal Client 088,Metal & Engineering,60,153493.13,2025-03-27,2025-05-26,closed,2025-05-24,58,-2,False,False,deteriorating_payer
INV8002331,B008,B008-C1088,Metal Client 088,Metal & Engineering,60,317402.98,2025-05-05,2025-07-04,closed,2025-08-05,92,32,False,False,deteriorating_payer
INV8002332,B008,B008-C1088,Metal Client 088,Metal & Engineering,60,286421.15,2025-05-14,2025-07-13,closed,2025-07-29,76,16,False,False,deteriorating_payer
INV8002333,B008,B008-C1088,Metal Client 088,Metal & Engineering,60,281348.48,2025-05-18,2025-07-17,closed,2025-08-06,80,20,False,False,deteriorating_payer
INV8002334,B008,B008-C1088,Metal Client 088,Metal & Engineering,60,194405.98,2025-06-18,2025-08-17,closed,2025-08-26,69,9,False,False,deteriorating_payer
INV8002335,B008,B008-C1088,Metal Client 088,Metal & Engineering,60,206596.49,2025-07-20,2025-09-18,closed,2025-10-18,90,30,False,False,deteriorating_payer
INV8002336,B008,B008-C1088,Metal Client 088,Metal & Engineering,60,330621.34,2025-07-30,2025-09-28,closed,2025-09-30,62,2,False,False,deteriorating_payer
INV8002337,B008,B008-C1088,Metal Client 088,Metal & Engineering,60,257135.42,2025-08-02,2025-10-01,closed,2025-10-23,82,22,False,False,deteriorating_payer
INV8002338,B008,B008-C1088,Metal Client 088,Metal & Engineering,60,244715.04,2025-11-05,2026-01-04,closed,2026-01-18,74,14,False,False,deteriorating_payer
INV8002339,B008,B008-C1088,Metal Client 088,Metal & Engineering,60,1993236.84,2026-01-18,2026-03-19,closed,2026-04-09,81,21,False,True,deteriorating_payer
INV8002340,B008,B008-C1088,Metal Client 088,Metal & Engineering,60,168172.74,2026-02-17,2026-04-18,closed,2026-05-24,96,36,True,False,deteriorating_payer
INV8002341,B008,B008-C1088,Metal Client 088,Metal & Engineering,60,197743.88,2026-02-20,2026-04-21,closed,2026-06-03,103,43,False,False,deteriorating_payer
INV8002342,B008,B008-C1088,Metal Client 088,Metal & Engineering,60,266848.82,2026-03-16,2026-05-15,closed,2026-06-12,88,28,False,False,deteriorating_payer
INV8002343,B008,B008-C1088,Metal Client 088,Metal & Engineering,60,196018.18,2026-05-17,2026-07-16,open,,,,False,False,deteriorating_payer
INV8002344,B008,B008-C1088,Metal Client 088,Metal & Engineering,60,212307.83,2026-06-02,2026-08-01,closed,2026-08-28,87,27,False,False,deteriorating_payer
INV8002345,B008,B008-C1088,Metal Client 088,Metal & Engineering,60,275692.57,2026-06-03,2026-08-02,open,,,,False,False,deteriorating_payer
INV8002346,B008,B008-C1088,Metal Client 088,Metal & Engineering,60,333579.25,2026-06-26,2026-08-25,disputed_open,,,,False,False,deteriorating_payer
INV8002347,B008,B008-C1088,Metal Client 088,Metal & Engineering,60,236620.48,2026-07-14,2026-09-12,open,,,,False,False,deteriorating_payer
INV8002348,B008,B008-C1088,Metal Client 088,Metal & Engineering,60,219506.42,2026-07-20,2026-09-18,open,,,,False,False,deteriorating_payer
INV8002349,B008,B008-C1088,Metal Client 088,Metal & Engineering,60,183349.08,2026-08-17,2026-10-16,open,,,,False,False,deteriorating_payer
INV8002350,B008,B008-C1088,Metal Client 088,Metal & Engineering,60,210987.33,2026-08-18,2026-10-17,open,,,,False,False,deteriorating_payer
INV8002351,B008,B008-C1089,FMCG Client 089,FMCG & Food Processing,45,61755.97,2024-04-22,2024-06-06,closed,2024-06-13,52,7,False,False,cold_start
INV8002352,B008,B008-C1089,FMCG Client 089,FMCG & Food Processing,45,87237.59,2024-04-23,2024-06-07,closed,2024-06-07,45,0,False,False,cold_start
INV8002353,B008,B008-C1089,FMCG Client 089,FMCG & Food Processing,45,53018.33,2026-01-16,2026-03-02,closed,2026-03-15,58,13,False,False,cold_start
INV8002354,B008,B008-C1090,Auto Client 090,Auto Components,30,318197.92,2024-05-26,2024-06-25,closed,2024-06-27,32,2,False,False,prompt_payer
INV8002355,B008,B008-C1090,Auto Client 090,Auto Components,30,240204.42,2024-07-12,2024-08-11,closed,2024-08-10,29,-1,False,False,prompt_payer
INV8002356,B008,B008-C1090,Auto Client 090,Auto Components,30,244691.58,2024-08-02,2024-09-01,closed,2024-08-29,27,-3,False,False,prompt_payer
INV8002357,B008,B008-C1090,Auto Client 090,Auto Components,30,229991.13,2024-10-02,2024-11-01,closed,2024-11-02,31,1,False,False,prompt_payer
INV8002358,B008,B008-C1090,Auto Client 090,Auto Components,30,305601.68,2025-03-12,2025-04-11,closed,2025-04-13,32,2,False,False,prompt_payer
INV8002359,B008,B008-C1090,Auto Client 090,Auto Components,30,256556.76,2025-04-06,2025-05-06,closed,2025-05-07,31,1,False,False,prompt_payer
INV8002360,B008,B008-C1090,Auto Client 090,Auto Components,30,281311.47,2025-04-13,2025-05-13,closed,2025-05-16,33,3,False,False,prompt_payer
INV8002361,B008,B008-C1090,Auto Client 090,Auto Components,30,314814.51,2025-05-05,2025-06-04,closed,2025-06-05,31,1,False,False,prompt_payer
INV8002362,B008,B008-C1090,Auto Client 090,Auto Components,30,221704.03,2025-09-18,2025-10-18,closed,2025-10-23,35,5,False,False,prompt_payer
INV8002363,B008,B008-C1090,Auto Client 090,Auto Components,30,258458.03,2026-03-22,2026-04-21,closed,2026-04-18,27,-3,False,False,prompt_payer
INV8002364,B008,B008-C1090,Auto Client 090,Auto Components,30,364453.02,2026-07-13,2026-08-12,closed,2026-08-15,33,3,False,False,prompt_payer
INV8002365,B008,B008-C1090,Auto Client 090,Auto Components,30,227712.44,2026-08-20,2026-09-19,disputed_open,,,,False,False,prompt_payer
INV8002366,B008,B008-C1091,Auto Client 091,Auto Components,30,78673.66,2024-04-07,2024-05-07,closed,2024-05-18,41,11,False,False,erratic_payer
INV8002367,B008,B008-C1091,Auto Client 091,Auto Components,30,31176.31,2024-05-28,2024-06-27,closed,2024-06-30,33,3,False,False,erratic_payer
INV8002368,B008,B008-C1091,Auto Client 091,Auto Components,30,83949.13,2024-07-27,2024-08-26,closed,2024-08-24,28,-2,False,False,erratic_payer
INV8002369,B008,B008-C1091,Auto Client 091,Auto Components,30,206784.36,2024-08-10,2024-09-09,closed,2024-09-27,48,18,False,True,erratic_payer
INV8002370,B008,B008-C1091,Auto Client 091,Auto Components,30,154440.89,2024-09-02,2024-10-02,closed,2024-09-30,28,-2,False,False,erratic_payer
INV8002371,B008,B008-C1091,Auto Client 091,Auto Components,30,79028.93,2024-11-01,2024-12-01,closed,2025-02-11,102,72,False,False,erratic_payer
INV8002372,B008,B008-C1091,Auto Client 091,Auto Components,30,106706.47,2025-02-10,2025-03-12,closed,2025-03-19,37,7,False,False,erratic_payer
INV8002373,B008,B008-C1091,Auto Client 091,Auto Components,30,111623.29,2025-08-31,2025-09-30,closed,2025-09-30,30,0,False,False,erratic_payer
INV8002374,B008,B008-C1091,Auto Client 091,Auto Components,30,69069.01,2026-01-24,2026-02-23,closed,2026-02-23,30,0,False,False,erratic_payer
INV8002375,B008,B008-C1091,Auto Client 091,Auto Components,30,89272.41,2026-03-23,2026-04-22,closed,2026-04-27,35,5,False,False,erratic_payer
INV8002376,B008,B008-C1091,Auto Client 091,Auto Components,30,57851.86,2026-05-25,2026-06-24,closed,2026-06-14,20,-10,False,False,erratic_payer
INV8002377,B008,B008-C1091,Auto Client 091,Auto Components,30,53974.87,2026-07-14,2026-08-13,closed,2026-08-15,32,2,False,False,erratic_payer
INV8002378,B008,B008-C1092,Chemicals Client 092,Chemicals & Plastics,45,118586.35,2024-07-31,2024-09-14,closed,2024-09-15,46,1,False,False,erratic_payer
INV8002379,B008,B008-C1092,Chemicals Client 092,Chemicals & Plastics,45,107626.81,2026-04-20,2026-06-04,closed,2026-06-15,56,11,False,False,erratic_payer
INV8002380,B008,B008-C1092,Chemicals Client 092,Chemicals & Plastics,45,164814.86,2026-06-17,2026-08-01,closed,2026-07-31,44,-1,False,False,erratic_payer
INV8002381,B008,B008-C1092,Chemicals Client 092,Chemicals & Plastics,45,207865.24,2026-08-01,2026-09-15,open,,,,False,False,erratic_payer
INV8002382,B008,B008-C1092,Chemicals Client 092,Chemicals & Plastics,45,145618.86,2026-08-14,2026-09-28,disputed_open,,,,False,False,erratic_payer
INV8002383,B008,B008-C1093,Retail Client 093,Retail & Distribution,30,231937.89,2024-04-08,2024-05-08,closed,2024-05-23,45,15,False,False,average_payer
INV8002384,B008,B008-C1093,Retail Client 093,Retail & Distribution,30,293882.24,2024-04-26,2024-05-26,closed,2024-06-08,43,13,False,False,average_payer
INV8002385,B008,B008-C1093,Retail Client 093,Retail & Distribution,30,193639.03,2024-05-31,2024-06-30,closed,2024-07-06,36,6,False,False,average_payer
INV8002386,B008,B008-C1093,Retail Client 093,Retail & Distribution,30,212499.34,2024-12-04,2025-01-03,closed,2025-01-05,32,2,False,False,average_payer
INV8002387,B008,B008-C1093,Retail Client 093,Retail & Distribution,30,180508.64,2024-12-12,2025-01-11,closed,2025-01-22,41,11,False,False,average_payer
INV8002388,B008,B008-C1093,Retail Client 093,Retail & Distribution,30,192404.2,2025-01-15,2025-02-14,closed,2025-02-20,36,6,False,False,average_payer
INV8002389,B008,B008-C1093,Retail Client 093,Retail & Distribution,30,246505.4,2025-01-21,2025-02-20,closed,2025-03-08,46,16,False,False,average_payer
INV8002390,B008,B008-C1093,Retail Client 093,Retail & Distribution,30,137746.36,2025-02-07,2025-03-09,closed,2025-03-11,32,2,False,False,average_payer
INV8002391,B008,B008-C1093,Retail Client 093,Retail & Distribution,30,172690.86,2025-04-07,2025-05-07,closed,2025-05-21,44,14,True,False,average_payer
INV8002392,B008,B008-C1093,Retail Client 093,Retail & Distribution,30,110214.2,2025-05-08,2025-06-07,closed,2025-06-08,31,1,False,False,average_payer
INV8002393,B008,B008-C1093,Retail Client 093,Retail & Distribution,30,185909.2,2025-05-16,2025-06-15,closed,2025-06-14,29,-1,False,False,average_payer
INV8002394,B008,B008-C1093,Retail Client 093,Retail & Distribution,30,152392.0,2025-06-25,2025-07-25,closed,2025-08-02,38,8,False,False,average_payer
INV8002395,B008,B008-C1093,Retail Client 093,Retail & Distribution,30,136250.09,2025-07-01,2025-07-31,closed,2025-08-12,42,12,False,False,average_payer
INV8002396,B008,B008-C1093,Retail Client 093,Retail & Distribution,30,140645.29,2025-07-25,2025-08-24,closed,2025-08-26,32,2,False,False,average_payer
INV8002397,B008,B008-C1093,Retail Client 093,Retail & Distribution,30,218622.94,2025-09-15,2025-10-15,closed,2025-10-16,31,1,False,False,average_payer
INV8002398,B008,B008-C1093,Retail Client 093,Retail & Distribution,30,185608.55,2025-10-31,2025-11-30,closed,2025-12-07,37,7,False,False,average_payer
INV8002399,B008,B008-C1093,Retail Client 093,Retail & Distribution,30,148688.84,2025-11-21,2025-12-21,closed,2026-01-12,52,22,False,False,average_payer
INV8002400,B008,B008-C1093,Retail Client 093,Retail & Distribution,30,236734.8,2025-12-01,2025-12-31,closed,2026-01-04,34,4,False,False,average_payer
INV8002401,B008,B008-C1093,Retail Client 093,Retail & Distribution,30,164844.47,2025-12-18,2026-01-17,closed,2026-01-27,40,10,False,False,average_payer
INV8002402,B008,B008-C1093,Retail Client 093,Retail & Distribution,30,151976.76,2026-01-22,2026-02-21,closed,2026-02-28,37,7,False,False,average_payer
INV8002403,B008,B008-C1093,Retail Client 093,Retail & Distribution,30,273140.02,2026-02-14,2026-03-16,closed,2026-03-14,28,-2,False,False,average_payer
INV8002404,B008,B008-C1093,Retail Client 093,Retail & Distribution,30,317465.57,2026-03-05,2026-04-04,closed,2026-04-01,27,-3,False,False,average_payer
INV8002405,B008,B008-C1093,Retail Client 093,Retail & Distribution,30,152189.26,2026-03-18,2026-04-17,closed,2026-04-21,34,4,False,False,average_payer
INV8002406,B008,B008-C1093,Retail Client 093,Retail & Distribution,30,154051.92,2026-03-20,2026-04-19,closed,2026-04-21,32,2,False,False,average_payer
INV8002407,B008,B008-C1093,Retail Client 093,Retail & Distribution,30,225200.82,2026-03-26,2026-04-25,closed,2026-04-21,26,-4,False,False,average_payer
INV8002408,B008,B008-C1093,Retail Client 093,Retail & Distribution,30,205422.38,2026-06-06,2026-07-06,closed,2026-07-16,40,10,True,False,average_payer
INV8002409,B008,B008-C1093,Retail Client 093,Retail & Distribution,30,201715.49,2026-06-17,2026-07-17,closed,2026-07-23,36,6,False,False,average_payer
INV8002410,B008,B008-C1093,Retail Client 093,Retail & Distribution,30,86494.11,2026-07-14,2026-08-13,closed,2026-08-17,34,4,False,False,average_payer
INV8002411,B008,B008-C1093,Retail Client 093,Retail & Distribution,30,212437.67,2026-07-20,2026-08-19,closed,2026-08-20,31,1,False,False,average_payer
INV8002412,B008,B008-C1093,Retail Client 093,Retail & Distribution,30,118681.58,2026-07-20,2026-08-19,closed,2026-08-15,26,-4,False,False,average_payer
INV8002413,B008,B008-C1093,Retail Client 093,Retail & Distribution,30,189475.48,2026-07-23,2026-08-22,closed,2026-08-15,23,-7,False,False,average_payer
INV8002414,B008,B008-C1094,Chemicals Client 094,Chemicals & Plastics,30,71464.18,2024-04-29,2024-05-29,closed,2024-06-02,34,4,False,False,seasonal_payer
INV8002415,B008,B008-C1094,Chemicals Client 094,Chemicals & Plastics,30,80677.19,2024-05-27,2024-06-26,closed,2024-07-09,43,13,False,False,seasonal_payer
INV8002416,B008,B008-C1094,Chemicals Client 094,Chemicals & Plastics,30,490775.63,2024-06-06,2024-07-06,closed,2024-07-16,40,10,False,True,seasonal_payer
INV8002417,B008,B008-C1094,Chemicals Client 094,Chemicals & Plastics,30,50076.07,2024-06-26,2024-07-26,closed,2024-07-29,33,3,False,False,seasonal_payer
INV8002418,B008,B008-C1094,Chemicals Client 094,Chemicals & Plastics,30,75993.76,2024-07-16,2024-08-15,closed,2024-08-17,32,2,False,False,seasonal_payer
INV8002419,B008,B008-C1094,Chemicals Client 094,Chemicals & Plastics,30,54324.39,2024-08-22,2024-09-21,closed,2024-09-26,35,5,False,False,seasonal_payer
INV8002420,B008,B008-C1094,Chemicals Client 094,Chemicals & Plastics,30,77805.01,2024-09-09,2024-10-09,closed,2024-10-21,42,12,False,False,seasonal_payer
INV8002421,B008,B008-C1094,Chemicals Client 094,Chemicals & Plastics,30,69697.22,2024-10-01,2024-10-31,closed,2024-11-04,34,4,False,False,seasonal_payer
INV8002422,B008,B008-C1094,Chemicals Client 094,Chemicals & Plastics,30,71562.75,2024-10-08,2024-11-07,closed,2024-11-11,34,4,False,False,seasonal_payer
INV8002423,B008,B008-C1094,Chemicals Client 094,Chemicals & Plastics,30,114618.92,2024-10-09,2024-11-08,closed,2024-11-13,35,5,False,False,seasonal_payer
INV8002424,B008,B008-C1094,Chemicals Client 094,Chemicals & Plastics,30,116443.92,2024-10-13,2024-11-12,closed,2024-11-10,28,-2,False,False,seasonal_payer
INV8002425,B008,B008-C1094,Chemicals Client 094,Chemicals & Plastics,30,96130.88,2024-11-10,2024-12-10,closed,2024-12-28,48,18,False,False,seasonal_payer
INV8002426,B008,B008-C1094,Chemicals Client 094,Chemicals & Plastics,30,87615.07,2024-11-21,2024-12-21,closed,2025-01-09,49,19,False,False,seasonal_payer
INV8002427,B008,B008-C1094,Chemicals Client 094,Chemicals & Plastics,30,121592.12,2025-01-06,2025-02-05,closed,2025-02-22,47,17,False,False,seasonal_payer
INV8002428,B008,B008-C1094,Chemicals Client 094,Chemicals & Plastics,30,66499.29,2025-02-02,2025-03-04,closed,2025-03-23,49,19,False,False,seasonal_payer
INV8002429,B008,B008-C1094,Chemicals Client 094,Chemicals & Plastics,30,80060.58,2025-04-02,2025-05-02,closed,2025-05-18,46,16,True,False,seasonal_payer
INV8002430,B008,B008-C1094,Chemicals Client 094,Chemicals & Plastics,30,106596.13,2025-05-17,2025-06-16,closed,2025-06-16,30,0,False,False,seasonal_payer
INV8002431,B008,B008-C1094,Chemicals Client 094,Chemicals & Plastics,30,120341.17,2025-05-18,2025-06-17,closed,2025-06-27,40,10,False,False,seasonal_payer
INV8002432,B008,B008-C1094,Chemicals Client 094,Chemicals & Plastics,30,110135.43,2025-05-29,2025-06-28,closed,2025-07-05,37,7,False,False,seasonal_payer
INV8002433,B008,B008-C1094,Chemicals Client 094,Chemicals & Plastics,30,57495.68,2025-07-10,2025-08-09,closed,2025-08-04,25,-5,False,False,seasonal_payer
INV8002434,B008,B008-C1094,Chemicals Client 094,Chemicals & Plastics,30,161846.83,2025-07-11,2025-08-10,closed,2025-08-16,36,6,False,False,seasonal_payer
INV8002435,B008,B008-C1094,Chemicals Client 094,Chemicals & Plastics,30,104901.23,2025-08-29,2025-09-28,closed,2025-09-22,24,-6,False,False,seasonal_payer
INV8002436,B008,B008-C1094,Chemicals Client 094,Chemicals & Plastics,30,70497.59,2025-08-29,2025-09-28,closed,2025-10-09,41,11,False,False,seasonal_payer
INV8002437,B008,B008-C1094,Chemicals Client 094,Chemicals & Plastics,30,113595.3,2025-09-30,2025-10-30,closed,2025-11-06,37,7,False,False,seasonal_payer
INV8002438,B008,B008-C1094,Chemicals Client 094,Chemicals & Plastics,30,420575.91,2025-11-17,2025-12-17,closed,2025-12-19,32,2,False,True,seasonal_payer
INV8002439,B008,B008-C1094,Chemicals Client 094,Chemicals & Plastics,30,99739.28,2025-12-10,2026-01-09,closed,2026-01-28,49,19,False,False,seasonal_payer
INV8002440,B008,B008-C1094,Chemicals Client 094,Chemicals & Plastics,30,56612.91,2025-12-29,2026-01-28,closed,2026-01-30,32,2,False,False,seasonal_payer
INV8002441,B008,B008-C1094,Chemicals Client 094,Chemicals & Plastics,30,94172.27,2026-01-12,2026-02-11,closed,2026-02-28,47,17,False,False,seasonal_payer
INV8002442,B008,B008-C1094,Chemicals Client 094,Chemicals & Plastics,30,372212.81,2026-01-18,2026-02-17,closed,2026-02-26,39,9,False,True,seasonal_payer
INV8002443,B008,B008-C1094,Chemicals Client 094,Chemicals & Plastics,30,71174.89,2026-02-03,2026-03-05,closed,2026-03-19,44,14,False,False,seasonal_payer
INV8002444,B008,B008-C1094,Chemicals Client 094,Chemicals & Plastics,30,583593.68,2026-03-02,2026-04-01,closed,2026-04-13,42,12,False,True,seasonal_payer
INV8002445,B008,B008-C1094,Chemicals Client 094,Chemicals & Plastics,30,49166.97,2026-03-28,2026-04-27,closed,2026-05-15,48,18,False,False,seasonal_payer
INV8002446,B008,B008-C1094,Chemicals Client 094,Chemicals & Plastics,30,128387.44,2026-03-31,2026-04-30,closed,2026-05-16,46,16,False,False,seasonal_payer
INV8002447,B008,B008-C1094,Chemicals Client 094,Chemicals & Plastics,30,70255.76,2026-05-19,2026-06-18,closed,2026-07-02,44,14,False,False,seasonal_payer
INV8002448,B008,B008-C1094,Chemicals Client 094,Chemicals & Plastics,30,50988.48,2026-05-30,2026-06-29,closed,2026-07-03,34,4,False,False,seasonal_payer
INV8002449,B008,B008-C1094,Chemicals Client 094,Chemicals & Plastics,30,86009.96,2026-06-24,2026-07-24,closed,2026-07-20,26,-4,False,False,seasonal_payer
INV8002450,B008,B008-C1094,Chemicals Client 094,Chemicals & Plastics,30,86938.49,2026-07-05,2026-08-04,closed,2026-08-08,34,4,False,False,seasonal_payer
INV8002451,B008,B008-C1094,Chemicals Client 094,Chemicals & Plastics,30,418110.68,2026-08-10,2026-09-09,open,,,,False,True,seasonal_payer
INV8002452,B008,B008-C1095,Pharma Client 095,Pharma & Healthcare,30,92659.51,2024-04-25,2024-05-25,closed,2024-06-14,50,20,False,False,erratic_payer
INV8002453,B008,B008-C1095,Pharma Client 095,Pharma & Healthcare,30,483167.05,2024-06-12,2024-07-12,closed,2024-07-07,25,-5,False,True,erratic_payer
INV8002454,B008,B008-C1095,Pharma Client 095,Pharma & Healthcare,30,116514.84,2024-07-04,2024-08-03,closed,2024-08-11,38,8,False,False,erratic_payer
INV8002455,B008,B008-C1095,Pharma Client 095,Pharma & Healthcare,30,94268.57,2024-08-21,2024-09-20,closed,2024-09-10,20,-10,False,False,erratic_payer
INV8002456,B008,B008-C1095,Pharma Client 095,Pharma & Healthcare,30,111724.98,2024-09-09,2024-10-09,closed,2024-10-13,34,4,False,False,erratic_payer
INV8002457,B008,B008-C1095,Pharma Client 095,Pharma & Healthcare,30,104842.11,2024-10-03,2024-11-02,closed,2024-11-03,31,1,False,False,erratic_payer
INV8002458,B008,B008-C1095,Pharma Client 095,Pharma & Healthcare,30,111459.83,2024-11-14,2024-12-14,closed,2024-12-12,28,-2,False,False,erratic_payer
INV8002459,B008,B008-C1095,Pharma Client 095,Pharma & Healthcare,30,113027.87,2024-12-11,2025-01-10,closed,2025-01-13,33,3,False,False,erratic_payer
INV8002460,B008,B008-C1095,Pharma Client 095,Pharma & Healthcare,30,79085.06,2024-12-16,2025-01-15,open,,,,False,False,erratic_payer
INV8002461,B008,B008-C1095,Pharma Client 095,Pharma & Healthcare,30,121096.32,2025-01-06,2025-02-05,closed,2025-01-29,23,-7,False,False,erratic_payer
INV8002462,B008,B008-C1095,Pharma Client 095,Pharma & Healthcare,30,131710.63,2025-03-09,2025-04-08,closed,2025-04-15,37,7,False,False,erratic_payer
INV8002463,B008,B008-C1095,Pharma Client 095,Pharma & Healthcare,30,84428.96,2025-05-19,2025-06-18,closed,2025-06-23,35,5,False,False,erratic_payer
INV8002464,B008,B008-C1095,Pharma Client 095,Pharma & Healthcare,30,123196.61,2025-08-19,2025-09-18,closed,2025-09-15,27,-3,False,False,erratic_payer
INV8002465,B008,B008-C1095,Pharma Client 095,Pharma & Healthcare,30,141149.57,2025-09-14,2025-10-14,closed,2025-10-14,30,0,False,False,erratic_payer
INV8002466,B008,B008-C1095,Pharma Client 095,Pharma & Healthcare,30,92604.21,2025-09-17,2025-10-17,closed,2025-10-20,33,3,False,False,erratic_payer
INV8002467,B008,B008-C1095,Pharma Client 095,Pharma & Healthcare,30,97168.68,2025-09-23,2025-10-23,closed,2025-10-08,15,-15,False,False,erratic_payer
INV8002468,B008,B008-C1095,Pharma Client 095,Pharma & Healthcare,30,192740.75,2026-05-02,2026-06-01,closed,2026-06-14,43,13,False,False,erratic_payer
INV8002469,B008,B008-C1095,Pharma Client 095,Pharma & Healthcare,30,99050.76,2026-05-03,2026-06-02,open,,,,False,False,erratic_payer
INV8002470,B008,B008-C1095,Pharma Client 095,Pharma & Healthcare,30,260893.26,2026-05-17,2026-06-16,closed,2026-07-01,45,15,False,True,erratic_payer
INV8002471,B008,B008-C1095,Pharma Client 095,Pharma & Healthcare,30,91347.76,2026-06-22,2026-07-22,closed,2026-07-28,36,6,False,False,erratic_payer
INV8002472,B008,B008-C1096,Retail Client 096,Retail & Distribution,45,32727.05,2024-03-25,2024-05-09,closed,2024-05-23,59,14,False,False,deteriorating_payer
INV8002473,B008,B008-C1096,Retail Client 096,Retail & Distribution,45,28678.5,2024-04-29,2024-06-13,closed,2024-06-12,44,-1,False,False,deteriorating_payer
INV8002474,B008,B008-C1096,Retail Client 096,Retail & Distribution,45,24365.94,2024-05-16,2024-06-30,closed,2024-07-05,50,5,False,False,deteriorating_payer
INV8002475,B008,B008-C1096,Retail Client 096,Retail & Distribution,45,19876.36,2024-05-24,2024-07-08,closed,2024-07-18,55,10,False,False,deteriorating_payer
INV8002476,B008,B008-C1096,Retail Client 096,Retail & Distribution,45,22960.08,2024-05-26,2024-07-10,closed,2024-07-29,64,19,False,False,deteriorating_payer
INV8002477,B008,B008-C1096,Retail Client 096,Retail & Distribution,45,32709.45,2024-06-01,2024-07-16,closed,2024-08-03,63,18,False,False,deteriorating_payer
INV8002478,B008,B008-C1096,Retail Client 096,Retail & Distribution,45,10778.09,2024-08-15,2024-09-29,closed,2024-10-07,53,8,False,False,deteriorating_payer
INV8002479,B008,B008-C1096,Retail Client 096,Retail & Distribution,45,21901.17,2024-08-19,2024-10-03,closed,2024-10-31,73,28,False,False,deteriorating_payer
INV8002480,B008,B008-C1096,Retail Client 096,Retail & Distribution,45,14591.5,2024-10-25,2024-12-09,closed,2024-12-24,60,15,False,False,deteriorating_payer
INV8002481,B008,B008-C1096,Retail Client 096,Retail & Distribution,45,27255.57,2024-11-20,2025-01-04,closed,2025-01-13,54,9,False,False,deteriorating_payer
INV8002482,B008,B008-C1096,Retail Client 096,Retail & Distribution,45,41867.61,2024-11-23,2025-01-07,closed,2025-02-16,85,40,False,False,deteriorating_payer
INV8002483,B008,B008-C1096,Retail Client 096,Retail & Distribution,45,24873.4,2024-12-05,2025-01-19,closed,2025-02-11,68,23,False,False,deteriorating_payer
INV8002484,B008,B008-C1096,Retail Client 096,Retail & Distribution,45,27281.44,2024-12-21,2025-02-04,closed,2025-02-09,50,5,False,False,deteriorating_payer
INV8002485,B008,B008-C1096,Retail Client 096,Retail & Distribution,45,18592.17,2025-01-17,2025-03-03,closed,2025-03-16,58,13,False,False,deteriorating_payer
INV8002486,B008,B008-C1096,Retail Client 096,Retail & Distribution,45,13370.13,2025-02-16,2025-04-02,closed,2025-04-10,53,8,False,False,deteriorating_payer
INV8002487,B008,B008-C1096,Retail Client 096,Retail & Distribution,45,21402.29,2025-03-15,2025-04-29,closed,2025-06-05,82,37,False,False,deteriorating_payer
INV8002488,B008,B008-C1096,Retail Client 096,Retail & Distribution,45,22031.59,2025-04-07,2025-05-22,closed,2025-06-22,76,31,False,False,deteriorating_payer
INV8002489,B008,B008-C1096,Retail Client 096,Retail & Distribution,45,34129.06,2025-05-17,2025-07-01,closed,2025-07-29,73,28,False,False,deteriorating_payer
INV8002490,B008,B008-C1096,Retail Client 096,Retail & Distribution,45,23548.9,2025-07-09,2025-08-23,closed,2025-09-09,62,17,False,False,deteriorating_payer
INV8002491,B008,B008-C1096,Retail Client 096,Retail & Distribution,45,21263.6,2025-07-16,2025-08-30,closed,2025-10-05,81,36,False,False,deteriorating_payer
INV8002492,B008,B008-C1096,Retail Client 096,Retail & Distribution,45,33669.6,2025-08-12,2025-09-26,closed,2025-09-27,46,1,True,False,deteriorating_payer
INV8002493,B008,B008-C1096,Retail Client 096,Retail & Distribution,45,34578.0,2025-08-16,2025-09-30,closed,2025-10-19,64,19,False,False,deteriorating_payer
INV8002494,B008,B008-C1096,Retail Client 096,Retail & Distribution,45,35991.61,2025-09-10,2025-10-25,closed,2025-12-06,87,42,False,False,deteriorating_payer
INV8002495,B008,B008-C1096,Retail Client 096,Retail & Distribution,45,30816.64,2025-10-01,2025-11-15,closed,2025-12-03,63,18,False,False,deteriorating_payer
INV8002496,B008,B008-C1096,Retail Client 096,Retail & Distribution,45,29331.56,2025-10-04,2025-11-18,closed,2025-12-21,78,33,False,False,deteriorating_payer
INV8002497,B008,B008-C1096,Retail Client 096,Retail & Distribution,45,28930.92,2025-10-14,2025-11-28,closed,2025-12-11,58,13,False,False,deteriorating_payer
INV8002498,B008,B008-C1096,Retail Client 096,Retail & Distribution,45,14341.5,2025-10-24,2025-12-08,closed,2026-01-11,79,34,False,False,deteriorating_payer
INV8002499,B008,B008-C1096,Retail Client 096,Retail & Distribution,45,24732.45,2025-11-22,2026-01-06,closed,2026-01-06,45,0,False,False,deteriorating_payer
INV8002500,B008,B008-C1096,Retail Client 096,Retail & Distribution,45,27330.88,2025-11-23,2026-01-07,closed,2026-01-18,56,11,False,False,deteriorating_payer
INV8002501,B008,B008-C1096,Retail Client 096,Retail & Distribution,45,43799.78,2025-11-30,2026-01-14,closed,2026-01-28,59,14,False,False,deteriorating_payer
INV8002502,B008,B008-C1096,Retail Client 096,Retail & Distribution,45,37577.12,2026-01-04,2026-02-18,closed,2026-03-09,64,19,False,False,deteriorating_payer
INV8002503,B008,B008-C1096,Retail Client 096,Retail & Distribution,45,16035.95,2026-01-28,2026-03-14,closed,2026-05-09,101,56,False,False,deteriorating_payer
INV8002504,B008,B008-C1096,Retail Client 096,Retail & Distribution,45,39285.32,2026-02-22,2026-04-08,closed,2026-05-08,75,30,False,False,deteriorating_payer
INV8002505,B008,B008-C1096,Retail Client 096,Retail & Distribution,45,22393.83,2026-03-11,2026-04-25,closed,2026-06-03,84,39,False,False,deteriorating_payer
INV8002506,B008,B008-C1096,Retail Client 096,Retail & Distribution,45,24848.18,2026-04-08,2026-05-23,closed,2026-06-16,69,24,False,False,deteriorating_payer
INV8002507,B008,B008-C1096,Retail Client 096,Retail & Distribution,45,16466.02,2026-04-13,2026-05-28,closed,2026-06-29,77,32,False,False,deteriorating_payer
INV8002508,B008,B008-C1096,Retail Client 096,Retail & Distribution,45,130096.21,2026-04-21,2026-06-05,closed,2026-07-19,89,44,False,True,deteriorating_payer
INV8002509,B008,B008-C1096,Retail Client 096,Retail & Distribution,45,15943.64,2026-05-25,2026-07-09,closed,2026-08-15,82,37,False,False,deteriorating_payer
INV8002510,B008,B008-C1096,Retail Client 096,Retail & Distribution,45,23347.05,2026-05-28,2026-07-12,closed,2026-08-10,74,29,False,False,deteriorating_payer
INV8002511,B008,B008-C1096,Retail Client 096,Retail & Distribution,45,19273.9,2026-07-13,2026-08-27,open,,,,False,False,deteriorating_payer
INV8002512,B008,B008-C1096,Retail Client 096,Retail & Distribution,45,31374.11,2026-07-16,2026-08-30,open,,,,False,False,deteriorating_payer
INV8002513,B008,B008-C1096,Retail Client 096,Retail & Distribution,45,20762.36,2026-07-23,2026-09-06,disputed_open,,,,False,False,deteriorating_payer
INV8002514,B008,B008-C1097,Construction Client 097,Construction & Infra,45,29835.22,2024-04-22,2024-06-06,closed,2024-06-17,56,11,False,False,erratic_payer
INV8002515,B008,B008-C1097,Construction Client 097,Construction & Infra,45,31808.68,2024-05-01,2024-06-15,closed,2024-09-05,127,82,False,False,erratic_payer
INV8002516,B008,B008-C1097,Construction Client 097,Construction & Infra,45,29874.15,2024-05-06,2024-06-20,closed,2024-06-02,27,-18,False,False,erratic_payer
INV8002517,B008,B008-C1097,Construction Client 097,Construction & Infra,45,27717.52,2024-09-19,2024-11-03,closed,2024-11-22,64,19,False,False,erratic_payer
INV8002518,B008,B008-C1097,Construction Client 097,Construction & Infra,45,28426.27,2024-09-28,2024-11-12,closed,2024-11-18,51,6,False,False,erratic_payer
INV8002519,B008,B008-C1097,Construction Client 097,Construction & Infra,45,34641.16,2025-01-06,2025-02-20,closed,2025-03-03,56,11,False,False,erratic_payer
INV8002520,B008,B008-C1097,Construction Client 097,Construction & Infra,45,26656.12,2025-01-20,2025-03-06,closed,2025-02-16,27,-18,False,False,erratic_payer
INV8002521,B008,B008-C1097,Construction Client 097,Construction & Infra,45,23515.88,2025-03-23,2025-05-07,closed,2025-05-09,47,2,False,False,erratic_payer
INV8002522,B008,B008-C1097,Construction Client 097,Construction & Infra,45,28362.98,2025-07-07,2025-08-21,disputed_open,,,,False,False,erratic_payer
INV8002523,B008,B008-C1097,Construction Client 097,Construction & Infra,45,145211.51,2025-07-12,2025-08-26,closed,2025-09-07,57,12,False,True,erratic_payer
INV8002524,B008,B008-C1097,Construction Client 097,Construction & Infra,45,30891.64,2026-02-23,2026-04-09,closed,2026-04-23,59,14,False,False,erratic_payer
INV8002525,B008,B008-C1097,Construction Client 097,Construction & Infra,45,30543.53,2026-04-05,2026-05-20,closed,2026-05-15,40,-5,False,False,erratic_payer
INV8002526,B008,B008-C1097,Construction Client 097,Construction & Infra,45,41620.04,2026-05-27,2026-07-11,open,,,,False,False,erratic_payer
INV8002527,B008,B008-C1098,Pharma Client 098,Pharma & Healthcare,30,70692.66,2024-03-22,2024-04-21,closed,2024-04-28,37,7,False,False,prompt_payer
INV8002528,B008,B008-C1098,Pharma Client 098,Pharma & Healthcare,30,77143.94,2024-05-04,2024-06-03,closed,2024-06-08,35,5,False,False,prompt_payer
INV8002529,B008,B008-C1098,Pharma Client 098,Pharma & Healthcare,30,43879.77,2024-06-19,2024-07-19,closed,2024-07-20,31,1,False,False,prompt_payer
INV8002530,B008,B008-C1098,Pharma Client 098,Pharma & Healthcare,30,94463.8,2024-07-13,2024-08-12,closed,2024-08-17,35,5,False,False,prompt_payer
INV8002531,B008,B008-C1098,Pharma Client 098,Pharma & Healthcare,30,79389.45,2024-07-15,2024-08-14,closed,2024-08-16,32,2,False,False,prompt_payer
INV8002532,B008,B008-C1098,Pharma Client 098,Pharma & Healthcare,30,350548.24,2024-08-22,2024-09-21,closed,2024-09-22,31,1,False,True,prompt_payer
INV8002533,B008,B008-C1098,Pharma Client 098,Pharma & Healthcare,30,93939.11,2024-09-20,2024-10-20,closed,2024-10-22,32,2,False,False,prompt_payer
INV8002534,B008,B008-C1098,Pharma Client 098,Pharma & Healthcare,30,84986.08,2024-09-30,2024-10-30,closed,2024-11-06,37,7,False,False,prompt_payer
INV8002535,B008,B008-C1098,Pharma Client 098,Pharma & Healthcare,30,56155.92,2024-11-06,2024-12-06,closed,2024-12-04,28,-2,False,False,prompt_payer
INV8002536,B008,B008-C1098,Pharma Client 098,Pharma & Healthcare,30,81923.95,2024-12-05,2025-01-04,closed,2025-01-06,32,2,False,False,prompt_payer
INV8002537,B008,B008-C1098,Pharma Client 098,Pharma & Healthcare,30,59985.09,2025-01-21,2025-02-20,closed,2025-02-16,26,-4,False,False,prompt_payer
INV8002538,B008,B008-C1098,Pharma Client 098,Pharma & Healthcare,30,39544.73,2025-01-25,2025-02-24,closed,2025-02-17,23,-7,False,False,prompt_payer
INV8002539,B008,B008-C1098,Pharma Client 098,Pharma & Healthcare,30,53162.18,2025-01-25,2025-02-24,closed,2025-02-23,29,-1,False,False,prompt_payer
INV8002540,B008,B008-C1098,Pharma Client 098,Pharma & Healthcare,30,67946.91,2025-02-10,2025-03-12,closed,2025-03-14,32,2,False,False,prompt_payer
INV8002541,B008,B008-C1098,Pharma Client 098,Pharma & Healthcare,30,90170.73,2025-02-26,2025-03-28,closed,2025-03-28,30,0,False,False,prompt_payer
INV8002542,B008,B008-C1098,Pharma Client 098,Pharma & Healthcare,30,54478.46,2025-03-07,2025-04-06,closed,2025-04-06,30,0,False,False,prompt_payer
INV8002543,B008,B008-C1098,Pharma Client 098,Pharma & Healthcare,30,76242.93,2025-04-04,2025-05-04,closed,2025-05-04,30,0,False,False,prompt_payer
INV8002544,B008,B008-C1098,Pharma Client 098,Pharma & Healthcare,30,86794.67,2025-04-27,2025-05-27,closed,2025-05-31,34,4,False,False,prompt_payer
INV8002545,B008,B008-C1098,Pharma Client 098,Pharma & Healthcare,30,77387.94,2025-05-02,2025-06-01,closed,2025-06-06,35,5,False,False,prompt_payer
INV8002546,B008,B008-C1098,Pharma Client 098,Pharma & Healthcare,30,139283.6,2025-05-04,2025-06-03,closed,2025-06-04,31,1,False,False,prompt_payer
INV8002547,B008,B008-C1098,Pharma Client 098,Pharma & Healthcare,30,41178.33,2025-05-07,2025-06-06,closed,2025-06-08,32,2,False,False,prompt_payer
INV8002548,B008,B008-C1098,Pharma Client 098,Pharma & Healthcare,30,74426.9,2025-05-10,2025-06-09,closed,2025-06-05,26,-4,False,False,prompt_payer
INV8002549,B008,B008-C1098,Pharma Client 098,Pharma & Healthcare,30,75503.39,2025-06-13,2025-07-13,closed,2025-07-14,31,1,False,False,prompt_payer
INV8002550,B008,B008-C1098,Pharma Client 098,Pharma & Healthcare,30,92391.62,2025-06-25,2025-07-25,closed,2025-07-24,29,-1,False,False,prompt_payer
INV8002551,B008,B008-C1098,Pharma Client 098,Pharma & Healthcare,30,66857.26,2025-07-25,2025-08-24,closed,2025-08-16,22,-8,False,False,prompt_payer
INV8002552,B008,B008-C1098,Pharma Client 098,Pharma & Healthcare,30,75374.03,2025-09-13,2025-10-13,closed,2025-10-10,27,-3,True,False,prompt_payer
INV8002553,B008,B008-C1098,Pharma Client 098,Pharma & Healthcare,30,48865.27,2025-09-22,2025-10-22,closed,2025-10-25,33,3,False,False,prompt_payer
INV8002554,B008,B008-C1098,Pharma Client 098,Pharma & Healthcare,30,286682.73,2025-09-30,2025-10-30,closed,2025-10-26,26,-4,False,True,prompt_payer
INV8002555,B008,B008-C1098,Pharma Client 098,Pharma & Healthcare,30,66410.87,2025-10-02,2025-11-01,closed,2025-11-02,31,1,False,False,prompt_payer
INV8002556,B008,B008-C1098,Pharma Client 098,Pharma & Healthcare,30,67478.64,2025-11-22,2025-12-22,closed,2025-12-20,28,-2,False,False,prompt_payer
INV8002557,B008,B008-C1098,Pharma Client 098,Pharma & Healthcare,30,72683.23,2025-12-20,2026-01-19,closed,2026-01-22,33,3,False,False,prompt_payer
INV8002558,B008,B008-C1098,Pharma Client 098,Pharma & Healthcare,30,55249.85,2025-12-30,2026-01-29,closed,2026-01-26,27,-3,False,False,prompt_payer
INV8002559,B008,B008-C1098,Pharma Client 098,Pharma & Healthcare,30,60781.19,2026-01-03,2026-02-02,closed,2026-01-31,28,-2,False,False,prompt_payer
INV8002560,B008,B008-C1098,Pharma Client 098,Pharma & Healthcare,30,42164.09,2026-01-17,2026-02-16,closed,2026-02-16,30,0,False,False,prompt_payer
INV8002561,B008,B008-C1098,Pharma Client 098,Pharma & Healthcare,30,54840.03,2026-04-10,2026-05-10,closed,2026-05-14,34,4,False,False,prompt_payer
INV8002562,B008,B008-C1098,Pharma Client 098,Pharma & Healthcare,30,63015.36,2026-04-12,2026-05-12,closed,2026-05-10,28,-2,False,False,prompt_payer
INV8002563,B008,B008-C1098,Pharma Client 098,Pharma & Healthcare,30,76595.41,2026-05-07,2026-06-06,closed,2026-06-07,31,1,False,False,prompt_payer
INV8002564,B008,B008-C1098,Pharma Client 098,Pharma & Healthcare,30,65173.29,2026-05-25,2026-06-24,closed,2026-06-17,23,-7,False,False,prompt_payer
INV8002565,B008,B008-C1098,Pharma Client 098,Pharma & Healthcare,30,68204.24,2026-05-27,2026-06-26,closed,2026-06-30,34,4,False,False,prompt_payer
INV8002566,B008,B008-C1098,Pharma Client 098,Pharma & Healthcare,30,65089.64,2026-06-02,2026-07-02,closed,2026-07-02,30,0,False,False,prompt_payer
INV8002567,B008,B008-C1098,Pharma Client 098,Pharma & Healthcare,30,56643.19,2026-07-11,2026-08-10,closed,2026-08-13,33,3,False,False,prompt_payer
INV8002568,B008,B008-C1098,Pharma Client 098,Pharma & Healthcare,30,55026.71,2026-07-23,2026-08-22,closed,2026-08-20,28,-2,False,False,prompt_payer
INV8002569,B008,B008-C1098,Pharma Client 098,Pharma & Healthcare,30,125259.41,2026-07-24,2026-08-23,closed,2026-08-20,27,-3,False,False,prompt_payer
INV8002570,B008,B008-C1098,Pharma Client 098,Pharma & Healthcare,30,85376.19,2026-08-17,2026-09-16,open,,,,False,False,prompt_payer
INV8002571,B008,B008-C1099,Retail Client 099,Retail & Distribution,30,56303.48,2024-03-26,2024-04-25,closed,2024-04-21,26,-4,False,False,prompt_payer
INV8002572,B008,B008-C1099,Retail Client 099,Retail & Distribution,30,44544.05,2024-04-21,2024-05-21,closed,2024-05-15,24,-6,False,False,prompt_payer
INV8002573,B008,B008-C1099,Retail Client 099,Retail & Distribution,30,54654.62,2024-05-11,2024-06-10,closed,2024-06-11,31,1,False,False,prompt_payer
INV8002574,B008,B008-C1099,Retail Client 099,Retail & Distribution,30,40076.91,2024-07-05,2024-08-04,closed,2024-08-01,27,-3,False,False,prompt_payer
INV8002575,B008,B008-C1099,Retail Client 099,Retail & Distribution,30,38479.49,2024-07-06,2024-08-05,closed,2024-07-31,25,-5,False,False,prompt_payer
INV8002576,B008,B008-C1099,Retail Client 099,Retail & Distribution,30,41916.25,2024-07-14,2024-08-13,closed,2024-08-18,35,5,False,False,prompt_payer
INV8002577,B008,B008-C1099,Retail Client 099,Retail & Distribution,30,90891.98,2024-09-20,2024-10-20,closed,2024-10-21,31,1,False,False,prompt_payer
INV8002578,B008,B008-C1099,Retail Client 099,Retail & Distribution,30,37628.41,2024-09-21,2024-10-21,closed,2024-10-23,32,2,False,False,prompt_payer
INV8002579,B008,B008-C1099,Retail Client 099,Retail & Distribution,30,58222.49,2024-11-07,2024-12-07,closed,2024-12-06,29,-1,True,False,prompt_payer
INV8002580,B008,B008-C1099,Retail Client 099,Retail & Distribution,30,28258.53,2024-11-18,2024-12-18,closed,2024-12-19,31,1,False,False,prompt_payer
INV8002581,B008,B008-C1099,Retail Client 099,Retail & Distribution,30,24940.14,2024-11-26,2024-12-26,closed,2024-12-27,31,1,False,False,prompt_payer
INV8002582,B008,B008-C1099,Retail Client 099,Retail & Distribution,30,21485.73,2024-12-10,2025-01-09,closed,2025-01-09,30,0,False,False,prompt_payer
INV8002583,B008,B008-C1099,Retail Client 099,Retail & Distribution,30,32977.65,2025-02-02,2025-03-04,closed,2025-03-07,33,3,False,False,prompt_payer
INV8002584,B008,B008-C1099,Retail Client 099,Retail & Distribution,30,26627.42,2025-02-03,2025-03-05,closed,2025-03-05,30,0,False,False,prompt_payer
INV8002585,B008,B008-C1099,Retail Client 099,Retail & Distribution,30,45755.36,2025-05-05,2025-06-04,closed,2025-06-04,30,0,False,False,prompt_payer
INV8002586,B008,B008-C1099,Retail Client 099,Retail & Distribution,30,29521.35,2025-07-09,2025-08-08,closed,2025-08-04,26,-4,False,False,prompt_payer
INV8002587,B008,B008-C1099,Retail Client 099,Retail & Distribution,30,32961.45,2025-08-06,2025-09-05,closed,2025-09-05,30,0,False,False,prompt_payer
INV8002588,B008,B008-C1099,Retail Client 099,Retail & Distribution,30,34605.83,2025-08-10,2025-09-09,closed,2025-09-09,30,0,False,False,prompt_payer
INV8002589,B008,B008-C1099,Retail Client 099,Retail & Distribution,30,34683.08,2025-10-26,2025-11-25,closed,2025-11-27,32,2,False,False,prompt_payer
INV8002590,B008,B008-C1099,Retail Client 099,Retail & Distribution,30,33310.47,2025-10-28,2025-11-27,closed,2025-12-01,34,4,True,False,prompt_payer
INV8002591,B008,B008-C1099,Retail Client 099,Retail & Distribution,30,203015.9,2025-11-08,2025-12-08,closed,2025-12-09,31,1,False,True,prompt_payer
INV8002592,B008,B008-C1099,Retail Client 099,Retail & Distribution,30,152067.85,2025-12-09,2026-01-08,closed,2026-01-09,31,1,False,True,prompt_payer
INV8002593,B008,B008-C1099,Retail Client 099,Retail & Distribution,30,23879.35,2026-02-20,2026-03-22,closed,2026-03-16,24,-6,False,False,prompt_payer
INV8002594,B008,B008-C1099,Retail Client 099,Retail & Distribution,30,41838.16,2026-02-22,2026-03-24,closed,2026-03-24,30,0,False,False,prompt_payer
INV8002595,B008,B008-C1099,Retail Client 099,Retail & Distribution,30,44481.9,2026-02-25,2026-03-27,closed,2026-03-31,34,4,False,False,prompt_payer
INV8002596,B008,B008-C1099,Retail Client 099,Retail & Distribution,30,47214.15,2026-02-28,2026-03-30,closed,2026-03-31,31,1,False,False,prompt_payer
INV8002597,B008,B008-C1099,Retail Client 099,Retail & Distribution,30,67725.64,2026-03-16,2026-04-15,closed,2026-04-19,34,4,False,False,prompt_payer
INV8002598,B008,B008-C1099,Retail Client 099,Retail & Distribution,30,32657.49,2026-03-19,2026-04-18,closed,2026-04-21,33,3,False,False,prompt_payer
INV8002599,B008,B008-C1099,Retail Client 099,Retail & Distribution,30,39437.12,2026-03-27,2026-04-26,closed,2026-04-28,32,2,False,False,prompt_payer
INV8002600,B008,B008-C1099,Retail Client 099,Retail & Distribution,30,46971.88,2026-04-03,2026-05-03,closed,2026-05-06,33,3,False,False,prompt_payer
INV8002601,B008,B008-C1099,Retail Client 099,Retail & Distribution,30,194669.18,2026-05-21,2026-06-20,closed,2026-06-17,27,-3,False,True,prompt_payer
INV8002602,B008,B008-C1099,Retail Client 099,Retail & Distribution,30,39759.41,2026-06-23,2026-07-23,closed,2026-07-28,35,5,False,False,prompt_payer
INV8002603,B008,B008-C1099,Retail Client 099,Retail & Distribution,30,64008.82,2026-07-13,2026-08-12,closed,2026-08-10,28,-2,False,False,prompt_payer
INV8002604,B008,B008-C1099,Retail Client 099,Retail & Distribution,30,22501.5,2026-08-10,2026-09-09,closed,2026-08-31,21,-9,False,False,prompt_payer
INV8002605,B008,B008-C1099,Retail Client 099,Retail & Distribution,30,41440.42,2026-08-22,2026-09-21,open,,,,False,False,prompt_payer
INV8002606,B008,B008-C1099,Retail Client 099,Retail & Distribution,30,25175.45,2026-08-31,2026-09-30,open,,,,False,False,prompt_payer
INV8002607,B008,B008-C1100,Metal Client 100,Metal & Engineering,45,149273.64,2024-03-24,2024-05-08,closed,2024-05-27,64,19,False,False,seasonal_payer
INV8002608,B008,B008-C1100,Metal Client 100,Metal & Engineering,45,79400.44,2024-05-25,2024-07-09,closed,2024-07-18,54,9,False,False,seasonal_payer
INV8002609,B008,B008-C1100,Metal Client 100,Metal & Engineering,45,162064.41,2024-06-15,2024-07-30,closed,2024-08-09,55,10,False,False,seasonal_payer
INV8002610,B008,B008-C1100,Metal Client 100,Metal & Engineering,45,96068.25,2024-08-21,2024-10-05,closed,2024-10-10,50,5,False,False,seasonal_payer
INV8002611,B008,B008-C1100,Metal Client 100,Metal & Engineering,45,141787.31,2024-10-03,2024-11-17,closed,2024-11-19,47,2,False,False,seasonal_payer
INV8002612,B008,B008-C1100,Metal Client 100,Metal & Engineering,45,95635.96,2024-10-25,2024-12-09,closed,2024-12-16,52,7,False,False,seasonal_payer
INV8002613,B008,B008-C1100,Metal Client 100,Metal & Engineering,45,70210.67,2024-10-28,2024-12-12,closed,2024-12-13,46,1,False,False,seasonal_payer
INV8002614,B008,B008-C1100,Metal Client 100,Metal & Engineering,45,99260.45,2024-11-12,2024-12-27,closed,2024-12-19,37,-8,False,False,seasonal_payer
INV8002615,B008,B008-C1100,Metal Client 100,Metal & Engineering,45,62043.6,2024-11-20,2025-01-04,closed,2025-01-16,57,12,True,False,seasonal_payer
INV8002616,B008,B008-C1100,Metal Client 100,Metal & Engineering,45,85397.96,2024-12-01,2025-01-15,closed,2025-01-24,54,9,False,False,seasonal_payer
INV8002617,B008,B008-C1100,Metal Client 100,Metal & Engineering,45,80888.74,2024-12-05,2025-01-19,closed,2025-01-26,52,7,False,False,seasonal_payer
INV8002618,B008,B008-C1100,Metal Client 100,Metal & Engineering,45,68295.18,2024-12-10,2025-01-24,closed,2025-01-20,41,-4,False,False,seasonal_payer
INV8002619,B008,B008-C1100,Metal Client 100,Metal & Engineering,45,597941.14,2025-03-04,2025-04-18,closed,2025-05-11,68,23,False,True,seasonal_payer
INV8002620,B008,B008-C1100,Metal Client 100,Metal & Engineering,45,81076.09,2025-03-07,2025-04-21,closed,2025-05-13,67,22,False,False,seasonal_payer
INV8002621,B008,B008-C1100,Metal Client 100,Metal & Engineering,45,78621.51,2025-03-10,2025-04-24,closed,2025-05-14,65,20,False,False,seasonal_payer
INV8002622,B008,B008-C1100,Metal Client 100,Metal & Engineering,45,107300.82,2025-03-29,2025-05-13,closed,2025-05-30,62,17,False,False,seasonal_payer
INV8002623,B008,B008-C1100,Metal Client 100,Metal & Engineering,45,91019.35,2025-04-19,2025-06-03,disputed_open,,,,False,False,seasonal_payer
INV8002624,B008,B008-C1100,Metal Client 100,Metal & Engineering,45,90697.48,2025-06-01,2025-07-16,closed,2025-07-24,53,8,False,False,seasonal_payer
INV8002625,B008,B008-C1100,Metal Client 100,Metal & Engineering,45,153676.63,2025-07-03,2025-08-17,closed,2025-08-26,54,9,False,False,seasonal_payer
INV8002626,B008,B008-C1100,Metal Client 100,Metal & Engineering,45,66792.01,2025-08-21,2025-10-05,closed,2025-10-10,50,5,False,False,seasonal_payer
INV8002627,B008,B008-C1100,Metal Client 100,Metal & Engineering,45,87904.58,2025-09-24,2025-11-08,closed,2025-11-08,45,0,False,False,seasonal_payer
INV8002628,B008,B008-C1100,Metal Client 100,Metal & Engineering,45,114432.27,2025-10-23,2025-12-07,closed,2025-12-10,48,3,False,False,seasonal_payer
INV8002629,B008,B008-C1100,Metal Client 100,Metal & Engineering,45,84014.98,2025-10-27,2025-12-11,closed,2025-12-11,45,0,False,False,seasonal_payer
INV8002630,B008,B008-C1100,Metal Client 100,Metal & Engineering,45,72248.73,2025-12-14,2026-01-28,closed,2026-01-25,42,-3,False,False,seasonal_payer
INV8002631,B008,B008-C1100,Metal Client 100,Metal & Engineering,45,140487.65,2025-12-26,2026-02-09,closed,2026-02-16,52,7,False,False,seasonal_payer
INV8002632,B008,B008-C1100,Metal Client 100,Metal & Engineering,45,76944.48,2026-01-11,2026-02-25,closed,2026-03-06,54,9,False,False,seasonal_payer
INV8002633,B008,B008-C1100,Metal Client 100,Metal & Engineering,45,72754.25,2026-02-12,2026-03-29,closed,2026-04-16,63,18,True,False,seasonal_payer
INV8002634,B008,B008-C1100,Metal Client 100,Metal & Engineering,45,99320.0,2026-03-10,2026-04-24,closed,2026-05-07,58,13,False,False,seasonal_payer
INV8002635,B008,B008-C1100,Metal Client 100,Metal & Engineering,45,143235.66,2026-04-06,2026-05-21,closed,2026-05-27,51,6,True,False,seasonal_payer
INV8002636,B008,B008-C1100,Metal Client 100,Metal & Engineering,45,84766.32,2026-07-27,2026-09-10,open,,,,False,False,seasonal_payer
INV8002637,B008,B008-C1100,Metal Client 100,Metal & Engineering,45,92044.58,2026-08-24,2026-10-08,open,,,,False,False,seasonal_payer
INV8002638,B008,B008-C1101,Construction Client 101,Construction & Infra,30,154202.25,2024-03-26,2024-04-25,closed,2024-04-26,31,1,False,False,seasonal_payer
INV8002639,B008,B008-C1101,Construction Client 101,Construction & Infra,30,123344.58,2024-04-18,2024-05-18,closed,2024-05-27,39,9,True,False,seasonal_payer
INV8002640,B008,B008-C1101,Construction Client 101,Construction & Infra,30,121315.09,2024-04-24,2024-05-24,closed,2024-05-30,36,6,False,False,seasonal_payer
INV8002641,B008,B008-C1101,Construction Client 101,Construction & Infra,30,200489.05,2024-05-13,2024-06-12,closed,2024-06-20,38,8,False,False,seasonal_payer
INV8002642,B008,B008-C1101,Construction Client 101,Construction & Infra,30,191276.99,2024-05-18,2024-06-17,closed,2024-06-15,28,-2,False,False,seasonal_payer
INV8002643,B008,B008-C1101,Construction Client 101,Construction & Infra,30,766096.67,2024-05-24,2024-06-23,closed,2024-06-25,32,2,False,True,seasonal_payer
INV8002644,B008,B008-C1101,Construction Client 101,Construction & Infra,30,148381.44,2024-06-14,2024-07-14,closed,2024-07-15,31,1,False,False,seasonal_payer
INV8002645,B008,B008-C1101,Construction Client 101,Construction & Infra,30,257606.32,2024-08-03,2024-09-02,closed,2024-09-14,42,12,False,False,seasonal_payer
INV8002646,B008,B008-C1101,Construction Client 101,Construction & Infra,30,252279.55,2024-10-30,2024-11-29,closed,2024-12-09,40,10,False,False,seasonal_payer
INV8002647,B008,B008-C1101,Construction Client 101,Construction & Infra,30,229172.86,2024-12-15,2025-01-14,closed,2025-01-31,47,17,False,False,seasonal_payer
INV8002648,B008,B008-C1101,Construction Client 101,Construction & Infra,30,227577.82,2025-01-15,2025-02-14,closed,2025-02-17,33,3,False,False,seasonal_payer
INV8002649,B008,B008-C1101,Construction Client 101,Construction & Infra,30,168167.26,2025-02-06,2025-03-08,closed,2025-02-28,22,-8,False,False,seasonal_payer
INV8002650,B008,B008-C1101,Construction Client 101,Construction & Infra,30,243812.95,2025-03-28,2025-04-27,closed,2025-05-12,45,15,False,False,seasonal_payer
INV8002651,B008,B008-C1101,Construction Client 101,Construction & Infra,30,347886.56,2025-03-28,2025-04-27,closed,2025-05-07,40,10,False,False,seasonal_payer
INV8002652,B008,B008-C1101,Construction Client 101,Construction & Infra,30,237700.25,2025-04-25,2025-05-25,closed,2025-05-30,35,5,False,False,seasonal_payer
INV8002653,B008,B008-C1101,Construction Client 101,Construction & Infra,30,94868.99,2025-05-12,2025-06-11,closed,2025-06-17,36,6,False,False,seasonal_payer
INV8002654,B008,B008-C1101,Construction Client 101,Construction & Infra,30,83766.97,2025-05-26,2025-06-25,closed,2025-07-06,41,11,False,False,seasonal_payer
INV8002655,B008,B008-C1101,Construction Client 101,Construction & Infra,30,265199.4,2025-06-14,2025-07-14,closed,2025-07-11,27,-3,False,False,seasonal_payer
INV8002656,B008,B008-C1101,Construction Client 101,Construction & Infra,30,103835.14,2025-06-22,2025-07-22,open,,,,False,False,seasonal_payer
INV8002657,B008,B008-C1101,Construction Client 101,Construction & Infra,30,322759.66,2025-08-09,2025-09-08,closed,2025-09-11,33,3,False,False,seasonal_payer
INV8002658,B008,B008-C1101,Construction Client 101,Construction & Infra,30,224944.99,2025-08-26,2025-09-25,closed,2025-09-22,27,-3,False,False,seasonal_payer
INV8002659,B008,B008-C1101,Construction Client 101,Construction & Infra,30,170220.52,2025-09-09,2025-10-09,closed,2025-10-21,42,12,False,False,seasonal_payer
INV8002660,B008,B008-C1101,Construction Client 101,Construction & Infra,30,131541.06,2025-10-11,2025-11-10,closed,2025-11-13,33,3,False,False,seasonal_payer
INV8002661,B008,B008-C1101,Construction Client 101,Construction & Infra,30,150276.19,2025-11-30,2025-12-30,closed,2026-01-24,55,25,False,False,seasonal_payer
INV8002662,B008,B008-C1101,Construction Client 101,Construction & Infra,30,86272.47,2025-12-25,2026-01-24,closed,2026-02-03,40,10,False,False,seasonal_payer
INV8002663,B008,B008-C1101,Construction Client 101,Construction & Infra,30,148056.25,2025-12-27,2026-01-26,closed,2026-02-04,39,9,False,False,seasonal_payer
INV8002664,B008,B008-C1101,Construction Client 101,Construction & Infra,30,133895.32,2025-12-31,2026-01-30,closed,2026-02-11,42,12,False,False,seasonal_payer
INV8002665,B008,B008-C1101,Construction Client 101,Construction & Infra,30,232462.2,2026-01-20,2026-02-19,closed,2026-03-07,46,16,False,False,seasonal_payer
INV8002666,B008,B008-C1101,Construction Client 101,Construction & Infra,30,190454.54,2026-01-26,2026-02-25,closed,2026-03-08,41,11,False,False,seasonal_payer
INV8002667,B008,B008-C1101,Construction Client 101,Construction & Infra,30,128417.98,2026-02-26,2026-03-28,closed,2026-04-01,34,4,False,False,seasonal_payer
INV8002668,B008,B008-C1101,Construction Client 101,Construction & Infra,30,1223145.56,2026-03-01,2026-03-31,closed,2026-04-14,44,14,False,True,seasonal_payer
INV8002669,B008,B008-C1101,Construction Client 101,Construction & Infra,30,201613.57,2026-03-13,2026-04-12,closed,2026-04-07,25,-5,False,False,seasonal_payer
INV8002670,B008,B008-C1101,Construction Client 101,Construction & Infra,30,283091.68,2026-06-14,2026-07-14,closed,2026-07-20,36,6,False,False,seasonal_payer
INV8002671,B008,B008-C1101,Construction Client 101,Construction & Infra,30,132300.2,2026-06-24,2026-07-24,closed,2026-07-21,27,-3,False,False,seasonal_payer
INV8002672,B008,B008-C1101,Construction Client 101,Construction & Infra,30,126688.94,2026-07-03,2026-08-02,closed,2026-08-01,29,-1,False,False,seasonal_payer
INV8002673,B008,B008-C1101,Construction Client 101,Construction & Infra,30,207230.92,2026-07-28,2026-08-27,open,,,,False,False,seasonal_payer
INV8002674,B008,B008-C1101,Construction Client 101,Construction & Infra,30,110604.95,2026-08-02,2026-09-01,closed,2026-08-30,28,-2,False,False,seasonal_payer
INV8002675,B008,B008-C1102,Chemicals Client 102,Chemicals & Plastics,30,79212.72,2024-05-13,2024-06-12,closed,2024-06-11,29,-1,False,False,deteriorating_payer
INV8002676,B008,B008-C1102,Chemicals Client 102,Chemicals & Plastics,30,34167.88,2024-10-26,2024-11-25,closed,2024-11-27,32,2,False,False,deteriorating_payer
INV8002677,B008,B008-C1102,Chemicals Client 102,Chemicals & Plastics,30,320168.49,2024-11-29,2024-12-29,closed,2025-01-21,53,23,False,True,deteriorating_payer
INV8002678,B008,B008-C1102,Chemicals Client 102,Chemicals & Plastics,30,77905.9,2025-06-14,2025-07-14,closed,2025-08-23,70,40,False,False,deteriorating_payer
INV8002679,B008,B008-C1102,Chemicals Client 102,Chemicals & Plastics,30,73722.81,2026-04-10,2026-05-10,closed,2026-06-08,59,29,False,False,deteriorating_payer
INV8002680,B008,B008-C1103,Chemicals Client 103,Chemicals & Plastics,45,367470.73,2024-03-16,2024-04-30,closed,2024-05-08,53,8,False,False,erratic_payer
INV8002681,B008,B008-C1103,Chemicals Client 103,Chemicals & Plastics,45,153710.42,2024-03-26,2024-05-10,closed,2024-05-16,51,6,False,False,erratic_payer
INV8002682,B008,B008-C1103,Chemicals Client 103,Chemicals & Plastics,45,163109.76,2024-04-16,2024-05-31,closed,2024-06-06,51,6,False,False,erratic_payer
INV8002683,B008,B008-C1103,Chemicals Client 103,Chemicals & Plastics,45,2176080.45,2024-07-03,2024-08-17,closed,2024-09-24,83,38,False,True,erratic_payer
INV8002684,B008,B008-C1103,Chemicals Client 103,Chemicals & Plastics,45,285692.48,2024-07-07,2024-08-21,closed,2024-09-03,58,13,False,False,erratic_payer
INV8002685,B008,B008-C1103,Chemicals Client 103,Chemicals & Plastics,45,217136.7,2024-07-13,2024-08-27,closed,2024-09-09,58,13,False,False,erratic_payer
INV8002686,B008,B008-C1103,Chemicals Client 103,Chemicals & Plastics,45,198552.24,2024-07-20,2024-09-03,closed,2024-09-12,54,9,False,False,erratic_payer
INV8002687,B008,B008-C1103,Chemicals Client 103,Chemicals & Plastics,45,258770.67,2024-08-25,2024-10-09,closed,2024-10-18,54,9,False,False,erratic_payer
INV8002688,B008,B008-C1103,Chemicals Client 103,Chemicals & Plastics,45,171436.75,2024-08-30,2024-10-14,closed,2025-01-04,127,82,False,False,erratic_payer
INV8002689,B008,B008-C1103,Chemicals Client 103,Chemicals & Plastics,45,149200.29,2024-09-01,2024-10-16,closed,2024-10-19,48,3,False,False,erratic_payer
INV8002690,B008,B008-C1103,Chemicals Client 103,Chemicals & Plastics,45,325905.43,2024-10-14,2024-11-28,closed,2024-12-11,58,13,False,False,erratic_payer
INV8002691,B008,B008-C1103,Chemicals Client 103,Chemicals & Plastics,45,656902.21,2024-12-11,2025-01-25,closed,2025-01-23,43,-2,False,True,erratic_payer
INV8002692,B008,B008-C1103,Chemicals Client 103,Chemicals & Plastics,45,608514.59,2024-12-11,2025-01-25,closed,2025-02-11,62,17,False,True,erratic_payer
INV8002693,B008,B008-C1103,Chemicals Client 103,Chemicals & Plastics,45,322041.74,2024-12-25,2025-02-08,closed,2025-02-03,40,-5,False,False,erratic_payer
INV8002694,B008,B008-C1103,Chemicals Client 103,Chemicals & Plastics,45,255596.93,2025-01-16,2025-03-02,closed,2025-03-05,48,3,False,False,erratic_payer
INV8002695,B008,B008-C1103,Chemicals Client 103,Chemicals & Plastics,45,216330.97,2025-02-14,2025-03-31,closed,2025-03-31,45,0,False,False,erratic_payer
INV8002696,B008,B008-C1103,Chemicals Client 103,Chemicals & Plastics,45,236914.31,2025-03-08,2025-04-22,closed,2025-06-23,107,62,False,False,erratic_payer
INV8002697,B008,B008-C1103,Chemicals Client 103,Chemicals & Plastics,45,138016.97,2025-03-27,2025-05-11,closed,2025-05-28,62,17,False,False,erratic_payer
INV8002698,B008,B008-C1103,Chemicals Client 103,Chemicals & Plastics,45,1254030.63,2025-04-24,2025-06-08,closed,2025-06-26,63,18,False,True,erratic_payer
INV8002699,B008,B008-C1103,Chemicals Client 103,Chemicals & Plastics,45,226970.68,2025-06-12,2025-07-27,closed,2025-08-03,52,7,False,False,erratic_payer
INV8002700,B008,B008-C1103,Chemicals Client 103,Chemicals & Plastics,45,383195.71,2025-09-10,2025-10-25,closed,2025-10-31,51,6,False,False,erratic_payer
INV8002701,B008,B008-C1103,Chemicals Client 103,Chemicals & Plastics,45,364052.33,2025-09-12,2025-10-27,closed,2025-10-28,46,1,False,False,erratic_payer
INV8002702,B008,B008-C1103,Chemicals Client 103,Chemicals & Plastics,45,225516.02,2025-09-15,2025-10-30,closed,2025-11-10,56,11,False,False,erratic_payer
INV8002703,B008,B008-C1103,Chemicals Client 103,Chemicals & Plastics,45,234380.32,2025-09-20,2025-11-04,closed,2025-11-10,51,6,False,False,erratic_payer
INV8002704,B008,B008-C1103,Chemicals Client 103,Chemicals & Plastics,45,297575.71,2025-10-04,2025-11-18,closed,2025-10-29,25,-20,False,False,erratic_payer
INV8002705,B008,B008-C1103,Chemicals Client 103,Chemicals & Plastics,45,323297.46,2025-10-27,2025-12-11,closed,2025-12-31,65,20,False,False,erratic_payer
INV8002706,B008,B008-C1103,Chemicals Client 103,Chemicals & Plastics,45,193256.85,2025-11-24,2026-01-08,closed,2026-01-26,63,18,False,False,erratic_payer
INV8002707,B008,B008-C1103,Chemicals Client 103,Chemicals & Plastics,45,165783.89,2025-12-27,2026-02-10,closed,2026-02-07,42,-3,False,False,erratic_payer
INV8002708,B008,B008-C1103,Chemicals Client 103,Chemicals & Plastics,45,272970.21,2025-12-30,2026-02-13,closed,2026-01-29,30,-15,False,False,erratic_payer
INV8002709,B008,B008-C1103,Chemicals Client 103,Chemicals & Plastics,45,262678.91,2026-01-02,2026-02-16,closed,2026-02-22,51,6,False,False,erratic_payer
INV8002710,B008,B008-C1103,Chemicals Client 103,Chemicals & Plastics,45,184237.02,2026-01-03,2026-02-17,closed,2026-02-16,44,-1,False,False,erratic_payer
INV8002711,B008,B008-C1103,Chemicals Client 103,Chemicals & Plastics,45,191993.22,2026-01-07,2026-02-21,closed,2026-02-18,42,-3,False,False,erratic_payer
INV8002712,B008,B008-C1103,Chemicals Client 103,Chemicals & Plastics,45,301943.7,2026-01-17,2026-03-03,closed,2026-03-17,59,14,False,False,erratic_payer
INV8002713,B008,B008-C1103,Chemicals Client 103,Chemicals & Plastics,45,228852.94,2026-01-22,2026-03-08,closed,2026-03-15,52,7,False,False,erratic_payer
INV8002714,B008,B008-C1103,Chemicals Client 103,Chemicals & Plastics,45,176579.66,2026-02-01,2026-03-18,closed,2026-03-27,54,9,False,False,erratic_payer
INV8002715,B008,B008-C1103,Chemicals Client 103,Chemicals & Plastics,45,274075.74,2026-02-02,2026-03-19,closed,2026-04-07,64,19,False,False,erratic_payer
INV8002716,B008,B008-C1103,Chemicals Client 103,Chemicals & Plastics,45,265942.3,2026-02-14,2026-03-31,closed,2026-04-06,51,6,False,False,erratic_payer
INV8002717,B008,B008-C1103,Chemicals Client 103,Chemicals & Plastics,45,135369.49,2026-02-17,2026-04-03,closed,2026-04-16,58,13,True,False,erratic_payer
INV8002718,B008,B008-C1103,Chemicals Client 103,Chemicals & Plastics,45,297043.62,2026-02-18,2026-04-04,closed,2026-04-11,52,7,False,False,erratic_payer
INV8002719,B008,B008-C1103,Chemicals Client 103,Chemicals & Plastics,45,403288.2,2026-02-25,2026-04-11,closed,2026-04-09,43,-2,False,False,erratic_payer
INV8002720,B008,B008-C1103,Chemicals Client 103,Chemicals & Plastics,45,1220191.55,2026-03-03,2026-04-17,closed,2026-04-27,55,10,False,True,erratic_payer
INV8002721,B008,B008-C1103,Chemicals Client 103,Chemicals & Plastics,45,374764.38,2026-04-18,2026-06-02,closed,2026-07-12,85,40,False,False,erratic_payer
INV8002722,B008,B008-C1103,Chemicals Client 103,Chemicals & Plastics,45,218594.42,2026-04-19,2026-06-03,closed,2026-08-30,133,88,False,False,erratic_payer
INV8002723,B008,B008-C1103,Chemicals Client 103,Chemicals & Plastics,45,427832.6,2026-04-21,2026-06-05,closed,2026-06-17,57,12,False,False,erratic_payer
INV8002724,B008,B008-C1103,Chemicals Client 103,Chemicals & Plastics,45,844350.0,2026-04-30,2026-06-14,closed,2026-06-15,46,1,False,True,erratic_payer
INV8002725,B008,B008-C1103,Chemicals Client 103,Chemicals & Plastics,45,212287.9,2026-05-01,2026-06-15,closed,2026-06-13,43,-2,False,False,erratic_payer
INV8002726,B008,B008-C1103,Chemicals Client 103,Chemicals & Plastics,45,265671.29,2026-05-31,2026-07-15,closed,2026-07-22,52,7,False,False,erratic_payer
INV8002727,B008,B008-C1103,Chemicals Client 103,Chemicals & Plastics,45,213199.18,2026-07-06,2026-08-20,closed,2026-08-31,56,11,False,False,erratic_payer
INV8002728,B008,B008-C1104,Chemicals Client 104,Chemicals & Plastics,30,38027.44,2024-06-18,2024-07-18,closed,2024-07-21,33,3,False,False,cold_start
INV8002729,B008,B008-C1104,Chemicals Client 104,Chemicals & Plastics,30,36623.14,2024-08-07,2024-09-06,closed,2024-09-18,42,12,False,False,cold_start
INV8002730,B008,B008-C1104,Chemicals Client 104,Chemicals & Plastics,30,38254.96,2025-06-23,2025-07-23,closed,2025-08-09,47,17,False,False,cold_start
INV8002731,B008,B008-C1105,Metal Client 105,Metal & Engineering,45,171914.47,2024-03-22,2024-05-06,closed,2024-05-05,44,-1,False,False,prompt_payer
INV8002732,B008,B008-C1105,Metal Client 105,Metal & Engineering,45,119237.22,2024-04-19,2024-06-03,closed,2024-06-02,44,-1,False,False,prompt_payer
INV8002733,B008,B008-C1105,Metal Client 105,Metal & Engineering,45,119044.6,2024-05-20,2024-07-04,closed,2024-06-25,36,-9,True,False,prompt_payer
INV8002734,B008,B008-C1105,Metal Client 105,Metal & Engineering,45,139848.6,2024-08-06,2024-09-20,open,,,,False,False,prompt_payer
INV8002735,B008,B008-C1105,Metal Client 105,Metal & Engineering,45,133151.53,2024-09-21,2024-11-05,closed,2024-11-03,43,-2,False,False,prompt_payer
INV8002736,B008,B008-C1105,Metal Client 105,Metal & Engineering,45,75796.69,2024-09-24,2024-11-08,closed,2024-11-08,45,0,False,False,prompt_payer
INV8002737,B008,B008-C1105,Metal Client 105,Metal & Engineering,45,136366.78,2024-09-24,2024-11-08,closed,2024-11-08,45,0,False,False,prompt_payer
INV8002738,B008,B008-C1105,Metal Client 105,Metal & Engineering,45,155493.65,2024-10-14,2024-11-28,closed,2024-12-02,49,4,False,False,prompt_payer
INV8002739,B008,B008-C1105,Metal Client 105,Metal & Engineering,45,113323.78,2024-10-17,2024-12-01,closed,2024-11-23,37,-8,False,False,prompt_payer
INV8002740,B008,B008-C1105,Metal Client 105,Metal & Engineering,45,193761.32,2024-10-29,2024-12-13,closed,2024-12-18,50,5,False,False,prompt_payer
INV8002741,B008,B008-C1105,Metal Client 105,Metal & Engineering,45,208179.38,2024-11-03,2024-12-18,closed,2024-12-17,44,-1,False,False,prompt_payer
INV8002742,B008,B008-C1105,Metal Client 105,Metal & Engineering,45,128823.52,2024-11-29,2025-01-13,closed,2025-01-09,41,-4,False,False,prompt_payer
INV8002743,B008,B008-C1105,Metal Client 105,Metal & Engineering,45,180734.16,2024-11-30,2025-01-14,closed,2025-01-14,45,0,False,False,prompt_payer
INV8002744,B008,B008-C1105,Metal Client 105,Metal & Engineering,45,149123.76,2024-12-05,2025-01-19,closed,2025-01-18,44,-1,False,False,prompt_payer
INV8002745,B008,B008-C1105,Metal Client 105,Metal & Engineering,45,145832.17,2025-01-20,2025-03-06,closed,2025-03-02,41,-4,False,False,prompt_payer
INV8002746,B008,B008-C1105,Metal Client 105,Metal & Engineering,45,350516.06,2025-01-23,2025-03-09,closed,2025-03-04,40,-5,False,True,prompt_payer
INV8002747,B008,B008-C1105,Metal Client 105,Metal & Engineering,45,160401.2,2025-01-24,2025-03-10,closed,2025-03-07,42,-3,False,False,prompt_payer
INV8002748,B008,B008-C1105,Metal Client 105,Metal & Engineering,45,118030.56,2025-02-14,2025-03-31,closed,2025-04-05,50,5,False,False,prompt_payer
INV8002749,B008,B008-C1105,Metal Client 105,Metal & Engineering,45,107612.61,2025-03-14,2025-04-28,closed,2025-04-30,47,2,False,False,prompt_payer
INV8002750,B008,B008-C1105,Metal Client 105,Metal & Engineering,45,161076.61,2025-03-30,2025-05-14,closed,2025-05-12,43,-2,False,False,prompt_payer
INV8002751,B008,B008-C1105,Metal Client 105,Metal & Engineering,45,108724.45,2025-05-11,2025-06-25,closed,2025-06-25,45,0,False,False,prompt_payer
INV8002752,B008,B008-C1105,Metal Client 105,Metal & Engineering,45,141582.15,2025-05-13,2025-06-27,closed,2025-07-03,51,6,False,False,prompt_payer
INV8002753,B008,B008-C1105,Metal Client 105,Metal & Engineering,45,160636.67,2025-07-02,2025-08-16,closed,2025-08-20,49,4,False,False,prompt_payer
INV8002754,B008,B008-C1105,Metal Client 105,Metal & Engineering,45,142402.75,2025-07-05,2025-08-19,closed,2025-08-19,45,0,False,False,prompt_payer
INV8002755,B008,B008-C1105,Metal Client 105,Metal & Engineering,45,115996.72,2025-07-07,2025-08-21,closed,2025-08-19,43,-2,False,False,prompt_payer
INV8002756,B008,B008-C1105,Metal Client 105,Metal & Engineering,45,180941.31,2025-07-17,2025-08-31,closed,2025-08-31,45,0,False,False,prompt_payer
INV8002757,B008,B008-C1105,Metal Client 105,Metal & Engineering,45,123641.31,2025-10-25,2025-12-09,closed,2025-12-04,40,-5,False,False,prompt_payer
INV8002758,B008,B008-C1105,Metal Client 105,Metal & Engineering,45,174381.62,2025-11-24,2026-01-08,closed,2026-01-07,44,-1,False,False,prompt_payer
INV8002759,B008,B008-C1105,Metal Client 105,Metal & Engineering,45,149212.8,2026-01-09,2026-02-23,closed,2026-02-23,45,0,False,False,prompt_payer
INV8002760,B008,B008-C1105,Metal Client 105,Metal & Engineering,45,149431.67,2026-01-20,2026-03-06,closed,2026-02-27,38,-7,False,False,prompt_payer
INV8002761,B008,B008-C1105,Metal Client 105,Metal & Engineering,45,132955.29,2026-01-24,2026-03-10,closed,2026-03-05,40,-5,False,False,prompt_payer
INV8002762,B008,B008-C1105,Metal Client 105,Metal & Engineering,45,122232.32,2026-02-17,2026-04-03,closed,2026-04-02,44,-1,False,False,prompt_payer
INV8002763,B008,B008-C1105,Metal Client 105,Metal & Engineering,45,85200.86,2026-02-27,2026-04-13,closed,2026-04-20,52,7,False,False,prompt_payer
INV8002764,B008,B008-C1105,Metal Client 105,Metal & Engineering,45,153707.76,2026-04-07,2026-05-22,closed,2026-05-22,45,0,False,False,prompt_payer
INV8002765,B008,B008-C1105,Metal Client 105,Metal & Engineering,45,139346.3,2026-04-14,2026-05-29,closed,2026-06-04,51,6,False,False,prompt_payer
INV8002766,B008,B008-C1105,Metal Client 105,Metal & Engineering,45,174538.79,2026-04-20,2026-06-04,closed,2026-06-05,46,1,False,False,prompt_payer
INV8002767,B008,B008-C1105,Metal Client 105,Metal & Engineering,45,135001.07,2026-04-20,2026-06-04,closed,2026-06-07,48,3,False,False,prompt_payer
INV8002768,B008,B008-C1105,Metal Client 105,Metal & Engineering,45,174552.65,2026-04-27,2026-06-11,closed,2026-06-16,50,5,False,False,prompt_payer
INV8002769,B008,B008-C1105,Metal Client 105,Metal & Engineering,45,129421.82,2026-04-30,2026-06-14,closed,2026-06-09,40,-5,False,False,prompt_payer
INV8002770,B008,B008-C1105,Metal Client 105,Metal & Engineering,45,121170.84,2026-05-06,2026-06-20,closed,2026-06-22,47,2,False,False,prompt_payer
INV8002771,B008,B008-C1105,Metal Client 105,Metal & Engineering,45,74232.96,2026-05-14,2026-06-28,closed,2026-06-25,42,-3,False,False,prompt_payer
INV8002772,B008,B008-C1105,Metal Client 105,Metal & Engineering,45,221812.95,2026-07-12,2026-08-26,closed,2026-08-21,40,-5,False,False,prompt_payer
INV8002773,B008,B008-C1105,Metal Client 105,Metal & Engineering,45,186054.73,2026-07-13,2026-08-27,closed,2026-08-23,41,-4,False,False,prompt_payer
INV8002774,B008,B008-C1105,Metal Client 105,Metal & Engineering,45,635513.35,2026-08-09,2026-09-23,open,,,,False,True,prompt_payer
INV8002775,B008,B008-C1106,Chemicals Client 106,Chemicals & Plastics,60,42236.06,2024-12-04,2025-02-02,closed,2025-01-31,58,-2,False,False,cold_start
INV8002776,B008,B008-C1106,Chemicals Client 106,Chemicals & Plastics,60,59627.78,2025-03-26,2025-05-25,closed,2025-06-06,72,12,False,False,cold_start
INV8002777,B008,B008-C1107,Auto Client 107,Auto Components,45,60055.14,2024-06-05,2024-07-20,closed,2024-08-30,86,41,False,False,improving_payer
INV8002778,B008,B008-C1107,Auto Client 107,Auto Components,45,61130.72,2024-06-17,2024-08-01,closed,2024-09-17,92,47,False,False,improving_payer
INV8002779,B008,B008-C1107,Auto Client 107,Auto Components,45,33490.01,2024-09-12,2024-10-27,open,,,,False,False,improving_payer
INV8002780,B008,B008-C1107,Auto Client 107,Auto Components,45,69806.02,2024-10-15,2024-11-29,closed,2025-01-03,80,35,False,False,improving_payer
INV8002781,B008,B008-C1107,Auto Client 107,Auto Components,45,77650.63,2024-10-16,2024-11-30,closed,2024-12-28,73,28,False,False,improving_payer
INV8002782,B008,B008-C1107,Auto Client 107,Auto Components,45,96104.08,2024-12-05,2025-01-19,closed,2025-02-13,70,25,False,False,improving_payer
INV8002783,B008,B008-C1107,Auto Client 107,Auto Components,45,57794.19,2025-01-03,2025-02-17,closed,2025-03-14,70,25,False,False,improving_payer
INV8002784,B008,B008-C1107,Auto Client 107,Auto Components,45,53048.81,2025-01-04,2025-02-18,closed,2025-03-15,70,25,False,False,improving_payer
INV8002785,B008,B008-C1107,Auto Client 107,Auto Components,45,41114.02,2025-01-29,2025-03-15,closed,2025-04-17,78,33,False,False,improving_payer
INV8002786,B008,B008-C1107,Auto Client 107,Auto Components,45,88228.82,2025-02-14,2025-03-31,closed,2025-04-12,57,12,False,False,improving_payer
INV8002787,B008,B008-C1107,Auto Client 107,Auto Components,45,73826.4,2025-02-22,2025-04-08,closed,2025-05-07,74,29,False,False,improving_payer
INV8002788,B008,B008-C1107,Auto Client 107,Auto Components,45,24013.52,2025-03-29,2025-05-13,closed,2025-06-12,75,30,False,False,improving_payer
INV8002789,B008,B008-C1107,Auto Client 107,Auto Components,45,38751.44,2025-04-10,2025-05-25,closed,2025-06-21,72,27,False,False,improving_payer
INV8002790,B008,B008-C1107,Auto Client 107,Auto Components,45,58768.91,2025-04-22,2025-06-06,closed,2025-06-19,58,13,False,False,improving_payer
INV8002791,B008,B008-C1107,Auto Client 107,Auto Components,45,46953.68,2025-05-20,2025-07-04,closed,2025-07-28,69,24,False,False,improving_payer
INV8002792,B008,B008-C1107,Auto Client 107,Auto Components,45,60966.78,2025-05-22,2025-07-06,closed,2025-08-04,74,29,False,False,improving_payer
INV8002793,B008,B008-C1107,Auto Client 107,Auto Components,45,66365.53,2025-06-30,2025-08-14,closed,2025-09-09,71,26,False,False,improving_payer
INV8002794,B008,B008-C1107,Auto Client 107,Auto Components,45,61335.52,2025-07-19,2025-09-02,closed,2025-10-09,82,37,False,False,improving_payer
INV8002795,B008,B008-C1107,Auto Client 107,Auto Components,45,64677.39,2025-07-20,2025-09-03,closed,2025-10-14,86,41,False,False,improving_payer
INV8002796,B008,B008-C1107,Auto Client 107,Auto Components,45,53536.69,2025-08-26,2025-10-10,closed,2025-10-24,59,14,False,False,improving_payer
INV8002797,B008,B008-C1107,Auto Client 107,Auto Components,45,33488.83,2025-09-13,2025-10-28,closed,2025-11-20,68,23,False,False,improving_payer
INV8002798,B008,B008-C1107,Auto Client 107,Auto Components,45,60456.95,2025-09-21,2025-11-05,closed,2025-12-02,72,27,False,False,improving_payer
INV8002799,B008,B008-C1107,Auto Client 107,Auto Components,45,65674.11,2025-12-01,2026-01-15,closed,2026-01-30,60,15,False,False,improving_payer
INV8002800,B008,B008-C1107,Auto Client 107,Auto Components,45,36336.7,2026-01-13,2026-02-27,closed,2026-02-26,44,-1,False,False,improving_payer
INV8002801,B008,B008-C1107,Auto Client 107,Auto Components,45,84192.83,2026-01-18,2026-03-04,closed,2026-03-19,60,15,False,False,improving_payer
INV8002802,B008,B008-C1107,Auto Client 107,Auto Components,45,58141.13,2026-03-19,2026-05-03,closed,2026-05-23,65,20,False,False,improving_payer
INV8002803,B008,B008-C1107,Auto Client 107,Auto Components,45,26080.73,2026-03-30,2026-05-14,closed,2026-05-30,61,16,False,False,improving_payer
INV8002804,B008,B008-C1107,Auto Client 107,Auto Components,45,45270.76,2026-04-15,2026-05-30,closed,2026-05-31,46,1,False,False,improving_payer
INV8002805,B008,B008-C1107,Auto Client 107,Auto Components,45,53233.95,2026-04-16,2026-05-31,closed,2026-06-05,50,5,False,False,improving_payer
INV8002806,B008,B008-C1107,Auto Client 107,Auto Components,45,50335.65,2026-05-03,2026-06-17,closed,2026-06-24,52,7,False,False,improving_payer
INV8002807,B008,B008-C1107,Auto Client 107,Auto Components,45,43175.26,2026-05-12,2026-06-26,closed,2026-07-09,58,13,False,False,improving_payer
INV8002808,B008,B008-C1107,Auto Client 107,Auto Components,45,66773.62,2026-05-17,2026-07-01,closed,2026-07-06,50,5,False,False,improving_payer
INV8002809,B008,B008-C1107,Auto Client 107,Auto Components,45,45540.86,2026-06-06,2026-07-21,closed,2026-07-23,47,2,False,False,improving_payer
INV8002810,B008,B008-C1107,Auto Client 107,Auto Components,45,70666.73,2026-06-06,2026-07-21,closed,2026-07-29,53,8,False,False,improving_payer
INV8002811,B008,B008-C1107,Auto Client 107,Auto Components,45,46918.1,2026-07-15,2026-08-29,closed,2026-08-29,45,0,False,False,improving_payer
INV8002812,B008,B008-C1107,Auto Client 107,Auto Components,45,88217.76,2026-07-23,2026-09-06,closed,2026-09-01,40,-5,False,False,improving_payer
INV8002813,B008,B008-C1107,Auto Client 107,Auto Components,45,33546.74,2026-07-24,2026-09-07,open,,,,False,False,improving_payer
INV8002814,B008,B008-C1108,IT Client 108,IT & Business Services,45,114158.43,2024-04-25,2024-06-09,closed,2024-08-08,105,60,False,False,erratic_payer
INV8002815,B008,B008-C1108,IT Client 108,IT & Business Services,45,117150.97,2024-04-27,2024-06-11,closed,2024-06-30,64,19,False,False,erratic_payer
INV8002816,B008,B008-C1108,IT Client 108,IT & Business Services,45,126191.74,2024-05-28,2024-07-12,disputed_open,,,,False,False,erratic_payer
INV8002817,B008,B008-C1108,IT Client 108,IT & Business Services,45,104932.43,2024-06-13,2024-07-28,closed,2024-08-03,51,6,False,False,erratic_payer
INV8002818,B008,B008-C1108,IT Client 108,IT & Business Services,45,209984.52,2024-06-18,2024-08-02,closed,2024-07-29,41,-4,False,False,erratic_payer
INV8002819,B008,B008-C1108,IT Client 108,IT & Business Services,45,55847.02,2024-06-21,2024-08-05,closed,2024-08-14,54,9,False,False,erratic_payer
INV8002820,B008,B008-C1108,IT Client 108,IT & Business Services,45,81482.49,2024-07-21,2024-09-04,closed,2024-09-25,66,21,False,False,erratic_payer
INV8002821,B008,B008-C1108,IT Client 108,IT & Business Services,45,136817.64,2024-07-22,2024-09-05,closed,2024-09-17,57,12,False,False,erratic_payer
INV8002822,B008,B008-C1108,IT Client 108,IT & Business Services,45,335136.49,2024-08-20,2024-10-04,closed,2024-11-11,83,38,False,True,erratic_payer
INV8002823,B008,B008-C1108,IT Client 108,IT & Business Services,45,102078.83,2024-11-03,2024-12-18,closed,2025-01-03,61,16,False,False,erratic_payer
INV8002824,B008,B008-C1108,IT Client 108,IT & Business Services,45,143945.92,2024-11-22,2025-01-06,closed,2025-01-06,45,0,False,False,erratic_payer
INV8002825,B008,B008-C1108,IT Client 108,IT & Business Services,45,146525.19,2024-12-27,2025-02-10,closed,2025-03-01,64,19,False,False,erratic_payer
INV8002826,B008,B008-C1108,IT Client 108,IT & Business Services,45,110634.42,2025-01-11,2025-02-25,closed,2025-02-20,40,-5,False,False,erratic_payer
INV8002827,B008,B008-C1108,IT Client 108,IT & Business Services,45,127761.14,2025-01-31,2025-03-17,disputed_open,,,,False,False,erratic_payer
INV8002828,B008,B008-C1108,IT Client 108,IT & Business Services,45,200431.9,2025-02-09,2025-03-26,closed,2025-04-13,63,18,True,False,erratic_payer
INV8002829,B008,B008-C1108,IT Client 108,IT & Business Services,45,619034.15,2025-02-27,2025-04-13,closed,2025-06-18,111,66,False,True,erratic_payer
INV8002830,B008,B008-C1108,IT Client 108,IT & Business Services,45,113296.96,2025-05-21,2025-07-05,closed,2025-07-04,44,-1,False,False,erratic_payer
INV8002831,B008,B008-C1108,IT Client 108,IT & Business Services,45,138943.79,2025-07-29,2025-09-12,closed,2025-09-11,44,-1,False,False,erratic_payer
INV8002832,B008,B008-C1108,IT Client 108,IT & Business Services,45,127892.41,2025-09-13,2025-10-28,closed,2025-11-09,57,12,False,False,erratic_payer
INV8002833,B008,B008-C1108,IT Client 108,IT & Business Services,45,92476.02,2025-09-14,2025-10-29,closed,2025-11-07,54,9,False,False,erratic_payer
INV8002834,B008,B008-C1108,IT Client 108,IT & Business Services,45,47228.91,2025-09-16,2025-10-31,open,,,,False,False,erratic_payer
INV8002835,B008,B008-C1108,IT Client 108,IT & Business Services,45,117689.22,2025-10-16,2025-11-30,closed,2026-01-15,91,46,False,False,erratic_payer
INV8002836,B008,B008-C1108,IT Client 108,IT & Business Services,45,100968.93,2025-10-26,2025-12-10,closed,2026-02-07,104,59,False,False,erratic_payer
INV8002837,B008,B008-C1108,IT Client 108,IT & Business Services,45,59981.43,2025-11-02,2025-12-17,closed,2025-12-15,43,-2,False,False,erratic_payer
INV8002838,B008,B008-C1108,IT Client 108,IT & Business Services,45,88223.53,2025-11-18,2026-01-02,closed,2026-01-02,45,0,False,False,erratic_payer
INV8002839,B008,B008-C1108,IT Client 108,IT & Business Services,45,90664.62,2025-11-28,2026-01-12,closed,2026-01-23,56,11,False,False,erratic_payer
INV8002840,B008,B008-C1108,IT Client 108,IT & Business Services,45,203932.43,2025-12-23,2026-02-06,closed,2026-02-14,53,8,False,False,erratic_payer
INV8002841,B008,B008-C1108,IT Client 108,IT & Business Services,45,167167.99,2026-01-01,2026-02-15,closed,2026-02-22,52,7,False,False,erratic_payer
INV8002842,B008,B008-C1108,IT Client 108,IT & Business Services,45,137273.87,2026-01-28,2026-03-14,closed,2026-03-19,50,5,False,False,erratic_payer
INV8002843,B008,B008-C1108,IT Client 108,IT & Business Services,45,107583.47,2026-01-30,2026-03-16,closed,2026-03-31,60,15,False,False,erratic_payer
INV8002844,B008,B008-C1108,IT Client 108,IT & Business Services,45,92079.61,2026-01-31,2026-03-17,closed,2026-03-30,58,13,False,False,erratic_payer
INV8002845,B008,B008-C1108,IT Client 108,IT & Business Services,45,110861.21,2026-02-21,2026-04-07,closed,2026-04-18,56,11,False,False,erratic_payer
INV8002846,B008,B008-C1108,IT Client 108,IT & Business Services,45,107257.56,2026-03-18,2026-05-02,closed,2026-05-17,60,15,False,False,erratic_payer
INV8002847,B008,B008-C1108,IT Client 108,IT & Business Services,45,92535.89,2026-03-31,2026-05-15,open,,,,False,False,erratic_payer
INV8002848,B008,B008-C1108,IT Client 108,IT & Business Services,45,137603.44,2026-04-10,2026-05-25,closed,2026-06-10,61,16,False,False,erratic_payer
INV8002849,B008,B008-C1108,IT Client 108,IT & Business Services,45,57139.96,2026-05-13,2026-06-27,closed,2026-07-02,50,5,False,False,erratic_payer
INV8002850,B008,B008-C1108,IT Client 108,IT & Business Services,45,184162.22,2026-05-23,2026-07-07,open,,,,False,False,erratic_payer
INV8002851,B008,B008-C1108,IT Client 108,IT & Business Services,45,89557.17,2026-07-13,2026-08-27,disputed_open,,,,False,False,erratic_payer
INV8002852,B008,B008-C1108,IT Client 108,IT & Business Services,45,119715.94,2026-07-18,2026-09-01,closed,2026-08-30,43,-2,False,False,erratic_payer
INV8002853,B008,B008-C1108,IT Client 108,IT & Business Services,45,86380.89,2026-08-07,2026-09-21,open,,,,False,False,erratic_payer
INV8002854,B008,B008-C1109,Electronics Client 109,Electronics & Electricals,30,327455.71,2024-04-14,2024-05-14,closed,2024-05-28,44,14,False,False,cold_start
INV8002855,B008,B008-C1109,Electronics Client 109,Electronics & Electricals,30,284520.89,2025-10-12,2025-11-11,closed,2025-11-10,29,-1,False,False,cold_start
INV8002856,B008,B008-C1110,Textiles Client 110,Textiles & Apparel,30,123894.57,2024-03-29,2024-04-28,closed,2024-05-03,35,5,False,False,deteriorating_payer
INV8002857,B008,B008-C1110,Textiles Client 110,Textiles & Apparel,30,147698.96,2024-03-31,2024-04-30,closed,2024-05-04,34,4,False,False,deteriorating_payer
INV8002858,B008,B008-C1110,Textiles Client 110,Textiles & Apparel,30,102407.41,2024-03-31,2024-04-30,closed,2024-05-07,37,7,False,False,deteriorating_payer
INV8002859,B008,B008-C1110,Textiles Client 110,Textiles & Apparel,30,71599.86,2024-05-12,2024-06-11,closed,2024-06-23,42,12,False,False,deteriorating_payer
INV8002860,B008,B008-C1110,Textiles Client 110,Textiles & Apparel,30,123192.97,2024-07-05,2024-08-04,closed,2024-08-07,33,3,False,False,deteriorating_payer
INV8002861,B008,B008-C1110,Textiles Client 110,Textiles & Apparel,30,139852.66,2024-08-13,2024-09-12,closed,2024-09-21,39,9,False,False,deteriorating_payer
INV8002862,B008,B008-C1110,Textiles Client 110,Textiles & Apparel,30,145085.68,2024-08-24,2024-09-23,closed,2024-10-07,44,14,True,False,deteriorating_payer
INV8002863,B008,B008-C1110,Textiles Client 110,Textiles & Apparel,30,782610.52,2024-10-10,2024-11-09,closed,2024-11-11,32,2,False,True,deteriorating_payer
INV8002864,B008,B008-C1110,Textiles Client 110,Textiles & Apparel,30,143187.45,2024-10-21,2024-11-20,closed,2024-11-24,34,4,False,False,deteriorating_payer
INV8002865,B008,B008-C1110,Textiles Client 110,Textiles & Apparel,30,149983.67,2024-11-04,2024-12-04,closed,2024-12-14,40,10,False,False,deteriorating_payer
INV8002866,B008,B008-C1110,Textiles Client 110,Textiles & Apparel,30,125567.91,2024-11-19,2024-12-19,closed,2025-01-18,60,30,False,False,deteriorating_payer
INV8002867,B008,B008-C1110,Textiles Client 110,Textiles & Apparel,30,144788.48,2024-11-20,2024-12-20,closed,2025-01-03,44,14,True,False,deteriorating_payer
INV8002868,B008,B008-C1110,Textiles Client 110,Textiles & Apparel,30,257452.04,2024-11-20,2024-12-20,closed,2025-01-04,45,15,False,False,deteriorating_payer
INV8002869,B008,B008-C1110,Textiles Client 110,Textiles & Apparel,30,199754.37,2024-12-28,2025-01-27,closed,2025-01-25,28,-2,False,False,deteriorating_payer
INV8002870,B008,B008-C1110,Textiles Client 110,Textiles & Apparel,30,138513.29,2025-02-16,2025-03-18,closed,2025-04-11,54,24,False,False,deteriorating_payer
INV8002871,B008,B008-C1110,Textiles Client 110,Textiles & Apparel,30,107885.93,2025-03-06,2025-04-05,closed,2025-05-10,65,35,False,False,deteriorating_payer
INV8002872,B008,B008-C1110,Textiles Client 110,Textiles & Apparel,30,82293.57,2025-03-25,2025-04-24,closed,2025-05-19,55,25,False,False,deteriorating_payer
INV8002873,B008,B008-C1110,Textiles Client 110,Textiles & Apparel,30,195650.69,2025-04-04,2025-05-04,closed,2025-05-19,45,15,False,False,deteriorating_payer
INV8002874,B008,B008-C1110,Textiles Client 110,Textiles & Apparel,30,159844.7,2025-04-18,2025-05-18,closed,2025-06-10,53,23,False,False,deteriorating_payer
INV8002875,B008,B008-C1110,Textiles Client 110,Textiles & Apparel,30,168156.89,2025-05-07,2025-06-06,closed,2025-07-04,58,28,False,False,deteriorating_payer
INV8002876,B008,B008-C1110,Textiles Client 110,Textiles & Apparel,30,171146.88,2025-06-06,2025-07-06,closed,2025-08-05,60,30,False,False,deteriorating_payer
INV8002877,B008,B008-C1110,Textiles Client 110,Textiles & Apparel,30,140774.4,2025-07-05,2025-08-04,closed,2025-08-28,54,24,False,False,deteriorating_payer
INV8002878,B008,B008-C1110,Textiles Client 110,Textiles & Apparel,30,146010.43,2025-08-11,2025-09-10,closed,2025-09-21,41,11,False,False,deteriorating_payer
INV8002879,B008,B008-C1110,Textiles Client 110,Textiles & Apparel,30,124048.46,2025-08-16,2025-09-15,closed,2025-10-22,67,37,False,False,deteriorating_payer
INV8002880,B008,B008-C1110,Textiles Client 110,Textiles & Apparel,30,177007.39,2025-09-17,2025-10-17,closed,2025-11-15,59,29,False,False,deteriorating_payer
INV8002881,B008,B008-C1110,Textiles Client 110,Textiles & Apparel,30,159788.22,2025-10-14,2025-11-13,closed,2025-12-07,54,24,False,False,deteriorating_payer
INV8002882,B008,B008-C1110,Textiles Client 110,Textiles & Apparel,30,166984.47,2025-10-16,2025-11-15,closed,2025-11-21,36,6,False,False,deteriorating_payer
INV8002883,B008,B008-C1110,Textiles Client 110,Textiles & Apparel,30,87257.22,2025-10-18,2025-11-17,closed,2025-11-26,39,9,False,False,deteriorating_payer
INV8002884,B008,B008-C1110,Textiles Client 110,Textiles & Apparel,30,147925.2,2025-10-23,2025-11-22,closed,2025-12-14,52,22,False,False,deteriorating_payer
INV8002885,B008,B008-C1110,Textiles Client 110,Textiles & Apparel,30,106753.84,2025-11-09,2025-12-09,closed,2026-01-23,75,45,False,False,deteriorating_payer
INV8002886,B008,B008-C1110,Textiles Client 110,Textiles & Apparel,30,117905.89,2025-12-21,2026-01-20,closed,2026-01-26,36,6,False,False,deteriorating_payer
INV8002887,B008,B008-C1110,Textiles Client 110,Textiles & Apparel,30,124453.53,2026-01-08,2026-02-07,closed,2026-03-18,69,39,False,False,deteriorating_payer
INV8002888,B008,B008-C1110,Textiles Client 110,Textiles & Apparel,30,154311.84,2026-02-08,2026-03-10,closed,2026-04-16,67,37,False,False,deteriorating_payer
INV8002889,B008,B008-C1110,Textiles Client 110,Textiles & Apparel,30,105072.77,2026-02-19,2026-03-21,closed,2026-05-13,83,53,False,False,deteriorating_payer
INV8002890,B008,B008-C1110,Textiles Client 110,Textiles & Apparel,30,130109.87,2026-02-27,2026-03-29,closed,2026-04-21,53,23,False,False,deteriorating_payer
INV8002891,B008,B008-C1110,Textiles Client 110,Textiles & Apparel,30,131705.27,2026-03-17,2026-04-16,closed,2026-05-23,67,37,False,False,deteriorating_payer
INV8002892,B008,B008-C1110,Textiles Client 110,Textiles & Apparel,30,129076.49,2026-03-20,2026-04-19,closed,2026-06-01,73,43,False,False,deteriorating_payer
INV8002893,B008,B008-C1110,Textiles Client 110,Textiles & Apparel,30,723723.34,2026-04-19,2026-05-19,closed,2026-05-29,40,10,False,True,deteriorating_payer
INV8002894,B008,B008-C1110,Textiles Client 110,Textiles & Apparel,30,167713.58,2026-04-24,2026-05-24,closed,2026-06-10,47,17,False,False,deteriorating_payer
INV8002895,B008,B008-C1110,Textiles Client 110,Textiles & Apparel,30,93233.81,2026-04-28,2026-05-28,closed,2026-07-01,64,34,False,False,deteriorating_payer
INV8002896,B008,B008-C1110,Textiles Client 110,Textiles & Apparel,30,205281.63,2026-07-07,2026-08-06,closed,2026-08-22,46,16,False,False,deteriorating_payer
INV8002897,B008,B008-C1110,Textiles Client 110,Textiles & Apparel,30,113185.59,2026-08-08,2026-09-07,open,,,,False,False,deteriorating_payer
INV8002898,B008,B008-C1111,Construction Client 111,Construction & Infra,30,121146.29,2024-04-08,2024-05-08,closed,2024-05-07,29,-1,False,False,average_payer
INV8002899,B008,B008-C1111,Construction Client 111,Construction & Infra,30,89255.79,2024-05-21,2024-06-20,closed,2024-06-27,37,7,True,False,average_payer
INV8002900,B008,B008-C1111,Construction Client 111,Construction & Infra,30,136470.55,2024-06-18,2024-07-18,closed,2024-07-29,41,11,False,False,average_payer
INV8002901,B008,B008-C1111,Construction Client 111,Construction & Infra,30,127203.25,2024-09-25,2024-10-25,closed,2024-10-22,27,-3,False,False,average_payer
INV8002902,B008,B008-C1111,Construction Client 111,Construction & Infra,30,73491.39,2024-11-21,2024-12-21,closed,2025-01-03,43,13,False,False,average_payer
INV8002903,B008,B008-C1111,Construction Client 111,Construction & Infra,30,120970.92,2025-02-01,2025-03-03,closed,2025-03-15,42,12,False,False,average_payer
INV8002904,B008,B008-C1111,Construction Client 111,Construction & Infra,30,118191.62,2025-02-02,2025-03-04,closed,2025-03-22,48,18,False,False,average_payer
INV8002905,B008,B008-C1111,Construction Client 111,Construction & Infra,30,107632.0,2025-02-05,2025-03-07,closed,2025-03-09,32,2,True,False,average_payer
INV8002906,B008,B008-C1111,Construction Client 111,Construction & Infra,30,77569.04,2025-03-22,2025-04-21,closed,2025-04-30,39,9,False,False,average_payer
INV8002907,B008,B008-C1111,Construction Client 111,Construction & Infra,30,155336.3,2025-04-02,2025-05-02,closed,2025-05-09,37,7,False,False,average_payer
INV8002908,B008,B008-C1111,Construction Client 111,Construction & Infra,30,69329.17,2025-04-20,2025-05-20,closed,2025-05-22,32,2,False,False,average_payer
INV8002909,B008,B008-C1111,Construction Client 111,Construction & Infra,30,113179.14,2025-04-21,2025-05-21,closed,2025-05-25,34,4,False,False,average_payer
INV8002910,B008,B008-C1111,Construction Client 111,Construction & Infra,30,138044.37,2025-04-24,2025-05-24,closed,2025-05-22,28,-2,False,False,average_payer
INV8002911,B008,B008-C1111,Construction Client 111,Construction & Infra,30,103324.3,2025-05-01,2025-05-31,closed,2025-06-07,37,7,False,False,average_payer
INV8002912,B008,B008-C1111,Construction Client 111,Construction & Infra,30,107090.05,2025-05-13,2025-06-12,closed,2025-06-24,42,12,False,False,average_payer
INV8002913,B008,B008-C1111,Construction Client 111,Construction & Infra,30,121587.75,2025-05-22,2025-06-21,closed,2025-06-26,35,5,False,False,average_payer
INV8002914,B008,B008-C1111,Construction Client 111,Construction & Infra,30,176231.96,2025-05-28,2025-06-27,closed,2025-07-14,47,17,False,False,average_payer
INV8002915,B008,B008-C1111,Construction Client 111,Construction & Infra,30,90704.38,2025-06-01,2025-07-01,closed,2025-07-12,41,11,False,False,average_payer
INV8002916,B008,B008-C1111,Construction Client 111,Construction & Infra,30,484696.05,2025-07-07,2025-08-06,closed,2025-08-09,33,3,False,True,average_payer
INV8002917,B008,B008-C1111,Construction Client 111,Construction & Infra,30,125069.34,2025-08-06,2025-09-05,closed,2025-09-09,34,4,False,False,average_payer
INV8002918,B008,B008-C1111,Construction Client 111,Construction & Infra,30,115507.48,2025-09-03,2025-10-03,closed,2025-10-22,49,19,False,False,average_payer
INV8002919,B008,B008-C1111,Construction Client 111,Construction & Infra,30,121009.99,2025-09-13,2025-10-13,closed,2025-10-18,35,5,False,False,average_payer
INV8002920,B008,B008-C1111,Construction Client 111,Construction & Infra,30,76037.04,2025-10-11,2025-11-10,closed,2025-11-17,37,7,False,False,average_payer
INV8002921,B008,B008-C1111,Construction Client 111,Construction & Infra,30,124123.89,2025-10-28,2025-11-27,closed,2025-12-03,36,6,False,False,average_payer
INV8002922,B008,B008-C1111,Construction Client 111,Construction & Infra,30,142467.21,2025-11-01,2025-12-01,closed,2025-12-01,30,0,False,False,average_payer
INV8002923,B008,B008-C1111,Construction Client 111,Construction & Infra,30,89846.85,2025-11-11,2025-12-11,closed,2025-12-17,36,6,False,False,average_payer
INV8002924,B008,B008-C1111,Construction Client 111,Construction & Infra,30,110023.41,2025-12-01,2025-12-31,closed,2026-01-11,41,11,False,False,average_payer
INV8002925,B008,B008-C1111,Construction Client 111,Construction & Infra,30,80759.14,2025-12-24,2026-01-23,closed,2026-02-02,40,10,False,False,average_payer
INV8002926,B008,B008-C1111,Construction Client 111,Construction & Infra,30,117141.42,2026-01-09,2026-02-08,closed,2026-02-13,35,5,False,False,average_payer
INV8002927,B008,B008-C1111,Construction Client 111,Construction & Infra,30,93694.51,2026-01-22,2026-02-21,closed,2026-02-27,36,6,False,False,average_payer
INV8002928,B008,B008-C1111,Construction Client 111,Construction & Infra,30,153800.69,2026-02-14,2026-03-16,closed,2026-03-20,34,4,False,False,average_payer
INV8002929,B008,B008-C1111,Construction Client 111,Construction & Infra,30,138205.24,2026-04-05,2026-05-05,closed,2026-05-16,41,11,False,False,average_payer
INV8002930,B008,B008-C1111,Construction Client 111,Construction & Infra,30,99232.19,2026-04-22,2026-05-22,closed,2026-05-24,32,2,False,False,average_payer
INV8002931,B008,B008-C1111,Construction Client 111,Construction & Infra,30,77158.34,2026-04-28,2026-05-28,closed,2026-06-05,38,8,False,False,average_payer
INV8002932,B008,B008-C1111,Construction Client 111,Construction & Infra,30,185940.05,2026-06-18,2026-07-18,closed,2026-07-21,33,3,False,False,average_payer
INV8002933,B008,B008-C1111,Construction Client 111,Construction & Infra,30,78520.11,2026-06-22,2026-07-22,closed,2026-08-07,46,16,False,False,average_payer
INV8002934,B008,B008-C1111,Construction Client 111,Construction & Infra,30,160903.09,2026-07-29,2026-08-28,closed,2026-08-24,26,-4,False,False,average_payer
INV8002935,B008,B008-C1111,Construction Client 111,Construction & Infra,30,89334.41,2026-08-21,2026-09-20,open,,,,False,False,average_payer
INV8002936,B008,B008-C1112,Auto Client 112,Auto Components,30,42499.83,2024-10-20,2024-11-19,closed,2024-12-08,49,19,False,False,improving_payer
INV8002937,B008,B008-C1112,Auto Client 112,Auto Components,30,26892.43,2024-12-12,2025-01-11,open,,,,False,False,improving_payer
INV8002938,B008,B008-C1112,Auto Client 112,Auto Components,30,90293.69,2025-01-12,2025-02-11,closed,2025-02-27,46,16,False,True,improving_payer
INV8002939,B008,B008-C1112,Auto Client 112,Auto Components,30,23708.42,2025-07-26,2025-08-25,closed,2025-09-18,54,24,False,False,improving_payer
INV8002940,B008,B008-C1112,Auto Client 112,Auto Components,30,30085.5,2025-09-28,2025-10-28,closed,2025-11-07,40,10,False,False,improving_payer
INV8002941,B008,B008-C1112,Auto Client 112,Auto Components,30,22146.22,2026-07-07,2026-08-06,closed,2026-08-08,32,2,False,False,improving_payer
INV8002942,B008,B008-C1113,Auto Client 113,Auto Components,15,20463.89,2024-04-20,2024-05-05,closed,2024-05-12,22,7,False,False,deteriorating_payer
INV8002943,B008,B008-C1113,Auto Client 113,Auto Components,15,27727.35,2024-05-23,2024-06-07,closed,2024-06-05,13,-2,False,False,deteriorating_payer
INV8002944,B008,B008-C1113,Auto Client 113,Auto Components,15,14692.08,2024-07-04,2024-07-19,closed,2024-08-15,42,27,False,False,deteriorating_payer
INV8002945,B008,B008-C1113,Auto Client 113,Auto Components,15,27681.21,2024-08-15,2024-08-30,closed,2024-08-31,16,1,False,False,deteriorating_payer
INV8002946,B008,B008-C1113,Auto Client 113,Auto Components,15,22569.42,2024-10-10,2024-10-25,closed,2024-11-14,35,20,False,False,deteriorating_payer
INV8002947,B008,B008-C1113,Auto Client 113,Auto Components,15,14107.47,2024-10-18,2024-11-02,closed,2024-11-23,36,21,False,False,deteriorating_payer
INV8002948,B008,B008-C1113,Auto Client 113,Auto Components,15,20621.95,2024-10-19,2024-11-03,closed,2024-12-12,54,39,False,False,deteriorating_payer
INV8002949,B008,B008-C1113,Auto Client 113,Auto Components,15,18327.32,2024-11-11,2024-11-26,open,,,,False,False,deteriorating_payer
INV8002950,B008,B008-C1113,Auto Client 113,Auto Components,15,18636.21,2024-12-24,2025-01-08,closed,2025-01-28,35,20,False,False,deteriorating_payer
INV8002951,B008,B008-C1113,Auto Client 113,Auto Components,15,12019.35,2025-01-08,2025-01-23,closed,2025-01-23,15,0,False,False,deteriorating_payer
INV8002952,B008,B008-C1113,Auto Client 113,Auto Components,15,14773.92,2025-01-10,2025-01-25,closed,2025-03-07,56,41,False,False,deteriorating_payer
INV8002953,B008,B008-C1113,Auto Client 113,Auto Components,15,14921.03,2025-01-30,2025-02-14,closed,2025-03-12,41,26,False,False,deteriorating_payer
INV8002954,B008,B008-C1113,Auto Client 113,Auto Components,15,12951.83,2025-02-15,2025-03-02,closed,2025-03-24,37,22,False,False,deteriorating_payer
INV8002955,B008,B008-C1113,Auto Client 113,Auto Components,15,27194.98,2025-02-24,2025-03-11,closed,2025-03-30,34,19,False,False,deteriorating_payer
INV8002956,B008,B008-C1113,Auto Client 113,Auto Components,15,52636.06,2025-03-08,2025-03-23,closed,2025-04-03,26,11,False,True,deteriorating_payer
INV8002957,B008,B008-C1113,Auto Client 113,Auto Components,15,18596.92,2025-04-16,2025-05-01,closed,2025-06-08,53,38,False,False,deteriorating_payer
INV8002958,B008,B008-C1113,Auto Client 113,Auto Components,15,14854.28,2025-05-13,2025-05-28,closed,2025-07-13,61,46,False,False,deteriorating_payer
INV8002959,B008,B008-C1113,Auto Client 113,Auto Components,15,15073.34,2025-05-25,2025-06-09,closed,2025-06-15,21,6,False,False,deteriorating_payer
INV8002960,B008,B008-C1113,Auto Client 113,Auto Components,15,14967.09,2025-06-26,2025-07-11,closed,2025-08-06,41,26,True,False,deteriorating_payer
INV8002961,B008,B008-C1113,Auto Client 113,Auto Components,15,16995.38,2025-07-22,2025-08-06,closed,2025-09-03,43,28,False,False,deteriorating_payer
INV8002962,B008,B008-C1113,Auto Client 113,Auto Components,15,37963.8,2025-08-07,2025-08-22,closed,2025-09-21,45,30,False,False,deteriorating_payer
INV8002963,B008,B008-C1113,Auto Client 113,Auto Components,15,15964.85,2025-08-08,2025-08-23,closed,2025-09-22,45,30,False,False,deteriorating_payer
INV8002964,B008,B008-C1113,Auto Client 113,Auto Components,15,18172.95,2025-08-14,2025-08-29,closed,2025-10-04,51,36,False,False,deteriorating_payer
INV8002965,B008,B008-C1113,Auto Client 113,Auto Components,15,20613.44,2025-09-24,2025-10-09,closed,2025-11-23,60,45,False,False,deteriorating_payer
INV8002966,B008,B008-C1113,Auto Client 113,Auto Components,15,26036.4,2025-10-13,2025-10-28,closed,2025-11-21,39,24,False,False,deteriorating_payer
INV8002967,B008,B008-C1113,Auto Client 113,Auto Components,15,29703.03,2025-11-18,2025-12-03,closed,2025-12-30,42,27,False,False,deteriorating_payer
INV8002968,B008,B008-C1113,Auto Client 113,Auto Components,15,15996.15,2025-11-25,2025-12-10,closed,2026-01-21,57,42,False,False,deteriorating_payer
INV8002969,B008,B008-C1113,Auto Client 113,Auto Components,15,26489.64,2025-12-03,2025-12-18,closed,2026-01-25,53,38,False,False,deteriorating_payer
INV8002970,B008,B008-C1113,Auto Client 113,Auto Components,15,21395.52,2025-12-30,2026-01-14,closed,2026-01-25,26,11,False,False,deteriorating_payer
INV8002971,B008,B008-C1113,Auto Client 113,Auto Components,15,83727.83,2026-01-12,2026-01-27,closed,2026-02-07,26,11,False,True,deteriorating_payer
INV8002972,B008,B008-C1113,Auto Client 113,Auto Components,15,24122.71,2026-03-05,2026-03-20,closed,2026-04-07,33,18,False,False,deteriorating_payer
INV8002973,B008,B008-C1113,Auto Client 113,Auto Components,15,19265.9,2026-03-13,2026-03-28,closed,2026-05-18,66,51,False,False,deteriorating_payer
INV8002974,B008,B008-C1113,Auto Client 113,Auto Components,15,19467.16,2026-03-24,2026-04-08,closed,2026-05-02,39,24,False,False,deteriorating_payer
INV8002975,B008,B008-C1113,Auto Client 113,Auto Components,15,20240.97,2026-04-14,2026-04-29,closed,2026-05-26,42,27,False,False,deteriorating_payer
INV8002976,B008,B008-C1113,Auto Client 113,Auto Components,15,21098.19,2026-05-04,2026-05-19,closed,2026-07-03,60,45,False,False,deteriorating_payer
INV8002977,B008,B008-C1113,Auto Client 113,Auto Components,15,25392.03,2026-06-30,2026-07-15,closed,2026-08-27,58,43,False,False,deteriorating_payer
INV8002978,B008,B008-C1113,Auto Client 113,Auto Components,15,14899.18,2026-07-06,2026-07-21,closed,2026-09-02,58,43,False,False,deteriorating_payer
INV8002979,B008,B008-C1113,Auto Client 113,Auto Components,15,22008.51,2026-07-23,2026-08-07,open,,,,False,False,deteriorating_payer
INV8002980,B008,B008-C1113,Auto Client 113,Auto Components,15,64442.87,2026-07-24,2026-08-08,disputed_open,,,,False,True,deteriorating_payer
INV8002981,B008,B008-C1113,Auto Client 113,Auto Components,15,29871.39,2026-07-24,2026-08-08,open,,,,False,False,deteriorating_payer
INV8002982,B008,B008-C1113,Auto Client 113,Auto Components,15,17928.79,2026-08-29,2026-09-13,open,,,,False,False,deteriorating_payer
INV8002983,B008,B008-C1114,Textiles Client 114,Textiles & Apparel,60,39658.69,2024-05-09,2024-07-08,closed,2024-06-29,51,-9,False,False,average_payer
INV8002984,B008,B008-C1114,Textiles Client 114,Textiles & Apparel,60,39344.74,2024-11-30,2025-01-29,closed,2025-02-11,73,13,False,False,average_payer
INV8002985,B008,B008-C1114,Textiles Client 114,Textiles & Apparel,60,39479.63,2025-01-14,2025-03-15,closed,2025-03-20,65,5,False,False,average_payer
INV8002986,B008,B008-C1114,Textiles Client 114,Textiles & Apparel,60,50873.25,2025-04-19,2025-06-18,closed,2025-06-20,62,2,False,False,average_payer
INV8002987,B008,B008-C1114,Textiles Client 114,Textiles & Apparel,60,23561.94,2025-09-22,2025-11-21,closed,2025-12-06,75,15,False,False,average_payer
INV8002988,B008,B008-C1114,Textiles Client 114,Textiles & Apparel,60,18642.26,2025-10-10,2025-12-09,closed,2025-12-14,65,5,False,False,average_payer
INV8002989,B008,B008-C1114,Textiles Client 114,Textiles & Apparel,60,32754.14,2025-11-27,2026-01-26,closed,2026-01-26,60,0,False,False,average_payer
INV8002990,B008,B008-C1114,Textiles Client 114,Textiles & Apparel,60,51059.8,2026-03-20,2026-05-19,closed,2026-05-31,72,12,False,False,average_payer
INV8002991,B008,B008-C1115,Retail Client 115,Retail & Distribution,30,109089.28,2024-10-05,2024-11-04,closed,2024-11-09,35,5,False,False,cold_start
INV8002992,B008,B008-C1115,Retail Client 115,Retail & Distribution,30,304353.6,2024-12-12,2025-01-11,closed,2025-01-08,27,-3,False,False,cold_start
INV8002993,B008,B008-C1115,Retail Client 115,Retail & Distribution,30,125769.37,2025-11-26,2025-12-26,closed,2026-01-10,45,15,False,False,cold_start
INV8002994,B008,B008-C1116,Electronics Client 116,Electronics & Electricals,30,63884.18,2024-04-16,2024-05-16,closed,2024-05-25,39,9,False,False,deteriorating_payer
INV8002995,B008,B008-C1116,Electronics Client 116,Electronics & Electricals,30,179952.26,2024-04-23,2024-05-23,closed,2024-05-23,30,0,False,False,deteriorating_payer
INV8002996,B008,B008-C1116,Electronics Client 116,Electronics & Electricals,30,76714.5,2024-06-12,2024-07-12,closed,2024-07-12,30,0,False,False,deteriorating_payer
INV8002997,B008,B008-C1116,Electronics Client 116,Electronics & Electricals,30,113134.17,2024-06-25,2024-07-25,closed,2024-08-13,49,19,False,False,deteriorating_payer
INV8002998,B008,B008-C1116,Electronics Client 116,Electronics & Electricals,30,93978.56,2025-01-23,2025-02-22,closed,2025-03-01,37,7,False,False,deteriorating_payer
INV8002999,B008,B008-C1116,Electronics Client 116,Electronics & Electricals,30,124668.66,2025-02-06,2025-03-08,closed,2025-03-18,40,10,False,False,deteriorating_payer
INV8003000,B008,B008-C1116,Electronics Client 116,Electronics & Electricals,30,225854.4,2025-02-20,2025-03-22,closed,2025-04-22,61,31,False,False,deteriorating_payer
INV8003001,B008,B008-C1116,Electronics Client 116,Electronics & Electricals,30,68872.59,2025-05-21,2025-06-20,closed,2025-06-25,35,5,False,False,deteriorating_payer
INV8003002,B008,B008-C1116,Electronics Client 116,Electronics & Electricals,30,132822.82,2025-06-06,2025-07-06,closed,2025-08-13,68,38,False,False,deteriorating_payer
INV8003003,B008,B008-C1116,Electronics Client 116,Electronics & Electricals,30,81544.99,2025-07-26,2025-08-25,closed,2025-10-03,69,39,False,False,deteriorating_payer
INV8003004,B008,B008-C1116,Electronics Client 116,Electronics & Electricals,30,113876.21,2025-11-01,2025-12-01,closed,2025-12-07,36,6,False,False,deteriorating_payer
INV8003005,B008,B008-C1116,Electronics Client 116,Electronics & Electricals,30,64331.34,2025-12-16,2026-01-15,closed,2026-02-23,69,39,False,False,deteriorating_payer
INV8003006,B008,B008-C1116,Electronics Client 116,Electronics & Electricals,30,82756.54,2025-12-22,2026-01-21,closed,2026-02-23,63,33,False,False,deteriorating_payer
INV8003007,B008,B008-C1116,Electronics Client 116,Electronics & Electricals,30,98618.29,2026-04-22,2026-05-22,closed,2026-07-04,73,43,False,False,deteriorating_payer
INV8003008,B008,B008-C1116,Electronics Client 116,Electronics & Electricals,30,117203.41,2026-07-22,2026-08-21,disputed_open,,,,False,False,deteriorating_payer
INV8003009,B008,B008-C1117,Chemicals Client 117,Chemicals & Plastics,45,350607.81,2024-04-08,2024-05-23,closed,2024-05-31,53,8,False,False,average_payer
INV8003010,B008,B008-C1117,Chemicals Client 117,Chemicals & Plastics,45,332591.99,2024-04-21,2024-06-05,closed,2024-06-08,48,3,False,False,average_payer
INV8003011,B008,B008-C1117,Chemicals Client 117,Chemicals & Plastics,45,376831.66,2024-05-08,2024-06-22,closed,2024-06-29,52,7,False,False,average_payer
INV8003012,B008,B008-C1117,Chemicals Client 117,Chemicals & Plastics,45,471143.48,2024-05-19,2024-07-03,closed,2024-07-11,53,8,False,False,average_payer
INV8003013,B008,B008-C1117,Chemicals Client 117,Chemicals & Plastics,45,274058.77,2024-05-30,2024-07-14,closed,2024-07-30,61,16,False,False,average_payer
INV8003014,B008,B008-C1117,Chemicals Client 117,Chemicals & Plastics,45,432180.21,2024-06-07,2024-07-22,closed,2024-07-31,54,9,False,False,average_payer
INV8003015,B008,B008-C1117,Chemicals Client 117,Chemicals & Plastics,45,230245.65,2024-07-25,2024-09-08,closed,2024-09-21,58,13,False,False,average_payer
INV8003016,B008,B008-C1117,Chemicals Client 117,Chemicals & Plastics,45,182978.01,2024-08-03,2024-09-17,closed,2024-09-20,48,3,False,False,average_payer
INV8003017,B008,B008-C1117,Chemicals Client 117,Chemicals & Plastics,45,214097.52,2024-08-12,2024-09-26,closed,2024-10-10,59,14,False,False,average_payer
INV8003018,B008,B008-C1117,Chemicals Client 117,Chemicals & Plastics,45,340298.28,2024-08-31,2024-10-15,closed,2024-10-21,51,6,False,False,average_payer
INV8003019,B008,B008-C1117,Chemicals Client 117,Chemicals & Plastics,45,376159.36,2024-09-14,2024-10-29,closed,2024-11-08,55,10,False,False,average_payer
INV8003020,B008,B008-C1117,Chemicals Client 117,Chemicals & Plastics,45,323618.39,2024-10-22,2024-12-06,closed,2024-12-23,62,17,False,False,average_payer
INV8003021,B008,B008-C1117,Chemicals Client 117,Chemicals & Plastics,45,288594.29,2024-10-29,2024-12-13,closed,2024-12-11,43,-2,False,False,average_payer
INV8003022,B008,B008-C1117,Chemicals Client 117,Chemicals & Plastics,45,499204.01,2024-11-05,2024-12-20,closed,2024-12-14,39,-6,False,False,average_payer
INV8003023,B008,B008-C1117,Chemicals Client 117,Chemicals & Plastics,45,326071.8,2024-11-14,2024-12-29,closed,2025-01-08,55,10,False,False,average_payer
INV8003024,B008,B008-C1117,Chemicals Client 117,Chemicals & Plastics,45,406168.35,2024-11-18,2025-01-02,closed,2025-01-13,56,11,False,False,average_payer
INV8003025,B008,B008-C1117,Chemicals Client 117,Chemicals & Plastics,45,271250.95,2024-12-05,2025-01-19,closed,2025-01-29,55,10,False,False,average_payer
INV8003026,B008,B008-C1117,Chemicals Client 117,Chemicals & Plastics,45,218099.41,2025-01-12,2025-02-26,closed,2025-02-28,47,2,False,False,average_payer
INV8003027,B008,B008-C1117,Chemicals Client 117,Chemicals & Plastics,45,136689.21,2025-01-26,2025-03-12,closed,2025-03-27,60,15,False,False,average_payer
INV8003028,B008,B008-C1117,Chemicals Client 117,Chemicals & Plastics,45,462658.84,2025-02-06,2025-03-23,closed,2025-04-11,64,19,False,False,average_payer
INV8003029,B008,B008-C1117,Chemicals Client 117,Chemicals & Plastics,45,178587.04,2025-02-20,2025-04-06,closed,2025-04-15,54,9,False,False,average_payer
INV8003030,B008,B008-C1117,Chemicals Client 117,Chemicals & Plastics,45,330672.22,2025-02-21,2025-04-07,closed,2025-04-13,51,6,True,False,average_payer
INV8003031,B008,B008-C1117,Chemicals Client 117,Chemicals & Plastics,45,341331.29,2025-03-25,2025-05-09,closed,2025-05-13,49,4,False,False,average_payer
INV8003032,B008,B008-C1117,Chemicals Client 117,Chemicals & Plastics,45,286232.17,2025-06-30,2025-08-14,closed,2025-08-31,62,17,False,False,average_payer
INV8003033,B008,B008-C1117,Chemicals Client 117,Chemicals & Plastics,45,261391.21,2025-07-02,2025-08-16,closed,2025-08-19,48,3,False,False,average_payer
INV8003034,B008,B008-C1117,Chemicals Client 117,Chemicals & Plastics,45,741469.91,2025-10-01,2025-11-15,closed,2025-11-28,58,13,False,False,average_payer
INV8003035,B008,B008-C1117,Chemicals Client 117,Chemicals & Plastics,45,245497.44,2025-10-18,2025-12-02,closed,2025-11-28,41,-4,False,False,average_payer
INV8003036,B008,B008-C1117,Chemicals Client 117,Chemicals & Plastics,45,261167.03,2025-10-23,2025-12-07,closed,2025-12-19,57,12,False,False,average_payer
INV8003037,B008,B008-C1117,Chemicals Client 117,Chemicals & Plastics,45,501410.44,2025-11-07,2025-12-22,closed,2025-12-29,52,7,False,False,average_payer
INV8003038,B008,B008-C1117,Chemicals Client 117,Chemicals & Plastics,45,214981.01,2025-12-08,2026-01-22,closed,2026-02-13,67,22,False,False,average_payer
INV8003039,B008,B008-C1117,Chemicals Client 117,Chemicals & Plastics,45,301386.16,2025-12-19,2026-02-02,closed,2026-02-11,54,9,False,False,average_payer
INV8003040,B008,B008-C1117,Chemicals Client 117,Chemicals & Plastics,45,232285.42,2025-12-20,2026-02-03,closed,2026-02-10,52,7,False,False,average_payer
INV8003041,B008,B008-C1117,Chemicals Client 117,Chemicals & Plastics,45,467013.79,2025-12-22,2026-02-05,closed,2026-02-21,61,16,False,False,average_payer
INV8003042,B008,B008-C1117,Chemicals Client 117,Chemicals & Plastics,45,356490.45,2026-02-03,2026-03-20,closed,2026-04-06,62,17,False,False,average_payer
INV8003043,B008,B008-C1117,Chemicals Client 117,Chemicals & Plastics,45,493745.73,2026-03-01,2026-04-15,closed,2026-04-17,47,2,False,False,average_payer
INV8003044,B008,B008-C1117,Chemicals Client 117,Chemicals & Plastics,45,364587.02,2026-03-05,2026-04-19,closed,2026-05-03,59,14,True,False,average_payer
INV8003045,B008,B008-C1117,Chemicals Client 117,Chemicals & Plastics,45,341909.02,2026-03-28,2026-05-12,closed,2026-05-18,51,6,False,False,average_payer
INV8003046,B008,B008-C1117,Chemicals Client 117,Chemicals & Plastics,45,347040.68,2026-04-01,2026-05-16,closed,2026-05-23,52,7,False,False,average_payer
INV8003047,B008,B008-C1117,Chemicals Client 117,Chemicals & Plastics,45,250280.65,2026-04-15,2026-05-30,closed,2026-06-04,50,5,False,False,average_payer
INV8003048,B008,B008-C1117,Chemicals Client 117,Chemicals & Plastics,45,272917.31,2026-05-31,2026-07-15,closed,2026-07-27,57,12,False,False,average_payer
INV8003049,B008,B008-C1117,Chemicals Client 117,Chemicals & Plastics,45,212338.9,2026-07-29,2026-09-12,open,,,,False,False,average_payer
INV8003050,B008,B008-C1117,Chemicals Client 117,Chemicals & Plastics,45,341983.39,2026-08-01,2026-09-15,open,,,,False,False,average_payer
INV8003051,B008,B008-C1117,Chemicals Client 117,Chemicals & Plastics,45,538310.31,2026-08-07,2026-09-21,disputed_open,,,,False,False,average_payer
INV8003052,B008,B008-C1118,Chemicals Client 118,Chemicals & Plastics,30,128032.88,2024-05-13,2024-06-12,closed,2024-06-18,36,6,False,False,deteriorating_payer
INV8003053,B008,B008-C1118,Chemicals Client 118,Chemicals & Plastics,30,114719.82,2024-06-03,2024-07-03,closed,2024-07-25,52,22,False,False,deteriorating_payer
INV8003054,B008,B008-C1118,Chemicals Client 118,Chemicals & Plastics,30,120675.26,2024-06-03,2024-07-03,closed,2024-08-14,72,42,False,False,deteriorating_payer
INV8003055,B008,B008-C1118,Chemicals Client 118,Chemicals & Plastics,30,99297.44,2024-06-30,2024-07-30,closed,2024-08-19,50,20,False,False,deteriorating_payer
INV8003056,B008,B008-C1118,Chemicals Client 118,Chemicals & Plastics,30,109705.28,2024-07-17,2024-08-16,closed,2024-08-22,36,6,False,False,deteriorating_payer
INV8003057,B008,B008-C1118,Chemicals Client 118,Chemicals & Plastics,30,240756.05,2024-10-03,2024-11-02,closed,2024-11-13,41,11,False,False,deteriorating_payer
INV8003058,B008,B008-C1118,Chemicals Client 118,Chemicals & Plastics,30,82345.18,2024-10-15,2024-11-14,closed,2024-11-12,28,-2,False,False,deteriorating_payer
INV8003059,B008,B008-C1118,Chemicals Client 118,Chemicals & Plastics,30,70339.56,2024-12-12,2025-01-11,closed,2025-01-09,28,-2,False,False,deteriorating_payer
INV8003060,B008,B008-C1118,Chemicals Client 118,Chemicals & Plastics,30,207489.18,2025-01-10,2025-02-09,closed,2025-02-27,48,18,False,False,deteriorating_payer
INV8003061,B008,B008-C1118,Chemicals Client 118,Chemicals & Plastics,30,72381.8,2025-01-28,2025-02-27,closed,2025-03-16,47,17,False,False,deteriorating_payer
INV8003062,B008,B008-C1118,Chemicals Client 118,Chemicals & Plastics,30,82224.82,2025-02-02,2025-03-04,closed,2025-03-09,35,5,False,False,deteriorating_payer
INV8003063,B008,B008-C1118,Chemicals Client 118,Chemicals & Plastics,30,91796.79,2025-02-16,2025-03-18,closed,2025-04-16,59,29,False,False,deteriorating_payer
INV8003064,B008,B008-C1118,Chemicals Client 118,Chemicals & Plastics,30,101386.74,2025-03-31,2025-04-30,closed,2025-06-01,62,32,False,False,deteriorating_payer
INV8003065,B008,B008-C1118,Chemicals Client 118,Chemicals & Plastics,30,111953.42,2025-04-26,2025-05-26,closed,2025-07-08,73,43,False,False,deteriorating_payer
INV8003066,B008,B008-C1118,Chemicals Client 118,Chemicals & Plastics,30,151850.68,2025-04-29,2025-05-29,closed,2025-06-30,62,32,False,False,deteriorating_payer
INV8003067,B008,B008-C1118,Chemicals Client 118,Chemicals & Plastics,30,137287.26,2025-05-03,2025-06-02,closed,2025-07-10,68,38,False,False,deteriorating_payer
INV8003068,B008,B008-C1118,Chemicals Client 118,Chemicals & Plastics,30,109034.45,2025-05-09,2025-06-08,closed,2025-06-29,51,21,False,False,deteriorating_payer
INV8003069,B008,B008-C1118,Chemicals Client 118,Chemicals & Plastics,30,126534.8,2025-07-06,2025-08-05,closed,2025-08-26,51,21,False,False,deteriorating_payer
INV8003070,B008,B008-C1118,Chemicals Client 118,Chemicals & Plastics,30,61199.63,2025-07-13,2025-08-12,closed,2025-09-17,66,36,False,False,deteriorating_payer
INV8003071,B008,B008-C1118,Chemicals Client 118,Chemicals & Plastics,30,103200.06,2025-07-14,2025-08-13,closed,2025-08-24,41,11,False,False,deteriorating_payer
INV8003072,B008,B008-C1118,Chemicals Client 118,Chemicals & Plastics,30,130821.95,2025-10-05,2025-11-04,closed,2025-12-13,69,39,False,False,deteriorating_payer
INV8003073,B008,B008-C1118,Chemicals Client 118,Chemicals & Plastics,30,141073.84,2025-10-11,2025-11-10,closed,2025-11-17,37,7,False,False,deteriorating_payer
INV8003074,B008,B008-C1118,Chemicals Client 118,Chemicals & Plastics,30,800670.87,2025-10-14,2025-11-13,closed,2025-12-03,50,20,False,True,deteriorating_payer
INV8003075,B008,B008-C1118,Chemicals Client 118,Chemicals & Plastics,30,100739.13,2025-11-11,2025-12-11,closed,2026-01-14,64,34,False,False,deteriorating_payer
INV8003076,B008,B008-C1118,Chemicals Client 118,Chemicals & Plastics,30,121963.19,2026-02-25,2026-03-27,closed,2026-04-10,44,14,False,False,deteriorating_payer
INV8003077,B008,B008-C1118,Chemicals Client 118,Chemicals & Plastics,30,118340.25,2026-03-20,2026-04-19,closed,2026-05-03,44,14,False,False,deteriorating_payer
INV8003078,B008,B008-C1118,Chemicals Client 118,Chemicals & Plastics,30,105646.44,2026-05-20,2026-06-19,closed,2026-07-25,66,36,False,False,deteriorating_payer
INV8003079,B008,B008-C1118,Chemicals Client 118,Chemicals & Plastics,30,64420.94,2026-06-04,2026-07-04,closed,2026-08-01,58,28,False,False,deteriorating_payer
INV8003080,B008,B008-C1118,Chemicals Client 118,Chemicals & Plastics,30,139976.58,2026-06-07,2026-07-07,closed,2026-08-13,67,37,False,False,deteriorating_payer
INV8003081,B008,B008-C1118,Chemicals Client 118,Chemicals & Plastics,30,67439.7,2026-06-29,2026-07-29,open,,,,False,False,deteriorating_payer
INV8003082,B008,B008-C1118,Chemicals Client 118,Chemicals & Plastics,30,108450.56,2026-07-01,2026-07-31,disputed_open,,,,False,False,deteriorating_payer
INV8003083,B008,B008-C1118,Chemicals Client 118,Chemicals & Plastics,30,57416.43,2026-08-04,2026-09-03,open,,,,False,False,deteriorating_payer
INV8003084,B008,B008-C1118,Chemicals Client 118,Chemicals & Plastics,30,77342.04,2026-08-14,2026-09-13,open,,,,False,False,deteriorating_payer
INV8003085,B008,B008-C1118,Chemicals Client 118,Chemicals & Plastics,30,137199.27,2026-08-26,2026-09-25,disputed_open,,,,False,False,deteriorating_payer
INV8003086,B008,B008-C1119,Electronics Client 119,Electronics & Electricals,30,73385.38,2024-03-20,2024-04-19,closed,2024-05-06,47,17,False,False,seasonal_payer
INV8003087,B008,B008-C1119,Electronics Client 119,Electronics & Electricals,30,50160.73,2024-05-03,2024-06-02,closed,2024-06-06,34,4,False,False,seasonal_payer
INV8003088,B008,B008-C1119,Electronics Client 119,Electronics & Electricals,30,124453.74,2024-06-09,2024-07-09,closed,2024-07-05,26,-4,False,False,seasonal_payer
INV8003089,B008,B008-C1119,Electronics Client 119,Electronics & Electricals,30,61869.98,2024-07-31,2024-08-30,closed,2024-09-03,34,4,False,False,seasonal_payer
INV8003090,B008,B008-C1119,Electronics Client 119,Electronics & Electricals,30,57749.21,2024-10-24,2024-11-23,closed,2024-11-27,34,4,False,False,seasonal_payer
INV8003091,B008,B008-C1119,Electronics Client 119,Electronics & Electricals,30,67720.39,2024-11-01,2024-12-01,closed,2024-12-13,42,12,False,False,seasonal_payer
INV8003092,B008,B008-C1119,Electronics Client 119,Electronics & Electricals,30,81350.63,2024-12-06,2025-01-05,closed,2025-01-23,48,18,False,False,seasonal_payer
INV8003093,B008,B008-C1119,Electronics Client 119,Electronics & Electricals,30,129968.9,2024-12-20,2025-01-19,closed,2025-02-03,45,15,False,False,seasonal_payer
INV8003094,B008,B008-C1119,Electronics Client 119,Electronics & Electricals,30,54083.96,2024-12-22,2025-01-21,closed,2025-02-02,42,12,False,False,seasonal_payer
INV8003095,B008,B008-C1119,Electronics Client 119,Electronics & Electricals,30,94744.14,2025-01-07,2025-02-06,closed,2025-02-16,40,10,False,False,seasonal_payer
INV8003096,B008,B008-C1119,Electronics Client 119,Electronics & Electricals,30,43810.59,2025-03-09,2025-04-08,closed,2025-04-15,37,7,False,False,seasonal_payer
INV8003097,B008,B008-C1119,Electronics Client 119,Electronics & Electricals,30,61966.61,2025-03-28,2025-04-27,closed,2025-05-07,40,10,False,False,seasonal_payer
INV8003098,B008,B008-C1119,Electronics Client 119,Electronics & Electricals,30,44108.8,2025-07-05,2025-08-04,closed,2025-08-04,30,0,False,False,seasonal_payer
INV8003099,B008,B008-C1119,Electronics Client 119,Electronics & Electricals,30,96842.73,2025-07-14,2025-08-13,closed,2025-08-12,29,-1,False,False,seasonal_payer
INV8003100,B008,B008-C1119,Electronics Client 119,Electronics & Electricals,30,78613.41,2025-09-13,2025-10-13,closed,2025-10-17,34,4,False,False,seasonal_payer
INV8003101,B008,B008-C1119,Electronics Client 119,Electronics & Electricals,30,101231.13,2025-09-14,2025-10-14,closed,2025-10-18,34,4,False,False,seasonal_payer
INV8003102,B008,B008-C1119,Electronics Client 119,Electronics & Electricals,30,33714.34,2025-09-28,2025-10-28,closed,2025-11-05,38,8,False,False,seasonal_payer
INV8003103,B008,B008-C1119,Electronics Client 119,Electronics & Electricals,30,69843.31,2025-10-08,2025-11-07,closed,2025-11-13,36,6,False,False,seasonal_payer
INV8003104,B008,B008-C1119,Electronics Client 119,Electronics & Electricals,30,67890.54,2025-10-28,2025-11-27,closed,2025-12-12,45,15,False,False,seasonal_payer
INV8003105,B008,B008-C1119,Electronics Client 119,Electronics & Electricals,30,60590.76,2025-11-22,2025-12-22,closed,2025-12-30,38,8,False,False,seasonal_payer
INV8003106,B008,B008-C1119,Electronics Client 119,Electronics & Electricals,30,71570.73,2025-12-08,2026-01-07,closed,2026-02-05,59,29,False,False,seasonal_payer
INV8003107,B008,B008-C1119,Electronics Client 119,Electronics & Electricals,30,45402.41,2025-12-27,2026-01-26,closed,2026-02-14,49,19,False,False,seasonal_payer
INV8003108,B008,B008-C1119,Electronics Client 119,Electronics & Electricals,30,92969.07,2026-01-13,2026-02-12,closed,2026-02-20,38,8,False,False,seasonal_payer
INV8003109,B008,B008-C1119,Electronics Client 119,Electronics & Electricals,30,83119.0,2026-01-21,2026-02-20,closed,2026-03-01,39,9,False,False,seasonal_payer
INV8003110,B008,B008-C1119,Electronics Client 119,Electronics & Electricals,30,88815.42,2026-01-22,2026-02-21,closed,2026-03-03,40,10,False,False,seasonal_payer
INV8003111,B008,B008-C1119,Electronics Client 119,Electronics & Electricals,30,72199.62,2026-01-26,2026-02-25,closed,2026-02-26,31,1,False,False,seasonal_payer
INV8003112,B008,B008-C1119,Electronics Client 119,Electronics & Electricals,30,112005.97,2026-06-10,2026-07-10,closed,2026-07-15,35,5,False,False,seasonal_payer
INV8003113,B008,B008-C1119,Electronics Client 119,Electronics & Electricals,30,45174.75,2026-07-17,2026-08-16,closed,2026-08-24,38,8,False,False,seasonal_payer
INV8003114,B008,B008-C1119,Electronics Client 119,Electronics & Electricals,30,81519.07,2026-08-01,2026-08-31,closed,2026-09-01,31,1,False,False,seasonal_payer
INV8003115,B008,B008-C1119,Electronics Client 119,Electronics & Electricals,30,59631.69,2026-08-10,2026-09-09,disputed_open,,,,False,False,seasonal_payer
INV8003116,B008,B008-C1119,Electronics Client 119,Electronics & Electricals,30,221117.69,2026-08-13,2026-09-12,open,,,,False,True,seasonal_payer
INV8003117,B008,B008-C1120,Auto Client 120,Auto Components,15,304122.1,2024-03-19,2024-04-03,closed,2024-04-05,17,2,False,False,average_payer
INV8003118,B008,B008-C1120,Auto Client 120,Auto Components,15,418586.31,2024-04-09,2024-04-24,closed,2024-04-30,21,6,False,False,average_payer
INV8003119,B008,B008-C1120,Auto Client 120,Auto Components,15,410651.19,2024-04-23,2024-05-08,closed,2024-05-16,23,8,False,False,average_payer
INV8003120,B008,B008-C1120,Auto Client 120,Auto Components,15,545419.47,2024-05-10,2024-05-25,closed,2024-05-17,7,-8,False,False,average_payer
INV8003121,B008,B008-C1120,Auto Client 120,Auto Components,15,434205.79,2024-05-29,2024-06-13,closed,2024-06-24,26,11,False,False,average_payer
INV8003122,B008,B008-C1120,Auto Client 120,Auto Components,15,441236.09,2024-08-11,2024-08-26,closed,2024-08-27,16,1,False,False,average_payer
INV8003123,B008,B008-C1120,Auto Client 120,Auto Components,15,302220.99,2024-09-13,2024-09-28,closed,2024-10-05,22,7,False,False,average_payer
INV8003124,B008,B008-C1120,Auto Client 120,Auto Components,15,333572.21,2024-10-06,2024-10-21,closed,2024-11-01,26,11,False,False,average_payer
INV8003125,B008,B008-C1120,Auto Client 120,Auto Components,15,446213.46,2024-11-16,2024-12-01,closed,2024-11-27,11,-4,False,False,average_payer
INV8003126,B008,B008-C1120,Auto Client 120,Auto Components,15,335652.01,2025-01-02,2025-01-17,closed,2025-01-18,16,1,False,False,average_payer
INV8003127,B008,B008-C1120,Auto Client 120,Auto Components,15,411331.04,2025-01-17,2025-02-01,closed,2025-02-01,15,0,False,False,average_payer
INV8003128,B008,B008-C1120,Auto Client 120,Auto Components,15,361338.12,2025-05-04,2025-05-19,closed,2025-05-22,18,3,False,False,average_payer
INV8003129,B008,B008-C1120,Auto Client 120,Auto Components,15,339722.77,2025-06-20,2025-07-05,closed,2025-07-10,20,5,False,False,average_payer
INV8003130,B008,B008-C1120,Auto Client 120,Auto Components,15,463250.78,2025-06-27,2025-07-12,closed,2025-07-08,11,-4,False,False,average_payer
INV8003131,B008,B008-C1120,Auto Client 120,Auto Components,15,458221.7,2025-08-04,2025-08-19,closed,2025-09-01,28,13,True,False,average_payer
INV8003132,B008,B008-C1120,Auto Client 120,Auto Components,15,441364.48,2025-08-09,2025-08-24,closed,2025-08-30,21,6,False,False,average_payer
INV8003133,B008,B008-C1120,Auto Client 120,Auto Components,15,217273.86,2025-09-24,2025-10-09,closed,2025-10-15,21,6,False,False,average_payer
INV8003134,B008,B008-C1120,Auto Client 120,Auto Components,15,292504.48,2025-12-21,2026-01-05,closed,2026-01-03,13,-2,True,False,average_payer
INV8003135,B008,B008-C1120,Auto Client 120,Auto Components,15,261696.84,2026-01-03,2026-01-18,closed,2026-01-23,20,5,False,False,average_payer
INV8003136,B008,B008-C1120,Auto Client 120,Auto Components,15,446713.43,2026-01-18,2026-02-02,closed,2026-01-27,9,-6,False,False,average_payer
INV8003137,B008,B008-C1120,Auto Client 120,Auto Components,15,528136.34,2026-01-27,2026-02-11,closed,2026-02-11,15,0,False,False,average_payer
INV8003138,B008,B008-C1120,Auto Client 120,Auto Components,15,486518.66,2026-03-11,2026-03-26,closed,2026-03-29,18,3,False,False,average_payer
INV8003139,B008,B008-C1120,Auto Client 120,Auto Components,15,426774.32,2026-03-23,2026-04-07,closed,2026-04-19,27,12,False,False,average_payer
INV8003140,B008,B008-C1120,Auto Client 120,Auto Components,15,383370.71,2026-04-29,2026-05-14,closed,2026-05-09,10,-5,False,False,average_payer
INV8003141,B008,B008-C1120,Auto Client 120,Auto Components,15,490735.09,2026-05-10,2026-05-25,closed,2026-06-04,25,10,False,False,average_payer
INV8003142,B008,B008-C1120,Auto Client 120,Auto Components,15,245425.07,2026-05-27,2026-06-11,open,,,,False,False,average_payer
INV8003143,B008,B008-C1120,Auto Client 120,Auto Components,15,325919.82,2026-06-26,2026-07-11,closed,2026-07-21,25,10,False,False,average_payer
INV8003144,B008,B008-C1120,Auto Client 120,Auto Components,15,293356.9,2026-07-03,2026-07-18,closed,2026-07-28,25,10,False,False,average_payer
INV8003145,B008,B008-C1121,Metal Client 121,Metal & Engineering,15,340802.51,2024-04-14,2024-04-29,closed,2024-05-03,19,4,False,False,seasonal_payer
INV8003146,B008,B008-C1121,Metal Client 121,Metal & Engineering,15,170251.75,2024-05-25,2024-06-09,closed,2024-06-12,18,3,False,False,seasonal_payer
INV8003147,B008,B008-C1121,Metal Client 121,Metal & Engineering,15,239258.48,2024-07-24,2024-08-08,closed,2024-08-19,26,11,False,False,seasonal_payer
INV8003148,B008,B008-C1121,Metal Client 121,Metal & Engineering,15,107955.49,2024-08-21,2024-09-05,closed,2024-09-23,33,18,False,False,seasonal_payer
INV8003149,B008,B008-C1121,Metal Client 121,Metal & Engineering,15,162830.69,2024-09-22,2024-10-07,closed,2024-10-25,33,18,False,False,seasonal_payer
INV8003150,B008,B008-C1121,Metal Client 121,Metal & Engineering,15,226590.84,2024-10-05,2024-10-20,closed,2024-11-09,35,20,False,False,seasonal_payer
INV8003151,B008,B008-C1121,Metal Client 121,Metal & Engineering,15,213170.27,2024-10-22,2024-11-06,closed,2024-11-23,32,17,False,False,seasonal_payer
INV8003152,B008,B008-C1121,Metal Client 121,Metal & Engineering,15,218287.62,2024-10-29,2024-11-13,closed,2024-12-03,35,20,False,False,seasonal_payer
INV8003153,B008,B008-C1121,Metal Client 121,Metal & Engineering,15,138518.65,2024-11-23,2024-12-08,closed,2024-12-12,19,4,False,False,seasonal_payer
INV8003154,B008,B008-C1121,Metal Client 121,Metal & Engineering,15,239751.17,2024-12-26,2025-01-10,closed,2025-01-15,20,5,False,False,seasonal_payer
INV8003155,B008,B008-C1121,Metal Client 121,Metal & Engineering,15,192867.23,2024-12-29,2025-01-13,closed,2025-01-21,23,8,False,False,seasonal_payer
INV8003156,B008,B008-C1121,Metal Client 121,Metal & Engineering,15,303830.8,2025-01-07,2025-01-22,closed,2025-01-22,15,0,False,False,seasonal_payer
INV8003157,B008,B008-C1121,Metal Client 121,Metal & Engineering,15,1217236.87,2025-01-14,2025-01-29,closed,2025-02-03,20,5,False,True,seasonal_payer
INV8003158,B008,B008-C1121,Metal Client 121,Metal & Engineering,15,278673.88,2025-02-02,2025-02-17,closed,2025-02-25,23,8,False,False,seasonal_payer
INV8003159,B008,B008-C1121,Metal Client 121,Metal & Engineering,15,162134.18,2025-02-21,2025-03-08,closed,2025-03-12,19,4,False,False,seasonal_payer
INV8003160,B008,B008-C1121,Metal Client 121,Metal & Engineering,15,154701.59,2025-05-05,2025-05-20,closed,2025-05-24,19,4,False,False,seasonal_payer
INV8003161,B008,B008-C1121,Metal Client 121,Metal & Engineering,15,315940.67,2025-05-22,2025-06-06,closed,2025-06-01,10,-5,False,False,seasonal_payer
INV8003162,B008,B008-C1121,Metal Client 121,Metal & Engineering,15,195847.39,2025-06-02,2025-06-17,closed,2025-06-22,20,5,False,False,seasonal_payer
INV8003163,B008,B008-C1121,Metal Client 121,Metal & Engineering,15,160828.43,2025-06-10,2025-06-25,closed,2025-07-02,22,7,False,False,seasonal_payer
INV8003164,B008,B008-C1121,Metal Client 121,Metal & Engineering,15,604094.91,2025-07-06,2025-07-21,closed,2025-08-01,26,11,False,True,seasonal_payer
INV8003165,B008,B008-C1121,Metal Client 121,Metal & Engineering,15,292538.47,2025-07-12,2025-07-27,closed,2025-08-07,26,11,False,False,seasonal_payer
INV8003166,B008,B008-C1121,Metal Client 121,Metal & Engineering,15,213590.14,2025-07-27,2025-08-11,closed,2025-08-26,30,15,False,False,seasonal_payer
INV8003167,B008,B008-C1121,Metal Client 121,Metal & Engineering,15,224000.14,2025-07-28,2025-08-12,closed,2025-08-19,22,7,False,False,seasonal_payer
INV8003168,B008,B008-C1121,Metal Client 121,Metal & Engineering,15,389818.7,2025-07-31,2025-08-15,closed,2025-08-25,25,10,False,False,seasonal_payer
INV8003169,B008,B008-C1121,Metal Client 121,Metal & Engineering,15,253281.05,2025-09-27,2025-10-12,closed,2025-10-25,28,13,False,False,seasonal_payer
INV8003170,B008,B008-C1121,Metal Client 121,Metal & Engineering,15,288511.98,2025-10-26,2025-11-10,closed,2025-11-27,32,17,False,False,seasonal_payer
INV8003171,B008,B008-C1121,Metal Client 121,Metal & Engineering,15,290337.39,2025-11-22,2025-12-07,closed,2025-12-25,33,18,False,False,seasonal_payer
INV8003172,B008,B008-C1121,Metal Client 121,Metal & Engineering,15,389750.36,2025-11-30,2025-12-15,closed,2026-01-02,33,18,False,False,seasonal_payer
INV8003173,B008,B008-C1121,Metal Client 121,Metal & Engineering,15,187003.51,2025-12-15,2025-12-30,closed,2026-01-11,27,12,True,False,seasonal_payer
INV8003174,B008,B008-C1121,Metal Client 121,Metal & Engineering,15,297426.39,2026-01-31,2026-02-15,closed,2026-02-16,16,1,False,False,seasonal_payer
INV8003175,B008,B008-C1121,Metal Client 121,Metal & Engineering,15,244370.37,2026-02-05,2026-02-20,closed,2026-02-27,22,7,False,False,seasonal_payer
INV8003176,B008,B008-C1121,Metal Client 121,Metal & Engineering,15,637192.2,2026-02-17,2026-03-04,closed,2026-03-13,24,9,False,True,seasonal_payer
INV8003177,B008,B008-C1121,Metal Client 121,Metal & Engineering,15,229875.24,2026-02-21,2026-03-08,closed,2026-03-13,20,5,False,False,seasonal_payer
INV8003178,B008,B008-C1121,Metal Client 121,Metal & Engineering,15,304092.91,2026-03-24,2026-04-08,closed,2026-04-16,23,8,False,False,seasonal_payer
INV8003179,B008,B008-C1121,Metal Client 121,Metal & Engineering,15,217716.15,2026-05-30,2026-06-14,closed,2026-06-13,14,-1,False,False,seasonal_payer
INV8003180,B008,B008-C1121,Metal Client 121,Metal & Engineering,15,191084.75,2026-07-16,2026-07-31,closed,2026-08-02,17,2,False,False,seasonal_payer
INV8003181,B008,B008-C1121,Metal Client 121,Metal & Engineering,15,254934.45,2026-07-24,2026-08-08,closed,2026-08-10,17,2,False,False,seasonal_payer
INV8003182,B008,B008-C1121,Metal Client 121,Metal & Engineering,15,265925.69,2026-07-29,2026-08-13,closed,2026-08-17,19,4,False,False,seasonal_payer
INV8003183,B008,B008-C1121,Metal Client 121,Metal & Engineering,15,191937.3,2026-07-30,2026-08-14,closed,2026-09-01,33,18,False,False,seasonal_payer
INV8003184,B008,B008-C1121,Metal Client 121,Metal & Engineering,15,248110.39,2026-08-24,2026-09-08,open,,,,False,False,seasonal_payer
INV8003185,B008,B008-C1121,Metal Client 121,Metal & Engineering,15,1298016.21,2026-09-01,2026-09-16,open,,,,False,True,seasonal_payer
INV8003186,B008,B008-C1122,Construction Client 122,Construction & Infra,15,251730.62,2024-04-14,2024-04-29,closed,2024-05-26,42,27,False,False,deteriorating_payer
INV8003187,B008,B008-C1122,Construction Client 122,Construction & Infra,15,235322.25,2024-05-30,2024-06-14,closed,2024-06-14,15,0,False,False,deteriorating_payer
INV8003188,B008,B008-C1122,Construction Client 122,Construction & Infra,15,220481.95,2024-06-18,2024-07-03,closed,2024-07-09,21,6,False,False,deteriorating_payer
INV8003189,B008,B008-C1122,Construction Client 122,Construction & Infra,15,237463.57,2024-07-17,2024-08-01,closed,2024-08-29,43,28,False,False,deteriorating_payer
INV8003190,B008,B008-C1122,Construction Client 122,Construction & Infra,15,201994.49,2024-08-19,2024-09-03,closed,2024-09-26,38,23,False,False,deteriorating_payer
INV8003191,B008,B008-C1122,Construction Client 122,Construction & Infra,15,305698.23,2024-09-05,2024-09-20,closed,2024-10-09,34,19,False,False,deteriorating_payer
INV8003192,B008,B008-C1122,Construction Client 122,Construction & Infra,15,280170.15,2024-10-28,2024-11-12,closed,2024-12-06,39,24,False,False,deteriorating_payer
INV8003193,B008,B008-C1122,Construction Client 122,Construction & Infra,15,1174403.51,2024-11-07,2024-11-22,closed,2024-12-08,31,16,False,True,deteriorating_payer
INV8003194,B008,B008-C1122,Construction Client 122,Construction & Infra,15,238840.76,2024-11-12,2024-11-27,closed,2024-12-13,31,16,False,False,deteriorating_payer
INV8003195,B008,B008-C1122,Construction Client 122,Construction & Infra,15,176547.32,2024-11-28,2024-12-13,closed,2025-01-06,39,24,False,False,deteriorating_payer
INV8003196,B008,B008-C1122,Construction Client 122,Construction & Infra,15,272822.27,2024-12-05,2024-12-20,closed,2024-12-26,21,6,False,False,deteriorating_payer
INV8003197,B008,B008-C1122,Construction Client 122,Construction & Infra,15,178363.94,2024-12-11,2024-12-26,closed,2024-12-29,18,3,False,False,deteriorating_payer
INV8003198,B008,B008-C1122,Construction Client 122,Construction & Infra,15,161231.09,2025-01-06,2025-01-21,closed,2025-02-06,31,16,False,False,deteriorating_payer
INV8003199,B008,B008-C1122,Construction Client 122,Construction & Infra,15,222804.48,2025-01-18,2025-02-02,closed,2025-02-17,30,15,False,False,deteriorating_payer
INV8003200,B008,B008-C1122,Construction Client 122,Construction & Infra,15,239646.81,2025-01-25,2025-02-09,closed,2025-02-13,19,4,False,False,deteriorating_payer
INV8003201,B008,B008-C1122,Construction Client 122,Construction & Infra,15,160695.76,2025-02-10,2025-02-25,closed,2025-03-23,41,26,True,False,deteriorating_payer
INV8003202,B008,B008-C1122,Construction Client 122,Construction & Infra,15,156108.75,2025-02-19,2025-03-06,closed,2025-03-23,32,17,False,False,deteriorating_payer
INV8003203,B008,B008-C1122,Construction Client 122,Construction & Infra,15,207195.61,2025-02-21,2025-03-08,closed,2025-03-29,36,21,False,False,deteriorating_payer
INV8003204,B008,B008-C1122,Construction Client 122,Construction & Infra,15,194488.37,2025-02-27,2025-03-14,closed,2025-03-29,30,15,False,False,deteriorating_payer
INV8003205,B008,B008-C1122,Construction Client 122,Construction & Infra,15,178011.32,2025-03-09,2025-03-24,closed,2025-04-13,35,20,False,False,deteriorating_payer
INV8003206,B008,B008-C1122,Construction Client 122,Construction & Infra,15,329199.98,2025-03-24,2025-04-08,closed,2025-05-02,39,24,False,False,deteriorating_payer
INV8003207,B008,B008-C1122,Construction Client 122,Construction & Infra,15,163831.33,2025-04-08,2025-04-23,closed,2025-05-10,32,17,False,False,deteriorating_payer
INV8003208,B008,B008-C1122,Construction Client 122,Construction & Infra,15,248050.29,2025-04-22,2025-05-07,closed,2025-06-08,47,32,True,False,deteriorating_payer
INV8003209,B008,B008-C1122,Construction Client 122,Construction & Infra,15,209689.72,2025-04-29,2025-05-14,closed,2025-06-05,37,22,False,False,deteriorating_payer
INV8003210,B008,B008-C1122,Construction Client 122,Construction & Infra,15,307390.79,2025-05-15,2025-05-30,closed,2025-06-14,30,15,False,False,deteriorating_payer
INV8003211,B008,B008-C1122,Construction Client 122,Construction & Infra,15,205125.01,2025-05-27,2025-06-11,closed,2025-07-27,61,46,False,False,deteriorating_payer
INV8003212,B008,B008-C1122,Construction Client 122,Construction & Infra,15,165421.71,2025-06-25,2025-07-10,closed,2025-08-11,47,32,False,False,deteriorating_payer
INV8003213,B008,B008-C1122,Construction Client 122,Construction & Infra,15,214786.58,2025-07-20,2025-08-04,closed,2025-08-12,23,8,False,False,deteriorating_payer
INV8003214,B008,B008-C1122,Construction Client 122,Construction & Infra,15,231344.06,2025-09-17,2025-10-02,closed,2025-11-16,60,45,False,False,deteriorating_payer
INV8003215,B008,B008-C1122,Construction Client 122,Construction & Infra,15,337281.91,2025-09-19,2025-10-04,closed,2025-10-11,22,7,False,False,deteriorating_payer
INV8003216,B008,B008-C1122,Construction Client 122,Construction & Infra,15,250811.31,2025-10-09,2025-10-24,closed,2025-12-05,57,42,False,False,deteriorating_payer
INV8003217,B008,B008-C1122,Construction Client 122,Construction & Infra,15,236373.87,2025-11-17,2025-12-02,closed,2026-01-14,58,43,False,False,deteriorating_payer
INV8003218,B008,B008-C1122,Construction Client 122,Construction & Infra,15,258161.57,2025-12-31,2026-01-15,closed,2026-02-24,55,40,False,False,deteriorating_payer
INV8003219,B008,B008-C1122,Construction Client 122,Construction & Infra,15,206824.33,2026-02-14,2026-03-01,closed,2026-03-23,37,22,False,False,deteriorating_payer
INV8003220,B008,B008-C1122,Construction Client 122,Construction & Infra,15,173477.8,2026-02-20,2026-03-07,closed,2026-03-31,39,24,False,False,deteriorating_payer
INV8003221,B008,B008-C1122,Construction Client 122,Construction & Infra,15,1006926.17,2026-03-26,2026-04-10,closed,2026-05-22,57,42,False,True,deteriorating_payer
INV8003222,B008,B008-C1122,Construction Client 122,Construction & Infra,15,309564.61,2026-04-17,2026-05-02,closed,2026-06-12,56,41,False,False,deteriorating_payer
INV8003223,B008,B008-C1122,Construction Client 122,Construction & Infra,15,227447.5,2026-04-19,2026-05-04,closed,2026-06-18,60,45,False,False,deteriorating_payer
INV8003224,B008,B008-C1122,Construction Client 122,Construction & Infra,15,617056.17,2026-05-25,2026-06-09,closed,2026-07-03,39,24,False,True,deteriorating_payer
INV8003225,B008,B008-C1122,Construction Client 122,Construction & Infra,15,146602.72,2026-06-05,2026-06-20,closed,2026-08-07,63,48,False,False,deteriorating_payer
INV8003226,B008,B008-C1122,Construction Client 122,Construction & Infra,15,338217.51,2026-06-12,2026-06-27,closed,2026-07-08,26,11,False,False,deteriorating_payer
INV8003227,B008,B008-C1122,Construction Client 122,Construction & Infra,15,156932.22,2026-06-23,2026-07-08,closed,2026-07-29,36,21,False,False,deteriorating_payer
INV8003228,B008,B008-C1122,Construction Client 122,Construction & Infra,15,157199.5,2026-06-30,2026-07-15,closed,2026-08-22,53,38,False,False,deteriorating_payer
INV8003229,B008,B008-C1122,Construction Client 122,Construction & Infra,15,941556.77,2026-07-15,2026-07-30,open,,,,False,True,deteriorating_payer
INV8003230,B008,B008-C1122,Construction Client 122,Construction & Infra,15,219046.86,2026-08-04,2026-08-19,open,,,,False,False,deteriorating_payer
INV8003231,B008,B008-C1122,Construction Client 122,Construction & Infra,15,156730.43,2026-08-17,2026-09-01,open,,,,False,False,deteriorating_payer
INV8003232,B008,B008-C1122,Construction Client 122,Construction & Infra,15,207174.57,2026-08-21,2026-09-05,open,,,,False,False,deteriorating_payer
INV8003233,B008,B008-C1122,Construction Client 122,Construction & Infra,15,250189.33,2026-08-29,2026-09-13,open,,,,False,False,deteriorating_payer
INV8003234,B008,B008-C1122,Construction Client 122,Construction & Infra,15,224857.09,2026-08-29,2026-09-13,open,,,,False,False,deteriorating_payer
INV8003235,B008,B008-C1123,IT Client 123,IT & Business Services,45,447017.54,2024-05-26,2024-07-10,closed,2024-07-19,54,9,False,False,seasonal_payer
INV8003236,B008,B008-C1123,IT Client 123,IT & Business Services,45,337904.46,2024-06-14,2024-07-29,closed,2024-08-06,53,8,False,False,seasonal_payer
INV8003237,B008,B008-C1123,IT Client 123,IT & Business Services,45,311193.53,2024-09-03,2024-10-18,closed,2024-11-03,61,16,False,False,seasonal_payer
INV8003238,B008,B008-C1123,IT Client 123,IT & Business Services,45,239723.36,2024-11-06,2024-12-21,closed,2025-01-05,60,15,False,False,seasonal_payer
INV8003239,B008,B008-C1123,IT Client 123,IT & Business Services,45,2014604.74,2025-01-14,2025-02-28,closed,2025-03-07,52,7,False,True,seasonal_payer
INV8003240,B008,B008-C1123,IT Client 123,IT & Business Services,45,1214105.21,2025-03-06,2025-04-20,closed,2025-04-24,49,4,False,False,seasonal_payer
INV8003241,B008,B008-C1123,IT Client 123,IT & Business Services,45,439878.45,2025-03-11,2025-04-25,closed,2025-04-24,44,-1,False,False,seasonal_payer
INV8003242,B008,B008-C1123,IT Client 123,IT & Business Services,45,380385.24,2025-03-18,2025-05-02,closed,2025-05-04,47,2,False,False,seasonal_payer
INV8003243,B008,B008-C1123,IT Client 123,IT & Business Services,45,1489623.53,2025-03-19,2025-05-03,closed,2025-05-10,52,7,False,True,seasonal_payer
INV8003244,B008,B008-C1123,IT Client 123,IT & Business Services,45,477998.21,2025-04-01,2025-05-16,closed,2025-05-12,41,-4,False,False,seasonal_payer
INV8003245,B008,B008-C1123,IT Client 123,IT & Business Services,45,722244.04,2025-05-11,2025-06-25,closed,2025-06-24,44,-1,False,False,seasonal_payer
INV8003246,B008,B008-C1123,IT Client 123,IT & Business Services,45,1805202.03,2025-06-05,2025-07-20,closed,2025-07-23,48,3,False,True,seasonal_payer
INV8003247,B008,B008-C1123,IT Client 123,IT & Business Services,45,335792.89,2025-06-13,2025-07-28,closed,2025-08-12,60,15,False,False,seasonal_payer
INV8003248,B008,B008-C1123,IT Client 123,IT & Business Services,45,239834.32,2025-07-03,2025-08-17,closed,2025-09-06,65,20,False,False,seasonal_payer
INV8003249,B008,B008-C1123,IT Client 123,IT & Business Services,45,755663.13,2025-07-05,2025-08-19,closed,2025-09-08,65,20,False,False,seasonal_payer
INV8003250,B008,B008-C1123,IT Client 123,IT & Business Services,45,426188.96,2025-07-25,2025-09-08,closed,2025-09-18,55,10,False,False,seasonal_payer
INV8003251,B008,B008-C1123,IT Client 123,IT & Business Services,45,265303.27,2025-07-29,2025-09-12,closed,2025-09-26,59,14,False,False,seasonal_payer
INV8003252,B008,B008-C1123,IT Client 123,IT & Business Services,45,2175043.0,2025-08-15,2025-09-29,closed,2025-10-01,47,2,False,True,seasonal_payer
INV8003253,B008,B008-C1123,IT Client 123,IT & Business Services,45,391295.33,2025-08-21,2025-10-05,closed,2025-10-15,55,10,False,False,seasonal_payer
INV8003254,B008,B008-C1123,IT Client 123,IT & Business Services,45,443448.94,2025-09-25,2025-11-09,closed,2025-11-24,60,15,False,False,seasonal_payer
INV8003255,B008,B008-C1123,IT Client 123,IT & Business Services,45,432697.15,2025-10-13,2025-11-27,closed,2025-12-10,58,13,False,False,seasonal_payer
INV8003256,B008,B008-C1123,IT Client 123,IT & Business Services,45,535149.2,2025-10-16,2025-11-30,closed,2025-12-19,64,19,False,False,seasonal_payer
INV8003257,B008,B008-C1123,IT Client 123,IT & Business Services,45,415642.45,2025-10-28,2025-12-12,closed,2025-12-25,58,13,False,False,seasonal_payer
INV8003258,B008,B008-C1123,IT Client 123,IT & Business Services,45,352090.67,2025-11-30,2026-01-14,closed,2026-01-18,49,4,False,False,seasonal_payer
INV8003259,B008,B008-C1123,IT Client 123,IT & Business Services,45,318133.27,2026-02-19,2026-04-05,closed,2026-04-02,42,-3,False,False,seasonal_payer
INV8003260,B008,B008-C1123,IT Client 123,IT & Business Services,45,1246992.25,2026-03-06,2026-04-20,closed,2026-04-19,44,-1,False,True,seasonal_payer
INV8003261,B008,B008-C1123,IT Client 123,IT & Business Services,45,354572.65,2026-04-22,2026-06-06,closed,2026-06-08,47,2,False,False,seasonal_payer
INV8003262,B008,B008-C1123,IT Client 123,IT & Business Services,45,466992.62,2026-05-19,2026-07-03,closed,2026-07-11,53,8,False,False,seasonal_payer
INV8003263,B008,B008-C1123,IT Client 123,IT & Business Services,45,269610.17,2026-06-13,2026-07-28,closed,2026-08-11,59,14,False,False,seasonal_payer
INV8003264,B008,B008-C1124,Retail Client 124,Retail & Distribution,45,75689.19,2024-03-26,2024-05-10,closed,2024-05-13,48,3,False,False,seasonal_payer
INV8003265,B008,B008-C1124,Retail Client 124,Retail & Distribution,45,67277.63,2024-04-13,2024-05-28,closed,2024-05-31,48,3,False,False,seasonal_payer
INV8003266,B008,B008-C1124,Retail Client 124,Retail & Distribution,45,59165.34,2024-05-16,2024-06-30,closed,2024-06-30,45,0,False,False,seasonal_payer
INV8003267,B008,B008-C1124,Retail Client 124,Retail & Distribution,45,69215.61,2024-05-25,2024-07-09,closed,2024-07-16,52,7,False,False,seasonal_payer
INV8003268,B008,B008-C1124,Retail Client 124,Retail & Distribution,45,66489.8,2024-06-06,2024-07-21,closed,2024-07-27,51,6,False,False,seasonal_payer
INV8003269,B008,B008-C1124,Retail Client 124,Retail & Distribution,45,72292.7,2024-07-18,2024-09-01,closed,2024-09-05,49,4,False,False,seasonal_payer
INV8003270,B008,B008-C1124,Retail Client 124,Retail & Distribution,45,100689.1,2024-10-04,2024-11-18,closed,2024-12-01,58,13,False,False,seasonal_payer
INV8003271,B008,B008-C1124,Retail Client 124,Retail & Distribution,45,55547.29,2024-11-01,2024-12-16,closed,2025-01-05,65,20,False,False,seasonal_payer
INV8003272,B008,B008-C1124,Retail Client 124,Retail & Distribution,45,78743.9,2024-11-02,2024-12-17,closed,2024-12-29,57,12,False,False,seasonal_payer
INV8003273,B008,B008-C1124,Retail Client 124,Retail & Distribution,45,125263.46,2024-12-07,2025-01-21,closed,2025-02-13,68,23,False,False,seasonal_payer
INV8003274,B008,B008-C1124,Retail Client 124,Retail & Distribution,45,88697.04,2025-01-05,2025-02-19,closed,2025-03-02,56,11,False,False,seasonal_payer
INV8003275,B008,B008-C1124,Retail Client 124,Retail & Distribution,45,68456.41,2025-02-21,2025-04-07,closed,2025-04-20,58,13,False,False,seasonal_payer
INV8003276,B008,B008-C1124,Retail Client 124,Retail & Distribution,45,73588.52,2025-02-22,2025-04-08,closed,2025-04-21,58,13,False,False,seasonal_payer
INV8003277,B008,B008-C1124,Retail Client 124,Retail & Distribution,45,39688.48,2025-03-28,2025-05-12,closed,2025-05-10,43,-2,False,False,seasonal_payer
INV8003278,B008,B008-C1124,Retail Client 124,Retail & Distribution,45,47251.14,2025-04-26,2025-06-10,closed,2025-06-13,48,3,False,False,seasonal_payer
INV8003279,B008,B008-C1124,Retail Client 124,Retail & Distribution,45,63220.81,2025-05-21,2025-07-05,closed,2025-07-03,43,-2,False,False,seasonal_payer
INV8003280,B008,B008-C1124,Retail Client 124,Retail & Distribution,45,67265.26,2025-06-12,2025-07-27,closed,2025-07-20,38,-7,False,False,seasonal_payer
INV8003281,B008,B008-C1124,Retail Client 124,Retail & Distribution,45,42195.62,2025-06-21,2025-08-05,closed,2025-08-12,52,7,False,False,seasonal_payer
INV8003282,B008,B008-C1124,Retail Client 124,Retail & Distribution,45,81169.0,2025-06-25,2025-08-09,closed,2025-08-17,53,8,True,False,seasonal_payer
INV8003283,B008,B008-C1124,Retail Client 124,Retail & Distribution,45,68164.54,2025-06-28,2025-08-12,closed,2025-08-21,54,9,False,False,seasonal_payer
INV8003284,B008,B008-C1124,Retail Client 124,Retail & Distribution,45,54153.46,2025-07-10,2025-08-24,closed,2025-09-06,58,13,False,False,seasonal_payer
INV8003285,B008,B008-C1124,Retail Client 124,Retail & Distribution,45,82124.65,2025-07-17,2025-08-31,closed,2025-09-01,46,1,False,False,seasonal_payer
INV8003286,B008,B008-C1124,Retail Client 124,Retail & Distribution,45,76394.59,2025-07-25,2025-09-08,closed,2025-09-05,42,-3,False,False,seasonal_payer
INV8003287,B008,B008-C1124,Retail Client 124,Retail & Distribution,45,33119.99,2025-08-28,2025-10-12,closed,2025-10-21,54,9,True,False,seasonal_payer
INV8003288,B008,B008-C1124,Retail Client 124,Retail & Distribution,45,70741.26,2025-09-02,2025-10-17,closed,2025-10-22,50,5,False,False,seasonal_payer
INV8003289,B008,B008-C1124,Retail Client 124,Retail & Distribution,45,69262.93,2025-09-29,2025-11-13,closed,2025-11-21,53,8,False,False,seasonal_payer
INV8003290,B008,B008-C1124,Retail Client 124,Retail & Distribution,45,74542.06,2025-10-14,2025-11-28,closed,2025-12-12,59,14,False,False,seasonal_payer
INV8003291,B008,B008-C1124,Retail Client 124,Retail & Distribution,45,79180.87,2025-11-21,2026-01-05,closed,2026-01-19,59,14,False,False,seasonal_payer
INV8003292,B008,B008-C1124,Retail Client 124,Retail & Distribution,45,59711.36,2026-01-14,2026-02-28,closed,2026-03-11,56,11,True,False,seasonal_payer
INV8003293,B008,B008-C1124,Retail Client 124,Retail & Distribution,45,69413.88,2026-01-15,2026-03-01,closed,2026-03-08,52,7,False,False,seasonal_payer
INV8003294,B008,B008-C1124,Retail Client 124,Retail & Distribution,45,73859.72,2026-01-19,2026-03-05,closed,2026-03-12,52,7,False,False,seasonal_payer
INV8003295,B008,B008-C1124,Retail Client 124,Retail & Distribution,45,163798.95,2026-02-17,2026-04-03,closed,2026-04-14,56,11,False,False,seasonal_payer
INV8003296,B008,B008-C1124,Retail Client 124,Retail & Distribution,45,70599.11,2026-03-25,2026-05-09,closed,2026-05-21,57,12,False,False,seasonal_payer
INV8003297,B008,B008-C1124,Retail Client 124,Retail & Distribution,45,56578.2,2026-05-23,2026-07-07,closed,2026-07-04,42,-3,False,False,seasonal_payer
INV8003298,B008,B008-C1124,Retail Client 124,Retail & Distribution,45,87841.47,2026-06-13,2026-07-28,closed,2026-07-24,41,-4,False,False,seasonal_payer
INV8003299,B008,B008-C1124,Retail Client 124,Retail & Distribution,45,91042.14,2026-06-24,2026-08-08,closed,2026-08-15,52,7,False,False,seasonal_payer
INV8003300,B008,B008-C1124,Retail Client 124,Retail & Distribution,45,122511.63,2026-07-23,2026-09-06,open,,,,False,False,seasonal_payer
INV8003301,B008,B008-C1124,Retail Client 124,Retail & Distribution,45,75530.53,2026-08-30,2026-10-14,open,,,,False,False,seasonal_payer
INV8003302,B008,B008-C1125,Chemicals Client 125,Chemicals & Plastics,30,145864.1,2024-03-21,2024-04-20,closed,2024-05-09,49,19,False,False,deteriorating_payer
INV8003303,B008,B008-C1125,Chemicals Client 125,Chemicals & Plastics,30,129456.52,2024-05-30,2024-06-29,closed,2024-07-03,34,4,False,False,deteriorating_payer
INV8003304,B008,B008-C1125,Chemicals Client 125,Chemicals & Plastics,30,182811.88,2024-07-14,2024-08-13,closed,2024-09-15,63,33,False,False,deteriorating_payer
INV8003305,B008,B008-C1125,Chemicals Client 125,Chemicals & Plastics,30,98382.8,2024-09-07,2024-10-07,closed,2024-10-05,28,-2,False,False,deteriorating_payer
INV8003306,B008,B008-C1125,Chemicals Client 125,Chemicals & Plastics,30,127867.75,2024-09-20,2024-10-20,closed,2024-11-11,52,22,True,False,deteriorating_payer
INV8003307,B008,B008-C1125,Chemicals Client 125,Chemicals & Plastics,30,119304.63,2024-10-19,2024-11-18,closed,2024-11-30,42,12,False,False,deteriorating_payer
INV8003308,B008,B008-C1125,Chemicals Client 125,Chemicals & Plastics,30,262979.72,2024-10-19,2024-11-18,closed,2024-12-30,72,42,False,False,deteriorating_payer
INV8003309,B008,B008-C1125,Chemicals Client 125,Chemicals & Plastics,30,96666.83,2024-11-03,2024-12-03,closed,2024-12-01,28,-2,False,False,deteriorating_payer
INV8003310,B008,B008-C1125,Chemicals Client 125,Chemicals & Plastics,30,86885.32,2024-11-08,2024-12-08,closed,2024-12-06,28,-2,False,False,deteriorating_payer
INV8003311,B008,B008-C1125,Chemicals Client 125,Chemicals & Plastics,30,114879.82,2025-03-09,2025-04-08,closed,2025-05-09,61,31,False,False,deteriorating_payer
INV8003312,B008,B008-C1125,Chemicals Client 125,Chemicals & Plastics,30,149994.47,2025-03-15,2025-04-14,closed,2025-05-04,50,20,False,False,deteriorating_payer
INV8003313,B008,B008-C1125,Chemicals Client 125,Chemicals & Plastics,30,756149.36,2025-04-24,2025-05-24,closed,2025-06-16,53,23,False,True,deteriorating_payer
INV8003314,B008,B008-C1125,Chemicals Client 125,Chemicals & Plastics,30,207638.73,2025-06-19,2025-07-19,closed,2025-07-19,30,0,False,False,deteriorating_payer
INV8003315,B008,B008-C1125,Chemicals Client 125,Chemicals & Plastics,30,176463.48,2025-06-22,2025-07-22,closed,2025-08-06,45,15,False,False,deteriorating_payer
INV8003316,B008,B008-C1125,Chemicals Client 125,Chemicals & Plastics,30,148176.28,2025-07-09,2025-08-08,closed,2025-09-10,63,33,False,False,deteriorating_payer
INV8003317,B008,B008-C1125,Chemicals Client 125,Chemicals & Plastics,30,152995.38,2025-07-23,2025-08-22,closed,2025-08-31,39,9,False,False,deteriorating_payer
INV8003318,B008,B008-C1125,Chemicals Client 125,Chemicals & Plastics,30,98022.07,2025-08-13,2025-09-12,closed,2025-10-09,57,27,False,False,deteriorating_payer
INV8003319,B008,B008-C1125,Chemicals Client 125,Chemicals & Plastics,30,216365.14,2025-10-18,2025-11-17,closed,2025-12-13,56,26,False,False,deteriorating_payer
INV8003320,B008,B008-C1125,Chemicals Client 125,Chemicals & Plastics,30,88790.76,2025-12-21,2026-01-20,closed,2026-02-20,61,31,False,False,deteriorating_payer
INV8003321,B008,B008-C1125,Chemicals Client 125,Chemicals & Plastics,30,89815.24,2025-12-29,2026-01-28,closed,2026-03-14,75,45,False,False,deteriorating_payer
INV8003322,B008,B008-C1125,Chemicals Client 125,Chemicals & Plastics,30,147465.31,2026-01-14,2026-02-13,closed,2026-02-28,45,15,False,False,deteriorating_payer
INV8003323,B008,B008-C1125,Chemicals Client 125,Chemicals & Plastics,30,139838.03,2026-01-15,2026-02-14,closed,2026-03-10,54,24,False,False,deteriorating_payer
INV8003324,B008,B008-C1125,Chemicals Client 125,Chemicals & Plastics,30,101019.25,2026-01-22,2026-02-21,closed,2026-03-09,46,16,False,False,deteriorating_payer
INV8003325,B008,B008-C1125,Chemicals Client 125,Chemicals & Plastics,30,100310.65,2026-01-24,2026-02-23,closed,2026-03-17,52,22,False,False,deteriorating_payer
INV8003326,B008,B008-C1125,Chemicals Client 125,Chemicals & Plastics,30,143896.15,2026-02-08,2026-03-10,closed,2026-04-10,61,31,False,False,deteriorating_payer
INV8003327,B008,B008-C1125,Chemicals Client 125,Chemicals & Plastics,30,448507.82,2026-03-08,2026-04-07,closed,2026-04-10,33,3,False,True,deteriorating_payer
INV8003328,B008,B008-C1125,Chemicals Client 125,Chemicals & Plastics,30,146727.01,2026-03-25,2026-04-24,closed,2026-06-17,84,54,False,False,deteriorating_payer
INV8003329,B008,B008-C1125,Chemicals Client 125,Chemicals & Plastics,30,151328.62,2026-05-02,2026-06-01,closed,2026-06-24,53,23,False,False,deteriorating_payer
INV8003330,B008,B008-C1125,Chemicals Client 125,Chemicals & Plastics,30,228031.48,2026-05-06,2026-06-05,closed,2026-07-01,56,26,False,False,deteriorating_payer
INV8003331,B008,B008-C1125,Chemicals Client 125,Chemicals & Plastics,30,138651.17,2026-05-25,2026-06-24,closed,2026-07-27,63,33,False,False,deteriorating_payer
INV8003332,B008,B008-C1125,Chemicals Client 125,Chemicals & Plastics,30,229032.24,2026-05-30,2026-06-29,closed,2026-07-18,49,19,False,False,deteriorating_payer
INV8003333,B008,B008-C1125,Chemicals Client 125,Chemicals & Plastics,30,84800.27,2026-06-29,2026-07-29,disputed_open,,,,False,False,deteriorating_payer
INV8003334,B008,B008-C1125,Chemicals Client 125,Chemicals & Plastics,30,73544.91,2026-07-23,2026-08-22,open,,,,False,False,deteriorating_payer
INV8003335,B008,B008-C1125,Chemicals Client 125,Chemicals & Plastics,30,134287.93,2026-08-18,2026-09-17,open,,,,False,False,deteriorating_payer
INV8003336,B008,B008-C1125,Chemicals Client 125,Chemicals & Plastics,30,107375.68,2026-08-22,2026-09-21,disputed_open,,,,False,False,deteriorating_payer
INV8003337,B008,B008-C1126,Retail Client 126,Retail & Distribution,30,449294.97,2024-06-28,2024-07-28,closed,2024-08-05,38,8,False,False,erratic_payer
INV8003338,B008,B008-C1126,Retail Client 126,Retail & Distribution,30,1517024.95,2024-09-08,2024-10-08,closed,2024-10-15,37,7,False,True,erratic_payer
INV8003339,B008,B008-C1126,Retail Client 126,Retail & Distribution,30,1039900.57,2024-10-29,2024-11-28,closed,2024-11-29,31,1,False,False,erratic_payer
INV8003340,B008,B008-C1126,Retail Client 126,Retail & Distribution,30,633308.82,2024-11-07,2024-12-07,closed,2024-12-14,37,7,False,False,erratic_payer
INV8003341,B008,B008-C1126,Retail Client 126,Retail & Distribution,30,582484.76,2024-12-30,2025-01-29,closed,2025-02-04,36,6,False,False,erratic_payer
INV8003342,B008,B008-C1126,Retail Client 126,Retail & Distribution,30,846726.39,2025-05-29,2025-06-28,closed,2025-07-01,33,3,False,False,erratic_payer
INV8003343,B008,B008-C1126,Retail Client 126,Retail & Distribution,30,538748.97,2025-07-02,2025-08-01,closed,2025-08-11,40,10,False,False,erratic_payer
INV8003344,B008,B008-C1126,Retail Client 126,Retail & Distribution,30,626962.35,2025-11-05,2025-12-05,closed,2025-12-16,41,11,False,False,erratic_payer
INV8003345,B008,B008-C1126,Retail Client 126,Retail & Distribution,30,1224593.37,2025-11-26,2025-12-26,closed,2026-04-28,153,123,False,False,erratic_payer
INV8003346,B008,B008-C1126,Retail Client 126,Retail & Distribution,30,465543.78,2025-12-09,2026-01-08,closed,2026-04-03,115,85,False,False,erratic_payer
INV8003347,B008,B008-C1126,Retail Client 126,Retail & Distribution,30,746758.11,2026-01-05,2026-02-04,closed,2026-01-30,25,-5,False,False,erratic_payer
INV8003348,B008,B008-C1126,Retail Client 126,Retail & Distribution,30,731563.1,2026-02-09,2026-03-11,closed,2026-03-14,33,3,False,False,erratic_payer
INV8003349,B008,B008-C1126,Retail Client 126,Retail & Distribution,30,438368.1,2026-03-31,2026-04-30,closed,2026-05-04,34,4,False,False,erratic_payer
INV8003350,B008,B008-C1126,Retail Client 126,Retail & Distribution,30,776222.63,2026-07-25,2026-08-24,disputed_open,,,,False,False,erratic_payer
INV8003351,B008,B008-C1126,Retail Client 126,Retail & Distribution,30,958949.32,2026-08-15,2026-09-14,open,,,,False,False,erratic_payer
INV8003352,B008,B008-C1127,Retail Client 127,Retail & Distribution,30,43333.48,2024-04-02,2024-05-02,closed,2024-06-13,72,42,False,False,improving_payer
INV8003353,B008,B008-C1127,Retail Client 127,Retail & Distribution,30,36036.26,2024-04-02,2024-05-02,closed,2024-05-28,56,26,False,False,improving_payer
INV8003354,B008,B008-C1127,Retail Client 127,Retail & Distribution,30,49462.89,2024-04-19,2024-05-19,closed,2024-06-30,72,42,False,False,improving_payer
INV8003355,B008,B008-C1127,Retail Client 127,Retail & Distribution,30,31354.7,2024-06-14,2024-07-14,closed,2024-08-22,69,39,False,False,improving_payer
INV8003356,B008,B008-C1127,Retail Client 127,Retail & Distribution,30,56736.09,2024-06-20,2024-07-20,closed,2024-09-07,79,49,False,False,improving_payer
INV8003357,B008,B008-C1127,Retail Client 127,Retail & Distribution,30,34389.25,2024-07-13,2024-08-12,closed,2024-09-11,60,30,False,False,improving_payer
INV8003358,B008,B008-C1127,Retail Client 127,Retail & Distribution,30,25737.33,2024-08-08,2024-09-07,closed,2024-10-23,76,46,False,False,improving_payer
INV8003359,B008,B008-C1127,Retail Client 127,Retail & Distribution,30,31666.42,2024-09-27,2024-10-27,closed,2024-11-29,63,33,False,False,improving_payer
INV8003360,B008,B008-C1127,Retail Client 127,Retail & Distribution,30,37006.73,2024-10-22,2024-11-21,closed,2024-12-27,66,36,False,False,improving_payer
INV8003361,B008,B008-C1127,Retail Client 127,Retail & Distribution,30,31971.98,2024-10-28,2024-11-27,closed,2024-12-26,59,29,False,False,improving_payer
INV8003362,B008,B008-C1127,Retail Client 127,Retail & Distribution,30,25277.32,2024-11-02,2024-12-02,closed,2024-12-20,48,18,False,False,improving_payer
INV8003363,B008,B008-C1127,Retail Client 127,Retail & Distribution,30,32290.2,2024-12-09,2025-01-08,closed,2025-01-25,47,17,False,False,improving_payer
INV8003364,B008,B008-C1127,Retail Client 127,Retail & Distribution,30,37194.72,2025-01-16,2025-02-15,closed,2025-03-30,73,43,False,False,improving_payer
INV8003365,B008,B008-C1127,Retail Client 127,Retail & Distribution,30,41776.9,2025-02-12,2025-03-14,closed,2025-04-12,59,29,False,False,improving_payer
INV8003366,B008,B008-C1127,Retail Client 127,Retail & Distribution,30,21923.53,2025-04-11,2025-05-11,closed,2025-06-07,57,27,False,False,improving_payer
INV8003367,B008,B008-C1127,Retail Client 127,Retail & Distribution,30,49463.74,2025-05-06,2025-06-05,closed,2025-07-06,61,31,False,False,improving_payer
INV8003368,B008,B008-C1127,Retail Client 127,Retail & Distribution,30,41491.33,2025-05-07,2025-06-06,closed,2025-06-15,39,9,False,False,improving_payer
INV8003369,B008,B008-C1127,Retail Client 127,Retail & Distribution,30,32324.97,2025-05-12,2025-06-11,closed,2025-06-27,46,16,False,False,improving_payer
INV8003370,B008,B008-C1127,Retail Client 127,Retail & Distribution,30,36130.48,2025-06-10,2025-07-10,closed,2025-08-01,52,22,False,False,improving_payer
INV8003371,B008,B008-C1127,Retail Client 127,Retail & Distribution,30,40405.39,2025-06-18,2025-07-18,closed,2025-07-29,41,11,False,False,improving_payer
INV8003372,B008,B008-C1127,Retail Client 127,Retail & Distribution,30,53238.98,2025-06-24,2025-07-24,closed,2025-08-17,54,24,True,False,improving_payer
INV8003373,B008,B008-C1127,Retail Client 127,Retail & Distribution,30,37805.01,2025-07-12,2025-08-11,closed,2025-09-05,55,25,False,False,improving_payer
INV8003374,B008,B008-C1127,Retail Client 127,Retail & Distribution,30,21896.38,2025-07-19,2025-08-18,closed,2025-09-07,50,20,False,False,improving_payer
INV8003375,B008,B008-C1127,Retail Client 127,Retail & Distribution,30,70990.54,2025-07-26,2025-08-25,closed,2025-09-21,57,27,False,False,improving_payer
INV8003376,B008,B008-C1127,Retail Client 127,Retail & Distribution,30,30634.36,2025-07-30,2025-08-29,closed,2025-09-17,49,19,False,False,improving_payer
INV8003377,B008,B008-C1127,Retail Client 127,Retail & Distribution,30,26360.79,2025-08-13,2025-09-12,closed,2025-09-28,46,16,False,False,improving_payer
INV8003378,B008,B008-C1127,Retail Client 127,Retail & Distribution,30,50931.46,2025-08-17,2025-09-16,closed,2025-10-02,46,16,False,False,improving_payer
INV8003379,B008,B008-C1127,Retail Client 127,Retail & Distribution,30,43975.37,2025-09-12,2025-10-12,closed,2025-10-27,45,15,False,False,improving_payer
INV8003380,B008,B008-C1127,Retail Client 127,Retail & Distribution,30,33172.33,2025-09-13,2025-10-13,closed,2025-10-27,44,14,False,False,improving_payer
INV8003381,B008,B008-C1127,Retail Client 127,Retail & Distribution,30,34767.65,2025-09-15,2025-10-15,closed,2025-11-07,53,23,False,False,improving_payer
INV8003382,B008,B008-C1127,Retail Client 127,Retail & Distribution,30,28127.56,2025-10-06,2025-11-05,closed,2025-12-05,60,30,False,False,improving_payer
INV8003383,B008,B008-C1127,Retail Client 127,Retail & Distribution,30,16939.48,2025-10-16,2025-11-15,closed,2025-12-01,46,16,False,False,improving_payer
INV8003384,B008,B008-C1127,Retail Client 127,Retail & Distribution,30,37864.97,2025-10-28,2025-11-27,closed,2025-12-31,64,34,False,False,improving_payer
INV8003385,B008,B008-C1127,Retail Client 127,Retail & Distribution,30,46961.06,2025-11-03,2025-12-03,closed,2025-12-09,36,6,False,False,improving_payer
INV8003386,B008,B008-C1127,Retail Client 127,Retail & Distribution,30,178856.8,2025-11-05,2025-12-05,closed,2025-12-22,47,17,False,True,improving_payer
INV8003387,B008,B008-C1127,Retail Client 127,Retail & Distribution,30,46285.02,2025-11-26,2025-12-26,closed,2026-01-15,50,20,False,False,improving_payer
INV8003388,B008,B008-C1127,Retail Client 127,Retail & Distribution,30,50984.77,2025-12-06,2026-01-05,closed,2025-12-31,25,-5,False,False,improving_payer
INV8003389,B008,B008-C1127,Retail Client 127,Retail & Distribution,30,35636.25,2026-02-15,2026-03-17,closed,2026-04-20,64,34,False,False,improving_payer
INV8003390,B008,B008-C1127,Retail Client 127,Retail & Distribution,30,52993.77,2026-02-15,2026-03-17,closed,2026-03-21,34,4,False,False,improving_payer
INV8003391,B008,B008-C1127,Retail Client 127,Retail & Distribution,30,23910.55,2026-02-17,2026-03-19,closed,2026-04-18,60,30,False,False,improving_payer
INV8003392,B008,B008-C1127,Retail Client 127,Retail & Distribution,30,47070.38,2026-03-09,2026-04-08,closed,2026-04-18,40,10,False,False,improving_payer
INV8003393,B008,B008-C1127,Retail Client 127,Retail & Distribution,30,24247.55,2026-03-13,2026-04-12,closed,2026-04-14,32,2,False,False,improving_payer
INV8003394,B008,B008-C1127,Retail Client 127,Retail & Distribution,30,51235.88,2026-04-03,2026-05-03,closed,2026-05-18,45,15,False,False,improving_payer
INV8003395,B008,B008-C1127,Retail Client 127,Retail & Distribution,30,59032.15,2026-04-11,2026-05-11,closed,2026-05-24,43,13,False,False,improving_payer
INV8003396,B008,B008-C1127,Retail Client 127,Retail & Distribution,30,50545.02,2026-04-16,2026-05-16,closed,2026-05-15,29,-1,False,False,improving_payer
INV8003397,B008,B008-C1127,Retail Client 127,Retail & Distribution,30,23612.21,2026-04-19,2026-05-19,closed,2026-06-10,52,22,False,False,improving_payer
INV8003398,B008,B008-C1127,Retail Client 127,Retail & Distribution,30,49067.96,2026-05-08,2026-06-07,closed,2026-06-10,33,3,False,False,improving_payer
INV8003399,B008,B008-C1127,Retail Client 127,Retail & Distribution,30,50175.2,2026-05-11,2026-06-10,closed,2026-06-18,38,8,False,False,improving_payer
INV8003400,B008,B008-C1127,Retail Client 127,Retail & Distribution,30,28206.65,2026-06-26,2026-07-26,closed,2026-07-23,27,-3,False,False,improving_payer
INV8003401,B008,B008-C1127,Retail Client 127,Retail & Distribution,30,26086.6,2026-06-30,2026-07-30,closed,2026-07-30,30,0,False,False,improving_payer
INV8003402,B008,B008-C1127,Retail Client 127,Retail & Distribution,30,40329.79,2026-07-13,2026-08-12,closed,2026-08-17,35,5,False,False,improving_payer
INV8003403,B008,B008-C1127,Retail Client 127,Retail & Distribution,30,17105.33,2026-08-13,2026-09-12,open,,,,False,False,improving_payer
INV8003404,B008,B008-C1128,Chemicals Client 128,Chemicals & Plastics,30,30204.02,2024-05-26,2024-06-25,closed,2024-07-18,53,23,False,False,chronic_late_payer
INV8003405,B008,B008-C1128,Chemicals Client 128,Chemicals & Plastics,30,35302.26,2024-06-21,2024-07-21,closed,2024-08-31,71,41,True,False,chronic_late_payer
INV8003406,B008,B008-C1128,Chemicals Client 128,Chemicals & Plastics,30,19429.87,2024-07-25,2024-08-24,closed,2024-10-01,68,38,False,False,chronic_late_payer
INV8003407,B008,B008-C1128,Chemicals Client 128,Chemicals & Plastics,30,36269.08,2024-08-11,2024-09-10,closed,2024-10-01,51,21,False,False,chronic_late_payer
INV8003408,B008,B008-C1128,Chemicals Client 128,Chemicals & Plastics,30,31361.54,2024-08-31,2024-09-30,closed,2024-10-26,56,26,False,False,chronic_late_payer
INV8003409,B008,B008-C1128,Chemicals Client 128,Chemicals & Plastics,30,39223.45,2024-10-25,2024-11-24,closed,2024-12-22,58,28,False,False,chronic_late_payer
INV8003410,B008,B008-C1128,Chemicals Client 128,Chemicals & Plastics,30,40063.48,2024-11-20,2024-12-20,closed,2025-01-24,65,35,False,False,chronic_late_payer
INV8003411,B008,B008-C1128,Chemicals Client 128,Chemicals & Plastics,30,32888.67,2025-01-28,2025-02-27,closed,2025-04-16,78,48,False,False,chronic_late_payer
INV8003412,B008,B008-C1128,Chemicals Client 128,Chemicals & Plastics,30,48256.41,2025-02-17,2025-03-19,closed,2025-04-16,58,28,False,False,chronic_late_payer
INV8003413,B008,B008-C1128,Chemicals Client 128,Chemicals & Plastics,30,38246.8,2025-03-19,2025-04-18,closed,2025-05-29,71,41,False,False,chronic_late_payer
INV8003414,B008,B008-C1128,Chemicals Client 128,Chemicals & Plastics,30,26015.44,2025-03-25,2025-04-24,closed,2025-05-26,62,32,False,False,chronic_late_payer
INV8003415,B008,B008-C1128,Chemicals Client 128,Chemicals & Plastics,30,32276.56,2025-04-05,2025-05-05,closed,2025-05-31,56,26,False,False,chronic_late_payer
INV8003416,B008,B008-C1128,Chemicals Client 128,Chemicals & Plastics,30,26519.32,2025-05-28,2025-06-27,closed,2025-07-26,59,29,False,False,chronic_late_payer
INV8003417,B008,B008-C1128,Chemicals Client 128,Chemicals & Plastics,30,33143.41,2025-05-31,2025-06-30,closed,2025-07-20,50,20,False,False,chronic_late_payer
INV8003418,B008,B008-C1128,Chemicals Client 128,Chemicals & Plastics,30,92966.98,2025-08-04,2025-09-03,closed,2025-10-07,64,34,True,True,chronic_late_payer
INV8003419,B008,B008-C1128,Chemicals Client 128,Chemicals & Plastics,30,38158.52,2025-08-12,2025-09-11,closed,2025-10-10,59,29,False,False,chronic_late_payer
INV8003420,B008,B008-C1128,Chemicals Client 128,Chemicals & Plastics,30,26312.72,2025-08-29,2025-09-28,closed,2025-10-29,61,31,True,False,chronic_late_payer
INV8003421,B008,B008-C1128,Chemicals Client 128,Chemicals & Plastics,30,41044.15,2025-10-19,2025-11-18,closed,2025-12-20,62,32,False,False,chronic_late_payer
INV8003422,B008,B008-C1128,Chemicals Client 128,Chemicals & Plastics,30,31796.94,2026-01-04,2026-02-03,closed,2026-02-17,44,14,False,False,chronic_late_payer
INV8003423,B008,B008-C1128,Chemicals Client 128,Chemicals & Plastics,30,48766.45,2026-02-23,2026-03-25,closed,2026-04-08,44,14,False,False,chronic_late_payer
INV8003424,B008,B008-C1128,Chemicals Client 128,Chemicals & Plastics,30,26660.0,2026-03-16,2026-04-15,closed,2026-05-28,73,43,False,False,chronic_late_payer
INV8003425,B008,B008-C1128,Chemicals Client 128,Chemicals & Plastics,30,40571.56,2026-03-25,2026-04-24,closed,2026-06-07,74,44,False,False,chronic_late_payer
INV8003426,B008,B008-C1128,Chemicals Client 128,Chemicals & Plastics,30,40444.29,2026-06-07,2026-07-07,closed,2026-07-29,52,22,False,False,chronic_late_payer
INV8003427,B008,B008-C1128,Chemicals Client 128,Chemicals & Plastics,30,32724.71,2026-06-08,2026-07-08,closed,2026-08-17,70,40,False,False,chronic_late_payer
INV8003428,B008,B008-C1128,Chemicals Client 128,Chemicals & Plastics,30,46911.2,2026-08-18,2026-09-17,disputed_open,,,,False,False,chronic_late_payer
INV8003429,B008,B008-C1129,FMCG Client 129,FMCG & Food Processing,60,48274.22,2024-04-30,2024-06-29,closed,2024-07-17,78,18,False,False,cold_start
INV8003430,B008,B008-C1129,FMCG Client 129,FMCG & Food Processing,60,63423.85,2025-05-05,2025-07-04,closed,2025-07-22,78,18,False,False,cold_start
INV8003431,B008,B008-C1129,FMCG Client 129,FMCG & Food Processing,60,44171.68,2026-08-19,2026-10-18,open,,,,False,False,cold_start
