invoice_id,business_id,cust_number,customer_name,sector,payment_term_days,invoice_amount,issue_date,due_date,status,actual_paid_date,days_to_payment,delay_vs_due_date,had_partial_payment_flag,is_big_ticket_spike,customer_archetype_TRUE_LABEL
INV9000001,B009,B009-C1001,IT Client 001,IT & Business Services,30,49730.14,2024-03-28,2024-04-27,closed,2024-05-04,37,7,False,False,prompt_payer
INV9000002,B009,B009-C1001,IT Client 001,IT & Business Services,30,127058.79,2024-04-02,2024-05-02,closed,2024-04-28,26,-4,False,False,prompt_payer
INV9000003,B009,B009-C1001,IT Client 001,IT & Business Services,30,97479.56,2024-04-17,2024-05-17,closed,2024-05-14,27,-3,False,False,prompt_payer
INV9000004,B009,B009-C1001,IT Client 001,IT & Business Services,30,59207.74,2024-05-04,2024-06-03,closed,2024-06-04,31,1,False,False,prompt_payer
INV9000005,B009,B009-C1001,IT Client 001,IT & Business Services,30,70182.76,2024-05-12,2024-06-11,closed,2024-06-12,31,1,False,False,prompt_payer
INV9000006,B009,B009-C1001,IT Client 001,IT & Business Services,30,42293.17,2024-06-06,2024-07-06,closed,2024-07-02,26,-4,False,False,prompt_payer
INV9000007,B009,B009-C1001,IT Client 001,IT & Business Services,30,147833.59,2024-06-09,2024-07-09,closed,2024-07-07,28,-2,False,False,prompt_payer
INV9000008,B009,B009-C1001,IT Client 001,IT & Business Services,30,87549.09,2024-08-01,2024-08-31,closed,2024-08-31,30,0,False,False,prompt_payer
INV9000009,B009,B009-C1001,IT Client 001,IT & Business Services,30,105415.38,2024-08-15,2024-09-14,closed,2024-09-17,33,3,False,False,prompt_payer
INV9000010,B009,B009-C1001,IT Client 001,IT & Business Services,30,129445.33,2024-08-28,2024-09-27,closed,2024-09-22,25,-5,False,False,prompt_payer
INV9000011,B009,B009-C1001,IT Client 001,IT & Business Services,30,74591.45,2024-09-08,2024-10-08,closed,2024-10-10,32,2,False,False,prompt_payer
INV9000012,B009,B009-C1001,IT Client 001,IT & Business Services,30,70723.48,2024-09-22,2024-10-22,closed,2024-10-24,32,2,False,False,prompt_payer
INV9000013,B009,B009-C1001,IT Client 001,IT & Business Services,30,72771.48,2024-09-27,2024-10-27,closed,2024-11-03,37,7,False,False,prompt_payer
INV9000014,B009,B009-C1001,IT Client 001,IT & Business Services,30,93700.05,2024-10-10,2024-11-09,closed,2024-10-31,21,-9,False,False,prompt_payer
INV9000015,B009,B009-C1001,IT Client 001,IT & Business Services,30,64745.51,2024-12-17,2025-01-16,closed,2025-01-15,29,-1,False,False,prompt_payer
INV9000016,B009,B009-C1001,IT Client 001,IT & Business Services,30,75720.23,2025-02-03,2025-03-05,closed,2025-03-03,28,-2,False,False,prompt_payer
INV9000017,B009,B009-C1001,IT Client 001,IT & Business Services,30,92922.24,2025-02-26,2025-03-28,closed,2025-04-02,35,5,False,False,prompt_payer
INV9000018,B009,B009-C1001,IT Client 001,IT & Business Services,30,88901.22,2025-03-01,2025-03-31,closed,2025-03-27,26,-4,False,False,prompt_payer
INV9000019,B009,B009-C1001,IT Client 001,IT & Business Services,30,70589.28,2025-03-04,2025-04-03,closed,2025-04-01,28,-2,True,False,prompt_payer
INV9000020,B009,B009-C1001,IT Client 001,IT & Business Services,30,59584.48,2025-03-06,2025-04-05,closed,2025-04-06,31,1,False,False,prompt_payer
INV9000021,B009,B009-C1001,IT Client 001,IT & Business Services,30,70627.89,2025-03-13,2025-04-12,closed,2025-04-14,32,2,False,False,prompt_payer
INV9000022,B009,B009-C1001,IT Client 001,IT & Business Services,30,104665.91,2025-03-20,2025-04-19,closed,2025-04-21,32,2,False,False,prompt_payer
INV9000023,B009,B009-C1001,IT Client 001,IT & Business Services,30,130982.13,2025-03-30,2025-04-29,closed,2025-04-24,25,-5,False,False,prompt_payer
INV9000024,B009,B009-C1001,IT Client 001,IT & Business Services,30,123440.94,2025-04-08,2025-05-08,closed,2025-05-15,37,7,False,False,prompt_payer
INV9000025,B009,B009-C1001,IT Client 001,IT & Business Services,30,77716.37,2025-04-20,2025-05-20,closed,2025-05-17,27,-3,False,False,prompt_payer
INV9000026,B009,B009-C1001,IT Client 001,IT & Business Services,30,105092.41,2025-04-21,2025-05-21,closed,2025-05-23,32,2,False,False,prompt_payer
INV9000027,B009,B009-C1001,IT Client 001,IT & Business Services,30,96694.37,2025-05-14,2025-06-13,closed,2025-06-16,33,3,False,False,prompt_payer
INV9000028,B009,B009-C1001,IT Client 001,IT & Business Services,30,138850.43,2025-05-27,2025-06-26,closed,2025-06-25,29,-1,False,False,prompt_payer
INV9000029,B009,B009-C1001,IT Client 001,IT & Business Services,30,273890.68,2025-06-01,2025-07-01,closed,2025-07-03,32,2,False,True,prompt_payer
INV9000030,B009,B009-C1001,IT Client 001,IT & Business Services,30,125868.83,2025-06-10,2025-07-10,closed,2025-07-04,24,-6,False,False,prompt_payer
INV9000031,B009,B009-C1001,IT Client 001,IT & Business Services,30,97226.78,2025-06-25,2025-07-25,closed,2025-07-24,29,-1,False,False,prompt_payer
INV9000032,B009,B009-C1001,IT Client 001,IT & Business Services,30,81752.29,2025-08-20,2025-09-19,closed,2025-09-17,28,-2,False,False,prompt_payer
INV9000033,B009,B009-C1001,IT Client 001,IT & Business Services,30,192207.59,2025-08-27,2025-09-26,closed,2025-09-20,24,-6,True,False,prompt_payer
INV9000034,B009,B009-C1001,IT Client 001,IT & Business Services,30,156267.0,2025-09-11,2025-10-11,closed,2025-10-08,27,-3,False,False,prompt_payer
INV9000035,B009,B009-C1001,IT Client 001,IT & Business Services,30,51823.91,2025-11-25,2025-12-25,closed,2025-12-21,26,-4,False,False,prompt_payer
INV9000036,B009,B009-C1001,IT Client 001,IT & Business Services,30,89634.21,2026-01-04,2026-02-03,closed,2026-02-06,33,3,False,False,prompt_payer
INV9000037,B009,B009-C1001,IT Client 001,IT & Business Services,30,109492.29,2026-01-07,2026-02-06,closed,2026-02-03,27,-3,False,False,prompt_payer
INV9000038,B009,B009-C1001,IT Client 001,IT & Business Services,30,123835.11,2026-01-19,2026-02-18,closed,2026-02-12,24,-6,False,False,prompt_payer
INV9000039,B009,B009-C1001,IT Client 001,IT & Business Services,30,58012.4,2026-02-25,2026-03-27,closed,2026-03-26,29,-1,False,False,prompt_payer
INV9000040,B009,B009-C1001,IT Client 001,IT & Business Services,30,99384.38,2026-03-01,2026-03-31,closed,2026-03-30,29,-1,False,False,prompt_payer
INV9000041,B009,B009-C1001,IT Client 001,IT & Business Services,30,92631.43,2026-03-07,2026-04-06,closed,2026-04-15,39,9,False,False,prompt_payer
INV9000042,B009,B009-C1001,IT Client 001,IT & Business Services,30,66789.76,2026-03-11,2026-04-10,closed,2026-04-17,37,7,False,False,prompt_payer
INV9000043,B009,B009-C1001,IT Client 001,IT & Business Services,30,111485.92,2026-05-19,2026-06-18,closed,2026-06-19,31,1,False,False,prompt_payer
INV9000044,B009,B009-C1001,IT Client 001,IT & Business Services,30,72400.62,2026-05-28,2026-06-27,closed,2026-06-24,27,-3,False,False,prompt_payer
INV9000045,B009,B009-C1001,IT Client 001,IT & Business Services,30,84761.16,2026-06-12,2026-07-12,closed,2026-07-20,38,8,False,False,prompt_payer
INV9000046,B009,B009-C1001,IT Client 001,IT & Business Services,30,62457.36,2026-07-07,2026-08-06,closed,2026-08-07,31,1,False,False,prompt_payer
INV9000047,B009,B009-C1001,IT Client 001,IT & Business Services,30,99916.32,2026-07-12,2026-08-11,closed,2026-08-04,23,-7,False,False,prompt_payer
INV9000048,B009,B009-C1001,IT Client 001,IT & Business Services,30,101098.83,2026-08-25,2026-09-24,disputed_open,,,,False,False,prompt_payer
INV9000049,B009,B009-C1002,Pharma Client 002,Pharma & Healthcare,45,60152.86,2024-05-20,2024-07-04,closed,2024-07-08,49,4,False,False,prompt_payer
INV9000050,B009,B009-C1002,Pharma Client 002,Pharma & Healthcare,45,64809.22,2024-09-30,2024-11-14,closed,2024-11-09,40,-5,False,False,prompt_payer
INV9000051,B009,B009-C1002,Pharma Client 002,Pharma & Healthcare,45,42183.64,2024-12-18,2025-02-01,closed,2025-01-27,40,-5,False,False,prompt_payer
INV9000052,B009,B009-C1002,Pharma Client 002,Pharma & Healthcare,45,79430.35,2024-12-24,2025-02-07,closed,2025-02-05,43,-2,False,False,prompt_payer
INV9000053,B009,B009-C1002,Pharma Client 002,Pharma & Healthcare,45,42278.06,2024-12-26,2025-02-09,closed,2025-02-08,44,-1,False,False,prompt_payer
INV9000054,B009,B009-C1002,Pharma Client 002,Pharma & Healthcare,45,93069.02,2025-02-07,2025-03-24,closed,2025-03-26,47,2,False,False,prompt_payer
INV9000055,B009,B009-C1002,Pharma Client 002,Pharma & Healthcare,45,59603.03,2025-03-03,2025-04-17,open,,,,False,False,prompt_payer
INV9000056,B009,B009-C1002,Pharma Client 002,Pharma & Healthcare,45,42123.28,2025-03-24,2025-05-08,closed,2025-05-07,44,-1,False,False,prompt_payer
INV9000057,B009,B009-C1002,Pharma Client 002,Pharma & Healthcare,45,95528.01,2025-06-20,2025-08-04,closed,2025-07-29,39,-6,False,False,prompt_payer
INV9000058,B009,B009-C1002,Pharma Client 002,Pharma & Healthcare,45,66996.76,2025-09-04,2025-10-19,closed,2025-10-23,49,4,False,False,prompt_payer
INV9000059,B009,B009-C1002,Pharma Client 002,Pharma & Healthcare,45,73752.59,2025-09-09,2025-10-24,closed,2025-10-22,43,-2,False,False,prompt_payer
INV9000060,B009,B009-C1002,Pharma Client 002,Pharma & Healthcare,45,81965.49,2025-09-19,2025-11-03,closed,2025-11-03,45,0,False,False,prompt_payer
INV9000061,B009,B009-C1002,Pharma Client 002,Pharma & Healthcare,45,55711.91,2025-09-24,2025-11-08,closed,2025-11-08,45,0,False,False,prompt_payer
INV9000062,B009,B009-C1002,Pharma Client 002,Pharma & Healthcare,45,53373.91,2025-11-12,2025-12-27,closed,2026-01-03,52,7,False,False,prompt_payer
INV9000063,B009,B009-C1002,Pharma Client 002,Pharma & Healthcare,45,71143.43,2026-01-09,2026-02-23,closed,2026-02-16,38,-7,False,False,prompt_payer
INV9000064,B009,B009-C1002,Pharma Client 002,Pharma & Healthcare,45,97784.16,2026-01-17,2026-03-03,closed,2026-03-02,44,-1,False,False,prompt_payer
INV9000065,B009,B009-C1002,Pharma Client 002,Pharma & Healthcare,45,72022.99,2026-02-17,2026-04-03,closed,2026-04-08,50,5,False,False,prompt_payer
INV9000066,B009,B009-C1002,Pharma Client 002,Pharma & Healthcare,45,179645.59,2026-04-03,2026-05-18,closed,2026-05-09,36,-9,False,True,prompt_payer
INV9000067,B009,B009-C1002,Pharma Client 002,Pharma & Healthcare,45,108763.15,2026-05-25,2026-07-09,closed,2026-07-07,43,-2,False,False,prompt_payer
INV9000068,B009,B009-C1003,Electronics Client 003,Electronics & Electricals,60,495722.27,2024-04-26,2024-06-25,closed,2024-07-16,81,21,False,False,seasonal_payer
INV9000069,B009,B009-C1003,Electronics Client 003,Electronics & Electricals,60,397815.19,2024-05-17,2024-07-16,closed,2024-08-07,82,22,False,False,seasonal_payer
INV9000070,B009,B009-C1003,Electronics Client 003,Electronics & Electricals,60,390384.29,2024-05-22,2024-07-21,closed,2024-08-03,73,13,False,False,seasonal_payer
INV9000071,B009,B009-C1003,Electronics Client 003,Electronics & Electricals,60,435844.04,2024-05-22,2024-07-21,closed,2024-08-07,77,17,False,False,seasonal_payer
INV9000072,B009,B009-C1003,Electronics Client 003,Electronics & Electricals,60,453708.22,2024-06-08,2024-08-07,closed,2024-08-17,70,10,False,False,seasonal_payer
INV9000073,B009,B009-C1003,Electronics Client 003,Electronics & Electricals,60,513221.27,2024-06-09,2024-08-08,closed,2024-08-25,77,17,False,False,seasonal_payer
INV9000074,B009,B009-C1003,Electronics Client 003,Electronics & Electricals,60,797013.28,2024-07-11,2024-09-09,closed,2024-09-08,59,-1,False,False,seasonal_payer
INV9000075,B009,B009-C1003,Electronics Client 003,Electronics & Electricals,60,541756.8,2024-07-12,2024-09-10,closed,2024-09-22,72,12,False,False,seasonal_payer
INV9000076,B009,B009-C1003,Electronics Client 003,Electronics & Electricals,60,606288.76,2024-07-17,2024-09-15,closed,2024-09-28,73,13,False,False,seasonal_payer
INV9000077,B009,B009-C1003,Electronics Client 003,Electronics & Electricals,60,253691.35,2024-08-17,2024-10-16,closed,2024-10-23,67,7,False,False,seasonal_payer
INV9000078,B009,B009-C1003,Electronics Client 003,Electronics & Electricals,60,768469.59,2024-08-22,2024-10-21,closed,2024-10-25,64,4,False,False,seasonal_payer
INV9000079,B009,B009-C1003,Electronics Client 003,Electronics & Electricals,60,222598.24,2024-08-31,2024-10-30,closed,2024-11-07,68,8,False,False,seasonal_payer
INV9000080,B009,B009-C1003,Electronics Client 003,Electronics & Electricals,60,518349.82,2024-09-12,2024-11-11,closed,2024-11-15,64,4,False,False,seasonal_payer
INV9000081,B009,B009-C1003,Electronics Client 003,Electronics & Electricals,60,593770.65,2024-10-07,2024-12-06,closed,2024-12-18,72,12,False,False,seasonal_payer
INV9000082,B009,B009-C1003,Electronics Client 003,Electronics & Electricals,60,455124.74,2024-10-19,2024-12-18,closed,2024-12-13,55,-5,False,False,seasonal_payer
INV9000083,B009,B009-C1003,Electronics Client 003,Electronics & Electricals,60,322195.28,2024-10-27,2024-12-26,closed,2024-12-18,52,-8,False,False,seasonal_payer
INV9000084,B009,B009-C1003,Electronics Client 003,Electronics & Electricals,60,967115.47,2024-10-31,2024-12-30,closed,2025-01-03,64,4,False,False,seasonal_payer
INV9000085,B009,B009-C1003,Electronics Client 003,Electronics & Electricals,60,595498.19,2024-11-15,2025-01-14,closed,2025-01-17,63,3,False,False,seasonal_payer
INV9000086,B009,B009-C1003,Electronics Client 003,Electronics & Electricals,60,461934.92,2024-11-30,2025-01-29,closed,2025-01-30,61,1,False,False,seasonal_payer
INV9000087,B009,B009-C1003,Electronics Client 003,Electronics & Electricals,60,795687.22,2024-12-23,2025-02-21,closed,2025-02-23,62,2,False,False,seasonal_payer
INV9000088,B009,B009-C1003,Electronics Client 003,Electronics & Electricals,60,985441.44,2025-01-01,2025-03-02,closed,2025-03-15,73,13,False,False,seasonal_payer
INV9000089,B009,B009-C1003,Electronics Client 003,Electronics & Electricals,60,345849.83,2025-01-23,2025-03-24,closed,2025-04-10,77,17,False,False,seasonal_payer
INV9000090,B009,B009-C1003,Electronics Client 003,Electronics & Electricals,60,493629.84,2025-02-03,2025-04-04,closed,2025-04-11,67,7,False,False,seasonal_payer
INV9000091,B009,B009-C1003,Electronics Client 003,Electronics & Electricals,60,235561.88,2025-02-03,2025-04-04,closed,2025-04-22,78,18,False,False,seasonal_payer
INV9000092,B009,B009-C1003,Electronics Client 003,Electronics & Electricals,60,322665.85,2025-02-06,2025-04-07,closed,2025-04-20,73,13,False,False,seasonal_payer
INV9000093,B009,B009-C1003,Electronics Client 003,Electronics & Electricals,60,454508.81,2025-03-09,2025-05-08,closed,2025-05-25,77,17,False,False,seasonal_payer
INV9000094,B009,B009-C1003,Electronics Client 003,Electronics & Electricals,60,713305.82,2025-03-22,2025-05-21,closed,2025-06-02,72,12,False,False,seasonal_payer
INV9000095,B009,B009-C1003,Electronics Client 003,Electronics & Electricals,60,555219.68,2025-03-31,2025-05-30,closed,2025-06-11,72,12,False,False,seasonal_payer
INV9000096,B009,B009-C1003,Electronics Client 003,Electronics & Electricals,60,1128721.6,2025-04-25,2025-06-24,closed,2025-07-17,83,23,False,False,seasonal_payer
INV9000097,B009,B009-C1003,Electronics Client 003,Electronics & Electricals,60,541153.64,2025-05-08,2025-07-07,closed,2025-07-17,70,10,False,False,seasonal_payer
INV9000098,B009,B009-C1003,Electronics Client 003,Electronics & Electricals,60,689697.43,2025-05-23,2025-07-22,closed,2025-08-06,75,15,False,True,seasonal_payer
INV9000099,B009,B009-C1003,Electronics Client 003,Electronics & Electricals,60,356556.94,2025-08-13,2025-10-12,closed,2025-10-24,72,12,False,False,seasonal_payer
INV9000100,B009,B009-C1003,Electronics Client 003,Electronics & Electricals,60,706281.24,2025-08-24,2025-10-23,open,,,,False,False,seasonal_payer
INV9000101,B009,B009-C1003,Electronics Client 003,Electronics & Electricals,60,581370.02,2025-08-30,2025-10-29,closed,2025-11-01,63,3,False,False,seasonal_payer
INV9000102,B009,B009-C1003,Electronics Client 003,Electronics & Electricals,60,412875.79,2025-10-29,2025-12-28,closed,2025-12-27,59,-1,False,False,seasonal_payer
INV9000103,B009,B009-C1003,Electronics Client 003,Electronics & Electricals,60,628895.5,2025-12-03,2026-02-01,closed,2026-02-11,70,10,False,False,seasonal_payer
INV9000104,B009,B009-C1003,Electronics Client 003,Electronics & Electricals,60,560554.45,2025-12-18,2026-02-16,closed,2026-02-21,65,5,False,False,seasonal_payer
INV9000105,B009,B009-C1003,Electronics Client 003,Electronics & Electricals,60,557143.94,2025-12-25,2026-02-23,closed,2026-02-25,62,2,False,False,seasonal_payer
INV9000106,B009,B009-C1003,Electronics Client 003,Electronics & Electricals,60,234794.28,2025-12-27,2026-02-25,closed,2026-02-24,59,-1,True,False,seasonal_payer
INV9000107,B009,B009-C1003,Electronics Client 003,Electronics & Electricals,60,465178.87,2026-01-23,2026-03-24,closed,2026-04-03,70,10,False,False,seasonal_payer
INV9000108,B009,B009-C1003,Electronics Client 003,Electronics & Electricals,60,263534.72,2026-03-22,2026-05-21,closed,2026-06-02,72,12,False,False,seasonal_payer
INV9000109,B009,B009-C1003,Electronics Client 003,Electronics & Electricals,60,293151.58,2026-03-26,2026-05-25,closed,2026-06-06,72,12,False,False,seasonal_payer
INV9000110,B009,B009-C1003,Electronics Client 003,Electronics & Electricals,60,615452.58,2026-04-05,2026-06-04,closed,2026-06-13,69,9,False,False,seasonal_payer
INV9000111,B009,B009-C1003,Electronics Client 003,Electronics & Electricals,60,441967.1,2026-04-10,2026-06-09,closed,2026-06-21,72,12,False,False,seasonal_payer
INV9000112,B009,B009-C1003,Electronics Client 003,Electronics & Electricals,60,492928.05,2026-05-18,2026-07-17,closed,2026-07-27,70,10,False,False,seasonal_payer
INV9000113,B009,B009-C1003,Electronics Client 003,Electronics & Electricals,60,603751.93,2026-06-01,2026-07-31,closed,2026-08-17,77,17,False,False,seasonal_payer
INV9000114,B009,B009-C1003,Electronics Client 003,Electronics & Electricals,60,344650.7,2026-06-05,2026-08-04,closed,2026-08-17,73,13,False,False,seasonal_payer
INV9000115,B009,B009-C1003,Electronics Client 003,Electronics & Electricals,60,326367.49,2026-07-26,2026-09-24,disputed_open,,,,False,False,seasonal_payer
INV9000116,B009,B009-C1003,Electronics Client 003,Electronics & Electricals,60,420787.58,2026-07-31,2026-09-29,open,,,,False,False,seasonal_payer
INV9000117,B009,B009-C1003,Electronics Client 003,Electronics & Electricals,60,438234.77,2026-08-16,2026-10-15,open,,,,False,False,seasonal_payer
INV9000118,B009,B009-C1003,Electronics Client 003,Electronics & Electricals,60,373069.95,2026-08-18,2026-10-17,open,,,,False,False,seasonal_payer
INV9000119,B009,B009-C1003,Electronics Client 003,Electronics & Electricals,60,415767.03,2026-08-28,2026-10-27,open,,,,False,False,seasonal_payer
INV9000120,B009,B009-C1004,Auto Client 004,Auto Components,30,169499.18,2024-04-13,2024-05-13,closed,2024-05-16,33,3,False,False,prompt_payer
INV9000121,B009,B009-C1004,Auto Client 004,Auto Components,30,159515.55,2024-11-17,2024-12-17,closed,2024-12-17,30,0,False,False,prompt_payer
INV9000122,B009,B009-C1004,Auto Client 004,Auto Components,30,152027.86,2025-02-17,2025-03-19,closed,2025-03-20,31,1,False,False,prompt_payer
INV9000123,B009,B009-C1004,Auto Client 004,Auto Components,30,96513.4,2025-03-02,2025-04-01,closed,2025-03-30,28,-2,False,False,prompt_payer
INV9000124,B009,B009-C1004,Auto Client 004,Auto Components,30,166606.27,2025-04-06,2025-05-06,open,,,,False,False,prompt_payer
INV9000125,B009,B009-C1004,Auto Client 004,Auto Components,30,177667.41,2025-05-10,2025-06-09,closed,2025-06-05,26,-4,False,False,prompt_payer
INV9000126,B009,B009-C1004,Auto Client 004,Auto Components,30,254073.96,2025-05-22,2025-06-21,closed,2025-06-19,28,-2,False,False,prompt_payer
INV9000127,B009,B009-C1004,Auto Client 004,Auto Components,30,141919.39,2025-10-14,2025-11-13,closed,2025-11-13,30,0,False,False,prompt_payer
INV9000128,B009,B009-C1004,Auto Client 004,Auto Components,30,78738.5,2026-07-24,2026-08-23,closed,2026-08-27,34,4,False,False,prompt_payer
INV9000129,B009,B009-C1005,Auto Client 005,Auto Components,60,118422.77,2024-04-17,2024-06-16,closed,2024-06-27,71,11,False,False,average_payer
INV9000130,B009,B009-C1005,Auto Client 005,Auto Components,60,209947.02,2024-05-07,2024-07-06,closed,2024-07-14,68,8,False,False,average_payer
INV9000131,B009,B009-C1005,Auto Client 005,Auto Components,60,183234.74,2024-07-12,2024-09-10,closed,2024-09-22,72,12,False,False,average_payer
INV9000132,B009,B009-C1005,Auto Client 005,Auto Components,60,188338.75,2024-08-24,2024-10-23,closed,2024-10-30,67,7,False,False,average_payer
INV9000133,B009,B009-C1005,Auto Client 005,Auto Components,60,195489.83,2024-10-02,2024-12-01,closed,2024-12-15,74,14,False,False,average_payer
INV9000134,B009,B009-C1005,Auto Client 005,Auto Components,60,240033.93,2024-11-02,2025-01-01,closed,2025-01-13,72,12,False,False,average_payer
INV9000135,B009,B009-C1005,Auto Client 005,Auto Components,60,101592.56,2025-01-06,2025-03-07,closed,2025-03-21,74,14,False,False,average_payer
INV9000136,B009,B009-C1005,Auto Client 005,Auto Components,60,150217.17,2025-01-28,2025-03-29,closed,2025-04-14,76,16,False,False,average_payer
INV9000137,B009,B009-C1005,Auto Client 005,Auto Components,60,263907.75,2025-01-28,2025-03-29,closed,2025-03-28,59,-1,False,False,average_payer
INV9000138,B009,B009-C1005,Auto Client 005,Auto Components,60,121356.56,2025-02-07,2025-04-08,closed,2025-04-19,71,11,False,False,average_payer
INV9000139,B009,B009-C1005,Auto Client 005,Auto Components,60,216691.4,2025-04-12,2025-06-11,closed,2025-06-19,68,8,False,False,average_payer
INV9000140,B009,B009-C1005,Auto Client 005,Auto Components,60,120640.81,2025-05-25,2025-07-24,closed,2025-07-30,66,6,False,False,average_payer
INV9000141,B009,B009-C1005,Auto Client 005,Auto Components,60,121719.85,2025-05-30,2025-07-29,closed,2025-07-31,62,2,False,False,average_payer
INV9000142,B009,B009-C1005,Auto Client 005,Auto Components,60,142801.28,2025-07-18,2025-09-16,closed,2025-09-23,67,7,False,False,average_payer
INV9000143,B009,B009-C1005,Auto Client 005,Auto Components,60,186696.33,2025-08-04,2025-10-03,closed,2025-10-12,69,9,False,False,average_payer
INV9000144,B009,B009-C1005,Auto Client 005,Auto Components,60,341049.43,2025-08-15,2025-10-14,closed,2025-10-03,49,-11,False,False,average_payer
INV9000145,B009,B009-C1005,Auto Client 005,Auto Components,60,200959.23,2025-08-30,2025-10-29,closed,2025-11-05,67,7,False,False,average_payer
INV9000146,B009,B009-C1005,Auto Client 005,Auto Components,60,712918.06,2025-09-06,2025-11-05,closed,2025-11-11,66,6,False,True,average_payer
INV9000147,B009,B009-C1005,Auto Client 005,Auto Components,60,131749.89,2025-09-19,2025-11-18,closed,2025-11-23,65,5,False,False,average_payer
INV9000148,B009,B009-C1005,Auto Client 005,Auto Components,60,164383.21,2025-10-19,2025-12-18,closed,2025-12-23,65,5,False,False,average_payer
INV9000149,B009,B009-C1005,Auto Client 005,Auto Components,60,146527.99,2025-10-26,2025-12-25,closed,2025-12-25,60,0,False,False,average_payer
INV9000150,B009,B009-C1005,Auto Client 005,Auto Components,60,151924.56,2025-11-02,2026-01-01,closed,2026-01-02,61,1,False,False,average_payer
INV9000151,B009,B009-C1005,Auto Client 005,Auto Components,60,215851.13,2025-11-14,2026-01-13,closed,2026-01-13,60,0,False,False,average_payer
INV9000152,B009,B009-C1005,Auto Client 005,Auto Components,60,147270.4,2025-12-22,2026-02-20,closed,2026-02-13,53,-7,False,False,average_payer
INV9000153,B009,B009-C1005,Auto Client 005,Auto Components,60,191293.98,2025-12-25,2026-02-23,closed,2026-02-24,61,1,False,False,average_payer
INV9000154,B009,B009-C1005,Auto Client 005,Auto Components,60,147367.01,2026-01-06,2026-03-07,closed,2026-03-16,69,9,False,False,average_payer
INV9000155,B009,B009-C1005,Auto Client 005,Auto Components,60,280719.86,2026-02-20,2026-04-21,closed,2026-05-02,71,11,False,False,average_payer
INV9000156,B009,B009-C1005,Auto Client 005,Auto Components,60,255971.81,2026-03-03,2026-05-02,closed,2026-05-04,62,2,False,False,average_payer
INV9000157,B009,B009-C1005,Auto Client 005,Auto Components,60,184800.42,2026-05-02,2026-07-01,closed,2026-06-29,58,-2,False,False,average_payer
INV9000158,B009,B009-C1005,Auto Client 005,Auto Components,60,110137.02,2026-05-22,2026-07-21,closed,2026-07-15,54,-6,False,False,average_payer
INV9000159,B009,B009-C1005,Auto Client 005,Auto Components,60,112572.62,2026-07-20,2026-09-18,disputed_open,,,,False,False,average_payer
INV9000160,B009,B009-C1005,Auto Client 005,Auto Components,60,141057.7,2026-08-03,2026-10-02,open,,,,False,False,average_payer
INV9000161,B009,B009-C1005,Auto Client 005,Auto Components,60,149599.58,2026-08-25,2026-10-24,disputed_open,,,,False,False,average_payer
INV9000162,B009,B009-C1006,Retail Client 006,Retail & Distribution,30,53598.57,2024-08-28,2024-09-27,closed,2024-09-27,30,0,False,False,average_payer
INV9000163,B009,B009-C1006,Retail Client 006,Retail & Distribution,30,40398.49,2024-09-21,2024-10-21,closed,2024-10-28,37,7,False,False,average_payer
INV9000164,B009,B009-C1006,Retail Client 006,Retail & Distribution,30,59594.67,2025-01-11,2025-02-10,closed,2025-02-17,37,7,False,False,average_payer
INV9000165,B009,B009-C1006,Retail Client 006,Retail & Distribution,30,47633.95,2025-01-19,2025-02-18,closed,2025-03-10,50,20,False,False,average_payer
INV9000166,B009,B009-C1006,Retail Client 006,Retail & Distribution,30,31961.16,2025-02-28,2025-03-30,closed,2025-03-24,24,-6,False,False,average_payer
INV9000167,B009,B009-C1006,Retail Client 006,Retail & Distribution,30,28250.17,2025-03-16,2025-04-15,closed,2025-04-18,33,3,False,False,average_payer
INV9000168,B009,B009-C1006,Retail Client 006,Retail & Distribution,30,52809.94,2025-08-05,2025-09-04,closed,2025-09-17,43,13,False,False,average_payer
INV9000169,B009,B009-C1006,Retail Client 006,Retail & Distribution,30,46616.01,2025-09-21,2025-10-21,closed,2025-10-31,40,10,False,False,average_payer
INV9000170,B009,B009-C1006,Retail Client 006,Retail & Distribution,30,68671.73,2025-10-17,2025-11-16,closed,2025-11-24,38,8,False,False,average_payer
INV9000171,B009,B009-C1006,Retail Client 006,Retail & Distribution,30,38564.1,2025-10-21,2025-11-20,closed,2025-11-16,26,-4,False,False,average_payer
INV9000172,B009,B009-C1006,Retail Client 006,Retail & Distribution,30,52022.57,2025-12-29,2026-01-28,closed,2026-02-05,38,8,False,False,average_payer
INV9000173,B009,B009-C1006,Retail Client 006,Retail & Distribution,30,37165.5,2026-04-26,2026-05-26,closed,2026-05-28,32,2,False,False,average_payer
INV9000174,B009,B009-C1006,Retail Client 006,Retail & Distribution,30,50763.21,2026-04-29,2026-05-29,closed,2026-06-01,33,3,False,False,average_payer
INV9000175,B009,B009-C1006,Retail Client 006,Retail & Distribution,30,54419.19,2026-08-06,2026-09-05,open,,,,False,False,average_payer
INV9000176,B009,B009-C1006,Retail Client 006,Retail & Distribution,30,35251.85,2026-08-27,2026-09-26,open,,,,False,False,average_payer
INV9000177,B009,B009-C1007,Textiles Client 007,Textiles & Apparel,60,16924.7,2024-03-21,2024-05-20,closed,2024-05-17,57,-3,False,False,erratic_payer
INV9000178,B009,B009-C1007,Textiles Client 007,Textiles & Apparel,60,16884.94,2024-04-17,2024-06-16,closed,2024-06-24,68,8,False,False,erratic_payer
INV9000179,B009,B009-C1007,Textiles Client 007,Textiles & Apparel,60,32363.84,2024-05-26,2024-07-25,closed,2024-08-03,69,9,False,False,erratic_payer
INV9000180,B009,B009-C1007,Textiles Client 007,Textiles & Apparel,60,21948.61,2024-06-23,2024-08-22,closed,2024-12-12,172,112,False,False,erratic_payer
INV9000181,B009,B009-C1007,Textiles Client 007,Textiles & Apparel,60,17455.18,2024-07-14,2024-09-12,closed,2024-09-28,76,16,False,False,erratic_payer
INV9000182,B009,B009-C1007,Textiles Client 007,Textiles & Apparel,60,16019.04,2024-08-08,2024-10-07,closed,2024-10-19,72,12,False,False,erratic_payer
INV9000183,B009,B009-C1007,Textiles Client 007,Textiles & Apparel,60,16885.49,2024-08-21,2024-10-20,closed,2024-10-23,63,3,False,False,erratic_payer
INV9000184,B009,B009-C1007,Textiles Client 007,Textiles & Apparel,60,9204.39,2024-09-20,2024-11-19,closed,2024-11-26,67,7,False,False,erratic_payer
INV9000185,B009,B009-C1007,Textiles Client 007,Textiles & Apparel,60,20344.01,2024-11-06,2025-01-05,open,,,,False,False,erratic_payer
INV9000186,B009,B009-C1007,Textiles Client 007,Textiles & Apparel,60,23069.1,2024-11-06,2025-01-05,closed,2025-01-13,68,8,False,False,erratic_payer
INV9000187,B009,B009-C1007,Textiles Client 007,Textiles & Apparel,60,12528.31,2024-12-01,2025-01-30,open,,,,False,False,erratic_payer
INV9000188,B009,B009-C1007,Textiles Client 007,Textiles & Apparel,60,14888.08,2025-01-11,2025-03-12,closed,2025-03-11,59,-1,False,False,erratic_payer
INV9000189,B009,B009-C1007,Textiles Client 007,Textiles & Apparel,60,29359.88,2025-02-02,2025-04-03,closed,2025-04-06,63,3,False,False,erratic_payer
INV9000190,B009,B009-C1007,Textiles Client 007,Textiles & Apparel,60,22691.98,2025-02-23,2025-04-24,closed,2025-04-27,63,3,False,False,erratic_payer
INV9000191,B009,B009-C1007,Textiles Client 007,Textiles & Apparel,60,18807.32,2025-03-04,2025-05-03,closed,2025-06-05,93,33,False,False,erratic_payer
INV9000192,B009,B009-C1007,Textiles Client 007,Textiles & Apparel,60,16191.2,2025-04-14,2025-06-13,closed,2025-06-24,71,11,False,False,erratic_payer
INV9000193,B009,B009-C1007,Textiles Client 007,Textiles & Apparel,60,33338.52,2025-04-19,2025-06-18,closed,2025-06-29,71,11,False,False,erratic_payer
INV9000194,B009,B009-C1007,Textiles Client 007,Textiles & Apparel,60,26827.45,2025-06-03,2025-08-02,open,,,,False,False,erratic_payer
INV9000195,B009,B009-C1007,Textiles Client 007,Textiles & Apparel,60,37564.26,2025-06-05,2025-08-04,closed,2025-08-11,67,7,False,False,erratic_payer
INV9000196,B009,B009-C1007,Textiles Client 007,Textiles & Apparel,60,21867.63,2025-06-15,2025-08-14,closed,2025-08-13,59,-1,False,False,erratic_payer
INV9000197,B009,B009-C1007,Textiles Client 007,Textiles & Apparel,60,12424.28,2025-06-26,2025-08-25,closed,2025-08-31,66,6,False,False,erratic_payer
INV9000198,B009,B009-C1007,Textiles Client 007,Textiles & Apparel,60,30519.01,2025-07-11,2025-09-09,closed,2025-09-12,63,3,False,False,erratic_payer
INV9000199,B009,B009-C1007,Textiles Client 007,Textiles & Apparel,60,14516.0,2025-08-10,2025-10-09,closed,2025-12-08,120,60,False,False,erratic_payer
INV9000200,B009,B009-C1007,Textiles Client 007,Textiles & Apparel,60,26627.72,2025-08-17,2025-10-16,closed,2025-10-23,67,7,False,False,erratic_payer
INV9000201,B009,B009-C1007,Textiles Client 007,Textiles & Apparel,60,19441.5,2025-08-22,2025-10-21,closed,2025-10-29,68,8,False,False,erratic_payer
INV9000202,B009,B009-C1007,Textiles Client 007,Textiles & Apparel,60,14903.38,2025-08-23,2025-10-22,closed,2025-11-06,75,15,False,False,erratic_payer
INV9000203,B009,B009-C1007,Textiles Client 007,Textiles & Apparel,60,17223.96,2025-09-03,2025-11-02,closed,2025-10-29,56,-4,False,False,erratic_payer
INV9000204,B009,B009-C1007,Textiles Client 007,Textiles & Apparel,60,19259.34,2025-09-12,2025-11-11,closed,2025-11-13,62,2,False,False,erratic_payer
INV9000205,B009,B009-C1007,Textiles Client 007,Textiles & Apparel,60,17746.54,2025-10-01,2025-11-30,closed,2025-12-02,62,2,False,False,erratic_payer
INV9000206,B009,B009-C1007,Textiles Client 007,Textiles & Apparel,60,16475.41,2025-11-24,2026-01-23,closed,2026-01-29,66,6,False,False,erratic_payer
INV9000207,B009,B009-C1007,Textiles Client 007,Textiles & Apparel,60,18160.3,2025-11-24,2026-01-23,closed,2026-01-15,52,-8,False,False,erratic_payer
INV9000208,B009,B009-C1007,Textiles Client 007,Textiles & Apparel,60,25021.52,2025-11-24,2026-01-23,open,,,,False,False,erratic_payer
INV9000209,B009,B009-C1007,Textiles Client 007,Textiles & Apparel,60,18044.82,2025-12-08,2026-02-06,closed,2026-02-24,78,18,False,False,erratic_payer
INV9000210,B009,B009-C1007,Textiles Client 007,Textiles & Apparel,60,27200.07,2025-12-31,2026-03-01,closed,2026-03-02,61,1,False,False,erratic_payer
INV9000211,B009,B009-C1007,Textiles Client 007,Textiles & Apparel,60,21347.62,2026-01-06,2026-03-07,closed,2026-03-11,64,4,False,False,erratic_payer
INV9000212,B009,B009-C1007,Textiles Client 007,Textiles & Apparel,60,13197.77,2026-01-23,2026-03-24,closed,2026-03-31,67,7,False,False,erratic_payer
INV9000213,B009,B009-C1007,Textiles Client 007,Textiles & Apparel,60,20819.4,2026-01-28,2026-03-29,closed,2026-04-01,63,3,False,False,erratic_payer
INV9000214,B009,B009-C1007,Textiles Client 007,Textiles & Apparel,60,20935.9,2026-02-27,2026-04-28,closed,2026-03-15,16,-44,True,False,erratic_payer
INV9000215,B009,B009-C1007,Textiles Client 007,Textiles & Apparel,60,40124.61,2026-03-22,2026-05-21,closed,2026-05-26,65,5,False,False,erratic_payer
INV9000216,B009,B009-C1007,Textiles Client 007,Textiles & Apparel,60,20087.24,2026-04-09,2026-06-08,closed,2026-06-16,68,8,False,False,erratic_payer
INV9000217,B009,B009-C1007,Textiles Client 007,Textiles & Apparel,60,16905.31,2026-05-13,2026-07-12,closed,2026-07-28,76,16,False,False,erratic_payer
INV9000218,B009,B009-C1007,Textiles Client 007,Textiles & Apparel,60,25617.35,2026-06-12,2026-08-11,closed,2026-08-20,69,9,False,False,erratic_payer
INV9000219,B009,B009-C1007,Textiles Client 007,Textiles & Apparel,60,20959.23,2026-07-04,2026-09-02,disputed_open,,,,False,False,erratic_payer
INV9000220,B009,B009-C1007,Textiles Client 007,Textiles & Apparel,60,19324.16,2026-07-05,2026-09-03,open,,,,False,False,erratic_payer
INV9000221,B009,B009-C1007,Textiles Client 007,Textiles & Apparel,60,15360.91,2026-07-12,2026-09-10,open,,,,False,False,erratic_payer
INV9000222,B009,B009-C1007,Textiles Client 007,Textiles & Apparel,60,36077.66,2026-07-19,2026-09-17,open,,,,False,False,erratic_payer
INV9000223,B009,B009-C1007,Textiles Client 007,Textiles & Apparel,60,13942.77,2026-07-21,2026-09-19,open,,,,False,False,erratic_payer
INV9000224,B009,B009-C1007,Textiles Client 007,Textiles & Apparel,60,18591.17,2026-08-02,2026-10-01,open,,,,False,False,erratic_payer
INV9000225,B009,B009-C1008,Retail Client 008,Retail & Distribution,45,72418.52,2024-04-08,2024-05-23,closed,2024-05-26,48,3,False,False,average_payer
INV9000226,B009,B009-C1008,Retail Client 008,Retail & Distribution,45,122008.99,2024-04-10,2024-05-25,closed,2024-06-03,54,9,False,False,average_payer
INV9000227,B009,B009-C1008,Retail Client 008,Retail & Distribution,45,53805.29,2024-05-15,2024-06-29,closed,2024-07-09,55,10,False,False,average_payer
INV9000228,B009,B009-C1008,Retail Client 008,Retail & Distribution,45,67311.14,2024-06-21,2024-08-05,closed,2024-08-07,47,2,False,False,average_payer
INV9000229,B009,B009-C1008,Retail Client 008,Retail & Distribution,45,96943.34,2024-07-05,2024-08-19,closed,2024-09-01,58,13,False,False,average_payer
INV9000230,B009,B009-C1008,Retail Client 008,Retail & Distribution,45,66859.82,2024-07-23,2024-09-06,closed,2024-09-08,47,2,False,False,average_payer
INV9000231,B009,B009-C1008,Retail Client 008,Retail & Distribution,45,57506.25,2024-08-13,2024-09-27,closed,2024-10-07,55,10,False,False,average_payer
INV9000232,B009,B009-C1008,Retail Client 008,Retail & Distribution,45,65889.51,2024-09-14,2024-10-29,closed,2024-11-11,58,13,False,False,average_payer
INV9000233,B009,B009-C1008,Retail Client 008,Retail & Distribution,45,76179.44,2024-09-15,2024-10-30,closed,2024-11-05,51,6,False,False,average_payer
INV9000234,B009,B009-C1008,Retail Client 008,Retail & Distribution,45,66089.95,2024-09-25,2024-11-09,closed,2024-11-17,53,8,False,False,average_payer
INV9000235,B009,B009-C1008,Retail Client 008,Retail & Distribution,45,48312.59,2024-10-10,2024-11-24,closed,2024-11-29,50,5,True,False,average_payer
INV9000236,B009,B009-C1008,Retail Client 008,Retail & Distribution,45,90133.19,2024-10-27,2024-12-11,closed,2024-12-11,45,0,False,False,average_payer
INV9000237,B009,B009-C1008,Retail Client 008,Retail & Distribution,45,72289.44,2024-11-22,2025-01-06,closed,2025-01-07,46,1,False,False,average_payer
INV9000238,B009,B009-C1008,Retail Client 008,Retail & Distribution,45,59479.64,2024-12-19,2025-02-02,closed,2025-02-11,54,9,False,False,average_payer
INV9000239,B009,B009-C1008,Retail Client 008,Retail & Distribution,45,68901.61,2024-12-27,2025-02-10,closed,2025-02-15,50,5,False,False,average_payer
INV9000240,B009,B009-C1008,Retail Client 008,Retail & Distribution,45,47700.09,2025-01-18,2025-03-04,closed,2025-03-11,52,7,False,False,average_payer
INV9000241,B009,B009-C1008,Retail Client 008,Retail & Distribution,45,119127.71,2025-03-01,2025-04-15,closed,2025-04-14,44,-1,False,False,average_payer
INV9000242,B009,B009-C1008,Retail Client 008,Retail & Distribution,45,59310.37,2025-03-06,2025-04-20,closed,2025-04-25,50,5,False,False,average_payer
INV9000243,B009,B009-C1008,Retail Client 008,Retail & Distribution,45,642621.65,2025-03-08,2025-04-22,closed,2025-04-25,48,3,False,True,average_payer
INV9000244,B009,B009-C1008,Retail Client 008,Retail & Distribution,45,106925.48,2025-03-16,2025-04-30,closed,2025-05-05,50,5,False,False,average_payer
INV9000245,B009,B009-C1008,Retail Client 008,Retail & Distribution,45,100263.23,2025-04-11,2025-05-26,closed,2025-06-16,66,21,True,False,average_payer
INV9000246,B009,B009-C1008,Retail Client 008,Retail & Distribution,45,53433.79,2025-05-09,2025-06-23,closed,2025-07-05,57,12,False,False,average_payer
INV9000247,B009,B009-C1008,Retail Client 008,Retail & Distribution,45,206051.21,2025-05-24,2025-07-08,closed,2025-07-12,49,4,False,False,average_payer
INV9000248,B009,B009-C1008,Retail Client 008,Retail & Distribution,45,166501.93,2025-06-10,2025-07-25,closed,2025-08-01,52,7,False,True,average_payer
INV9000249,B009,B009-C1008,Retail Client 008,Retail & Distribution,45,102782.28,2025-06-15,2025-07-30,closed,2025-07-31,46,1,False,False,average_payer
INV9000250,B009,B009-C1008,Retail Client 008,Retail & Distribution,45,66201.1,2025-06-23,2025-08-07,closed,2025-08-15,53,8,False,False,average_payer
INV9000251,B009,B009-C1008,Retail Client 008,Retail & Distribution,45,44992.98,2025-07-06,2025-08-20,closed,2025-08-16,41,-4,False,False,average_payer
INV9000252,B009,B009-C1008,Retail Client 008,Retail & Distribution,45,74025.28,2025-07-12,2025-08-26,closed,2025-08-19,38,-7,False,False,average_payer
INV9000253,B009,B009-C1008,Retail Client 008,Retail & Distribution,45,70735.03,2025-07-17,2025-08-31,closed,2025-09-13,58,13,False,False,average_payer
INV9000254,B009,B009-C1008,Retail Client 008,Retail & Distribution,45,77326.89,2025-07-27,2025-09-10,closed,2025-09-03,38,-7,False,False,average_payer
INV9000255,B009,B009-C1008,Retail Client 008,Retail & Distribution,45,66261.65,2025-08-07,2025-09-21,closed,2025-10-04,58,13,False,False,average_payer
INV9000256,B009,B009-C1008,Retail Client 008,Retail & Distribution,45,163708.69,2025-08-21,2025-10-05,closed,2025-10-11,51,6,False,True,average_payer
INV9000257,B009,B009-C1008,Retail Client 008,Retail & Distribution,45,66759.27,2025-11-03,2025-12-18,closed,2026-01-02,60,15,False,False,average_payer
INV9000258,B009,B009-C1008,Retail Client 008,Retail & Distribution,45,98552.77,2025-12-01,2026-01-15,closed,2026-01-16,46,1,False,False,average_payer
INV9000259,B009,B009-C1008,Retail Client 008,Retail & Distribution,45,70401.88,2026-01-08,2026-02-22,closed,2026-02-26,49,4,False,False,average_payer
INV9000260,B009,B009-C1008,Retail Client 008,Retail & Distribution,45,94146.8,2026-01-08,2026-02-22,closed,2026-02-21,44,-1,False,False,average_payer
INV9000261,B009,B009-C1008,Retail Client 008,Retail & Distribution,45,82405.72,2026-01-16,2026-03-02,closed,2026-03-13,56,11,False,False,average_payer
INV9000262,B009,B009-C1008,Retail Client 008,Retail & Distribution,45,97036.92,2026-01-29,2026-03-15,closed,2026-03-11,41,-4,False,False,average_payer
INV9000263,B009,B009-C1008,Retail Client 008,Retail & Distribution,45,49596.29,2026-02-15,2026-04-01,closed,2026-04-04,48,3,True,False,average_payer
INV9000264,B009,B009-C1008,Retail Client 008,Retail & Distribution,45,105860.09,2026-03-29,2026-05-13,closed,2026-05-31,63,18,False,False,average_payer
INV9000265,B009,B009-C1008,Retail Client 008,Retail & Distribution,45,57693.84,2026-04-21,2026-06-05,open,,,,False,False,average_payer
INV9000266,B009,B009-C1008,Retail Client 008,Retail & Distribution,45,46040.86,2026-04-26,2026-06-10,closed,2026-06-11,46,1,False,False,average_payer
INV9000267,B009,B009-C1008,Retail Client 008,Retail & Distribution,45,96476.35,2026-05-08,2026-06-22,closed,2026-06-30,53,8,False,False,average_payer
INV9000268,B009,B009-C1008,Retail Client 008,Retail & Distribution,45,90917.66,2026-05-20,2026-07-04,closed,2026-07-12,53,8,False,False,average_payer
INV9000269,B009,B009-C1008,Retail Client 008,Retail & Distribution,45,132647.18,2026-05-26,2026-07-10,closed,2026-07-08,43,-2,False,False,average_payer
INV9000270,B009,B009-C1008,Retail Client 008,Retail & Distribution,45,70813.37,2026-06-10,2026-07-25,closed,2026-08-22,73,28,False,False,average_payer
INV9000271,B009,B009-C1008,Retail Client 008,Retail & Distribution,45,86817.39,2026-07-18,2026-09-01,closed,2026-08-31,44,-1,False,False,average_payer
INV9000272,B009,B009-C1008,Retail Client 008,Retail & Distribution,45,61253.32,2026-07-19,2026-09-02,open,,,,False,False,average_payer
INV9000273,B009,B009-C1009,FMCG Client 009,FMCG & Food Processing,30,50645.29,2024-04-18,2024-05-18,closed,2024-08-17,121,91,False,False,erratic_payer
INV9000274,B009,B009-C1009,FMCG Client 009,FMCG & Food Processing,30,29451.11,2024-06-26,2024-07-26,closed,2024-07-29,33,3,False,False,erratic_payer
INV9000275,B009,B009-C1009,FMCG Client 009,FMCG & Food Processing,30,62169.84,2024-07-04,2024-08-03,closed,2024-08-03,30,0,False,False,erratic_payer
INV9000276,B009,B009-C1009,FMCG Client 009,FMCG & Food Processing,30,37522.62,2024-08-04,2024-09-03,closed,2024-10-20,77,47,False,False,erratic_payer
INV9000277,B009,B009-C1009,FMCG Client 009,FMCG & Food Processing,30,54947.09,2024-09-11,2024-10-11,closed,2024-12-03,83,53,False,False,erratic_payer
INV9000278,B009,B009-C1009,FMCG Client 009,FMCG & Food Processing,30,90907.85,2024-11-09,2024-12-09,closed,2024-12-23,44,14,False,False,erratic_payer
INV9000279,B009,B009-C1009,FMCG Client 009,FMCG & Food Processing,30,49862.66,2025-05-17,2025-06-16,closed,2025-06-26,40,10,False,False,erratic_payer
INV9000280,B009,B009-C1009,FMCG Client 009,FMCG & Food Processing,30,68649.05,2025-06-18,2025-07-18,closed,2025-07-07,19,-11,False,False,erratic_payer
INV9000281,B009,B009-C1009,FMCG Client 009,FMCG & Food Processing,30,51017.01,2025-07-12,2025-08-11,closed,2025-08-29,48,18,False,False,erratic_payer
INV9000282,B009,B009-C1009,FMCG Client 009,FMCG & Food Processing,30,92897.57,2025-12-26,2026-01-25,closed,2026-01-24,29,-1,False,False,erratic_payer
INV9000283,B009,B009-C1010,Auto Client 010,Auto Components,30,22727.38,2024-03-19,2024-04-18,closed,2024-04-23,35,5,False,False,average_payer
INV9000284,B009,B009-C1010,Auto Client 010,Auto Components,30,26549.17,2024-03-21,2024-04-20,closed,2024-04-16,26,-4,False,False,average_payer
INV9000285,B009,B009-C1010,Auto Client 010,Auto Components,30,34176.54,2024-05-23,2024-06-22,closed,2024-07-03,41,11,False,False,average_payer
INV9000286,B009,B009-C1010,Auto Client 010,Auto Components,30,36170.0,2024-08-14,2024-09-13,closed,2024-09-21,38,8,False,False,average_payer
INV9000287,B009,B009-C1010,Auto Client 010,Auto Components,30,22101.53,2024-09-09,2024-10-09,closed,2024-10-09,30,0,False,False,average_payer
INV9000288,B009,B009-C1010,Auto Client 010,Auto Components,30,27837.89,2024-10-12,2024-11-11,closed,2024-11-21,40,10,False,False,average_payer
INV9000289,B009,B009-C1010,Auto Client 010,Auto Components,30,112256.94,2024-12-05,2025-01-04,closed,2025-01-02,28,-2,False,True,average_payer
INV9000290,B009,B009-C1010,Auto Client 010,Auto Components,30,23688.86,2025-01-07,2025-02-06,closed,2025-02-07,31,1,False,False,average_payer
INV9000291,B009,B009-C1010,Auto Client 010,Auto Components,30,39926.02,2025-01-16,2025-02-15,closed,2025-02-12,27,-3,False,False,average_payer
INV9000292,B009,B009-C1010,Auto Client 010,Auto Components,30,32975.32,2025-02-04,2025-03-06,closed,2025-03-18,42,12,False,False,average_payer
INV9000293,B009,B009-C1010,Auto Client 010,Auto Components,30,88944.1,2025-03-01,2025-03-31,closed,2025-04-06,36,6,False,True,average_payer
INV9000294,B009,B009-C1010,Auto Client 010,Auto Components,30,24907.43,2025-03-10,2025-04-09,closed,2025-04-11,32,2,False,False,average_payer
INV9000295,B009,B009-C1010,Auto Client 010,Auto Components,30,19526.83,2025-05-18,2025-06-17,closed,2025-06-21,34,4,False,False,average_payer
INV9000296,B009,B009-C1010,Auto Client 010,Auto Components,30,21097.4,2025-08-19,2025-09-18,closed,2025-09-21,33,3,False,False,average_payer
INV9000297,B009,B009-C1010,Auto Client 010,Auto Components,30,23735.84,2025-11-03,2025-12-03,closed,2025-12-05,32,2,False,False,average_payer
INV9000298,B009,B009-C1010,Auto Client 010,Auto Components,30,21779.65,2025-12-11,2026-01-10,closed,2026-01-20,40,10,False,False,average_payer
INV9000299,B009,B009-C1010,Auto Client 010,Auto Components,30,34971.39,2026-05-04,2026-06-03,closed,2026-06-10,37,7,False,False,average_payer
INV9000300,B009,B009-C1010,Auto Client 010,Auto Components,30,41969.75,2026-05-14,2026-06-13,closed,2026-06-12,29,-1,False,False,average_payer
INV9000301,B009,B009-C1010,Auto Client 010,Auto Components,30,55400.69,2026-06-07,2026-07-07,closed,2026-07-14,37,7,False,False,average_payer
INV9000302,B009,B009-C1010,Auto Client 010,Auto Components,30,14028.8,2026-08-19,2026-09-18,open,,,,False,False,average_payer
INV9000303,B009,B009-C1011,FMCG Client 011,FMCG & Food Processing,60,53339.89,2025-04-13,2025-06-12,closed,2025-06-15,63,3,False,False,cold_start
INV9000304,B009,B009-C1011,FMCG Client 011,FMCG & Food Processing,60,78957.68,2025-06-15,2025-08-14,closed,2025-08-13,59,-1,False,False,cold_start
INV9000305,B009,B009-C1012,Textiles Client 012,Textiles & Apparel,45,94327.01,2024-04-09,2024-05-24,closed,2024-07-28,110,65,False,True,chronic_late_payer
INV9000306,B009,B009-C1012,Textiles Client 012,Textiles & Apparel,45,14186.04,2024-07-01,2024-08-15,closed,2024-09-03,64,19,False,False,chronic_late_payer
INV9000307,B009,B009-C1012,Textiles Client 012,Textiles & Apparel,45,14273.41,2024-07-22,2024-09-05,closed,2024-10-16,86,41,False,False,chronic_late_payer
INV9000308,B009,B009-C1012,Textiles Client 012,Textiles & Apparel,45,23897.62,2024-08-31,2024-10-15,closed,2024-11-06,67,22,False,False,chronic_late_payer
INV9000309,B009,B009-C1012,Textiles Client 012,Textiles & Apparel,45,64334.94,2024-09-02,2024-10-17,closed,2024-11-15,74,29,False,True,chronic_late_payer
INV9000310,B009,B009-C1012,Textiles Client 012,Textiles & Apparel,45,12455.73,2024-09-10,2024-10-25,closed,2024-12-12,93,48,False,False,chronic_late_payer
INV9000311,B009,B009-C1012,Textiles Client 012,Textiles & Apparel,45,16706.32,2024-09-27,2024-11-11,closed,2024-12-16,80,35,False,False,chronic_late_payer
INV9000312,B009,B009-C1012,Textiles Client 012,Textiles & Apparel,45,17768.83,2024-10-06,2024-11-20,closed,2024-12-04,59,14,False,False,chronic_late_payer
INV9000313,B009,B009-C1012,Textiles Client 012,Textiles & Apparel,45,58439.94,2024-10-22,2024-12-06,closed,2025-01-09,79,34,False,True,chronic_late_payer
INV9000314,B009,B009-C1012,Textiles Client 012,Textiles & Apparel,45,19796.57,2025-01-03,2025-02-17,closed,2025-03-30,86,41,False,False,chronic_late_payer
INV9000315,B009,B009-C1012,Textiles Client 012,Textiles & Apparel,45,20811.24,2025-02-06,2025-03-23,closed,2025-04-11,64,19,False,False,chronic_late_payer
INV9000316,B009,B009-C1012,Textiles Client 012,Textiles & Apparel,45,11659.31,2025-02-12,2025-03-29,open,,,,False,False,chronic_late_payer
INV9000317,B009,B009-C1012,Textiles Client 012,Textiles & Apparel,45,19974.08,2025-03-01,2025-04-15,closed,2025-06-03,94,49,False,False,chronic_late_payer
INV9000318,B009,B009-C1012,Textiles Client 012,Textiles & Apparel,45,19971.61,2025-03-14,2025-04-28,closed,2025-05-20,67,22,False,False,chronic_late_payer
INV9000319,B009,B009-C1012,Textiles Client 012,Textiles & Apparel,45,16588.07,2025-04-24,2025-06-08,closed,2025-07-17,84,39,False,False,chronic_late_payer
INV9000320,B009,B009-C1012,Textiles Client 012,Textiles & Apparel,45,11564.3,2025-05-30,2025-07-14,closed,2025-08-01,63,18,False,False,chronic_late_payer
INV9000321,B009,B009-C1012,Textiles Client 012,Textiles & Apparel,45,16698.48,2025-08-12,2025-09-26,closed,2025-10-16,65,20,False,False,chronic_late_payer
INV9000322,B009,B009-C1012,Textiles Client 012,Textiles & Apparel,45,20973.15,2025-08-19,2025-10-03,closed,2025-11-16,89,44,False,False,chronic_late_payer
INV9000323,B009,B009-C1012,Textiles Client 012,Textiles & Apparel,45,13168.45,2025-08-22,2025-10-06,closed,2025-10-25,64,19,False,False,chronic_late_payer
INV9000324,B009,B009-C1012,Textiles Client 012,Textiles & Apparel,45,15751.78,2025-09-19,2025-11-03,closed,2025-12-23,95,50,False,False,chronic_late_payer
INV9000325,B009,B009-C1012,Textiles Client 012,Textiles & Apparel,45,18020.39,2025-09-24,2025-11-08,closed,2025-12-21,88,43,False,False,chronic_late_payer
INV9000326,B009,B009-C1012,Textiles Client 012,Textiles & Apparel,45,20428.98,2025-11-02,2025-12-17,closed,2026-01-28,87,42,False,False,chronic_late_payer
INV9000327,B009,B009-C1012,Textiles Client 012,Textiles & Apparel,45,18719.57,2025-11-05,2025-12-20,closed,2026-01-13,69,24,False,False,chronic_late_payer
INV9000328,B009,B009-C1012,Textiles Client 012,Textiles & Apparel,45,14254.74,2025-11-27,2026-01-11,closed,2026-03-03,96,51,False,False,chronic_late_payer
INV9000329,B009,B009-C1012,Textiles Client 012,Textiles & Apparel,45,14634.76,2025-12-26,2026-02-09,closed,2026-03-22,86,41,False,False,chronic_late_payer
INV9000330,B009,B009-C1012,Textiles Client 012,Textiles & Apparel,45,19644.62,2026-01-19,2026-03-05,closed,2026-03-31,71,26,False,False,chronic_late_payer
INV9000331,B009,B009-C1012,Textiles Client 012,Textiles & Apparel,45,18053.37,2026-02-04,2026-03-21,closed,2026-05-22,107,62,False,False,chronic_late_payer
INV9000332,B009,B009-C1012,Textiles Client 012,Textiles & Apparel,45,7729.01,2026-02-17,2026-04-03,closed,2026-05-05,77,32,False,False,chronic_late_payer
INV9000333,B009,B009-C1012,Textiles Client 012,Textiles & Apparel,45,14028.28,2026-05-04,2026-06-18,open,,,,False,False,chronic_late_payer
INV9000334,B009,B009-C1012,Textiles Client 012,Textiles & Apparel,45,21488.94,2026-05-17,2026-07-01,closed,2026-07-27,71,26,False,False,chronic_late_payer
INV9000335,B009,B009-C1012,Textiles Client 012,Textiles & Apparel,45,16905.02,2026-06-20,2026-08-04,open,,,,False,False,chronic_late_payer
INV9000336,B009,B009-C1012,Textiles Client 012,Textiles & Apparel,45,15506.28,2026-06-30,2026-08-14,open,,,,False,False,chronic_late_payer
INV9000337,B009,B009-C1012,Textiles Client 012,Textiles & Apparel,45,14958.18,2026-07-03,2026-08-17,disputed_open,,,,False,False,chronic_late_payer
INV9000338,B009,B009-C1012,Textiles Client 012,Textiles & Apparel,45,17203.15,2026-07-09,2026-08-23,open,,,,False,False,chronic_late_payer
INV9000339,B009,B009-C1012,Textiles Client 012,Textiles & Apparel,45,19922.64,2026-07-22,2026-09-05,open,,,,False,False,chronic_late_payer
INV9000340,B009,B009-C1012,Textiles Client 012,Textiles & Apparel,45,16348.02,2026-08-13,2026-09-27,open,,,,False,False,chronic_late_payer
INV9000341,B009,B009-C1012,Textiles Client 012,Textiles & Apparel,45,12836.27,2026-08-24,2026-10-08,open,,,,False,False,chronic_late_payer
INV9000342,B009,B009-C1013,Auto Client 013,Auto Components,45,509968.6,2024-03-19,2024-05-03,closed,2024-05-19,61,16,False,False,deteriorating_payer
INV9000343,B009,B009-C1013,Auto Client 013,Auto Components,45,457262.46,2024-04-09,2024-05-24,closed,2024-05-22,43,-2,False,False,deteriorating_payer
INV9000344,B009,B009-C1013,Auto Client 013,Auto Components,45,480488.35,2024-05-14,2024-06-28,closed,2024-06-26,43,-2,False,False,deteriorating_payer
INV9000345,B009,B009-C1013,Auto Client 013,Auto Components,45,297055.8,2024-06-06,2024-07-21,closed,2024-07-19,43,-2,False,False,deteriorating_payer
INV9000346,B009,B009-C1013,Auto Client 013,Auto Components,45,356042.07,2024-06-08,2024-07-23,open,,,,False,False,deteriorating_payer
INV9000347,B009,B009-C1013,Auto Client 013,Auto Components,45,479519.11,2024-06-27,2024-08-11,open,,,,False,False,deteriorating_payer
INV9000348,B009,B009-C1013,Auto Client 013,Auto Components,45,395311.54,2024-08-24,2024-10-08,open,,,,False,False,deteriorating_payer
INV9000349,B009,B009-C1013,Auto Client 013,Auto Components,45,555539.38,2024-10-26,2024-12-10,closed,2025-01-04,70,25,False,False,deteriorating_payer
INV9000350,B009,B009-C1013,Auto Client 013,Auto Components,45,523654.8,2024-11-07,2024-12-22,closed,2025-01-21,75,30,False,False,deteriorating_payer
INV9000351,B009,B009-C1013,Auto Client 013,Auto Components,45,517197.62,2024-12-11,2025-01-25,closed,2025-02-06,57,12,False,False,deteriorating_payer
INV9000352,B009,B009-C1013,Auto Client 013,Auto Components,45,550531.33,2024-12-17,2025-01-31,closed,2025-02-06,51,6,False,False,deteriorating_payer
INV9000353,B009,B009-C1013,Auto Client 013,Auto Components,45,473251.04,2024-12-22,2025-02-05,closed,2025-03-03,71,26,False,False,deteriorating_payer
INV9000354,B009,B009-C1013,Auto Client 013,Auto Components,45,204874.82,2024-12-23,2025-02-06,closed,2025-03-10,77,32,False,False,deteriorating_payer
INV9000355,B009,B009-C1013,Auto Client 013,Auto Components,45,310998.8,2024-12-29,2025-02-12,closed,2025-03-16,77,32,False,False,deteriorating_payer
INV9000356,B009,B009-C1013,Auto Client 013,Auto Components,45,354918.44,2024-12-30,2025-02-13,closed,2025-03-09,69,24,False,False,deteriorating_payer
INV9000357,B009,B009-C1013,Auto Client 013,Auto Components,45,419262.37,2025-01-03,2025-02-17,closed,2025-03-16,72,27,False,False,deteriorating_payer
INV9000358,B009,B009-C1013,Auto Client 013,Auto Components,45,384096.86,2025-01-20,2025-03-06,closed,2025-04-19,89,44,False,False,deteriorating_payer
INV9000359,B009,B009-C1013,Auto Client 013,Auto Components,45,315666.68,2025-02-21,2025-04-07,closed,2025-04-30,68,23,False,False,deteriorating_payer
INV9000360,B009,B009-C1013,Auto Client 013,Auto Components,45,460467.96,2025-03-15,2025-04-29,closed,2025-05-19,65,20,False,False,deteriorating_payer
INV9000361,B009,B009-C1013,Auto Client 013,Auto Components,45,288264.66,2025-05-02,2025-06-16,closed,2025-07-09,68,23,False,False,deteriorating_payer
INV9000362,B009,B009-C1013,Auto Client 013,Auto Components,45,237405.96,2025-05-08,2025-06-22,closed,2025-07-04,57,12,False,False,deteriorating_payer
INV9000363,B009,B009-C1013,Auto Client 013,Auto Components,45,469899.56,2025-06-26,2025-08-10,closed,2025-08-27,62,17,False,False,deteriorating_payer
INV9000364,B009,B009-C1013,Auto Client 013,Auto Components,45,471566.79,2025-07-08,2025-08-22,closed,2025-09-28,82,37,False,False,deteriorating_payer
INV9000365,B009,B009-C1013,Auto Client 013,Auto Components,45,331594.75,2025-07-25,2025-09-08,closed,2025-10-31,98,53,False,False,deteriorating_payer
INV9000366,B009,B009-C1013,Auto Client 013,Auto Components,45,253144.38,2025-09-27,2025-11-11,closed,2025-12-09,73,28,False,False,deteriorating_payer
INV9000367,B009,B009-C1013,Auto Client 013,Auto Components,45,443962.06,2025-10-14,2025-11-28,closed,2025-12-14,61,16,False,False,deteriorating_payer
INV9000368,B009,B009-C1013,Auto Client 013,Auto Components,45,396387.63,2025-12-17,2026-01-31,closed,2026-03-17,90,45,False,False,deteriorating_payer
INV9000369,B009,B009-C1013,Auto Client 013,Auto Components,45,409908.55,2026-01-04,2026-02-18,closed,2026-03-18,73,28,False,False,deteriorating_payer
INV9000370,B009,B009-C1013,Auto Client 013,Auto Components,45,371951.05,2026-01-15,2026-03-01,closed,2026-04-03,78,33,False,False,deteriorating_payer
INV9000371,B009,B009-C1013,Auto Client 013,Auto Components,45,371587.79,2026-02-26,2026-04-12,closed,2026-04-10,43,-2,False,False,deteriorating_payer
INV9000372,B009,B009-C1013,Auto Client 013,Auto Components,45,379139.04,2026-03-10,2026-04-24,closed,2026-05-30,81,36,False,False,deteriorating_payer
INV9000373,B009,B009-C1013,Auto Client 013,Auto Components,45,312288.47,2026-03-12,2026-04-26,closed,2026-06-09,89,44,False,False,deteriorating_payer
INV9000374,B009,B009-C1013,Auto Client 013,Auto Components,45,1712054.36,2026-03-24,2026-05-08,closed,2026-06-28,96,51,True,True,deteriorating_payer
INV9000375,B009,B009-C1013,Auto Client 013,Auto Components,45,460365.68,2026-04-18,2026-06-02,closed,2026-07-05,78,33,False,False,deteriorating_payer
INV9000376,B009,B009-C1013,Auto Client 013,Auto Components,45,748799.62,2026-06-10,2026-07-25,open,,,,False,False,deteriorating_payer
INV9000377,B009,B009-C1013,Auto Client 013,Auto Components,45,795208.12,2026-07-05,2026-08-19,disputed_open,,,,False,False,deteriorating_payer
INV9000378,B009,B009-C1013,Auto Client 013,Auto Components,45,556471.97,2026-07-16,2026-08-30,disputed_open,,,,False,False,deteriorating_payer
INV9000379,B009,B009-C1014,Construction Client 014,Construction & Infra,45,144641.37,2024-03-28,2024-05-12,closed,2024-06-05,69,24,False,False,deteriorating_payer
INV9000380,B009,B009-C1014,Construction Client 014,Construction & Infra,45,81943.68,2024-08-20,2024-10-04,closed,2024-10-14,55,10,False,False,deteriorating_payer
INV9000381,B009,B009-C1014,Construction Client 014,Construction & Infra,45,85567.05,2024-09-07,2024-10-22,closed,2024-11-04,58,13,False,False,deteriorating_payer
INV9000382,B009,B009-C1014,Construction Client 014,Construction & Infra,45,112951.53,2024-12-06,2025-01-20,closed,2025-01-30,55,10,False,False,deteriorating_payer
INV9000383,B009,B009-C1014,Construction Client 014,Construction & Infra,45,370913.24,2025-08-08,2025-09-22,closed,2025-09-30,53,8,False,True,deteriorating_payer
INV9000384,B009,B009-C1014,Construction Client 014,Construction & Infra,45,90590.2,2025-08-23,2025-10-07,closed,2025-10-28,66,21,False,False,deteriorating_payer
INV9000385,B009,B009-C1014,Construction Client 014,Construction & Infra,45,81786.16,2025-10-01,2025-11-15,closed,2025-12-10,70,25,False,False,deteriorating_payer
INV9000386,B009,B009-C1014,Construction Client 014,Construction & Infra,45,103253.08,2025-11-30,2026-01-14,closed,2026-02-18,80,35,False,False,deteriorating_payer
INV9000387,B009,B009-C1014,Construction Client 014,Construction & Infra,45,72583.95,2026-03-05,2026-04-19,closed,2026-05-29,85,40,False,False,deteriorating_payer
INV9000388,B009,B009-C1014,Construction Client 014,Construction & Infra,45,56152.77,2026-03-06,2026-04-20,closed,2026-05-26,81,36,False,False,deteriorating_payer
INV9000389,B009,B009-C1014,Construction Client 014,Construction & Infra,45,65246.84,2026-04-04,2026-05-19,closed,2026-06-23,80,35,False,False,deteriorating_payer
INV9000390,B009,B009-C1015,Metal Client 015,Metal & Engineering,45,115356.2,2024-04-17,2024-06-01,closed,2024-05-31,44,-1,False,False,average_payer
INV9000391,B009,B009-C1015,Metal Client 015,Metal & Engineering,45,243938.6,2024-05-18,2024-07-02,closed,2024-07-05,48,3,False,False,average_payer
INV9000392,B009,B009-C1015,Metal Client 015,Metal & Engineering,45,148947.26,2024-06-10,2024-07-25,closed,2024-07-24,44,-1,False,False,average_payer
INV9000393,B009,B009-C1015,Metal Client 015,Metal & Engineering,45,219258.02,2024-06-14,2024-07-29,closed,2024-08-03,50,5,False,False,average_payer
INV9000394,B009,B009-C1015,Metal Client 015,Metal & Engineering,45,113763.19,2024-09-05,2024-10-20,closed,2024-11-08,64,19,True,False,average_payer
INV9000395,B009,B009-C1015,Metal Client 015,Metal & Engineering,45,586527.61,2024-09-28,2024-11-12,closed,2024-11-25,58,13,False,True,average_payer
INV9000396,B009,B009-C1015,Metal Client 015,Metal & Engineering,45,60822.46,2024-10-21,2024-12-05,closed,2024-12-07,47,2,False,False,average_payer
INV9000397,B009,B009-C1015,Metal Client 015,Metal & Engineering,45,69190.34,2024-10-26,2024-12-10,closed,2024-12-17,52,7,False,False,average_payer
INV9000398,B009,B009-C1015,Metal Client 015,Metal & Engineering,45,78480.21,2024-11-03,2024-12-18,closed,2024-12-18,45,0,False,False,average_payer
INV9000399,B009,B009-C1015,Metal Client 015,Metal & Engineering,45,106756.9,2024-11-12,2024-12-27,closed,2025-01-03,52,7,False,False,average_payer
INV9000400,B009,B009-C1015,Metal Client 015,Metal & Engineering,45,101724.99,2024-11-12,2024-12-27,closed,2024-12-29,47,2,False,False,average_payer
INV9000401,B009,B009-C1015,Metal Client 015,Metal & Engineering,45,144342.38,2025-03-16,2025-04-30,closed,2025-05-03,48,3,False,False,average_payer
INV9000402,B009,B009-C1015,Metal Client 015,Metal & Engineering,45,65886.48,2025-04-02,2025-05-17,closed,2025-05-22,50,5,False,False,average_payer
INV9000403,B009,B009-C1015,Metal Client 015,Metal & Engineering,45,136527.74,2025-04-19,2025-06-03,closed,2025-05-28,39,-6,False,False,average_payer
INV9000404,B009,B009-C1015,Metal Client 015,Metal & Engineering,45,90221.73,2025-07-13,2025-08-27,closed,2025-08-26,44,-1,False,False,average_payer
INV9000405,B009,B009-C1015,Metal Client 015,Metal & Engineering,45,92796.37,2025-07-17,2025-08-31,closed,2025-08-29,43,-2,False,False,average_payer
INV9000406,B009,B009-C1015,Metal Client 015,Metal & Engineering,45,128248.32,2025-07-21,2025-09-04,closed,2025-08-31,41,-4,True,False,average_payer
INV9000407,B009,B009-C1015,Metal Client 015,Metal & Engineering,45,99917.22,2025-08-07,2025-09-21,closed,2025-10-02,56,11,False,False,average_payer
INV9000408,B009,B009-C1015,Metal Client 015,Metal & Engineering,45,109230.72,2025-09-15,2025-10-30,closed,2025-10-24,39,-6,False,False,average_payer
INV9000409,B009,B009-C1015,Metal Client 015,Metal & Engineering,45,118301.91,2025-09-24,2025-11-08,closed,2025-11-03,40,-5,False,False,average_payer
INV9000410,B009,B009-C1015,Metal Client 015,Metal & Engineering,45,92202.09,2025-09-25,2025-11-09,closed,2025-11-22,58,13,False,False,average_payer
INV9000411,B009,B009-C1015,Metal Client 015,Metal & Engineering,45,105876.59,2025-11-08,2025-12-23,closed,2026-01-09,62,17,False,False,average_payer
INV9000412,B009,B009-C1015,Metal Client 015,Metal & Engineering,45,106970.37,2025-12-29,2026-02-12,closed,2026-02-23,56,11,False,False,average_payer
INV9000413,B009,B009-C1015,Metal Client 015,Metal & Engineering,45,51911.26,2026-02-21,2026-04-07,closed,2026-04-21,59,14,False,False,average_payer
INV9000414,B009,B009-C1015,Metal Client 015,Metal & Engineering,45,97843.6,2026-03-18,2026-05-02,closed,2026-05-10,53,8,False,False,average_payer
INV9000415,B009,B009-C1015,Metal Client 015,Metal & Engineering,45,102411.28,2026-05-02,2026-06-16,closed,2026-06-27,56,11,False,False,average_payer
INV9000416,B009,B009-C1015,Metal Client 015,Metal & Engineering,45,81938.54,2026-06-10,2026-07-25,closed,2026-08-05,56,11,False,False,average_payer
INV9000417,B009,B009-C1015,Metal Client 015,Metal & Engineering,45,134320.51,2026-06-16,2026-07-31,closed,2026-08-05,50,5,False,False,average_payer
INV9000418,B009,B009-C1015,Metal Client 015,Metal & Engineering,45,104708.26,2026-06-16,2026-07-31,closed,2026-08-13,58,13,False,False,average_payer
INV9000419,B009,B009-C1015,Metal Client 015,Metal & Engineering,45,760847.66,2026-08-02,2026-09-16,open,,,,False,True,average_payer
INV9000420,B009,B009-C1016,Construction Client 016,Construction & Infra,30,188103.22,2024-03-17,2024-04-16,closed,2024-04-15,29,-1,False,False,average_payer
INV9000421,B009,B009-C1016,Construction Client 016,Construction & Infra,30,123088.67,2024-03-18,2024-04-17,closed,2024-04-20,33,3,False,False,average_payer
INV9000422,B009,B009-C1016,Construction Client 016,Construction & Infra,30,107500.7,2024-04-27,2024-05-27,closed,2024-05-28,31,1,False,False,average_payer
INV9000423,B009,B009-C1016,Construction Client 016,Construction & Infra,30,1046244.74,2024-05-06,2024-06-05,closed,2024-06-04,29,-1,False,True,average_payer
INV9000424,B009,B009-C1016,Construction Client 016,Construction & Infra,30,137390.34,2024-05-13,2024-06-12,closed,2024-06-13,31,1,False,False,average_payer
INV9000425,B009,B009-C1016,Construction Client 016,Construction & Infra,30,212412.14,2024-05-14,2024-06-13,open,,,,False,False,average_payer
INV9000426,B009,B009-C1016,Construction Client 016,Construction & Infra,30,223474.52,2024-06-19,2024-07-19,closed,2024-07-21,32,2,False,False,average_payer
INV9000427,B009,B009-C1016,Construction Client 016,Construction & Infra,30,109801.73,2024-06-25,2024-07-25,closed,2024-07-29,34,4,False,False,average_payer
INV9000428,B009,B009-C1016,Construction Client 016,Construction & Infra,30,147878.23,2024-08-28,2024-09-27,closed,2024-09-30,33,3,False,False,average_payer
INV9000429,B009,B009-C1016,Construction Client 016,Construction & Infra,30,123799.38,2024-08-30,2024-09-29,closed,2024-10-10,41,11,False,False,average_payer
INV9000430,B009,B009-C1016,Construction Client 016,Construction & Infra,30,103275.18,2024-09-24,2024-10-24,closed,2024-10-28,34,4,False,False,average_payer
INV9000431,B009,B009-C1016,Construction Client 016,Construction & Infra,30,124275.88,2024-09-26,2024-10-26,closed,2024-11-02,37,7,False,False,average_payer
INV9000432,B009,B009-C1016,Construction Client 016,Construction & Infra,30,209635.47,2024-10-26,2024-11-25,closed,2024-11-23,28,-2,False,False,average_payer
INV9000433,B009,B009-C1016,Construction Client 016,Construction & Infra,30,91501.45,2024-11-21,2024-12-21,closed,2025-01-01,41,11,False,False,average_payer
INV9000434,B009,B009-C1016,Construction Client 016,Construction & Infra,30,809302.5,2024-11-27,2024-12-27,closed,2024-12-26,29,-1,False,True,average_payer
INV9000435,B009,B009-C1016,Construction Client 016,Construction & Infra,30,160971.7,2024-12-31,2025-01-30,closed,2025-02-14,45,15,False,False,average_payer
INV9000436,B009,B009-C1016,Construction Client 016,Construction & Infra,30,123560.91,2025-01-06,2025-02-05,closed,2025-02-02,27,-3,False,False,average_payer
INV9000437,B009,B009-C1016,Construction Client 016,Construction & Infra,30,155957.18,2025-01-06,2025-02-05,closed,2025-02-10,35,5,False,False,average_payer
INV9000438,B009,B009-C1016,Construction Client 016,Construction & Infra,30,163497.92,2025-01-11,2025-02-10,closed,2025-02-24,44,14,False,False,average_payer
INV9000439,B009,B009-C1016,Construction Client 016,Construction & Infra,30,117916.98,2025-01-25,2025-02-24,closed,2025-02-25,31,1,False,False,average_payer
INV9000440,B009,B009-C1016,Construction Client 016,Construction & Infra,30,185066.66,2025-02-06,2025-03-08,closed,2025-03-24,46,16,False,False,average_payer
INV9000441,B009,B009-C1016,Construction Client 016,Construction & Infra,30,214800.99,2025-02-15,2025-03-17,closed,2025-03-21,34,4,False,False,average_payer
INV9000442,B009,B009-C1016,Construction Client 016,Construction & Infra,30,113862.28,2025-03-05,2025-04-04,closed,2025-04-13,39,9,False,False,average_payer
INV9000443,B009,B009-C1016,Construction Client 016,Construction & Infra,30,146661.4,2025-03-25,2025-04-24,closed,2025-04-27,33,3,False,False,average_payer
INV9000444,B009,B009-C1016,Construction Client 016,Construction & Infra,30,152044.97,2025-04-15,2025-05-15,closed,2025-05-15,30,0,False,False,average_payer
INV9000445,B009,B009-C1016,Construction Client 016,Construction & Infra,30,186589.28,2025-04-21,2025-05-21,closed,2025-05-26,35,5,False,False,average_payer
INV9000446,B009,B009-C1016,Construction Client 016,Construction & Infra,30,255172.24,2025-04-27,2025-05-27,closed,2025-06-06,40,10,False,False,average_payer
INV9000447,B009,B009-C1016,Construction Client 016,Construction & Infra,30,266741.56,2025-04-30,2025-05-30,closed,2025-05-25,25,-5,False,False,average_payer
INV9000448,B009,B009-C1016,Construction Client 016,Construction & Infra,30,124851.32,2025-05-28,2025-06-27,closed,2025-07-04,37,7,False,False,average_payer
INV9000449,B009,B009-C1016,Construction Client 016,Construction & Infra,30,101874.97,2025-06-17,2025-07-17,closed,2025-07-25,38,8,False,False,average_payer
INV9000450,B009,B009-C1016,Construction Client 016,Construction & Infra,30,112526.95,2025-06-19,2025-07-19,closed,2025-07-12,23,-7,False,False,average_payer
INV9000451,B009,B009-C1016,Construction Client 016,Construction & Infra,30,187397.22,2025-07-18,2025-08-17,closed,2025-08-22,35,5,False,False,average_payer
INV9000452,B009,B009-C1016,Construction Client 016,Construction & Infra,30,179795.75,2025-08-09,2025-09-08,closed,2025-09-18,40,10,False,False,average_payer
INV9000453,B009,B009-C1016,Construction Client 016,Construction & Infra,30,306993.24,2025-08-12,2025-09-11,closed,2025-09-15,34,4,False,False,average_payer
INV9000454,B009,B009-C1016,Construction Client 016,Construction & Infra,30,299766.39,2025-08-23,2025-09-22,closed,2025-09-30,38,8,False,False,average_payer
INV9000455,B009,B009-C1016,Construction Client 016,Construction & Infra,30,186857.0,2025-09-08,2025-10-08,closed,2025-10-19,41,11,False,False,average_payer
INV9000456,B009,B009-C1016,Construction Client 016,Construction & Infra,30,164308.02,2025-11-15,2025-12-15,closed,2025-12-30,45,15,False,False,average_payer
INV9000457,B009,B009-C1016,Construction Client 016,Construction & Infra,30,127038.12,2025-12-03,2026-01-02,closed,2026-01-05,33,3,False,False,average_payer
INV9000458,B009,B009-C1016,Construction Client 016,Construction & Infra,30,189936.45,2026-01-11,2026-02-10,closed,2026-02-19,39,9,False,False,average_payer
INV9000459,B009,B009-C1016,Construction Client 016,Construction & Infra,30,155644.64,2026-01-18,2026-02-17,closed,2026-03-03,44,14,False,False,average_payer
INV9000460,B009,B009-C1016,Construction Client 016,Construction & Infra,30,125087.56,2026-02-04,2026-03-06,closed,2026-03-16,40,10,False,False,average_payer
INV9000461,B009,B009-C1016,Construction Client 016,Construction & Infra,30,128709.08,2026-03-01,2026-03-31,closed,2026-03-31,30,0,False,False,average_payer
INV9000462,B009,B009-C1016,Construction Client 016,Construction & Infra,30,111825.5,2026-03-12,2026-04-11,closed,2026-04-18,37,7,False,False,average_payer
INV9000463,B009,B009-C1016,Construction Client 016,Construction & Infra,30,88338.86,2026-04-19,2026-05-19,closed,2026-05-20,31,1,False,False,average_payer
INV9000464,B009,B009-C1016,Construction Client 016,Construction & Infra,30,180091.43,2026-04-21,2026-05-21,closed,2026-05-22,31,1,False,False,average_payer
INV9000465,B009,B009-C1016,Construction Client 016,Construction & Infra,30,140298.58,2026-04-26,2026-05-26,closed,2026-06-05,40,10,False,False,average_payer
INV9000466,B009,B009-C1016,Construction Client 016,Construction & Infra,30,271085.29,2026-05-20,2026-06-19,closed,2026-06-15,26,-4,False,False,average_payer
INV9000467,B009,B009-C1016,Construction Client 016,Construction & Infra,30,133937.4,2026-05-20,2026-06-19,closed,2026-06-24,35,5,False,False,average_payer
INV9000468,B009,B009-C1016,Construction Client 016,Construction & Infra,30,120218.13,2026-06-04,2026-07-04,closed,2026-07-06,32,2,False,False,average_payer
INV9000469,B009,B009-C1016,Construction Client 016,Construction & Infra,30,138191.34,2026-06-17,2026-07-17,closed,2026-07-19,32,2,False,False,average_payer
INV9000470,B009,B009-C1016,Construction Client 016,Construction & Infra,30,159424.94,2026-06-19,2026-07-19,closed,2026-08-02,44,14,False,False,average_payer
INV9000471,B009,B009-C1016,Construction Client 016,Construction & Infra,30,105296.16,2026-06-24,2026-07-24,closed,2026-07-30,36,6,False,False,average_payer
INV9000472,B009,B009-C1016,Construction Client 016,Construction & Infra,30,176031.84,2026-07-19,2026-08-18,open,,,,False,False,average_payer
INV9000473,B009,B009-C1016,Construction Client 016,Construction & Infra,30,159947.51,2026-08-25,2026-09-24,disputed_open,,,,False,False,average_payer
INV9000474,B009,B009-C1017,Pharma Client 017,Pharma & Healthcare,45,183894.54,2024-06-22,2024-08-06,closed,2024-08-06,45,0,False,False,cold_start
INV9000475,B009,B009-C1017,Pharma Client 017,Pharma & Healthcare,45,118909.32,2024-08-09,2024-09-23,closed,2024-09-18,40,-5,False,False,cold_start
INV9000476,B009,B009-C1017,Pharma Client 017,Pharma & Healthcare,45,204722.4,2025-01-30,2025-03-16,closed,2025-03-25,54,9,False,False,cold_start
INV9000477,B009,B009-C1018,Auto Client 018,Auto Components,45,78446.95,2024-03-17,2024-05-01,closed,2024-04-30,44,-1,True,False,seasonal_payer
INV9000478,B009,B009-C1018,Auto Client 018,Auto Components,45,56175.83,2024-04-28,2024-06-12,closed,2024-06-24,57,12,False,False,seasonal_payer
INV9000479,B009,B009-C1018,Auto Client 018,Auto Components,45,37159.24,2024-05-05,2024-06-19,closed,2024-07-01,57,12,False,False,seasonal_payer
INV9000480,B009,B009-C1018,Auto Client 018,Auto Components,45,45017.64,2024-05-14,2024-06-28,closed,2024-07-07,54,9,False,False,seasonal_payer
INV9000481,B009,B009-C1018,Auto Client 018,Auto Components,45,41096.03,2024-05-20,2024-07-04,closed,2024-07-13,54,9,False,False,seasonal_payer
INV9000482,B009,B009-C1018,Auto Client 018,Auto Components,45,30583.05,2024-07-11,2024-08-25,closed,2024-09-12,63,18,False,False,seasonal_payer
INV9000483,B009,B009-C1018,Auto Client 018,Auto Components,45,263645.96,2024-08-08,2024-09-22,closed,2024-10-14,67,22,False,True,seasonal_payer
INV9000484,B009,B009-C1018,Auto Client 018,Auto Components,45,58215.72,2024-08-10,2024-09-24,closed,2024-10-14,65,20,False,False,seasonal_payer
INV9000485,B009,B009-C1018,Auto Client 018,Auto Components,45,150743.06,2024-08-25,2024-10-09,closed,2024-10-26,62,17,False,True,seasonal_payer
INV9000486,B009,B009-C1018,Auto Client 018,Auto Components,45,47553.37,2024-10-14,2024-11-28,closed,2024-12-11,58,13,False,False,seasonal_payer
INV9000487,B009,B009-C1018,Auto Client 018,Auto Components,45,48055.9,2024-10-18,2024-12-02,closed,2024-12-16,59,14,False,False,seasonal_payer
INV9000488,B009,B009-C1018,Auto Client 018,Auto Components,45,37745.59,2024-12-18,2025-02-01,closed,2025-02-08,52,7,False,False,seasonal_payer
INV9000489,B009,B009-C1018,Auto Client 018,Auto Components,45,62111.04,2024-12-19,2025-02-02,closed,2025-02-02,45,0,False,False,seasonal_payer
INV9000490,B009,B009-C1018,Auto Client 018,Auto Components,45,51827.93,2024-12-31,2025-02-14,closed,2025-02-08,39,-6,False,False,seasonal_payer
INV9000491,B009,B009-C1018,Auto Client 018,Auto Components,45,47003.62,2025-02-08,2025-03-25,closed,2025-03-28,48,3,False,False,seasonal_payer
INV9000492,B009,B009-C1018,Auto Client 018,Auto Components,45,54705.79,2025-03-23,2025-05-07,closed,2025-05-10,48,3,False,False,seasonal_payer
INV9000493,B009,B009-C1018,Auto Client 018,Auto Components,45,43975.12,2025-04-04,2025-05-19,closed,2025-05-20,46,1,False,False,seasonal_payer
INV9000494,B009,B009-C1018,Auto Client 018,Auto Components,45,44882.06,2025-04-28,2025-06-12,closed,2025-06-17,50,5,False,False,seasonal_payer
INV9000495,B009,B009-C1018,Auto Client 018,Auto Components,45,61948.38,2025-06-06,2025-07-21,closed,2025-08-01,56,11,False,False,seasonal_payer
INV9000496,B009,B009-C1018,Auto Client 018,Auto Components,45,66212.09,2025-06-13,2025-07-28,closed,2025-08-18,66,21,False,False,seasonal_payer
INV9000497,B009,B009-C1018,Auto Client 018,Auto Components,45,67047.06,2025-06-15,2025-07-30,closed,2025-08-21,67,22,False,False,seasonal_payer
INV9000498,B009,B009-C1018,Auto Client 018,Auto Components,45,38572.04,2025-07-09,2025-08-23,closed,2025-09-07,60,15,False,False,seasonal_payer
INV9000499,B009,B009-C1018,Auto Client 018,Auto Components,45,67259.68,2025-10-14,2025-11-28,closed,2025-12-10,57,12,False,False,seasonal_payer
INV9000500,B009,B009-C1018,Auto Client 018,Auto Components,45,46104.24,2025-11-14,2025-12-29,closed,2026-01-06,53,8,False,False,seasonal_payer
INV9000501,B009,B009-C1018,Auto Client 018,Auto Components,45,41150.61,2025-11-19,2026-01-03,closed,2026-01-16,58,13,False,False,seasonal_payer
INV9000502,B009,B009-C1018,Auto Client 018,Auto Components,45,52405.51,2025-11-23,2026-01-07,closed,2026-01-15,53,8,False,False,seasonal_payer
INV9000503,B009,B009-C1018,Auto Client 018,Auto Components,45,28033.12,2025-11-26,2026-01-10,closed,2026-01-16,51,6,False,False,seasonal_payer
INV9000504,B009,B009-C1018,Auto Client 018,Auto Components,45,46223.79,2025-12-01,2026-01-15,closed,2026-01-22,52,7,False,False,seasonal_payer
INV9000505,B009,B009-C1018,Auto Client 018,Auto Components,45,56341.57,2026-01-28,2026-03-14,closed,2026-03-16,47,2,False,False,seasonal_payer
INV9000506,B009,B009-C1018,Auto Client 018,Auto Components,45,53526.95,2026-01-31,2026-03-17,closed,2026-03-16,44,-1,False,False,seasonal_payer
INV9000507,B009,B009-C1018,Auto Client 018,Auto Components,45,50781.11,2026-02-22,2026-04-08,closed,2026-04-11,48,3,False,False,seasonal_payer
INV9000508,B009,B009-C1018,Auto Client 018,Auto Components,45,54508.42,2026-02-23,2026-04-09,closed,2026-04-10,46,1,False,False,seasonal_payer
INV9000509,B009,B009-C1018,Auto Client 018,Auto Components,45,38424.01,2026-03-27,2026-05-11,closed,2026-05-18,52,7,False,False,seasonal_payer
INV9000510,B009,B009-C1018,Auto Client 018,Auto Components,45,49036.55,2026-06-14,2026-07-29,closed,2026-08-10,57,12,False,False,seasonal_payer
INV9000511,B009,B009-C1018,Auto Client 018,Auto Components,45,80510.93,2026-07-09,2026-08-23,disputed_open,,,,False,False,seasonal_payer
INV9000512,B009,B009-C1018,Auto Client 018,Auto Components,45,62694.77,2026-08-05,2026-09-19,open,,,,False,False,seasonal_payer
INV9000513,B009,B009-C1019,Metal Client 019,Metal & Engineering,30,105714.62,2024-04-19,2024-05-19,closed,2024-05-13,24,-6,False,False,average_payer
INV9000514,B009,B009-C1019,Metal Client 019,Metal & Engineering,30,45728.34,2024-07-24,2024-08-23,closed,2024-08-22,29,-1,False,False,average_payer
INV9000515,B009,B009-C1019,Metal Client 019,Metal & Engineering,30,118251.19,2024-07-27,2024-08-26,closed,2024-09-15,50,20,False,False,average_payer
INV9000516,B009,B009-C1019,Metal Client 019,Metal & Engineering,30,88935.77,2024-08-10,2024-09-09,closed,2024-09-13,34,4,False,False,average_payer
INV9000517,B009,B009-C1019,Metal Client 019,Metal & Engineering,30,79394.53,2024-09-17,2024-10-17,closed,2024-10-15,28,-2,False,False,average_payer
INV9000518,B009,B009-C1019,Metal Client 019,Metal & Engineering,30,103057.79,2024-09-28,2024-10-28,closed,2024-11-07,40,10,False,False,average_payer
INV9000519,B009,B009-C1019,Metal Client 019,Metal & Engineering,30,114263.8,2024-11-29,2024-12-29,closed,2025-01-03,35,5,False,False,average_payer
INV9000520,B009,B009-C1019,Metal Client 019,Metal & Engineering,30,56142.75,2024-12-12,2025-01-11,closed,2025-01-14,33,3,False,False,average_payer
INV9000521,B009,B009-C1019,Metal Client 019,Metal & Engineering,30,116756.66,2025-01-31,2025-03-02,closed,2025-03-09,37,7,False,False,average_payer
INV9000522,B009,B009-C1019,Metal Client 019,Metal & Engineering,30,52337.9,2025-03-03,2025-04-02,closed,2025-04-08,36,6,False,False,average_payer
INV9000523,B009,B009-C1019,Metal Client 019,Metal & Engineering,30,172544.86,2025-03-31,2025-04-30,closed,2025-04-25,25,-5,False,False,average_payer
INV9000524,B009,B009-C1019,Metal Client 019,Metal & Engineering,30,287236.2,2025-04-12,2025-05-12,closed,2025-05-10,28,-2,False,True,average_payer
INV9000525,B009,B009-C1019,Metal Client 019,Metal & Engineering,30,95063.81,2025-04-22,2025-05-22,closed,2025-05-22,30,0,True,False,average_payer
INV9000526,B009,B009-C1019,Metal Client 019,Metal & Engineering,30,94976.31,2025-05-19,2025-06-18,closed,2025-06-21,33,3,False,False,average_payer
INV9000527,B009,B009-C1019,Metal Client 019,Metal & Engineering,30,111032.27,2025-06-03,2025-07-03,closed,2025-07-11,38,8,False,False,average_payer
INV9000528,B009,B009-C1019,Metal Client 019,Metal & Engineering,30,532281.21,2025-07-29,2025-08-28,closed,2025-08-30,32,2,False,True,average_payer
INV9000529,B009,B009-C1019,Metal Client 019,Metal & Engineering,30,96209.46,2025-08-05,2025-09-04,closed,2025-09-08,34,4,False,False,average_payer
INV9000530,B009,B009-C1019,Metal Client 019,Metal & Engineering,30,81459.02,2025-09-24,2025-10-24,closed,2025-10-27,33,3,False,False,average_payer
INV9000531,B009,B009-C1019,Metal Client 019,Metal & Engineering,30,93206.98,2025-11-01,2025-12-01,closed,2025-11-28,27,-3,False,False,average_payer
INV9000532,B009,B009-C1019,Metal Client 019,Metal & Engineering,30,148461.48,2025-11-09,2025-12-09,closed,2025-12-20,41,11,True,False,average_payer
INV9000533,B009,B009-C1019,Metal Client 019,Metal & Engineering,30,75634.98,2026-01-29,2026-02-28,closed,2026-03-07,37,7,False,False,average_payer
INV9000534,B009,B009-C1019,Metal Client 019,Metal & Engineering,30,93461.83,2026-01-31,2026-03-02,closed,2026-03-04,32,2,False,False,average_payer
INV9000535,B009,B009-C1019,Metal Client 019,Metal & Engineering,30,85606.12,2026-02-09,2026-03-11,closed,2026-03-25,44,14,False,False,average_payer
INV9000536,B009,B009-C1019,Metal Client 019,Metal & Engineering,30,78727.96,2026-08-25,2026-09-24,open,,,,False,False,average_payer
INV9000537,B009,B009-C1020,Chemicals Client 020,Chemicals & Plastics,30,287833.47,2024-03-31,2024-04-30,closed,2024-05-06,36,6,False,False,average_payer
INV9000538,B009,B009-C1020,Chemicals Client 020,Chemicals & Plastics,30,195875.98,2024-04-05,2024-05-05,closed,2024-05-14,39,9,False,False,average_payer
INV9000539,B009,B009-C1020,Chemicals Client 020,Chemicals & Plastics,30,232980.41,2024-04-08,2024-05-08,closed,2024-05-15,37,7,False,False,average_payer
INV9000540,B009,B009-C1020,Chemicals Client 020,Chemicals & Plastics,30,343067.87,2024-04-09,2024-05-09,closed,2024-05-18,39,9,False,False,average_payer
INV9000541,B009,B009-C1020,Chemicals Client 020,Chemicals & Plastics,30,298263.09,2024-04-11,2024-05-11,closed,2024-05-13,32,2,False,False,average_payer
INV9000542,B009,B009-C1020,Chemicals Client 020,Chemicals & Plastics,30,160631.27,2024-05-02,2024-06-01,closed,2024-06-07,36,6,False,False,average_payer
INV9000543,B009,B009-C1020,Chemicals Client 020,Chemicals & Plastics,30,262557.85,2024-05-12,2024-06-11,closed,2024-06-12,31,1,False,False,average_payer
INV9000544,B009,B009-C1020,Chemicals Client 020,Chemicals & Plastics,30,192674.9,2024-05-27,2024-06-26,closed,2024-07-07,41,11,False,False,average_payer
INV9000545,B009,B009-C1020,Chemicals Client 020,Chemicals & Plastics,30,148392.69,2024-06-24,2024-07-24,closed,2024-08-06,43,13,False,False,average_payer
INV9000546,B009,B009-C1020,Chemicals Client 020,Chemicals & Plastics,30,208023.02,2024-06-25,2024-07-25,closed,2024-07-30,35,5,False,False,average_payer
INV9000547,B009,B009-C1020,Chemicals Client 020,Chemicals & Plastics,30,250126.96,2024-07-15,2024-08-14,closed,2024-08-24,40,10,False,False,average_payer
INV9000548,B009,B009-C1020,Chemicals Client 020,Chemicals & Plastics,30,335717.32,2024-07-30,2024-08-29,closed,2024-09-09,41,11,False,False,average_payer
INV9000549,B009,B009-C1020,Chemicals Client 020,Chemicals & Plastics,30,193999.87,2024-08-02,2024-09-01,closed,2024-09-05,34,4,False,False,average_payer
INV9000550,B009,B009-C1020,Chemicals Client 020,Chemicals & Plastics,30,244703.75,2024-08-18,2024-09-17,closed,2024-10-11,54,24,False,False,average_payer
INV9000551,B009,B009-C1020,Chemicals Client 020,Chemicals & Plastics,30,483794.08,2024-09-25,2024-10-25,closed,2024-10-28,33,3,False,False,average_payer
INV9000552,B009,B009-C1020,Chemicals Client 020,Chemicals & Plastics,30,363663.2,2024-09-26,2024-10-26,closed,2024-10-30,34,4,False,False,average_payer
INV9000553,B009,B009-C1020,Chemicals Client 020,Chemicals & Plastics,30,165967.04,2024-10-09,2024-11-08,closed,2024-11-14,36,6,False,False,average_payer
INV9000554,B009,B009-C1020,Chemicals Client 020,Chemicals & Plastics,30,315808.99,2024-10-11,2024-11-10,closed,2024-11-03,23,-7,False,False,average_payer
INV9000555,B009,B009-C1020,Chemicals Client 020,Chemicals & Plastics,30,143226.12,2024-10-22,2024-11-21,closed,2024-12-07,46,16,False,False,average_payer
INV9000556,B009,B009-C1020,Chemicals Client 020,Chemicals & Plastics,30,199233.58,2024-11-12,2024-12-12,closed,2024-12-31,49,19,False,False,average_payer
INV9000557,B009,B009-C1020,Chemicals Client 020,Chemicals & Plastics,30,238746.92,2024-11-18,2024-12-18,closed,2024-12-25,37,7,False,False,average_payer
INV9000558,B009,B009-C1020,Chemicals Client 020,Chemicals & Plastics,30,201710.07,2025-01-07,2025-02-06,closed,2025-02-09,33,3,False,False,average_payer
INV9000559,B009,B009-C1020,Chemicals Client 020,Chemicals & Plastics,30,224617.87,2025-02-09,2025-03-11,closed,2025-03-19,38,8,False,False,average_payer
INV9000560,B009,B009-C1020,Chemicals Client 020,Chemicals & Plastics,30,247640.94,2025-05-26,2025-06-25,closed,2025-06-25,30,0,False,False,average_payer
INV9000561,B009,B009-C1020,Chemicals Client 020,Chemicals & Plastics,30,164019.02,2025-06-29,2025-07-29,closed,2025-07-20,21,-9,False,False,average_payer
INV9000562,B009,B009-C1020,Chemicals Client 020,Chemicals & Plastics,30,250083.22,2025-07-31,2025-08-30,closed,2025-09-08,39,9,False,False,average_payer
INV9000563,B009,B009-C1020,Chemicals Client 020,Chemicals & Plastics,30,350272.09,2025-08-02,2025-09-01,closed,2025-09-10,39,9,False,False,average_payer
INV9000564,B009,B009-C1020,Chemicals Client 020,Chemicals & Plastics,30,346256.6,2025-08-21,2025-09-20,closed,2025-10-09,49,19,False,False,average_payer
INV9000565,B009,B009-C1020,Chemicals Client 020,Chemicals & Plastics,30,206550.3,2025-08-23,2025-09-22,closed,2025-09-26,34,4,False,False,average_payer
INV9000566,B009,B009-C1020,Chemicals Client 020,Chemicals & Plastics,30,194618.41,2025-08-31,2025-09-30,closed,2025-10-02,32,2,False,False,average_payer
INV9000567,B009,B009-C1020,Chemicals Client 020,Chemicals & Plastics,30,183572.45,2025-10-02,2025-11-01,closed,2025-11-05,34,4,False,False,average_payer
INV9000568,B009,B009-C1020,Chemicals Client 020,Chemicals & Plastics,30,355529.34,2025-10-12,2025-11-11,closed,2025-11-08,27,-3,False,False,average_payer
INV9000569,B009,B009-C1020,Chemicals Client 020,Chemicals & Plastics,30,288384.06,2025-10-31,2025-11-30,closed,2025-12-10,40,10,False,False,average_payer
INV9000570,B009,B009-C1020,Chemicals Client 020,Chemicals & Plastics,30,253134.1,2025-11-02,2025-12-02,closed,2025-12-19,47,17,False,False,average_payer
INV9000571,B009,B009-C1020,Chemicals Client 020,Chemicals & Plastics,30,294347.78,2025-11-07,2025-12-07,closed,2025-12-23,46,16,False,False,average_payer
INV9000572,B009,B009-C1020,Chemicals Client 020,Chemicals & Plastics,30,278977.94,2025-11-17,2025-12-17,closed,2025-12-19,32,2,False,False,average_payer
INV9000573,B009,B009-C1020,Chemicals Client 020,Chemicals & Plastics,30,227495.3,2025-12-13,2026-01-12,closed,2026-01-14,32,2,False,False,average_payer
INV9000574,B009,B009-C1020,Chemicals Client 020,Chemicals & Plastics,30,342618.18,2026-01-10,2026-02-09,closed,2026-02-20,41,11,False,False,average_payer
INV9000575,B009,B009-C1020,Chemicals Client 020,Chemicals & Plastics,30,346778.33,2026-02-08,2026-03-10,closed,2026-03-19,39,9,False,False,average_payer
INV9000576,B009,B009-C1020,Chemicals Client 020,Chemicals & Plastics,30,199492.94,2026-02-27,2026-03-29,closed,2026-03-30,31,1,False,False,average_payer
INV9000577,B009,B009-C1020,Chemicals Client 020,Chemicals & Plastics,30,166219.64,2026-03-14,2026-04-13,closed,2026-04-24,41,11,False,False,average_payer
INV9000578,B009,B009-C1020,Chemicals Client 020,Chemicals & Plastics,30,206457.05,2026-04-25,2026-05-25,closed,2026-05-30,35,5,False,False,average_payer
INV9000579,B009,B009-C1020,Chemicals Client 020,Chemicals & Plastics,30,294895.03,2026-06-22,2026-07-22,closed,2026-07-20,28,-2,False,False,average_payer
INV9000580,B009,B009-C1020,Chemicals Client 020,Chemicals & Plastics,30,186219.16,2026-06-28,2026-07-28,closed,2026-07-31,33,3,False,False,average_payer
INV9000581,B009,B009-C1020,Chemicals Client 020,Chemicals & Plastics,30,168227.64,2026-07-28,2026-08-27,open,,,,False,False,average_payer
INV9000582,B009,B009-C1020,Chemicals Client 020,Chemicals & Plastics,30,154071.3,2026-07-28,2026-08-27,closed,2026-08-30,33,3,False,False,average_payer
INV9000583,B009,B009-C1020,Chemicals Client 020,Chemicals & Plastics,30,227071.61,2026-08-02,2026-09-01,disputed_open,,,,False,False,average_payer
INV9000584,B009,B009-C1020,Chemicals Client 020,Chemicals & Plastics,30,208340.3,2026-08-10,2026-09-09,open,,,,False,False,average_payer
INV9000585,B009,B009-C1020,Chemicals Client 020,Chemicals & Plastics,30,116942.21,2026-08-11,2026-09-10,open,,,,False,False,average_payer
INV9000586,B009,B009-C1020,Chemicals Client 020,Chemicals & Plastics,30,326353.88,2026-08-26,2026-09-25,disputed_open,,,,False,False,average_payer
INV9000587,B009,B009-C1021,IT Client 021,IT & Business Services,30,166876.19,2024-11-26,2024-12-26,closed,2025-01-07,42,12,False,False,deteriorating_payer
INV9000588,B009,B009-C1021,IT Client 021,IT & Business Services,30,137984.91,2025-02-24,2025-03-26,closed,2025-04-17,52,22,False,False,deteriorating_payer
INV9000589,B009,B009-C1021,IT Client 021,IT & Business Services,30,309590.56,2025-10-04,2025-11-03,closed,2025-11-25,52,22,False,False,deteriorating_payer
INV9000590,B009,B009-C1021,IT Client 021,IT & Business Services,30,238466.31,2025-10-08,2025-11-07,closed,2025-12-07,60,30,False,False,deteriorating_payer
INV9000591,B009,B009-C1021,IT Client 021,IT & Business Services,30,201828.5,2025-11-29,2025-12-29,closed,2026-02-14,77,47,False,False,deteriorating_payer
INV9000592,B009,B009-C1021,IT Client 021,IT & Business Services,30,330557.32,2026-01-09,2026-02-08,closed,2026-04-02,83,53,False,False,deteriorating_payer
INV9000593,B009,B009-C1021,IT Client 021,IT & Business Services,30,280706.32,2026-08-14,2026-09-13,open,,,,False,False,deteriorating_payer
INV9000594,B009,B009-C1022,Chemicals Client 022,Chemicals & Plastics,60,304910.29,2024-05-08,2024-07-07,closed,2024-07-12,65,5,False,False,prompt_payer
INV9000595,B009,B009-C1022,Chemicals Client 022,Chemicals & Plastics,60,262633.1,2024-06-21,2024-08-20,closed,2024-08-12,52,-8,False,False,prompt_payer
INV9000596,B009,B009-C1022,Chemicals Client 022,Chemicals & Plastics,60,383034.29,2024-07-16,2024-09-14,closed,2024-09-13,59,-1,False,False,prompt_payer
INV9000597,B009,B009-C1022,Chemicals Client 022,Chemicals & Plastics,60,323029.58,2024-09-20,2024-11-19,open,,,,False,False,prompt_payer
INV9000598,B009,B009-C1022,Chemicals Client 022,Chemicals & Plastics,60,575788.67,2024-11-15,2025-01-14,closed,2025-01-15,61,1,False,False,prompt_payer
INV9000599,B009,B009-C1022,Chemicals Client 022,Chemicals & Plastics,60,466820.74,2024-12-11,2025-02-09,closed,2025-02-14,65,5,False,False,prompt_payer
INV9000600,B009,B009-C1022,Chemicals Client 022,Chemicals & Plastics,60,428814.06,2025-02-21,2025-04-22,closed,2025-04-22,60,0,False,False,prompt_payer
INV9000601,B009,B009-C1022,Chemicals Client 022,Chemicals & Plastics,60,619534.76,2025-03-19,2025-05-18,closed,2025-05-13,55,-5,False,False,prompt_payer
INV9000602,B009,B009-C1022,Chemicals Client 022,Chemicals & Plastics,60,270611.81,2025-04-02,2025-06-01,closed,2025-05-27,55,-5,False,False,prompt_payer
INV9000603,B009,B009-C1022,Chemicals Client 022,Chemicals & Plastics,60,306799.46,2025-05-14,2025-07-13,closed,2025-07-07,54,-6,False,False,prompt_payer
INV9000604,B009,B009-C1022,Chemicals Client 022,Chemicals & Plastics,60,284941.42,2025-05-25,2025-07-24,closed,2025-07-24,60,0,False,False,prompt_payer
INV9000605,B009,B009-C1022,Chemicals Client 022,Chemicals & Plastics,60,389405.45,2025-06-20,2025-08-19,closed,2025-08-15,56,-4,True,False,prompt_payer
INV9000606,B009,B009-C1022,Chemicals Client 022,Chemicals & Plastics,60,651597.98,2025-06-29,2025-08-28,closed,2025-08-30,62,2,False,False,prompt_payer
INV9000607,B009,B009-C1022,Chemicals Client 022,Chemicals & Plastics,60,288046.31,2025-07-07,2025-09-05,closed,2025-09-01,56,-4,True,False,prompt_payer
INV9000608,B009,B009-C1022,Chemicals Client 022,Chemicals & Plastics,60,354019.17,2025-09-14,2025-11-13,closed,2025-11-15,62,2,False,False,prompt_payer
INV9000609,B009,B009-C1022,Chemicals Client 022,Chemicals & Plastics,60,226671.38,2025-09-17,2025-11-16,closed,2025-11-16,60,0,False,False,prompt_payer
INV9000610,B009,B009-C1022,Chemicals Client 022,Chemicals & Plastics,60,535907.83,2025-10-21,2025-12-20,closed,2025-12-22,62,2,False,False,prompt_payer
INV9000611,B009,B009-C1022,Chemicals Client 022,Chemicals & Plastics,60,363964.48,2025-11-20,2026-01-19,closed,2026-01-22,63,3,False,False,prompt_payer
INV9000612,B009,B009-C1022,Chemicals Client 022,Chemicals & Plastics,60,396464.07,2025-12-09,2026-02-07,closed,2026-02-08,61,1,False,False,prompt_payer
INV9000613,B009,B009-C1022,Chemicals Client 022,Chemicals & Plastics,60,1095340.24,2025-12-23,2026-02-21,closed,2026-02-15,54,-6,False,True,prompt_payer
INV9000614,B009,B009-C1022,Chemicals Client 022,Chemicals & Plastics,60,703304.39,2025-12-28,2026-02-26,closed,2026-03-02,64,4,False,False,prompt_payer
INV9000615,B009,B009-C1022,Chemicals Client 022,Chemicals & Plastics,60,315434.82,2026-01-16,2026-03-17,closed,2026-03-17,60,0,False,False,prompt_payer
INV9000616,B009,B009-C1022,Chemicals Client 022,Chemicals & Plastics,60,370449.69,2026-02-17,2026-04-18,closed,2026-04-16,58,-2,False,False,prompt_payer
INV9000617,B009,B009-C1022,Chemicals Client 022,Chemicals & Plastics,60,458343.96,2026-03-08,2026-05-07,closed,2026-05-05,58,-2,False,False,prompt_payer
INV9000618,B009,B009-C1022,Chemicals Client 022,Chemicals & Plastics,60,483024.87,2026-04-15,2026-06-14,closed,2026-06-18,64,4,False,False,prompt_payer
INV9000619,B009,B009-C1022,Chemicals Client 022,Chemicals & Plastics,60,462447.22,2026-07-27,2026-09-25,open,,,,False,False,prompt_payer
INV9000620,B009,B009-C1022,Chemicals Client 022,Chemicals & Plastics,60,235592.64,2026-07-30,2026-09-28,open,,,,False,False,prompt_payer
INV9000621,B009,B009-C1022,Chemicals Client 022,Chemicals & Plastics,60,390359.37,2026-08-10,2026-10-09,disputed_open,,,,False,False,prompt_payer
INV9000622,B009,B009-C1022,Chemicals Client 022,Chemicals & Plastics,60,425141.69,2026-08-22,2026-10-21,open,,,,False,False,prompt_payer
INV9000623,B009,B009-C1022,Chemicals Client 022,Chemicals & Plastics,60,608842.15,2026-08-29,2026-10-28,open,,,,False,False,prompt_payer
INV9000624,B009,B009-C1023,Construction Client 023,Construction & Infra,15,33025.63,2024-03-16,2024-03-31,closed,2024-04-08,23,8,False,False,cold_start
INV9000625,B009,B009-C1023,Construction Client 023,Construction & Infra,15,41138.49,2026-05-05,2026-05-20,closed,2026-05-21,16,1,False,False,cold_start
INV9000626,B009,B009-C1024,Textiles Client 024,Textiles & Apparel,15,55279.2,2024-03-25,2024-04-09,closed,2024-04-27,33,18,False,False,deteriorating_payer
INV9000627,B009,B009-C1024,Textiles Client 024,Textiles & Apparel,15,45758.76,2024-04-07,2024-04-22,closed,2024-04-20,13,-2,False,False,deteriorating_payer
INV9000628,B009,B009-C1024,Textiles Client 024,Textiles & Apparel,15,36708.87,2024-05-09,2024-05-24,closed,2024-06-09,31,16,True,False,deteriorating_payer
INV9000629,B009,B009-C1024,Textiles Client 024,Textiles & Apparel,15,44405.92,2024-06-07,2024-06-22,closed,2024-06-23,16,1,False,False,deteriorating_payer
INV9000630,B009,B009-C1024,Textiles Client 024,Textiles & Apparel,15,41941.31,2024-08-05,2024-08-20,closed,2024-09-08,34,19,False,False,deteriorating_payer
INV9000631,B009,B009-C1024,Textiles Client 024,Textiles & Apparel,15,49606.88,2024-08-07,2024-08-22,closed,2024-08-20,13,-2,False,False,deteriorating_payer
INV9000632,B009,B009-C1024,Textiles Client 024,Textiles & Apparel,15,50758.41,2024-12-11,2024-12-26,closed,2025-01-04,24,9,False,False,deteriorating_payer
INV9000633,B009,B009-C1024,Textiles Client 024,Textiles & Apparel,15,78996.71,2025-02-15,2025-03-02,closed,2025-03-21,34,19,False,False,deteriorating_payer
INV9000634,B009,B009-C1024,Textiles Client 024,Textiles & Apparel,15,39499.57,2025-04-10,2025-04-25,closed,2025-06-01,52,37,False,False,deteriorating_payer
INV9000635,B009,B009-C1024,Textiles Client 024,Textiles & Apparel,15,38145.28,2025-04-14,2025-04-29,closed,2025-05-17,33,18,False,False,deteriorating_payer
INV9000636,B009,B009-C1024,Textiles Client 024,Textiles & Apparel,15,276556.58,2025-04-22,2025-05-07,closed,2025-06-06,45,30,False,True,deteriorating_payer
INV9000637,B009,B009-C1024,Textiles Client 024,Textiles & Apparel,15,61989.46,2025-05-23,2025-06-07,closed,2025-07-11,49,34,False,False,deteriorating_payer
INV9000638,B009,B009-C1024,Textiles Client 024,Textiles & Apparel,15,53129.61,2025-05-23,2025-06-07,closed,2025-06-25,33,18,False,False,deteriorating_payer
INV9000639,B009,B009-C1024,Textiles Client 024,Textiles & Apparel,15,59801.69,2025-06-18,2025-07-03,closed,2025-08-05,48,33,False,False,deteriorating_payer
INV9000640,B009,B009-C1024,Textiles Client 024,Textiles & Apparel,15,56497.33,2025-06-21,2025-07-06,closed,2025-07-31,40,25,False,False,deteriorating_payer
INV9000641,B009,B009-C1024,Textiles Client 024,Textiles & Apparel,15,82778.89,2025-06-25,2025-07-10,closed,2025-07-20,25,10,False,False,deteriorating_payer
INV9000642,B009,B009-C1024,Textiles Client 024,Textiles & Apparel,15,51194.95,2025-06-25,2025-07-10,closed,2025-08-09,45,30,False,False,deteriorating_payer
INV9000643,B009,B009-C1024,Textiles Client 024,Textiles & Apparel,15,53238.83,2025-10-07,2025-10-22,closed,2025-11-23,47,32,False,False,deteriorating_payer
INV9000644,B009,B009-C1024,Textiles Client 024,Textiles & Apparel,15,61579.29,2025-10-28,2025-11-12,closed,2025-12-07,40,25,False,False,deteriorating_payer
INV9000645,B009,B009-C1024,Textiles Client 024,Textiles & Apparel,15,27052.64,2025-11-19,2025-12-04,closed,2025-12-26,37,22,False,False,deteriorating_payer
INV9000646,B009,B009-C1024,Textiles Client 024,Textiles & Apparel,15,35050.85,2025-12-03,2025-12-18,closed,2026-01-31,59,44,False,False,deteriorating_payer
INV9000647,B009,B009-C1024,Textiles Client 024,Textiles & Apparel,15,46975.69,2025-12-18,2026-01-02,closed,2026-01-22,35,20,False,False,deteriorating_payer
INV9000648,B009,B009-C1024,Textiles Client 024,Textiles & Apparel,15,46291.44,2026-02-21,2026-03-08,closed,2026-04-19,57,42,False,False,deteriorating_payer
INV9000649,B009,B009-C1024,Textiles Client 024,Textiles & Apparel,15,213737.23,2026-03-24,2026-04-08,closed,2026-04-25,32,17,False,True,deteriorating_payer
INV9000650,B009,B009-C1024,Textiles Client 024,Textiles & Apparel,15,43078.11,2026-08-28,2026-09-12,open,,,,False,False,deteriorating_payer
INV9000651,B009,B009-C1024,Textiles Client 024,Textiles & Apparel,15,50295.59,2026-08-29,2026-09-13,open,,,,False,False,deteriorating_payer
INV9000652,B009,B009-C1025,FMCG Client 025,FMCG & Food Processing,30,29985.51,2024-03-26,2024-04-25,closed,2024-05-11,46,16,False,False,deteriorating_payer
INV9000653,B009,B009-C1025,FMCG Client 025,FMCG & Food Processing,30,15204.0,2024-05-03,2024-06-02,closed,2024-06-20,48,18,False,False,deteriorating_payer
INV9000654,B009,B009-C1025,FMCG Client 025,FMCG & Food Processing,30,88093.38,2024-05-07,2024-06-06,closed,2024-06-17,41,11,False,True,deteriorating_payer
INV9000655,B009,B009-C1025,FMCG Client 025,FMCG & Food Processing,30,20042.92,2024-06-03,2024-07-03,closed,2024-07-01,28,-2,False,False,deteriorating_payer
INV9000656,B009,B009-C1025,FMCG Client 025,FMCG & Food Processing,30,18762.32,2024-06-22,2024-07-22,closed,2024-08-13,52,22,False,False,deteriorating_payer
INV9000657,B009,B009-C1025,FMCG Client 025,FMCG & Food Processing,30,27671.5,2024-07-20,2024-08-19,closed,2024-09-19,61,31,False,False,deteriorating_payer
INV9000658,B009,B009-C1025,FMCG Client 025,FMCG & Food Processing,30,29892.82,2024-07-28,2024-08-27,closed,2024-09-07,41,11,False,False,deteriorating_payer
INV9000659,B009,B009-C1025,FMCG Client 025,FMCG & Food Processing,30,23973.06,2024-07-28,2024-08-27,closed,2024-09-13,47,17,False,False,deteriorating_payer
INV9000660,B009,B009-C1025,FMCG Client 025,FMCG & Food Processing,30,18876.87,2024-09-08,2024-10-08,closed,2024-10-30,52,22,False,False,deteriorating_payer
INV9000661,B009,B009-C1025,FMCG Client 025,FMCG & Food Processing,30,33247.63,2024-11-26,2024-12-26,closed,2025-01-23,58,28,False,False,deteriorating_payer
INV9000662,B009,B009-C1025,FMCG Client 025,FMCG & Food Processing,30,31047.15,2024-12-22,2025-01-21,closed,2025-02-23,63,33,False,False,deteriorating_payer
INV9000663,B009,B009-C1025,FMCG Client 025,FMCG & Food Processing,30,20413.84,2025-01-27,2025-02-26,closed,2025-03-05,37,7,False,False,deteriorating_payer
INV9000664,B009,B009-C1025,FMCG Client 025,FMCG & Food Processing,30,32110.81,2025-03-31,2025-04-30,closed,2025-05-27,57,27,True,False,deteriorating_payer
INV9000665,B009,B009-C1025,FMCG Client 025,FMCG & Food Processing,30,41464.66,2025-05-22,2025-06-21,closed,2025-08-05,75,45,False,False,deteriorating_payer
INV9000666,B009,B009-C1025,FMCG Client 025,FMCG & Food Processing,30,25469.43,2025-06-15,2025-07-15,closed,2025-07-27,42,12,False,False,deteriorating_payer
INV9000667,B009,B009-C1025,FMCG Client 025,FMCG & Food Processing,30,15397.69,2025-06-27,2025-07-27,closed,2025-09-01,66,36,True,False,deteriorating_payer
INV9000668,B009,B009-C1025,FMCG Client 025,FMCG & Food Processing,30,34259.59,2025-09-02,2025-10-02,closed,2025-10-29,57,27,False,False,deteriorating_payer
INV9000669,B009,B009-C1025,FMCG Client 025,FMCG & Food Processing,30,176285.12,2025-09-04,2025-10-04,closed,2025-10-31,57,27,False,True,deteriorating_payer
INV9000670,B009,B009-C1025,FMCG Client 025,FMCG & Food Processing,30,18974.57,2025-09-30,2025-10-30,closed,2025-11-28,59,29,False,False,deteriorating_payer
INV9000671,B009,B009-C1025,FMCG Client 025,FMCG & Food Processing,30,16201.94,2025-11-10,2025-12-10,closed,2026-01-15,66,36,False,False,deteriorating_payer
INV9000672,B009,B009-C1025,FMCG Client 025,FMCG & Food Processing,30,24292.22,2025-12-26,2026-01-25,closed,2026-02-05,41,11,False,False,deteriorating_payer
INV9000673,B009,B009-C1025,FMCG Client 025,FMCG & Food Processing,30,27416.02,2025-12-31,2026-01-30,closed,2026-02-10,41,11,False,False,deteriorating_payer
INV9000674,B009,B009-C1025,FMCG Client 025,FMCG & Food Processing,30,20580.5,2026-02-11,2026-03-13,closed,2026-04-05,53,23,False,False,deteriorating_payer
INV9000675,B009,B009-C1025,FMCG Client 025,FMCG & Food Processing,30,49219.43,2026-02-23,2026-03-25,closed,2026-04-10,46,16,False,False,deteriorating_payer
INV9000676,B009,B009-C1025,FMCG Client 025,FMCG & Food Processing,30,25154.12,2026-03-03,2026-04-02,closed,2026-05-14,72,42,False,False,deteriorating_payer
INV9000677,B009,B009-C1025,FMCG Client 025,FMCG & Food Processing,30,197413.35,2026-03-07,2026-04-06,closed,2026-05-18,72,42,False,True,deteriorating_payer
INV9000678,B009,B009-C1025,FMCG Client 025,FMCG & Food Processing,30,15726.54,2026-03-09,2026-04-08,closed,2026-05-25,77,47,False,False,deteriorating_payer
INV9000679,B009,B009-C1025,FMCG Client 025,FMCG & Food Processing,30,13874.1,2026-05-08,2026-06-07,closed,2026-07-02,55,25,False,False,deteriorating_payer
INV9000680,B009,B009-C1026,Retail Client 026,Retail & Distribution,15,55417.12,2024-09-28,2024-10-13,closed,2024-10-03,5,-10,False,False,cold_start
INV9000681,B009,B009-C1026,Retail Client 026,Retail & Distribution,15,43962.24,2026-01-27,2026-02-11,closed,2026-02-23,27,12,False,False,cold_start
INV9000682,B009,B009-C1027,Retail Client 027,Retail & Distribution,15,113926.38,2024-03-29,2024-04-13,closed,2024-04-27,29,14,False,False,average_payer
INV9000683,B009,B009-C1027,Retail Client 027,Retail & Distribution,15,47750.44,2024-04-27,2024-05-12,closed,2024-05-30,33,18,False,False,average_payer
INV9000684,B009,B009-C1027,Retail Client 027,Retail & Distribution,15,62957.85,2024-10-28,2024-11-12,closed,2024-11-21,24,9,False,False,average_payer
INV9000685,B009,B009-C1027,Retail Client 027,Retail & Distribution,15,110469.67,2024-11-29,2024-12-14,closed,2024-12-23,24,9,False,False,average_payer
INV9000686,B009,B009-C1027,Retail Client 027,Retail & Distribution,15,104233.32,2025-03-27,2025-04-11,closed,2025-04-15,19,4,False,False,average_payer
INV9000687,B009,B009-C1027,Retail Client 027,Retail & Distribution,15,31353.08,2025-05-15,2025-05-30,closed,2025-06-04,20,5,False,False,average_payer
INV9000688,B009,B009-C1027,Retail Client 027,Retail & Distribution,15,80964.93,2025-06-14,2025-06-29,closed,2025-07-07,23,8,False,False,average_payer
INV9000689,B009,B009-C1027,Retail Client 027,Retail & Distribution,15,47409.68,2025-06-29,2025-07-14,closed,2025-07-02,3,-12,False,False,average_payer
INV9000690,B009,B009-C1027,Retail Client 027,Retail & Distribution,15,96919.3,2025-09-28,2025-10-13,closed,2025-11-01,34,19,False,False,average_payer
INV9000691,B009,B009-C1027,Retail Client 027,Retail & Distribution,15,113017.83,2025-10-24,2025-11-08,closed,2025-11-18,25,10,False,False,average_payer
INV9000692,B009,B009-C1027,Retail Client 027,Retail & Distribution,15,147177.23,2026-01-06,2026-01-21,closed,2026-01-28,22,7,False,False,average_payer
INV9000693,B009,B009-C1027,Retail Client 027,Retail & Distribution,15,87313.04,2026-02-08,2026-02-23,closed,2026-03-04,24,9,False,False,average_payer
INV9000694,B009,B009-C1027,Retail Client 027,Retail & Distribution,15,76878.52,2026-05-14,2026-05-29,closed,2026-06-01,18,3,False,False,average_payer
INV9000695,B009,B009-C1027,Retail Client 027,Retail & Distribution,15,83500.64,2026-06-30,2026-07-15,closed,2026-07-22,22,7,False,False,average_payer
INV9000696,B009,B009-C1028,FMCG Client 028,FMCG & Food Processing,45,684090.71,2024-04-14,2024-05-29,closed,2024-05-29,45,0,False,False,average_payer
INV9000697,B009,B009-C1028,FMCG Client 028,FMCG & Food Processing,45,642120.68,2024-06-15,2024-07-30,closed,2024-08-04,50,5,False,False,average_payer
INV9000698,B009,B009-C1028,FMCG Client 028,FMCG & Food Processing,45,849900.53,2025-03-25,2025-05-09,closed,2025-05-08,44,-1,False,False,average_payer
INV9000699,B009,B009-C1028,FMCG Client 028,FMCG & Food Processing,45,480150.47,2025-05-22,2025-07-06,closed,2025-07-16,55,10,True,False,average_payer
INV9000700,B009,B009-C1028,FMCG Client 028,FMCG & Food Processing,45,506555.76,2026-03-18,2026-05-02,closed,2026-05-02,45,0,False,False,average_payer
INV9000701,B009,B009-C1028,FMCG Client 028,FMCG & Food Processing,45,2222146.08,2026-07-22,2026-09-05,open,,,,False,True,average_payer
INV9000702,B009,B009-C1029,Auto Client 029,Auto Components,30,26027.49,2024-04-11,2024-05-11,closed,2024-06-11,61,31,False,False,chronic_late_payer
INV9000703,B009,B009-C1029,Auto Client 029,Auto Components,30,39925.08,2024-05-09,2024-06-08,closed,2024-07-10,62,32,False,False,chronic_late_payer
INV9000704,B009,B009-C1029,Auto Client 029,Auto Components,30,36927.82,2024-05-24,2024-06-23,closed,2024-07-29,66,36,False,False,chronic_late_payer
INV9000705,B009,B009-C1029,Auto Client 029,Auto Components,30,54914.58,2024-05-25,2024-06-24,closed,2024-07-28,64,34,False,False,chronic_late_payer
INV9000706,B009,B009-C1029,Auto Client 029,Auto Components,30,38956.39,2024-08-11,2024-09-10,closed,2024-10-19,69,39,False,False,chronic_late_payer
INV9000707,B009,B009-C1029,Auto Client 029,Auto Components,30,19475.39,2024-08-27,2024-09-26,closed,2024-11-15,80,50,False,False,chronic_late_payer
INV9000708,B009,B009-C1029,Auto Client 029,Auto Components,30,49309.28,2024-09-07,2024-10-07,closed,2024-12-11,95,65,False,False,chronic_late_payer
INV9000709,B009,B009-C1029,Auto Client 029,Auto Components,30,137394.36,2024-11-04,2024-12-04,closed,2025-01-23,80,50,False,True,chronic_late_payer
INV9000710,B009,B009-C1029,Auto Client 029,Auto Components,30,33713.94,2024-11-06,2024-12-06,closed,2025-01-10,65,35,False,False,chronic_late_payer
INV9000711,B009,B009-C1029,Auto Client 029,Auto Components,30,80902.21,2024-11-11,2024-12-11,closed,2025-01-03,53,23,False,False,chronic_late_payer
INV9000712,B009,B009-C1029,Auto Client 029,Auto Components,30,24647.1,2024-11-16,2024-12-16,closed,2025-01-11,56,26,False,False,chronic_late_payer
INV9000713,B009,B009-C1029,Auto Client 029,Auto Components,30,46720.87,2024-11-16,2024-12-16,closed,2025-01-13,58,28,False,False,chronic_late_payer
INV9000714,B009,B009-C1029,Auto Client 029,Auto Components,30,38785.69,2024-12-22,2025-01-21,closed,2025-03-22,90,60,False,False,chronic_late_payer
INV9000715,B009,B009-C1029,Auto Client 029,Auto Components,30,129123.0,2024-12-23,2025-01-22,closed,2025-02-05,44,14,False,True,chronic_late_payer
INV9000716,B009,B009-C1029,Auto Client 029,Auto Components,30,40095.97,2025-01-20,2025-02-19,closed,2025-04-03,73,43,False,False,chronic_late_payer
INV9000717,B009,B009-C1029,Auto Client 029,Auto Components,30,32124.16,2025-03-04,2025-04-03,closed,2025-04-21,48,18,False,False,chronic_late_payer
INV9000718,B009,B009-C1029,Auto Client 029,Auto Components,30,42988.08,2025-03-04,2025-04-03,closed,2025-05-11,68,38,False,False,chronic_late_payer
INV9000719,B009,B009-C1029,Auto Client 029,Auto Components,30,36416.33,2025-03-10,2025-04-09,closed,2025-05-12,63,33,False,False,chronic_late_payer
INV9000720,B009,B009-C1029,Auto Client 029,Auto Components,30,31431.93,2025-03-21,2025-04-20,closed,2025-06-07,78,48,False,False,chronic_late_payer
INV9000721,B009,B009-C1029,Auto Client 029,Auto Components,30,48376.13,2025-04-13,2025-05-13,closed,2025-05-27,44,14,False,False,chronic_late_payer
INV9000722,B009,B009-C1029,Auto Client 029,Auto Components,30,70044.81,2025-05-05,2025-06-04,closed,2025-07-12,68,38,False,False,chronic_late_payer
INV9000723,B009,B009-C1029,Auto Client 029,Auto Components,30,81973.21,2025-05-21,2025-06-20,closed,2025-07-31,71,41,False,False,chronic_late_payer
INV9000724,B009,B009-C1029,Auto Client 029,Auto Components,30,40146.92,2025-05-27,2025-06-26,closed,2025-08-02,67,37,False,False,chronic_late_payer
INV9000725,B009,B009-C1029,Auto Client 029,Auto Components,30,29620.93,2025-06-04,2025-07-04,closed,2025-08-02,59,29,False,False,chronic_late_payer
INV9000726,B009,B009-C1029,Auto Client 029,Auto Components,30,42704.64,2025-06-19,2025-07-19,closed,2025-08-18,60,30,False,False,chronic_late_payer
INV9000727,B009,B009-C1029,Auto Client 029,Auto Components,30,26876.49,2025-06-24,2025-07-24,closed,2025-08-31,68,38,False,False,chronic_late_payer
INV9000728,B009,B009-C1029,Auto Client 029,Auto Components,30,49378.2,2025-08-10,2025-09-09,closed,2025-10-03,54,24,False,False,chronic_late_payer
INV9000729,B009,B009-C1029,Auto Client 029,Auto Components,30,47903.22,2025-09-09,2025-10-09,closed,2025-10-23,44,14,False,False,chronic_late_payer
INV9000730,B009,B009-C1029,Auto Client 029,Auto Components,30,39145.43,2025-09-24,2025-10-24,closed,2025-11-15,52,22,False,False,chronic_late_payer
INV9000731,B009,B009-C1029,Auto Client 029,Auto Components,30,39786.53,2025-10-05,2025-11-04,closed,2025-12-22,78,48,False,False,chronic_late_payer
INV9000732,B009,B009-C1029,Auto Client 029,Auto Components,30,31759.37,2025-10-10,2025-11-09,closed,2025-12-08,59,29,False,False,chronic_late_payer
INV9000733,B009,B009-C1029,Auto Client 029,Auto Components,30,50449.13,2025-12-19,2026-01-18,closed,2026-03-18,89,59,False,False,chronic_late_payer
INV9000734,B009,B009-C1029,Auto Client 029,Auto Components,30,38408.72,2026-01-30,2026-03-01,closed,2026-03-28,57,27,False,False,chronic_late_payer
INV9000735,B009,B009-C1029,Auto Client 029,Auto Components,30,50184.71,2026-02-22,2026-03-24,closed,2026-04-21,58,28,False,False,chronic_late_payer
INV9000736,B009,B009-C1029,Auto Client 029,Auto Components,30,61512.91,2026-03-09,2026-04-08,closed,2026-04-22,44,14,False,False,chronic_late_payer
INV9000737,B009,B009-C1029,Auto Client 029,Auto Components,30,39752.98,2026-03-12,2026-04-11,closed,2026-04-27,46,16,False,False,chronic_late_payer
INV9000738,B009,B009-C1029,Auto Client 029,Auto Components,30,45285.56,2026-04-17,2026-05-17,closed,2026-06-17,61,31,False,False,chronic_late_payer
INV9000739,B009,B009-C1029,Auto Client 029,Auto Components,30,24565.64,2026-05-26,2026-06-25,closed,2026-08-05,71,41,True,False,chronic_late_payer
INV9000740,B009,B009-C1029,Auto Client 029,Auto Components,30,52005.93,2026-05-31,2026-06-30,closed,2026-07-14,44,14,False,False,chronic_late_payer
INV9000741,B009,B009-C1029,Auto Client 029,Auto Components,30,39265.33,2026-06-07,2026-07-07,closed,2026-07-21,44,14,False,False,chronic_late_payer
INV9000742,B009,B009-C1029,Auto Client 029,Auto Components,30,47834.59,2026-06-18,2026-07-18,open,,,,False,False,chronic_late_payer
INV9000743,B009,B009-C1029,Auto Client 029,Auto Components,30,18411.65,2026-06-20,2026-07-20,closed,2026-08-25,66,36,False,False,chronic_late_payer
INV9000744,B009,B009-C1029,Auto Client 029,Auto Components,30,152891.0,2026-06-21,2026-07-21,open,,,,False,True,chronic_late_payer
INV9000745,B009,B009-C1029,Auto Client 029,Auto Components,30,49919.93,2026-07-06,2026-08-05,open,,,,False,False,chronic_late_payer
INV9000746,B009,B009-C1029,Auto Client 029,Auto Components,30,51722.49,2026-07-22,2026-08-21,disputed_open,,,,False,False,chronic_late_payer
INV9000747,B009,B009-C1029,Auto Client 029,Auto Components,30,35150.48,2026-08-04,2026-09-03,open,,,,False,False,chronic_late_payer
INV9000748,B009,B009-C1029,Auto Client 029,Auto Components,30,36095.07,2026-08-25,2026-09-24,open,,,,False,False,chronic_late_payer
INV9000749,B009,B009-C1030,Chemicals Client 030,Chemicals & Plastics,60,46308.9,2024-03-25,2024-05-24,closed,2024-05-29,65,5,False,False,average_payer
INV9000750,B009,B009-C1030,Chemicals Client 030,Chemicals & Plastics,60,30471.44,2024-04-24,2024-06-23,closed,2024-07-07,74,14,False,False,average_payer
INV9000751,B009,B009-C1030,Chemicals Client 030,Chemicals & Plastics,60,49752.38,2024-04-25,2024-06-24,closed,2024-06-29,65,5,False,False,average_payer
INV9000752,B009,B009-C1030,Chemicals Client 030,Chemicals & Plastics,60,30259.57,2024-08-10,2024-10-09,closed,2024-10-13,64,4,False,False,average_payer
INV9000753,B009,B009-C1030,Chemicals Client 030,Chemicals & Plastics,60,32403.68,2024-08-13,2024-10-12,closed,2024-10-15,63,3,False,False,average_payer
INV9000754,B009,B009-C1030,Chemicals Client 030,Chemicals & Plastics,60,21927.12,2024-08-18,2024-10-17,closed,2024-10-28,71,11,False,False,average_payer
INV9000755,B009,B009-C1030,Chemicals Client 030,Chemicals & Plastics,60,32555.61,2024-09-08,2024-11-07,closed,2024-11-11,64,4,False,False,average_payer
INV9000756,B009,B009-C1030,Chemicals Client 030,Chemicals & Plastics,60,25149.29,2024-09-29,2024-11-28,closed,2024-12-07,69,9,False,False,average_payer
INV9000757,B009,B009-C1030,Chemicals Client 030,Chemicals & Plastics,60,58541.11,2024-10-13,2024-12-12,closed,2024-12-25,73,13,False,False,average_payer
INV9000758,B009,B009-C1030,Chemicals Client 030,Chemicals & Plastics,60,39773.65,2025-01-07,2025-03-08,closed,2025-03-20,72,12,False,False,average_payer
INV9000759,B009,B009-C1030,Chemicals Client 030,Chemicals & Plastics,60,65393.2,2025-01-26,2025-03-27,closed,2025-03-30,63,3,False,False,average_payer
INV9000760,B009,B009-C1030,Chemicals Client 030,Chemicals & Plastics,60,22011.75,2025-04-04,2025-06-03,closed,2025-06-08,65,5,False,False,average_payer
INV9000761,B009,B009-C1030,Chemicals Client 030,Chemicals & Plastics,60,47033.89,2025-04-13,2025-06-12,closed,2025-06-10,58,-2,False,False,average_payer
INV9000762,B009,B009-C1030,Chemicals Client 030,Chemicals & Plastics,60,26188.45,2025-09-03,2025-11-02,closed,2025-11-17,75,15,False,False,average_payer
INV9000763,B009,B009-C1030,Chemicals Client 030,Chemicals & Plastics,60,29001.72,2025-10-08,2025-12-07,closed,2025-12-11,64,4,False,False,average_payer
INV9000764,B009,B009-C1030,Chemicals Client 030,Chemicals & Plastics,60,55598.6,2026-01-15,2026-03-16,closed,2026-03-23,67,7,False,False,average_payer
INV9000765,B009,B009-C1030,Chemicals Client 030,Chemicals & Plastics,60,37563.57,2026-01-28,2026-03-29,closed,2026-03-24,55,-5,False,False,average_payer
INV9000766,B009,B009-C1030,Chemicals Client 030,Chemicals & Plastics,60,45164.24,2026-04-27,2026-06-26,closed,2026-07-11,75,15,False,False,average_payer
INV9000767,B009,B009-C1030,Chemicals Client 030,Chemicals & Plastics,60,43267.68,2026-05-15,2026-07-14,closed,2026-07-13,59,-1,False,False,average_payer
INV9000768,B009,B009-C1030,Chemicals Client 030,Chemicals & Plastics,60,35911.36,2026-05-21,2026-07-20,closed,2026-08-14,85,25,False,False,average_payer
INV9000769,B009,B009-C1030,Chemicals Client 030,Chemicals & Plastics,60,24954.85,2026-07-14,2026-09-12,disputed_open,,,,False,False,average_payer
INV9000770,B009,B009-C1030,Chemicals Client 030,Chemicals & Plastics,60,58169.06,2026-08-30,2026-10-29,open,,,,False,False,average_payer
INV9000771,B009,B009-C1031,Pharma Client 031,Pharma & Healthcare,45,28142.64,2024-04-13,2024-05-28,closed,2024-06-22,70,25,False,False,chronic_late_payer
INV9000772,B009,B009-C1031,Pharma Client 031,Pharma & Healthcare,45,41598.08,2024-04-23,2024-06-07,closed,2024-07-22,90,45,False,False,chronic_late_payer
INV9000773,B009,B009-C1031,Pharma Client 031,Pharma & Healthcare,45,61347.16,2024-05-04,2024-06-18,closed,2024-07-22,79,34,False,False,chronic_late_payer
INV9000774,B009,B009-C1031,Pharma Client 031,Pharma & Healthcare,45,50578.7,2024-06-07,2024-07-22,closed,2024-08-12,66,21,False,False,chronic_late_payer
INV9000775,B009,B009-C1031,Pharma Client 031,Pharma & Healthcare,45,36112.92,2024-07-09,2024-08-23,closed,2024-10-25,108,63,False,False,chronic_late_payer
INV9000776,B009,B009-C1031,Pharma Client 031,Pharma & Healthcare,45,36280.7,2024-08-05,2024-09-19,closed,2024-10-24,80,35,False,False,chronic_late_payer
INV9000777,B009,B009-C1031,Pharma Client 031,Pharma & Healthcare,45,37957.51,2024-10-01,2024-11-15,closed,2024-12-24,84,39,False,False,chronic_late_payer
INV9000778,B009,B009-C1031,Pharma Client 031,Pharma & Healthcare,45,66872.36,2024-11-03,2024-12-18,closed,2025-02-02,91,46,False,False,chronic_late_payer
INV9000779,B009,B009-C1031,Pharma Client 031,Pharma & Healthcare,45,34076.73,2024-11-04,2024-12-19,open,,,,False,False,chronic_late_payer
INV9000780,B009,B009-C1031,Pharma Client 031,Pharma & Healthcare,45,111317.01,2024-12-25,2025-02-08,closed,2025-03-18,83,38,True,True,chronic_late_payer
INV9000781,B009,B009-C1031,Pharma Client 031,Pharma & Healthcare,45,61905.44,2025-07-28,2025-09-11,closed,2025-10-03,67,22,False,False,chronic_late_payer
INV9000782,B009,B009-C1031,Pharma Client 031,Pharma & Healthcare,45,31517.08,2025-09-21,2025-11-05,closed,2025-12-08,78,33,False,False,chronic_late_payer
INV9000783,B009,B009-C1031,Pharma Client 031,Pharma & Healthcare,45,83691.42,2025-09-30,2025-11-14,closed,2025-11-28,59,14,False,True,chronic_late_payer
INV9000784,B009,B009-C1031,Pharma Client 031,Pharma & Healthcare,45,33285.97,2025-12-06,2026-01-20,closed,2026-02-03,59,14,False,False,chronic_late_payer
INV9000785,B009,B009-C1031,Pharma Client 031,Pharma & Healthcare,45,44926.03,2025-12-07,2026-01-21,closed,2026-03-20,103,58,False,False,chronic_late_payer
INV9000786,B009,B009-C1031,Pharma Client 031,Pharma & Healthcare,45,52108.05,2026-01-30,2026-03-16,closed,2026-04-04,64,19,False,False,chronic_late_payer
INV9000787,B009,B009-C1031,Pharma Client 031,Pharma & Healthcare,45,31622.6,2026-02-13,2026-03-30,closed,2026-05-10,86,41,False,False,chronic_late_payer
INV9000788,B009,B009-C1031,Pharma Client 031,Pharma & Healthcare,45,55212.86,2026-04-23,2026-06-07,closed,2026-07-10,78,33,False,False,chronic_late_payer
INV9000789,B009,B009-C1031,Pharma Client 031,Pharma & Healthcare,45,49509.65,2026-06-07,2026-07-22,open,,,,False,False,chronic_late_payer
INV9000790,B009,B009-C1031,Pharma Client 031,Pharma & Healthcare,45,204443.98,2026-08-08,2026-09-22,open,,,,False,True,chronic_late_payer
INV9000791,B009,B009-C1032,Metal Client 032,Metal & Engineering,30,37954.69,2024-04-17,2024-05-17,closed,2024-07-25,99,69,False,False,erratic_payer
INV9000792,B009,B009-C1032,Metal Client 032,Metal & Engineering,30,29980.11,2024-05-23,2024-06-22,closed,2024-06-22,30,0,False,False,erratic_payer
INV9000793,B009,B009-C1032,Metal Client 032,Metal & Engineering,30,46217.84,2024-06-28,2024-07-28,closed,2024-07-27,29,-1,False,False,erratic_payer
INV9000794,B009,B009-C1032,Metal Client 032,Metal & Engineering,30,71688.52,2024-07-26,2024-08-25,closed,2024-09-08,44,14,False,False,erratic_payer
INV9000795,B009,B009-C1032,Metal Client 032,Metal & Engineering,30,45768.41,2024-09-09,2024-10-09,closed,2024-12-23,105,75,False,False,erratic_payer
INV9000796,B009,B009-C1032,Metal Client 032,Metal & Engineering,30,73242.49,2024-11-17,2024-12-17,closed,2024-12-30,43,13,False,False,erratic_payer
INV9000797,B009,B009-C1032,Metal Client 032,Metal & Engineering,30,29180.82,2024-11-30,2024-12-30,closed,2024-12-01,1,-29,False,False,erratic_payer
INV9000798,B009,B009-C1032,Metal Client 032,Metal & Engineering,30,39537.1,2025-01-31,2025-03-02,closed,2025-04-11,70,40,False,False,erratic_payer
INV9000799,B009,B009-C1032,Metal Client 032,Metal & Engineering,30,28536.88,2025-03-12,2025-04-11,closed,2025-04-27,46,16,False,False,erratic_payer
INV9000800,B009,B009-C1032,Metal Client 032,Metal & Engineering,30,44485.29,2025-03-14,2025-04-13,closed,2025-04-13,30,0,False,False,erratic_payer
INV9000801,B009,B009-C1032,Metal Client 032,Metal & Engineering,30,38319.44,2025-09-13,2025-10-13,closed,2025-10-11,28,-2,False,False,erratic_payer
INV9000802,B009,B009-C1032,Metal Client 032,Metal & Engineering,30,110520.07,2025-10-05,2025-11-04,closed,2025-11-08,34,4,False,True,erratic_payer
INV9000803,B009,B009-C1032,Metal Client 032,Metal & Engineering,30,45066.9,2025-10-12,2025-11-11,closed,2025-11-04,23,-7,False,False,erratic_payer
INV9000804,B009,B009-C1032,Metal Client 032,Metal & Engineering,30,111797.66,2025-11-09,2025-12-09,closed,2025-12-05,26,-4,False,False,erratic_payer
INV9000805,B009,B009-C1032,Metal Client 032,Metal & Engineering,30,57527.46,2025-11-20,2025-12-20,closed,2025-12-26,36,6,False,False,erratic_payer
INV9000806,B009,B009-C1032,Metal Client 032,Metal & Engineering,30,66294.54,2026-01-17,2026-02-16,closed,2026-02-09,23,-7,False,False,erratic_payer
INV9000807,B009,B009-C1032,Metal Client 032,Metal & Engineering,30,45463.76,2026-01-27,2026-02-26,closed,2026-06-30,154,124,False,False,erratic_payer
INV9000808,B009,B009-C1032,Metal Client 032,Metal & Engineering,30,37755.89,2026-04-23,2026-05-23,open,,,,False,False,erratic_payer
INV9000809,B009,B009-C1032,Metal Client 032,Metal & Engineering,30,41092.92,2026-06-03,2026-07-03,closed,2026-07-09,36,6,False,False,erratic_payer
INV9000810,B009,B009-C1032,Metal Client 032,Metal & Engineering,30,48823.86,2026-06-09,2026-07-09,closed,2026-07-30,51,21,False,False,erratic_payer
INV9000811,B009,B009-C1032,Metal Client 032,Metal & Engineering,30,58502.53,2026-08-21,2026-09-20,open,,,,False,False,erratic_payer
INV9000812,B009,B009-C1032,Metal Client 032,Metal & Engineering,30,60840.81,2026-08-27,2026-09-26,open,,,,False,False,erratic_payer
INV9000813,B009,B009-C1033,Electronics Client 033,Electronics & Electricals,30,148788.04,2024-03-29,2024-04-28,closed,2024-05-18,50,20,False,False,erratic_payer
INV9000814,B009,B009-C1033,Electronics Client 033,Electronics & Electricals,30,126404.99,2024-07-26,2024-08-25,closed,2024-09-02,38,8,False,False,erratic_payer
INV9000815,B009,B009-C1033,Electronics Client 033,Electronics & Electricals,30,357763.43,2024-08-01,2024-08-31,closed,2024-09-16,46,16,False,False,erratic_payer
INV9000816,B009,B009-C1033,Electronics Client 033,Electronics & Electricals,30,228719.25,2024-08-27,2024-09-26,closed,2024-10-02,36,6,False,False,erratic_payer
INV9000817,B009,B009-C1033,Electronics Client 033,Electronics & Electricals,30,268732.63,2025-01-13,2025-02-12,closed,2025-02-19,37,7,False,False,erratic_payer
INV9000818,B009,B009-C1033,Electronics Client 033,Electronics & Electricals,30,236264.8,2025-03-19,2025-04-18,closed,2025-04-17,29,-1,True,False,erratic_payer
INV9000819,B009,B009-C1033,Electronics Client 033,Electronics & Electricals,30,279410.14,2025-04-03,2025-05-03,closed,2025-05-29,56,26,False,False,erratic_payer
INV9000820,B009,B009-C1033,Electronics Client 033,Electronics & Electricals,30,160239.1,2025-05-08,2025-06-07,closed,2025-06-11,34,4,False,False,erratic_payer
INV9000821,B009,B009-C1033,Electronics Client 033,Electronics & Electricals,30,261818.49,2025-05-09,2025-06-08,closed,2025-06-25,47,17,False,False,erratic_payer
INV9000822,B009,B009-C1033,Electronics Client 033,Electronics & Electricals,30,285063.44,2025-08-28,2025-09-27,closed,2025-10-05,38,8,False,False,erratic_payer
INV9000823,B009,B009-C1033,Electronics Client 033,Electronics & Electricals,30,327158.18,2025-09-21,2025-10-21,closed,2025-10-18,27,-3,False,False,erratic_payer
INV9000824,B009,B009-C1033,Electronics Client 033,Electronics & Electricals,30,188536.92,2025-09-27,2025-10-27,closed,2025-10-29,32,2,False,False,erratic_payer
INV9000825,B009,B009-C1033,Electronics Client 033,Electronics & Electricals,30,584065.1,2025-10-17,2025-11-16,closed,2025-11-09,23,-7,False,False,erratic_payer
INV9000826,B009,B009-C1033,Electronics Client 033,Electronics & Electricals,30,307760.54,2025-12-20,2026-01-19,open,,,,False,False,erratic_payer
INV9000827,B009,B009-C1033,Electronics Client 033,Electronics & Electricals,30,179692.7,2026-04-28,2026-05-28,closed,2026-06-06,39,9,False,False,erratic_payer
INV9000828,B009,B009-C1033,Electronics Client 033,Electronics & Electricals,30,211408.89,2026-05-12,2026-06-11,closed,2026-06-28,47,17,False,False,erratic_payer
INV9000829,B009,B009-C1033,Electronics Client 033,Electronics & Electricals,30,170324.67,2026-05-18,2026-06-17,closed,2026-07-05,48,18,False,False,erratic_payer
INV9000830,B009,B009-C1033,Electronics Client 033,Electronics & Electricals,30,227275.81,2026-08-21,2026-09-20,open,,,,False,False,erratic_payer
INV9000831,B009,B009-C1034,Retail Client 034,Retail & Distribution,45,196688.1,2024-06-19,2024-08-03,closed,2024-08-16,58,13,False,False,average_payer
INV9000832,B009,B009-C1034,Retail Client 034,Retail & Distribution,45,277167.21,2024-07-15,2024-08-29,closed,2024-09-08,55,10,False,False,average_payer
INV9000833,B009,B009-C1034,Retail Client 034,Retail & Distribution,45,380415.24,2024-08-15,2024-09-29,closed,2024-10-05,51,6,False,False,average_payer
INV9000834,B009,B009-C1034,Retail Client 034,Retail & Distribution,45,335183.24,2024-09-28,2024-11-12,closed,2024-11-18,51,6,False,False,average_payer
INV9000835,B009,B009-C1034,Retail Client 034,Retail & Distribution,45,417428.57,2024-11-18,2025-01-02,closed,2025-01-09,52,7,False,False,average_payer
INV9000836,B009,B009-C1034,Retail Client 034,Retail & Distribution,45,202932.36,2024-11-20,2025-01-04,closed,2025-01-07,48,3,False,False,average_payer
INV9000837,B009,B009-C1034,Retail Client 034,Retail & Distribution,45,147791.32,2024-12-06,2025-01-20,closed,2025-01-28,53,8,False,False,average_payer
INV9000838,B009,B009-C1034,Retail Client 034,Retail & Distribution,45,148713.35,2025-03-12,2025-04-26,closed,2025-05-07,56,11,False,False,average_payer
INV9000839,B009,B009-C1034,Retail Client 034,Retail & Distribution,45,282178.36,2025-03-21,2025-05-05,open,,,,False,False,average_payer
INV9000840,B009,B009-C1034,Retail Client 034,Retail & Distribution,45,1104137.59,2025-03-25,2025-05-09,closed,2025-05-22,58,13,False,True,average_payer
INV9000841,B009,B009-C1034,Retail Client 034,Retail & Distribution,45,179162.87,2025-04-30,2025-06-14,closed,2025-06-18,49,4,False,False,average_payer
INV9000842,B009,B009-C1034,Retail Client 034,Retail & Distribution,45,161253.05,2025-07-21,2025-09-04,closed,2025-09-09,50,5,False,False,average_payer
INV9000843,B009,B009-C1034,Retail Client 034,Retail & Distribution,45,242706.16,2025-09-18,2025-11-02,closed,2025-11-11,54,9,False,False,average_payer
INV9000844,B009,B009-C1034,Retail Client 034,Retail & Distribution,45,156422.44,2025-09-20,2025-11-04,closed,2025-11-11,52,7,False,False,average_payer
INV9000845,B009,B009-C1034,Retail Client 034,Retail & Distribution,45,278094.23,2025-10-15,2025-11-29,closed,2025-12-11,57,12,False,False,average_payer
INV9000846,B009,B009-C1034,Retail Client 034,Retail & Distribution,45,205695.89,2025-10-25,2025-12-09,closed,2025-12-18,54,9,False,False,average_payer
INV9000847,B009,B009-C1034,Retail Client 034,Retail & Distribution,45,235295.75,2025-11-12,2025-12-27,closed,2026-01-04,53,8,False,False,average_payer
INV9000848,B009,B009-C1034,Retail Client 034,Retail & Distribution,45,241270.99,2025-12-12,2026-01-26,closed,2026-02-13,63,18,False,False,average_payer
INV9000849,B009,B009-C1034,Retail Client 034,Retail & Distribution,45,239572.76,2025-12-27,2026-02-10,closed,2026-02-20,55,10,False,False,average_payer
INV9000850,B009,B009-C1034,Retail Client 034,Retail & Distribution,45,132330.08,2025-12-31,2026-02-14,closed,2026-02-04,35,-10,False,False,average_payer
INV9000851,B009,B009-C1034,Retail Client 034,Retail & Distribution,45,236648.06,2026-06-05,2026-07-20,closed,2026-07-14,39,-6,False,False,average_payer
INV9000852,B009,B009-C1034,Retail Client 034,Retail & Distribution,45,269114.06,2026-06-26,2026-08-10,closed,2026-08-12,47,2,False,False,average_payer
INV9000853,B009,B009-C1034,Retail Client 034,Retail & Distribution,45,168055.54,2026-07-03,2026-08-17,closed,2026-08-18,46,1,False,False,average_payer
INV9000854,B009,B009-C1035,Electronics Client 035,Electronics & Electricals,60,112045.99,2025-04-02,2025-06-01,closed,2025-06-19,78,18,False,False,cold_start
INV9000855,B009,B009-C1035,Electronics Client 035,Electronics & Electricals,60,50054.3,2026-03-15,2026-05-14,closed,2026-05-29,75,15,False,False,cold_start
INV9000856,B009,B009-C1035,Electronics Client 035,Electronics & Electricals,60,56834.55,2026-04-11,2026-06-10,closed,2026-06-23,73,13,False,False,cold_start
INV9000857,B009,B009-C1036,Pharma Client 036,Pharma & Healthcare,60,232649.08,2024-04-05,2024-06-04,closed,2024-06-04,60,0,False,False,erratic_payer
INV9000858,B009,B009-C1036,Pharma Client 036,Pharma & Healthcare,60,214248.15,2024-05-17,2024-07-16,closed,2024-07-22,66,6,False,False,erratic_payer
INV9000859,B009,B009-C1036,Pharma Client 036,Pharma & Healthcare,60,142163.41,2024-05-21,2024-07-20,closed,2024-07-16,56,-4,False,False,erratic_payer
INV9000860,B009,B009-C1036,Pharma Client 036,Pharma & Healthcare,60,124111.08,2024-06-21,2024-08-20,closed,2024-08-13,53,-7,False,False,erratic_payer
INV9000861,B009,B009-C1036,Pharma Client 036,Pharma & Healthcare,60,204607.9,2024-07-13,2024-09-11,closed,2024-09-25,74,14,False,False,erratic_payer
INV9000862,B009,B009-C1036,Pharma Client 036,Pharma & Healthcare,60,124643.44,2024-07-13,2024-09-11,closed,2024-09-17,66,6,False,False,erratic_payer
INV9000863,B009,B009-C1036,Pharma Client 036,Pharma & Healthcare,60,118294.56,2024-08-07,2024-10-06,closed,2024-10-25,79,19,False,False,erratic_payer
INV9000864,B009,B009-C1036,Pharma Client 036,Pharma & Healthcare,60,239692.18,2024-08-21,2024-10-20,closed,2024-10-23,63,3,False,False,erratic_payer
INV9000865,B009,B009-C1036,Pharma Client 036,Pharma & Healthcare,60,207725.1,2024-10-05,2024-12-04,closed,2024-12-07,63,3,False,False,erratic_payer
INV9000866,B009,B009-C1036,Pharma Client 036,Pharma & Healthcare,60,139624.07,2024-10-19,2024-12-18,closed,2024-12-28,70,10,False,False,erratic_payer
INV9000867,B009,B009-C1036,Pharma Client 036,Pharma & Healthcare,60,198345.03,2024-11-09,2025-01-08,closed,2025-01-30,82,22,True,False,erratic_payer
INV9000868,B009,B009-C1036,Pharma Client 036,Pharma & Healthcare,60,104676.27,2024-11-13,2025-01-12,closed,2025-01-18,66,6,False,False,erratic_payer
INV9000869,B009,B009-C1036,Pharma Client 036,Pharma & Healthcare,60,131458.13,2024-11-23,2025-01-22,closed,2025-01-23,61,1,False,False,erratic_payer
INV9000870,B009,B009-C1036,Pharma Client 036,Pharma & Healthcare,60,103781.95,2024-12-12,2025-02-10,closed,2025-02-22,72,12,False,False,erratic_payer
INV9000871,B009,B009-C1036,Pharma Client 036,Pharma & Healthcare,60,120751.59,2025-02-27,2025-04-28,closed,2025-04-29,61,1,False,False,erratic_payer
INV9000872,B009,B009-C1036,Pharma Client 036,Pharma & Healthcare,60,110844.4,2025-03-11,2025-05-10,closed,2025-05-22,72,12,False,False,erratic_payer
INV9000873,B009,B009-C1036,Pharma Client 036,Pharma & Healthcare,60,115459.46,2025-05-12,2025-07-11,closed,2025-07-10,59,-1,False,False,erratic_payer
INV9000874,B009,B009-C1036,Pharma Client 036,Pharma & Healthcare,60,204064.35,2025-05-22,2025-07-21,closed,2025-08-03,73,13,False,False,erratic_payer
INV9000875,B009,B009-C1036,Pharma Client 036,Pharma & Healthcare,60,170771.61,2025-05-22,2025-07-21,closed,2025-08-04,74,14,False,False,erratic_payer
INV9000876,B009,B009-C1036,Pharma Client 036,Pharma & Healthcare,60,157422.22,2025-05-30,2025-07-29,closed,2025-07-22,53,-7,False,False,erratic_payer
INV9000877,B009,B009-C1036,Pharma Client 036,Pharma & Healthcare,60,103811.87,2025-06-04,2025-08-03,closed,2025-08-10,67,7,False,False,erratic_payer
INV9000878,B009,B009-C1036,Pharma Client 036,Pharma & Healthcare,60,143562.48,2025-08-05,2025-10-04,closed,2025-10-01,57,-3,False,False,erratic_payer
INV9000879,B009,B009-C1036,Pharma Client 036,Pharma & Healthcare,60,633229.86,2025-08-28,2025-10-27,closed,2025-12-25,119,59,False,True,erratic_payer
INV9000880,B009,B009-C1036,Pharma Client 036,Pharma & Healthcare,60,155388.44,2025-10-26,2025-12-25,closed,2026-01-02,68,8,True,False,erratic_payer
INV9000881,B009,B009-C1036,Pharma Client 036,Pharma & Healthcare,60,203522.42,2025-10-30,2025-12-29,closed,2026-01-14,76,16,False,False,erratic_payer
INV9000882,B009,B009-C1036,Pharma Client 036,Pharma & Healthcare,60,121588.78,2025-11-13,2026-01-12,closed,2026-01-27,75,15,False,False,erratic_payer
INV9000883,B009,B009-C1036,Pharma Client 036,Pharma & Healthcare,60,111133.73,2025-11-22,2026-01-21,closed,2026-01-26,65,5,False,False,erratic_payer
INV9000884,B009,B009-C1036,Pharma Client 036,Pharma & Healthcare,60,149797.43,2025-12-01,2026-01-30,closed,2026-02-01,62,2,False,False,erratic_payer
INV9000885,B009,B009-C1036,Pharma Client 036,Pharma & Healthcare,60,126904.56,2025-12-13,2026-02-11,closed,2026-02-26,75,15,False,False,erratic_payer
INV9000886,B009,B009-C1036,Pharma Client 036,Pharma & Healthcare,60,223728.61,2026-01-09,2026-03-10,closed,2026-03-13,63,3,False,False,erratic_payer
INV9000887,B009,B009-C1036,Pharma Client 036,Pharma & Healthcare,60,246804.3,2026-01-17,2026-03-18,closed,2026-03-23,65,5,False,False,erratic_payer
INV9000888,B009,B009-C1036,Pharma Client 036,Pharma & Healthcare,60,85586.56,2026-04-02,2026-06-01,closed,2026-06-18,77,17,False,False,erratic_payer
INV9000889,B009,B009-C1036,Pharma Client 036,Pharma & Healthcare,60,135432.39,2026-04-05,2026-06-04,closed,2026-06-12,68,8,False,False,erratic_payer
INV9000890,B009,B009-C1036,Pharma Client 036,Pharma & Healthcare,60,139781.45,2026-04-22,2026-06-21,closed,2026-06-13,52,-8,False,False,erratic_payer
INV9000891,B009,B009-C1036,Pharma Client 036,Pharma & Healthcare,60,196007.67,2026-06-26,2026-08-25,open,,,,False,False,erratic_payer
INV9000892,B009,B009-C1036,Pharma Client 036,Pharma & Healthcare,60,142343.08,2026-07-16,2026-09-14,disputed_open,,,,False,False,erratic_payer
INV9000893,B009,B009-C1037,FMCG Client 037,FMCG & Food Processing,30,137544.66,2024-03-29,2024-04-28,closed,2024-04-26,28,-2,False,False,seasonal_payer
INV9000894,B009,B009-C1037,FMCG Client 037,FMCG & Food Processing,30,149497.84,2024-06-09,2024-07-09,open,,,,False,False,seasonal_payer
INV9000895,B009,B009-C1037,FMCG Client 037,FMCG & Food Processing,30,147299.15,2024-06-23,2024-07-23,closed,2024-07-21,28,-2,False,False,seasonal_payer
INV9000896,B009,B009-C1037,FMCG Client 037,FMCG & Food Processing,30,121317.1,2024-07-02,2024-08-01,closed,2024-08-16,45,15,False,False,seasonal_payer
INV9000897,B009,B009-C1037,FMCG Client 037,FMCG & Food Processing,30,134831.02,2024-07-09,2024-08-08,open,,,,False,False,seasonal_payer
INV9000898,B009,B009-C1037,FMCG Client 037,FMCG & Food Processing,30,112713.64,2024-10-01,2024-10-31,closed,2024-11-19,49,19,False,False,seasonal_payer
INV9000899,B009,B009-C1037,FMCG Client 037,FMCG & Food Processing,30,198694.22,2024-10-18,2024-11-17,closed,2024-11-26,39,9,False,False,seasonal_payer
INV9000900,B009,B009-C1037,FMCG Client 037,FMCG & Food Processing,30,192815.29,2024-11-24,2024-12-24,closed,2025-01-01,38,8,False,False,seasonal_payer
INV9000901,B009,B009-C1037,FMCG Client 037,FMCG & Food Processing,30,92813.34,2024-12-15,2025-01-14,closed,2025-01-22,38,8,False,False,seasonal_payer
INV9000902,B009,B009-C1037,FMCG Client 037,FMCG & Food Processing,30,133510.92,2024-12-28,2025-01-27,closed,2025-02-14,48,18,False,False,seasonal_payer
INV9000903,B009,B009-C1037,FMCG Client 037,FMCG & Food Processing,30,88101.81,2025-01-02,2025-02-01,closed,2025-02-14,43,13,False,False,seasonal_payer
INV9000904,B009,B009-C1037,FMCG Client 037,FMCG & Food Processing,30,104005.99,2025-01-03,2025-02-02,closed,2025-02-04,32,2,False,False,seasonal_payer
INV9000905,B009,B009-C1037,FMCG Client 037,FMCG & Food Processing,30,69147.72,2025-01-28,2025-02-27,closed,2025-03-04,35,5,False,False,seasonal_payer
INV9000906,B009,B009-C1037,FMCG Client 037,FMCG & Food Processing,30,130737.53,2025-03-01,2025-03-31,closed,2025-03-25,24,-6,False,False,seasonal_payer
INV9000907,B009,B009-C1037,FMCG Client 037,FMCG & Food Processing,30,96584.12,2025-03-18,2025-04-17,closed,2025-04-11,24,-6,False,False,seasonal_payer
INV9000908,B009,B009-C1037,FMCG Client 037,FMCG & Food Processing,30,612891.04,2025-03-28,2025-04-27,closed,2025-05-04,37,7,False,True,seasonal_payer
INV9000909,B009,B009-C1037,FMCG Client 037,FMCG & Food Processing,30,117096.56,2025-07-15,2025-08-14,closed,2025-08-18,34,4,False,False,seasonal_payer
INV9000910,B009,B009-C1037,FMCG Client 037,FMCG & Food Processing,30,131055.89,2025-08-16,2025-09-15,closed,2025-09-09,24,-6,False,False,seasonal_payer
INV9000911,B009,B009-C1037,FMCG Client 037,FMCG & Food Processing,30,103204.6,2025-08-29,2025-09-28,closed,2025-10-22,54,24,True,False,seasonal_payer
INV9000912,B009,B009-C1037,FMCG Client 037,FMCG & Food Processing,30,47862.7,2025-12-19,2026-01-18,closed,2026-02-03,46,16,False,False,seasonal_payer
INV9000913,B009,B009-C1037,FMCG Client 037,FMCG & Food Processing,30,258300.94,2026-01-31,2026-03-02,closed,2026-03-14,42,12,False,False,seasonal_payer
INV9000914,B009,B009-C1037,FMCG Client 037,FMCG & Food Processing,30,139651.32,2026-03-17,2026-04-16,closed,2026-04-08,22,-8,False,False,seasonal_payer
INV9000915,B009,B009-C1037,FMCG Client 037,FMCG & Food Processing,30,89255.26,2026-05-02,2026-06-01,closed,2026-06-08,37,7,False,False,seasonal_payer
INV9000916,B009,B009-C1037,FMCG Client 037,FMCG & Food Processing,30,148372.3,2026-05-11,2026-06-10,closed,2026-06-02,22,-8,False,False,seasonal_payer
INV9000917,B009,B009-C1037,FMCG Client 037,FMCG & Food Processing,30,160148.97,2026-05-29,2026-06-28,closed,2026-07-02,34,4,False,False,seasonal_payer
INV9000918,B009,B009-C1037,FMCG Client 037,FMCG & Food Processing,30,94136.93,2026-06-27,2026-07-27,closed,2026-08-07,41,11,False,False,seasonal_payer
INV9000919,B009,B009-C1037,FMCG Client 037,FMCG & Food Processing,30,88132.59,2026-08-26,2026-09-25,disputed_open,,,,False,False,seasonal_payer
INV9000920,B009,B009-C1038,FMCG Client 038,FMCG & Food Processing,45,329307.09,2024-04-21,2024-06-05,closed,2024-06-16,56,11,False,False,average_payer
INV9000921,B009,B009-C1038,FMCG Client 038,FMCG & Food Processing,45,278232.74,2024-05-08,2024-06-22,closed,2024-07-08,61,16,False,False,average_payer
INV9000922,B009,B009-C1038,FMCG Client 038,FMCG & Food Processing,45,751782.36,2024-06-21,2024-08-05,closed,2024-08-01,41,-4,False,False,average_payer
INV9000923,B009,B009-C1038,FMCG Client 038,FMCG & Food Processing,45,415033.08,2024-07-20,2024-09-03,closed,2024-09-17,59,14,False,False,average_payer
INV9000924,B009,B009-C1038,FMCG Client 038,FMCG & Food Processing,45,234429.58,2024-08-23,2024-10-07,closed,2024-10-21,59,14,False,False,average_payer
INV9000925,B009,B009-C1038,FMCG Client 038,FMCG & Food Processing,45,288779.59,2024-09-01,2024-10-16,closed,2024-10-27,56,11,False,False,average_payer
INV9000926,B009,B009-C1038,FMCG Client 038,FMCG & Food Processing,45,322820.74,2024-10-08,2024-11-22,closed,2024-11-26,49,4,False,False,average_payer
INV9000927,B009,B009-C1038,FMCG Client 038,FMCG & Food Processing,45,193445.59,2024-11-15,2024-12-30,closed,2025-01-04,50,5,False,False,average_payer
INV9000928,B009,B009-C1038,FMCG Client 038,FMCG & Food Processing,45,311942.81,2024-12-07,2025-01-21,closed,2025-01-16,40,-5,False,False,average_payer
INV9000929,B009,B009-C1038,FMCG Client 038,FMCG & Food Processing,45,841601.24,2024-12-29,2025-02-12,closed,2025-02-27,60,15,False,True,average_payer
INV9000930,B009,B009-C1038,FMCG Client 038,FMCG & Food Processing,45,882945.59,2025-01-16,2025-03-02,closed,2025-03-11,54,9,False,True,average_payer
INV9000931,B009,B009-C1038,FMCG Client 038,FMCG & Food Processing,45,503696.74,2025-01-28,2025-03-14,closed,2025-03-13,44,-1,False,False,average_payer
INV9000932,B009,B009-C1038,FMCG Client 038,FMCG & Food Processing,45,362363.37,2025-02-07,2025-03-24,closed,2025-03-29,50,5,False,False,average_payer
INV9000933,B009,B009-C1038,FMCG Client 038,FMCG & Food Processing,45,246347.59,2025-03-23,2025-05-07,closed,2025-05-17,55,10,False,False,average_payer
INV9000934,B009,B009-C1038,FMCG Client 038,FMCG & Food Processing,45,340441.77,2025-05-04,2025-06-18,closed,2025-06-18,45,0,False,False,average_payer
INV9000935,B009,B009-C1038,FMCG Client 038,FMCG & Food Processing,45,290426.76,2025-06-21,2025-08-05,closed,2025-08-18,58,13,False,False,average_payer
INV9000936,B009,B009-C1038,FMCG Client 038,FMCG & Food Processing,45,399152.18,2025-07-12,2025-08-26,closed,2025-08-26,45,0,False,False,average_payer
INV9000937,B009,B009-C1038,FMCG Client 038,FMCG & Food Processing,45,479727.28,2025-09-03,2025-10-18,closed,2025-10-26,53,8,False,False,average_payer
INV9000938,B009,B009-C1038,FMCG Client 038,FMCG & Food Processing,45,300007.53,2025-09-09,2025-10-24,closed,2025-11-05,57,12,False,False,average_payer
INV9000939,B009,B009-C1038,FMCG Client 038,FMCG & Food Processing,45,257169.55,2025-10-31,2025-12-15,closed,2025-12-06,36,-9,True,False,average_payer
INV9000940,B009,B009-C1038,FMCG Client 038,FMCG & Food Processing,45,272790.48,2025-11-02,2025-12-17,closed,2025-12-26,54,9,False,False,average_payer
INV9000941,B009,B009-C1038,FMCG Client 038,FMCG & Food Processing,45,195431.6,2025-11-04,2025-12-19,closed,2025-12-27,53,8,False,False,average_payer
INV9000942,B009,B009-C1038,FMCG Client 038,FMCG & Food Processing,45,217515.78,2025-11-24,2026-01-08,closed,2026-01-12,49,4,False,False,average_payer
INV9000943,B009,B009-C1038,FMCG Client 038,FMCG & Food Processing,45,271182.7,2025-12-03,2026-01-17,closed,2026-01-28,56,11,False,False,average_payer
INV9000944,B009,B009-C1038,FMCG Client 038,FMCG & Food Processing,45,295733.24,2026-03-02,2026-04-16,closed,2026-04-17,46,1,False,False,average_payer
INV9000945,B009,B009-C1038,FMCG Client 038,FMCG & Food Processing,45,223725.9,2026-06-01,2026-07-16,closed,2026-07-14,43,-2,False,False,average_payer
INV9000946,B009,B009-C1038,FMCG Client 038,FMCG & Food Processing,45,325219.53,2026-07-21,2026-09-04,open,,,,False,False,average_payer
INV9000947,B009,B009-C1038,FMCG Client 038,FMCG & Food Processing,45,2460975.2,2026-07-22,2026-09-05,open,,,,False,True,average_payer
INV9000948,B009,B009-C1038,FMCG Client 038,FMCG & Food Processing,45,641650.09,2026-08-15,2026-09-29,open,,,,False,False,average_payer
INV9000949,B009,B009-C1038,FMCG Client 038,FMCG & Food Processing,45,1144144.84,2026-08-17,2026-10-01,open,,,,False,True,average_payer
INV9000950,B009,B009-C1039,Metal Client 039,Metal & Engineering,30,54902.57,2024-05-13,2024-06-12,closed,2024-06-10,28,-2,False,False,deteriorating_payer
INV9000951,B009,B009-C1039,Metal Client 039,Metal & Engineering,30,271991.75,2024-07-09,2024-08-08,closed,2024-08-27,49,19,False,True,deteriorating_payer
INV9000952,B009,B009-C1039,Metal Client 039,Metal & Engineering,30,78657.98,2024-07-10,2024-08-09,closed,2024-08-22,43,13,False,False,deteriorating_payer
INV9000953,B009,B009-C1039,Metal Client 039,Metal & Engineering,30,94593.64,2024-07-26,2024-08-25,closed,2024-09-02,38,8,False,False,deteriorating_payer
INV9000954,B009,B009-C1039,Metal Client 039,Metal & Engineering,30,124662.12,2024-09-04,2024-10-04,closed,2024-10-12,38,8,False,False,deteriorating_payer
INV9000955,B009,B009-C1039,Metal Client 039,Metal & Engineering,30,81471.83,2024-09-16,2024-10-16,closed,2024-11-09,54,24,False,False,deteriorating_payer
INV9000956,B009,B009-C1039,Metal Client 039,Metal & Engineering,30,65645.63,2024-10-04,2024-11-03,closed,2024-11-29,56,26,False,False,deteriorating_payer
INV9000957,B009,B009-C1039,Metal Client 039,Metal & Engineering,30,87720.25,2024-10-14,2024-11-13,closed,2024-11-14,31,1,False,False,deteriorating_payer
INV9000958,B009,B009-C1039,Metal Client 039,Metal & Engineering,30,80049.91,2024-10-30,2024-11-29,closed,2024-12-21,52,22,False,False,deteriorating_payer
INV9000959,B009,B009-C1039,Metal Client 039,Metal & Engineering,30,48158.0,2024-11-01,2024-12-01,closed,2024-12-08,37,7,False,False,deteriorating_payer
INV9000960,B009,B009-C1039,Metal Client 039,Metal & Engineering,30,123456.98,2024-11-06,2024-12-06,closed,2024-12-31,55,25,False,False,deteriorating_payer
INV9000961,B009,B009-C1039,Metal Client 039,Metal & Engineering,30,99683.54,2024-11-26,2024-12-26,closed,2025-01-15,50,20,False,False,deteriorating_payer
INV9000962,B009,B009-C1039,Metal Client 039,Metal & Engineering,30,92015.52,2024-11-30,2024-12-30,closed,2025-01-19,50,20,False,False,deteriorating_payer
INV9000963,B009,B009-C1039,Metal Client 039,Metal & Engineering,30,311053.13,2024-12-06,2025-01-05,closed,2025-01-15,40,10,False,True,deteriorating_payer
INV9000964,B009,B009-C1039,Metal Client 039,Metal & Engineering,30,116981.14,2024-12-09,2025-01-08,closed,2025-01-16,38,8,False,False,deteriorating_payer
INV9000965,B009,B009-C1039,Metal Client 039,Metal & Engineering,30,87382.26,2024-12-14,2025-01-13,closed,2025-02-06,54,24,False,False,deteriorating_payer
INV9000966,B009,B009-C1039,Metal Client 039,Metal & Engineering,30,102483.46,2025-01-06,2025-02-05,closed,2025-02-25,50,20,False,False,deteriorating_payer
INV9000967,B009,B009-C1039,Metal Client 039,Metal & Engineering,30,143123.71,2025-02-05,2025-03-07,closed,2025-03-18,41,11,False,False,deteriorating_payer
INV9000968,B009,B009-C1039,Metal Client 039,Metal & Engineering,30,83324.71,2025-03-12,2025-04-11,closed,2025-05-04,53,23,False,False,deteriorating_payer
INV9000969,B009,B009-C1039,Metal Client 039,Metal & Engineering,30,90856.5,2025-05-22,2025-06-21,closed,2025-07-18,57,27,False,False,deteriorating_payer
INV9000970,B009,B009-C1039,Metal Client 039,Metal & Engineering,30,82594.97,2025-06-09,2025-07-09,closed,2025-08-02,54,24,False,False,deteriorating_payer
INV9000971,B009,B009-C1039,Metal Client 039,Metal & Engineering,30,75100.77,2025-06-17,2025-07-17,closed,2025-08-14,58,28,False,False,deteriorating_payer
INV9000972,B009,B009-C1039,Metal Client 039,Metal & Engineering,30,141060.55,2025-07-06,2025-08-05,closed,2025-09-23,79,49,False,False,deteriorating_payer
INV9000973,B009,B009-C1039,Metal Client 039,Metal & Engineering,30,115650.37,2025-08-01,2025-08-31,closed,2025-09-23,53,23,False,False,deteriorating_payer
INV9000974,B009,B009-C1039,Metal Client 039,Metal & Engineering,30,74025.58,2025-08-28,2025-09-27,closed,2025-10-17,50,20,False,False,deteriorating_payer
INV9000975,B009,B009-C1039,Metal Client 039,Metal & Engineering,30,43858.03,2025-09-06,2025-10-06,closed,2025-11-19,74,44,False,False,deteriorating_payer
INV9000976,B009,B009-C1039,Metal Client 039,Metal & Engineering,30,100073.16,2025-09-30,2025-10-30,closed,2025-11-26,57,27,False,False,deteriorating_payer
INV9000977,B009,B009-C1039,Metal Client 039,Metal & Engineering,30,41177.46,2025-10-12,2025-11-11,closed,2025-12-21,70,40,False,False,deteriorating_payer
INV9000978,B009,B009-C1039,Metal Client 039,Metal & Engineering,30,67840.54,2025-10-23,2025-11-22,closed,2026-01-06,75,45,False,False,deteriorating_payer
INV9000979,B009,B009-C1039,Metal Client 039,Metal & Engineering,30,79689.83,2025-11-30,2025-12-30,closed,2026-02-04,66,36,True,False,deteriorating_payer
INV9000980,B009,B009-C1039,Metal Client 039,Metal & Engineering,30,71588.06,2025-12-25,2026-01-24,closed,2026-02-22,59,29,False,False,deteriorating_payer
INV9000981,B009,B009-C1039,Metal Client 039,Metal & Engineering,30,129356.7,2026-01-01,2026-01-31,closed,2026-02-26,56,26,False,False,deteriorating_payer
INV9000982,B009,B009-C1039,Metal Client 039,Metal & Engineering,30,57665.04,2026-01-10,2026-02-09,closed,2026-04-07,87,57,False,False,deteriorating_payer
INV9000983,B009,B009-C1039,Metal Client 039,Metal & Engineering,30,61607.54,2026-01-20,2026-02-19,closed,2026-04-03,73,43,False,False,deteriorating_payer
INV9000984,B009,B009-C1039,Metal Client 039,Metal & Engineering,30,96516.18,2026-01-20,2026-02-19,closed,2026-03-15,54,24,False,False,deteriorating_payer
INV9000985,B009,B009-C1039,Metal Client 039,Metal & Engineering,30,77351.44,2026-04-08,2026-05-08,closed,2026-06-26,79,49,False,False,deteriorating_payer
INV9000986,B009,B009-C1039,Metal Client 039,Metal & Engineering,30,86966.53,2026-05-12,2026-06-11,closed,2026-07-10,59,29,False,False,deteriorating_payer
INV9000987,B009,B009-C1039,Metal Client 039,Metal & Engineering,30,78502.78,2026-05-17,2026-06-16,closed,2026-08-04,79,49,False,False,deteriorating_payer
INV9000988,B009,B009-C1039,Metal Client 039,Metal & Engineering,30,170167.34,2026-05-28,2026-06-27,closed,2026-08-07,71,41,True,False,deteriorating_payer
INV9000989,B009,B009-C1039,Metal Client 039,Metal & Engineering,30,72589.51,2026-06-15,2026-07-15,closed,2026-08-04,50,20,False,False,deteriorating_payer
INV9000990,B009,B009-C1039,Metal Client 039,Metal & Engineering,30,176324.04,2026-08-27,2026-09-26,open,,,,False,False,deteriorating_payer
INV9000991,B009,B009-C1040,Electronics Client 040,Electronics & Electricals,30,921394.35,2024-04-15,2024-05-15,closed,2024-05-21,36,6,False,False,prompt_payer
INV9000992,B009,B009-C1040,Electronics Client 040,Electronics & Electricals,30,1013189.45,2024-04-30,2024-05-30,closed,2024-06-06,37,7,False,False,prompt_payer
INV9000993,B009,B009-C1040,Electronics Client 040,Electronics & Electricals,30,733553.11,2024-06-10,2024-07-10,closed,2024-07-16,36,6,False,False,prompt_payer
INV9000994,B009,B009-C1040,Electronics Client 040,Electronics & Electricals,30,1093036.93,2024-06-19,2024-07-19,closed,2024-07-16,27,-3,False,False,prompt_payer
INV9000995,B009,B009-C1040,Electronics Client 040,Electronics & Electricals,30,1010543.17,2024-08-08,2024-09-07,closed,2024-09-07,30,0,False,False,prompt_payer
INV9000996,B009,B009-C1040,Electronics Client 040,Electronics & Electricals,30,5953490.48,2024-08-14,2024-09-13,closed,2024-09-17,34,4,False,True,prompt_payer
INV9000997,B009,B009-C1040,Electronics Client 040,Electronics & Electricals,30,927537.91,2024-09-19,2024-10-19,closed,2024-10-24,35,5,False,False,prompt_payer
INV9000998,B009,B009-C1040,Electronics Client 040,Electronics & Electricals,30,1103001.16,2024-09-27,2024-10-27,closed,2024-10-28,31,1,False,False,prompt_payer
INV9000999,B009,B009-C1040,Electronics Client 040,Electronics & Electricals,30,1801982.69,2024-11-18,2024-12-18,closed,2024-12-20,32,2,False,True,prompt_payer
INV9001000,B009,B009-C1040,Electronics Client 040,Electronics & Electricals,30,648715.31,2024-12-16,2025-01-15,closed,2025-01-13,28,-2,False,False,prompt_payer
INV9001001,B009,B009-C1040,Electronics Client 040,Electronics & Electricals,30,1637313.79,2024-12-26,2025-01-25,closed,2025-02-02,38,8,False,False,prompt_payer
INV9001002,B009,B009-C1040,Electronics Client 040,Electronics & Electricals,30,661712.19,2025-01-18,2025-02-17,closed,2025-02-16,29,-1,False,False,prompt_payer
INV9001003,B009,B009-C1040,Electronics Client 040,Electronics & Electricals,30,1415450.72,2025-02-24,2025-03-26,closed,2025-04-02,37,7,False,False,prompt_payer
INV9001004,B009,B009-C1040,Electronics Client 040,Electronics & Electricals,30,898891.4,2025-03-22,2025-04-21,closed,2025-04-22,31,1,False,False,prompt_payer
INV9001005,B009,B009-C1040,Electronics Client 040,Electronics & Electricals,30,1384349.6,2025-04-05,2025-05-05,closed,2025-05-10,35,5,False,False,prompt_payer
INV9001006,B009,B009-C1040,Electronics Client 040,Electronics & Electricals,30,1991764.42,2025-06-02,2025-07-02,closed,2025-06-28,26,-4,False,False,prompt_payer
INV9001007,B009,B009-C1040,Electronics Client 040,Electronics & Electricals,30,790862.47,2025-06-15,2025-07-15,closed,2025-07-17,32,2,False,False,prompt_payer
INV9001008,B009,B009-C1040,Electronics Client 040,Electronics & Electricals,30,1231273.85,2025-12-05,2026-01-04,closed,2025-12-30,25,-5,False,False,prompt_payer
INV9001009,B009,B009-C1040,Electronics Client 040,Electronics & Electricals,30,1099048.72,2025-12-31,2026-01-30,closed,2026-02-01,32,2,False,False,prompt_payer
INV9001010,B009,B009-C1040,Electronics Client 040,Electronics & Electricals,30,1140996.57,2026-01-16,2026-02-15,closed,2026-02-17,32,2,False,False,prompt_payer
INV9001011,B009,B009-C1040,Electronics Client 040,Electronics & Electricals,30,920539.2,2026-03-17,2026-04-16,closed,2026-04-16,30,0,False,False,prompt_payer
INV9001012,B009,B009-C1040,Electronics Client 040,Electronics & Electricals,30,1038893.38,2026-04-24,2026-05-24,closed,2026-05-26,32,2,False,False,prompt_payer
INV9001013,B009,B009-C1040,Electronics Client 040,Electronics & Electricals,30,512605.33,2026-05-15,2026-06-14,closed,2026-06-12,28,-2,False,False,prompt_payer
INV9001014,B009,B009-C1040,Electronics Client 040,Electronics & Electricals,30,840138.41,2026-05-19,2026-06-18,closed,2026-06-16,28,-2,False,False,prompt_payer
INV9001015,B009,B009-C1040,Electronics Client 040,Electronics & Electricals,30,765048.31,2026-06-01,2026-07-01,closed,2026-07-02,31,1,False,False,prompt_payer
INV9001016,B009,B009-C1040,Electronics Client 040,Electronics & Electricals,30,1090988.85,2026-06-21,2026-07-21,closed,2026-07-20,29,-1,False,False,prompt_payer
INV9001017,B009,B009-C1040,Electronics Client 040,Electronics & Electricals,30,778245.57,2026-06-21,2026-07-21,closed,2026-07-20,29,-1,False,False,prompt_payer
INV9001018,B009,B009-C1040,Electronics Client 040,Electronics & Electricals,30,1061046.34,2026-06-21,2026-07-21,closed,2026-07-21,30,0,False,False,prompt_payer
INV9001019,B009,B009-C1040,Electronics Client 040,Electronics & Electricals,30,844473.06,2026-08-05,2026-09-04,open,,,,False,False,prompt_payer
INV9001020,B009,B009-C1040,Electronics Client 040,Electronics & Electricals,30,583535.09,2026-08-11,2026-09-10,closed,2026-09-02,22,-8,False,False,prompt_payer
INV9001021,B009,B009-C1041,Chemicals Client 041,Chemicals & Plastics,60,446026.41,2024-10-05,2024-12-04,closed,2025-01-19,106,46,False,False,chronic_late_payer
INV9001022,B009,B009-C1041,Chemicals Client 041,Chemicals & Plastics,60,423989.01,2024-10-14,2024-12-13,closed,2025-01-26,104,44,False,False,chronic_late_payer
INV9001023,B009,B009-C1041,Chemicals Client 041,Chemicals & Plastics,60,286905.34,2024-11-13,2025-01-12,closed,2025-02-23,102,42,False,False,chronic_late_payer
INV9001024,B009,B009-C1041,Chemicals Client 041,Chemicals & Plastics,60,363391.92,2024-12-31,2025-03-01,closed,2025-04-01,91,31,False,False,chronic_late_payer
INV9001025,B009,B009-C1041,Chemicals Client 041,Chemicals & Plastics,60,547309.07,2025-01-28,2025-03-29,closed,2025-04-28,90,30,False,False,chronic_late_payer
INV9001026,B009,B009-C1041,Chemicals Client 041,Chemicals & Plastics,60,322928.81,2025-05-05,2025-07-04,closed,2025-08-01,88,28,False,False,chronic_late_payer
INV9001027,B009,B009-C1041,Chemicals Client 041,Chemicals & Plastics,60,391480.1,2025-06-10,2025-08-09,closed,2025-09-03,85,25,False,False,chronic_late_payer
INV9001028,B009,B009-C1041,Chemicals Client 041,Chemicals & Plastics,60,348731.53,2025-07-10,2025-09-08,closed,2025-10-18,100,40,False,False,chronic_late_payer
INV9001029,B009,B009-C1041,Chemicals Client 041,Chemicals & Plastics,60,1177882.24,2025-10-05,2025-12-04,closed,2026-02-01,119,59,False,True,chronic_late_payer
INV9001030,B009,B009-C1041,Chemicals Client 041,Chemicals & Plastics,60,288830.71,2025-11-05,2026-01-04,closed,2026-02-17,104,44,False,False,chronic_late_payer
INV9001031,B009,B009-C1041,Chemicals Client 041,Chemicals & Plastics,60,398723.01,2026-02-24,2026-04-25,closed,2026-06-10,106,46,False,False,chronic_late_payer
INV9001032,B009,B009-C1041,Chemicals Client 041,Chemicals & Plastics,60,431127.39,2026-02-26,2026-04-27,closed,2026-05-28,91,31,False,False,chronic_late_payer
INV9001033,B009,B009-C1041,Chemicals Client 041,Chemicals & Plastics,60,441688.74,2026-04-05,2026-06-04,closed,2026-07-03,89,29,False,False,chronic_late_payer
INV9001034,B009,B009-C1041,Chemicals Client 041,Chemicals & Plastics,60,401590.63,2026-04-27,2026-06-26,closed,2026-07-28,92,32,False,False,chronic_late_payer
INV9001035,B009,B009-C1041,Chemicals Client 041,Chemicals & Plastics,60,396619.43,2026-06-20,2026-08-19,open,,,,False,False,chronic_late_payer
INV9001036,B009,B009-C1041,Chemicals Client 041,Chemicals & Plastics,60,287343.18,2026-06-24,2026-08-23,disputed_open,,,,False,False,chronic_late_payer
INV9001037,B009,B009-C1042,FMCG Client 042,FMCG & Food Processing,90,117966.15,2025-04-26,2025-07-25,closed,2025-07-18,83,-7,False,True,cold_start
INV9001038,B009,B009-C1042,FMCG Client 042,FMCG & Food Processing,90,55392.87,2025-05-15,2025-08-13,closed,2025-08-25,102,12,False,False,cold_start
INV9001039,B009,B009-C1043,Textiles Client 043,Textiles & Apparel,45,11798.23,2024-03-21,2024-05-05,closed,2024-05-04,44,-1,False,False,average_payer
INV9001040,B009,B009-C1043,Textiles Client 043,Textiles & Apparel,45,15511.09,2024-04-06,2024-05-21,closed,2024-05-24,48,3,False,False,average_payer
INV9001041,B009,B009-C1043,Textiles Client 043,Textiles & Apparel,45,12446.56,2024-04-17,2024-06-01,closed,2024-06-23,67,22,False,False,average_payer
INV9001042,B009,B009-C1043,Textiles Client 043,Textiles & Apparel,45,12848.59,2024-04-18,2024-06-02,closed,2024-06-03,46,1,False,False,average_payer
INV9001043,B009,B009-C1043,Textiles Client 043,Textiles & Apparel,45,7436.98,2024-04-20,2024-06-04,closed,2024-06-10,51,6,False,False,average_payer
INV9001044,B009,B009-C1043,Textiles Client 043,Textiles & Apparel,45,64699.8,2024-05-05,2024-06-19,closed,2024-06-23,49,4,False,True,average_payer
INV9001045,B009,B009-C1043,Textiles Client 043,Textiles & Apparel,45,14660.58,2024-05-21,2024-07-05,closed,2024-07-15,55,10,False,False,average_payer
INV9001046,B009,B009-C1043,Textiles Client 043,Textiles & Apparel,45,7942.36,2024-06-20,2024-08-04,closed,2024-08-12,53,8,False,False,average_payer
INV9001047,B009,B009-C1043,Textiles Client 043,Textiles & Apparel,45,18758.87,2024-07-29,2024-09-12,closed,2024-09-28,61,16,False,False,average_payer
INV9001048,B009,B009-C1043,Textiles Client 043,Textiles & Apparel,45,11472.9,2024-08-04,2024-09-18,closed,2024-09-21,48,3,False,False,average_payer
INV9001049,B009,B009-C1043,Textiles Client 043,Textiles & Apparel,45,19494.56,2024-08-21,2024-10-05,closed,2024-10-06,46,1,False,False,average_payer
INV9001050,B009,B009-C1043,Textiles Client 043,Textiles & Apparel,45,9381.58,2024-09-06,2024-10-21,closed,2024-10-22,46,1,False,False,average_payer
INV9001051,B009,B009-C1043,Textiles Client 043,Textiles & Apparel,45,35940.06,2024-09-11,2024-10-26,open,,,,False,True,average_payer
INV9001052,B009,B009-C1043,Textiles Client 043,Textiles & Apparel,45,24385.6,2024-10-13,2024-11-27,closed,2024-11-28,46,1,False,False,average_payer
INV9001053,B009,B009-C1043,Textiles Client 043,Textiles & Apparel,45,45296.69,2024-10-16,2024-11-30,closed,2024-12-05,50,5,False,True,average_payer
INV9001054,B009,B009-C1043,Textiles Client 043,Textiles & Apparel,45,17870.1,2024-10-19,2024-12-03,closed,2024-12-11,53,8,False,False,average_payer
INV9001055,B009,B009-C1043,Textiles Client 043,Textiles & Apparel,45,15031.01,2024-12-11,2025-01-25,closed,2025-02-08,59,14,False,False,average_payer
INV9001056,B009,B009-C1043,Textiles Client 043,Textiles & Apparel,45,16531.69,2024-12-14,2025-01-28,closed,2025-02-04,52,7,False,False,average_payer
INV9001057,B009,B009-C1043,Textiles Client 043,Textiles & Apparel,45,8825.32,2024-12-22,2025-02-05,closed,2025-02-08,48,3,False,False,average_payer
INV9001058,B009,B009-C1043,Textiles Client 043,Textiles & Apparel,45,13445.89,2025-02-08,2025-03-25,closed,2025-04-01,52,7,False,False,average_payer
INV9001059,B009,B009-C1043,Textiles Client 043,Textiles & Apparel,45,17428.47,2025-02-15,2025-04-01,closed,2025-04-12,56,11,False,False,average_payer
INV9001060,B009,B009-C1043,Textiles Client 043,Textiles & Apparel,45,8156.88,2025-03-19,2025-05-03,closed,2025-05-03,45,0,False,False,average_payer
INV9001061,B009,B009-C1043,Textiles Client 043,Textiles & Apparel,45,14061.28,2025-03-25,2025-05-09,closed,2025-05-13,49,4,False,False,average_payer
INV9001062,B009,B009-C1043,Textiles Client 043,Textiles & Apparel,45,12570.56,2025-05-03,2025-06-17,closed,2025-06-22,50,5,False,False,average_payer
INV9001063,B009,B009-C1043,Textiles Client 043,Textiles & Apparel,45,10737.93,2025-05-18,2025-07-02,closed,2025-06-26,39,-6,False,False,average_payer
INV9001064,B009,B009-C1043,Textiles Client 043,Textiles & Apparel,45,21882.86,2025-06-19,2025-08-03,closed,2025-08-10,52,7,False,False,average_payer
INV9001065,B009,B009-C1043,Textiles Client 043,Textiles & Apparel,45,11281.65,2025-08-30,2025-10-14,closed,2025-10-13,44,-1,False,False,average_payer
INV9001066,B009,B009-C1043,Textiles Client 043,Textiles & Apparel,45,19217.07,2025-09-18,2025-11-02,closed,2025-11-05,48,3,False,False,average_payer
INV9001067,B009,B009-C1043,Textiles Client 043,Textiles & Apparel,45,49967.85,2025-09-29,2025-11-13,closed,2025-11-12,44,-1,False,True,average_payer
INV9001068,B009,B009-C1043,Textiles Client 043,Textiles & Apparel,45,11082.3,2025-10-15,2025-11-29,closed,2025-12-01,47,2,False,False,average_payer
INV9001069,B009,B009-C1043,Textiles Client 043,Textiles & Apparel,45,9052.69,2025-11-01,2025-12-16,closed,2025-12-17,46,1,False,False,average_payer
INV9001070,B009,B009-C1043,Textiles Client 043,Textiles & Apparel,45,12102.12,2025-11-27,2026-01-11,closed,2026-01-17,51,6,False,False,average_payer
INV9001071,B009,B009-C1043,Textiles Client 043,Textiles & Apparel,45,6847.5,2025-12-04,2026-01-18,closed,2026-01-24,51,6,False,False,average_payer
INV9001072,B009,B009-C1043,Textiles Client 043,Textiles & Apparel,45,13663.89,2025-12-18,2026-02-01,open,,,,False,False,average_payer
INV9001073,B009,B009-C1043,Textiles Client 043,Textiles & Apparel,45,15406.45,2025-12-22,2026-02-05,closed,2026-02-04,44,-1,False,False,average_payer
INV9001074,B009,B009-C1043,Textiles Client 043,Textiles & Apparel,45,12352.43,2026-01-05,2026-02-19,closed,2026-03-01,55,10,False,False,average_payer
INV9001075,B009,B009-C1043,Textiles Client 043,Textiles & Apparel,45,11784.68,2026-01-05,2026-02-19,closed,2026-02-21,47,2,False,False,average_payer
INV9001076,B009,B009-C1043,Textiles Client 043,Textiles & Apparel,45,18602.17,2026-02-03,2026-03-20,closed,2026-04-03,59,14,False,False,average_payer
INV9001077,B009,B009-C1043,Textiles Client 043,Textiles & Apparel,45,64341.71,2026-02-12,2026-03-29,closed,2026-03-29,45,0,False,True,average_payer
INV9001078,B009,B009-C1043,Textiles Client 043,Textiles & Apparel,45,17056.12,2026-03-15,2026-04-29,closed,2026-05-04,50,5,False,False,average_payer
INV9001079,B009,B009-C1043,Textiles Client 043,Textiles & Apparel,45,11665.32,2026-03-20,2026-05-04,closed,2026-05-07,48,3,False,False,average_payer
INV9001080,B009,B009-C1043,Textiles Client 043,Textiles & Apparel,45,15531.04,2026-03-22,2026-05-06,closed,2026-05-13,52,7,False,False,average_payer
INV9001081,B009,B009-C1043,Textiles Client 043,Textiles & Apparel,45,10391.16,2026-04-10,2026-05-25,closed,2026-06-04,55,10,False,False,average_payer
INV9001082,B009,B009-C1043,Textiles Client 043,Textiles & Apparel,45,20515.42,2026-04-24,2026-06-08,closed,2026-06-14,51,6,False,False,average_payer
INV9001083,B009,B009-C1043,Textiles Client 043,Textiles & Apparel,45,12632.67,2026-05-01,2026-06-15,closed,2026-06-11,41,-4,False,False,average_payer
INV9001084,B009,B009-C1043,Textiles Client 043,Textiles & Apparel,45,11615.2,2026-05-11,2026-06-25,closed,2026-06-24,44,-1,False,False,average_payer
INV9001085,B009,B009-C1043,Textiles Client 043,Textiles & Apparel,45,50204.85,2026-06-02,2026-07-17,closed,2026-07-21,49,4,False,True,average_payer
INV9001086,B009,B009-C1043,Textiles Client 043,Textiles & Apparel,45,14098.82,2026-07-06,2026-08-20,closed,2026-08-17,42,-3,False,False,average_payer
INV9001087,B009,B009-C1043,Textiles Client 043,Textiles & Apparel,45,10890.22,2026-08-27,2026-10-11,disputed_open,,,,False,False,average_payer
INV9001088,B009,B009-C1044,Metal Client 044,Metal & Engineering,45,118704.53,2024-09-06,2024-10-21,closed,2024-10-25,49,4,False,False,prompt_payer
INV9001089,B009,B009-C1044,Metal Client 044,Metal & Engineering,45,185149.24,2024-10-16,2024-11-30,closed,2024-11-27,42,-3,False,False,prompt_payer
INV9001090,B009,B009-C1044,Metal Client 044,Metal & Engineering,45,187931.57,2024-11-24,2025-01-08,closed,2025-01-06,43,-2,False,False,prompt_payer
INV9001091,B009,B009-C1044,Metal Client 044,Metal & Engineering,45,103828.24,2024-12-17,2025-01-31,closed,2025-02-06,51,6,True,False,prompt_payer
INV9001092,B009,B009-C1044,Metal Client 044,Metal & Engineering,45,231383.85,2025-03-10,2025-04-24,closed,2025-04-27,48,3,False,False,prompt_payer
INV9001093,B009,B009-C1044,Metal Client 044,Metal & Engineering,45,225705.87,2025-03-25,2025-05-09,closed,2025-05-12,48,3,False,False,prompt_payer
INV9001094,B009,B009-C1044,Metal Client 044,Metal & Engineering,45,270122.02,2025-06-19,2025-08-03,closed,2025-08-07,49,4,False,False,prompt_payer
INV9001095,B009,B009-C1044,Metal Client 044,Metal & Engineering,45,292191.24,2025-12-05,2026-01-19,closed,2026-01-17,43,-2,False,False,prompt_payer
INV9001096,B009,B009-C1044,Metal Client 044,Metal & Engineering,45,112689.89,2026-01-17,2026-03-03,closed,2026-02-27,41,-4,False,False,prompt_payer
INV9001097,B009,B009-C1044,Metal Client 044,Metal & Engineering,45,134638.5,2026-03-06,2026-04-20,closed,2026-04-22,47,2,False,False,prompt_payer
INV9001098,B009,B009-C1044,Metal Client 044,Metal & Engineering,45,130225.17,2026-04-10,2026-05-25,closed,2026-05-22,42,-3,False,False,prompt_payer
INV9001099,B009,B009-C1044,Metal Client 044,Metal & Engineering,45,176014.27,2026-04-24,2026-06-08,closed,2026-06-12,49,4,False,False,prompt_payer
INV9001100,B009,B009-C1044,Metal Client 044,Metal & Engineering,45,130023.6,2026-06-03,2026-07-18,closed,2026-07-15,42,-3,False,False,prompt_payer
INV9001101,B009,B009-C1044,Metal Client 044,Metal & Engineering,45,163659.04,2026-08-02,2026-09-16,disputed_open,,,,False,False,prompt_payer
INV9001102,B009,B009-C1044,Metal Client 044,Metal & Engineering,45,181023.9,2026-08-17,2026-10-01,open,,,,False,False,prompt_payer
INV9001103,B009,B009-C1045,Retail Client 045,Retail & Distribution,45,66319.86,2024-04-07,2024-05-22,disputed_open,,,,False,False,improving_payer
INV9001104,B009,B009-C1045,Retail Client 045,Retail & Distribution,45,125220.37,2024-07-02,2024-08-16,closed,2024-09-21,81,36,False,False,improving_payer
INV9001105,B009,B009-C1045,Retail Client 045,Retail & Distribution,45,410343.47,2024-07-26,2024-09-09,closed,2024-10-09,75,30,False,True,improving_payer
INV9001106,B009,B009-C1045,Retail Client 045,Retail & Distribution,45,101336.61,2024-08-24,2024-10-08,closed,2024-11-19,87,42,False,False,improving_payer
INV9001107,B009,B009-C1045,Retail Client 045,Retail & Distribution,45,68652.77,2024-08-27,2024-10-11,closed,2024-11-19,84,39,False,False,improving_payer
INV9001108,B009,B009-C1045,Retail Client 045,Retail & Distribution,45,76231.15,2024-10-05,2024-11-19,closed,2024-12-24,80,35,False,False,improving_payer
INV9001109,B009,B009-C1045,Retail Client 045,Retail & Distribution,45,59273.9,2024-12-17,2025-01-31,closed,2025-02-16,61,16,False,False,improving_payer
INV9001110,B009,B009-C1045,Retail Client 045,Retail & Distribution,45,85146.65,2024-12-28,2025-02-11,closed,2025-03-11,73,28,False,False,improving_payer
INV9001111,B009,B009-C1045,Retail Client 045,Retail & Distribution,45,143379.05,2025-01-08,2025-02-22,closed,2025-03-27,78,33,False,False,improving_payer
INV9001112,B009,B009-C1045,Retail Client 045,Retail & Distribution,45,135787.08,2025-03-26,2025-05-10,closed,2025-06-07,73,28,False,False,improving_payer
INV9001113,B009,B009-C1045,Retail Client 045,Retail & Distribution,45,95606.63,2025-04-26,2025-06-10,closed,2025-06-29,64,19,False,False,improving_payer
INV9001114,B009,B009-C1045,Retail Client 045,Retail & Distribution,45,77966.35,2025-05-03,2025-06-17,closed,2025-07-03,61,16,False,False,improving_payer
INV9001115,B009,B009-C1045,Retail Client 045,Retail & Distribution,45,88930.35,2025-07-03,2025-08-17,closed,2025-09-04,63,18,False,False,improving_payer
INV9001116,B009,B009-C1045,Retail Client 045,Retail & Distribution,45,82160.39,2025-07-31,2025-09-14,closed,2025-09-28,59,14,False,False,improving_payer
INV9001117,B009,B009-C1045,Retail Client 045,Retail & Distribution,45,98105.24,2025-08-26,2025-10-10,closed,2025-10-17,52,7,False,False,improving_payer
INV9001118,B009,B009-C1045,Retail Client 045,Retail & Distribution,45,112755.57,2025-11-25,2026-01-09,closed,2026-02-08,75,30,False,False,improving_payer
INV9001119,B009,B009-C1045,Retail Client 045,Retail & Distribution,45,100895.59,2025-12-14,2026-01-28,closed,2026-02-01,49,4,True,False,improving_payer
INV9001120,B009,B009-C1045,Retail Client 045,Retail & Distribution,45,95449.58,2026-03-26,2026-05-10,closed,2026-05-15,50,5,False,False,improving_payer
INV9001121,B009,B009-C1045,Retail Client 045,Retail & Distribution,45,68017.26,2026-03-28,2026-05-12,closed,2026-05-20,53,8,False,False,improving_payer
INV9001122,B009,B009-C1045,Retail Client 045,Retail & Distribution,45,123591.96,2026-06-07,2026-07-22,closed,2026-07-18,41,-4,False,False,improving_payer
INV9001123,B009,B009-C1045,Retail Client 045,Retail & Distribution,45,97210.06,2026-06-17,2026-08-01,closed,2026-08-08,52,7,False,False,improving_payer
INV9001124,B009,B009-C1045,Retail Client 045,Retail & Distribution,45,238413.31,2026-06-25,2026-08-09,closed,2026-08-04,40,-5,False,True,improving_payer
INV9001125,B009,B009-C1045,Retail Client 045,Retail & Distribution,45,109109.58,2026-07-23,2026-09-06,disputed_open,,,,False,False,improving_payer
INV9001126,B009,B009-C1046,Construction Client 046,Construction & Infra,45,136077.55,2024-03-17,2024-05-01,closed,2024-05-05,49,4,False,False,erratic_payer
INV9001127,B009,B009-C1046,Construction Client 046,Construction & Infra,45,125480.45,2024-04-09,2024-05-24,open,,,,False,False,erratic_payer
INV9001128,B009,B009-C1046,Construction Client 046,Construction & Infra,45,246221.54,2024-04-09,2024-05-24,closed,2024-06-12,64,19,False,False,erratic_payer
INV9001129,B009,B009-C1046,Construction Client 046,Construction & Infra,45,149662.31,2024-04-09,2024-05-24,closed,2024-06-10,62,17,False,False,erratic_payer
INV9001130,B009,B009-C1046,Construction Client 046,Construction & Infra,45,90719.63,2024-04-10,2024-05-25,closed,2024-05-30,50,5,False,False,erratic_payer
INV9001131,B009,B009-C1046,Construction Client 046,Construction & Infra,45,697474.94,2024-04-14,2024-05-29,closed,2024-06-03,50,5,False,True,erratic_payer
INV9001132,B009,B009-C1046,Construction Client 046,Construction & Infra,45,143006.47,2024-05-12,2024-06-26,closed,2024-09-05,116,71,False,False,erratic_payer
INV9001133,B009,B009-C1046,Construction Client 046,Construction & Infra,45,110524.66,2024-07-06,2024-08-20,closed,2024-08-31,56,11,False,False,erratic_payer
INV9001134,B009,B009-C1046,Construction Client 046,Construction & Infra,45,174791.39,2024-07-25,2024-09-08,closed,2024-09-14,51,6,False,False,erratic_payer
INV9001135,B009,B009-C1046,Construction Client 046,Construction & Infra,45,165851.01,2024-07-25,2024-09-08,closed,2024-09-01,38,-7,False,False,erratic_payer
INV9001136,B009,B009-C1046,Construction Client 046,Construction & Infra,45,101072.24,2024-07-29,2024-09-12,closed,2024-09-18,51,6,False,False,erratic_payer
INV9001137,B009,B009-C1046,Construction Client 046,Construction & Infra,45,141494.25,2024-08-03,2024-09-17,closed,2024-10-04,62,17,False,False,erratic_payer
INV9001138,B009,B009-C1046,Construction Client 046,Construction & Infra,45,165458.69,2024-10-03,2024-11-17,closed,2024-10-28,25,-20,False,False,erratic_payer
INV9001139,B009,B009-C1046,Construction Client 046,Construction & Infra,45,92161.61,2024-10-12,2024-11-26,closed,2024-12-01,50,5,False,False,erratic_payer
INV9001140,B009,B009-C1046,Construction Client 046,Construction & Infra,45,136324.57,2024-12-02,2025-01-16,closed,2025-01-30,59,14,False,False,erratic_payer
INV9001141,B009,B009-C1046,Construction Client 046,Construction & Infra,45,138676.27,2024-12-11,2025-01-25,closed,2025-02-11,62,17,False,False,erratic_payer
INV9001142,B009,B009-C1046,Construction Client 046,Construction & Infra,45,287045.65,2024-12-16,2025-01-30,closed,2025-02-06,52,7,False,False,erratic_payer
INV9001143,B009,B009-C1046,Construction Client 046,Construction & Infra,45,110557.54,2024-12-19,2025-02-02,closed,2025-02-12,55,10,False,False,erratic_payer
INV9001144,B009,B009-C1046,Construction Client 046,Construction & Infra,45,172274.2,2025-01-07,2025-02-21,closed,2025-02-22,46,1,True,False,erratic_payer
INV9001145,B009,B009-C1046,Construction Client 046,Construction & Infra,45,269419.53,2025-01-09,2025-02-23,closed,2025-02-16,38,-7,False,False,erratic_payer
INV9001146,B009,B009-C1046,Construction Client 046,Construction & Infra,45,104589.52,2025-01-18,2025-03-04,closed,2025-03-06,47,2,False,False,erratic_payer
INV9001147,B009,B009-C1046,Construction Client 046,Construction & Infra,45,209768.9,2025-01-23,2025-03-09,closed,2025-03-27,63,18,False,False,erratic_payer
INV9001148,B009,B009-C1046,Construction Client 046,Construction & Infra,45,211441.16,2025-02-20,2025-04-06,closed,2025-04-16,55,10,False,False,erratic_payer
INV9001149,B009,B009-C1046,Construction Client 046,Construction & Infra,45,188050.24,2025-02-22,2025-04-08,closed,2025-04-15,52,7,False,False,erratic_payer
INV9001150,B009,B009-C1046,Construction Client 046,Construction & Infra,45,116158.25,2025-03-02,2025-04-16,closed,2025-04-22,51,6,False,False,erratic_payer
INV9001151,B009,B009-C1046,Construction Client 046,Construction & Infra,45,110198.9,2025-03-03,2025-04-17,closed,2025-04-27,55,10,False,False,erratic_payer
INV9001152,B009,B009-C1046,Construction Client 046,Construction & Infra,45,165401.08,2025-03-10,2025-04-24,open,,,,False,False,erratic_payer
INV9001153,B009,B009-C1046,Construction Client 046,Construction & Infra,45,176351.79,2025-03-22,2025-05-06,closed,2025-06-06,76,31,False,False,erratic_payer
INV9001154,B009,B009-C1046,Construction Client 046,Construction & Infra,45,136322.78,2025-03-28,2025-05-12,closed,2025-05-13,46,1,False,False,erratic_payer
INV9001155,B009,B009-C1046,Construction Client 046,Construction & Infra,45,99772.05,2025-04-12,2025-05-27,closed,2025-06-07,56,11,False,False,erratic_payer
INV9001156,B009,B009-C1046,Construction Client 046,Construction & Infra,45,185081.17,2025-05-10,2025-06-24,closed,2025-07-12,63,18,False,False,erratic_payer
INV9001157,B009,B009-C1046,Construction Client 046,Construction & Infra,45,119011.73,2025-06-10,2025-07-25,closed,2025-08-08,59,14,False,False,erratic_payer
INV9001158,B009,B009-C1046,Construction Client 046,Construction & Infra,45,250416.6,2025-07-11,2025-08-25,closed,2025-08-25,45,0,False,False,erratic_payer
INV9001159,B009,B009-C1046,Construction Client 046,Construction & Infra,45,227078.22,2025-07-20,2025-09-03,closed,2025-09-10,52,7,False,False,erratic_payer
INV9001160,B009,B009-C1046,Construction Client 046,Construction & Infra,45,93587.79,2025-07-21,2025-09-04,closed,2025-09-07,48,3,False,False,erratic_payer
INV9001161,B009,B009-C1046,Construction Client 046,Construction & Infra,45,151428.09,2025-07-25,2025-09-08,closed,2025-09-25,62,17,False,False,erratic_payer
INV9001162,B009,B009-C1046,Construction Client 046,Construction & Infra,45,124376.85,2025-09-13,2025-10-28,closed,2025-11-12,60,15,False,False,erratic_payer
INV9001163,B009,B009-C1046,Construction Client 046,Construction & Infra,45,542731.93,2025-09-24,2025-11-08,closed,2025-11-10,47,2,False,True,erratic_payer
INV9001164,B009,B009-C1046,Construction Client 046,Construction & Infra,45,190529.39,2025-10-08,2025-11-22,closed,2025-12-10,63,18,False,False,erratic_payer
INV9001165,B009,B009-C1046,Construction Client 046,Construction & Infra,45,191469.06,2025-10-11,2025-11-25,closed,2025-12-03,53,8,False,False,erratic_payer
INV9001166,B009,B009-C1046,Construction Client 046,Construction & Infra,45,143571.05,2025-10-31,2025-12-15,closed,2025-12-19,49,4,False,False,erratic_payer
INV9001167,B009,B009-C1046,Construction Client 046,Construction & Infra,45,133599.65,2025-12-13,2026-01-27,closed,2026-01-23,41,-4,False,False,erratic_payer
INV9001168,B009,B009-C1046,Construction Client 046,Construction & Infra,45,104066.61,2026-02-08,2026-03-25,closed,2026-04-04,55,10,False,False,erratic_payer
INV9001169,B009,B009-C1046,Construction Client 046,Construction & Infra,45,175932.1,2026-02-26,2026-04-12,closed,2026-04-28,61,16,False,False,erratic_payer
INV9001170,B009,B009-C1046,Construction Client 046,Construction & Infra,45,135555.91,2026-03-16,2026-04-30,closed,2026-05-16,61,16,False,False,erratic_payer
INV9001171,B009,B009-C1046,Construction Client 046,Construction & Infra,45,151994.9,2026-03-28,2026-05-12,closed,2026-05-17,50,5,False,False,erratic_payer
INV9001172,B009,B009-C1046,Construction Client 046,Construction & Infra,45,63818.25,2026-03-31,2026-05-15,closed,2026-05-29,59,14,False,False,erratic_payer
INV9001173,B009,B009-C1046,Construction Client 046,Construction & Infra,45,255047.98,2026-05-08,2026-06-22,closed,2026-07-06,59,14,False,False,erratic_payer
INV9001174,B009,B009-C1046,Construction Client 046,Construction & Infra,45,174717.72,2026-05-13,2026-06-27,closed,2026-07-06,54,9,False,False,erratic_payer
INV9001175,B009,B009-C1046,Construction Client 046,Construction & Infra,45,631472.53,2026-05-13,2026-06-27,closed,2026-08-24,103,58,False,True,erratic_payer
INV9001176,B009,B009-C1046,Construction Client 046,Construction & Infra,45,85329.05,2026-06-02,2026-07-17,closed,2026-08-06,65,20,False,False,erratic_payer
INV9001177,B009,B009-C1046,Construction Client 046,Construction & Infra,45,185698.3,2026-06-16,2026-07-31,closed,2026-08-04,49,4,False,False,erratic_payer
INV9001178,B009,B009-C1046,Construction Client 046,Construction & Infra,45,96166.65,2026-07-08,2026-08-22,closed,2026-08-29,52,7,False,False,erratic_payer
INV9001179,B009,B009-C1046,Construction Client 046,Construction & Infra,45,77222.07,2026-08-18,2026-10-02,open,,,,False,False,erratic_payer
INV9001180,B009,B009-C1047,Electronics Client 047,Electronics & Electricals,30,281926.95,2024-08-13,2024-09-12,closed,2024-09-13,31,1,False,True,average_payer
INV9001181,B009,B009-C1047,Electronics Client 047,Electronics & Electricals,30,70052.39,2024-09-06,2024-10-06,closed,2024-10-15,39,9,False,False,average_payer
INV9001182,B009,B009-C1047,Electronics Client 047,Electronics & Electricals,30,61689.65,2024-10-26,2024-11-25,closed,2024-12-05,40,10,False,False,average_payer
INV9001183,B009,B009-C1047,Electronics Client 047,Electronics & Electricals,30,71296.6,2024-10-28,2024-11-27,closed,2024-11-27,30,0,False,False,average_payer
INV9001184,B009,B009-C1047,Electronics Client 047,Electronics & Electricals,30,166990.23,2024-11-28,2024-12-28,closed,2025-01-11,44,14,False,False,average_payer
INV9001185,B009,B009-C1047,Electronics Client 047,Electronics & Electricals,30,89012.43,2025-01-05,2025-02-04,closed,2025-02-14,40,10,False,False,average_payer
INV9001186,B009,B009-C1047,Electronics Client 047,Electronics & Electricals,30,73896.98,2025-02-26,2025-03-28,closed,2025-04-07,40,10,True,False,average_payer
INV9001187,B009,B009-C1047,Electronics Client 047,Electronics & Electricals,30,137319.12,2025-03-11,2025-04-10,closed,2025-04-20,40,10,False,False,average_payer
INV9001188,B009,B009-C1047,Electronics Client 047,Electronics & Electricals,30,113370.9,2025-03-11,2025-04-10,closed,2025-04-14,34,4,False,False,average_payer
INV9001189,B009,B009-C1047,Electronics Client 047,Electronics & Electricals,30,69245.51,2025-09-07,2025-10-07,closed,2025-10-07,30,0,False,False,average_payer
INV9001190,B009,B009-C1047,Electronics Client 047,Electronics & Electricals,30,135387.0,2025-11-16,2025-12-16,closed,2026-01-07,52,22,False,False,average_payer
INV9001191,B009,B009-C1047,Electronics Client 047,Electronics & Electricals,30,70663.61,2026-03-25,2026-04-24,closed,2026-04-22,28,-2,False,False,average_payer
INV9001192,B009,B009-C1047,Electronics Client 047,Electronics & Electricals,30,290014.13,2026-07-02,2026-08-01,closed,2026-07-28,26,-4,False,True,average_payer
INV9001193,B009,B009-C1047,Electronics Client 047,Electronics & Electricals,30,103368.46,2026-08-13,2026-09-12,open,,,,False,False,average_payer
INV9001194,B009,B009-C1047,Electronics Client 047,Electronics & Electricals,30,127766.0,2026-08-25,2026-09-24,open,,,,False,False,average_payer
INV9001195,B009,B009-C1048,Chemicals Client 048,Chemicals & Plastics,60,333471.38,2024-04-03,2024-06-02,closed,2024-06-07,65,5,False,False,prompt_payer
INV9001196,B009,B009-C1048,Chemicals Client 048,Chemicals & Plastics,60,295323.16,2024-04-07,2024-06-06,closed,2024-06-08,62,2,False,False,prompt_payer
INV9001197,B009,B009-C1048,Chemicals Client 048,Chemicals & Plastics,60,350656.08,2024-04-08,2024-06-07,closed,2024-06-08,61,1,False,False,prompt_payer
INV9001198,B009,B009-C1048,Chemicals Client 048,Chemicals & Plastics,60,619057.97,2024-04-14,2024-06-13,closed,2024-06-14,61,1,False,False,prompt_payer
INV9001199,B009,B009-C1048,Chemicals Client 048,Chemicals & Plastics,60,483432.89,2024-04-24,2024-06-23,closed,2024-06-27,64,4,False,False,prompt_payer
INV9001200,B009,B009-C1048,Chemicals Client 048,Chemicals & Plastics,60,524379.7,2024-05-07,2024-07-06,closed,2024-07-08,62,2,False,False,prompt_payer
INV9001201,B009,B009-C1048,Chemicals Client 048,Chemicals & Plastics,60,431294.44,2024-05-14,2024-07-13,closed,2024-07-18,65,5,False,False,prompt_payer
INV9001202,B009,B009-C1048,Chemicals Client 048,Chemicals & Plastics,60,415892.79,2024-05-31,2024-07-30,closed,2024-07-29,59,-1,False,False,prompt_payer
INV9001203,B009,B009-C1048,Chemicals Client 048,Chemicals & Plastics,60,356413.02,2024-06-23,2024-08-22,disputed_open,,,,False,False,prompt_payer
INV9001204,B009,B009-C1048,Chemicals Client 048,Chemicals & Plastics,60,302547.86,2024-09-07,2024-11-06,closed,2024-11-06,60,0,False,False,prompt_payer
INV9001205,B009,B009-C1048,Chemicals Client 048,Chemicals & Plastics,60,452784.71,2024-09-25,2024-11-24,closed,2024-11-23,59,-1,False,False,prompt_payer
INV9001206,B009,B009-C1048,Chemicals Client 048,Chemicals & Plastics,60,382197.45,2024-09-28,2024-11-27,closed,2024-11-24,57,-3,False,False,prompt_payer
INV9001207,B009,B009-C1048,Chemicals Client 048,Chemicals & Plastics,60,287764.25,2024-10-20,2024-12-19,closed,2024-12-10,51,-9,False,False,prompt_payer
INV9001208,B009,B009-C1048,Chemicals Client 048,Chemicals & Plastics,60,334963.11,2024-11-13,2025-01-12,closed,2025-01-10,58,-2,False,False,prompt_payer
INV9001209,B009,B009-C1048,Chemicals Client 048,Chemicals & Plastics,60,408200.63,2024-11-24,2025-01-23,closed,2025-01-21,58,-2,False,False,prompt_payer
INV9001210,B009,B009-C1048,Chemicals Client 048,Chemicals & Plastics,60,431034.23,2024-12-12,2025-02-10,closed,2025-02-09,59,-1,False,False,prompt_payer
INV9001211,B009,B009-C1048,Chemicals Client 048,Chemicals & Plastics,60,482774.8,2024-12-18,2025-02-16,closed,2025-02-23,67,7,False,False,prompt_payer
INV9001212,B009,B009-C1048,Chemicals Client 048,Chemicals & Plastics,60,402129.03,2025-01-22,2025-03-23,closed,2025-03-22,59,-1,False,False,prompt_payer
INV9001213,B009,B009-C1048,Chemicals Client 048,Chemicals & Plastics,60,261287.02,2025-02-27,2025-04-28,closed,2025-04-30,62,2,False,False,prompt_payer
INV9001214,B009,B009-C1048,Chemicals Client 048,Chemicals & Plastics,60,479129.66,2025-04-12,2025-06-11,closed,2025-06-15,64,4,False,False,prompt_payer
INV9001215,B009,B009-C1048,Chemicals Client 048,Chemicals & Plastics,60,230348.34,2025-04-23,2025-06-22,closed,2025-06-24,62,2,False,False,prompt_payer
INV9001216,B009,B009-C1048,Chemicals Client 048,Chemicals & Plastics,60,393208.74,2025-06-05,2025-08-04,closed,2025-08-05,61,1,False,False,prompt_payer
INV9001217,B009,B009-C1048,Chemicals Client 048,Chemicals & Plastics,60,510330.78,2025-07-05,2025-09-03,closed,2025-09-03,60,0,True,False,prompt_payer
INV9001218,B009,B009-C1048,Chemicals Client 048,Chemicals & Plastics,60,392309.44,2025-07-19,2025-09-17,closed,2025-09-21,64,4,False,False,prompt_payer
INV9001219,B009,B009-C1048,Chemicals Client 048,Chemicals & Plastics,60,469442.77,2025-08-02,2025-10-01,closed,2025-09-24,53,-7,False,False,prompt_payer
INV9001220,B009,B009-C1048,Chemicals Client 048,Chemicals & Plastics,60,422435.72,2025-09-23,2025-11-22,closed,2025-11-21,59,-1,True,False,prompt_payer
INV9001221,B009,B009-C1048,Chemicals Client 048,Chemicals & Plastics,60,598118.22,2025-09-27,2025-11-26,closed,2025-11-29,63,3,False,False,prompt_payer
INV9001222,B009,B009-C1048,Chemicals Client 048,Chemicals & Plastics,60,377309.29,2025-10-19,2025-12-18,closed,2025-12-21,63,3,False,False,prompt_payer
INV9001223,B009,B009-C1048,Chemicals Client 048,Chemicals & Plastics,60,449373.54,2025-11-11,2026-01-10,closed,2026-01-16,66,6,False,False,prompt_payer
INV9001224,B009,B009-C1048,Chemicals Client 048,Chemicals & Plastics,60,403709.18,2025-11-18,2026-01-17,closed,2026-01-17,60,0,False,False,prompt_payer
INV9001225,B009,B009-C1048,Chemicals Client 048,Chemicals & Plastics,60,781765.42,2025-11-30,2026-01-29,closed,2026-02-02,64,4,False,False,prompt_payer
INV9001226,B009,B009-C1048,Chemicals Client 048,Chemicals & Plastics,60,328063.54,2025-12-08,2026-02-06,closed,2026-02-03,57,-3,False,False,prompt_payer
INV9001227,B009,B009-C1048,Chemicals Client 048,Chemicals & Plastics,60,255056.24,2026-01-19,2026-03-20,closed,2026-03-20,60,0,False,False,prompt_payer
INV9001228,B009,B009-C1048,Chemicals Client 048,Chemicals & Plastics,60,313293.49,2026-01-26,2026-03-27,closed,2026-03-24,57,-3,False,False,prompt_payer
INV9001229,B009,B009-C1048,Chemicals Client 048,Chemicals & Plastics,60,334828.87,2026-04-15,2026-06-14,closed,2026-06-17,63,3,False,False,prompt_payer
INV9001230,B009,B009-C1048,Chemicals Client 048,Chemicals & Plastics,60,256226.53,2026-05-03,2026-07-02,closed,2026-06-26,54,-6,False,False,prompt_payer
INV9001231,B009,B009-C1048,Chemicals Client 048,Chemicals & Plastics,60,183256.33,2026-05-09,2026-07-08,closed,2026-07-13,65,5,False,False,prompt_payer
INV9001232,B009,B009-C1048,Chemicals Client 048,Chemicals & Plastics,60,302169.6,2026-06-21,2026-08-20,closed,2026-08-18,58,-2,False,False,prompt_payer
INV9001233,B009,B009-C1048,Chemicals Client 048,Chemicals & Plastics,60,531852.91,2026-07-10,2026-09-08,closed,2026-08-31,52,-8,False,False,prompt_payer
INV9001234,B009,B009-C1048,Chemicals Client 048,Chemicals & Plastics,60,377082.6,2026-07-22,2026-09-20,disputed_open,,,,False,False,prompt_payer
INV9001235,B009,B009-C1048,Chemicals Client 048,Chemicals & Plastics,60,435664.6,2026-07-28,2026-09-26,open,,,,False,False,prompt_payer
INV9001236,B009,B009-C1048,Chemicals Client 048,Chemicals & Plastics,60,373135.26,2026-08-11,2026-10-10,disputed_open,,,,False,False,prompt_payer
INV9001237,B009,B009-C1049,Retail Client 049,Retail & Distribution,60,11349.57,2025-03-16,2025-05-15,closed,2025-05-27,72,12,False,False,cold_start
INV9001238,B009,B009-C1049,Retail Client 049,Retail & Distribution,60,34710.57,2025-08-19,2025-10-18,closed,2025-10-30,72,12,False,False,cold_start
INV9001239,B009,B009-C1049,Retail Client 049,Retail & Distribution,60,47008.34,2026-07-15,2026-09-13,open,,,,False,False,cold_start
INV9001240,B009,B009-C1050,Metal Client 050,Metal & Engineering,45,105363.59,2024-05-04,2024-06-18,closed,2024-07-13,70,25,False,False,erratic_payer
INV9001241,B009,B009-C1050,Metal Client 050,Metal & Engineering,45,186390.29,2024-05-30,2024-07-14,closed,2024-07-16,47,2,False,False,erratic_payer
INV9001242,B009,B009-C1050,Metal Client 050,Metal & Engineering,45,222262.8,2024-06-25,2024-08-09,closed,2024-08-19,55,10,False,False,erratic_payer
INV9001243,B009,B009-C1050,Metal Client 050,Metal & Engineering,45,142850.34,2024-08-18,2024-10-02,closed,2024-10-11,54,9,False,False,erratic_payer
INV9001244,B009,B009-C1050,Metal Client 050,Metal & Engineering,45,193270.66,2024-09-02,2024-10-17,closed,2024-10-03,31,-14,False,False,erratic_payer
INV9001245,B009,B009-C1050,Metal Client 050,Metal & Engineering,45,117843.14,2024-09-14,2024-10-29,closed,2024-10-31,47,2,False,False,erratic_payer
INV9001246,B009,B009-C1050,Metal Client 050,Metal & Engineering,45,149608.64,2024-11-06,2024-12-21,closed,2025-01-05,60,15,False,False,erratic_payer
INV9001247,B009,B009-C1050,Metal Client 050,Metal & Engineering,45,196397.5,2024-11-23,2025-01-07,closed,2025-02-02,71,26,False,False,erratic_payer
INV9001248,B009,B009-C1050,Metal Client 050,Metal & Engineering,45,209353.66,2025-02-27,2025-04-13,closed,2025-04-19,51,6,False,False,erratic_payer
INV9001249,B009,B009-C1050,Metal Client 050,Metal & Engineering,45,73087.32,2025-03-18,2025-05-02,closed,2025-04-26,39,-6,False,False,erratic_payer
INV9001250,B009,B009-C1050,Metal Client 050,Metal & Engineering,45,181414.74,2025-04-07,2025-05-22,closed,2025-05-30,53,8,False,False,erratic_payer
INV9001251,B009,B009-C1050,Metal Client 050,Metal & Engineering,45,125953.98,2025-06-07,2025-07-22,closed,2025-08-06,60,15,False,False,erratic_payer
INV9001252,B009,B009-C1050,Metal Client 050,Metal & Engineering,45,166661.82,2025-06-12,2025-07-27,closed,2025-07-22,40,-5,False,False,erratic_payer
INV9001253,B009,B009-C1050,Metal Client 050,Metal & Engineering,45,189000.91,2025-07-17,2025-08-31,open,,,,False,False,erratic_payer
INV9001254,B009,B009-C1050,Metal Client 050,Metal & Engineering,45,198850.99,2025-08-03,2025-09-17,closed,2025-09-29,57,12,True,False,erratic_payer
INV9001255,B009,B009-C1050,Metal Client 050,Metal & Engineering,45,97931.36,2025-08-14,2025-09-28,closed,2025-10-11,58,13,False,False,erratic_payer
INV9001256,B009,B009-C1050,Metal Client 050,Metal & Engineering,45,162269.56,2025-08-30,2025-10-14,closed,2025-10-18,49,4,False,False,erratic_payer
INV9001257,B009,B009-C1050,Metal Client 050,Metal & Engineering,45,98293.67,2025-09-13,2025-10-28,closed,2025-10-27,44,-1,False,False,erratic_payer
INV9001258,B009,B009-C1050,Metal Client 050,Metal & Engineering,45,129205.41,2025-09-24,2025-11-08,closed,2025-11-19,56,11,False,False,erratic_payer
INV9001259,B009,B009-C1050,Metal Client 050,Metal & Engineering,45,176498.13,2025-09-27,2025-11-11,closed,2025-11-09,43,-2,False,False,erratic_payer
INV9001260,B009,B009-C1050,Metal Client 050,Metal & Engineering,45,230400.23,2025-09-30,2025-11-14,closed,2025-11-25,56,11,False,False,erratic_payer
INV9001261,B009,B009-C1050,Metal Client 050,Metal & Engineering,45,101717.01,2025-10-01,2025-11-15,closed,2025-11-18,48,3,False,False,erratic_payer
INV9001262,B009,B009-C1050,Metal Client 050,Metal & Engineering,45,111572.15,2025-11-15,2025-12-30,closed,2026-04-30,166,121,False,False,erratic_payer
INV9001263,B009,B009-C1050,Metal Client 050,Metal & Engineering,45,235383.91,2025-12-10,2026-01-24,closed,2026-03-31,111,66,False,False,erratic_payer
INV9001264,B009,B009-C1050,Metal Client 050,Metal & Engineering,45,181969.73,2026-02-06,2026-03-23,closed,2026-03-20,42,-3,False,False,erratic_payer
INV9001265,B009,B009-C1050,Metal Client 050,Metal & Engineering,45,118082.18,2026-03-06,2026-04-20,closed,2026-04-26,51,6,False,False,erratic_payer
INV9001266,B009,B009-C1050,Metal Client 050,Metal & Engineering,45,222608.66,2026-04-05,2026-05-20,closed,2026-06-07,63,18,False,False,erratic_payer
INV9001267,B009,B009-C1050,Metal Client 050,Metal & Engineering,45,140537.01,2026-05-18,2026-07-02,closed,2026-07-03,46,1,False,False,erratic_payer
INV9001268,B009,B009-C1051,Auto Client 051,Auto Components,30,3689.34,2024-03-22,2024-04-21,closed,2024-05-02,41,11,False,False,seasonal_payer
INV9001269,B009,B009-C1051,Auto Client 051,Auto Components,30,2903.29,2024-03-31,2024-04-30,closed,2024-04-27,27,-3,False,False,seasonal_payer
INV9001270,B009,B009-C1051,Auto Client 051,Auto Components,30,3413.6,2024-04-07,2024-05-07,closed,2024-05-15,38,8,False,False,seasonal_payer
INV9001271,B009,B009-C1051,Auto Client 051,Auto Components,30,3870.46,2024-04-26,2024-05-26,closed,2024-06-09,44,14,False,False,seasonal_payer
INV9001272,B009,B009-C1051,Auto Client 051,Auto Components,30,4036.76,2024-05-12,2024-06-11,closed,2024-07-02,51,21,False,False,seasonal_payer
INV9001273,B009,B009-C1051,Auto Client 051,Auto Components,30,3929.49,2024-05-14,2024-06-13,closed,2024-06-14,31,1,False,False,seasonal_payer
INV9001274,B009,B009-C1051,Auto Client 051,Auto Components,30,4044.87,2024-06-15,2024-07-15,closed,2024-07-27,42,12,False,False,seasonal_payer
INV9001275,B009,B009-C1051,Auto Client 051,Auto Components,30,3108.84,2024-06-18,2024-07-18,closed,2024-07-27,39,9,False,False,seasonal_payer
INV9001276,B009,B009-C1051,Auto Client 051,Auto Components,30,4899.37,2024-07-08,2024-08-07,closed,2024-08-22,45,15,False,False,seasonal_payer
INV9001277,B009,B009-C1051,Auto Client 051,Auto Components,30,4396.19,2024-07-11,2024-08-10,closed,2024-08-24,44,14,False,False,seasonal_payer
INV9001278,B009,B009-C1051,Auto Client 051,Auto Components,30,4524.18,2024-07-13,2024-08-12,closed,2024-08-26,44,14,False,False,seasonal_payer
INV9001279,B009,B009-C1051,Auto Client 051,Auto Components,30,5070.62,2024-07-25,2024-08-24,closed,2024-09-13,50,20,False,False,seasonal_payer
INV9001280,B009,B009-C1051,Auto Client 051,Auto Components,30,3744.04,2024-08-04,2024-09-03,closed,2024-09-14,41,11,False,False,seasonal_payer
INV9001281,B009,B009-C1051,Auto Client 051,Auto Components,30,5015.4,2024-08-05,2024-09-04,closed,2024-09-10,36,6,False,False,seasonal_payer
INV9001282,B009,B009-C1051,Auto Client 051,Auto Components,30,6153.31,2024-08-30,2024-09-29,closed,2024-10-09,40,10,False,False,seasonal_payer
INV9001283,B009,B009-C1051,Auto Client 051,Auto Components,30,3944.77,2024-09-02,2024-10-02,closed,2024-10-10,38,8,False,False,seasonal_payer
INV9001284,B009,B009-C1051,Auto Client 051,Auto Components,30,2636.5,2024-09-05,2024-10-05,closed,2024-10-12,37,7,False,False,seasonal_payer
INV9001285,B009,B009-C1051,Auto Client 051,Auto Components,30,1980.83,2024-10-05,2024-11-04,closed,2024-11-03,29,-1,False,False,seasonal_payer
INV9001286,B009,B009-C1051,Auto Client 051,Auto Components,30,4586.86,2024-10-14,2024-11-13,closed,2024-11-17,34,4,False,False,seasonal_payer
INV9001287,B009,B009-C1051,Auto Client 051,Auto Components,30,2870.85,2024-10-30,2024-11-29,closed,2024-12-06,37,7,False,False,seasonal_payer
INV9001288,B009,B009-C1051,Auto Client 051,Auto Components,30,3022.57,2024-11-01,2024-12-01,closed,2024-11-30,29,-1,False,False,seasonal_payer
INV9001289,B009,B009-C1051,Auto Client 051,Auto Components,30,4366.13,2024-12-22,2025-01-21,closed,2025-02-02,42,12,False,False,seasonal_payer
INV9001290,B009,B009-C1051,Auto Client 051,Auto Components,30,2827.03,2024-12-28,2025-01-27,closed,2025-01-29,32,2,False,False,seasonal_payer
INV9001291,B009,B009-C1051,Auto Client 051,Auto Components,30,6388.69,2024-12-31,2025-01-30,closed,2025-02-08,39,9,False,False,seasonal_payer
INV9001292,B009,B009-C1051,Auto Client 051,Auto Components,30,6243.35,2025-01-04,2025-02-03,closed,2025-02-15,42,12,False,False,seasonal_payer
INV9001293,B009,B009-C1051,Auto Client 051,Auto Components,30,3258.69,2025-01-17,2025-02-16,closed,2025-02-25,39,9,False,False,seasonal_payer
INV9001294,B009,B009-C1051,Auto Client 051,Auto Components,30,4033.54,2025-01-27,2025-02-26,closed,2025-03-09,41,11,False,False,seasonal_payer
INV9001295,B009,B009-C1051,Auto Client 051,Auto Components,30,2954.14,2025-03-12,2025-04-11,closed,2025-04-14,33,3,False,False,seasonal_payer
INV9001296,B009,B009-C1051,Auto Client 051,Auto Components,30,5840.42,2025-05-23,2025-06-22,closed,2025-07-06,44,14,False,False,seasonal_payer
INV9001297,B009,B009-C1051,Auto Client 051,Auto Components,30,4456.8,2025-06-03,2025-07-03,closed,2025-07-17,44,14,False,False,seasonal_payer
INV9001298,B009,B009-C1051,Auto Client 051,Auto Components,30,15588.62,2025-06-07,2025-07-07,closed,2025-07-26,49,19,False,True,seasonal_payer
INV9001299,B009,B009-C1051,Auto Client 051,Auto Components,30,3631.85,2025-07-17,2025-08-16,closed,2025-09-08,53,23,False,False,seasonal_payer
INV9001300,B009,B009-C1051,Auto Client 051,Auto Components,30,3750.39,2025-07-19,2025-08-18,closed,2025-08-29,41,11,False,False,seasonal_payer
INV9001301,B009,B009-C1051,Auto Client 051,Auto Components,30,6096.5,2025-07-22,2025-08-21,closed,2025-09-02,42,12,False,False,seasonal_payer
INV9001302,B009,B009-C1051,Auto Client 051,Auto Components,30,5361.46,2025-08-17,2025-09-16,closed,2025-09-12,26,-4,False,False,seasonal_payer
INV9001303,B009,B009-C1051,Auto Client 051,Auto Components,30,3799.93,2025-08-21,2025-09-20,closed,2025-10-17,57,27,False,False,seasonal_payer
INV9001304,B009,B009-C1051,Auto Client 051,Auto Components,30,2457.34,2025-08-24,2025-09-23,closed,2025-10-02,39,9,False,False,seasonal_payer
INV9001305,B009,B009-C1051,Auto Client 051,Auto Components,30,3510.71,2025-09-08,2025-10-08,closed,2025-10-10,32,2,False,False,seasonal_payer
INV9001306,B009,B009-C1051,Auto Client 051,Auto Components,30,5066.66,2025-09-15,2025-10-15,closed,2025-11-01,47,17,False,False,seasonal_payer
INV9001307,B009,B009-C1051,Auto Client 051,Auto Components,30,2746.6,2025-10-11,2025-11-10,closed,2025-11-06,26,-4,False,False,seasonal_payer
INV9001308,B009,B009-C1051,Auto Client 051,Auto Components,30,2243.82,2025-10-20,2025-11-19,closed,2025-11-21,32,2,False,False,seasonal_payer
INV9001309,B009,B009-C1051,Auto Client 051,Auto Components,30,3617.22,2025-11-23,2025-12-23,closed,2025-12-25,32,2,False,False,seasonal_payer
INV9001310,B009,B009-C1051,Auto Client 051,Auto Components,30,17100.23,2025-12-17,2026-01-16,closed,2026-01-19,33,3,False,True,seasonal_payer
INV9001311,B009,B009-C1051,Auto Client 051,Auto Components,30,3652.63,2025-12-29,2026-01-28,closed,2026-01-31,33,3,False,False,seasonal_payer
INV9001312,B009,B009-C1051,Auto Client 051,Auto Components,30,2908.99,2026-01-18,2026-02-17,closed,2026-02-22,35,5,False,False,seasonal_payer
INV9001313,B009,B009-C1051,Auto Client 051,Auto Components,30,2816.94,2026-01-25,2026-02-24,closed,2026-02-26,32,2,False,False,seasonal_payer
INV9001314,B009,B009-C1051,Auto Client 051,Auto Components,30,5112.95,2026-02-20,2026-03-22,closed,2026-03-16,24,-6,False,False,seasonal_payer
INV9001315,B009,B009-C1051,Auto Client 051,Auto Components,30,3066.38,2026-04-05,2026-05-05,closed,2026-05-12,37,7,False,False,seasonal_payer
INV9001316,B009,B009-C1051,Auto Client 051,Auto Components,30,3127.64,2026-04-23,2026-05-23,closed,2026-06-20,58,28,True,False,seasonal_payer
INV9001317,B009,B009-C1051,Auto Client 051,Auto Components,30,6039.23,2026-04-26,2026-05-26,closed,2026-05-31,35,5,False,False,seasonal_payer
INV9001318,B009,B009-C1051,Auto Client 051,Auto Components,30,2628.95,2026-05-01,2026-05-31,closed,2026-06-07,37,7,False,False,seasonal_payer
INV9001319,B009,B009-C1051,Auto Client 051,Auto Components,30,3173.82,2026-05-02,2026-06-01,closed,2026-06-12,41,11,False,False,seasonal_payer
INV9001320,B009,B009-C1051,Auto Client 051,Auto Components,30,3249.36,2026-08-11,2026-09-10,open,,,,False,False,seasonal_payer
INV9001321,B009,B009-C1051,Auto Client 051,Auto Components,30,7325.43,2026-08-30,2026-09-29,open,,,,False,False,seasonal_payer
INV9001322,B009,B009-C1052,Chemicals Client 052,Chemicals & Plastics,60,536157.6,2024-03-22,2024-05-21,closed,2024-05-31,70,10,False,True,average_payer
INV9001323,B009,B009-C1052,Chemicals Client 052,Chemicals & Plastics,60,200049.78,2024-05-01,2024-06-30,closed,2024-06-26,56,-4,False,False,average_payer
INV9001324,B009,B009-C1052,Chemicals Client 052,Chemicals & Plastics,60,106969.24,2024-06-06,2024-08-05,closed,2024-08-03,58,-2,False,False,average_payer
INV9001325,B009,B009-C1052,Chemicals Client 052,Chemicals & Plastics,60,87599.64,2024-06-10,2024-08-09,closed,2024-08-15,66,6,False,False,average_payer
INV9001326,B009,B009-C1052,Chemicals Client 052,Chemicals & Plastics,60,175051.65,2024-06-14,2024-08-13,closed,2024-08-17,64,4,False,False,average_payer
INV9001327,B009,B009-C1052,Chemicals Client 052,Chemicals & Plastics,60,107109.68,2024-06-14,2024-08-13,closed,2024-08-23,70,10,False,False,average_payer
INV9001328,B009,B009-C1052,Chemicals Client 052,Chemicals & Plastics,60,231201.3,2024-07-08,2024-09-06,closed,2024-09-09,63,3,False,False,average_payer
INV9001329,B009,B009-C1052,Chemicals Client 052,Chemicals & Plastics,60,135974.51,2024-07-30,2024-09-28,closed,2024-09-26,58,-2,False,False,average_payer
INV9001330,B009,B009-C1052,Chemicals Client 052,Chemicals & Plastics,60,79876.72,2024-08-24,2024-10-23,closed,2024-11-05,73,13,True,False,average_payer
INV9001331,B009,B009-C1052,Chemicals Client 052,Chemicals & Plastics,60,176130.46,2024-08-26,2024-10-25,closed,2024-11-14,80,20,False,False,average_payer
INV9001332,B009,B009-C1052,Chemicals Client 052,Chemicals & Plastics,60,185720.67,2024-11-16,2025-01-15,closed,2025-01-15,60,0,False,False,average_payer
INV9001333,B009,B009-C1052,Chemicals Client 052,Chemicals & Plastics,60,170863.61,2024-11-20,2025-01-19,closed,2025-01-19,60,0,False,False,average_payer
INV9001334,B009,B009-C1052,Chemicals Client 052,Chemicals & Plastics,60,310235.18,2024-12-15,2025-02-13,closed,2025-02-21,68,8,False,False,average_payer
INV9001335,B009,B009-C1052,Chemicals Client 052,Chemicals & Plastics,60,116187.34,2025-01-12,2025-03-13,closed,2025-03-18,65,5,False,False,average_payer
INV9001336,B009,B009-C1052,Chemicals Client 052,Chemicals & Plastics,60,166957.21,2025-01-13,2025-03-14,closed,2025-03-25,71,11,False,False,average_payer
INV9001337,B009,B009-C1052,Chemicals Client 052,Chemicals & Plastics,60,955669.24,2025-01-23,2025-03-24,closed,2025-03-31,67,7,False,True,average_payer
INV9001338,B009,B009-C1052,Chemicals Client 052,Chemicals & Plastics,60,150658.86,2025-03-08,2025-05-07,closed,2025-05-09,62,2,False,False,average_payer
INV9001339,B009,B009-C1052,Chemicals Client 052,Chemicals & Plastics,60,131090.93,2025-03-17,2025-05-16,closed,2025-05-25,69,9,False,False,average_payer
INV9001340,B009,B009-C1052,Chemicals Client 052,Chemicals & Plastics,60,147807.64,2025-06-05,2025-08-04,closed,2025-08-11,67,7,False,False,average_payer
INV9001341,B009,B009-C1052,Chemicals Client 052,Chemicals & Plastics,60,161010.54,2025-06-09,2025-08-08,closed,2025-08-14,66,6,True,False,average_payer
INV9001342,B009,B009-C1052,Chemicals Client 052,Chemicals & Plastics,60,169781.49,2025-06-30,2025-08-29,closed,2025-09-02,64,4,False,False,average_payer
INV9001343,B009,B009-C1052,Chemicals Client 052,Chemicals & Plastics,60,120607.76,2025-07-06,2025-09-04,closed,2025-08-25,50,-10,False,False,average_payer
INV9001344,B009,B009-C1052,Chemicals Client 052,Chemicals & Plastics,60,120895.88,2025-08-17,2025-10-16,closed,2025-10-27,71,11,False,False,average_payer
INV9001345,B009,B009-C1052,Chemicals Client 052,Chemicals & Plastics,60,121389.04,2025-08-25,2025-10-24,closed,2025-11-17,84,24,True,False,average_payer
INV9001346,B009,B009-C1052,Chemicals Client 052,Chemicals & Plastics,60,175632.59,2025-08-31,2025-10-30,closed,2025-10-27,57,-3,False,False,average_payer
INV9001347,B009,B009-C1052,Chemicals Client 052,Chemicals & Plastics,60,132876.42,2025-09-17,2025-11-16,closed,2025-11-25,69,9,False,False,average_payer
INV9001348,B009,B009-C1052,Chemicals Client 052,Chemicals & Plastics,60,115765.97,2025-11-10,2026-01-09,closed,2026-01-15,66,6,False,False,average_payer
INV9001349,B009,B009-C1052,Chemicals Client 052,Chemicals & Plastics,60,98679.18,2025-11-24,2026-01-23,closed,2026-01-24,61,1,False,False,average_payer
INV9001350,B009,B009-C1052,Chemicals Client 052,Chemicals & Plastics,60,96013.29,2026-02-04,2026-04-05,closed,2026-04-09,64,4,False,False,average_payer
INV9001351,B009,B009-C1052,Chemicals Client 052,Chemicals & Plastics,60,96461.05,2026-02-25,2026-04-26,closed,2026-05-08,72,12,False,False,average_payer
INV9001352,B009,B009-C1052,Chemicals Client 052,Chemicals & Plastics,60,213382.44,2026-02-26,2026-04-27,closed,2026-05-09,72,12,False,False,average_payer
INV9001353,B009,B009-C1052,Chemicals Client 052,Chemicals & Plastics,60,148590.65,2026-03-26,2026-05-25,closed,2026-05-26,61,1,False,False,average_payer
INV9001354,B009,B009-C1052,Chemicals Client 052,Chemicals & Plastics,60,93908.73,2026-04-07,2026-06-06,closed,2026-06-06,60,0,False,False,average_payer
INV9001355,B009,B009-C1052,Chemicals Client 052,Chemicals & Plastics,60,150862.34,2026-05-28,2026-07-27,closed,2026-07-31,64,4,False,False,average_payer
INV9001356,B009,B009-C1052,Chemicals Client 052,Chemicals & Plastics,60,148939.15,2026-07-08,2026-09-06,closed,2026-09-02,56,-4,False,False,average_payer
INV9001357,B009,B009-C1052,Chemicals Client 052,Chemicals & Plastics,60,224332.56,2026-08-10,2026-10-09,open,,,,False,False,average_payer
INV9001358,B009,B009-C1053,Textiles Client 053,Textiles & Apparel,45,22506.3,2024-03-20,2024-05-04,closed,2024-06-09,81,36,False,False,chronic_late_payer
INV9001359,B009,B009-C1053,Textiles Client 053,Textiles & Apparel,45,28383.88,2024-04-15,2024-05-30,closed,2024-06-24,70,25,False,False,chronic_late_payer
INV9001360,B009,B009-C1053,Textiles Client 053,Textiles & Apparel,45,28532.64,2024-05-03,2024-06-17,closed,2024-07-19,77,32,False,False,chronic_late_payer
INV9001361,B009,B009-C1053,Textiles Client 053,Textiles & Apparel,45,61508.44,2024-05-26,2024-07-10,open,,,,False,False,chronic_late_payer
INV9001362,B009,B009-C1053,Textiles Client 053,Textiles & Apparel,45,24764.57,2024-07-20,2024-09-03,closed,2024-10-14,86,41,False,False,chronic_late_payer
INV9001363,B009,B009-C1053,Textiles Client 053,Textiles & Apparel,45,36708.53,2024-08-19,2024-10-03,closed,2024-11-22,95,50,False,False,chronic_late_payer
INV9001364,B009,B009-C1053,Textiles Client 053,Textiles & Apparel,45,36516.58,2024-08-19,2024-10-03,closed,2024-10-30,72,27,False,False,chronic_late_payer
INV9001365,B009,B009-C1053,Textiles Client 053,Textiles & Apparel,45,41086.85,2024-09-20,2024-11-04,closed,2024-12-01,72,27,False,False,chronic_late_payer
INV9001366,B009,B009-C1053,Textiles Client 053,Textiles & Apparel,45,25808.88,2024-11-01,2024-12-16,closed,2025-02-15,106,61,False,False,chronic_late_payer
INV9001367,B009,B009-C1053,Textiles Client 053,Textiles & Apparel,45,33018.22,2024-11-18,2025-01-02,closed,2025-02-16,90,45,False,False,chronic_late_payer
INV9001368,B009,B009-C1053,Textiles Client 053,Textiles & Apparel,45,32637.25,2025-01-06,2025-02-20,closed,2025-03-18,71,26,False,False,chronic_late_payer
INV9001369,B009,B009-C1053,Textiles Client 053,Textiles & Apparel,45,54332.89,2025-01-09,2025-02-23,closed,2025-04-02,83,38,False,False,chronic_late_payer
INV9001370,B009,B009-C1053,Textiles Client 053,Textiles & Apparel,45,48502.6,2025-01-13,2025-02-27,closed,2025-03-31,77,32,False,False,chronic_late_payer
INV9001371,B009,B009-C1053,Textiles Client 053,Textiles & Apparel,45,70513.69,2025-02-16,2025-04-02,closed,2025-05-07,80,35,False,False,chronic_late_payer
INV9001372,B009,B009-C1053,Textiles Client 053,Textiles & Apparel,45,39201.86,2025-02-28,2025-04-14,closed,2025-05-13,74,29,False,False,chronic_late_payer
INV9001373,B009,B009-C1053,Textiles Client 053,Textiles & Apparel,45,42887.03,2025-03-09,2025-04-23,closed,2025-06-02,85,40,False,False,chronic_late_payer
INV9001374,B009,B009-C1053,Textiles Client 053,Textiles & Apparel,45,54203.78,2025-05-22,2025-07-06,closed,2025-07-26,65,20,False,False,chronic_late_payer
INV9001375,B009,B009-C1053,Textiles Client 053,Textiles & Apparel,45,30130.94,2025-07-26,2025-09-09,closed,2025-10-08,74,29,False,False,chronic_late_payer
INV9001376,B009,B009-C1053,Textiles Client 053,Textiles & Apparel,45,51811.89,2025-08-13,2025-09-27,closed,2025-11-27,106,61,False,False,chronic_late_payer
INV9001377,B009,B009-C1053,Textiles Client 053,Textiles & Apparel,45,47191.39,2025-10-06,2025-11-20,closed,2026-01-17,103,58,False,False,chronic_late_payer
INV9001378,B009,B009-C1053,Textiles Client 053,Textiles & Apparel,45,37835.08,2025-11-29,2026-01-13,closed,2026-02-25,88,43,False,False,chronic_late_payer
INV9001379,B009,B009-C1053,Textiles Client 053,Textiles & Apparel,45,23406.37,2025-12-31,2026-02-14,closed,2026-04-07,97,52,False,False,chronic_late_payer
INV9001380,B009,B009-C1053,Textiles Client 053,Textiles & Apparel,45,34341.96,2026-02-15,2026-04-01,closed,2026-05-08,82,37,False,False,chronic_late_payer
INV9001381,B009,B009-C1053,Textiles Client 053,Textiles & Apparel,45,30836.49,2026-04-05,2026-05-20,closed,2026-06-03,59,14,False,False,chronic_late_payer
INV9001382,B009,B009-C1053,Textiles Client 053,Textiles & Apparel,45,37552.8,2026-04-19,2026-06-03,closed,2026-07-02,74,29,False,False,chronic_late_payer
INV9001383,B009,B009-C1053,Textiles Client 053,Textiles & Apparel,45,23209.35,2026-05-13,2026-06-27,closed,2026-08-11,90,45,False,False,chronic_late_payer
INV9001384,B009,B009-C1053,Textiles Client 053,Textiles & Apparel,45,38646.49,2026-06-08,2026-07-23,closed,2026-08-06,59,14,False,False,chronic_late_payer
INV9001385,B009,B009-C1053,Textiles Client 053,Textiles & Apparel,45,36906.56,2026-06-28,2026-08-12,open,,,,False,False,chronic_late_payer
INV9001386,B009,B009-C1054,Pharma Client 054,Pharma & Healthcare,15,43634.58,2024-05-03,2024-05-18,closed,2024-05-16,13,-2,False,False,average_payer
INV9001387,B009,B009-C1054,Pharma Client 054,Pharma & Healthcare,15,296216.66,2024-05-26,2024-06-10,closed,2024-06-12,17,2,False,True,average_payer
INV9001388,B009,B009-C1054,Pharma Client 054,Pharma & Healthcare,15,268554.04,2024-05-30,2024-06-14,closed,2024-06-18,19,4,False,True,average_payer
INV9001389,B009,B009-C1054,Pharma Client 054,Pharma & Healthcare,15,45238.01,2024-06-15,2024-06-30,closed,2024-07-11,26,11,False,False,average_payer
INV9001390,B009,B009-C1054,Pharma Client 054,Pharma & Healthcare,15,69122.95,2024-06-18,2024-07-03,closed,2024-07-02,14,-1,False,False,average_payer
INV9001391,B009,B009-C1054,Pharma Client 054,Pharma & Healthcare,15,45917.09,2024-06-21,2024-07-06,closed,2024-07-23,32,17,False,False,average_payer
INV9001392,B009,B009-C1054,Pharma Client 054,Pharma & Healthcare,15,37097.75,2024-08-14,2024-08-29,closed,2024-09-06,23,8,False,False,average_payer
INV9001393,B009,B009-C1054,Pharma Client 054,Pharma & Healthcare,15,89995.15,2024-09-03,2024-09-18,closed,2024-09-25,22,7,False,False,average_payer
INV9001394,B009,B009-C1054,Pharma Client 054,Pharma & Healthcare,15,75047.46,2024-10-19,2024-11-03,closed,2024-11-01,13,-2,False,False,average_payer
INV9001395,B009,B009-C1054,Pharma Client 054,Pharma & Healthcare,15,92417.81,2024-11-30,2024-12-15,closed,2024-12-21,21,6,False,False,average_payer
INV9001396,B009,B009-C1054,Pharma Client 054,Pharma & Healthcare,15,62291.48,2024-12-13,2024-12-28,closed,2025-01-03,21,6,False,False,average_payer
INV9001397,B009,B009-C1054,Pharma Client 054,Pharma & Healthcare,15,91806.44,2024-12-31,2025-01-15,closed,2025-01-21,21,6,False,False,average_payer
INV9001398,B009,B009-C1054,Pharma Client 054,Pharma & Healthcare,15,47705.23,2025-01-07,2025-01-22,closed,2025-01-30,23,8,False,False,average_payer
INV9001399,B009,B009-C1054,Pharma Client 054,Pharma & Healthcare,15,71544.16,2025-01-22,2025-02-06,closed,2025-02-09,18,3,False,False,average_payer
INV9001400,B009,B009-C1054,Pharma Client 054,Pharma & Healthcare,15,79861.3,2025-01-23,2025-02-07,closed,2025-01-29,6,-9,False,False,average_payer
INV9001401,B009,B009-C1054,Pharma Client 054,Pharma & Healthcare,15,90406.31,2025-02-05,2025-02-20,closed,2025-02-18,13,-2,False,False,average_payer
INV9001402,B009,B009-C1054,Pharma Client 054,Pharma & Healthcare,15,237476.84,2025-02-15,2025-03-02,closed,2025-03-18,31,16,False,True,average_payer
INV9001403,B009,B009-C1054,Pharma Client 054,Pharma & Healthcare,15,78987.75,2025-03-08,2025-03-23,closed,2025-03-12,4,-11,False,False,average_payer
INV9001404,B009,B009-C1054,Pharma Client 054,Pharma & Healthcare,15,76078.64,2025-03-27,2025-04-11,closed,2025-04-17,21,6,False,False,average_payer
INV9001405,B009,B009-C1054,Pharma Client 054,Pharma & Healthcare,15,50393.0,2025-04-03,2025-04-18,closed,2025-05-04,31,16,False,False,average_payer
INV9001406,B009,B009-C1054,Pharma Client 054,Pharma & Healthcare,15,61572.03,2025-05-10,2025-05-25,closed,2025-06-11,32,17,False,False,average_payer
INV9001407,B009,B009-C1054,Pharma Client 054,Pharma & Healthcare,15,61223.46,2025-06-08,2025-06-23,closed,2025-07-09,31,16,False,False,average_payer
INV9001408,B009,B009-C1054,Pharma Client 054,Pharma & Healthcare,15,52963.41,2025-06-17,2025-07-02,closed,2025-07-23,36,21,False,False,average_payer
INV9001409,B009,B009-C1054,Pharma Client 054,Pharma & Healthcare,15,51064.04,2025-10-31,2025-11-15,closed,2025-11-18,18,3,False,False,average_payer
INV9001410,B009,B009-C1054,Pharma Client 054,Pharma & Healthcare,15,103385.54,2025-12-02,2025-12-17,closed,2025-12-23,21,6,False,False,average_payer
INV9001411,B009,B009-C1054,Pharma Client 054,Pharma & Healthcare,15,43019.03,2026-01-04,2026-01-19,closed,2026-01-13,9,-6,False,False,average_payer
INV9001412,B009,B009-C1054,Pharma Client 054,Pharma & Healthcare,15,59791.75,2026-02-25,2026-03-12,closed,2026-03-05,8,-7,False,False,average_payer
INV9001413,B009,B009-C1054,Pharma Client 054,Pharma & Healthcare,15,57644.94,2026-03-25,2026-04-09,closed,2026-04-16,22,7,False,False,average_payer
INV9001414,B009,B009-C1054,Pharma Client 054,Pharma & Healthcare,15,44064.37,2026-04-15,2026-04-30,closed,2026-05-16,31,16,False,False,average_payer
INV9001415,B009,B009-C1054,Pharma Client 054,Pharma & Healthcare,15,22113.21,2026-05-12,2026-05-27,closed,2026-05-31,19,4,True,False,average_payer
INV9001416,B009,B009-C1054,Pharma Client 054,Pharma & Healthcare,15,90953.81,2026-06-08,2026-06-23,closed,2026-06-25,17,2,False,False,average_payer
INV9001417,B009,B009-C1054,Pharma Client 054,Pharma & Healthcare,15,49510.14,2026-06-18,2026-07-03,closed,2026-07-06,18,3,False,False,average_payer
INV9001418,B009,B009-C1054,Pharma Client 054,Pharma & Healthcare,15,61485.32,2026-06-25,2026-07-10,closed,2026-07-16,21,6,False,False,average_payer
INV9001419,B009,B009-C1054,Pharma Client 054,Pharma & Healthcare,15,63032.79,2026-06-27,2026-07-12,closed,2026-07-20,23,8,False,False,average_payer
INV9001420,B009,B009-C1054,Pharma Client 054,Pharma & Healthcare,15,54062.98,2026-06-30,2026-07-15,closed,2026-07-22,22,7,False,False,average_payer
INV9001421,B009,B009-C1054,Pharma Client 054,Pharma & Healthcare,15,30011.1,2026-07-15,2026-07-30,closed,2026-08-16,32,17,False,False,average_payer
INV9001422,B009,B009-C1054,Pharma Client 054,Pharma & Healthcare,15,43698.42,2026-08-14,2026-08-29,closed,2026-08-30,16,1,False,False,average_payer
INV9001423,B009,B009-C1054,Pharma Client 054,Pharma & Healthcare,15,47337.16,2026-08-20,2026-09-04,disputed_open,,,,False,False,average_payer
INV9001424,B009,B009-C1055,FMCG Client 055,FMCG & Food Processing,30,47328.57,2025-08-12,2025-09-11,closed,2025-09-19,38,8,False,False,cold_start
INV9001425,B009,B009-C1055,FMCG Client 055,FMCG & Food Processing,30,67202.31,2026-03-23,2026-04-22,closed,2026-04-20,28,-2,False,False,cold_start
INV9001426,B009,B009-C1056,Retail Client 056,Retail & Distribution,60,104513.19,2024-11-26,2025-01-25,closed,2025-01-27,62,2,False,False,cold_start
INV9001427,B009,B009-C1056,Retail Client 056,Retail & Distribution,60,148733.92,2025-01-01,2025-03-02,closed,2025-02-28,58,-2,False,False,cold_start
INV9001428,B009,B009-C1056,Retail Client 056,Retail & Distribution,60,101092.33,2026-08-07,2026-10-06,open,,,,False,False,cold_start
INV9001429,B009,B009-C1057,FMCG Client 057,FMCG & Food Processing,45,101570.86,2024-04-12,2024-05-27,closed,2024-05-28,46,1,False,False,average_payer
INV9001430,B009,B009-C1057,FMCG Client 057,FMCG & Food Processing,45,95118.83,2024-05-17,2024-07-01,closed,2024-07-17,61,16,False,False,average_payer
INV9001431,B009,B009-C1057,FMCG Client 057,FMCG & Food Processing,45,167692.54,2024-10-14,2024-11-28,closed,2024-12-04,51,6,False,False,average_payer
INV9001432,B009,B009-C1057,FMCG Client 057,FMCG & Food Processing,45,71639.18,2024-10-20,2024-12-04,closed,2024-12-08,49,4,False,False,average_payer
INV9001433,B009,B009-C1057,FMCG Client 057,FMCG & Food Processing,45,83370.57,2025-06-17,2025-08-01,closed,2025-08-13,57,12,False,False,average_payer
INV9001434,B009,B009-C1057,FMCG Client 057,FMCG & Food Processing,45,77424.46,2025-09-20,2025-11-04,closed,2025-10-30,40,-5,False,False,average_payer
INV9001435,B009,B009-C1057,FMCG Client 057,FMCG & Food Processing,45,81492.89,2026-03-04,2026-04-18,closed,2026-05-01,58,13,False,False,average_payer
INV9001436,B009,B009-C1057,FMCG Client 057,FMCG & Food Processing,45,80656.29,2026-03-22,2026-05-06,closed,2026-05-08,47,2,False,False,average_payer
INV9001437,B009,B009-C1057,FMCG Client 057,FMCG & Food Processing,45,332692.77,2026-05-02,2026-06-16,open,,,,False,True,average_payer
INV9001438,B009,B009-C1057,FMCG Client 057,FMCG & Food Processing,45,120653.11,2026-06-16,2026-07-31,closed,2026-08-15,60,15,False,False,average_payer
INV9001439,B009,B009-C1057,FMCG Client 057,FMCG & Food Processing,45,57912.46,2026-06-26,2026-08-10,closed,2026-08-13,48,3,False,False,average_payer
INV9001440,B009,B009-C1058,FMCG Client 058,FMCG & Food Processing,60,75574.61,2024-04-05,2024-06-04,closed,2024-06-10,66,6,False,False,erratic_payer
INV9001441,B009,B009-C1058,FMCG Client 058,FMCG & Food Processing,60,77542.79,2024-04-28,2024-06-27,closed,2024-07-03,66,6,False,False,erratic_payer
INV9001442,B009,B009-C1058,FMCG Client 058,FMCG & Food Processing,60,65236.62,2024-08-30,2024-10-29,closed,2024-10-30,61,1,False,False,erratic_payer
INV9001443,B009,B009-C1058,FMCG Client 058,FMCG & Food Processing,60,36533.92,2024-09-15,2024-11-14,closed,2024-11-11,57,-3,False,False,erratic_payer
INV9001444,B009,B009-C1058,FMCG Client 058,FMCG & Food Processing,60,53847.87,2024-10-10,2024-12-09,closed,2024-12-16,67,7,False,False,erratic_payer
INV9001445,B009,B009-C1058,FMCG Client 058,FMCG & Food Processing,60,48638.51,2025-02-01,2025-04-02,closed,2025-04-08,66,6,False,False,erratic_payer
INV9001446,B009,B009-C1058,FMCG Client 058,FMCG & Food Processing,60,47215.82,2025-06-05,2025-08-04,closed,2025-09-14,101,41,False,False,erratic_payer
INV9001447,B009,B009-C1058,FMCG Client 058,FMCG & Food Processing,60,93510.95,2026-04-30,2026-06-29,closed,2026-07-09,70,10,False,False,erratic_payer
INV9001448,B009,B009-C1058,FMCG Client 058,FMCG & Food Processing,60,48915.94,2026-05-20,2026-07-19,closed,2026-07-22,63,3,False,False,erratic_payer
INV9001449,B009,B009-C1058,FMCG Client 058,FMCG & Food Processing,60,40981.18,2026-05-22,2026-07-21,closed,2026-06-29,38,-22,False,False,erratic_payer
INV9001450,B009,B009-C1059,Retail Client 059,Retail & Distribution,45,68083.87,2024-05-02,2024-06-16,closed,2024-07-21,80,35,False,False,improving_payer
INV9001451,B009,B009-C1059,Retail Client 059,Retail & Distribution,45,93126.14,2024-05-05,2024-06-19,closed,2024-07-17,73,28,False,False,improving_payer
INV9001452,B009,B009-C1059,Retail Client 059,Retail & Distribution,45,43661.53,2024-05-08,2024-06-22,closed,2024-08-10,94,49,False,False,improving_payer
INV9001453,B009,B009-C1059,Retail Client 059,Retail & Distribution,45,111875.39,2024-05-23,2024-07-07,closed,2024-08-06,75,30,False,False,improving_payer
INV9001454,B009,B009-C1059,Retail Client 059,Retail & Distribution,45,137828.93,2024-05-30,2024-07-14,closed,2024-07-31,62,17,False,False,improving_payer
INV9001455,B009,B009-C1059,Retail Client 059,Retail & Distribution,45,58362.5,2024-06-13,2024-07-28,closed,2024-08-25,73,28,False,False,improving_payer
INV9001456,B009,B009-C1059,Retail Client 059,Retail & Distribution,45,161481.83,2024-09-16,2024-10-31,closed,2024-11-22,67,22,False,False,improving_payer
INV9001457,B009,B009-C1059,Retail Client 059,Retail & Distribution,45,139755.89,2024-09-30,2024-11-14,closed,2024-12-04,65,20,False,False,improving_payer
INV9001458,B009,B009-C1059,Retail Client 059,Retail & Distribution,45,76609.65,2024-10-31,2024-12-15,closed,2025-01-01,62,17,False,False,improving_payer
INV9001459,B009,B009-C1059,Retail Client 059,Retail & Distribution,45,86380.75,2025-03-28,2025-05-12,closed,2025-05-24,57,12,False,False,improving_payer
INV9001460,B009,B009-C1059,Retail Client 059,Retail & Distribution,45,102848.84,2025-03-28,2025-05-12,closed,2025-05-11,44,-1,False,False,improving_payer
INV9001461,B009,B009-C1059,Retail Client 059,Retail & Distribution,45,138994.87,2025-06-12,2025-07-27,closed,2025-08-19,68,23,False,False,improving_payer
INV9001462,B009,B009-C1059,Retail Client 059,Retail & Distribution,45,90238.95,2025-08-18,2025-10-02,closed,2025-10-14,57,12,False,False,improving_payer
INV9001463,B009,B009-C1059,Retail Client 059,Retail & Distribution,45,122501.76,2025-09-18,2025-11-02,closed,2025-11-26,69,24,False,False,improving_payer
INV9001464,B009,B009-C1059,Retail Client 059,Retail & Distribution,45,133708.61,2025-10-18,2025-12-02,closed,2025-12-10,53,8,False,False,improving_payer
INV9001465,B009,B009-C1059,Retail Client 059,Retail & Distribution,45,88741.59,2025-11-01,2025-12-16,closed,2025-12-23,52,7,False,False,improving_payer
INV9001466,B009,B009-C1059,Retail Client 059,Retail & Distribution,45,157880.07,2025-12-22,2026-02-05,closed,2026-02-01,41,-4,False,False,improving_payer
INV9001467,B009,B009-C1059,Retail Client 059,Retail & Distribution,45,128433.83,2026-01-12,2026-02-26,closed,2026-02-24,43,-2,False,False,improving_payer
INV9001468,B009,B009-C1059,Retail Client 059,Retail & Distribution,45,134368.08,2026-01-15,2026-03-01,closed,2026-03-12,56,11,False,False,improving_payer
INV9001469,B009,B009-C1059,Retail Client 059,Retail & Distribution,45,106684.95,2026-04-03,2026-05-18,closed,2026-06-03,61,16,True,False,improving_payer
INV9001470,B009,B009-C1059,Retail Client 059,Retail & Distribution,45,77926.77,2026-05-09,2026-06-23,closed,2026-07-07,59,14,False,False,improving_payer
INV9001471,B009,B009-C1059,Retail Client 059,Retail & Distribution,45,91499.5,2026-05-24,2026-07-08,closed,2026-07-03,40,-5,False,False,improving_payer
INV9001472,B009,B009-C1059,Retail Client 059,Retail & Distribution,45,97211.3,2026-05-26,2026-07-10,closed,2026-07-17,52,7,False,False,improving_payer
INV9001473,B009,B009-C1059,Retail Client 059,Retail & Distribution,45,87987.39,2026-07-24,2026-09-07,open,,,,False,False,improving_payer
INV9001474,B009,B009-C1059,Retail Client 059,Retail & Distribution,45,83770.87,2026-08-17,2026-10-01,open,,,,False,False,improving_payer
INV9001475,B009,B009-C1060,Pharma Client 060,Pharma & Healthcare,45,108090.29,2024-05-16,2024-06-30,closed,2024-07-23,68,23,False,False,deteriorating_payer
INV9001476,B009,B009-C1060,Pharma Client 060,Pharma & Healthcare,45,105181.66,2024-05-23,2024-07-07,closed,2024-07-27,65,20,False,False,deteriorating_payer
INV9001477,B009,B009-C1060,Pharma Client 060,Pharma & Healthcare,45,66103.59,2024-06-28,2024-08-12,closed,2024-09-07,71,26,False,False,deteriorating_payer
INV9001478,B009,B009-C1060,Pharma Client 060,Pharma & Healthcare,45,69900.29,2024-07-08,2024-08-22,closed,2024-08-20,43,-2,False,False,deteriorating_payer
INV9001479,B009,B009-C1060,Pharma Client 060,Pharma & Healthcare,45,86146.03,2024-07-20,2024-09-03,closed,2024-09-24,66,21,False,False,deteriorating_payer
INV9001480,B009,B009-C1060,Pharma Client 060,Pharma & Healthcare,45,618561.14,2024-09-01,2024-10-16,closed,2024-11-06,66,21,False,True,deteriorating_payer
INV9001481,B009,B009-C1060,Pharma Client 060,Pharma & Healthcare,45,50999.04,2024-10-06,2024-11-20,closed,2024-12-07,62,17,False,False,deteriorating_payer
INV9001482,B009,B009-C1060,Pharma Client 060,Pharma & Healthcare,45,91290.09,2025-04-03,2025-05-18,closed,2025-06-18,76,31,False,False,deteriorating_payer
INV9001483,B009,B009-C1060,Pharma Client 060,Pharma & Healthcare,45,67168.52,2025-07-08,2025-08-22,open,,,,False,False,deteriorating_payer
INV9001484,B009,B009-C1060,Pharma Client 060,Pharma & Healthcare,45,102896.02,2025-07-27,2025-09-10,closed,2025-09-13,48,3,False,False,deteriorating_payer
INV9001485,B009,B009-C1060,Pharma Client 060,Pharma & Healthcare,45,48034.1,2025-09-22,2025-11-06,closed,2026-01-10,110,65,False,False,deteriorating_payer
INV9001486,B009,B009-C1060,Pharma Client 060,Pharma & Healthcare,45,114132.95,2026-02-17,2026-04-03,closed,2026-06-05,108,63,False,False,deteriorating_payer
INV9001487,B009,B009-C1060,Pharma Client 060,Pharma & Healthcare,45,111757.81,2026-03-22,2026-05-06,closed,2026-05-21,60,15,False,False,deteriorating_payer
INV9001488,B009,B009-C1060,Pharma Client 060,Pharma & Healthcare,45,70020.58,2026-05-11,2026-06-25,closed,2026-07-26,76,31,False,False,deteriorating_payer
INV9001489,B009,B009-C1060,Pharma Client 060,Pharma & Healthcare,45,197742.39,2026-06-16,2026-07-31,disputed_open,,,,False,False,deteriorating_payer
INV9001490,B009,B009-C1060,Pharma Client 060,Pharma & Healthcare,45,372964.7,2026-07-11,2026-08-25,open,,,,False,True,deteriorating_payer
INV9001491,B009,B009-C1060,Pharma Client 060,Pharma & Healthcare,45,93399.26,2026-08-25,2026-10-09,open,,,,False,False,deteriorating_payer
INV9001492,B009,B009-C1061,FMCG Client 061,FMCG & Food Processing,30,15728.06,2024-03-17,2024-04-16,closed,2024-04-23,37,7,False,False,seasonal_payer
INV9001493,B009,B009-C1061,FMCG Client 061,FMCG & Food Processing,30,15845.93,2024-03-29,2024-04-28,closed,2024-05-11,43,13,False,False,seasonal_payer
INV9001494,B009,B009-C1061,FMCG Client 061,FMCG & Food Processing,30,34543.59,2024-04-21,2024-05-21,closed,2024-06-02,42,12,False,False,seasonal_payer
INV9001495,B009,B009-C1061,FMCG Client 061,FMCG & Food Processing,30,21924.34,2024-04-27,2024-05-27,closed,2024-06-03,37,7,False,False,seasonal_payer
INV9001496,B009,B009-C1061,FMCG Client 061,FMCG & Food Processing,30,20559.13,2024-05-08,2024-06-07,closed,2024-06-18,41,11,False,False,seasonal_payer
INV9001497,B009,B009-C1061,FMCG Client 061,FMCG & Food Processing,30,25593.58,2024-06-25,2024-07-25,closed,2024-08-02,38,8,False,False,seasonal_payer
INV9001498,B009,B009-C1061,FMCG Client 061,FMCG & Food Processing,30,13675.08,2024-07-13,2024-08-12,closed,2024-08-27,45,15,False,False,seasonal_payer
INV9001499,B009,B009-C1061,FMCG Client 061,FMCG & Food Processing,30,27318.7,2024-07-26,2024-08-25,closed,2024-09-09,45,15,False,False,seasonal_payer
INV9001500,B009,B009-C1061,FMCG Client 061,FMCG & Food Processing,30,22519.87,2024-08-02,2024-09-01,closed,2024-09-19,48,18,False,False,seasonal_payer
INV9001501,B009,B009-C1061,FMCG Client 061,FMCG & Food Processing,30,14084.74,2024-08-03,2024-09-02,closed,2024-09-17,45,15,False,False,seasonal_payer
INV9001502,B009,B009-C1061,FMCG Client 061,FMCG & Food Processing,30,13455.84,2024-08-09,2024-09-08,closed,2024-09-04,26,-4,False,False,seasonal_payer
INV9001503,B009,B009-C1061,FMCG Client 061,FMCG & Food Processing,30,19900.09,2024-08-11,2024-09-10,closed,2024-09-22,42,12,False,False,seasonal_payer
INV9001504,B009,B009-C1061,FMCG Client 061,FMCG & Food Processing,30,13814.97,2024-09-16,2024-10-16,closed,2024-10-25,39,9,False,False,seasonal_payer
INV9001505,B009,B009-C1061,FMCG Client 061,FMCG & Food Processing,30,22409.45,2025-01-25,2025-02-24,closed,2025-03-07,41,11,False,False,seasonal_payer
INV9001506,B009,B009-C1061,FMCG Client 061,FMCG & Food Processing,30,13401.23,2025-01-29,2025-02-28,closed,2025-02-27,29,-1,False,False,seasonal_payer
INV9001507,B009,B009-C1061,FMCG Client 061,FMCG & Food Processing,30,16766.89,2025-02-18,2025-03-20,closed,2025-03-15,25,-5,False,False,seasonal_payer
INV9001508,B009,B009-C1061,FMCG Client 061,FMCG & Food Processing,30,19055.42,2025-02-24,2025-03-26,closed,2025-04-08,43,13,False,False,seasonal_payer
INV9001509,B009,B009-C1061,FMCG Client 061,FMCG & Food Processing,30,34464.36,2025-03-20,2025-04-19,closed,2025-05-04,45,15,False,False,seasonal_payer
INV9001510,B009,B009-C1061,FMCG Client 061,FMCG & Food Processing,30,22847.87,2025-04-17,2025-05-17,closed,2025-06-07,51,21,False,False,seasonal_payer
INV9001511,B009,B009-C1061,FMCG Client 061,FMCG & Food Processing,30,18296.13,2025-05-03,2025-06-02,closed,2025-06-15,43,13,False,False,seasonal_payer
INV9001512,B009,B009-C1061,FMCG Client 061,FMCG & Food Processing,30,24887.47,2025-05-25,2025-06-24,closed,2025-07-17,53,23,False,False,seasonal_payer
INV9001513,B009,B009-C1061,FMCG Client 061,FMCG & Food Processing,30,16686.88,2025-06-16,2025-07-16,open,,,,False,False,seasonal_payer
INV9001514,B009,B009-C1061,FMCG Client 061,FMCG & Food Processing,30,18659.16,2025-06-19,2025-07-19,closed,2025-08-04,46,16,False,False,seasonal_payer
INV9001515,B009,B009-C1061,FMCG Client 061,FMCG & Food Processing,30,15526.98,2025-07-02,2025-08-01,closed,2025-08-13,42,12,False,False,seasonal_payer
INV9001516,B009,B009-C1061,FMCG Client 061,FMCG & Food Processing,30,26652.17,2025-07-03,2025-08-02,closed,2025-08-22,50,20,False,False,seasonal_payer
INV9001517,B009,B009-C1061,FMCG Client 061,FMCG & Food Processing,30,16149.58,2025-07-04,2025-08-03,closed,2025-08-15,42,12,False,False,seasonal_payer
INV9001518,B009,B009-C1061,FMCG Client 061,FMCG & Food Processing,30,22827.81,2025-07-25,2025-08-24,closed,2025-08-29,35,5,False,False,seasonal_payer
INV9001519,B009,B009-C1061,FMCG Client 061,FMCG & Food Processing,30,24664.35,2025-08-17,2025-09-16,closed,2025-10-05,49,19,False,False,seasonal_payer
INV9001520,B009,B009-C1061,FMCG Client 061,FMCG & Food Processing,30,30982.59,2025-08-23,2025-09-22,closed,2025-09-21,29,-1,False,False,seasonal_payer
INV9001521,B009,B009-C1061,FMCG Client 061,FMCG & Food Processing,30,16696.86,2025-12-05,2026-01-04,closed,2026-01-03,29,-1,False,False,seasonal_payer
INV9001522,B009,B009-C1061,FMCG Client 061,FMCG & Food Processing,30,12587.09,2026-01-07,2026-02-06,closed,2026-02-03,27,-3,False,False,seasonal_payer
INV9001523,B009,B009-C1061,FMCG Client 061,FMCG & Food Processing,30,11911.06,2026-01-10,2026-02-09,closed,2026-02-02,23,-7,False,False,seasonal_payer
INV9001524,B009,B009-C1061,FMCG Client 061,FMCG & Food Processing,30,20317.33,2026-01-18,2026-02-17,closed,2026-02-24,37,7,False,False,seasonal_payer
INV9001525,B009,B009-C1061,FMCG Client 061,FMCG & Food Processing,30,15445.41,2026-01-22,2026-02-21,closed,2026-02-28,37,7,False,False,seasonal_payer
INV9001526,B009,B009-C1061,FMCG Client 061,FMCG & Food Processing,30,10849.1,2026-01-23,2026-02-22,closed,2026-02-25,33,3,False,False,seasonal_payer
INV9001527,B009,B009-C1061,FMCG Client 061,FMCG & Food Processing,30,28182.59,2026-02-01,2026-03-03,closed,2026-03-07,34,4,False,False,seasonal_payer
INV9001528,B009,B009-C1061,FMCG Client 061,FMCG & Food Processing,30,31432.66,2026-04-17,2026-05-17,closed,2026-06-08,52,22,False,False,seasonal_payer
INV9001529,B009,B009-C1061,FMCG Client 061,FMCG & Food Processing,30,19376.78,2026-04-23,2026-05-23,closed,2026-06-05,43,13,False,False,seasonal_payer
INV9001530,B009,B009-C1061,FMCG Client 061,FMCG & Food Processing,30,19522.08,2026-05-28,2026-06-27,closed,2026-07-17,50,20,False,False,seasonal_payer
INV9001531,B009,B009-C1061,FMCG Client 061,FMCG & Food Processing,30,17088.99,2026-07-23,2026-08-22,closed,2026-08-28,36,6,False,False,seasonal_payer
INV9001532,B009,B009-C1061,FMCG Client 061,FMCG & Food Processing,30,18240.59,2026-08-07,2026-09-06,open,,,,False,False,seasonal_payer
INV9001533,B009,B009-C1061,FMCG Client 061,FMCG & Food Processing,30,11415.86,2026-08-10,2026-09-09,open,,,,False,False,seasonal_payer
INV9001534,B009,B009-C1061,FMCG Client 061,FMCG & Food Processing,30,29156.76,2026-08-11,2026-09-10,open,,,,False,False,seasonal_payer
INV9001535,B009,B009-C1061,FMCG Client 061,FMCG & Food Processing,30,19946.18,2026-08-15,2026-09-14,open,,,,False,False,seasonal_payer
INV9001536,B009,B009-C1061,FMCG Client 061,FMCG & Food Processing,30,23319.07,2026-08-20,2026-09-19,open,,,,False,False,seasonal_payer
INV9001537,B009,B009-C1061,FMCG Client 061,FMCG & Food Processing,30,28116.93,2026-08-22,2026-09-21,disputed_open,,,,False,False,seasonal_payer
INV9001538,B009,B009-C1062,Retail Client 062,Retail & Distribution,60,213152.58,2024-04-22,2024-06-21,closed,2024-08-16,116,56,False,False,chronic_late_payer
INV9001539,B009,B009-C1062,Retail Client 062,Retail & Distribution,60,128117.81,2024-04-22,2024-06-21,closed,2024-08-13,113,53,False,False,chronic_late_payer
INV9001540,B009,B009-C1062,Retail Client 062,Retail & Distribution,60,184849.39,2024-04-25,2024-06-24,closed,2024-08-04,101,41,False,False,chronic_late_payer
INV9001541,B009,B009-C1062,Retail Client 062,Retail & Distribution,60,158362.66,2024-05-11,2024-07-10,closed,2024-08-16,97,37,False,False,chronic_late_payer
INV9001542,B009,B009-C1062,Retail Client 062,Retail & Distribution,60,265193.75,2024-06-09,2024-08-08,closed,2024-09-22,105,45,False,False,chronic_late_payer
INV9001543,B009,B009-C1062,Retail Client 062,Retail & Distribution,60,128280.08,2024-06-10,2024-08-09,closed,2024-08-23,74,14,False,False,chronic_late_payer
INV9001544,B009,B009-C1062,Retail Client 062,Retail & Distribution,60,132783.07,2024-06-24,2024-08-23,closed,2024-10-07,105,45,False,False,chronic_late_payer
INV9001545,B009,B009-C1062,Retail Client 062,Retail & Distribution,60,216129.58,2024-07-23,2024-09-21,closed,2024-10-16,85,25,False,False,chronic_late_payer
INV9001546,B009,B009-C1062,Retail Client 062,Retail & Distribution,60,234382.66,2024-07-24,2024-09-22,closed,2024-11-07,106,46,False,False,chronic_late_payer
INV9001547,B009,B009-C1062,Retail Client 062,Retail & Distribution,60,197895.64,2024-07-24,2024-09-22,closed,2024-10-13,81,21,False,False,chronic_late_payer
INV9001548,B009,B009-C1062,Retail Client 062,Retail & Distribution,60,172633.91,2024-08-29,2024-10-28,closed,2024-11-23,86,26,False,False,chronic_late_payer
INV9001549,B009,B009-C1062,Retail Client 062,Retail & Distribution,60,106988.48,2024-10-30,2024-12-29,closed,2025-01-31,93,33,False,False,chronic_late_payer
INV9001550,B009,B009-C1062,Retail Client 062,Retail & Distribution,60,106510.43,2024-11-09,2025-01-08,closed,2025-02-05,88,28,False,False,chronic_late_payer
INV9001551,B009,B009-C1062,Retail Client 062,Retail & Distribution,60,132861.98,2024-11-18,2025-01-17,closed,2025-02-15,89,29,False,False,chronic_late_payer
INV9001552,B009,B009-C1062,Retail Client 062,Retail & Distribution,60,151220.43,2024-11-30,2025-01-29,closed,2025-03-14,104,44,False,False,chronic_late_payer
INV9001553,B009,B009-C1062,Retail Client 062,Retail & Distribution,60,240035.9,2025-01-12,2025-03-13,closed,2025-04-09,87,27,False,False,chronic_late_payer
INV9001554,B009,B009-C1062,Retail Client 062,Retail & Distribution,60,154939.32,2025-01-24,2025-03-25,closed,2025-04-15,81,21,True,False,chronic_late_payer
INV9001555,B009,B009-C1062,Retail Client 062,Retail & Distribution,60,128894.71,2025-03-11,2025-05-10,closed,2025-05-28,78,18,False,False,chronic_late_payer
INV9001556,B009,B009-C1062,Retail Client 062,Retail & Distribution,60,206988.68,2025-03-17,2025-05-16,closed,2025-06-18,93,33,False,False,chronic_late_payer
INV9001557,B009,B009-C1062,Retail Client 062,Retail & Distribution,60,123065.12,2025-04-14,2025-06-13,closed,2025-08-04,112,52,False,False,chronic_late_payer
INV9001558,B009,B009-C1062,Retail Client 062,Retail & Distribution,60,239629.05,2025-04-21,2025-06-20,closed,2025-08-05,106,46,False,False,chronic_late_payer
INV9001559,B009,B009-C1062,Retail Client 062,Retail & Distribution,60,144275.55,2025-05-09,2025-07-08,closed,2025-08-16,99,39,False,False,chronic_late_payer
INV9001560,B009,B009-C1062,Retail Client 062,Retail & Distribution,60,175391.05,2025-06-10,2025-08-09,closed,2025-09-11,93,33,True,False,chronic_late_payer
INV9001561,B009,B009-C1062,Retail Client 062,Retail & Distribution,60,88049.55,2025-06-24,2025-08-23,closed,2025-09-06,74,14,False,False,chronic_late_payer
INV9001562,B009,B009-C1062,Retail Client 062,Retail & Distribution,60,79054.58,2025-06-27,2025-08-26,closed,2025-09-16,81,21,False,False,chronic_late_payer
INV9001563,B009,B009-C1062,Retail Client 062,Retail & Distribution,60,158265.95,2025-06-29,2025-08-28,closed,2025-10-09,102,42,False,False,chronic_late_payer
INV9001564,B009,B009-C1062,Retail Client 062,Retail & Distribution,60,289935.83,2025-07-06,2025-09-04,closed,2025-10-13,99,39,False,False,chronic_late_payer
INV9001565,B009,B009-C1062,Retail Client 062,Retail & Distribution,60,160401.36,2025-08-04,2025-10-03,closed,2025-11-21,109,49,False,False,chronic_late_payer
INV9001566,B009,B009-C1062,Retail Client 062,Retail & Distribution,60,118225.7,2025-11-10,2026-01-09,closed,2026-02-08,90,30,False,False,chronic_late_payer
INV9001567,B009,B009-C1062,Retail Client 062,Retail & Distribution,60,134075.38,2025-12-11,2026-02-09,closed,2026-03-24,103,43,False,False,chronic_late_payer
INV9001568,B009,B009-C1062,Retail Client 062,Retail & Distribution,60,150288.79,2026-01-30,2026-03-31,closed,2026-05-12,102,42,False,False,chronic_late_payer
INV9001569,B009,B009-C1062,Retail Client 062,Retail & Distribution,60,261743.91,2026-02-03,2026-04-04,closed,2026-05-07,93,33,False,False,chronic_late_payer
INV9001570,B009,B009-C1062,Retail Client 062,Retail & Distribution,60,242117.18,2026-04-02,2026-06-01,closed,2026-06-15,74,14,False,False,chronic_late_payer
INV9001571,B009,B009-C1062,Retail Client 062,Retail & Distribution,60,107739.33,2026-04-25,2026-06-24,closed,2026-07-17,83,23,False,False,chronic_late_payer
INV9001572,B009,B009-C1062,Retail Client 062,Retail & Distribution,60,150391.41,2026-05-01,2026-06-30,closed,2026-08-12,103,43,False,False,chronic_late_payer
INV9001573,B009,B009-C1062,Retail Client 062,Retail & Distribution,60,200641.22,2026-05-24,2026-07-23,closed,2026-08-21,89,29,False,False,chronic_late_payer
INV9001574,B009,B009-C1062,Retail Client 062,Retail & Distribution,60,125166.53,2026-06-10,2026-08-09,open,,,,False,False,chronic_late_payer
INV9001575,B009,B009-C1062,Retail Client 062,Retail & Distribution,60,178789.81,2026-06-16,2026-08-15,open,,,,False,False,chronic_late_payer
INV9001576,B009,B009-C1062,Retail Client 062,Retail & Distribution,60,174409.01,2026-06-17,2026-08-16,open,,,,False,False,chronic_late_payer
INV9001577,B009,B009-C1062,Retail Client 062,Retail & Distribution,60,156768.06,2026-07-01,2026-08-30,open,,,,False,False,chronic_late_payer
INV9001578,B009,B009-C1063,Retail Client 063,Retail & Distribution,45,9123.13,2024-06-03,2024-07-18,closed,2024-07-18,45,0,False,False,average_payer
INV9001579,B009,B009-C1063,Retail Client 063,Retail & Distribution,45,9477.48,2024-06-15,2024-07-30,closed,2024-08-08,54,9,False,False,average_payer
INV9001580,B009,B009-C1063,Retail Client 063,Retail & Distribution,45,13931.52,2024-08-04,2024-09-18,closed,2024-09-23,50,5,False,False,average_payer
INV9001581,B009,B009-C1063,Retail Client 063,Retail & Distribution,45,12696.04,2025-04-09,2025-05-24,closed,2025-06-04,56,11,False,False,average_payer
INV9001582,B009,B009-C1063,Retail Client 063,Retail & Distribution,45,20839.93,2026-05-19,2026-07-03,closed,2026-07-12,54,9,False,False,average_payer
INV9001583,B009,B009-C1064,Retail Client 064,Retail & Distribution,45,50748.82,2024-04-26,2024-06-10,closed,2024-06-14,49,4,False,False,average_payer
INV9001584,B009,B009-C1064,Retail Client 064,Retail & Distribution,45,50516.35,2024-05-22,2024-07-06,closed,2024-07-16,55,10,False,False,average_payer
INV9001585,B009,B009-C1064,Retail Client 064,Retail & Distribution,45,61786.92,2024-06-13,2024-07-28,closed,2024-07-31,48,3,False,False,average_payer
INV9001586,B009,B009-C1064,Retail Client 064,Retail & Distribution,45,36497.24,2024-06-27,2024-08-11,closed,2024-08-22,56,11,False,False,average_payer
INV9001587,B009,B009-C1064,Retail Client 064,Retail & Distribution,45,22890.44,2024-07-06,2024-08-20,closed,2024-09-07,63,18,False,False,average_payer
INV9001588,B009,B009-C1064,Retail Client 064,Retail & Distribution,45,49320.63,2024-08-12,2024-09-26,closed,2024-10-08,57,12,False,False,average_payer
INV9001589,B009,B009-C1064,Retail Client 064,Retail & Distribution,45,37404.76,2024-08-28,2024-10-12,closed,2024-10-08,41,-4,False,False,average_payer
INV9001590,B009,B009-C1064,Retail Client 064,Retail & Distribution,45,46121.36,2024-09-18,2024-11-02,closed,2024-11-03,46,1,False,False,average_payer
INV9001591,B009,B009-C1064,Retail Client 064,Retail & Distribution,45,43188.49,2024-09-26,2024-11-10,closed,2024-11-15,50,5,False,False,average_payer
INV9001592,B009,B009-C1064,Retail Client 064,Retail & Distribution,45,63589.46,2024-10-07,2024-11-21,closed,2024-12-10,64,19,False,False,average_payer
INV9001593,B009,B009-C1064,Retail Client 064,Retail & Distribution,45,40940.03,2024-10-19,2024-12-03,closed,2024-12-13,55,10,False,False,average_payer
INV9001594,B009,B009-C1064,Retail Client 064,Retail & Distribution,45,32547.84,2025-01-29,2025-03-15,closed,2025-03-15,45,0,False,False,average_payer
INV9001595,B009,B009-C1064,Retail Client 064,Retail & Distribution,45,175558.96,2025-02-18,2025-04-04,closed,2025-04-17,58,13,False,True,average_payer
INV9001596,B009,B009-C1064,Retail Client 064,Retail & Distribution,45,42700.62,2025-02-24,2025-04-10,closed,2025-04-07,42,-3,False,False,average_payer
INV9001597,B009,B009-C1064,Retail Client 064,Retail & Distribution,45,53930.22,2025-03-04,2025-04-18,closed,2025-04-17,44,-1,False,False,average_payer
INV9001598,B009,B009-C1064,Retail Client 064,Retail & Distribution,45,34747.5,2025-03-17,2025-05-01,closed,2025-05-16,60,15,False,False,average_payer
INV9001599,B009,B009-C1064,Retail Client 064,Retail & Distribution,45,38443.03,2025-03-20,2025-05-04,closed,2025-05-09,50,5,False,False,average_payer
INV9001600,B009,B009-C1064,Retail Client 064,Retail & Distribution,45,29934.85,2025-04-24,2025-06-08,closed,2025-06-13,50,5,False,False,average_payer
INV9001601,B009,B009-C1064,Retail Client 064,Retail & Distribution,45,60547.12,2025-05-19,2025-07-03,closed,2025-07-18,60,15,False,False,average_payer
INV9001602,B009,B009-C1064,Retail Client 064,Retail & Distribution,45,29815.0,2025-06-05,2025-07-20,closed,2025-07-13,38,-7,False,False,average_payer
INV9001603,B009,B009-C1064,Retail Client 064,Retail & Distribution,45,37896.31,2025-06-09,2025-07-24,closed,2025-08-06,58,13,False,False,average_payer
INV9001604,B009,B009-C1064,Retail Client 064,Retail & Distribution,45,53899.77,2025-07-08,2025-08-22,closed,2025-08-24,47,2,False,False,average_payer
INV9001605,B009,B009-C1064,Retail Client 064,Retail & Distribution,45,39765.43,2025-08-18,2025-10-02,closed,2025-10-01,44,-1,False,False,average_payer
INV9001606,B009,B009-C1064,Retail Client 064,Retail & Distribution,45,54482.5,2025-09-19,2025-11-03,closed,2025-11-04,46,1,False,False,average_payer
INV9001607,B009,B009-C1064,Retail Client 064,Retail & Distribution,45,41282.02,2025-10-10,2025-11-24,closed,2025-11-16,37,-8,False,False,average_payer
INV9001608,B009,B009-C1064,Retail Client 064,Retail & Distribution,45,38928.8,2025-10-21,2025-12-05,closed,2025-12-17,57,12,False,False,average_payer
INV9001609,B009,B009-C1064,Retail Client 064,Retail & Distribution,45,42322.37,2025-11-04,2025-12-19,closed,2025-12-20,46,1,False,False,average_payer
INV9001610,B009,B009-C1064,Retail Client 064,Retail & Distribution,45,40439.31,2026-01-08,2026-02-22,closed,2026-03-13,64,19,False,False,average_payer
INV9001611,B009,B009-C1064,Retail Client 064,Retail & Distribution,45,32667.2,2026-01-27,2026-03-13,closed,2026-03-23,55,10,True,False,average_payer
INV9001612,B009,B009-C1064,Retail Client 064,Retail & Distribution,45,35070.66,2026-01-31,2026-03-17,closed,2026-03-16,44,-1,False,False,average_payer
INV9001613,B009,B009-C1064,Retail Client 064,Retail & Distribution,45,52335.0,2026-02-01,2026-03-18,closed,2026-04-01,59,14,False,False,average_payer
INV9001614,B009,B009-C1064,Retail Client 064,Retail & Distribution,45,75033.42,2026-03-01,2026-04-15,closed,2026-04-27,57,12,False,False,average_payer
INV9001615,B009,B009-C1064,Retail Client 064,Retail & Distribution,45,39389.85,2026-03-14,2026-04-28,closed,2026-04-26,43,-2,False,False,average_payer
INV9001616,B009,B009-C1064,Retail Client 064,Retail & Distribution,45,34379.6,2026-05-09,2026-06-23,closed,2026-07-01,53,8,False,False,average_payer
INV9001617,B009,B009-C1064,Retail Client 064,Retail & Distribution,45,58687.76,2026-05-24,2026-07-08,closed,2026-07-19,56,11,False,False,average_payer
INV9001618,B009,B009-C1064,Retail Client 064,Retail & Distribution,45,43952.24,2026-08-10,2026-09-24,disputed_open,,,,False,False,average_payer
INV9001619,B009,B009-C1065,Construction Client 065,Construction & Infra,15,83604.54,2024-03-25,2024-04-09,closed,2024-04-08,14,-1,False,False,average_payer
INV9001620,B009,B009-C1065,Construction Client 065,Construction & Infra,15,74793.38,2024-04-15,2024-04-30,closed,2024-04-28,13,-2,False,False,average_payer
INV9001621,B009,B009-C1065,Construction Client 065,Construction & Infra,15,112844.08,2024-05-16,2024-05-31,closed,2024-05-30,14,-1,False,False,average_payer
INV9001622,B009,B009-C1065,Construction Client 065,Construction & Infra,15,102034.09,2024-05-20,2024-06-04,closed,2024-06-14,25,10,False,False,average_payer
INV9001623,B009,B009-C1065,Construction Client 065,Construction & Infra,15,97028.97,2024-05-25,2024-06-09,closed,2024-06-23,29,14,False,False,average_payer
INV9001624,B009,B009-C1065,Construction Client 065,Construction & Infra,15,118468.1,2024-06-14,2024-06-29,closed,2024-07-01,17,2,False,False,average_payer
INV9001625,B009,B009-C1065,Construction Client 065,Construction & Infra,15,70394.04,2024-06-27,2024-07-12,closed,2024-07-05,8,-7,False,False,average_payer
INV9001626,B009,B009-C1065,Construction Client 065,Construction & Infra,15,105932.99,2024-08-15,2024-08-30,closed,2024-09-06,22,7,False,False,average_payer
INV9001627,B009,B009-C1065,Construction Client 065,Construction & Infra,15,92523.29,2024-08-29,2024-09-13,closed,2024-09-18,20,5,False,False,average_payer
INV9001628,B009,B009-C1065,Construction Client 065,Construction & Infra,15,138016.69,2024-11-06,2024-11-21,closed,2024-11-18,12,-3,False,False,average_payer
INV9001629,B009,B009-C1065,Construction Client 065,Construction & Infra,15,124577.94,2024-12-11,2024-12-26,closed,2025-01-02,22,7,False,False,average_payer
INV9001630,B009,B009-C1065,Construction Client 065,Construction & Infra,15,130837.02,2024-12-11,2024-12-26,closed,2024-12-29,18,3,False,False,average_payer
INV9001631,B009,B009-C1065,Construction Client 065,Construction & Infra,15,87695.48,2024-12-12,2024-12-27,closed,2025-01-02,21,6,False,False,average_payer
INV9001632,B009,B009-C1065,Construction Client 065,Construction & Infra,15,91863.69,2024-12-19,2025-01-03,closed,2025-01-13,25,10,False,False,average_payer
INV9001633,B009,B009-C1065,Construction Client 065,Construction & Infra,15,96599.08,2024-12-21,2025-01-05,closed,2024-12-29,8,-7,False,False,average_payer
INV9001634,B009,B009-C1065,Construction Client 065,Construction & Infra,15,97382.28,2024-12-24,2025-01-08,closed,2025-01-18,25,10,False,False,average_payer
INV9001635,B009,B009-C1065,Construction Client 065,Construction & Infra,15,60640.82,2025-02-02,2025-02-17,open,,,,False,False,average_payer
INV9001636,B009,B009-C1065,Construction Client 065,Construction & Infra,15,79511.79,2025-02-17,2025-03-04,closed,2025-03-03,14,-1,False,False,average_payer
INV9001637,B009,B009-C1065,Construction Client 065,Construction & Infra,15,127873.55,2025-03-26,2025-04-10,closed,2025-04-04,9,-6,False,False,average_payer
INV9001638,B009,B009-C1065,Construction Client 065,Construction & Infra,15,68024.46,2025-04-07,2025-04-22,closed,2025-05-02,25,10,False,False,average_payer
INV9001639,B009,B009-C1065,Construction Client 065,Construction & Infra,15,132033.78,2025-05-10,2025-05-25,closed,2025-05-25,15,0,False,False,average_payer
INV9001640,B009,B009-C1065,Construction Client 065,Construction & Infra,15,94731.13,2025-05-17,2025-06-01,closed,2025-06-06,20,5,False,False,average_payer
INV9001641,B009,B009-C1065,Construction Client 065,Construction & Infra,15,100621.28,2025-05-18,2025-06-02,open,,,,False,False,average_payer
INV9001642,B009,B009-C1065,Construction Client 065,Construction & Infra,15,80290.33,2025-05-29,2025-06-13,closed,2025-06-23,25,10,False,False,average_payer
INV9001643,B009,B009-C1065,Construction Client 065,Construction & Infra,15,94108.72,2025-06-10,2025-06-25,closed,2025-06-28,18,3,False,False,average_payer
INV9001644,B009,B009-C1065,Construction Client 065,Construction & Infra,15,147686.83,2025-06-21,2025-07-06,closed,2025-07-11,20,5,False,False,average_payer
INV9001645,B009,B009-C1065,Construction Client 065,Construction & Infra,15,141383.42,2025-07-10,2025-07-25,closed,2025-07-31,21,6,False,False,average_payer
INV9001646,B009,B009-C1065,Construction Client 065,Construction & Infra,15,134291.39,2025-07-16,2025-07-31,closed,2025-08-09,24,9,False,False,average_payer
INV9001647,B009,B009-C1065,Construction Client 065,Construction & Infra,15,131967.63,2025-07-19,2025-08-03,closed,2025-08-01,13,-2,False,False,average_payer
INV9001648,B009,B009-C1065,Construction Client 065,Construction & Infra,15,92533.31,2025-07-21,2025-08-05,closed,2025-08-12,22,7,False,False,average_payer
INV9001649,B009,B009-C1065,Construction Client 065,Construction & Infra,15,122241.57,2025-07-22,2025-08-06,closed,2025-08-07,16,1,False,False,average_payer
INV9001650,B009,B009-C1065,Construction Client 065,Construction & Infra,15,73361.46,2025-08-03,2025-08-18,closed,2025-08-21,18,3,False,False,average_payer
INV9001651,B009,B009-C1065,Construction Client 065,Construction & Infra,15,83671.61,2025-08-29,2025-09-13,closed,2025-09-26,28,13,False,False,average_payer
INV9001652,B009,B009-C1065,Construction Client 065,Construction & Infra,15,47665.28,2025-09-23,2025-10-08,closed,2025-10-17,24,9,False,False,average_payer
INV9001653,B009,B009-C1065,Construction Client 065,Construction & Infra,15,74600.28,2025-10-09,2025-10-24,closed,2025-11-02,24,9,False,False,average_payer
INV9001654,B009,B009-C1065,Construction Client 065,Construction & Infra,15,95948.92,2025-10-16,2025-10-31,closed,2025-11-10,25,10,False,False,average_payer
INV9001655,B009,B009-C1065,Construction Client 065,Construction & Infra,15,74812.35,2025-10-29,2025-11-13,closed,2025-11-15,17,2,False,False,average_payer
INV9001656,B009,B009-C1065,Construction Client 065,Construction & Infra,15,111902.03,2025-12-29,2026-01-13,closed,2026-01-24,26,11,False,False,average_payer
INV9001657,B009,B009-C1065,Construction Client 065,Construction & Infra,15,64858.23,2026-01-14,2026-01-29,closed,2026-01-28,14,-1,False,False,average_payer
INV9001658,B009,B009-C1065,Construction Client 065,Construction & Infra,15,60987.93,2026-01-23,2026-02-07,closed,2026-02-17,25,10,False,False,average_payer
INV9001659,B009,B009-C1065,Construction Client 065,Construction & Infra,15,129328.91,2026-01-30,2026-02-14,closed,2026-02-13,14,-1,False,False,average_payer
INV9001660,B009,B009-C1065,Construction Client 065,Construction & Infra,15,91015.87,2026-01-31,2026-02-15,closed,2026-02-14,14,-1,False,False,average_payer
INV9001661,B009,B009-C1065,Construction Client 065,Construction & Infra,15,252397.52,2026-02-23,2026-03-10,closed,2026-03-22,27,12,False,True,average_payer
INV9001662,B009,B009-C1065,Construction Client 065,Construction & Infra,15,95525.22,2026-02-24,2026-03-11,closed,2026-03-15,19,4,False,False,average_payer
INV9001663,B009,B009-C1065,Construction Client 065,Construction & Infra,15,37557.09,2026-03-07,2026-03-22,closed,2026-04-09,33,18,False,False,average_payer
INV9001664,B009,B009-C1065,Construction Client 065,Construction & Infra,15,111966.77,2026-03-25,2026-04-09,closed,2026-04-19,25,10,False,False,average_payer
INV9001665,B009,B009-C1065,Construction Client 065,Construction & Infra,15,111982.61,2026-03-30,2026-04-14,closed,2026-04-18,19,4,False,False,average_payer
INV9001666,B009,B009-C1065,Construction Client 065,Construction & Infra,15,82058.98,2026-05-25,2026-06-09,closed,2026-06-15,21,6,False,False,average_payer
INV9001667,B009,B009-C1065,Construction Client 065,Construction & Infra,15,125306.71,2026-07-20,2026-08-04,closed,2026-07-30,10,-5,False,False,average_payer
INV9001668,B009,B009-C1065,Construction Client 065,Construction & Infra,15,46367.04,2026-08-03,2026-08-18,closed,2026-08-29,26,11,False,False,average_payer
INV9001669,B009,B009-C1065,Construction Client 065,Construction & Infra,15,126903.38,2026-08-08,2026-08-23,closed,2026-08-26,18,3,False,False,average_payer
INV9001670,B009,B009-C1065,Construction Client 065,Construction & Infra,15,130186.12,2026-08-11,2026-08-26,closed,2026-08-27,16,1,False,False,average_payer
INV9001671,B009,B009-C1065,Construction Client 065,Construction & Infra,15,123384.56,2026-08-11,2026-08-26,closed,2026-08-26,15,0,False,False,average_payer
INV9001672,B009,B009-C1065,Construction Client 065,Construction & Infra,15,105163.63,2026-08-20,2026-09-04,open,,,,False,False,average_payer
INV9001673,B009,B009-C1066,Chemicals Client 066,Chemicals & Plastics,30,37802.08,2024-04-16,2024-05-16,closed,2024-05-23,37,7,False,False,seasonal_payer
INV9001674,B009,B009-C1066,Chemicals Client 066,Chemicals & Plastics,30,48236.72,2024-04-17,2024-05-17,closed,2024-06-04,48,18,False,False,seasonal_payer
INV9001675,B009,B009-C1066,Chemicals Client 066,Chemicals & Plastics,30,47744.06,2024-04-19,2024-05-19,closed,2024-06-05,47,17,False,False,seasonal_payer
INV9001676,B009,B009-C1066,Chemicals Client 066,Chemicals & Plastics,30,39561.85,2024-05-05,2024-06-04,closed,2024-06-18,44,14,False,False,seasonal_payer
INV9001677,B009,B009-C1066,Chemicals Client 066,Chemicals & Plastics,30,52851.7,2024-06-02,2024-07-02,closed,2024-07-23,51,21,False,False,seasonal_payer
INV9001678,B009,B009-C1066,Chemicals Client 066,Chemicals & Plastics,30,39290.54,2024-06-16,2024-07-16,closed,2024-08-02,47,17,False,False,seasonal_payer
INV9001679,B009,B009-C1066,Chemicals Client 066,Chemicals & Plastics,30,53953.43,2024-06-27,2024-07-27,closed,2024-08-18,52,22,False,False,seasonal_payer
INV9001680,B009,B009-C1066,Chemicals Client 066,Chemicals & Plastics,30,37570.7,2024-06-30,2024-07-30,closed,2024-08-07,38,8,False,False,seasonal_payer
INV9001681,B009,B009-C1066,Chemicals Client 066,Chemicals & Plastics,30,46142.97,2024-07-08,2024-08-07,closed,2024-08-13,36,6,False,False,seasonal_payer
INV9001682,B009,B009-C1066,Chemicals Client 066,Chemicals & Plastics,30,45986.6,2024-07-15,2024-08-14,closed,2024-08-22,38,8,False,False,seasonal_payer
INV9001683,B009,B009-C1066,Chemicals Client 066,Chemicals & Plastics,30,29485.79,2024-07-17,2024-08-16,closed,2024-09-10,55,25,False,False,seasonal_payer
INV9001684,B009,B009-C1066,Chemicals Client 066,Chemicals & Plastics,30,32545.32,2024-08-05,2024-09-04,closed,2024-09-19,45,15,False,False,seasonal_payer
INV9001685,B009,B009-C1066,Chemicals Client 066,Chemicals & Plastics,30,35218.59,2024-09-08,2024-10-08,closed,2024-10-12,34,4,False,False,seasonal_payer
INV9001686,B009,B009-C1066,Chemicals Client 066,Chemicals & Plastics,30,41821.89,2024-09-20,2024-10-20,closed,2024-10-26,36,6,False,False,seasonal_payer
INV9001687,B009,B009-C1066,Chemicals Client 066,Chemicals & Plastics,30,88491.09,2024-10-10,2024-11-09,closed,2024-11-21,42,12,False,False,seasonal_payer
INV9001688,B009,B009-C1066,Chemicals Client 066,Chemicals & Plastics,30,43848.38,2024-11-16,2024-12-16,closed,2024-12-09,23,-7,False,False,seasonal_payer
INV9001689,B009,B009-C1066,Chemicals Client 066,Chemicals & Plastics,30,23208.48,2024-11-23,2024-12-23,closed,2024-12-26,33,3,False,False,seasonal_payer
INV9001690,B009,B009-C1066,Chemicals Client 066,Chemicals & Plastics,30,38578.76,2025-03-25,2025-04-24,closed,2025-05-09,45,15,False,False,seasonal_payer
INV9001691,B009,B009-C1066,Chemicals Client 066,Chemicals & Plastics,30,53260.05,2025-03-29,2025-04-28,closed,2025-05-06,38,8,False,False,seasonal_payer
INV9001692,B009,B009-C1066,Chemicals Client 066,Chemicals & Plastics,30,62587.96,2025-04-06,2025-05-06,open,,,,False,False,seasonal_payer
INV9001693,B009,B009-C1066,Chemicals Client 066,Chemicals & Plastics,30,43255.3,2025-04-18,2025-05-18,closed,2025-06-13,56,26,False,False,seasonal_payer
INV9001694,B009,B009-C1066,Chemicals Client 066,Chemicals & Plastics,30,109264.21,2025-05-02,2025-06-01,closed,2025-06-23,52,22,False,True,seasonal_payer
INV9001695,B009,B009-C1066,Chemicals Client 066,Chemicals & Plastics,30,68692.32,2025-07-14,2025-08-13,closed,2025-08-29,46,16,False,False,seasonal_payer
INV9001696,B009,B009-C1066,Chemicals Client 066,Chemicals & Plastics,30,27585.83,2025-07-26,2025-08-25,closed,2025-09-13,49,19,False,False,seasonal_payer
INV9001697,B009,B009-C1066,Chemicals Client 066,Chemicals & Plastics,30,40653.49,2025-08-26,2025-09-25,closed,2025-10-04,39,9,True,False,seasonal_payer
INV9001698,B009,B009-C1066,Chemicals Client 066,Chemicals & Plastics,30,39954.72,2025-09-28,2025-10-28,closed,2025-11-05,38,8,False,False,seasonal_payer
INV9001699,B009,B009-C1066,Chemicals Client 066,Chemicals & Plastics,30,27189.14,2025-10-02,2025-11-01,closed,2025-11-10,39,9,False,False,seasonal_payer
INV9001700,B009,B009-C1066,Chemicals Client 066,Chemicals & Plastics,30,41239.34,2025-10-04,2025-11-03,closed,2025-11-04,31,1,False,False,seasonal_payer
INV9001701,B009,B009-C1066,Chemicals Client 066,Chemicals & Plastics,30,29295.37,2025-10-20,2025-11-19,closed,2025-11-21,32,2,False,False,seasonal_payer
INV9001702,B009,B009-C1066,Chemicals Client 066,Chemicals & Plastics,30,36389.87,2025-11-17,2025-12-17,closed,2025-12-17,30,0,False,False,seasonal_payer
INV9001703,B009,B009-C1066,Chemicals Client 066,Chemicals & Plastics,30,30188.35,2025-12-15,2026-01-14,closed,2026-01-15,31,1,False,False,seasonal_payer
INV9001704,B009,B009-C1066,Chemicals Client 066,Chemicals & Plastics,30,48034.01,2026-02-08,2026-03-10,closed,2026-03-23,43,13,False,False,seasonal_payer
INV9001705,B009,B009-C1066,Chemicals Client 066,Chemicals & Plastics,30,36333.36,2026-02-18,2026-03-20,closed,2026-04-06,47,17,False,False,seasonal_payer
INV9001706,B009,B009-C1066,Chemicals Client 066,Chemicals & Plastics,30,32933.23,2026-03-02,2026-04-01,closed,2026-04-19,48,18,False,False,seasonal_payer
INV9001707,B009,B009-C1066,Chemicals Client 066,Chemicals & Plastics,30,33532.73,2026-03-07,2026-04-06,closed,2026-04-14,38,8,False,False,seasonal_payer
INV9001708,B009,B009-C1066,Chemicals Client 066,Chemicals & Plastics,30,38307.21,2026-03-09,2026-04-08,closed,2026-04-18,40,10,False,False,seasonal_payer
INV9001709,B009,B009-C1066,Chemicals Client 066,Chemicals & Plastics,30,37597.82,2026-03-22,2026-04-21,closed,2026-04-27,36,6,False,False,seasonal_payer
INV9001710,B009,B009-C1066,Chemicals Client 066,Chemicals & Plastics,30,111459.09,2026-04-09,2026-05-09,closed,2026-05-23,44,14,False,True,seasonal_payer
INV9001711,B009,B009-C1066,Chemicals Client 066,Chemicals & Plastics,30,44808.6,2026-05-23,2026-06-22,closed,2026-07-09,47,17,False,False,seasonal_payer
INV9001712,B009,B009-C1066,Chemicals Client 066,Chemicals & Plastics,30,42255.06,2026-07-08,2026-08-07,closed,2026-08-17,40,10,False,False,seasonal_payer
INV9001713,B009,B009-C1066,Chemicals Client 066,Chemicals & Plastics,30,220086.62,2026-07-18,2026-08-17,closed,2026-09-01,45,15,False,True,seasonal_payer
INV9001714,B009,B009-C1066,Chemicals Client 066,Chemicals & Plastics,30,42532.39,2026-07-28,2026-08-27,open,,,,False,False,seasonal_payer
INV9001715,B009,B009-C1066,Chemicals Client 066,Chemicals & Plastics,30,42977.75,2026-08-12,2026-09-11,open,,,,False,False,seasonal_payer
INV9001716,B009,B009-C1066,Chemicals Client 066,Chemicals & Plastics,30,41190.4,2026-08-19,2026-09-18,open,,,,False,False,seasonal_payer
INV9001717,B009,B009-C1066,Chemicals Client 066,Chemicals & Plastics,30,36193.25,2026-08-20,2026-09-19,open,,,,False,False,seasonal_payer
INV9001718,B009,B009-C1066,Chemicals Client 066,Chemicals & Plastics,30,45519.19,2026-08-23,2026-09-22,open,,,,False,False,seasonal_payer
INV9001719,B009,B009-C1067,Textiles Client 067,Textiles & Apparel,15,106742.55,2024-04-29,2024-05-14,closed,2024-06-03,35,20,False,False,erratic_payer
INV9001720,B009,B009-C1067,Textiles Client 067,Textiles & Apparel,15,73833.34,2024-06-18,2024-07-03,closed,2024-07-25,37,22,False,False,erratic_payer
INV9001721,B009,B009-C1067,Textiles Client 067,Textiles & Apparel,15,67083.92,2024-06-30,2024-07-15,closed,2024-07-10,10,-5,False,False,erratic_payer
INV9001722,B009,B009-C1067,Textiles Client 067,Textiles & Apparel,15,68953.13,2024-07-09,2024-07-24,closed,2024-07-28,19,4,False,False,erratic_payer
INV9001723,B009,B009-C1067,Textiles Client 067,Textiles & Apparel,15,214231.94,2024-08-05,2024-08-20,closed,2024-09-05,31,16,False,True,erratic_payer
INV9001724,B009,B009-C1067,Textiles Client 067,Textiles & Apparel,15,72387.01,2024-08-23,2024-09-07,closed,2024-09-06,14,-1,False,False,erratic_payer
INV9001725,B009,B009-C1067,Textiles Client 067,Textiles & Apparel,15,42641.3,2024-09-08,2024-09-23,closed,2024-09-22,14,-1,False,False,erratic_payer
INV9001726,B009,B009-C1067,Textiles Client 067,Textiles & Apparel,15,49676.92,2024-09-15,2024-09-30,closed,2024-10-15,30,15,False,False,erratic_payer
INV9001727,B009,B009-C1067,Textiles Client 067,Textiles & Apparel,15,83176.44,2024-11-24,2024-12-09,closed,2024-12-22,28,13,False,False,erratic_payer
INV9001728,B009,B009-C1067,Textiles Client 067,Textiles & Apparel,15,83496.64,2024-12-17,2025-01-01,closed,2025-01-16,30,15,True,False,erratic_payer
INV9001729,B009,B009-C1067,Textiles Client 067,Textiles & Apparel,15,106350.22,2024-12-29,2025-01-13,closed,2025-01-24,26,11,False,False,erratic_payer
INV9001730,B009,B009-C1067,Textiles Client 067,Textiles & Apparel,15,45077.41,2025-01-14,2025-01-29,closed,2025-02-05,22,7,False,False,erratic_payer
INV9001731,B009,B009-C1067,Textiles Client 067,Textiles & Apparel,15,54296.24,2025-01-25,2025-02-09,closed,2025-02-28,34,19,False,False,erratic_payer
INV9001732,B009,B009-C1067,Textiles Client 067,Textiles & Apparel,15,50826.41,2025-03-08,2025-03-23,closed,2025-03-15,7,-8,False,False,erratic_payer
INV9001733,B009,B009-C1067,Textiles Client 067,Textiles & Apparel,15,41628.74,2025-03-24,2025-04-08,closed,2025-04-14,21,6,False,False,erratic_payer
INV9001734,B009,B009-C1067,Textiles Client 067,Textiles & Apparel,15,82349.69,2025-04-15,2025-04-30,closed,2025-04-21,6,-9,False,False,erratic_payer
INV9001735,B009,B009-C1067,Textiles Client 067,Textiles & Apparel,15,96998.49,2025-04-16,2025-05-01,closed,2025-05-12,26,11,False,False,erratic_payer
INV9001736,B009,B009-C1067,Textiles Client 067,Textiles & Apparel,15,66310.19,2025-04-17,2025-05-02,closed,2025-05-06,19,4,False,False,erratic_payer
INV9001737,B009,B009-C1067,Textiles Client 067,Textiles & Apparel,15,101879.57,2025-05-12,2025-05-27,closed,2025-06-03,22,7,False,False,erratic_payer
INV9001738,B009,B009-C1067,Textiles Client 067,Textiles & Apparel,15,103275.14,2025-05-30,2025-06-14,disputed_open,,,,False,False,erratic_payer
INV9001739,B009,B009-C1067,Textiles Client 067,Textiles & Apparel,15,83565.62,2025-07-21,2025-08-05,closed,2025-08-14,24,9,False,False,erratic_payer
INV9001740,B009,B009-C1067,Textiles Client 067,Textiles & Apparel,15,65078.72,2025-08-11,2025-08-26,closed,2025-08-24,13,-2,False,False,erratic_payer
INV9001741,B009,B009-C1067,Textiles Client 067,Textiles & Apparel,15,80303.34,2025-08-29,2025-09-13,closed,2025-09-22,24,9,False,False,erratic_payer
INV9001742,B009,B009-C1067,Textiles Client 067,Textiles & Apparel,15,61266.94,2025-10-31,2025-11-15,closed,2025-11-14,14,-1,False,False,erratic_payer
INV9001743,B009,B009-C1067,Textiles Client 067,Textiles & Apparel,15,217057.02,2026-01-21,2026-02-05,closed,2026-03-11,49,34,False,True,erratic_payer
INV9001744,B009,B009-C1067,Textiles Client 067,Textiles & Apparel,15,73846.13,2026-02-02,2026-02-17,closed,2026-02-27,25,10,True,False,erratic_payer
INV9001745,B009,B009-C1067,Textiles Client 067,Textiles & Apparel,15,73255.44,2026-02-22,2026-03-09,closed,2026-03-18,24,9,False,False,erratic_payer
INV9001746,B009,B009-C1067,Textiles Client 067,Textiles & Apparel,15,79417.64,2026-03-13,2026-03-28,closed,2026-06-13,92,77,False,False,erratic_payer
INV9001747,B009,B009-C1067,Textiles Client 067,Textiles & Apparel,15,69865.51,2026-03-19,2026-04-03,closed,2026-04-05,17,2,False,False,erratic_payer
INV9001748,B009,B009-C1067,Textiles Client 067,Textiles & Apparel,15,64660.95,2026-03-22,2026-04-06,closed,2026-03-23,1,-14,False,False,erratic_payer
INV9001749,B009,B009-C1067,Textiles Client 067,Textiles & Apparel,15,50563.88,2026-05-14,2026-05-29,closed,2026-06-04,21,6,False,False,erratic_payer
INV9001750,B009,B009-C1067,Textiles Client 067,Textiles & Apparel,15,69232.96,2026-06-04,2026-06-19,closed,2026-06-24,20,5,False,False,erratic_payer
INV9001751,B009,B009-C1067,Textiles Client 067,Textiles & Apparel,15,99506.0,2026-06-05,2026-06-20,closed,2026-07-03,28,13,False,False,erratic_payer
INV9001752,B009,B009-C1067,Textiles Client 067,Textiles & Apparel,15,77313.34,2026-08-04,2026-08-19,open,,,,False,False,erratic_payer
INV9001753,B009,B009-C1068,Metal Client 068,Metal & Engineering,45,357561.48,2024-12-27,2025-02-10,open,,,,False,True,prompt_payer
INV9001754,B009,B009-C1068,Metal Client 068,Metal & Engineering,45,189975.52,2024-12-30,2025-02-13,closed,2025-02-09,41,-4,False,False,prompt_payer
INV9001755,B009,B009-C1068,Metal Client 068,Metal & Engineering,45,217990.8,2026-06-16,2026-07-31,closed,2026-07-26,40,-5,False,False,prompt_payer
INV9001756,B009,B009-C1068,Metal Client 068,Metal & Engineering,45,126577.44,2026-07-30,2026-09-13,open,,,,False,False,prompt_payer
INV9001757,B009,B009-C1068,Metal Client 068,Metal & Engineering,45,143552.35,2026-08-22,2026-10-06,open,,,,False,False,prompt_payer
INV9001758,B009,B009-C1069,Auto Client 069,Auto Components,45,129383.85,2024-05-19,2024-07-03,closed,2024-07-19,61,16,False,False,average_payer
INV9001759,B009,B009-C1069,Auto Client 069,Auto Components,45,119029.27,2024-05-23,2024-07-07,closed,2024-07-12,50,5,False,False,average_payer
INV9001760,B009,B009-C1069,Auto Client 069,Auto Components,45,109748.75,2024-11-26,2025-01-10,closed,2025-01-19,54,9,False,False,average_payer
INV9001761,B009,B009-C1069,Auto Client 069,Auto Components,45,156951.85,2025-06-17,2025-08-01,closed,2025-08-21,65,20,False,False,average_payer
INV9001762,B009,B009-C1069,Auto Client 069,Auto Components,45,138260.08,2025-12-26,2026-02-09,closed,2026-02-13,49,4,False,False,average_payer
INV9001763,B009,B009-C1070,IT Client 070,IT & Business Services,30,149017.31,2024-04-11,2024-05-11,closed,2024-06-06,56,26,False,False,deteriorating_payer
INV9001764,B009,B009-C1070,IT Client 070,IT & Business Services,30,96735.38,2024-04-25,2024-05-25,closed,2024-05-27,32,2,False,False,deteriorating_payer
INV9001765,B009,B009-C1070,IT Client 070,IT & Business Services,30,86242.87,2024-05-16,2024-06-15,closed,2024-06-26,41,11,False,False,deteriorating_payer
INV9001766,B009,B009-C1070,IT Client 070,IT & Business Services,30,69957.27,2024-06-11,2024-07-11,open,,,,False,False,deteriorating_payer
INV9001767,B009,B009-C1070,IT Client 070,IT & Business Services,30,214563.27,2024-08-29,2024-09-28,closed,2024-10-23,55,25,False,False,deteriorating_payer
INV9001768,B009,B009-C1070,IT Client 070,IT & Business Services,30,117735.11,2024-09-26,2024-10-26,closed,2024-11-22,57,27,False,False,deteriorating_payer
INV9001769,B009,B009-C1070,IT Client 070,IT & Business Services,30,183166.42,2024-10-14,2024-11-13,closed,2024-12-02,49,19,False,False,deteriorating_payer
INV9001770,B009,B009-C1070,IT Client 070,IT & Business Services,30,121561.48,2024-11-03,2024-12-03,closed,2025-01-10,68,38,False,False,deteriorating_payer
INV9001771,B009,B009-C1070,IT Client 070,IT & Business Services,30,149964.15,2025-01-17,2025-02-16,closed,2025-03-06,48,18,False,False,deteriorating_payer
INV9001772,B009,B009-C1070,IT Client 070,IT & Business Services,30,135674.35,2025-01-18,2025-02-17,closed,2025-03-04,45,15,False,False,deteriorating_payer
INV9001773,B009,B009-C1070,IT Client 070,IT & Business Services,30,73436.02,2025-06-09,2025-07-09,closed,2025-08-01,53,23,False,False,deteriorating_payer
INV9001774,B009,B009-C1070,IT Client 070,IT & Business Services,30,114092.19,2025-09-07,2025-10-07,closed,2025-10-08,31,1,False,False,deteriorating_payer
INV9001775,B009,B009-C1070,IT Client 070,IT & Business Services,30,631087.21,2025-10-02,2025-11-01,closed,2025-12-14,73,43,False,True,deteriorating_payer
INV9001776,B009,B009-C1070,IT Client 070,IT & Business Services,30,216031.67,2025-11-11,2025-12-11,closed,2026-01-20,70,40,False,False,deteriorating_payer
INV9001777,B009,B009-C1070,IT Client 070,IT & Business Services,30,141972.51,2025-12-20,2026-01-19,closed,2026-02-13,55,25,False,False,deteriorating_payer
INV9001778,B009,B009-C1070,IT Client 070,IT & Business Services,30,164253.37,2026-01-29,2026-02-28,closed,2026-03-08,38,8,False,False,deteriorating_payer
INV9001779,B009,B009-C1070,IT Client 070,IT & Business Services,30,70760.09,2026-04-08,2026-05-08,closed,2026-06-17,70,40,False,False,deteriorating_payer
INV9001780,B009,B009-C1070,IT Client 070,IT & Business Services,30,320435.11,2026-05-21,2026-06-20,closed,2026-08-03,74,44,False,True,deteriorating_payer
INV9001781,B009,B009-C1070,IT Client 070,IT & Business Services,30,83442.25,2026-06-29,2026-07-29,open,,,,False,False,deteriorating_payer
INV9001782,B009,B009-C1070,IT Client 070,IT & Business Services,30,188454.35,2026-07-30,2026-08-29,open,,,,False,False,deteriorating_payer
INV9001783,B009,B009-C1071,Retail Client 071,Retail & Distribution,60,205221.63,2024-04-13,2024-06-12,closed,2024-06-10,58,-2,False,False,deteriorating_payer
INV9001784,B009,B009-C1071,Retail Client 071,Retail & Distribution,60,147683.21,2024-05-01,2024-06-30,closed,2024-07-18,78,18,False,False,deteriorating_payer
INV9001785,B009,B009-C1071,Retail Client 071,Retail & Distribution,60,392712.6,2024-05-03,2024-07-02,closed,2024-07-09,67,7,False,False,deteriorating_payer
INV9001786,B009,B009-C1071,Retail Client 071,Retail & Distribution,60,225304.41,2024-05-11,2024-07-10,closed,2024-07-08,58,-2,False,False,deteriorating_payer
INV9001787,B009,B009-C1071,Retail Client 071,Retail & Distribution,60,340504.73,2024-05-17,2024-07-16,closed,2024-07-22,66,6,False,False,deteriorating_payer
INV9001788,B009,B009-C1071,Retail Client 071,Retail & Distribution,60,146590.5,2024-05-26,2024-07-25,closed,2024-08-13,79,19,False,False,deteriorating_payer
INV9001789,B009,B009-C1071,Retail Client 071,Retail & Distribution,60,180448.77,2024-05-29,2024-07-28,closed,2024-08-12,75,15,False,False,deteriorating_payer
INV9001790,B009,B009-C1071,Retail Client 071,Retail & Distribution,60,269878.58,2024-06-02,2024-08-01,closed,2024-08-31,90,30,False,False,deteriorating_payer
INV9001791,B009,B009-C1071,Retail Client 071,Retail & Distribution,60,233526.17,2024-06-11,2024-08-10,closed,2024-09-10,91,31,False,False,deteriorating_payer
INV9001792,B009,B009-C1071,Retail Client 071,Retail & Distribution,60,293537.3,2024-06-13,2024-08-12,closed,2024-08-11,59,-1,False,False,deteriorating_payer
INV9001793,B009,B009-C1071,Retail Client 071,Retail & Distribution,60,248336.29,2024-07-02,2024-08-31,closed,2024-09-13,73,13,False,False,deteriorating_payer
INV9001794,B009,B009-C1071,Retail Client 071,Retail & Distribution,60,971297.1,2024-07-25,2024-09-23,closed,2024-09-29,66,6,False,True,deteriorating_payer
INV9001795,B009,B009-C1071,Retail Client 071,Retail & Distribution,60,181351.87,2024-08-08,2024-10-07,closed,2024-10-15,68,8,False,False,deteriorating_payer
INV9001796,B009,B009-C1071,Retail Client 071,Retail & Distribution,60,201548.54,2024-08-20,2024-10-19,closed,2024-11-09,81,21,False,False,deteriorating_payer
INV9001797,B009,B009-C1071,Retail Client 071,Retail & Distribution,60,228780.99,2024-09-17,2024-11-16,closed,2024-12-02,76,16,False,False,deteriorating_payer
INV9001798,B009,B009-C1071,Retail Client 071,Retail & Distribution,60,281683.88,2024-09-23,2024-11-22,closed,2024-12-06,74,14,False,False,deteriorating_payer
INV9001799,B009,B009-C1071,Retail Client 071,Retail & Distribution,60,177098.91,2024-09-25,2024-11-24,closed,2024-12-12,78,18,False,False,deteriorating_payer
INV9001800,B009,B009-C1071,Retail Client 071,Retail & Distribution,60,309122.9,2024-10-01,2024-11-30,closed,2024-12-12,72,12,False,False,deteriorating_payer
INV9001801,B009,B009-C1071,Retail Client 071,Retail & Distribution,60,233365.26,2024-11-06,2025-01-05,closed,2025-01-29,84,24,False,False,deteriorating_payer
INV9001802,B009,B009-C1071,Retail Client 071,Retail & Distribution,60,165317.29,2024-11-10,2025-01-09,closed,2025-02-09,91,31,False,False,deteriorating_payer
INV9001803,B009,B009-C1071,Retail Client 071,Retail & Distribution,60,211904.84,2024-11-23,2025-01-22,closed,2025-01-27,65,5,False,False,deteriorating_payer
INV9001804,B009,B009-C1071,Retail Client 071,Retail & Distribution,60,242860.59,2024-11-24,2025-01-23,closed,2025-02-24,92,32,False,False,deteriorating_payer
INV9001805,B009,B009-C1071,Retail Client 071,Retail & Distribution,60,236046.5,2024-12-02,2025-01-31,closed,2025-03-03,91,31,False,False,deteriorating_payer
INV9001806,B009,B009-C1071,Retail Client 071,Retail & Distribution,60,191582.64,2024-12-24,2025-02-22,closed,2025-03-19,85,25,False,False,deteriorating_payer
INV9001807,B009,B009-C1071,Retail Client 071,Retail & Distribution,60,223841.36,2024-12-25,2025-02-23,closed,2025-03-07,72,12,False,False,deteriorating_payer
INV9001808,B009,B009-C1071,Retail Client 071,Retail & Distribution,60,355988.61,2025-03-13,2025-05-12,closed,2025-06-25,104,44,False,False,deteriorating_payer
INV9001809,B009,B009-C1071,Retail Client 071,Retail & Distribution,60,262495.46,2025-03-15,2025-05-14,closed,2025-06-13,90,30,False,False,deteriorating_payer
INV9001810,B009,B009-C1071,Retail Client 071,Retail & Distribution,60,231305.62,2025-03-18,2025-05-17,closed,2025-05-17,60,0,False,False,deteriorating_payer
INV9001811,B009,B009-C1071,Retail Client 071,Retail & Distribution,60,187363.6,2025-03-22,2025-05-21,closed,2025-06-17,87,27,False,False,deteriorating_payer
INV9001812,B009,B009-C1071,Retail Client 071,Retail & Distribution,60,342806.67,2025-04-04,2025-06-03,closed,2025-06-24,81,21,False,False,deteriorating_payer
INV9001813,B009,B009-C1071,Retail Client 071,Retail & Distribution,60,1042565.96,2025-05-07,2025-07-06,closed,2025-07-24,78,18,False,True,deteriorating_payer
INV9001814,B009,B009-C1071,Retail Client 071,Retail & Distribution,60,182170.65,2025-05-13,2025-07-12,closed,2025-08-15,94,34,False,False,deteriorating_payer
INV9001815,B009,B009-C1071,Retail Client 071,Retail & Distribution,60,254142.91,2025-05-20,2025-07-19,closed,2025-08-07,79,19,False,False,deteriorating_payer
INV9001816,B009,B009-C1071,Retail Client 071,Retail & Distribution,60,151054.86,2025-06-08,2025-08-07,closed,2025-09-09,93,33,False,False,deteriorating_payer
INV9001817,B009,B009-C1071,Retail Client 071,Retail & Distribution,60,277040.06,2025-08-02,2025-10-01,closed,2025-10-18,77,17,False,False,deteriorating_payer
INV9001818,B009,B009-C1071,Retail Client 071,Retail & Distribution,60,232440.56,2025-09-20,2025-11-19,closed,2025-12-10,81,21,False,False,deteriorating_payer
INV9001819,B009,B009-C1071,Retail Client 071,Retail & Distribution,60,198341.44,2025-09-27,2025-11-26,closed,2025-12-29,93,33,False,False,deteriorating_payer
INV9001820,B009,B009-C1071,Retail Client 071,Retail & Distribution,60,207203.35,2025-10-09,2025-12-08,closed,2026-01-02,85,25,True,False,deteriorating_payer
INV9001821,B009,B009-C1071,Retail Client 071,Retail & Distribution,60,433628.78,2025-10-18,2025-12-17,closed,2026-01-01,75,15,False,False,deteriorating_payer
INV9001822,B009,B009-C1071,Retail Client 071,Retail & Distribution,60,195665.47,2025-11-27,2026-01-26,closed,2026-02-16,81,21,False,False,deteriorating_payer
INV9001823,B009,B009-C1071,Retail Client 071,Retail & Distribution,60,887438.06,2025-12-10,2026-02-08,closed,2026-03-03,83,23,False,True,deteriorating_payer
INV9001824,B009,B009-C1071,Retail Client 071,Retail & Distribution,60,231896.09,2026-01-03,2026-03-04,closed,2026-03-18,74,14,False,False,deteriorating_payer
INV9001825,B009,B009-C1071,Retail Client 071,Retail & Distribution,60,271607.12,2026-01-24,2026-03-25,closed,2026-04-30,96,36,False,False,deteriorating_payer
INV9001826,B009,B009-C1071,Retail Client 071,Retail & Distribution,60,292562.47,2026-02-08,2026-04-09,closed,2026-04-27,78,18,False,False,deteriorating_payer
INV9001827,B009,B009-C1071,Retail Client 071,Retail & Distribution,60,357779.77,2026-02-13,2026-04-14,closed,2026-05-22,98,38,False,False,deteriorating_payer
INV9001828,B009,B009-C1071,Retail Client 071,Retail & Distribution,60,192881.67,2026-02-18,2026-04-19,closed,2026-05-20,91,31,False,False,deteriorating_payer
INV9001829,B009,B009-C1071,Retail Client 071,Retail & Distribution,60,198477.39,2026-02-28,2026-04-29,closed,2026-06-08,100,40,False,False,deteriorating_payer
INV9001830,B009,B009-C1071,Retail Client 071,Retail & Distribution,60,279199.16,2026-03-07,2026-05-06,closed,2026-06-04,89,29,False,False,deteriorating_payer
INV9001831,B009,B009-C1071,Retail Client 071,Retail & Distribution,60,379048.17,2026-04-15,2026-06-14,closed,2026-07-02,78,18,False,False,deteriorating_payer
INV9001832,B009,B009-C1071,Retail Client 071,Retail & Distribution,60,328140.54,2026-04-18,2026-06-17,closed,2026-08-07,111,51,False,False,deteriorating_payer
INV9001833,B009,B009-C1071,Retail Client 071,Retail & Distribution,60,249992.17,2026-05-27,2026-07-26,closed,2026-08-31,96,36,False,False,deteriorating_payer
INV9001834,B009,B009-C1071,Retail Client 071,Retail & Distribution,60,1181909.66,2026-05-28,2026-07-27,closed,2026-08-15,79,19,False,True,deteriorating_payer
INV9001835,B009,B009-C1071,Retail Client 071,Retail & Distribution,60,96813.71,2026-05-30,2026-07-29,closed,2026-08-24,86,26,False,False,deteriorating_payer
INV9001836,B009,B009-C1071,Retail Client 071,Retail & Distribution,60,179435.34,2026-08-20,2026-10-19,open,,,,False,False,deteriorating_payer
INV9001837,B009,B009-C1072,Metal Client 072,Metal & Engineering,45,75297.87,2024-05-07,2024-06-21,closed,2024-06-22,46,1,False,False,prompt_payer
INV9001838,B009,B009-C1072,Metal Client 072,Metal & Engineering,45,51629.81,2024-05-08,2024-06-22,closed,2024-06-28,51,6,False,False,prompt_payer
INV9001839,B009,B009-C1072,Metal Client 072,Metal & Engineering,45,59939.79,2024-05-15,2024-06-29,closed,2024-06-24,40,-5,False,False,prompt_payer
INV9001840,B009,B009-C1072,Metal Client 072,Metal & Engineering,45,91050.71,2024-05-17,2024-07-01,closed,2024-06-29,43,-2,False,False,prompt_payer
INV9001841,B009,B009-C1072,Metal Client 072,Metal & Engineering,45,82299.2,2024-06-01,2024-07-16,closed,2024-07-13,42,-3,False,False,prompt_payer
INV9001842,B009,B009-C1072,Metal Client 072,Metal & Engineering,45,110735.57,2024-07-31,2024-09-14,closed,2024-09-10,41,-4,False,False,prompt_payer
INV9001843,B009,B009-C1072,Metal Client 072,Metal & Engineering,45,74958.53,2024-09-02,2024-10-17,closed,2024-10-10,38,-7,False,False,prompt_payer
INV9001844,B009,B009-C1072,Metal Client 072,Metal & Engineering,45,113628.07,2024-12-15,2025-01-29,closed,2025-01-30,46,1,False,False,prompt_payer
INV9001845,B009,B009-C1072,Metal Client 072,Metal & Engineering,45,119463.82,2025-01-02,2025-02-16,closed,2025-02-16,45,0,False,False,prompt_payer
INV9001846,B009,B009-C1072,Metal Client 072,Metal & Engineering,45,56706.57,2025-02-24,2025-04-10,closed,2025-04-08,43,-2,False,False,prompt_payer
INV9001847,B009,B009-C1072,Metal Client 072,Metal & Engineering,45,82783.63,2025-02-28,2025-04-14,closed,2025-04-15,46,1,False,False,prompt_payer
INV9001848,B009,B009-C1072,Metal Client 072,Metal & Engineering,45,57508.86,2025-03-05,2025-04-19,closed,2025-04-18,44,-1,False,False,prompt_payer
INV9001849,B009,B009-C1072,Metal Client 072,Metal & Engineering,45,113957.46,2025-03-27,2025-05-11,closed,2025-05-08,42,-3,False,False,prompt_payer
INV9001850,B009,B009-C1072,Metal Client 072,Metal & Engineering,45,132099.09,2025-05-28,2025-07-12,closed,2025-07-10,43,-2,False,False,prompt_payer
INV9001851,B009,B009-C1072,Metal Client 072,Metal & Engineering,45,69245.3,2025-06-30,2025-08-14,closed,2025-08-15,46,1,False,False,prompt_payer
INV9001852,B009,B009-C1072,Metal Client 072,Metal & Engineering,45,75829.24,2025-08-01,2025-09-15,closed,2025-09-14,44,-1,False,False,prompt_payer
INV9001853,B009,B009-C1072,Metal Client 072,Metal & Engineering,45,102668.91,2025-08-08,2025-09-22,closed,2025-09-26,49,4,False,False,prompt_payer
INV9001854,B009,B009-C1072,Metal Client 072,Metal & Engineering,45,74290.49,2025-08-11,2025-09-25,closed,2025-10-03,53,8,False,False,prompt_payer
INV9001855,B009,B009-C1072,Metal Client 072,Metal & Engineering,45,50132.1,2025-10-06,2025-11-20,closed,2025-11-25,50,5,False,False,prompt_payer
INV9001856,B009,B009-C1072,Metal Client 072,Metal & Engineering,45,388035.55,2025-10-18,2025-12-02,closed,2025-12-10,53,8,False,True,prompt_payer
INV9001857,B009,B009-C1072,Metal Client 072,Metal & Engineering,45,53140.73,2025-10-30,2025-12-14,closed,2025-12-16,47,2,False,False,prompt_payer
INV9001858,B009,B009-C1072,Metal Client 072,Metal & Engineering,45,77328.99,2025-11-18,2026-01-02,closed,2026-01-02,45,0,False,False,prompt_payer
INV9001859,B009,B009-C1072,Metal Client 072,Metal & Engineering,45,91464.22,2025-11-22,2026-01-06,closed,2026-01-08,47,2,False,False,prompt_payer
INV9001860,B009,B009-C1072,Metal Client 072,Metal & Engineering,45,111937.42,2025-12-29,2026-02-12,closed,2026-02-15,48,3,False,False,prompt_payer
INV9001861,B009,B009-C1072,Metal Client 072,Metal & Engineering,45,67747.34,2026-02-05,2026-03-22,closed,2026-03-13,36,-9,False,False,prompt_payer
INV9001862,B009,B009-C1072,Metal Client 072,Metal & Engineering,45,81302.09,2026-02-12,2026-03-29,closed,2026-04-03,50,5,False,False,prompt_payer
INV9001863,B009,B009-C1072,Metal Client 072,Metal & Engineering,45,95199.22,2026-03-01,2026-04-15,closed,2026-04-12,42,-3,False,False,prompt_payer
INV9001864,B009,B009-C1072,Metal Client 072,Metal & Engineering,45,71947.25,2026-03-18,2026-05-02,closed,2026-04-30,43,-2,False,False,prompt_payer
INV9001865,B009,B009-C1072,Metal Client 072,Metal & Engineering,45,69086.06,2026-04-03,2026-05-18,closed,2026-05-17,44,-1,False,False,prompt_payer
INV9001866,B009,B009-C1072,Metal Client 072,Metal & Engineering,45,55938.68,2026-05-10,2026-06-24,closed,2026-07-01,52,7,False,False,prompt_payer
INV9001867,B009,B009-C1072,Metal Client 072,Metal & Engineering,45,80088.34,2026-05-17,2026-07-01,closed,2026-07-06,50,5,False,False,prompt_payer
INV9001868,B009,B009-C1072,Metal Client 072,Metal & Engineering,45,77106.62,2026-06-10,2026-07-25,closed,2026-07-31,51,6,False,False,prompt_payer
INV9001869,B009,B009-C1072,Metal Client 072,Metal & Engineering,45,74007.1,2026-06-21,2026-08-05,closed,2026-07-27,36,-9,False,False,prompt_payer
INV9001870,B009,B009-C1072,Metal Client 072,Metal & Engineering,45,61478.51,2026-06-24,2026-08-08,open,,,,False,False,prompt_payer
INV9001871,B009,B009-C1072,Metal Client 072,Metal & Engineering,45,91679.08,2026-07-24,2026-09-07,disputed_open,,,,False,False,prompt_payer
INV9001872,B009,B009-C1073,Chemicals Client 073,Chemicals & Plastics,30,132107.43,2024-04-29,2024-05-29,closed,2024-06-06,38,8,False,False,seasonal_payer
INV9001873,B009,B009-C1073,Chemicals Client 073,Chemicals & Plastics,30,108572.78,2024-05-19,2024-06-18,closed,2024-06-20,32,2,False,False,seasonal_payer
INV9001874,B009,B009-C1073,Chemicals Client 073,Chemicals & Plastics,30,159479.86,2024-05-21,2024-06-20,closed,2024-06-22,32,2,False,False,seasonal_payer
INV9001875,B009,B009-C1073,Chemicals Client 073,Chemicals & Plastics,30,82571.34,2024-06-01,2024-07-01,closed,2024-07-09,38,8,False,False,seasonal_payer
INV9001876,B009,B009-C1073,Chemicals Client 073,Chemicals & Plastics,30,116465.95,2024-06-12,2024-07-12,closed,2024-07-19,37,7,False,False,seasonal_payer
INV9001877,B009,B009-C1073,Chemicals Client 073,Chemicals & Plastics,30,111252.21,2024-06-23,2024-07-23,closed,2024-07-27,34,4,False,False,seasonal_payer
INV9001878,B009,B009-C1073,Chemicals Client 073,Chemicals & Plastics,30,108769.42,2024-07-06,2024-08-05,closed,2024-08-15,40,10,False,False,seasonal_payer
INV9001879,B009,B009-C1073,Chemicals Client 073,Chemicals & Plastics,30,111632.69,2024-08-02,2024-09-01,closed,2024-09-13,42,12,False,False,seasonal_payer
INV9001880,B009,B009-C1073,Chemicals Client 073,Chemicals & Plastics,30,145937.53,2024-08-13,2024-09-12,closed,2024-09-22,40,10,False,False,seasonal_payer
INV9001881,B009,B009-C1073,Chemicals Client 073,Chemicals & Plastics,30,185727.95,2024-08-21,2024-09-20,closed,2024-09-30,40,10,False,False,seasonal_payer
INV9001882,B009,B009-C1073,Chemicals Client 073,Chemicals & Plastics,30,162764.54,2024-09-16,2024-10-16,closed,2024-10-23,37,7,False,False,seasonal_payer
INV9001883,B009,B009-C1073,Chemicals Client 073,Chemicals & Plastics,30,128218.26,2024-10-19,2024-11-18,closed,2024-11-30,42,12,False,False,seasonal_payer
INV9001884,B009,B009-C1073,Chemicals Client 073,Chemicals & Plastics,30,183483.42,2024-11-16,2024-12-16,closed,2024-12-30,44,14,False,False,seasonal_payer
INV9001885,B009,B009-C1073,Chemicals Client 073,Chemicals & Plastics,30,542636.28,2024-12-08,2025-01-07,closed,2025-01-31,54,24,True,True,seasonal_payer
INV9001886,B009,B009-C1073,Chemicals Client 073,Chemicals & Plastics,30,505900.49,2024-12-19,2025-01-18,closed,2025-01-15,27,-3,False,True,seasonal_payer
INV9001887,B009,B009-C1073,Chemicals Client 073,Chemicals & Plastics,30,204456.5,2025-01-15,2025-02-14,closed,2025-02-18,34,4,False,False,seasonal_payer
INV9001888,B009,B009-C1073,Chemicals Client 073,Chemicals & Plastics,30,100460.72,2025-03-19,2025-04-18,closed,2025-04-19,31,1,False,False,seasonal_payer
INV9001889,B009,B009-C1073,Chemicals Client 073,Chemicals & Plastics,30,130942.88,2025-03-25,2025-04-24,closed,2025-05-07,43,13,False,False,seasonal_payer
INV9001890,B009,B009-C1073,Chemicals Client 073,Chemicals & Plastics,30,208019.3,2025-03-25,2025-04-24,closed,2025-04-18,24,-6,False,False,seasonal_payer
INV9001891,B009,B009-C1073,Chemicals Client 073,Chemicals & Plastics,30,222345.63,2025-04-01,2025-05-01,closed,2025-05-06,35,5,False,False,seasonal_payer
INV9001892,B009,B009-C1073,Chemicals Client 073,Chemicals & Plastics,30,248354.27,2025-04-24,2025-05-24,closed,2025-05-19,25,-5,False,False,seasonal_payer
INV9001893,B009,B009-C1073,Chemicals Client 073,Chemicals & Plastics,30,119090.4,2025-05-08,2025-06-07,closed,2025-06-07,30,0,False,False,seasonal_payer
INV9001894,B009,B009-C1073,Chemicals Client 073,Chemicals & Plastics,30,70855.51,2025-06-09,2025-07-09,closed,2025-07-14,35,5,False,False,seasonal_payer
INV9001895,B009,B009-C1073,Chemicals Client 073,Chemicals & Plastics,30,86865.26,2025-08-02,2025-09-01,closed,2025-09-17,46,16,False,False,seasonal_payer
INV9001896,B009,B009-C1073,Chemicals Client 073,Chemicals & Plastics,30,129116.71,2025-08-31,2025-09-30,closed,2025-10-12,42,12,False,False,seasonal_payer
INV9001897,B009,B009-C1073,Chemicals Client 073,Chemicals & Plastics,30,186280.83,2025-09-02,2025-10-02,closed,2025-10-22,50,20,False,False,seasonal_payer
INV9001898,B009,B009-C1073,Chemicals Client 073,Chemicals & Plastics,30,109988.15,2025-09-17,2025-10-17,closed,2025-11-07,51,21,False,False,seasonal_payer
INV9001899,B009,B009-C1073,Chemicals Client 073,Chemicals & Plastics,30,191342.07,2025-10-20,2025-11-19,closed,2025-11-28,39,9,False,False,seasonal_payer
INV9001900,B009,B009-C1073,Chemicals Client 073,Chemicals & Plastics,30,71675.88,2025-11-21,2025-12-21,closed,2026-01-06,46,16,False,False,seasonal_payer
INV9001901,B009,B009-C1073,Chemicals Client 073,Chemicals & Plastics,30,99626.94,2025-11-26,2025-12-26,closed,2026-01-15,50,20,False,False,seasonal_payer
INV9001902,B009,B009-C1073,Chemicals Client 073,Chemicals & Plastics,30,148218.3,2026-01-03,2026-02-02,closed,2026-02-03,31,1,False,False,seasonal_payer
INV9001903,B009,B009-C1073,Chemicals Client 073,Chemicals & Plastics,30,115890.16,2026-01-06,2026-02-05,closed,2026-02-15,40,10,False,False,seasonal_payer
INV9001904,B009,B009-C1073,Chemicals Client 073,Chemicals & Plastics,30,151697.56,2026-02-04,2026-03-06,closed,2026-03-09,33,3,False,False,seasonal_payer
INV9001905,B009,B009-C1073,Chemicals Client 073,Chemicals & Plastics,30,194667.73,2026-02-28,2026-03-30,closed,2026-03-31,31,1,False,False,seasonal_payer
INV9001906,B009,B009-C1073,Chemicals Client 073,Chemicals & Plastics,30,503279.69,2026-03-10,2026-04-09,closed,2026-04-07,28,-2,False,True,seasonal_payer
INV9001907,B009,B009-C1073,Chemicals Client 073,Chemicals & Plastics,30,198079.4,2026-06-20,2026-07-20,closed,2026-07-27,37,7,False,False,seasonal_payer
INV9001908,B009,B009-C1073,Chemicals Client 073,Chemicals & Plastics,30,122162.6,2026-06-30,2026-07-30,closed,2026-08-07,38,8,False,False,seasonal_payer
INV9001909,B009,B009-C1074,FMCG Client 074,FMCG & Food Processing,30,1305623.69,2024-03-19,2024-04-18,closed,2024-05-01,43,13,False,True,erratic_payer
INV9001910,B009,B009-C1074,FMCG Client 074,FMCG & Food Processing,30,206021.43,2024-05-08,2024-06-07,closed,2024-06-23,46,16,False,False,erratic_payer
INV9001911,B009,B009-C1074,FMCG Client 074,FMCG & Food Processing,30,409621.84,2024-07-16,2024-08-15,closed,2024-08-17,32,2,False,False,erratic_payer
INV9001912,B009,B009-C1074,FMCG Client 074,FMCG & Food Processing,30,298154.57,2024-08-19,2024-09-18,closed,2024-09-22,34,4,False,False,erratic_payer
INV9001913,B009,B009-C1074,FMCG Client 074,FMCG & Food Processing,30,294244.38,2024-12-21,2025-01-20,closed,2025-01-25,35,5,False,False,erratic_payer
INV9001914,B009,B009-C1074,FMCG Client 074,FMCG & Food Processing,30,267874.31,2025-02-02,2025-03-04,closed,2025-03-04,30,0,False,False,erratic_payer
INV9001915,B009,B009-C1074,FMCG Client 074,FMCG & Food Processing,30,179725.49,2025-02-02,2025-03-04,closed,2025-03-20,46,16,False,False,erratic_payer
INV9001916,B009,B009-C1074,FMCG Client 074,FMCG & Food Processing,30,315011.63,2025-02-06,2025-03-08,closed,2025-03-08,30,0,False,False,erratic_payer
INV9001917,B009,B009-C1074,FMCG Client 074,FMCG & Food Processing,30,249343.9,2025-02-06,2025-03-08,closed,2025-03-21,43,13,False,False,erratic_payer
INV9001918,B009,B009-C1074,FMCG Client 074,FMCG & Food Processing,30,393366.71,2025-02-08,2025-03-10,closed,2025-03-21,41,11,False,False,erratic_payer
INV9001919,B009,B009-C1074,FMCG Client 074,FMCG & Food Processing,30,327602.46,2025-02-26,2025-03-28,closed,2025-04-12,45,15,False,False,erratic_payer
INV9001920,B009,B009-C1074,FMCG Client 074,FMCG & Food Processing,30,261356.42,2025-05-02,2025-06-01,closed,2025-05-31,29,-1,False,False,erratic_payer
INV9001921,B009,B009-C1074,FMCG Client 074,FMCG & Food Processing,30,330581.28,2025-05-04,2025-06-03,closed,2025-06-25,52,22,False,False,erratic_payer
INV9001922,B009,B009-C1074,FMCG Client 074,FMCG & Food Processing,30,327051.3,2025-07-25,2025-08-24,closed,2025-11-21,119,89,False,False,erratic_payer
INV9001923,B009,B009-C1074,FMCG Client 074,FMCG & Food Processing,30,316079.47,2025-10-26,2025-11-25,open,,,,False,False,erratic_payer
INV9001924,B009,B009-C1074,FMCG Client 074,FMCG & Food Processing,30,231778.46,2025-11-01,2025-12-01,closed,2025-12-03,32,2,False,False,erratic_payer
INV9001925,B009,B009-C1074,FMCG Client 074,FMCG & Food Processing,30,195309.02,2025-12-01,2025-12-31,open,,,,False,False,erratic_payer
INV9001926,B009,B009-C1074,FMCG Client 074,FMCG & Food Processing,30,349823.46,2025-12-12,2026-01-11,closed,2026-01-24,43,13,False,False,erratic_payer
INV9001927,B009,B009-C1074,FMCG Client 074,FMCG & Food Processing,30,222018.87,2025-12-27,2026-01-26,closed,2026-02-10,45,15,False,False,erratic_payer
INV9001928,B009,B009-C1074,FMCG Client 074,FMCG & Food Processing,30,407674.38,2026-02-15,2026-03-17,closed,2026-03-21,34,4,False,False,erratic_payer
INV9001929,B009,B009-C1074,FMCG Client 074,FMCG & Food Processing,30,167267.72,2026-07-10,2026-08-09,closed,2026-08-12,33,3,False,False,erratic_payer
INV9001930,B009,B009-C1074,FMCG Client 074,FMCG & Food Processing,30,327726.7,2026-08-28,2026-09-27,open,,,,False,False,erratic_payer
INV9001931,B009,B009-C1075,IT Client 075,IT & Business Services,45,63724.43,2024-03-24,2024-05-08,closed,2024-06-16,84,39,False,False,improving_payer
INV9001932,B009,B009-C1075,IT Client 075,IT & Business Services,45,43500.87,2024-06-18,2024-08-02,closed,2024-09-03,77,32,True,False,improving_payer
INV9001933,B009,B009-C1075,IT Client 075,IT & Business Services,45,30604.08,2024-06-29,2024-08-13,closed,2024-09-06,69,24,False,False,improving_payer
INV9001934,B009,B009-C1075,IT Client 075,IT & Business Services,45,57161.32,2024-07-14,2024-08-28,closed,2024-10-03,81,36,False,False,improving_payer
INV9001935,B009,B009-C1075,IT Client 075,IT & Business Services,45,48131.05,2024-07-16,2024-08-30,closed,2024-10-10,86,41,True,False,improving_payer
INV9001936,B009,B009-C1075,IT Client 075,IT & Business Services,45,39914.96,2024-07-27,2024-09-10,closed,2024-10-07,72,27,False,False,improving_payer
INV9001937,B009,B009-C1075,IT Client 075,IT & Business Services,45,27578.76,2024-08-14,2024-09-28,closed,2024-11-04,82,37,False,False,improving_payer
INV9001938,B009,B009-C1075,IT Client 075,IT & Business Services,45,36094.04,2024-08-29,2024-10-13,closed,2024-11-03,66,21,False,False,improving_payer
INV9001939,B009,B009-C1075,IT Client 075,IT & Business Services,45,57237.14,2024-09-20,2024-11-04,closed,2024-12-08,79,34,False,False,improving_payer
INV9001940,B009,B009-C1075,IT Client 075,IT & Business Services,45,68041.46,2024-10-18,2024-12-02,closed,2025-01-02,76,31,False,False,improving_payer
INV9001941,B009,B009-C1075,IT Client 075,IT & Business Services,45,66785.88,2024-10-21,2024-12-05,closed,2025-01-18,89,44,False,False,improving_payer
INV9001942,B009,B009-C1075,IT Client 075,IT & Business Services,45,43178.68,2024-10-24,2024-12-08,closed,2025-01-06,74,29,False,False,improving_payer
INV9001943,B009,B009-C1075,IT Client 075,IT & Business Services,45,36954.54,2024-11-05,2024-12-20,closed,2025-01-10,66,21,False,False,improving_payer
INV9001944,B009,B009-C1075,IT Client 075,IT & Business Services,45,53348.79,2024-12-01,2025-01-15,closed,2025-02-12,73,28,False,False,improving_payer
INV9001945,B009,B009-C1075,IT Client 075,IT & Business Services,45,42998.58,2025-01-22,2025-03-08,closed,2025-04-08,76,31,False,False,improving_payer
INV9001946,B009,B009-C1075,IT Client 075,IT & Business Services,45,35398.77,2025-02-02,2025-03-19,closed,2025-04-09,66,21,False,False,improving_payer
INV9001947,B009,B009-C1075,IT Client 075,IT & Business Services,45,30515.25,2025-02-05,2025-03-22,closed,2025-04-03,57,12,False,False,improving_payer
INV9001948,B009,B009-C1075,IT Client 075,IT & Business Services,45,68375.68,2025-02-16,2025-04-02,closed,2025-05-11,84,39,False,False,improving_payer
INV9001949,B009,B009-C1075,IT Client 075,IT & Business Services,45,31454.26,2025-03-16,2025-04-30,closed,2025-05-28,73,28,False,False,improving_payer
INV9001950,B009,B009-C1075,IT Client 075,IT & Business Services,45,39655.98,2025-04-15,2025-05-30,closed,2025-07-02,78,33,False,False,improving_payer
INV9001951,B009,B009-C1075,IT Client 075,IT & Business Services,45,76726.9,2025-04-22,2025-06-06,closed,2025-07-05,74,29,False,False,improving_payer
INV9001952,B009,B009-C1075,IT Client 075,IT & Business Services,45,45550.18,2025-06-01,2025-07-16,closed,2025-08-14,74,29,False,False,improving_payer
INV9001953,B009,B009-C1075,IT Client 075,IT & Business Services,45,42760.59,2025-07-03,2025-08-17,closed,2025-08-24,52,7,False,False,improving_payer
INV9001954,B009,B009-C1075,IT Client 075,IT & Business Services,45,60411.84,2025-07-14,2025-08-28,closed,2025-09-12,60,15,False,False,improving_payer
INV9001955,B009,B009-C1075,IT Client 075,IT & Business Services,45,39809.82,2025-07-25,2025-09-08,closed,2025-09-27,64,19,False,False,improving_payer
INV9001956,B009,B009-C1075,IT Client 075,IT & Business Services,45,241205.45,2025-08-21,2025-10-05,closed,2025-10-08,48,3,False,True,improving_payer
INV9001957,B009,B009-C1075,IT Client 075,IT & Business Services,45,56666.94,2025-09-18,2025-11-02,closed,2025-11-30,73,28,False,False,improving_payer
INV9001958,B009,B009-C1075,IT Client 075,IT & Business Services,45,33360.19,2025-09-20,2025-11-04,closed,2025-11-22,63,18,False,False,improving_payer
INV9001959,B009,B009-C1075,IT Client 075,IT & Business Services,45,48355.47,2025-10-01,2025-11-15,closed,2025-11-25,55,10,False,False,improving_payer
INV9001960,B009,B009-C1075,IT Client 075,IT & Business Services,45,52495.62,2025-10-09,2025-11-23,closed,2025-12-19,71,26,False,False,improving_payer
INV9001961,B009,B009-C1075,IT Client 075,IT & Business Services,45,57631.58,2025-10-10,2025-11-24,closed,2025-12-06,57,12,False,False,improving_payer
INV9001962,B009,B009-C1075,IT Client 075,IT & Business Services,45,61697.08,2025-10-16,2025-11-30,closed,2025-12-17,62,17,False,False,improving_payer
INV9001963,B009,B009-C1075,IT Client 075,IT & Business Services,45,72042.53,2025-10-25,2025-12-09,closed,2025-12-21,57,12,False,False,improving_payer
INV9001964,B009,B009-C1075,IT Client 075,IT & Business Services,45,30889.62,2025-12-11,2026-01-25,closed,2026-02-06,57,12,False,False,improving_payer
INV9001965,B009,B009-C1075,IT Client 075,IT & Business Services,45,45711.39,2026-01-14,2026-02-28,closed,2026-03-18,63,18,False,False,improving_payer
INV9001966,B009,B009-C1075,IT Client 075,IT & Business Services,45,45364.17,2026-02-20,2026-04-06,closed,2026-04-11,50,5,False,False,improving_payer
INV9001967,B009,B009-C1075,IT Client 075,IT & Business Services,45,76792.2,2026-03-06,2026-04-20,closed,2026-05-04,59,14,False,False,improving_payer
INV9001968,B009,B009-C1075,IT Client 075,IT & Business Services,45,43947.62,2026-03-11,2026-04-25,closed,2026-04-26,46,1,False,False,improving_payer
INV9001969,B009,B009-C1075,IT Client 075,IT & Business Services,45,61518.23,2026-03-26,2026-05-10,closed,2026-05-26,61,16,False,False,improving_payer
INV9001970,B009,B009-C1075,IT Client 075,IT & Business Services,45,57658.82,2026-05-10,2026-06-24,closed,2026-07-10,61,16,False,False,improving_payer
INV9001971,B009,B009-C1075,IT Client 075,IT & Business Services,45,50045.01,2026-05-21,2026-07-05,closed,2026-07-11,51,6,False,False,improving_payer
INV9001972,B009,B009-C1075,IT Client 075,IT & Business Services,45,32292.11,2026-05-24,2026-07-08,closed,2026-07-24,61,16,False,False,improving_payer
INV9001973,B009,B009-C1075,IT Client 075,IT & Business Services,45,45946.85,2026-06-24,2026-08-08,closed,2026-08-04,41,-4,False,False,improving_payer
INV9001974,B009,B009-C1075,IT Client 075,IT & Business Services,45,55024.88,2026-07-06,2026-08-20,closed,2026-08-23,48,3,False,False,improving_payer
INV9001975,B009,B009-C1075,IT Client 075,IT & Business Services,45,23452.04,2026-08-28,2026-10-12,open,,,,False,False,improving_payer
INV9001976,B009,B009-C1076,Metal Client 076,Metal & Engineering,90,65921.23,2024-03-25,2024-06-23,closed,2024-07-15,112,22,False,False,seasonal_payer
INV9001977,B009,B009-C1076,Metal Client 076,Metal & Engineering,90,65475.4,2024-04-14,2024-07-13,closed,2024-07-18,95,5,False,False,seasonal_payer
INV9001978,B009,B009-C1076,Metal Client 076,Metal & Engineering,90,89899.13,2024-04-20,2024-07-19,closed,2024-07-28,99,9,False,False,seasonal_payer
INV9001979,B009,B009-C1076,Metal Client 076,Metal & Engineering,90,58178.62,2024-05-07,2024-08-05,closed,2024-08-18,103,13,False,False,seasonal_payer
INV9001980,B009,B009-C1076,Metal Client 076,Metal & Engineering,90,95294.24,2024-05-09,2024-08-07,closed,2024-08-17,100,10,False,False,seasonal_payer
INV9001981,B009,B009-C1076,Metal Client 076,Metal & Engineering,90,53761.94,2024-05-11,2024-08-09,closed,2024-08-19,100,10,False,False,seasonal_payer
INV9001982,B009,B009-C1076,Metal Client 076,Metal & Engineering,90,99596.67,2024-05-15,2024-08-13,closed,2024-08-29,106,16,True,False,seasonal_payer
INV9001983,B009,B009-C1076,Metal Client 076,Metal & Engineering,90,78440.55,2024-05-22,2024-08-20,closed,2024-09-05,106,16,False,False,seasonal_payer
INV9001984,B009,B009-C1076,Metal Client 076,Metal & Engineering,90,159871.96,2024-06-06,2024-09-04,closed,2024-09-06,92,2,False,False,seasonal_payer
INV9001985,B009,B009-C1076,Metal Client 076,Metal & Engineering,90,59801.42,2024-06-19,2024-09-17,closed,2024-09-30,103,13,False,False,seasonal_payer
INV9001986,B009,B009-C1076,Metal Client 076,Metal & Engineering,90,56030.77,2024-06-27,2024-09-25,closed,2024-10-08,103,13,False,False,seasonal_payer
INV9001987,B009,B009-C1076,Metal Client 076,Metal & Engineering,90,64307.32,2024-07-05,2024-10-03,closed,2024-10-06,93,3,False,False,seasonal_payer
INV9001988,B009,B009-C1076,Metal Client 076,Metal & Engineering,90,73532.31,2024-08-27,2024-11-25,closed,2024-12-02,97,7,False,False,seasonal_payer
INV9001989,B009,B009-C1076,Metal Client 076,Metal & Engineering,90,74499.52,2024-09-24,2024-12-23,closed,2024-12-27,94,4,False,False,seasonal_payer
INV9001990,B009,B009-C1076,Metal Client 076,Metal & Engineering,90,84292.89,2024-10-08,2025-01-06,closed,2025-01-13,97,7,False,False,seasonal_payer
INV9001991,B009,B009-C1076,Metal Client 076,Metal & Engineering,90,60319.04,2024-12-06,2025-03-06,closed,2025-03-20,104,14,False,False,seasonal_payer
INV9001992,B009,B009-C1076,Metal Client 076,Metal & Engineering,90,82035.28,2024-12-18,2025-03-18,closed,2025-03-21,93,3,False,False,seasonal_payer
INV9001993,B009,B009-C1076,Metal Client 076,Metal & Engineering,90,166024.24,2024-12-19,2025-03-19,closed,2025-03-24,95,5,False,False,seasonal_payer
INV9001994,B009,B009-C1076,Metal Client 076,Metal & Engineering,90,82150.37,2025-01-04,2025-04-04,closed,2025-04-05,91,1,False,False,seasonal_payer
INV9001995,B009,B009-C1076,Metal Client 076,Metal & Engineering,90,81191.95,2025-01-22,2025-04-22,closed,2025-04-28,96,6,False,False,seasonal_payer
INV9001996,B009,B009-C1076,Metal Client 076,Metal & Engineering,90,104591.95,2025-01-26,2025-04-26,closed,2025-05-18,112,22,False,False,seasonal_payer
INV9001997,B009,B009-C1076,Metal Client 076,Metal & Engineering,90,52684.53,2025-02-18,2025-05-19,closed,2025-05-31,102,12,False,False,seasonal_payer
INV9001998,B009,B009-C1076,Metal Client 076,Metal & Engineering,90,142485.05,2025-03-08,2025-06-06,closed,2025-06-22,106,16,False,False,seasonal_payer
INV9001999,B009,B009-C1076,Metal Client 076,Metal & Engineering,90,79310.03,2025-04-04,2025-07-03,closed,2025-07-14,101,11,False,False,seasonal_payer
INV9002000,B009,B009-C1076,Metal Client 076,Metal & Engineering,90,132473.96,2025-04-12,2025-07-11,closed,2025-07-22,101,11,False,False,seasonal_payer
INV9002001,B009,B009-C1076,Metal Client 076,Metal & Engineering,90,75388.89,2025-04-18,2025-07-17,closed,2025-08-03,107,17,False,False,seasonal_payer
INV9002002,B009,B009-C1076,Metal Client 076,Metal & Engineering,90,87249.61,2025-04-20,2025-07-19,closed,2025-08-03,105,15,True,False,seasonal_payer
INV9002003,B009,B009-C1076,Metal Client 076,Metal & Engineering,90,131044.09,2025-05-02,2025-07-31,closed,2025-08-09,99,9,False,False,seasonal_payer
INV9002004,B009,B009-C1076,Metal Client 076,Metal & Engineering,90,66203.96,2025-05-07,2025-08-05,closed,2025-08-18,103,13,False,False,seasonal_payer
INV9002005,B009,B009-C1076,Metal Client 076,Metal & Engineering,90,65311.81,2025-05-08,2025-08-06,closed,2025-08-11,95,5,False,False,seasonal_payer
INV9002006,B009,B009-C1076,Metal Client 076,Metal & Engineering,90,71387.88,2025-05-31,2025-08-29,closed,2025-09-08,100,10,True,False,seasonal_payer
INV9002007,B009,B009-C1076,Metal Client 076,Metal & Engineering,90,140515.81,2025-06-06,2025-09-04,disputed_open,,,,False,False,seasonal_payer
INV9002008,B009,B009-C1076,Metal Client 076,Metal & Engineering,90,78338.38,2025-07-05,2025-10-03,closed,2025-10-05,92,2,True,False,seasonal_payer
INV9002009,B009,B009-C1076,Metal Client 076,Metal & Engineering,90,112270.22,2025-07-25,2025-10-23,closed,2025-10-27,94,4,False,False,seasonal_payer
INV9002010,B009,B009-C1076,Metal Client 076,Metal & Engineering,90,58404.71,2025-08-04,2025-11-02,closed,2025-11-01,89,-1,False,False,seasonal_payer
INV9002011,B009,B009-C1076,Metal Client 076,Metal & Engineering,90,264804.25,2025-08-10,2025-11-08,closed,2025-11-07,89,-1,False,True,seasonal_payer
INV9002012,B009,B009-C1076,Metal Client 076,Metal & Engineering,90,91273.38,2025-08-12,2025-11-10,closed,2025-11-17,97,7,False,False,seasonal_payer
INV9002013,B009,B009-C1076,Metal Client 076,Metal & Engineering,90,587677.73,2025-08-24,2025-11-22,closed,2025-11-29,97,7,False,True,seasonal_payer
INV9002014,B009,B009-C1076,Metal Client 076,Metal & Engineering,90,156680.19,2025-10-24,2026-01-22,closed,2026-01-26,94,4,False,False,seasonal_payer
INV9002015,B009,B009-C1076,Metal Client 076,Metal & Engineering,90,57681.2,2025-12-22,2026-03-22,closed,2026-03-31,99,9,False,False,seasonal_payer
INV9002016,B009,B009-C1076,Metal Client 076,Metal & Engineering,90,101828.08,2026-01-15,2026-04-15,closed,2026-05-05,110,20,False,False,seasonal_payer
INV9002017,B009,B009-C1076,Metal Client 076,Metal & Engineering,90,79158.04,2026-02-04,2026-05-05,closed,2026-05-15,100,10,False,False,seasonal_payer
INV9002018,B009,B009-C1076,Metal Client 076,Metal & Engineering,90,87698.01,2026-02-15,2026-05-16,closed,2026-05-30,104,14,False,False,seasonal_payer
INV9002019,B009,B009-C1076,Metal Client 076,Metal & Engineering,90,124989.87,2026-02-23,2026-05-24,closed,2026-05-31,97,7,False,False,seasonal_payer
INV9002020,B009,B009-C1076,Metal Client 076,Metal & Engineering,90,71862.6,2026-03-12,2026-06-10,closed,2026-06-26,106,16,False,False,seasonal_payer
INV9002021,B009,B009-C1076,Metal Client 076,Metal & Engineering,90,90108.55,2026-03-16,2026-06-14,closed,2026-06-27,103,13,False,False,seasonal_payer
INV9002022,B009,B009-C1076,Metal Client 076,Metal & Engineering,90,56611.26,2026-03-26,2026-06-24,closed,2026-07-09,105,15,False,False,seasonal_payer
INV9002023,B009,B009-C1076,Metal Client 076,Metal & Engineering,90,89647.9,2026-03-29,2026-06-27,closed,2026-07-14,107,17,False,False,seasonal_payer
INV9002024,B009,B009-C1076,Metal Client 076,Metal & Engineering,90,96384.27,2026-05-09,2026-08-07,closed,2026-08-11,94,4,False,False,seasonal_payer
INV9002025,B009,B009-C1076,Metal Client 076,Metal & Engineering,90,58650.51,2026-05-11,2026-08-09,closed,2026-08-27,108,18,False,False,seasonal_payer
INV9002026,B009,B009-C1076,Metal Client 076,Metal & Engineering,90,78156.21,2026-05-18,2026-08-16,closed,2026-08-23,97,7,True,False,seasonal_payer
INV9002027,B009,B009-C1076,Metal Client 076,Metal & Engineering,90,92271.2,2026-06-12,2026-09-10,open,,,,False,False,seasonal_payer
INV9002028,B009,B009-C1076,Metal Client 076,Metal & Engineering,90,76500.06,2026-07-16,2026-10-14,open,,,,False,False,seasonal_payer
INV9002029,B009,B009-C1076,Metal Client 076,Metal & Engineering,90,117221.34,2026-09-01,2026-11-30,open,,,,False,False,seasonal_payer
INV9002030,B009,B009-C1077,Textiles Client 077,Textiles & Apparel,30,48042.76,2024-04-05,2024-05-05,closed,2024-05-06,31,1,False,False,average_payer
INV9002031,B009,B009-C1077,Textiles Client 077,Textiles & Apparel,30,42155.61,2024-05-03,2024-06-02,closed,2024-06-16,44,14,True,False,average_payer
INV9002032,B009,B009-C1077,Textiles Client 077,Textiles & Apparel,30,42047.68,2024-05-06,2024-06-05,closed,2024-06-10,35,5,False,False,average_payer
INV9002033,B009,B009-C1077,Textiles Client 077,Textiles & Apparel,30,41116.4,2024-05-28,2024-06-27,closed,2024-06-17,20,-10,False,False,average_payer
INV9002034,B009,B009-C1077,Textiles Client 077,Textiles & Apparel,30,51522.71,2024-06-14,2024-07-14,closed,2024-07-22,38,8,False,False,average_payer
INV9002035,B009,B009-C1077,Textiles Client 077,Textiles & Apparel,30,83373.85,2024-07-05,2024-08-04,closed,2024-08-19,45,15,False,False,average_payer
INV9002036,B009,B009-C1077,Textiles Client 077,Textiles & Apparel,30,67054.29,2024-07-20,2024-08-19,closed,2024-09-08,50,20,False,False,average_payer
INV9002037,B009,B009-C1077,Textiles Client 077,Textiles & Apparel,30,33301.38,2024-07-26,2024-08-25,closed,2024-08-28,33,3,False,False,average_payer
INV9002038,B009,B009-C1077,Textiles Client 077,Textiles & Apparel,30,256171.77,2024-09-03,2024-10-03,closed,2024-10-11,38,8,False,True,average_payer
INV9002039,B009,B009-C1077,Textiles Client 077,Textiles & Apparel,30,81869.65,2024-09-17,2024-10-17,closed,2024-10-28,41,11,False,False,average_payer
INV9002040,B009,B009-C1077,Textiles Client 077,Textiles & Apparel,30,51016.31,2024-10-01,2024-10-31,closed,2024-11-10,40,10,False,False,average_payer
INV9002041,B009,B009-C1077,Textiles Client 077,Textiles & Apparel,30,53803.41,2024-10-31,2024-11-30,closed,2024-11-30,30,0,False,False,average_payer
INV9002042,B009,B009-C1077,Textiles Client 077,Textiles & Apparel,30,131572.45,2024-11-14,2024-12-14,closed,2024-12-22,38,8,False,True,average_payer
INV9002043,B009,B009-C1077,Textiles Client 077,Textiles & Apparel,30,59474.86,2024-11-20,2024-12-20,closed,2024-12-31,41,11,False,False,average_payer
INV9002044,B009,B009-C1077,Textiles Client 077,Textiles & Apparel,30,40612.33,2024-11-21,2024-12-21,closed,2024-12-22,31,1,False,False,average_payer
INV9002045,B009,B009-C1077,Textiles Client 077,Textiles & Apparel,30,67188.84,2024-11-28,2024-12-28,closed,2025-01-03,36,6,False,False,average_payer
INV9002046,B009,B009-C1077,Textiles Client 077,Textiles & Apparel,30,42597.17,2024-12-20,2025-01-19,closed,2025-01-22,33,3,False,False,average_payer
INV9002047,B009,B009-C1077,Textiles Client 077,Textiles & Apparel,30,45682.1,2025-01-03,2025-02-02,closed,2025-02-02,30,0,False,False,average_payer
INV9002048,B009,B009-C1077,Textiles Client 077,Textiles & Apparel,30,61326.18,2025-01-12,2025-02-11,closed,2025-02-27,46,16,False,False,average_payer
INV9002049,B009,B009-C1077,Textiles Client 077,Textiles & Apparel,30,68657.44,2025-02-17,2025-03-19,closed,2025-04-04,46,16,False,False,average_payer
INV9002050,B009,B009-C1077,Textiles Client 077,Textiles & Apparel,30,57901.53,2025-03-04,2025-04-03,closed,2025-04-15,42,12,False,False,average_payer
INV9002051,B009,B009-C1077,Textiles Client 077,Textiles & Apparel,30,99612.06,2025-04-24,2025-05-24,closed,2025-06-01,38,8,False,False,average_payer
INV9002052,B009,B009-C1077,Textiles Client 077,Textiles & Apparel,30,64569.14,2025-05-04,2025-06-03,closed,2025-06-09,36,6,False,False,average_payer
INV9002053,B009,B009-C1077,Textiles Client 077,Textiles & Apparel,30,51587.62,2025-05-15,2025-06-14,closed,2025-06-21,37,7,False,False,average_payer
INV9002054,B009,B009-C1077,Textiles Client 077,Textiles & Apparel,30,54538.09,2025-06-14,2025-07-14,closed,2025-07-28,44,14,False,False,average_payer
INV9002055,B009,B009-C1077,Textiles Client 077,Textiles & Apparel,30,69202.3,2025-06-17,2025-07-17,closed,2025-07-12,25,-5,False,False,average_payer
INV9002056,B009,B009-C1077,Textiles Client 077,Textiles & Apparel,30,50418.61,2025-06-18,2025-07-18,closed,2025-07-26,38,8,False,False,average_payer
INV9002057,B009,B009-C1077,Textiles Client 077,Textiles & Apparel,30,69318.44,2025-06-26,2025-07-26,closed,2025-07-27,31,1,False,False,average_payer
INV9002058,B009,B009-C1077,Textiles Client 077,Textiles & Apparel,30,51998.71,2025-07-01,2025-07-31,closed,2025-08-10,40,10,False,False,average_payer
INV9002059,B009,B009-C1077,Textiles Client 077,Textiles & Apparel,30,61331.8,2025-07-02,2025-08-01,closed,2025-07-29,27,-3,False,False,average_payer
INV9002060,B009,B009-C1077,Textiles Client 077,Textiles & Apparel,30,40990.63,2025-07-24,2025-08-23,closed,2025-08-28,35,5,False,False,average_payer
INV9002061,B009,B009-C1077,Textiles Client 077,Textiles & Apparel,30,42489.09,2025-08-20,2025-09-19,closed,2025-09-17,28,-2,False,False,average_payer
INV9002062,B009,B009-C1077,Textiles Client 077,Textiles & Apparel,30,57010.29,2025-09-01,2025-10-01,closed,2025-10-03,32,2,False,False,average_payer
INV9002063,B009,B009-C1077,Textiles Client 077,Textiles & Apparel,30,93202.58,2025-09-16,2025-10-16,closed,2025-10-23,37,7,False,False,average_payer
INV9002064,B009,B009-C1077,Textiles Client 077,Textiles & Apparel,30,63775.8,2025-10-13,2025-11-12,closed,2025-11-16,34,4,False,False,average_payer
INV9002065,B009,B009-C1077,Textiles Client 077,Textiles & Apparel,30,47756.48,2025-10-21,2025-11-20,closed,2025-11-23,33,3,False,False,average_payer
INV9002066,B009,B009-C1077,Textiles Client 077,Textiles & Apparel,30,56464.15,2025-10-25,2025-11-24,closed,2025-12-13,49,19,False,False,average_payer
INV9002067,B009,B009-C1077,Textiles Client 077,Textiles & Apparel,30,74628.16,2025-11-17,2025-12-17,closed,2025-12-22,35,5,False,False,average_payer
INV9002068,B009,B009-C1077,Textiles Client 077,Textiles & Apparel,30,48858.03,2025-11-25,2025-12-25,closed,2026-01-01,37,7,False,False,average_payer
INV9002069,B009,B009-C1077,Textiles Client 077,Textiles & Apparel,30,67387.84,2026-01-07,2026-02-06,closed,2026-02-20,44,14,False,False,average_payer
INV9002070,B009,B009-C1077,Textiles Client 077,Textiles & Apparel,30,68429.14,2026-01-13,2026-02-12,open,,,,False,False,average_payer
INV9002071,B009,B009-C1077,Textiles Client 077,Textiles & Apparel,30,44874.1,2026-01-20,2026-02-19,closed,2026-02-13,24,-6,False,False,average_payer
INV9002072,B009,B009-C1077,Textiles Client 077,Textiles & Apparel,30,74896.23,2026-02-26,2026-03-28,closed,2026-04-04,37,7,False,False,average_payer
INV9002073,B009,B009-C1077,Textiles Client 077,Textiles & Apparel,30,75268.32,2026-03-06,2026-04-05,closed,2026-04-06,31,1,False,False,average_payer
INV9002074,B009,B009-C1077,Textiles Client 077,Textiles & Apparel,30,55062.07,2026-05-14,2026-06-13,closed,2026-06-14,31,1,False,False,average_payer
INV9002075,B009,B009-C1077,Textiles Client 077,Textiles & Apparel,30,59849.5,2026-05-24,2026-06-23,closed,2026-06-24,31,1,False,False,average_payer
INV9002076,B009,B009-C1077,Textiles Client 077,Textiles & Apparel,30,44295.31,2026-05-26,2026-06-25,closed,2026-07-07,42,12,False,False,average_payer
INV9002077,B009,B009-C1077,Textiles Client 077,Textiles & Apparel,30,50686.64,2026-07-11,2026-08-10,closed,2026-08-21,41,11,False,False,average_payer
INV9002078,B009,B009-C1077,Textiles Client 077,Textiles & Apparel,30,52637.17,2026-07-31,2026-08-30,open,,,,False,False,average_payer
INV9002079,B009,B009-C1077,Textiles Client 077,Textiles & Apparel,30,90254.28,2026-08-13,2026-09-12,open,,,,False,False,average_payer
INV9002080,B009,B009-C1077,Textiles Client 077,Textiles & Apparel,30,34335.83,2026-08-15,2026-09-14,open,,,,False,False,average_payer
INV9002081,B009,B009-C1077,Textiles Client 077,Textiles & Apparel,30,59930.35,2026-08-20,2026-09-19,disputed_open,,,,False,False,average_payer
INV9002082,B009,B009-C1077,Textiles Client 077,Textiles & Apparel,30,54851.1,2026-08-25,2026-09-24,open,,,,False,False,average_payer
INV9002083,B009,B009-C1077,Textiles Client 077,Textiles & Apparel,30,75981.97,2026-09-01,2026-10-01,open,,,,False,False,average_payer
INV9002084,B009,B009-C1078,Auto Client 078,Auto Components,60,79235.64,2024-04-28,2024-06-27,closed,2024-07-03,66,6,False,False,average_payer
INV9002085,B009,B009-C1078,Auto Client 078,Auto Components,60,82941.41,2024-05-06,2024-07-05,closed,2024-07-19,74,14,False,False,average_payer
INV9002086,B009,B009-C1078,Auto Client 078,Auto Components,60,62605.59,2024-05-21,2024-07-20,closed,2024-07-27,67,7,False,False,average_payer
INV9002087,B009,B009-C1078,Auto Client 078,Auto Components,60,52972.94,2024-05-23,2024-07-22,closed,2024-07-20,58,-2,False,False,average_payer
INV9002088,B009,B009-C1078,Auto Client 078,Auto Components,60,79774.53,2024-06-21,2024-08-20,closed,2024-08-22,62,2,False,False,average_payer
INV9002089,B009,B009-C1078,Auto Client 078,Auto Components,60,93959.29,2024-06-28,2024-08-27,closed,2024-09-10,74,14,False,False,average_payer
INV9002090,B009,B009-C1078,Auto Client 078,Auto Components,60,100635.07,2024-07-24,2024-09-22,closed,2024-09-23,61,1,False,False,average_payer
INV9002091,B009,B009-C1078,Auto Client 078,Auto Components,60,76248.44,2024-08-24,2024-10-23,closed,2024-10-29,66,6,False,False,average_payer
INV9002092,B009,B009-C1078,Auto Client 078,Auto Components,60,90113.9,2024-08-27,2024-10-26,closed,2024-10-24,58,-2,False,False,average_payer
INV9002093,B009,B009-C1078,Auto Client 078,Auto Components,60,137694.35,2024-08-28,2024-10-27,closed,2024-10-21,54,-6,False,False,average_payer
INV9002094,B009,B009-C1078,Auto Client 078,Auto Components,60,369805.58,2024-08-29,2024-10-28,closed,2024-10-24,56,-4,False,True,average_payer
INV9002095,B009,B009-C1078,Auto Client 078,Auto Components,60,88867.3,2024-09-16,2024-11-15,closed,2024-11-22,67,7,False,False,average_payer
INV9002096,B009,B009-C1078,Auto Client 078,Auto Components,60,61294.6,2024-09-22,2024-11-21,closed,2024-11-24,63,3,False,False,average_payer
INV9002097,B009,B009-C1078,Auto Client 078,Auto Components,60,62876.13,2024-11-12,2025-01-11,closed,2025-01-13,62,2,False,False,average_payer
INV9002098,B009,B009-C1078,Auto Client 078,Auto Components,60,61135.61,2024-12-13,2025-02-11,closed,2025-02-25,74,14,False,False,average_payer
INV9002099,B009,B009-C1078,Auto Client 078,Auto Components,60,48663.71,2025-03-08,2025-05-07,closed,2025-05-01,54,-6,False,False,average_payer
INV9002100,B009,B009-C1078,Auto Client 078,Auto Components,60,139092.86,2025-03-11,2025-05-10,closed,2025-05-15,65,5,False,False,average_payer
INV9002101,B009,B009-C1078,Auto Client 078,Auto Components,60,162398.55,2025-04-28,2025-06-27,closed,2025-06-19,52,-8,False,True,average_payer
INV9002102,B009,B009-C1078,Auto Client 078,Auto Components,60,66504.24,2025-06-05,2025-08-04,closed,2025-08-17,73,13,False,False,average_payer
INV9002103,B009,B009-C1078,Auto Client 078,Auto Components,60,93686.86,2025-08-09,2025-10-08,closed,2025-10-19,71,11,False,False,average_payer
INV9002104,B009,B009-C1078,Auto Client 078,Auto Components,60,84099.78,2025-10-04,2025-12-03,closed,2025-12-03,60,0,False,False,average_payer
INV9002105,B009,B009-C1078,Auto Client 078,Auto Components,60,66401.92,2025-11-09,2026-01-08,closed,2026-01-18,70,10,False,False,average_payer
INV9002106,B009,B009-C1078,Auto Client 078,Auto Components,60,92894.96,2025-11-17,2026-01-16,closed,2026-01-24,68,8,False,False,average_payer
INV9002107,B009,B009-C1078,Auto Client 078,Auto Components,60,58112.81,2025-11-30,2026-01-29,closed,2026-01-26,57,-3,False,False,average_payer
INV9002108,B009,B009-C1078,Auto Client 078,Auto Components,60,65298.4,2026-01-02,2026-03-03,closed,2026-03-16,73,13,False,False,average_payer
INV9002109,B009,B009-C1078,Auto Client 078,Auto Components,60,58327.48,2026-01-05,2026-03-06,closed,2026-03-14,68,8,False,False,average_payer
INV9002110,B009,B009-C1078,Auto Client 078,Auto Components,60,55682.99,2026-01-07,2026-03-08,closed,2026-03-17,69,9,False,False,average_payer
INV9002111,B009,B009-C1078,Auto Client 078,Auto Components,60,66730.34,2026-01-14,2026-03-15,closed,2026-03-12,57,-3,False,False,average_payer
INV9002112,B009,B009-C1078,Auto Client 078,Auto Components,60,79765.04,2026-01-24,2026-03-25,closed,2026-04-05,71,11,False,False,average_payer
INV9002113,B009,B009-C1078,Auto Client 078,Auto Components,60,137034.66,2026-01-30,2026-03-31,closed,2026-04-14,74,14,False,False,average_payer
INV9002114,B009,B009-C1078,Auto Client 078,Auto Components,60,67814.22,2026-05-09,2026-07-08,closed,2026-07-16,68,8,False,False,average_payer
INV9002115,B009,B009-C1078,Auto Client 078,Auto Components,60,48938.6,2026-05-31,2026-07-30,closed,2026-08-01,62,2,False,False,average_payer
INV9002116,B009,B009-C1078,Auto Client 078,Auto Components,60,367233.64,2026-07-29,2026-09-27,open,,,,False,True,average_payer
INV9002117,B009,B009-C1078,Auto Client 078,Auto Components,60,52588.76,2026-08-16,2026-10-15,open,,,,False,False,average_payer
INV9002118,B009,B009-C1078,Auto Client 078,Auto Components,60,40394.95,2026-08-20,2026-10-19,open,,,,False,False,average_payer
INV9002119,B009,B009-C1078,Auto Client 078,Auto Components,60,86106.75,2026-08-30,2026-10-29,disputed_open,,,,False,False,average_payer
INV9002120,B009,B009-C1079,Retail Client 079,Retail & Distribution,90,223349.15,2024-06-22,2024-09-20,closed,2024-09-28,98,8,False,False,seasonal_payer
INV9002121,B009,B009-C1079,Retail Client 079,Retail & Distribution,90,191241.3,2024-07-24,2024-10-22,closed,2024-10-22,90,0,True,False,seasonal_payer
INV9002122,B009,B009-C1079,Retail Client 079,Retail & Distribution,90,234092.86,2025-05-15,2025-08-13,closed,2025-08-29,106,16,False,False,seasonal_payer
INV9002123,B009,B009-C1079,Retail Client 079,Retail & Distribution,90,354997.3,2025-06-01,2025-08-30,closed,2025-09-11,102,12,False,False,seasonal_payer
INV9002124,B009,B009-C1079,Retail Client 079,Retail & Distribution,90,270793.85,2025-11-11,2026-02-09,closed,2026-02-26,107,17,False,False,seasonal_payer
INV9002125,B009,B009-C1079,Retail Client 079,Retail & Distribution,90,290508.31,2025-12-27,2026-03-27,closed,2026-03-30,93,3,False,False,seasonal_payer
INV9002126,B009,B009-C1079,Retail Client 079,Retail & Distribution,90,204775.27,2026-05-03,2026-08-01,closed,2026-08-17,106,16,False,False,seasonal_payer
INV9002127,B009,B009-C1079,Retail Client 079,Retail & Distribution,90,293661.71,2026-06-10,2026-09-08,disputed_open,,,,False,False,seasonal_payer
INV9002128,B009,B009-C1080,Chemicals Client 080,Chemicals & Plastics,30,73233.53,2024-04-01,2024-05-01,closed,2024-05-11,40,10,False,False,seasonal_payer
INV9002129,B009,B009-C1080,Chemicals Client 080,Chemicals & Plastics,30,59266.7,2024-05-01,2024-05-31,closed,2024-06-02,32,2,False,False,seasonal_payer
INV9002130,B009,B009-C1080,Chemicals Client 080,Chemicals & Plastics,30,90777.43,2024-06-22,2024-07-22,closed,2024-07-29,37,7,False,False,seasonal_payer
INV9002131,B009,B009-C1080,Chemicals Client 080,Chemicals & Plastics,30,101115.4,2024-07-08,2024-08-07,closed,2024-08-21,44,14,False,False,seasonal_payer
INV9002132,B009,B009-C1080,Chemicals Client 080,Chemicals & Plastics,30,74107.52,2024-10-07,2024-11-06,closed,2024-11-28,52,22,True,False,seasonal_payer
INV9002133,B009,B009-C1080,Chemicals Client 080,Chemicals & Plastics,30,63981.62,2025-02-17,2025-03-19,closed,2025-03-22,33,3,False,False,seasonal_payer
INV9002134,B009,B009-C1080,Chemicals Client 080,Chemicals & Plastics,30,64804.74,2025-04-22,2025-05-22,closed,2025-05-24,32,2,False,False,seasonal_payer
INV9002135,B009,B009-C1080,Chemicals Client 080,Chemicals & Plastics,30,117562.24,2025-04-22,2025-05-22,closed,2025-05-18,26,-4,False,False,seasonal_payer
INV9002136,B009,B009-C1080,Chemicals Client 080,Chemicals & Plastics,30,58151.72,2025-05-12,2025-06-11,closed,2025-06-13,32,2,False,False,seasonal_payer
INV9002137,B009,B009-C1080,Chemicals Client 080,Chemicals & Plastics,30,108131.3,2025-06-14,2025-07-14,closed,2025-07-11,27,-3,False,False,seasonal_payer
INV9002138,B009,B009-C1080,Chemicals Client 080,Chemicals & Plastics,30,67602.23,2025-09-04,2025-10-04,closed,2025-10-13,39,9,False,False,seasonal_payer
INV9002139,B009,B009-C1080,Chemicals Client 080,Chemicals & Plastics,30,75508.74,2025-09-17,2025-10-17,closed,2025-10-29,42,12,False,False,seasonal_payer
INV9002140,B009,B009-C1080,Chemicals Client 080,Chemicals & Plastics,30,78083.7,2025-09-21,2025-10-21,closed,2025-11-05,45,15,False,False,seasonal_payer
INV9002141,B009,B009-C1080,Chemicals Client 080,Chemicals & Plastics,30,110365.59,2025-10-06,2025-11-05,closed,2025-11-21,46,16,False,False,seasonal_payer
INV9002142,B009,B009-C1080,Chemicals Client 080,Chemicals & Plastics,30,47380.38,2025-11-11,2025-12-11,closed,2025-12-27,46,16,False,False,seasonal_payer
INV9002143,B009,B009-C1080,Chemicals Client 080,Chemicals & Plastics,30,88314.25,2025-12-23,2026-01-22,closed,2026-02-18,57,27,False,False,seasonal_payer
INV9002144,B009,B009-C1080,Chemicals Client 080,Chemicals & Plastics,30,55891.63,2025-12-23,2026-01-22,closed,2026-02-09,48,18,False,False,seasonal_payer
INV9002145,B009,B009-C1080,Chemicals Client 080,Chemicals & Plastics,30,97296.76,2026-01-22,2026-02-21,closed,2026-03-14,51,21,False,False,seasonal_payer
INV9002146,B009,B009-C1080,Chemicals Client 080,Chemicals & Plastics,30,92379.8,2026-03-13,2026-04-12,closed,2026-04-27,45,15,False,False,seasonal_payer
INV9002147,B009,B009-C1080,Chemicals Client 080,Chemicals & Plastics,30,81855.81,2026-03-13,2026-04-12,closed,2026-04-23,41,11,False,False,seasonal_payer
INV9002148,B009,B009-C1080,Chemicals Client 080,Chemicals & Plastics,30,97652.51,2026-06-22,2026-07-22,closed,2026-07-19,27,-3,False,False,seasonal_payer
INV9002149,B009,B009-C1080,Chemicals Client 080,Chemicals & Plastics,30,121451.98,2026-07-08,2026-08-07,closed,2026-08-16,39,9,False,False,seasonal_payer
INV9002150,B009,B009-C1081,Retail Client 081,Retail & Distribution,45,30472.0,2024-07-18,2024-09-01,closed,2024-09-10,54,9,False,False,erratic_payer
INV9002151,B009,B009-C1081,Retail Client 081,Retail & Distribution,45,104040.99,2024-09-04,2024-10-19,closed,2024-10-18,44,-1,False,True,erratic_payer
INV9002152,B009,B009-C1081,Retail Client 081,Retail & Distribution,45,26869.65,2024-11-02,2024-12-17,closed,2024-12-07,35,-10,False,False,erratic_payer
INV9002153,B009,B009-C1081,Retail Client 081,Retail & Distribution,45,26015.03,2024-11-07,2024-12-22,closed,2024-12-24,47,2,False,False,erratic_payer
INV9002154,B009,B009-C1081,Retail Client 081,Retail & Distribution,45,32921.36,2024-12-18,2025-02-01,closed,2025-02-06,50,5,False,False,erratic_payer
INV9002155,B009,B009-C1081,Retail Client 081,Retail & Distribution,45,27565.68,2025-02-05,2025-03-22,closed,2025-04-01,55,10,False,False,erratic_payer
INV9002156,B009,B009-C1081,Retail Client 081,Retail & Distribution,45,25214.27,2025-02-15,2025-04-01,closed,2025-03-17,30,-15,False,False,erratic_payer
INV9002157,B009,B009-C1081,Retail Client 081,Retail & Distribution,45,38012.1,2025-02-26,2025-04-12,closed,2025-04-20,53,8,False,False,erratic_payer
INV9002158,B009,B009-C1081,Retail Client 081,Retail & Distribution,45,20523.51,2025-03-29,2025-05-13,closed,2025-05-22,54,9,False,False,erratic_payer
INV9002159,B009,B009-C1081,Retail Client 081,Retail & Distribution,45,24307.26,2025-06-15,2025-07-30,closed,2025-07-21,36,-9,False,False,erratic_payer
INV9002160,B009,B009-C1081,Retail Client 081,Retail & Distribution,45,36271.61,2025-07-17,2025-08-31,closed,2025-09-10,55,10,False,False,erratic_payer
INV9002161,B009,B009-C1082,Pharma Client 082,Pharma & Healthcare,45,1076456.97,2024-03-18,2024-05-02,closed,2024-04-30,43,-2,False,True,prompt_payer
INV9002162,B009,B009-C1082,Pharma Client 082,Pharma & Healthcare,45,1732627.15,2024-03-29,2024-05-13,closed,2024-05-11,43,-2,False,True,prompt_payer
INV9002163,B009,B009-C1082,Pharma Client 082,Pharma & Healthcare,45,388590.2,2024-04-06,2024-05-21,closed,2024-05-20,44,-1,False,False,prompt_payer
INV9002164,B009,B009-C1082,Pharma Client 082,Pharma & Healthcare,45,235160.91,2024-07-14,2024-08-28,closed,2024-08-27,44,-1,True,False,prompt_payer
INV9002165,B009,B009-C1082,Pharma Client 082,Pharma & Healthcare,45,161630.5,2024-08-29,2024-10-13,closed,2024-10-15,47,2,False,False,prompt_payer
INV9002166,B009,B009-C1082,Pharma Client 082,Pharma & Healthcare,45,281272.48,2024-09-02,2024-10-17,closed,2024-10-19,47,2,False,False,prompt_payer
INV9002167,B009,B009-C1082,Pharma Client 082,Pharma & Healthcare,45,273424.32,2024-09-13,2024-10-28,closed,2024-10-24,41,-4,False,False,prompt_payer
INV9002168,B009,B009-C1082,Pharma Client 082,Pharma & Healthcare,45,220328.8,2024-09-27,2024-11-11,closed,2024-11-11,45,0,False,False,prompt_payer
INV9002169,B009,B009-C1082,Pharma Client 082,Pharma & Healthcare,45,1083818.49,2024-10-17,2024-12-01,closed,2024-11-29,43,-2,False,True,prompt_payer
INV9002170,B009,B009-C1082,Pharma Client 082,Pharma & Healthcare,45,171512.49,2024-11-04,2024-12-19,closed,2024-12-20,46,1,False,False,prompt_payer
INV9002171,B009,B009-C1082,Pharma Client 082,Pharma & Healthcare,45,305413.32,2024-11-05,2024-12-20,closed,2024-12-17,42,-3,False,False,prompt_payer
INV9002172,B009,B009-C1082,Pharma Client 082,Pharma & Healthcare,45,259758.38,2024-11-27,2025-01-11,closed,2025-01-10,44,-1,False,False,prompt_payer
INV9002173,B009,B009-C1082,Pharma Client 082,Pharma & Healthcare,45,202218.48,2024-12-17,2025-01-31,closed,2025-02-05,50,5,False,False,prompt_payer
INV9002174,B009,B009-C1082,Pharma Client 082,Pharma & Healthcare,45,161963.73,2025-01-18,2025-03-04,open,,,,False,False,prompt_payer
INV9002175,B009,B009-C1082,Pharma Client 082,Pharma & Healthcare,45,145384.1,2025-03-05,2025-04-19,closed,2025-04-22,48,3,False,False,prompt_payer
INV9002176,B009,B009-C1082,Pharma Client 082,Pharma & Healthcare,45,272694.87,2025-03-08,2025-04-22,closed,2025-04-23,46,1,False,False,prompt_payer
INV9002177,B009,B009-C1082,Pharma Client 082,Pharma & Healthcare,45,157872.26,2025-04-06,2025-05-21,closed,2025-05-21,45,0,False,False,prompt_payer
INV9002178,B009,B009-C1082,Pharma Client 082,Pharma & Healthcare,45,280221.27,2025-04-13,2025-05-28,closed,2025-05-21,38,-7,False,False,prompt_payer
INV9002179,B009,B009-C1082,Pharma Client 082,Pharma & Healthcare,45,260976.51,2025-05-15,2025-06-29,closed,2025-06-25,41,-4,False,False,prompt_payer
INV9002180,B009,B009-C1082,Pharma Client 082,Pharma & Healthcare,45,175932.45,2025-05-29,2025-07-13,closed,2025-07-09,41,-4,False,False,prompt_payer
INV9002181,B009,B009-C1082,Pharma Client 082,Pharma & Healthcare,45,289205.99,2025-06-12,2025-07-27,closed,2025-08-03,52,7,False,False,prompt_payer
INV9002182,B009,B009-C1082,Pharma Client 082,Pharma & Healthcare,45,230108.52,2025-07-05,2025-08-19,closed,2025-08-22,48,3,False,False,prompt_payer
INV9002183,B009,B009-C1082,Pharma Client 082,Pharma & Healthcare,45,347015.15,2025-07-08,2025-08-22,closed,2025-08-21,44,-1,False,False,prompt_payer
INV9002184,B009,B009-C1082,Pharma Client 082,Pharma & Healthcare,45,1414235.42,2025-09-06,2025-10-21,closed,2025-10-19,43,-2,False,True,prompt_payer
INV9002185,B009,B009-C1082,Pharma Client 082,Pharma & Healthcare,45,241371.27,2025-10-07,2025-11-21,closed,2025-11-30,54,9,False,False,prompt_payer
INV9002186,B009,B009-C1082,Pharma Client 082,Pharma & Healthcare,45,167288.11,2026-01-05,2026-02-19,closed,2026-02-14,40,-5,False,False,prompt_payer
INV9002187,B009,B009-C1082,Pharma Client 082,Pharma & Healthcare,45,162439.18,2026-01-07,2026-02-21,closed,2026-02-18,42,-3,False,False,prompt_payer
INV9002188,B009,B009-C1082,Pharma Client 082,Pharma & Healthcare,45,192660.28,2026-02-05,2026-03-22,closed,2026-03-26,49,4,False,False,prompt_payer
INV9002189,B009,B009-C1082,Pharma Client 082,Pharma & Healthcare,45,159962.51,2026-03-15,2026-04-29,closed,2026-05-03,49,4,False,False,prompt_payer
INV9002190,B009,B009-C1082,Pharma Client 082,Pharma & Healthcare,45,721587.22,2026-03-20,2026-05-04,closed,2026-04-29,40,-5,False,True,prompt_payer
INV9002191,B009,B009-C1082,Pharma Client 082,Pharma & Healthcare,45,268080.48,2026-04-09,2026-05-24,closed,2026-05-30,51,6,False,False,prompt_payer
INV9002192,B009,B009-C1082,Pharma Client 082,Pharma & Healthcare,45,298240.84,2026-04-26,2026-06-10,closed,2026-06-12,47,2,False,False,prompt_payer
INV9002193,B009,B009-C1082,Pharma Client 082,Pharma & Healthcare,45,212554.19,2026-07-31,2026-09-14,disputed_open,,,,False,False,prompt_payer
INV9002194,B009,B009-C1082,Pharma Client 082,Pharma & Healthcare,45,209807.07,2026-08-15,2026-09-29,open,,,,False,False,prompt_payer
INV9002195,B009,B009-C1083,Auto Client 083,Auto Components,30,3767884.26,2024-03-16,2024-04-15,closed,2024-04-23,38,8,False,True,deteriorating_payer
INV9002196,B009,B009-C1083,Auto Client 083,Auto Components,30,1357135.74,2024-03-22,2024-04-21,closed,2024-05-07,46,16,False,False,deteriorating_payer
INV9002197,B009,B009-C1083,Auto Client 083,Auto Components,30,437473.21,2024-04-06,2024-05-06,closed,2024-05-22,46,16,False,False,deteriorating_payer
INV9002198,B009,B009-C1083,Auto Client 083,Auto Components,30,685874.14,2024-06-22,2024-07-22,closed,2024-08-16,55,25,False,False,deteriorating_payer
INV9002199,B009,B009-C1083,Auto Client 083,Auto Components,30,970139.87,2024-07-02,2024-08-01,closed,2024-07-30,28,-2,False,False,deteriorating_payer
INV9002200,B009,B009-C1083,Auto Client 083,Auto Components,30,653005.46,2024-09-01,2024-10-01,closed,2024-10-11,40,10,False,False,deteriorating_payer
INV9002201,B009,B009-C1083,Auto Client 083,Auto Components,30,567839.14,2024-10-09,2024-11-08,closed,2024-11-28,50,20,False,False,deteriorating_payer
INV9002202,B009,B009-C1083,Auto Client 083,Auto Components,30,730671.23,2024-10-14,2024-11-13,closed,2024-12-20,67,37,False,False,deteriorating_payer
INV9002203,B009,B009-C1083,Auto Client 083,Auto Components,30,462245.03,2024-10-29,2024-11-28,closed,2024-12-17,49,19,False,False,deteriorating_payer
INV9002204,B009,B009-C1083,Auto Client 083,Auto Components,30,398114.89,2024-11-23,2024-12-23,closed,2024-12-21,28,-2,False,False,deteriorating_payer
INV9002205,B009,B009-C1083,Auto Client 083,Auto Components,30,839175.57,2024-12-09,2025-01-08,closed,2025-01-12,34,4,False,False,deteriorating_payer
INV9002206,B009,B009-C1083,Auto Client 083,Auto Components,30,828204.76,2025-01-03,2025-02-02,closed,2025-02-24,52,22,False,False,deteriorating_payer
INV9002207,B009,B009-C1083,Auto Client 083,Auto Components,30,611569.79,2025-01-23,2025-02-22,closed,2025-02-20,28,-2,False,False,deteriorating_payer
INV9002208,B009,B009-C1083,Auto Client 083,Auto Components,30,1022144.06,2025-02-03,2025-03-05,closed,2025-04-18,74,44,False,False,deteriorating_payer
INV9002209,B009,B009-C1083,Auto Client 083,Auto Components,30,536394.86,2025-02-05,2025-03-07,closed,2025-04-13,67,37,False,False,deteriorating_payer
INV9002210,B009,B009-C1083,Auto Client 083,Auto Components,30,563811.57,2025-02-19,2025-03-21,closed,2025-03-29,38,8,True,False,deteriorating_payer
INV9002211,B009,B009-C1083,Auto Client 083,Auto Components,30,373499.52,2025-03-28,2025-04-27,closed,2025-05-05,38,8,False,False,deteriorating_payer
INV9002212,B009,B009-C1083,Auto Client 083,Auto Components,30,818040.89,2025-04-05,2025-05-05,closed,2025-05-17,42,12,False,False,deteriorating_payer
INV9002213,B009,B009-C1083,Auto Client 083,Auto Components,30,631487.82,2025-05-07,2025-06-06,closed,2025-08-11,96,66,False,False,deteriorating_payer
INV9002214,B009,B009-C1083,Auto Client 083,Auto Components,30,748215.0,2025-05-28,2025-06-27,closed,2025-07-28,61,31,False,False,deteriorating_payer
INV9002215,B009,B009-C1083,Auto Client 083,Auto Components,30,837015.1,2025-06-03,2025-07-03,closed,2025-08-03,61,31,False,False,deteriorating_payer
INV9002216,B009,B009-C1083,Auto Client 083,Auto Components,30,538201.44,2025-06-28,2025-07-28,closed,2025-08-24,57,27,False,False,deteriorating_payer
INV9002217,B009,B009-C1083,Auto Client 083,Auto Components,30,758838.27,2025-07-07,2025-08-06,closed,2025-09-01,56,26,False,False,deteriorating_payer
INV9002218,B009,B009-C1083,Auto Client 083,Auto Components,30,1006102.31,2025-07-30,2025-08-29,closed,2025-10-04,66,36,False,False,deteriorating_payer
INV9002219,B009,B009-C1083,Auto Client 083,Auto Components,30,753269.88,2025-09-01,2025-10-01,closed,2025-11-02,62,32,False,False,deteriorating_payer
INV9002220,B009,B009-C1083,Auto Client 083,Auto Components,30,525500.72,2025-10-01,2025-10-31,closed,2025-12-14,74,44,False,False,deteriorating_payer
INV9002221,B009,B009-C1083,Auto Client 083,Auto Components,30,633757.81,2025-11-05,2025-12-05,closed,2026-01-04,60,30,False,False,deteriorating_payer
INV9002222,B009,B009-C1083,Auto Client 083,Auto Components,30,559330.44,2026-01-12,2026-02-11,closed,2026-03-02,49,19,False,False,deteriorating_payer
INV9002223,B009,B009-C1083,Auto Client 083,Auto Components,30,863471.39,2026-02-02,2026-03-04,closed,2026-03-27,53,23,False,False,deteriorating_payer
INV9002224,B009,B009-C1083,Auto Client 083,Auto Components,30,853324.87,2026-03-19,2026-04-18,closed,2026-05-09,51,21,False,False,deteriorating_payer
INV9002225,B009,B009-C1083,Auto Client 083,Auto Components,30,4235351.27,2026-05-03,2026-06-02,open,,,,False,True,deteriorating_payer
INV9002226,B009,B009-C1083,Auto Client 083,Auto Components,30,383148.39,2026-05-16,2026-06-15,closed,2026-07-06,51,21,False,False,deteriorating_payer
INV9002227,B009,B009-C1083,Auto Client 083,Auto Components,30,374576.56,2026-07-18,2026-08-17,disputed_open,,,,False,False,deteriorating_payer
INV9002228,B009,B009-C1083,Auto Client 083,Auto Components,30,553093.78,2026-08-28,2026-09-27,open,,,,False,False,deteriorating_payer
INV9002229,B009,B009-C1083,Auto Client 083,Auto Components,30,818279.72,2026-09-01,2026-10-01,open,,,,False,False,deteriorating_payer
INV9002230,B009,B009-C1084,Textiles Client 084,Textiles & Apparel,30,91085.86,2024-04-21,2024-05-21,closed,2024-05-20,29,-1,False,False,prompt_payer
INV9002231,B009,B009-C1084,Textiles Client 084,Textiles & Apparel,30,106216.75,2024-05-18,2024-06-17,closed,2024-06-20,33,3,False,False,prompt_payer
INV9002232,B009,B009-C1084,Textiles Client 084,Textiles & Apparel,30,610496.56,2024-06-01,2024-07-01,closed,2024-07-04,33,3,False,True,prompt_payer
INV9002233,B009,B009-C1084,Textiles Client 084,Textiles & Apparel,30,95586.22,2024-06-14,2024-07-14,closed,2024-07-21,37,7,False,False,prompt_payer
INV9002234,B009,B009-C1084,Textiles Client 084,Textiles & Apparel,30,78918.32,2024-08-08,2024-09-07,closed,2024-09-08,31,1,False,False,prompt_payer
INV9002235,B009,B009-C1084,Textiles Client 084,Textiles & Apparel,30,100579.49,2024-08-21,2024-09-20,closed,2024-09-15,25,-5,False,False,prompt_payer
INV9002236,B009,B009-C1084,Textiles Client 084,Textiles & Apparel,30,103358.37,2024-08-27,2024-09-26,closed,2024-09-23,27,-3,False,False,prompt_payer
INV9002237,B009,B009-C1084,Textiles Client 084,Textiles & Apparel,30,67222.81,2024-09-05,2024-10-05,closed,2024-10-03,28,-2,False,False,prompt_payer
INV9002238,B009,B009-C1084,Textiles Client 084,Textiles & Apparel,30,52889.06,2024-09-10,2024-10-10,closed,2024-10-06,26,-4,False,False,prompt_payer
INV9002239,B009,B009-C1084,Textiles Client 084,Textiles & Apparel,30,171275.3,2024-09-27,2024-10-27,closed,2024-10-29,32,2,False,False,prompt_payer
INV9002240,B009,B009-C1084,Textiles Client 084,Textiles & Apparel,30,123601.73,2024-10-09,2024-11-08,closed,2024-11-03,25,-5,False,False,prompt_payer
INV9002241,B009,B009-C1084,Textiles Client 084,Textiles & Apparel,30,109761.31,2024-10-13,2024-11-12,closed,2024-11-14,32,2,False,False,prompt_payer
INV9002242,B009,B009-C1084,Textiles Client 084,Textiles & Apparel,30,86595.53,2024-10-30,2024-11-29,closed,2024-11-28,29,-1,False,False,prompt_payer
INV9002243,B009,B009-C1084,Textiles Client 084,Textiles & Apparel,30,97911.21,2024-11-10,2024-12-10,closed,2024-12-10,30,0,False,False,prompt_payer
INV9002244,B009,B009-C1084,Textiles Client 084,Textiles & Apparel,30,105139.79,2024-12-05,2025-01-04,closed,2024-12-30,25,-5,False,False,prompt_payer
INV9002245,B009,B009-C1084,Textiles Client 084,Textiles & Apparel,30,112849.84,2024-12-23,2025-01-22,closed,2025-01-28,36,6,False,False,prompt_payer
INV9002246,B009,B009-C1084,Textiles Client 084,Textiles & Apparel,30,120795.47,2024-12-23,2025-01-22,closed,2025-01-22,30,0,False,False,prompt_payer
INV9002247,B009,B009-C1084,Textiles Client 084,Textiles & Apparel,30,97632.22,2025-01-15,2025-02-14,closed,2025-02-24,40,10,False,False,prompt_payer
INV9002248,B009,B009-C1084,Textiles Client 084,Textiles & Apparel,30,141026.38,2025-01-30,2025-03-01,closed,2025-02-28,29,-1,False,False,prompt_payer
INV9002249,B009,B009-C1084,Textiles Client 084,Textiles & Apparel,30,104701.78,2025-02-27,2025-03-29,closed,2025-03-30,31,1,False,False,prompt_payer
INV9002250,B009,B009-C1084,Textiles Client 084,Textiles & Apparel,30,115681.2,2025-04-15,2025-05-15,closed,2025-05-12,27,-3,False,False,prompt_payer
INV9002251,B009,B009-C1084,Textiles Client 084,Textiles & Apparel,30,64510.05,2025-05-09,2025-06-08,closed,2025-06-07,29,-1,False,False,prompt_payer
INV9002252,B009,B009-C1084,Textiles Client 084,Textiles & Apparel,30,150726.07,2025-06-13,2025-07-13,closed,2025-07-13,30,0,False,False,prompt_payer
INV9002253,B009,B009-C1084,Textiles Client 084,Textiles & Apparel,30,81058.11,2025-06-15,2025-07-15,closed,2025-07-10,25,-5,False,False,prompt_payer
INV9002254,B009,B009-C1084,Textiles Client 084,Textiles & Apparel,30,67501.11,2025-07-05,2025-08-04,closed,2025-08-05,31,1,False,False,prompt_payer
INV9002255,B009,B009-C1084,Textiles Client 084,Textiles & Apparel,30,94558.17,2025-07-19,2025-08-18,closed,2025-08-23,35,5,False,False,prompt_payer
INV9002256,B009,B009-C1084,Textiles Client 084,Textiles & Apparel,30,123710.82,2025-08-29,2025-09-28,closed,2025-10-01,33,3,False,False,prompt_payer
INV9002257,B009,B009-C1084,Textiles Client 084,Textiles & Apparel,30,151192.4,2025-09-20,2025-10-20,closed,2025-10-24,34,4,False,False,prompt_payer
INV9002258,B009,B009-C1084,Textiles Client 084,Textiles & Apparel,30,121573.41,2025-11-05,2025-12-05,closed,2025-12-01,26,-4,False,False,prompt_payer
INV9002259,B009,B009-C1084,Textiles Client 084,Textiles & Apparel,30,115702.72,2025-11-14,2025-12-14,closed,2025-12-14,30,0,False,False,prompt_payer
INV9002260,B009,B009-C1084,Textiles Client 084,Textiles & Apparel,30,65966.42,2025-11-27,2025-12-27,closed,2025-12-26,29,-1,False,False,prompt_payer
INV9002261,B009,B009-C1084,Textiles Client 084,Textiles & Apparel,30,154540.89,2025-12-27,2026-01-26,closed,2026-01-25,29,-1,False,False,prompt_payer
INV9002262,B009,B009-C1084,Textiles Client 084,Textiles & Apparel,30,137310.19,2025-12-28,2026-01-27,closed,2026-01-27,30,0,False,False,prompt_payer
INV9002263,B009,B009-C1084,Textiles Client 084,Textiles & Apparel,30,108643.55,2026-03-18,2026-04-17,closed,2026-04-21,34,4,False,False,prompt_payer
INV9002264,B009,B009-C1084,Textiles Client 084,Textiles & Apparel,30,124439.73,2026-04-16,2026-05-16,closed,2026-05-18,32,2,False,False,prompt_payer
INV9002265,B009,B009-C1084,Textiles Client 084,Textiles & Apparel,30,95292.7,2026-05-28,2026-06-27,closed,2026-06-28,31,1,False,False,prompt_payer
INV9002266,B009,B009-C1084,Textiles Client 084,Textiles & Apparel,30,92119.26,2026-05-30,2026-06-29,closed,2026-06-30,31,1,False,False,prompt_payer
INV9002267,B009,B009-C1084,Textiles Client 084,Textiles & Apparel,30,126469.93,2026-06-07,2026-07-07,closed,2026-07-11,34,4,False,False,prompt_payer
INV9002268,B009,B009-C1084,Textiles Client 084,Textiles & Apparel,30,74885.02,2026-06-10,2026-07-10,closed,2026-07-09,29,-1,False,False,prompt_payer
INV9002269,B009,B009-C1084,Textiles Client 084,Textiles & Apparel,30,180171.69,2026-06-23,2026-07-23,closed,2026-07-26,33,3,False,False,prompt_payer
INV9002270,B009,B009-C1084,Textiles Client 084,Textiles & Apparel,30,54753.13,2026-06-26,2026-07-26,closed,2026-07-28,32,2,False,False,prompt_payer
INV9002271,B009,B009-C1084,Textiles Client 084,Textiles & Apparel,30,57259.73,2026-08-01,2026-08-31,closed,2026-08-31,30,0,False,False,prompt_payer
INV9002272,B009,B009-C1084,Textiles Client 084,Textiles & Apparel,30,89297.7,2026-08-17,2026-09-16,disputed_open,,,,False,False,prompt_payer
INV9002273,B009,B009-C1085,Pharma Client 085,Pharma & Healthcare,30,184016.4,2024-03-16,2024-04-15,closed,2024-04-12,27,-3,True,False,prompt_payer
INV9002274,B009,B009-C1085,Pharma Client 085,Pharma & Healthcare,30,168615.17,2024-03-19,2024-04-18,closed,2024-04-17,29,-1,False,False,prompt_payer
INV9002275,B009,B009-C1085,Pharma Client 085,Pharma & Healthcare,30,126938.6,2024-04-15,2024-05-15,closed,2024-05-11,26,-4,False,False,prompt_payer
INV9002276,B009,B009-C1085,Pharma Client 085,Pharma & Healthcare,30,92044.28,2024-04-26,2024-05-26,closed,2024-05-30,34,4,False,False,prompt_payer
INV9002277,B009,B009-C1085,Pharma Client 085,Pharma & Healthcare,30,135216.95,2024-05-10,2024-06-09,closed,2024-06-12,33,3,False,False,prompt_payer
INV9002278,B009,B009-C1085,Pharma Client 085,Pharma & Healthcare,30,153980.22,2024-07-16,2024-08-15,closed,2024-08-18,33,3,False,False,prompt_payer
INV9002279,B009,B009-C1085,Pharma Client 085,Pharma & Healthcare,30,100400.96,2024-07-23,2024-08-22,closed,2024-08-25,33,3,False,False,prompt_payer
INV9002280,B009,B009-C1085,Pharma Client 085,Pharma & Healthcare,30,193793.43,2024-07-27,2024-08-26,closed,2024-08-21,25,-5,False,False,prompt_payer
INV9002281,B009,B009-C1085,Pharma Client 085,Pharma & Healthcare,30,185917.13,2024-08-05,2024-09-04,closed,2024-08-31,26,-4,False,False,prompt_payer
INV9002282,B009,B009-C1085,Pharma Client 085,Pharma & Healthcare,30,99397.03,2024-09-10,2024-10-10,closed,2024-10-15,35,5,False,False,prompt_payer
INV9002283,B009,B009-C1085,Pharma Client 085,Pharma & Healthcare,30,154542.78,2024-11-08,2024-12-08,closed,2024-12-06,28,-2,False,False,prompt_payer
INV9002284,B009,B009-C1085,Pharma Client 085,Pharma & Healthcare,30,118860.17,2024-11-13,2024-12-13,closed,2024-12-12,29,-1,False,False,prompt_payer
INV9002285,B009,B009-C1085,Pharma Client 085,Pharma & Healthcare,30,229688.78,2024-11-15,2024-12-15,closed,2024-12-16,31,1,False,False,prompt_payer
INV9002286,B009,B009-C1085,Pharma Client 085,Pharma & Healthcare,30,137756.27,2024-12-09,2025-01-08,closed,2025-01-05,27,-3,False,False,prompt_payer
INV9002287,B009,B009-C1085,Pharma Client 085,Pharma & Healthcare,30,437307.3,2025-01-16,2025-02-15,closed,2025-02-17,32,2,False,True,prompt_payer
INV9002288,B009,B009-C1085,Pharma Client 085,Pharma & Healthcare,30,156662.91,2025-01-16,2025-02-15,closed,2025-02-13,28,-2,False,False,prompt_payer
INV9002289,B009,B009-C1085,Pharma Client 085,Pharma & Healthcare,30,173370.29,2025-01-22,2025-02-21,closed,2025-02-19,28,-2,False,False,prompt_payer
INV9002290,B009,B009-C1085,Pharma Client 085,Pharma & Healthcare,30,107388.77,2025-02-07,2025-03-09,closed,2025-03-04,25,-5,False,False,prompt_payer
INV9002291,B009,B009-C1085,Pharma Client 085,Pharma & Healthcare,30,89825.91,2025-02-10,2025-03-12,closed,2025-03-06,24,-6,False,False,prompt_payer
INV9002292,B009,B009-C1085,Pharma Client 085,Pharma & Healthcare,30,139327.73,2025-02-25,2025-03-27,closed,2025-03-29,32,2,False,False,prompt_payer
INV9002293,B009,B009-C1085,Pharma Client 085,Pharma & Healthcare,30,131475.13,2025-03-01,2025-03-31,closed,2025-03-29,28,-2,False,False,prompt_payer
INV9002294,B009,B009-C1085,Pharma Client 085,Pharma & Healthcare,30,176523.96,2025-03-08,2025-04-07,closed,2025-04-09,32,2,False,False,prompt_payer
INV9002295,B009,B009-C1085,Pharma Client 085,Pharma & Healthcare,30,173058.7,2025-04-02,2025-05-02,closed,2025-05-06,34,4,False,False,prompt_payer
INV9002296,B009,B009-C1085,Pharma Client 085,Pharma & Healthcare,30,121458.8,2025-04-25,2025-05-25,closed,2025-05-28,33,3,False,False,prompt_payer
INV9002297,B009,B009-C1085,Pharma Client 085,Pharma & Healthcare,30,134110.49,2025-06-07,2025-07-07,closed,2025-07-05,28,-2,False,False,prompt_payer
INV9002298,B009,B009-C1085,Pharma Client 085,Pharma & Healthcare,30,110400.44,2025-06-15,2025-07-15,closed,2025-07-17,32,2,False,False,prompt_payer
INV9002299,B009,B009-C1085,Pharma Client 085,Pharma & Healthcare,30,99359.8,2025-07-29,2025-08-28,closed,2025-08-25,27,-3,False,False,prompt_payer
INV9002300,B009,B009-C1085,Pharma Client 085,Pharma & Healthcare,30,124266.78,2025-08-30,2025-09-29,closed,2025-09-28,29,-1,False,False,prompt_payer
INV9002301,B009,B009-C1085,Pharma Client 085,Pharma & Healthcare,30,140493.46,2025-09-11,2025-10-11,closed,2025-10-18,37,7,False,False,prompt_payer
INV9002302,B009,B009-C1085,Pharma Client 085,Pharma & Healthcare,30,188659.06,2025-09-23,2025-10-23,closed,2025-10-25,32,2,False,False,prompt_payer
INV9002303,B009,B009-C1085,Pharma Client 085,Pharma & Healthcare,30,212561.73,2025-11-06,2025-12-06,closed,2025-12-02,26,-4,True,False,prompt_payer
INV9002304,B009,B009-C1085,Pharma Client 085,Pharma & Healthcare,30,138294.35,2025-11-19,2025-12-19,closed,2025-12-21,32,2,False,False,prompt_payer
INV9002305,B009,B009-C1085,Pharma Client 085,Pharma & Healthcare,30,116273.28,2025-12-09,2026-01-08,closed,2026-01-04,26,-4,False,False,prompt_payer
INV9002306,B009,B009-C1085,Pharma Client 085,Pharma & Healthcare,30,137869.01,2026-01-21,2026-02-20,closed,2026-02-21,31,1,False,False,prompt_payer
INV9002307,B009,B009-C1085,Pharma Client 085,Pharma & Healthcare,30,212257.59,2026-01-30,2026-03-01,closed,2026-02-27,28,-2,False,False,prompt_payer
INV9002308,B009,B009-C1085,Pharma Client 085,Pharma & Healthcare,30,103729.62,2026-02-10,2026-03-12,closed,2026-03-11,29,-1,False,False,prompt_payer
INV9002309,B009,B009-C1085,Pharma Client 085,Pharma & Healthcare,30,123639.2,2026-02-11,2026-03-13,closed,2026-03-07,24,-6,False,False,prompt_payer
INV9002310,B009,B009-C1085,Pharma Client 085,Pharma & Healthcare,30,190663.59,2026-04-03,2026-05-03,closed,2026-05-07,34,4,False,False,prompt_payer
INV9002311,B009,B009-C1085,Pharma Client 085,Pharma & Healthcare,30,96665.61,2026-04-14,2026-05-14,closed,2026-05-23,39,9,False,False,prompt_payer
INV9002312,B009,B009-C1085,Pharma Client 085,Pharma & Healthcare,30,147485.24,2026-04-18,2026-05-18,closed,2026-05-15,27,-3,False,False,prompt_payer
INV9002313,B009,B009-C1085,Pharma Client 085,Pharma & Healthcare,30,132188.95,2026-06-02,2026-07-02,closed,2026-07-04,32,2,False,False,prompt_payer
INV9002314,B009,B009-C1085,Pharma Client 085,Pharma & Healthcare,30,124581.29,2026-06-12,2026-07-12,closed,2026-07-11,29,-1,False,False,prompt_payer
INV9002315,B009,B009-C1085,Pharma Client 085,Pharma & Healthcare,30,95659.16,2026-07-02,2026-08-01,closed,2026-07-26,24,-6,False,False,prompt_payer
INV9002316,B009,B009-C1085,Pharma Client 085,Pharma & Healthcare,30,186916.92,2026-07-18,2026-08-17,closed,2026-08-15,28,-2,False,False,prompt_payer
INV9002317,B009,B009-C1085,Pharma Client 085,Pharma & Healthcare,30,216139.15,2026-07-18,2026-08-17,closed,2026-08-17,30,0,False,True,prompt_payer
INV9002318,B009,B009-C1085,Pharma Client 085,Pharma & Healthcare,30,116740.45,2026-08-14,2026-09-13,disputed_open,,,,False,False,prompt_payer
INV9002319,B009,B009-C1085,Pharma Client 085,Pharma & Healthcare,30,173973.34,2026-08-29,2026-09-28,open,,,,False,False,prompt_payer
INV9002320,B009,B009-C1086,Textiles Client 086,Textiles & Apparel,45,43197.17,2024-05-01,2024-06-15,closed,2024-06-14,44,-1,False,False,average_payer
INV9002321,B009,B009-C1086,Textiles Client 086,Textiles & Apparel,45,37340.19,2024-08-22,2024-10-06,closed,2024-09-30,39,-6,False,False,average_payer
INV9002322,B009,B009-C1086,Textiles Client 086,Textiles & Apparel,45,29549.39,2024-12-17,2025-01-31,closed,2025-02-08,53,8,False,False,average_payer
INV9002323,B009,B009-C1086,Textiles Client 086,Textiles & Apparel,45,37023.19,2025-01-31,2025-03-17,closed,2025-03-26,54,9,False,False,average_payer
INV9002324,B009,B009-C1086,Textiles Client 086,Textiles & Apparel,45,36465.1,2025-02-26,2025-04-12,closed,2025-04-16,49,4,False,False,average_payer
INV9002325,B009,B009-C1086,Textiles Client 086,Textiles & Apparel,45,184095.79,2025-03-20,2025-05-04,closed,2025-05-03,44,-1,False,True,average_payer
INV9002326,B009,B009-C1086,Textiles Client 086,Textiles & Apparel,45,55206.92,2025-04-03,2025-05-18,closed,2025-05-25,52,7,False,False,average_payer
INV9002327,B009,B009-C1086,Textiles Client 086,Textiles & Apparel,45,75334.6,2025-06-10,2025-07-25,closed,2025-08-03,54,9,False,False,average_payer
INV9002328,B009,B009-C1086,Textiles Client 086,Textiles & Apparel,45,34472.34,2025-06-22,2025-08-06,closed,2025-08-20,59,14,False,False,average_payer
INV9002329,B009,B009-C1086,Textiles Client 086,Textiles & Apparel,45,32003.6,2025-08-20,2025-10-04,closed,2025-10-07,48,3,False,False,average_payer
INV9002330,B009,B009-C1086,Textiles Client 086,Textiles & Apparel,45,31178.23,2025-09-14,2025-10-29,closed,2025-11-09,56,11,False,False,average_payer
INV9002331,B009,B009-C1086,Textiles Client 086,Textiles & Apparel,45,43755.61,2025-10-03,2025-11-17,closed,2025-11-16,44,-1,False,False,average_payer
INV9002332,B009,B009-C1086,Textiles Client 086,Textiles & Apparel,45,69526.37,2025-10-30,2025-12-14,closed,2025-12-22,53,8,False,False,average_payer
INV9002333,B009,B009-C1086,Textiles Client 086,Textiles & Apparel,45,22986.88,2025-12-23,2026-02-06,closed,2026-02-14,53,8,False,False,average_payer
INV9002334,B009,B009-C1086,Textiles Client 086,Textiles & Apparel,45,49625.04,2025-12-29,2026-02-12,closed,2026-02-23,56,11,False,False,average_payer
INV9002335,B009,B009-C1086,Textiles Client 086,Textiles & Apparel,45,98762.79,2026-02-03,2026-03-20,closed,2026-03-30,55,10,False,False,average_payer
INV9002336,B009,B009-C1087,Textiles Client 087,Textiles & Apparel,45,66989.87,2024-03-17,2024-05-01,closed,2024-05-08,52,7,True,False,average_payer
INV9002337,B009,B009-C1087,Textiles Client 087,Textiles & Apparel,45,57449.43,2024-06-19,2024-08-03,closed,2024-08-13,55,10,False,False,average_payer
INV9002338,B009,B009-C1087,Textiles Client 087,Textiles & Apparel,45,43208.37,2024-08-11,2024-09-25,closed,2024-09-20,40,-5,False,False,average_payer
INV9002339,B009,B009-C1087,Textiles Client 087,Textiles & Apparel,45,239512.12,2024-09-25,2024-11-09,closed,2024-11-16,52,7,False,True,average_payer
INV9002340,B009,B009-C1087,Textiles Client 087,Textiles & Apparel,45,59104.98,2024-10-25,2024-12-09,closed,2024-12-08,44,-1,False,False,average_payer
INV9002341,B009,B009-C1087,Textiles Client 087,Textiles & Apparel,45,89482.29,2025-01-27,2025-03-13,closed,2025-03-17,49,4,False,False,average_payer
INV9002342,B009,B009-C1087,Textiles Client 087,Textiles & Apparel,45,76390.64,2025-03-13,2025-04-27,closed,2025-04-21,39,-6,False,False,average_payer
INV9002343,B009,B009-C1087,Textiles Client 087,Textiles & Apparel,45,54321.34,2025-03-15,2025-04-29,closed,2025-04-29,45,0,False,False,average_payer
INV9002344,B009,B009-C1087,Textiles Client 087,Textiles & Apparel,45,54355.55,2025-03-19,2025-05-03,closed,2025-05-11,53,8,False,False,average_payer
INV9002345,B009,B009-C1087,Textiles Client 087,Textiles & Apparel,45,77105.81,2025-04-02,2025-05-17,closed,2025-05-28,56,11,False,False,average_payer
INV9002346,B009,B009-C1087,Textiles Client 087,Textiles & Apparel,45,56476.29,2025-04-11,2025-05-26,closed,2025-06-01,51,6,False,False,average_payer
INV9002347,B009,B009-C1087,Textiles Client 087,Textiles & Apparel,45,52618.16,2025-04-13,2025-05-28,closed,2025-06-02,50,5,False,False,average_payer
INV9002348,B009,B009-C1087,Textiles Client 087,Textiles & Apparel,45,49681.8,2025-10-26,2025-12-10,closed,2025-12-12,47,2,False,False,average_payer
INV9002349,B009,B009-C1087,Textiles Client 087,Textiles & Apparel,45,64562.31,2025-11-16,2025-12-31,closed,2026-01-03,48,3,False,False,average_payer
INV9002350,B009,B009-C1087,Textiles Client 087,Textiles & Apparel,45,62319.22,2025-11-30,2026-01-14,closed,2026-01-19,50,5,False,False,average_payer
INV9002351,B009,B009-C1087,Textiles Client 087,Textiles & Apparel,45,60633.46,2025-12-03,2026-01-17,closed,2026-01-22,50,5,False,False,average_payer
INV9002352,B009,B009-C1087,Textiles Client 087,Textiles & Apparel,45,76064.09,2025-12-22,2026-02-05,closed,2026-02-02,42,-3,False,False,average_payer
INV9002353,B009,B009-C1087,Textiles Client 087,Textiles & Apparel,45,30633.46,2026-01-07,2026-02-21,closed,2026-02-16,40,-5,False,False,average_payer
INV9002354,B009,B009-C1087,Textiles Client 087,Textiles & Apparel,45,65635.13,2026-05-02,2026-06-16,closed,2026-06-21,50,5,False,False,average_payer
INV9002355,B009,B009-C1087,Textiles Client 087,Textiles & Apparel,45,54898.91,2026-06-18,2026-08-02,closed,2026-08-06,49,4,True,False,average_payer
INV9002356,B009,B009-C1087,Textiles Client 087,Textiles & Apparel,45,54539.91,2026-07-18,2026-09-01,open,,,,False,False,average_payer
INV9002357,B009,B009-C1088,Metal Client 088,Metal & Engineering,60,445588.51,2024-03-17,2024-05-16,closed,2024-05-16,60,0,False,False,prompt_payer
INV9002358,B009,B009-C1088,Metal Client 088,Metal & Engineering,60,435297.09,2024-03-18,2024-05-17,closed,2024-05-22,65,5,False,False,prompt_payer
INV9002359,B009,B009-C1088,Metal Client 088,Metal & Engineering,60,512002.38,2024-03-24,2024-05-23,closed,2024-05-22,59,-1,False,False,prompt_payer
INV9002360,B009,B009-C1088,Metal Client 088,Metal & Engineering,60,775249.45,2024-05-29,2024-07-28,closed,2024-07-30,62,2,False,False,prompt_payer
INV9002361,B009,B009-C1088,Metal Client 088,Metal & Engineering,60,540372.4,2024-06-15,2024-08-14,closed,2024-08-14,60,0,False,False,prompt_payer
INV9002362,B009,B009-C1088,Metal Client 088,Metal & Engineering,60,594600.16,2024-06-25,2024-08-24,closed,2024-08-26,62,2,False,False,prompt_payer
INV9002363,B009,B009-C1088,Metal Client 088,Metal & Engineering,60,694212.66,2024-07-13,2024-09-11,closed,2024-09-16,65,5,False,False,prompt_payer
INV9002364,B009,B009-C1088,Metal Client 088,Metal & Engineering,60,592014.04,2024-08-14,2024-10-13,closed,2024-10-15,62,2,False,False,prompt_payer
INV9002365,B009,B009-C1088,Metal Client 088,Metal & Engineering,60,509558.62,2024-08-15,2024-10-14,closed,2024-10-19,65,5,False,False,prompt_payer
INV9002366,B009,B009-C1088,Metal Client 088,Metal & Engineering,60,488709.98,2024-08-19,2024-10-18,closed,2024-10-17,59,-1,False,False,prompt_payer
INV9002367,B009,B009-C1088,Metal Client 088,Metal & Engineering,60,621841.34,2024-08-26,2024-10-25,closed,2024-10-29,64,4,False,False,prompt_payer
INV9002368,B009,B009-C1088,Metal Client 088,Metal & Engineering,60,725637.52,2024-08-26,2024-10-25,closed,2024-10-26,61,1,False,False,prompt_payer
INV9002369,B009,B009-C1088,Metal Client 088,Metal & Engineering,60,554846.25,2024-08-31,2024-10-30,closed,2024-11-03,64,4,False,False,prompt_payer
INV9002370,B009,B009-C1088,Metal Client 088,Metal & Engineering,60,560092.91,2024-09-01,2024-10-31,closed,2024-11-02,62,2,False,False,prompt_payer
INV9002371,B009,B009-C1088,Metal Client 088,Metal & Engineering,60,581648.41,2024-09-11,2024-11-10,disputed_open,,,,False,False,prompt_payer
INV9002372,B009,B009-C1088,Metal Client 088,Metal & Engineering,60,707977.15,2024-09-30,2024-11-29,closed,2024-11-28,59,-1,False,False,prompt_payer
INV9002373,B009,B009-C1088,Metal Client 088,Metal & Engineering,60,508947.34,2024-10-10,2024-12-09,closed,2024-12-08,59,-1,False,False,prompt_payer
INV9002374,B009,B009-C1088,Metal Client 088,Metal & Engineering,60,575828.04,2024-10-21,2024-12-20,closed,2024-12-20,60,0,False,False,prompt_payer
INV9002375,B009,B009-C1088,Metal Client 088,Metal & Engineering,60,521699.28,2024-10-25,2024-12-24,closed,2024-12-18,54,-6,False,False,prompt_payer
INV9002376,B009,B009-C1088,Metal Client 088,Metal & Engineering,60,520641.04,2024-10-30,2024-12-29,closed,2024-12-29,60,0,True,False,prompt_payer
INV9002377,B009,B009-C1088,Metal Client 088,Metal & Engineering,60,528142.75,2024-11-17,2025-01-16,closed,2025-01-13,57,-3,False,False,prompt_payer
INV9002378,B009,B009-C1088,Metal Client 088,Metal & Engineering,60,537213.15,2024-12-03,2025-02-01,closed,2025-01-29,57,-3,False,False,prompt_payer
INV9002379,B009,B009-C1088,Metal Client 088,Metal & Engineering,60,370761.78,2024-12-14,2025-02-12,closed,2025-02-22,70,10,False,False,prompt_payer
INV9002380,B009,B009-C1088,Metal Client 088,Metal & Engineering,60,497724.78,2025-01-04,2025-03-05,closed,2025-03-04,59,-1,False,False,prompt_payer
INV9002381,B009,B009-C1088,Metal Client 088,Metal & Engineering,60,870069.08,2025-01-30,2025-03-31,closed,2025-04-07,67,7,False,False,prompt_payer
INV9002382,B009,B009-C1088,Metal Client 088,Metal & Engineering,60,536447.88,2025-02-04,2025-04-05,closed,2025-04-06,61,1,False,False,prompt_payer
INV9002383,B009,B009-C1088,Metal Client 088,Metal & Engineering,60,485076.88,2025-02-05,2025-04-06,closed,2025-04-03,57,-3,False,False,prompt_payer
INV9002384,B009,B009-C1088,Metal Client 088,Metal & Engineering,60,616352.88,2025-04-02,2025-06-01,closed,2025-06-04,63,3,False,False,prompt_payer
INV9002385,B009,B009-C1088,Metal Client 088,Metal & Engineering,60,543441.98,2025-05-16,2025-07-15,closed,2025-07-11,56,-4,False,False,prompt_payer
INV9002386,B009,B009-C1088,Metal Client 088,Metal & Engineering,60,501674.46,2025-05-17,2025-07-16,closed,2025-07-16,60,0,True,False,prompt_payer
INV9002387,B009,B009-C1088,Metal Client 088,Metal & Engineering,60,424601.11,2025-05-19,2025-07-18,closed,2025-07-23,65,5,False,False,prompt_payer
INV9002388,B009,B009-C1088,Metal Client 088,Metal & Engineering,60,750271.03,2025-05-29,2025-07-28,closed,2025-07-24,56,-4,False,False,prompt_payer
INV9002389,B009,B009-C1088,Metal Client 088,Metal & Engineering,60,723541.76,2025-05-31,2025-07-30,closed,2025-07-25,55,-5,False,False,prompt_payer
INV9002390,B009,B009-C1088,Metal Client 088,Metal & Engineering,60,518458.73,2025-07-09,2025-09-07,closed,2025-08-31,53,-7,True,False,prompt_payer
INV9002391,B009,B009-C1088,Metal Client 088,Metal & Engineering,60,361450.48,2025-07-25,2025-09-23,open,,,,False,False,prompt_payer
INV9002392,B009,B009-C1088,Metal Client 088,Metal & Engineering,60,488056.01,2025-08-10,2025-10-09,closed,2025-10-02,53,-7,False,False,prompt_payer
INV9002393,B009,B009-C1088,Metal Client 088,Metal & Engineering,60,358925.87,2025-08-21,2025-10-20,closed,2025-10-21,61,1,False,False,prompt_payer
INV9002394,B009,B009-C1088,Metal Client 088,Metal & Engineering,60,482275.92,2025-09-03,2025-11-02,closed,2025-11-05,63,3,False,False,prompt_payer
INV9002395,B009,B009-C1088,Metal Client 088,Metal & Engineering,60,626208.53,2025-09-10,2025-11-09,closed,2025-11-13,64,4,True,False,prompt_payer
INV9002396,B009,B009-C1088,Metal Client 088,Metal & Engineering,60,939427.05,2025-10-04,2025-12-03,closed,2025-12-09,66,6,False,False,prompt_payer
INV9002397,B009,B009-C1088,Metal Client 088,Metal & Engineering,60,652017.01,2025-10-08,2025-12-07,closed,2025-12-10,63,3,False,False,prompt_payer
INV9002398,B009,B009-C1088,Metal Client 088,Metal & Engineering,60,311760.06,2025-11-11,2026-01-10,closed,2026-01-10,60,0,False,False,prompt_payer
INV9002399,B009,B009-C1088,Metal Client 088,Metal & Engineering,60,540457.23,2026-01-29,2026-03-30,closed,2026-03-25,55,-5,False,False,prompt_payer
INV9002400,B009,B009-C1088,Metal Client 088,Metal & Engineering,60,405074.8,2026-02-12,2026-04-13,closed,2026-04-15,62,2,False,False,prompt_payer
INV9002401,B009,B009-C1088,Metal Client 088,Metal & Engineering,60,679358.97,2026-03-05,2026-05-04,closed,2026-05-07,63,3,False,False,prompt_payer
INV9002402,B009,B009-C1088,Metal Client 088,Metal & Engineering,60,511170.14,2026-03-09,2026-05-08,closed,2026-04-29,51,-9,False,False,prompt_payer
INV9002403,B009,B009-C1088,Metal Client 088,Metal & Engineering,60,691714.17,2026-03-12,2026-05-11,closed,2026-05-06,55,-5,False,False,prompt_payer
INV9002404,B009,B009-C1088,Metal Client 088,Metal & Engineering,60,739718.32,2026-03-20,2026-05-19,closed,2026-05-14,55,-5,False,False,prompt_payer
INV9002405,B009,B009-C1088,Metal Client 088,Metal & Engineering,60,239186.74,2026-05-13,2026-07-12,closed,2026-07-21,69,9,False,False,prompt_payer
INV9002406,B009,B009-C1088,Metal Client 088,Metal & Engineering,60,781040.94,2026-06-08,2026-08-07,closed,2026-08-12,65,5,False,False,prompt_payer
INV9002407,B009,B009-C1088,Metal Client 088,Metal & Engineering,60,368452.68,2026-06-20,2026-08-19,closed,2026-08-17,58,-2,False,False,prompt_payer
INV9002408,B009,B009-C1088,Metal Client 088,Metal & Engineering,60,621317.34,2026-06-27,2026-08-26,closed,2026-08-24,58,-2,False,False,prompt_payer
INV9002409,B009,B009-C1088,Metal Client 088,Metal & Engineering,60,472951.49,2026-07-12,2026-09-10,open,,,,False,False,prompt_payer
INV9002410,B009,B009-C1088,Metal Client 088,Metal & Engineering,60,1390608.8,2026-08-26,2026-10-25,open,,,,False,True,prompt_payer
INV9002411,B009,B009-C1089,Chemicals Client 089,Chemicals & Plastics,45,442342.98,2024-03-21,2024-05-05,closed,2024-05-14,54,9,False,False,average_payer
INV9002412,B009,B009-C1089,Chemicals Client 089,Chemicals & Plastics,45,435204.06,2024-04-11,2024-05-26,closed,2024-05-24,43,-2,False,False,average_payer
INV9002413,B009,B009-C1089,Chemicals Client 089,Chemicals & Plastics,45,376881.67,2024-04-25,2024-06-09,closed,2024-06-06,42,-3,False,False,average_payer
INV9002414,B009,B009-C1089,Chemicals Client 089,Chemicals & Plastics,45,436761.07,2024-06-10,2024-07-25,closed,2024-07-26,46,1,False,False,average_payer
INV9002415,B009,B009-C1089,Chemicals Client 089,Chemicals & Plastics,45,326423.49,2024-06-12,2024-07-27,closed,2024-08-02,51,6,False,False,average_payer
INV9002416,B009,B009-C1089,Chemicals Client 089,Chemicals & Plastics,45,405247.45,2024-07-14,2024-08-28,closed,2024-08-27,44,-1,False,False,average_payer
INV9002417,B009,B009-C1089,Chemicals Client 089,Chemicals & Plastics,45,292450.38,2024-10-31,2024-12-15,closed,2024-12-30,60,15,False,False,average_payer
INV9002418,B009,B009-C1089,Chemicals Client 089,Chemicals & Plastics,45,213212.46,2024-12-09,2025-01-23,closed,2025-01-28,50,5,False,False,average_payer
INV9002419,B009,B009-C1089,Chemicals Client 089,Chemicals & Plastics,45,271132.87,2024-12-25,2025-02-08,closed,2025-02-10,47,2,False,False,average_payer
INV9002420,B009,B009-C1089,Chemicals Client 089,Chemicals & Plastics,45,212410.57,2025-01-20,2025-03-06,closed,2025-03-13,52,7,False,False,average_payer
INV9002421,B009,B009-C1089,Chemicals Client 089,Chemicals & Plastics,45,377857.87,2025-01-28,2025-03-14,closed,2025-03-20,51,6,False,False,average_payer
INV9002422,B009,B009-C1089,Chemicals Client 089,Chemicals & Plastics,45,233112.95,2025-03-17,2025-05-01,closed,2025-05-13,57,12,False,False,average_payer
INV9002423,B009,B009-C1089,Chemicals Client 089,Chemicals & Plastics,45,269470.03,2025-03-27,2025-05-11,closed,2025-05-16,50,5,False,False,average_payer
INV9002424,B009,B009-C1089,Chemicals Client 089,Chemicals & Plastics,45,266175.52,2025-05-30,2025-07-14,closed,2025-07-13,44,-1,False,False,average_payer
INV9002425,B009,B009-C1089,Chemicals Client 089,Chemicals & Plastics,45,1003766.68,2025-07-03,2025-08-17,closed,2025-08-16,44,-1,False,True,average_payer
INV9002426,B009,B009-C1089,Chemicals Client 089,Chemicals & Plastics,45,418682.73,2025-08-08,2025-09-22,closed,2025-10-03,56,11,False,False,average_payer
INV9002427,B009,B009-C1089,Chemicals Client 089,Chemicals & Plastics,45,536376.73,2025-08-10,2025-09-24,closed,2025-10-05,56,11,False,False,average_payer
INV9002428,B009,B009-C1089,Chemicals Client 089,Chemicals & Plastics,45,324992.45,2025-08-17,2025-10-01,closed,2025-09-29,43,-2,False,False,average_payer
INV9002429,B009,B009-C1089,Chemicals Client 089,Chemicals & Plastics,45,463259.6,2025-11-28,2026-01-12,closed,2026-01-29,62,17,False,False,average_payer
INV9002430,B009,B009-C1089,Chemicals Client 089,Chemicals & Plastics,45,602542.27,2025-12-10,2026-01-24,closed,2026-02-04,56,11,True,False,average_payer
INV9002431,B009,B009-C1089,Chemicals Client 089,Chemicals & Plastics,45,365336.25,2026-02-10,2026-03-27,closed,2026-03-26,44,-1,False,False,average_payer
INV9002432,B009,B009-C1089,Chemicals Client 089,Chemicals & Plastics,45,438929.5,2026-04-09,2026-05-24,closed,2026-05-25,46,1,False,False,average_payer
INV9002433,B009,B009-C1089,Chemicals Client 089,Chemicals & Plastics,45,363698.13,2026-04-10,2026-05-25,closed,2026-06-07,58,13,False,False,average_payer
INV9002434,B009,B009-C1089,Chemicals Client 089,Chemicals & Plastics,45,522748.38,2026-07-29,2026-09-12,disputed_open,,,,False,False,average_payer
INV9002435,B009,B009-C1089,Chemicals Client 089,Chemicals & Plastics,45,621921.12,2026-08-11,2026-09-25,open,,,,False,False,average_payer
INV9002436,B009,B009-C1089,Chemicals Client 089,Chemicals & Plastics,45,314262.97,2026-08-14,2026-09-28,disputed_open,,,,False,False,average_payer
INV9002437,B009,B009-C1089,Chemicals Client 089,Chemicals & Plastics,45,371139.71,2026-08-15,2026-09-29,open,,,,False,False,average_payer
INV9002438,B009,B009-C1089,Chemicals Client 089,Chemicals & Plastics,45,275927.82,2026-08-28,2026-10-12,open,,,,False,False,average_payer
INV9002439,B009,B009-C1090,FMCG Client 090,FMCG & Food Processing,60,293546.59,2024-03-29,2024-05-28,closed,2024-05-24,56,-4,False,False,cold_start
INV9002440,B009,B009-C1090,FMCG Client 090,FMCG & Food Processing,60,362136.65,2026-05-18,2026-07-17,closed,2026-07-23,66,6,False,False,cold_start
INV9002441,B009,B009-C1090,FMCG Client 090,FMCG & Food Processing,60,327641.81,2026-06-30,2026-08-29,closed,2026-08-28,59,-1,False,False,cold_start
INV9002442,B009,B009-C1091,IT Client 091,IT & Business Services,60,865505.96,2024-06-21,2024-08-20,closed,2024-09-02,73,13,False,False,average_payer
INV9002443,B009,B009-C1091,IT Client 091,IT & Business Services,60,1081927.45,2024-07-13,2024-09-11,closed,2024-09-20,69,9,False,False,average_payer
INV9002444,B009,B009-C1091,IT Client 091,IT & Business Services,60,984296.44,2024-07-26,2024-09-24,closed,2024-09-30,66,6,False,False,average_payer
INV9002445,B009,B009-C1091,IT Client 091,IT & Business Services,60,618885.4,2024-09-07,2024-11-06,closed,2024-11-20,74,14,False,False,average_payer
INV9002446,B009,B009-C1091,IT Client 091,IT & Business Services,60,1015537.13,2024-12-23,2025-02-21,closed,2025-03-19,86,26,False,False,average_payer
INV9002447,B009,B009-C1091,IT Client 091,IT & Business Services,60,2278983.85,2025-04-04,2025-06-03,closed,2025-06-01,58,-2,False,True,average_payer
INV9002448,B009,B009-C1091,IT Client 091,IT & Business Services,60,1125116.44,2025-05-15,2025-07-14,closed,2025-07-26,72,12,False,False,average_payer
INV9002449,B009,B009-C1091,IT Client 091,IT & Business Services,60,1332359.39,2025-06-20,2025-08-19,closed,2025-08-24,65,5,False,False,average_payer
INV9002450,B009,B009-C1091,IT Client 091,IT & Business Services,60,785220.52,2025-07-05,2025-09-03,closed,2025-09-09,66,6,False,False,average_payer
INV9002451,B009,B009-C1091,IT Client 091,IT & Business Services,60,1093067.51,2025-09-15,2025-11-14,closed,2025-11-17,63,3,False,False,average_payer
INV9002452,B009,B009-C1091,IT Client 091,IT & Business Services,60,1101784.5,2025-11-28,2026-01-27,open,,,,False,False,average_payer
INV9002453,B009,B009-C1091,IT Client 091,IT & Business Services,60,1481587.72,2026-07-22,2026-09-20,open,,,,False,False,average_payer
INV9002454,B009,B009-C1091,IT Client 091,IT & Business Services,60,1323810.37,2026-08-19,2026-10-18,open,,,,False,False,average_payer
INV9002455,B009,B009-C1092,Auto Client 092,Auto Components,60,14976.14,2024-06-11,2024-08-10,closed,2024-08-17,67,7,False,False,cold_start
INV9002456,B009,B009-C1092,Auto Client 092,Auto Components,60,6281.7,2024-07-26,2024-09-24,closed,2024-10-01,67,7,False,False,cold_start
INV9002457,B009,B009-C1092,Auto Client 092,Auto Components,60,6638.38,2025-02-28,2025-04-29,closed,2025-05-08,69,9,False,False,cold_start
INV9002458,B009,B009-C1093,Construction Client 093,Construction & Infra,45,91244.56,2025-03-14,2025-04-28,closed,2025-05-08,55,10,False,False,cold_start
INV9002459,B009,B009-C1093,Construction Client 093,Construction & Infra,45,175333.99,2025-11-27,2026-01-11,closed,2026-01-20,54,9,False,False,cold_start
INV9002460,B009,B009-C1093,Construction Client 093,Construction & Infra,45,107354.06,2025-12-06,2026-01-20,closed,2026-01-17,42,-3,False,False,cold_start
INV9002461,B009,B009-C1094,Chemicals Client 094,Chemicals & Plastics,30,144384.71,2024-03-26,2024-04-25,closed,2024-06-08,74,44,False,False,chronic_late_payer
INV9002462,B009,B009-C1094,Chemicals Client 094,Chemicals & Plastics,30,150234.37,2024-04-07,2024-05-07,closed,2024-05-25,48,18,False,False,chronic_late_payer
INV9002463,B009,B009-C1094,Chemicals Client 094,Chemicals & Plastics,30,220156.9,2024-05-11,2024-06-10,closed,2024-07-26,76,46,False,False,chronic_late_payer
INV9002464,B009,B009-C1094,Chemicals Client 094,Chemicals & Plastics,30,189082.74,2024-05-12,2024-06-11,closed,2024-07-07,56,26,False,False,chronic_late_payer
INV9002465,B009,B009-C1094,Chemicals Client 094,Chemicals & Plastics,30,204024.52,2024-06-05,2024-07-05,closed,2024-07-29,54,24,False,False,chronic_late_payer
INV9002466,B009,B009-C1094,Chemicals Client 094,Chemicals & Plastics,30,188923.96,2024-06-30,2024-07-30,closed,2024-08-13,44,14,False,False,chronic_late_payer
INV9002467,B009,B009-C1094,Chemicals Client 094,Chemicals & Plastics,30,621156.69,2024-07-04,2024-08-03,closed,2024-08-17,44,14,False,True,chronic_late_payer
INV9002468,B009,B009-C1094,Chemicals Client 094,Chemicals & Plastics,30,152393.5,2024-09-12,2024-10-12,closed,2024-11-19,68,38,False,False,chronic_late_payer
INV9002469,B009,B009-C1094,Chemicals Client 094,Chemicals & Plastics,30,124623.13,2024-10-23,2024-11-22,closed,2025-01-16,85,55,False,False,chronic_late_payer
INV9002470,B009,B009-C1094,Chemicals Client 094,Chemicals & Plastics,30,134223.93,2024-11-16,2024-12-16,closed,2025-02-05,81,51,False,False,chronic_late_payer
INV9002471,B009,B009-C1094,Chemicals Client 094,Chemicals & Plastics,30,154531.15,2024-11-18,2024-12-18,closed,2025-01-12,55,25,False,False,chronic_late_payer
INV9002472,B009,B009-C1094,Chemicals Client 094,Chemicals & Plastics,30,122317.76,2024-11-30,2024-12-30,closed,2025-02-03,65,35,False,False,chronic_late_payer
INV9002473,B009,B009-C1094,Chemicals Client 094,Chemicals & Plastics,30,203409.38,2024-12-02,2025-01-01,closed,2025-01-26,55,25,False,False,chronic_late_payer
INV9002474,B009,B009-C1094,Chemicals Client 094,Chemicals & Plastics,30,648525.68,2024-12-24,2025-01-23,closed,2025-03-24,90,60,False,True,chronic_late_payer
INV9002475,B009,B009-C1094,Chemicals Client 094,Chemicals & Plastics,30,131055.01,2025-01-04,2025-02-03,closed,2025-02-17,44,14,False,False,chronic_late_payer
INV9002476,B009,B009-C1094,Chemicals Client 094,Chemicals & Plastics,30,133765.58,2025-04-20,2025-05-20,closed,2025-06-26,67,37,False,False,chronic_late_payer
INV9002477,B009,B009-C1094,Chemicals Client 094,Chemicals & Plastics,30,311615.85,2025-04-29,2025-05-29,closed,2025-07-02,64,34,False,False,chronic_late_payer
INV9002478,B009,B009-C1094,Chemicals Client 094,Chemicals & Plastics,30,198348.0,2025-05-04,2025-06-03,closed,2025-06-30,57,27,False,False,chronic_late_payer
INV9002479,B009,B009-C1094,Chemicals Client 094,Chemicals & Plastics,30,212762.7,2025-05-17,2025-06-16,closed,2025-07-30,74,44,False,False,chronic_late_payer
INV9002480,B009,B009-C1094,Chemicals Client 094,Chemicals & Plastics,30,86645.56,2025-06-22,2025-07-22,closed,2025-08-26,65,35,False,False,chronic_late_payer
INV9002481,B009,B009-C1094,Chemicals Client 094,Chemicals & Plastics,30,198235.72,2025-06-27,2025-07-27,closed,2025-08-30,64,34,False,False,chronic_late_payer
INV9002482,B009,B009-C1094,Chemicals Client 094,Chemicals & Plastics,30,106798.71,2025-06-28,2025-07-28,closed,2025-08-20,53,23,False,False,chronic_late_payer
INV9002483,B009,B009-C1094,Chemicals Client 094,Chemicals & Plastics,30,184659.27,2025-07-10,2025-08-09,closed,2025-09-05,57,27,False,False,chronic_late_payer
INV9002484,B009,B009-C1094,Chemicals Client 094,Chemicals & Plastics,30,199431.03,2025-08-15,2025-09-14,closed,2025-10-14,60,30,False,False,chronic_late_payer
INV9002485,B009,B009-C1094,Chemicals Client 094,Chemicals & Plastics,30,124309.9,2025-08-26,2025-09-25,closed,2025-10-12,47,17,False,False,chronic_late_payer
INV9002486,B009,B009-C1094,Chemicals Client 094,Chemicals & Plastics,30,229395.98,2025-09-19,2025-10-19,closed,2025-11-02,44,14,False,False,chronic_late_payer
INV9002487,B009,B009-C1094,Chemicals Client 094,Chemicals & Plastics,30,213769.4,2025-09-27,2025-10-27,closed,2025-11-29,63,33,False,False,chronic_late_payer
INV9002488,B009,B009-C1094,Chemicals Client 094,Chemicals & Plastics,30,100917.29,2025-10-10,2025-11-09,closed,2025-12-14,65,35,False,False,chronic_late_payer
INV9002489,B009,B009-C1094,Chemicals Client 094,Chemicals & Plastics,30,131832.2,2025-11-15,2025-12-15,closed,2026-01-11,57,27,False,False,chronic_late_payer
INV9002490,B009,B009-C1094,Chemicals Client 094,Chemicals & Plastics,30,129693.07,2025-11-17,2025-12-17,closed,2026-01-20,64,34,False,False,chronic_late_payer
INV9002491,B009,B009-C1094,Chemicals Client 094,Chemicals & Plastics,30,75871.1,2025-11-19,2025-12-19,closed,2026-02-11,84,54,False,False,chronic_late_payer
INV9002492,B009,B009-C1094,Chemicals Client 094,Chemicals & Plastics,30,503536.85,2025-12-11,2026-01-10,closed,2026-01-24,44,14,False,True,chronic_late_payer
INV9002493,B009,B009-C1094,Chemicals Client 094,Chemicals & Plastics,30,212180.66,2026-01-08,2026-02-07,open,,,,False,False,chronic_late_payer
INV9002494,B009,B009-C1094,Chemicals Client 094,Chemicals & Plastics,30,186090.1,2026-01-20,2026-02-19,closed,2026-03-21,60,30,False,False,chronic_late_payer
INV9002495,B009,B009-C1094,Chemicals Client 094,Chemicals & Plastics,30,186876.11,2026-01-27,2026-02-26,closed,2026-04-11,74,44,False,False,chronic_late_payer
INV9002496,B009,B009-C1094,Chemicals Client 094,Chemicals & Plastics,30,230919.77,2026-03-17,2026-04-16,closed,2026-06-03,78,48,False,False,chronic_late_payer
INV9002497,B009,B009-C1094,Chemicals Client 094,Chemicals & Plastics,30,165296.5,2026-04-05,2026-05-05,closed,2026-05-19,44,14,False,False,chronic_late_payer
INV9002498,B009,B009-C1094,Chemicals Client 094,Chemicals & Plastics,30,111969.02,2026-05-09,2026-06-08,closed,2026-07-03,55,25,False,False,chronic_late_payer
INV9002499,B009,B009-C1094,Chemicals Client 094,Chemicals & Plastics,30,150650.62,2026-05-16,2026-06-15,closed,2026-07-12,57,27,False,False,chronic_late_payer
INV9002500,B009,B009-C1094,Chemicals Client 094,Chemicals & Plastics,30,180966.74,2026-05-24,2026-06-23,closed,2026-08-03,71,41,False,False,chronic_late_payer
INV9002501,B009,B009-C1094,Chemicals Client 094,Chemicals & Plastics,30,132812.89,2026-06-03,2026-07-03,closed,2026-07-24,51,21,True,False,chronic_late_payer
INV9002502,B009,B009-C1094,Chemicals Client 094,Chemicals & Plastics,30,194830.65,2026-06-29,2026-07-29,disputed_open,,,,False,False,chronic_late_payer
INV9002503,B009,B009-C1094,Chemicals Client 094,Chemicals & Plastics,30,164176.54,2026-07-17,2026-08-16,disputed_open,,,,False,False,chronic_late_payer
INV9002504,B009,B009-C1094,Chemicals Client 094,Chemicals & Plastics,30,115061.66,2026-07-27,2026-08-26,open,,,,False,False,chronic_late_payer
