invoice_id,business_id,cust_number,customer_name,sector,payment_term_days,invoice_amount,issue_date,due_date,status,actual_paid_date,days_to_payment,delay_vs_due_date,had_partial_payment_flag,is_big_ticket_spike,customer_archetype_TRUE_LABEL
INV10000001,B010,B010-C1001,Metal Client 001,Metal & Engineering,45,178165.28,2024-03-21,2024-05-05,closed,2024-05-13,53,8,False,False,cold_start
INV10000002,B010,B010-C1001,Metal Client 001,Metal & Engineering,45,135862.15,2024-10-24,2024-12-08,closed,2024-12-16,53,8,False,False,cold_start
INV10000003,B010,B010-C1001,Metal Client 001,Metal & Engineering,45,201600.06,2026-08-04,2026-09-18,open,,,,False,False,cold_start
INV10000004,B010,B010-C1002,Construction Client 002,Construction & Infra,45,112230.48,2024-05-21,2024-07-05,closed,2024-07-09,49,4,False,False,average_payer
INV10000005,B010,B010-C1002,Construction Client 002,Construction & Infra,45,143645.57,2024-07-24,2024-09-07,closed,2024-09-13,51,6,False,False,average_payer
INV10000006,B010,B010-C1002,Construction Client 002,Construction & Infra,45,131285.95,2024-07-31,2024-09-14,closed,2024-09-22,53,8,False,False,average_payer
INV10000007,B010,B010-C1002,Construction Client 002,Construction & Infra,45,140200.71,2024-08-17,2024-10-01,closed,2024-10-21,65,20,False,False,average_payer
INV10000008,B010,B010-C1002,Construction Client 002,Construction & Infra,45,136548.26,2024-08-31,2024-10-15,closed,2024-10-17,47,2,False,False,average_payer
INV10000009,B010,B010-C1002,Construction Client 002,Construction & Infra,45,115617.06,2024-10-08,2024-11-22,closed,2024-12-14,67,22,False,False,average_payer
INV10000010,B010,B010-C1002,Construction Client 002,Construction & Infra,45,159651.15,2024-11-10,2024-12-25,closed,2025-01-01,52,7,False,False,average_payer
INV10000011,B010,B010-C1002,Construction Client 002,Construction & Infra,45,98228.98,2024-11-23,2025-01-07,closed,2025-01-13,51,6,False,False,average_payer
INV10000012,B010,B010-C1002,Construction Client 002,Construction & Infra,45,137166.86,2024-12-21,2025-02-04,closed,2025-02-07,48,3,False,False,average_payer
INV10000013,B010,B010-C1002,Construction Client 002,Construction & Infra,45,68846.61,2024-12-24,2025-02-07,closed,2025-02-19,57,12,False,False,average_payer
INV10000014,B010,B010-C1002,Construction Client 002,Construction & Infra,45,101001.79,2024-12-26,2025-02-09,closed,2025-02-26,62,17,False,False,average_payer
INV10000015,B010,B010-C1002,Construction Client 002,Construction & Infra,45,168626.65,2025-02-15,2025-04-01,closed,2025-04-01,45,0,False,False,average_payer
INV10000016,B010,B010-C1002,Construction Client 002,Construction & Infra,45,126970.87,2025-02-19,2025-04-05,closed,2025-04-10,50,5,False,False,average_payer
INV10000017,B010,B010-C1002,Construction Client 002,Construction & Infra,45,148376.15,2025-03-25,2025-05-09,closed,2025-05-13,49,4,False,False,average_payer
INV10000018,B010,B010-C1002,Construction Client 002,Construction & Infra,45,509614.95,2025-05-18,2025-07-02,closed,2025-07-04,47,2,False,True,average_payer
INV10000019,B010,B010-C1002,Construction Client 002,Construction & Infra,45,86541.76,2025-05-25,2025-07-09,closed,2025-07-08,44,-1,False,False,average_payer
INV10000020,B010,B010-C1002,Construction Client 002,Construction & Infra,45,98601.95,2025-07-01,2025-08-15,closed,2025-08-24,54,9,True,False,average_payer
INV10000021,B010,B010-C1002,Construction Client 002,Construction & Infra,45,135597.03,2025-07-24,2025-09-07,closed,2025-09-18,56,11,False,False,average_payer
INV10000022,B010,B010-C1002,Construction Client 002,Construction & Infra,45,120194.5,2025-08-13,2025-09-27,closed,2025-10-05,53,8,False,False,average_payer
INV10000023,B010,B010-C1002,Construction Client 002,Construction & Infra,45,229391.54,2025-11-13,2025-12-28,closed,2025-12-31,48,3,False,False,average_payer
INV10000024,B010,B010-C1002,Construction Client 002,Construction & Infra,45,238738.86,2026-02-07,2026-03-24,closed,2026-03-31,52,7,False,False,average_payer
INV10000025,B010,B010-C1002,Construction Client 002,Construction & Infra,45,175776.45,2026-02-08,2026-03-25,closed,2026-04-06,57,12,False,False,average_payer
INV10000026,B010,B010-C1002,Construction Client 002,Construction & Infra,45,106239.79,2026-03-11,2026-04-25,closed,2026-05-04,54,9,False,False,average_payer
INV10000027,B010,B010-C1002,Construction Client 002,Construction & Infra,45,141226.29,2026-05-07,2026-06-21,closed,2026-07-03,57,12,False,False,average_payer
INV10000028,B010,B010-C1002,Construction Client 002,Construction & Infra,45,118460.99,2026-05-17,2026-07-01,closed,2026-07-06,50,5,False,False,average_payer
INV10000029,B010,B010-C1002,Construction Client 002,Construction & Infra,45,115701.92,2026-05-27,2026-07-11,closed,2026-07-22,56,11,False,False,average_payer
INV10000030,B010,B010-C1002,Construction Client 002,Construction & Infra,45,123217.47,2026-05-29,2026-07-13,closed,2026-07-23,55,10,False,False,average_payer
INV10000031,B010,B010-C1002,Construction Client 002,Construction & Infra,45,136622.63,2026-07-30,2026-09-13,disputed_open,,,,False,False,average_payer
INV10000032,B010,B010-C1002,Construction Client 002,Construction & Infra,45,125093.54,2026-08-30,2026-10-14,disputed_open,,,,False,False,average_payer
INV10000033,B010,B010-C1003,Chemicals Client 003,Chemicals & Plastics,45,431460.52,2024-07-29,2024-09-12,closed,2024-10-23,86,41,False,False,improving_payer
INV10000034,B010,B010-C1003,Chemicals Client 003,Chemicals & Plastics,45,195978.85,2024-08-03,2024-09-17,closed,2024-10-03,61,16,False,False,improving_payer
INV10000035,B010,B010-C1003,Chemicals Client 003,Chemicals & Plastics,45,459946.53,2025-04-25,2025-06-09,closed,2025-07-25,91,46,False,False,improving_payer
INV10000036,B010,B010-C1003,Chemicals Client 003,Chemicals & Plastics,45,395011.67,2025-05-03,2025-06-17,closed,2025-07-11,69,24,False,False,improving_payer
INV10000037,B010,B010-C1003,Chemicals Client 003,Chemicals & Plastics,45,335104.56,2025-05-27,2025-07-11,closed,2025-08-07,72,27,False,False,improving_payer
INV10000038,B010,B010-C1003,Chemicals Client 003,Chemicals & Plastics,45,287228.27,2025-12-05,2026-01-19,closed,2026-02-09,66,21,False,False,improving_payer
INV10000039,B010,B010-C1003,Chemicals Client 003,Chemicals & Plastics,45,330441.5,2026-02-10,2026-03-27,closed,2026-04-21,70,25,False,False,improving_payer
INV10000040,B010,B010-C1003,Chemicals Client 003,Chemicals & Plastics,45,257388.88,2026-02-11,2026-03-28,closed,2026-04-11,59,14,False,False,improving_payer
INV10000041,B010,B010-C1003,Chemicals Client 003,Chemicals & Plastics,45,399816.05,2026-07-27,2026-09-10,open,,,,False,False,improving_payer
INV10000042,B010,B010-C1003,Chemicals Client 003,Chemicals & Plastics,45,380668.09,2026-08-19,2026-10-03,open,,,,False,False,improving_payer
INV10000043,B010,B010-C1003,Chemicals Client 003,Chemicals & Plastics,45,439965.84,2026-08-25,2026-10-09,open,,,,False,False,improving_payer
INV10000044,B010,B010-C1004,Auto Client 004,Auto Components,30,27215.3,2024-03-28,2024-04-27,closed,2024-05-17,50,20,False,False,seasonal_payer
INV10000045,B010,B010-C1004,Auto Client 004,Auto Components,30,14165.65,2024-04-07,2024-05-07,closed,2024-05-23,46,16,False,False,seasonal_payer
INV10000046,B010,B010-C1004,Auto Client 004,Auto Components,30,28064.76,2024-05-16,2024-06-15,closed,2024-06-22,37,7,False,False,seasonal_payer
INV10000047,B010,B010-C1004,Auto Client 004,Auto Components,30,30300.23,2024-06-06,2024-07-06,closed,2024-07-11,35,5,False,False,seasonal_payer
INV10000048,B010,B010-C1004,Auto Client 004,Auto Components,30,30368.77,2024-06-25,2024-07-25,closed,2024-08-15,51,21,False,False,seasonal_payer
INV10000049,B010,B010-C1004,Auto Client 004,Auto Components,30,24147.76,2024-07-18,2024-08-17,closed,2024-08-14,27,-3,False,False,seasonal_payer
INV10000050,B010,B010-C1004,Auto Client 004,Auto Components,30,16449.75,2024-07-26,2024-08-25,closed,2024-08-25,30,0,False,False,seasonal_payer
INV10000051,B010,B010-C1004,Auto Client 004,Auto Components,30,23418.33,2024-10-19,2024-11-18,closed,2024-11-29,41,11,False,False,seasonal_payer
INV10000052,B010,B010-C1004,Auto Client 004,Auto Components,30,18460.16,2024-11-01,2024-12-01,open,,,,False,False,seasonal_payer
INV10000053,B010,B010-C1004,Auto Client 004,Auto Components,30,32911.85,2024-12-27,2025-01-26,closed,2025-02-12,47,17,False,False,seasonal_payer
INV10000054,B010,B010-C1004,Auto Client 004,Auto Components,30,27611.83,2025-01-15,2025-02-14,closed,2025-02-18,34,4,False,False,seasonal_payer
INV10000055,B010,B010-C1004,Auto Client 004,Auto Components,30,30036.3,2025-01-29,2025-02-28,closed,2025-03-08,38,8,False,False,seasonal_payer
INV10000056,B010,B010-C1004,Auto Client 004,Auto Components,30,22760.75,2025-02-15,2025-03-17,closed,2025-03-31,44,14,False,False,seasonal_payer
INV10000057,B010,B010-C1004,Auto Client 004,Auto Components,30,15971.56,2025-03-10,2025-04-09,closed,2025-04-15,36,6,False,False,seasonal_payer
INV10000058,B010,B010-C1004,Auto Client 004,Auto Components,30,25040.53,2025-03-14,2025-04-13,closed,2025-05-07,54,24,False,False,seasonal_payer
INV10000059,B010,B010-C1004,Auto Client 004,Auto Components,30,25267.23,2025-03-17,2025-04-16,closed,2025-04-26,40,10,False,False,seasonal_payer
INV10000060,B010,B010-C1004,Auto Client 004,Auto Components,30,39684.1,2025-03-27,2025-04-26,closed,2025-05-04,38,8,False,False,seasonal_payer
INV10000061,B010,B010-C1004,Auto Client 004,Auto Components,30,27633.46,2025-04-11,2025-05-11,closed,2025-05-21,40,10,False,False,seasonal_payer
INV10000062,B010,B010-C1004,Auto Client 004,Auto Components,30,27193.14,2025-04-11,2025-05-11,closed,2025-05-25,44,14,True,False,seasonal_payer
INV10000063,B010,B010-C1004,Auto Client 004,Auto Components,30,16112.42,2025-06-18,2025-07-18,closed,2025-08-02,45,15,False,False,seasonal_payer
INV10000064,B010,B010-C1004,Auto Client 004,Auto Components,30,20674.53,2025-06-25,2025-07-25,closed,2025-08-01,37,7,False,False,seasonal_payer
INV10000065,B010,B010-C1004,Auto Client 004,Auto Components,30,15117.3,2025-07-04,2025-08-03,closed,2025-08-04,31,1,False,False,seasonal_payer
INV10000066,B010,B010-C1004,Auto Client 004,Auto Components,30,48114.73,2025-07-09,2025-08-08,closed,2025-08-14,36,6,False,False,seasonal_payer
INV10000067,B010,B010-C1004,Auto Client 004,Auto Components,30,49834.11,2025-09-02,2025-10-02,closed,2025-10-09,37,7,False,False,seasonal_payer
INV10000068,B010,B010-C1004,Auto Client 004,Auto Components,30,29865.38,2025-10-03,2025-11-02,closed,2025-11-07,35,5,False,False,seasonal_payer
INV10000069,B010,B010-C1004,Auto Client 004,Auto Components,30,32142.89,2025-10-28,2025-11-27,closed,2025-12-12,45,15,False,False,seasonal_payer
INV10000070,B010,B010-C1004,Auto Client 004,Auto Components,30,25312.84,2025-11-13,2025-12-13,closed,2025-12-20,37,7,False,False,seasonal_payer
INV10000071,B010,B010-C1004,Auto Client 004,Auto Components,30,24613.46,2025-11-19,2025-12-19,closed,2025-12-21,32,2,False,False,seasonal_payer
INV10000072,B010,B010-C1004,Auto Client 004,Auto Components,30,15634.13,2025-11-27,2025-12-27,closed,2026-01-09,43,13,False,False,seasonal_payer
INV10000073,B010,B010-C1004,Auto Client 004,Auto Components,30,27303.4,2025-11-28,2025-12-28,closed,2026-01-10,43,13,False,False,seasonal_payer
INV10000074,B010,B010-C1004,Auto Client 004,Auto Components,30,20350.9,2025-12-13,2026-01-12,closed,2026-01-13,31,1,False,False,seasonal_payer
INV10000075,B010,B010-C1004,Auto Client 004,Auto Components,30,34711.83,2026-02-17,2026-03-19,closed,2026-04-03,45,15,False,False,seasonal_payer
INV10000076,B010,B010-C1004,Auto Client 004,Auto Components,30,25142.4,2026-03-22,2026-04-21,closed,2026-04-26,35,5,False,False,seasonal_payer
INV10000077,B010,B010-C1004,Auto Client 004,Auto Components,30,25249.51,2026-03-29,2026-04-28,closed,2026-05-09,41,11,False,False,seasonal_payer
INV10000078,B010,B010-C1004,Auto Client 004,Auto Components,30,28739.51,2026-04-04,2026-05-04,closed,2026-05-14,40,10,False,False,seasonal_payer
INV10000079,B010,B010-C1004,Auto Client 004,Auto Components,30,25077.9,2026-04-05,2026-05-05,closed,2026-05-12,37,7,False,False,seasonal_payer
INV10000080,B010,B010-C1004,Auto Client 004,Auto Components,30,21020.56,2026-04-17,2026-05-17,closed,2026-05-29,42,12,False,False,seasonal_payer
INV10000081,B010,B010-C1004,Auto Client 004,Auto Components,30,21699.9,2026-04-22,2026-05-22,closed,2026-06-02,41,11,False,False,seasonal_payer
INV10000082,B010,B010-C1004,Auto Client 004,Auto Components,30,16518.91,2026-05-12,2026-06-11,closed,2026-06-16,35,5,False,False,seasonal_payer
INV10000083,B010,B010-C1004,Auto Client 004,Auto Components,30,24194.65,2026-05-12,2026-06-11,closed,2026-06-17,36,6,False,False,seasonal_payer
INV10000084,B010,B010-C1004,Auto Client 004,Auto Components,30,19587.12,2026-06-30,2026-07-30,closed,2026-08-07,38,8,False,False,seasonal_payer
INV10000085,B010,B010-C1004,Auto Client 004,Auto Components,30,23899.06,2026-07-07,2026-08-06,closed,2026-08-06,30,0,False,False,seasonal_payer
INV10000086,B010,B010-C1004,Auto Client 004,Auto Components,30,21493.26,2026-07-15,2026-08-14,closed,2026-08-17,33,3,False,False,seasonal_payer
INV10000087,B010,B010-C1004,Auto Client 004,Auto Components,30,26108.28,2026-07-15,2026-08-14,closed,2026-08-19,35,5,False,False,seasonal_payer
INV10000088,B010,B010-C1004,Auto Client 004,Auto Components,30,123813.66,2026-08-22,2026-09-21,open,,,,False,True,seasonal_payer
INV10000089,B010,B010-C1004,Auto Client 004,Auto Components,30,24075.58,2026-08-23,2026-09-22,open,,,,False,False,seasonal_payer
INV10000090,B010,B010-C1005,Metal Client 005,Metal & Engineering,30,820106.46,2024-04-20,2024-05-20,closed,2024-06-03,44,14,False,False,average_payer
INV10000091,B010,B010-C1005,Metal Client 005,Metal & Engineering,30,449605.89,2024-05-01,2024-05-31,closed,2024-06-06,36,6,True,False,average_payer
INV10000092,B010,B010-C1005,Metal Client 005,Metal & Engineering,30,384270.44,2024-11-28,2024-12-28,closed,2025-01-02,35,5,False,False,average_payer
INV10000093,B010,B010-C1005,Metal Client 005,Metal & Engineering,30,505479.46,2025-03-26,2025-04-25,closed,2025-04-14,19,-11,False,False,average_payer
INV10000094,B010,B010-C1005,Metal Client 005,Metal & Engineering,30,574759.72,2025-12-22,2026-01-21,closed,2026-01-29,38,8,False,False,average_payer
INV10000095,B010,B010-C1005,Metal Client 005,Metal & Engineering,30,532139.16,2026-04-08,2026-05-08,closed,2026-05-13,35,5,False,False,average_payer
INV10000096,B010,B010-C1006,Textiles Client 006,Textiles & Apparel,45,335208.95,2024-04-24,2024-06-08,closed,2024-08-21,119,74,False,False,erratic_payer
INV10000097,B010,B010-C1006,Textiles Client 006,Textiles & Apparel,45,336488.26,2024-05-13,2024-06-27,closed,2024-06-28,46,1,False,False,erratic_payer
INV10000098,B010,B010-C1006,Textiles Client 006,Textiles & Apparel,45,474842.66,2024-07-08,2024-08-22,closed,2024-08-26,49,4,False,False,erratic_payer
INV10000099,B010,B010-C1006,Textiles Client 006,Textiles & Apparel,45,406740.28,2024-07-10,2024-08-24,closed,2024-09-03,55,10,False,False,erratic_payer
INV10000100,B010,B010-C1006,Textiles Client 006,Textiles & Apparel,45,347507.34,2024-09-14,2024-10-29,closed,2024-11-06,53,8,False,False,erratic_payer
INV10000101,B010,B010-C1006,Textiles Client 006,Textiles & Apparel,45,368671.54,2024-09-19,2024-11-03,closed,2024-10-24,35,-10,False,False,erratic_payer
INV10000102,B010,B010-C1006,Textiles Client 006,Textiles & Apparel,45,361500.77,2024-10-21,2024-12-05,closed,2024-12-21,61,16,False,False,erratic_payer
INV10000103,B010,B010-C1006,Textiles Client 006,Textiles & Apparel,45,451762.42,2024-10-29,2024-12-13,closed,2025-01-08,71,26,False,False,erratic_payer
INV10000104,B010,B010-C1006,Textiles Client 006,Textiles & Apparel,45,327309.48,2024-12-21,2025-02-04,closed,2025-02-11,52,7,False,False,erratic_payer
INV10000105,B010,B010-C1006,Textiles Client 006,Textiles & Apparel,45,571953.68,2025-02-08,2025-03-25,closed,2025-04-02,53,8,False,False,erratic_payer
INV10000106,B010,B010-C1006,Textiles Client 006,Textiles & Apparel,45,466588.89,2025-03-16,2025-04-30,closed,2025-06-10,86,41,False,False,erratic_payer
INV10000107,B010,B010-C1006,Textiles Client 006,Textiles & Apparel,45,411341.1,2025-04-12,2025-05-27,closed,2025-06-09,58,13,False,False,erratic_payer
INV10000108,B010,B010-C1006,Textiles Client 006,Textiles & Apparel,45,353505.13,2025-04-24,2025-06-08,closed,2025-06-02,39,-6,False,False,erratic_payer
INV10000109,B010,B010-C1006,Textiles Client 006,Textiles & Apparel,45,609672.4,2025-07-07,2025-08-21,closed,2025-08-28,52,7,False,False,erratic_payer
INV10000110,B010,B010-C1006,Textiles Client 006,Textiles & Apparel,45,503085.68,2025-07-23,2025-09-06,closed,2025-09-19,58,13,False,False,erratic_payer
INV10000111,B010,B010-C1006,Textiles Client 006,Textiles & Apparel,45,280304.51,2025-08-04,2025-09-18,closed,2025-11-13,101,56,False,False,erratic_payer
INV10000112,B010,B010-C1006,Textiles Client 006,Textiles & Apparel,45,275284.32,2025-08-13,2025-09-27,disputed_open,,,,False,False,erratic_payer
INV10000113,B010,B010-C1006,Textiles Client 006,Textiles & Apparel,45,569242.2,2025-09-18,2025-11-02,closed,2025-11-10,53,8,False,False,erratic_payer
INV10000114,B010,B010-C1006,Textiles Client 006,Textiles & Apparel,45,369273.71,2025-10-05,2025-11-19,closed,2026-02-28,146,101,False,False,erratic_payer
INV10000115,B010,B010-C1006,Textiles Client 006,Textiles & Apparel,45,624616.68,2025-10-10,2025-11-24,closed,2025-11-30,51,6,True,False,erratic_payer
INV10000116,B010,B010-C1006,Textiles Client 006,Textiles & Apparel,45,713583.04,2025-10-18,2025-12-02,closed,2025-12-15,58,13,False,False,erratic_payer
INV10000117,B010,B010-C1006,Textiles Client 006,Textiles & Apparel,45,397228.7,2025-10-29,2025-12-13,open,,,,False,False,erratic_payer
INV10000118,B010,B010-C1006,Textiles Client 006,Textiles & Apparel,45,273379.59,2025-10-30,2025-12-14,closed,2025-12-18,49,4,False,False,erratic_payer
INV10000119,B010,B010-C1006,Textiles Client 006,Textiles & Apparel,45,776939.6,2025-12-07,2026-01-21,closed,2026-01-27,51,6,False,False,erratic_payer
INV10000120,B010,B010-C1006,Textiles Client 006,Textiles & Apparel,45,255122.5,2026-01-07,2026-02-21,closed,2026-03-12,64,19,False,False,erratic_payer
INV10000121,B010,B010-C1006,Textiles Client 006,Textiles & Apparel,45,319875.9,2026-02-08,2026-03-25,closed,2026-04-02,53,8,False,False,erratic_payer
INV10000122,B010,B010-C1006,Textiles Client 006,Textiles & Apparel,45,478413.72,2026-02-10,2026-03-27,closed,2026-04-14,63,18,False,False,erratic_payer
INV10000123,B010,B010-C1006,Textiles Client 006,Textiles & Apparel,45,367146.09,2026-03-14,2026-04-28,closed,2026-05-01,48,3,False,False,erratic_payer
INV10000124,B010,B010-C1006,Textiles Client 006,Textiles & Apparel,45,177843.23,2026-06-27,2026-08-11,closed,2026-08-15,49,4,False,False,erratic_payer
INV10000125,B010,B010-C1006,Textiles Client 006,Textiles & Apparel,45,338520.31,2026-07-10,2026-08-24,open,,,,False,False,erratic_payer
INV10000126,B010,B010-C1006,Textiles Client 006,Textiles & Apparel,45,423131.47,2026-07-14,2026-08-28,closed,2026-09-02,50,5,False,False,erratic_payer
INV10000127,B010,B010-C1006,Textiles Client 006,Textiles & Apparel,45,521898.17,2026-07-28,2026-09-11,open,,,,False,False,erratic_payer
INV10000128,B010,B010-C1006,Textiles Client 006,Textiles & Apparel,45,515715.29,2026-08-07,2026-09-21,open,,,,False,False,erratic_payer
INV10000129,B010,B010-C1006,Textiles Client 006,Textiles & Apparel,45,424139.76,2026-08-18,2026-10-02,disputed_open,,,,False,False,erratic_payer
INV10000130,B010,B010-C1007,Chemicals Client 007,Chemicals & Plastics,45,71137.14,2024-07-15,2024-08-29,closed,2024-09-17,64,19,False,False,chronic_late_payer
INV10000131,B010,B010-C1007,Chemicals Client 007,Chemicals & Plastics,45,146780.74,2024-12-25,2025-02-08,closed,2025-03-15,80,35,False,False,chronic_late_payer
INV10000132,B010,B010-C1007,Chemicals Client 007,Chemicals & Plastics,45,94209.49,2024-12-26,2025-02-09,closed,2025-03-16,80,35,False,False,chronic_late_payer
INV10000133,B010,B010-C1007,Chemicals Client 007,Chemicals & Plastics,45,88046.27,2025-08-04,2025-09-18,closed,2025-10-15,72,27,False,False,chronic_late_payer
INV10000134,B010,B010-C1007,Chemicals Client 007,Chemicals & Plastics,45,131286.75,2025-08-15,2025-09-29,closed,2025-10-26,72,27,False,False,chronic_late_payer
INV10000135,B010,B010-C1007,Chemicals Client 007,Chemicals & Plastics,45,222523.7,2025-08-28,2025-10-12,closed,2025-11-17,81,36,False,True,chronic_late_payer
INV10000136,B010,B010-C1007,Chemicals Client 007,Chemicals & Plastics,45,67623.33,2025-08-28,2025-10-12,closed,2025-11-04,68,23,False,False,chronic_late_payer
INV10000137,B010,B010-C1007,Chemicals Client 007,Chemicals & Plastics,45,118160.24,2025-09-27,2025-11-11,closed,2025-11-25,59,14,False,False,chronic_late_payer
INV10000138,B010,B010-C1007,Chemicals Client 007,Chemicals & Plastics,45,114971.92,2025-11-14,2025-12-29,closed,2026-02-13,91,46,False,False,chronic_late_payer
INV10000139,B010,B010-C1007,Chemicals Client 007,Chemicals & Plastics,45,81801.0,2026-01-13,2026-02-27,closed,2026-04-03,80,35,False,False,chronic_late_payer
INV10000140,B010,B010-C1007,Chemicals Client 007,Chemicals & Plastics,45,93022.28,2026-03-02,2026-04-16,closed,2026-05-03,62,17,False,False,chronic_late_payer
INV10000141,B010,B010-C1007,Chemicals Client 007,Chemicals & Plastics,45,226985.02,2026-03-11,2026-04-25,closed,2026-05-19,69,24,False,False,chronic_late_payer
INV10000142,B010,B010-C1007,Chemicals Client 007,Chemicals & Plastics,45,160972.24,2026-03-27,2026-05-11,closed,2026-06-09,74,29,True,False,chronic_late_payer
INV10000143,B010,B010-C1008,Retail Client 008,Retail & Distribution,60,27474.16,2024-04-17,2024-06-16,closed,2024-07-09,83,23,False,False,improving_payer
INV10000144,B010,B010-C1008,Retail Client 008,Retail & Distribution,60,65679.36,2024-04-25,2024-06-24,closed,2024-07-24,90,30,False,False,improving_payer
INV10000145,B010,B010-C1008,Retail Client 008,Retail & Distribution,60,51049.8,2024-05-12,2024-07-11,closed,2024-08-04,84,24,False,False,improving_payer
INV10000146,B010,B010-C1008,Retail Client 008,Retail & Distribution,60,66013.23,2024-05-18,2024-07-17,closed,2024-08-21,95,35,False,False,improving_payer
INV10000147,B010,B010-C1008,Retail Client 008,Retail & Distribution,60,225384.92,2024-05-24,2024-07-23,closed,2024-08-24,92,32,False,True,improving_payer
INV10000148,B010,B010-C1008,Retail Client 008,Retail & Distribution,60,34959.59,2024-06-03,2024-08-02,closed,2024-09-08,97,37,False,False,improving_payer
INV10000149,B010,B010-C1008,Retail Client 008,Retail & Distribution,60,192006.61,2024-07-18,2024-09-16,closed,2024-10-05,79,19,False,True,improving_payer
INV10000150,B010,B010-C1008,Retail Client 008,Retail & Distribution,60,62705.18,2024-07-31,2024-09-29,closed,2024-11-13,105,45,False,False,improving_payer
INV10000151,B010,B010-C1008,Retail Client 008,Retail & Distribution,60,95065.66,2024-08-25,2024-10-24,closed,2024-11-23,90,30,False,False,improving_payer
INV10000152,B010,B010-C1008,Retail Client 008,Retail & Distribution,60,74815.52,2024-10-02,2024-12-01,closed,2025-01-06,96,36,False,False,improving_payer
INV10000153,B010,B010-C1008,Retail Client 008,Retail & Distribution,60,83831.81,2024-10-08,2024-12-07,closed,2025-01-04,88,28,False,False,improving_payer
INV10000154,B010,B010-C1008,Retail Client 008,Retail & Distribution,60,73468.24,2024-10-11,2024-12-10,closed,2024-12-26,76,16,False,False,improving_payer
INV10000155,B010,B010-C1008,Retail Client 008,Retail & Distribution,60,50382.17,2024-11-18,2025-01-17,closed,2025-02-24,98,38,False,False,improving_payer
INV10000156,B010,B010-C1008,Retail Client 008,Retail & Distribution,60,70131.12,2024-12-09,2025-02-07,closed,2025-03-02,83,23,False,False,improving_payer
INV10000157,B010,B010-C1008,Retail Client 008,Retail & Distribution,60,296106.36,2024-12-18,2025-02-16,closed,2025-03-06,78,18,False,True,improving_payer
INV10000158,B010,B010-C1008,Retail Client 008,Retail & Distribution,60,68201.23,2024-12-21,2025-02-19,closed,2025-03-23,92,32,False,False,improving_payer
INV10000159,B010,B010-C1008,Retail Client 008,Retail & Distribution,60,56690.85,2025-01-01,2025-03-02,closed,2025-04-05,94,34,False,False,improving_payer
INV10000160,B010,B010-C1008,Retail Client 008,Retail & Distribution,60,51504.18,2025-01-04,2025-03-05,closed,2025-03-23,78,18,False,False,improving_payer
INV10000161,B010,B010-C1008,Retail Client 008,Retail & Distribution,60,52170.83,2025-01-17,2025-03-18,closed,2025-04-08,81,21,False,False,improving_payer
INV10000162,B010,B010-C1008,Retail Client 008,Retail & Distribution,60,49887.2,2025-02-10,2025-04-11,closed,2025-04-26,75,15,False,False,improving_payer
INV10000163,B010,B010-C1008,Retail Client 008,Retail & Distribution,60,43510.57,2025-03-16,2025-05-15,closed,2025-06-11,87,27,False,False,improving_payer
INV10000164,B010,B010-C1008,Retail Client 008,Retail & Distribution,60,28817.31,2025-04-02,2025-06-01,closed,2025-06-19,78,18,False,False,improving_payer
INV10000165,B010,B010-C1008,Retail Client 008,Retail & Distribution,60,80574.08,2025-04-06,2025-06-05,closed,2025-07-08,93,33,False,False,improving_payer
INV10000166,B010,B010-C1008,Retail Client 008,Retail & Distribution,60,51504.96,2025-04-10,2025-06-09,closed,2025-07-18,99,39,False,False,improving_payer
INV10000167,B010,B010-C1008,Retail Client 008,Retail & Distribution,60,47099.15,2025-05-16,2025-07-15,closed,2025-08-10,86,26,False,False,improving_payer
INV10000168,B010,B010-C1008,Retail Client 008,Retail & Distribution,60,66453.73,2025-05-20,2025-07-19,closed,2025-08-17,89,29,False,False,improving_payer
INV10000169,B010,B010-C1008,Retail Client 008,Retail & Distribution,60,28888.09,2025-05-31,2025-07-30,closed,2025-08-28,89,29,False,False,improving_payer
INV10000170,B010,B010-C1008,Retail Client 008,Retail & Distribution,60,254187.04,2025-06-07,2025-08-06,closed,2025-08-22,76,16,False,True,improving_payer
INV10000171,B010,B010-C1008,Retail Client 008,Retail & Distribution,60,67405.49,2025-06-09,2025-08-08,closed,2025-08-21,73,13,False,False,improving_payer
INV10000172,B010,B010-C1008,Retail Client 008,Retail & Distribution,60,73573.36,2025-06-16,2025-08-15,closed,2025-08-31,76,16,False,False,improving_payer
INV10000173,B010,B010-C1008,Retail Client 008,Retail & Distribution,60,38610.45,2025-06-25,2025-08-24,closed,2025-09-12,79,19,False,False,improving_payer
INV10000174,B010,B010-C1008,Retail Client 008,Retail & Distribution,60,39517.95,2025-06-26,2025-08-25,closed,2025-09-23,89,29,False,False,improving_payer
INV10000175,B010,B010-C1008,Retail Client 008,Retail & Distribution,60,73377.17,2025-07-10,2025-09-08,closed,2025-09-05,57,-3,False,False,improving_payer
INV10000176,B010,B010-C1008,Retail Client 008,Retail & Distribution,60,247684.03,2025-07-19,2025-09-17,closed,2025-10-06,79,19,False,True,improving_payer
INV10000177,B010,B010-C1008,Retail Client 008,Retail & Distribution,60,37738.73,2025-08-02,2025-10-01,closed,2025-10-14,73,13,False,False,improving_payer
INV10000178,B010,B010-C1008,Retail Client 008,Retail & Distribution,60,302403.11,2025-08-13,2025-10-12,closed,2025-10-28,76,16,False,True,improving_payer
INV10000179,B010,B010-C1008,Retail Client 008,Retail & Distribution,60,27528.26,2025-08-21,2025-10-20,closed,2025-10-21,61,1,False,False,improving_payer
INV10000180,B010,B010-C1008,Retail Client 008,Retail & Distribution,60,34599.5,2025-08-26,2025-10-25,closed,2025-10-31,66,6,False,False,improving_payer
INV10000181,B010,B010-C1008,Retail Client 008,Retail & Distribution,60,78286.44,2025-08-30,2025-10-29,closed,2025-11-10,72,12,False,False,improving_payer
INV10000182,B010,B010-C1008,Retail Client 008,Retail & Distribution,60,55308.66,2025-09-12,2025-11-11,closed,2025-11-23,72,12,False,False,improving_payer
INV10000183,B010,B010-C1008,Retail Client 008,Retail & Distribution,60,50556.9,2025-10-04,2025-12-03,closed,2025-12-18,75,15,True,False,improving_payer
INV10000184,B010,B010-C1008,Retail Client 008,Retail & Distribution,60,58434.33,2025-10-06,2025-12-05,closed,2025-12-30,85,25,False,False,improving_payer
INV10000185,B010,B010-C1008,Retail Client 008,Retail & Distribution,60,49479.34,2025-10-31,2025-12-30,closed,2025-12-27,57,-3,False,False,improving_payer
INV10000186,B010,B010-C1008,Retail Client 008,Retail & Distribution,60,47588.63,2025-11-22,2026-01-21,closed,2026-01-31,70,10,False,False,improving_payer
INV10000187,B010,B010-C1008,Retail Client 008,Retail & Distribution,60,45562.09,2026-01-10,2026-03-11,closed,2026-03-14,63,3,False,False,improving_payer
INV10000188,B010,B010-C1008,Retail Client 008,Retail & Distribution,60,101326.33,2026-01-26,2026-03-27,closed,2026-04-11,75,15,False,False,improving_payer
INV10000189,B010,B010-C1008,Retail Client 008,Retail & Distribution,60,101399.92,2026-01-30,2026-03-31,closed,2026-04-02,62,2,False,False,improving_payer
INV10000190,B010,B010-C1008,Retail Client 008,Retail & Distribution,60,33621.05,2026-01-31,2026-04-01,closed,2026-04-01,60,0,False,False,improving_payer
INV10000191,B010,B010-C1008,Retail Client 008,Retail & Distribution,60,63521.33,2026-02-28,2026-04-29,closed,2026-05-02,63,3,False,False,improving_payer
INV10000192,B010,B010-C1008,Retail Client 008,Retail & Distribution,60,77285.16,2026-03-01,2026-04-30,closed,2026-05-08,68,8,False,False,improving_payer
INV10000193,B010,B010-C1008,Retail Client 008,Retail & Distribution,60,48856.53,2026-04-11,2026-06-10,closed,2026-06-05,55,-5,False,False,improving_payer
INV10000194,B010,B010-C1008,Retail Client 008,Retail & Distribution,60,86191.06,2026-04-29,2026-06-28,closed,2026-06-23,55,-5,False,False,improving_payer
INV10000195,B010,B010-C1008,Retail Client 008,Retail & Distribution,60,51772.89,2026-07-06,2026-09-04,disputed_open,,,,False,False,improving_payer
INV10000196,B010,B010-C1008,Retail Client 008,Retail & Distribution,60,66492.56,2026-07-08,2026-09-06,disputed_open,,,,False,False,improving_payer
INV10000197,B010,B010-C1009,Metal Client 009,Metal & Engineering,30,49971.67,2024-03-16,2024-04-15,closed,2024-04-23,38,8,False,False,seasonal_payer
INV10000198,B010,B010-C1009,Metal Client 009,Metal & Engineering,30,122270.97,2024-04-10,2024-05-10,closed,2024-05-28,48,18,False,False,seasonal_payer
INV10000199,B010,B010-C1009,Metal Client 009,Metal & Engineering,30,123764.61,2024-04-27,2024-05-27,closed,2024-06-02,36,6,False,False,seasonal_payer
INV10000200,B010,B010-C1009,Metal Client 009,Metal & Engineering,30,105458.31,2024-04-28,2024-05-28,closed,2024-06-04,37,7,False,False,seasonal_payer
INV10000201,B010,B010-C1009,Metal Client 009,Metal & Engineering,30,135833.17,2024-05-15,2024-06-14,closed,2024-06-26,42,12,False,False,seasonal_payer
INV10000202,B010,B010-C1009,Metal Client 009,Metal & Engineering,30,136712.42,2024-06-09,2024-07-09,closed,2024-07-23,44,14,False,False,seasonal_payer
INV10000203,B010,B010-C1009,Metal Client 009,Metal & Engineering,30,95216.68,2024-06-18,2024-07-18,closed,2024-08-04,47,17,False,False,seasonal_payer
INV10000204,B010,B010-C1009,Metal Client 009,Metal & Engineering,30,111303.05,2024-07-06,2024-08-05,closed,2024-08-20,45,15,False,False,seasonal_payer
INV10000205,B010,B010-C1009,Metal Client 009,Metal & Engineering,30,114278.69,2024-07-24,2024-08-23,closed,2024-09-09,47,17,False,False,seasonal_payer
INV10000206,B010,B010-C1009,Metal Client 009,Metal & Engineering,30,313308.65,2024-09-18,2024-10-18,closed,2024-10-12,24,-6,True,True,seasonal_payer
INV10000207,B010,B010-C1009,Metal Client 009,Metal & Engineering,30,129106.82,2024-09-29,2024-10-29,closed,2024-11-07,39,9,False,False,seasonal_payer
INV10000208,B010,B010-C1009,Metal Client 009,Metal & Engineering,30,150640.91,2024-10-09,2024-11-08,closed,2024-11-17,39,9,False,False,seasonal_payer
INV10000209,B010,B010-C1009,Metal Client 009,Metal & Engineering,30,136055.92,2024-10-15,2024-11-14,closed,2024-11-24,40,10,False,False,seasonal_payer
INV10000210,B010,B010-C1009,Metal Client 009,Metal & Engineering,30,127522.32,2024-10-29,2024-11-28,closed,2024-12-02,34,4,False,False,seasonal_payer
INV10000211,B010,B010-C1009,Metal Client 009,Metal & Engineering,30,162777.63,2024-11-19,2024-12-19,closed,2025-01-01,43,13,False,False,seasonal_payer
INV10000212,B010,B010-C1009,Metal Client 009,Metal & Engineering,30,114530.84,2024-11-28,2024-12-28,closed,2024-12-26,28,-2,False,False,seasonal_payer
INV10000213,B010,B010-C1009,Metal Client 009,Metal & Engineering,30,107765.3,2025-01-10,2025-02-09,closed,2025-02-08,29,-1,False,False,seasonal_payer
INV10000214,B010,B010-C1009,Metal Client 009,Metal & Engineering,30,70388.03,2025-01-14,2025-02-13,closed,2025-03-01,46,16,False,False,seasonal_payer
INV10000215,B010,B010-C1009,Metal Client 009,Metal & Engineering,30,186012.94,2025-02-12,2025-03-14,closed,2025-03-19,35,5,False,False,seasonal_payer
INV10000216,B010,B010-C1009,Metal Client 009,Metal & Engineering,30,118056.37,2025-02-22,2025-03-24,closed,2025-03-19,25,-5,False,False,seasonal_payer
INV10000217,B010,B010-C1009,Metal Client 009,Metal & Engineering,30,132554.94,2025-03-02,2025-04-01,closed,2025-04-06,35,5,False,False,seasonal_payer
INV10000218,B010,B010-C1009,Metal Client 009,Metal & Engineering,30,120517.03,2025-03-05,2025-04-04,closed,2025-04-13,39,9,False,False,seasonal_payer
INV10000219,B010,B010-C1009,Metal Client 009,Metal & Engineering,30,128781.97,2025-03-08,2025-04-07,closed,2025-04-16,39,9,False,False,seasonal_payer
INV10000220,B010,B010-C1009,Metal Client 009,Metal & Engineering,30,112975.71,2025-03-15,2025-04-14,closed,2025-05-04,50,20,False,False,seasonal_payer
INV10000221,B010,B010-C1009,Metal Client 009,Metal & Engineering,30,150096.65,2025-03-23,2025-04-22,closed,2025-05-06,44,14,False,False,seasonal_payer
INV10000222,B010,B010-C1009,Metal Client 009,Metal & Engineering,30,98324.88,2025-04-15,2025-05-15,closed,2025-05-30,45,15,False,False,seasonal_payer
INV10000223,B010,B010-C1009,Metal Client 009,Metal & Engineering,30,135523.86,2025-05-05,2025-06-04,closed,2025-06-23,49,19,False,False,seasonal_payer
INV10000224,B010,B010-C1009,Metal Client 009,Metal & Engineering,30,165511.27,2025-06-06,2025-07-06,closed,2025-07-16,40,10,False,False,seasonal_payer
INV10000225,B010,B010-C1009,Metal Client 009,Metal & Engineering,30,153232.72,2025-06-16,2025-07-16,closed,2025-07-30,44,14,False,False,seasonal_payer
INV10000226,B010,B010-C1009,Metal Client 009,Metal & Engineering,30,102756.44,2025-06-22,2025-07-22,closed,2025-08-04,43,13,False,False,seasonal_payer
INV10000227,B010,B010-C1009,Metal Client 009,Metal & Engineering,30,116205.98,2025-06-29,2025-07-29,closed,2025-08-08,40,10,False,False,seasonal_payer
INV10000228,B010,B010-C1009,Metal Client 009,Metal & Engineering,30,87719.18,2025-07-17,2025-08-16,closed,2025-09-07,52,22,False,False,seasonal_payer
INV10000229,B010,B010-C1009,Metal Client 009,Metal & Engineering,30,95934.57,2025-08-01,2025-08-31,closed,2025-09-01,31,1,False,False,seasonal_payer
INV10000230,B010,B010-C1009,Metal Client 009,Metal & Engineering,30,97336.46,2025-08-10,2025-09-09,closed,2025-09-14,35,5,False,False,seasonal_payer
INV10000231,B010,B010-C1009,Metal Client 009,Metal & Engineering,30,105539.26,2025-09-02,2025-10-02,closed,2025-10-18,46,16,False,False,seasonal_payer
INV10000232,B010,B010-C1009,Metal Client 009,Metal & Engineering,30,156556.32,2025-10-01,2025-10-31,closed,2025-11-13,43,13,False,False,seasonal_payer
INV10000233,B010,B010-C1009,Metal Client 009,Metal & Engineering,30,97996.67,2025-10-19,2025-11-18,closed,2025-11-29,41,11,False,False,seasonal_payer
INV10000234,B010,B010-C1009,Metal Client 009,Metal & Engineering,30,90124.35,2025-10-23,2025-11-22,closed,2025-11-18,26,-4,True,False,seasonal_payer
INV10000235,B010,B010-C1009,Metal Client 009,Metal & Engineering,30,147964.93,2025-10-23,2025-11-22,closed,2025-11-26,34,4,False,False,seasonal_payer
INV10000236,B010,B010-C1009,Metal Client 009,Metal & Engineering,30,163857.28,2025-11-01,2025-12-01,closed,2025-12-20,49,19,False,False,seasonal_payer
INV10000237,B010,B010-C1009,Metal Client 009,Metal & Engineering,30,102175.12,2025-12-07,2026-01-06,closed,2026-01-01,25,-5,False,False,seasonal_payer
INV10000238,B010,B010-C1009,Metal Client 009,Metal & Engineering,30,183878.43,2025-12-26,2026-01-25,closed,2026-01-27,32,2,False,False,seasonal_payer
INV10000239,B010,B010-C1009,Metal Client 009,Metal & Engineering,30,102491.86,2026-01-19,2026-02-18,closed,2026-02-24,36,6,False,False,seasonal_payer
INV10000240,B010,B010-C1009,Metal Client 009,Metal & Engineering,30,156279.92,2026-02-06,2026-03-08,closed,2026-03-12,34,4,False,False,seasonal_payer
INV10000241,B010,B010-C1009,Metal Client 009,Metal & Engineering,30,114004.18,2026-02-24,2026-03-26,closed,2026-03-22,26,-4,False,False,seasonal_payer
INV10000242,B010,B010-C1009,Metal Client 009,Metal & Engineering,30,670419.19,2026-03-18,2026-04-17,closed,2026-04-25,38,8,False,True,seasonal_payer
INV10000243,B010,B010-C1009,Metal Client 009,Metal & Engineering,30,119699.93,2026-03-25,2026-04-24,closed,2026-05-07,43,13,False,False,seasonal_payer
INV10000244,B010,B010-C1009,Metal Client 009,Metal & Engineering,30,113229.74,2026-04-06,2026-05-06,closed,2026-05-12,36,6,False,False,seasonal_payer
INV10000245,B010,B010-C1009,Metal Client 009,Metal & Engineering,30,133822.49,2026-05-22,2026-06-21,closed,2026-06-21,30,0,False,False,seasonal_payer
INV10000246,B010,B010-C1009,Metal Client 009,Metal & Engineering,30,91874.02,2026-05-24,2026-06-23,closed,2026-07-10,47,17,False,False,seasonal_payer
INV10000247,B010,B010-C1009,Metal Client 009,Metal & Engineering,30,195086.74,2026-06-14,2026-07-14,closed,2026-07-26,42,12,False,False,seasonal_payer
INV10000248,B010,B010-C1009,Metal Client 009,Metal & Engineering,30,421341.37,2026-07-13,2026-08-12,closed,2026-08-26,44,14,False,True,seasonal_payer
INV10000249,B010,B010-C1009,Metal Client 009,Metal & Engineering,30,63869.5,2026-07-31,2026-08-30,open,,,,False,False,seasonal_payer
INV10000250,B010,B010-C1009,Metal Client 009,Metal & Engineering,30,128278.99,2026-08-10,2026-09-09,open,,,,False,False,seasonal_payer
INV10000251,B010,B010-C1010,IT Client 010,IT & Business Services,45,72129.09,2024-06-13,2024-07-28,closed,2024-09-22,101,56,False,False,improving_payer
INV10000252,B010,B010-C1010,IT Client 010,IT & Business Services,45,46352.69,2024-06-16,2024-07-31,closed,2024-09-10,86,41,False,False,improving_payer
INV10000253,B010,B010-C1010,IT Client 010,IT & Business Services,45,80430.7,2024-06-23,2024-08-07,closed,2024-08-27,65,20,False,False,improving_payer
INV10000254,B010,B010-C1010,IT Client 010,IT & Business Services,45,53930.27,2024-07-01,2024-08-15,closed,2024-08-28,58,13,False,False,improving_payer
INV10000255,B010,B010-C1010,IT Client 010,IT & Business Services,45,39037.88,2024-07-04,2024-08-18,closed,2024-09-29,87,42,True,False,improving_payer
INV10000256,B010,B010-C1010,IT Client 010,IT & Business Services,45,43732.2,2025-02-05,2025-03-22,closed,2025-04-14,68,23,False,False,improving_payer
INV10000257,B010,B010-C1010,IT Client 010,IT & Business Services,45,38676.73,2025-05-20,2025-07-04,closed,2025-07-23,64,19,False,False,improving_payer
INV10000258,B010,B010-C1010,IT Client 010,IT & Business Services,45,40159.42,2025-07-18,2025-09-01,closed,2025-09-30,74,29,False,False,improving_payer
INV10000259,B010,B010-C1010,IT Client 010,IT & Business Services,45,94084.65,2025-08-01,2025-09-15,closed,2025-10-15,75,30,False,False,improving_payer
INV10000260,B010,B010-C1010,IT Client 010,IT & Business Services,45,46095.01,2025-08-22,2025-10-06,closed,2025-10-29,68,23,False,False,improving_payer
INV10000261,B010,B010-C1010,IT Client 010,IT & Business Services,45,62433.13,2025-09-13,2025-10-28,closed,2025-11-22,70,25,False,False,improving_payer
INV10000262,B010,B010-C1010,IT Client 010,IT & Business Services,45,55059.18,2025-09-20,2025-11-04,closed,2025-11-29,70,25,False,False,improving_payer
INV10000263,B010,B010-C1010,IT Client 010,IT & Business Services,45,51295.39,2025-09-30,2025-11-14,closed,2025-12-12,73,28,False,False,improving_payer
INV10000264,B010,B010-C1010,IT Client 010,IT & Business Services,45,64553.4,2025-10-16,2025-11-30,closed,2025-12-08,53,8,False,False,improving_payer
INV10000265,B010,B010-C1010,IT Client 010,IT & Business Services,45,32564.87,2025-11-06,2025-12-21,closed,2026-01-22,77,32,False,False,improving_payer
INV10000266,B010,B010-C1010,IT Client 010,IT & Business Services,45,57988.32,2025-11-15,2025-12-30,closed,2026-02-02,79,34,False,False,improving_payer
INV10000267,B010,B010-C1010,IT Client 010,IT & Business Services,45,60331.3,2025-11-29,2026-01-13,closed,2026-01-17,49,4,False,False,improving_payer
INV10000268,B010,B010-C1010,IT Client 010,IT & Business Services,45,63723.6,2025-12-14,2026-01-28,closed,2026-02-04,52,7,False,False,improving_payer
INV10000269,B010,B010-C1010,IT Client 010,IT & Business Services,45,30892.93,2025-12-18,2026-02-01,closed,2026-02-02,46,1,False,False,improving_payer
INV10000270,B010,B010-C1010,IT Client 010,IT & Business Services,45,205049.36,2026-02-26,2026-04-12,closed,2026-05-01,64,19,False,True,improving_payer
INV10000271,B010,B010-C1010,IT Client 010,IT & Business Services,45,35277.78,2026-03-09,2026-04-23,closed,2026-05-09,61,16,False,False,improving_payer
INV10000272,B010,B010-C1010,IT Client 010,IT & Business Services,45,43984.18,2026-03-24,2026-05-08,closed,2026-05-14,51,6,False,False,improving_payer
INV10000273,B010,B010-C1010,IT Client 010,IT & Business Services,45,64407.83,2026-05-18,2026-07-02,closed,2026-07-15,58,13,False,False,improving_payer
INV10000274,B010,B010-C1010,IT Client 010,IT & Business Services,45,72628.46,2026-06-02,2026-07-17,closed,2026-07-27,55,10,False,False,improving_payer
INV10000275,B010,B010-C1011,Construction Client 011,Construction & Infra,45,27898.03,2024-04-12,2024-05-27,closed,2024-06-04,53,8,False,False,cold_start
INV10000276,B010,B010-C1011,Construction Client 011,Construction & Infra,45,189923.41,2024-10-26,2024-12-10,closed,2024-12-05,40,-5,False,True,cold_start
INV10000277,B010,B010-C1011,Construction Client 011,Construction & Infra,45,43894.27,2026-02-25,2026-04-11,closed,2026-04-21,55,10,False,False,cold_start
INV10000278,B010,B010-C1012,FMCG Client 012,FMCG & Food Processing,30,8081.13,2024-06-29,2024-07-29,closed,2024-07-25,26,-4,False,False,seasonal_payer
INV10000279,B010,B010-C1012,FMCG Client 012,FMCG & Food Processing,30,4880.17,2024-08-14,2024-09-13,closed,2024-09-27,44,14,False,False,seasonal_payer
INV10000280,B010,B010-C1012,FMCG Client 012,FMCG & Food Processing,30,7236.39,2025-01-03,2025-02-02,closed,2025-02-10,38,8,False,False,seasonal_payer
INV10000281,B010,B010-C1012,FMCG Client 012,FMCG & Food Processing,30,5867.49,2025-06-23,2025-07-23,closed,2025-07-15,22,-8,False,False,seasonal_payer
INV10000282,B010,B010-C1012,FMCG Client 012,FMCG & Food Processing,30,6838.7,2025-08-10,2025-09-09,closed,2025-09-09,30,0,False,False,seasonal_payer
INV10000283,B010,B010-C1012,FMCG Client 012,FMCG & Food Processing,30,7041.43,2025-11-25,2025-12-25,closed,2026-01-08,44,14,False,False,seasonal_payer
INV10000284,B010,B010-C1012,FMCG Client 012,FMCG & Food Processing,30,8556.45,2026-03-24,2026-04-23,closed,2026-04-29,36,6,False,False,seasonal_payer
INV10000285,B010,B010-C1012,FMCG Client 012,FMCG & Food Processing,30,5410.65,2026-04-16,2026-05-16,closed,2026-05-18,32,2,False,False,seasonal_payer
INV10000286,B010,B010-C1012,FMCG Client 012,FMCG & Food Processing,30,6893.64,2026-07-24,2026-08-23,closed,2026-08-27,34,4,False,False,seasonal_payer
INV10000287,B010,B010-C1012,FMCG Client 012,FMCG & Food Processing,30,4230.14,2026-08-17,2026-09-16,open,,,,False,False,seasonal_payer
INV10000288,B010,B010-C1013,Construction Client 013,Construction & Infra,60,91254.05,2024-05-29,2024-07-28,closed,2024-07-30,62,2,False,False,average_payer
INV10000289,B010,B010-C1013,Construction Client 013,Construction & Infra,60,313991.17,2024-06-18,2024-08-17,closed,2024-08-25,68,8,False,True,average_payer
INV10000290,B010,B010-C1013,Construction Client 013,Construction & Infra,60,138127.16,2024-06-24,2024-08-23,closed,2024-08-26,63,3,False,False,average_payer
INV10000291,B010,B010-C1013,Construction Client 013,Construction & Infra,60,135183.95,2024-07-06,2024-09-04,closed,2024-09-17,73,13,False,False,average_payer
INV10000292,B010,B010-C1013,Construction Client 013,Construction & Infra,60,93873.38,2024-07-13,2024-09-11,closed,2024-08-31,49,-11,False,False,average_payer
INV10000293,B010,B010-C1013,Construction Client 013,Construction & Infra,60,90980.95,2024-08-23,2024-10-22,closed,2024-11-01,70,10,False,False,average_payer
INV10000294,B010,B010-C1013,Construction Client 013,Construction & Infra,60,205909.34,2024-09-08,2024-11-07,closed,2024-11-20,73,13,False,False,average_payer
INV10000295,B010,B010-C1013,Construction Client 013,Construction & Infra,60,66209.33,2024-09-15,2024-11-14,closed,2024-11-16,62,2,False,False,average_payer
INV10000296,B010,B010-C1013,Construction Client 013,Construction & Infra,60,139602.6,2024-09-26,2024-11-25,closed,2024-11-30,65,5,False,False,average_payer
INV10000297,B010,B010-C1013,Construction Client 013,Construction & Infra,60,124561.65,2025-01-05,2025-03-06,closed,2025-02-26,52,-8,False,False,average_payer
INV10000298,B010,B010-C1013,Construction Client 013,Construction & Infra,60,136153.01,2025-01-14,2025-03-15,closed,2025-03-16,61,1,False,False,average_payer
INV10000299,B010,B010-C1013,Construction Client 013,Construction & Infra,60,98978.08,2025-02-08,2025-04-09,closed,2025-04-06,57,-3,False,False,average_payer
INV10000300,B010,B010-C1013,Construction Client 013,Construction & Infra,60,108450.25,2025-02-25,2025-04-26,closed,2025-04-27,61,1,False,False,average_payer
INV10000301,B010,B010-C1013,Construction Client 013,Construction & Infra,60,115370.82,2025-05-25,2025-07-24,closed,2025-07-18,54,-6,False,False,average_payer
INV10000302,B010,B010-C1013,Construction Client 013,Construction & Infra,60,86313.48,2025-05-27,2025-07-26,closed,2025-08-06,71,11,False,False,average_payer
INV10000303,B010,B010-C1013,Construction Client 013,Construction & Infra,60,83003.43,2025-07-08,2025-09-06,open,,,,False,False,average_payer
INV10000304,B010,B010-C1013,Construction Client 013,Construction & Infra,60,113164.2,2025-09-04,2025-11-03,open,,,,False,False,average_payer
INV10000305,B010,B010-C1013,Construction Client 013,Construction & Infra,60,91160.0,2025-09-06,2025-11-05,closed,2025-11-19,74,14,False,False,average_payer
INV10000306,B010,B010-C1013,Construction Client 013,Construction & Infra,60,115696.17,2025-09-12,2025-11-11,closed,2025-11-28,77,17,False,False,average_payer
INV10000307,B010,B010-C1013,Construction Client 013,Construction & Infra,60,145855.17,2025-12-21,2026-02-19,closed,2026-02-26,67,7,False,False,average_payer
INV10000308,B010,B010-C1013,Construction Client 013,Construction & Infra,60,89778.36,2026-01-25,2026-03-26,closed,2026-03-27,61,1,False,False,average_payer
INV10000309,B010,B010-C1013,Construction Client 013,Construction & Infra,60,127804.68,2026-02-07,2026-04-08,closed,2026-04-21,73,13,False,False,average_payer
INV10000310,B010,B010-C1013,Construction Client 013,Construction & Infra,60,207224.14,2026-02-18,2026-04-19,closed,2026-04-23,64,4,False,False,average_payer
INV10000311,B010,B010-C1013,Construction Client 013,Construction & Infra,60,84842.55,2026-04-05,2026-06-04,closed,2026-06-08,64,4,False,False,average_payer
INV10000312,B010,B010-C1013,Construction Client 013,Construction & Infra,60,125785.59,2026-04-11,2026-06-10,closed,2026-06-26,76,16,False,False,average_payer
INV10000313,B010,B010-C1013,Construction Client 013,Construction & Infra,60,114943.2,2026-06-05,2026-08-04,closed,2026-08-02,58,-2,False,False,average_payer
INV10000314,B010,B010-C1013,Construction Client 013,Construction & Infra,60,96309.76,2026-07-27,2026-09-25,open,,,,False,False,average_payer
INV10000315,B010,B010-C1013,Construction Client 013,Construction & Infra,60,145904.32,2026-08-30,2026-10-29,disputed_open,,,,False,False,average_payer
INV10000316,B010,B010-C1014,Auto Client 014,Auto Components,45,232067.14,2024-04-07,2024-05-22,closed,2024-06-17,71,26,False,False,erratic_payer
INV10000317,B010,B010-C1014,Auto Client 014,Auto Components,45,409947.55,2024-05-04,2024-06-18,closed,2024-06-11,38,-7,False,False,erratic_payer
INV10000318,B010,B010-C1014,Auto Client 014,Auto Components,45,239690.79,2024-06-02,2024-07-17,closed,2024-07-23,51,6,False,False,erratic_payer
INV10000319,B010,B010-C1014,Auto Client 014,Auto Components,45,219665.36,2024-06-12,2024-07-27,closed,2024-08-07,56,11,False,False,erratic_payer
INV10000320,B010,B010-C1014,Auto Client 014,Auto Components,45,293668.18,2024-06-24,2024-08-08,closed,2024-08-20,57,12,False,False,erratic_payer
INV10000321,B010,B010-C1014,Auto Client 014,Auto Components,45,294807.14,2024-07-16,2024-08-30,closed,2024-09-11,57,12,False,False,erratic_payer
INV10000322,B010,B010-C1014,Auto Client 014,Auto Components,45,238045.19,2024-07-29,2024-09-12,closed,2024-09-22,55,10,False,False,erratic_payer
INV10000323,B010,B010-C1014,Auto Client 014,Auto Components,45,253014.12,2024-08-11,2024-09-25,closed,2024-11-17,98,53,False,False,erratic_payer
INV10000324,B010,B010-C1014,Auto Client 014,Auto Components,45,524695.34,2024-09-04,2024-10-19,disputed_open,,,,False,False,erratic_payer
INV10000325,B010,B010-C1014,Auto Client 014,Auto Components,45,271078.7,2024-09-11,2024-10-26,closed,2024-11-03,53,8,False,False,erratic_payer
INV10000326,B010,B010-C1014,Auto Client 014,Auto Components,45,303478.02,2024-11-03,2024-12-18,closed,2024-12-18,45,0,False,False,erratic_payer
INV10000327,B010,B010-C1014,Auto Client 014,Auto Components,45,245966.68,2024-11-15,2024-12-30,closed,2025-01-05,51,6,False,False,erratic_payer
INV10000328,B010,B010-C1014,Auto Client 014,Auto Components,45,208497.19,2025-02-15,2025-04-01,closed,2025-04-10,54,9,False,False,erratic_payer
INV10000329,B010,B010-C1014,Auto Client 014,Auto Components,45,327692.01,2025-02-20,2025-04-06,closed,2025-04-08,47,2,False,False,erratic_payer
INV10000330,B010,B010-C1014,Auto Client 014,Auto Components,45,233237.16,2025-06-09,2025-07-24,closed,2025-07-27,48,3,False,False,erratic_payer
INV10000331,B010,B010-C1014,Auto Client 014,Auto Components,45,219632.63,2025-07-10,2025-08-24,closed,2025-08-26,47,2,False,False,erratic_payer
INV10000332,B010,B010-C1014,Auto Client 014,Auto Components,45,245062.38,2025-07-22,2025-09-05,closed,2025-09-03,43,-2,False,False,erratic_payer
INV10000333,B010,B010-C1014,Auto Client 014,Auto Components,45,257951.5,2025-08-01,2025-09-15,closed,2025-09-26,56,11,False,False,erratic_payer
INV10000334,B010,B010-C1014,Auto Client 014,Auto Components,45,259380.98,2025-08-04,2025-09-18,closed,2025-09-28,55,10,False,False,erratic_payer
INV10000335,B010,B010-C1014,Auto Client 014,Auto Components,45,132597.75,2025-08-05,2025-09-19,closed,2025-09-23,49,4,False,False,erratic_payer
INV10000336,B010,B010-C1014,Auto Client 014,Auto Components,45,205297.37,2025-08-12,2025-09-26,closed,2025-09-23,42,-3,False,False,erratic_payer
INV10000337,B010,B010-C1014,Auto Client 014,Auto Components,45,359651.03,2025-08-28,2025-10-12,closed,2025-10-09,42,-3,False,False,erratic_payer
INV10000338,B010,B010-C1014,Auto Client 014,Auto Components,45,428697.27,2025-09-18,2025-11-02,closed,2025-11-29,72,27,False,False,erratic_payer
INV10000339,B010,B010-C1014,Auto Client 014,Auto Components,45,201569.51,2025-09-23,2025-11-07,closed,2025-11-06,44,-1,False,False,erratic_payer
INV10000340,B010,B010-C1014,Auto Client 014,Auto Components,45,300055.13,2025-09-25,2025-11-09,closed,2025-11-18,54,9,False,False,erratic_payer
INV10000341,B010,B010-C1014,Auto Client 014,Auto Components,45,415710.1,2025-10-10,2025-11-24,closed,2026-03-18,159,114,False,False,erratic_payer
INV10000342,B010,B010-C1014,Auto Client 014,Auto Components,45,337957.78,2025-11-09,2025-12-24,closed,2026-04-09,151,106,False,False,erratic_payer
INV10000343,B010,B010-C1014,Auto Client 014,Auto Components,45,199341.48,2025-11-18,2026-01-02,closed,2026-01-13,56,11,False,False,erratic_payer
INV10000344,B010,B010-C1014,Auto Client 014,Auto Components,45,243969.13,2025-12-11,2026-01-25,closed,2026-01-30,50,5,True,False,erratic_payer
INV10000345,B010,B010-C1014,Auto Client 014,Auto Components,45,287099.36,2026-01-03,2026-02-17,closed,2026-02-28,56,11,False,False,erratic_payer
INV10000346,B010,B010-C1014,Auto Client 014,Auto Components,45,223766.77,2026-03-18,2026-05-02,closed,2026-05-15,58,13,False,False,erratic_payer
INV10000347,B010,B010-C1014,Auto Client 014,Auto Components,45,327154.83,2026-05-06,2026-06-20,closed,2026-07-05,60,15,False,False,erratic_payer
INV10000348,B010,B010-C1014,Auto Client 014,Auto Components,45,232531.9,2026-07-01,2026-08-15,closed,2026-08-29,59,14,False,False,erratic_payer
INV10000349,B010,B010-C1014,Auto Client 014,Auto Components,45,291178.16,2026-07-03,2026-08-17,closed,2026-08-13,41,-4,False,False,erratic_payer
INV10000350,B010,B010-C1014,Auto Client 014,Auto Components,45,222701.11,2026-08-25,2026-10-09,disputed_open,,,,False,False,erratic_payer
INV10000351,B010,B010-C1014,Auto Client 014,Auto Components,45,207170.36,2026-08-26,2026-10-10,disputed_open,,,,False,False,erratic_payer
INV10000352,B010,B010-C1015,FMCG Client 015,FMCG & Food Processing,45,134921.48,2024-03-24,2024-05-08,closed,2024-05-09,46,1,False,False,average_payer
INV10000353,B010,B010-C1015,FMCG Client 015,FMCG & Food Processing,45,78481.87,2024-08-30,2024-10-14,closed,2024-10-29,60,15,False,False,average_payer
INV10000354,B010,B010-C1015,FMCG Client 015,FMCG & Food Processing,45,108163.44,2024-10-08,2024-11-22,closed,2024-11-18,41,-4,True,False,average_payer
INV10000355,B010,B010-C1015,FMCG Client 015,FMCG & Food Processing,45,121691.37,2024-12-31,2025-02-14,closed,2025-02-24,55,10,False,False,average_payer
INV10000356,B010,B010-C1015,FMCG Client 015,FMCG & Food Processing,45,177500.27,2025-01-28,2025-03-14,closed,2025-03-29,60,15,False,False,average_payer
INV10000357,B010,B010-C1015,FMCG Client 015,FMCG & Food Processing,45,161190.55,2025-05-25,2025-07-09,closed,2025-07-08,44,-1,False,False,average_payer
INV10000358,B010,B010-C1015,FMCG Client 015,FMCG & Food Processing,45,132816.74,2026-04-09,2026-05-24,closed,2026-06-01,53,8,False,False,average_payer
INV10000359,B010,B010-C1015,FMCG Client 015,FMCG & Food Processing,45,159064.48,2026-07-09,2026-08-23,closed,2026-09-01,54,9,False,False,average_payer
INV10000360,B010,B010-C1015,FMCG Client 015,FMCG & Food Processing,45,121252.91,2026-07-12,2026-08-26,open,,,,False,False,average_payer
INV10000361,B010,B010-C1016,IT Client 016,IT & Business Services,45,16528.56,2024-05-06,2024-06-20,closed,2024-07-07,62,17,False,False,average_payer
INV10000362,B010,B010-C1016,IT Client 016,IT & Business Services,45,53332.48,2024-05-11,2024-06-25,closed,2024-07-03,53,8,False,False,average_payer
INV10000363,B010,B010-C1016,IT Client 016,IT & Business Services,45,38854.59,2024-06-07,2024-07-22,closed,2024-08-01,55,10,False,False,average_payer
INV10000364,B010,B010-C1016,IT Client 016,IT & Business Services,45,20820.64,2024-06-21,2024-08-05,closed,2024-08-19,59,14,False,False,average_payer
INV10000365,B010,B010-C1016,IT Client 016,IT & Business Services,45,29064.85,2024-08-02,2024-09-16,closed,2024-09-22,51,6,False,False,average_payer
INV10000366,B010,B010-C1016,IT Client 016,IT & Business Services,45,34625.21,2024-08-17,2024-10-01,closed,2024-10-12,56,11,False,False,average_payer
INV10000367,B010,B010-C1016,IT Client 016,IT & Business Services,45,39806.15,2024-08-28,2024-10-12,closed,2024-10-18,51,6,False,False,average_payer
INV10000368,B010,B010-C1016,IT Client 016,IT & Business Services,45,46867.59,2024-09-24,2024-11-08,closed,2024-11-07,44,-1,False,False,average_payer
INV10000369,B010,B010-C1016,IT Client 016,IT & Business Services,45,34414.24,2024-11-18,2025-01-02,closed,2025-01-04,47,2,False,False,average_payer
INV10000370,B010,B010-C1016,IT Client 016,IT & Business Services,45,26873.94,2024-11-20,2025-01-04,closed,2025-01-19,60,15,True,False,average_payer
INV10000371,B010,B010-C1016,IT Client 016,IT & Business Services,45,29301.15,2024-12-01,2025-01-15,closed,2025-01-22,52,7,False,False,average_payer
INV10000372,B010,B010-C1016,IT Client 016,IT & Business Services,45,38535.39,2024-12-23,2025-02-06,closed,2025-02-19,58,13,False,False,average_payer
INV10000373,B010,B010-C1016,IT Client 016,IT & Business Services,45,43635.13,2025-01-09,2025-02-23,closed,2025-02-19,41,-4,False,False,average_payer
INV10000374,B010,B010-C1016,IT Client 016,IT & Business Services,45,21626.8,2025-01-18,2025-03-04,closed,2025-02-27,40,-5,False,False,average_payer
INV10000375,B010,B010-C1016,IT Client 016,IT & Business Services,45,37572.94,2025-01-22,2025-03-08,closed,2025-03-12,49,4,False,False,average_payer
INV10000376,B010,B010-C1016,IT Client 016,IT & Business Services,45,33101.81,2025-01-23,2025-03-09,closed,2025-03-13,49,4,False,False,average_payer
INV10000377,B010,B010-C1016,IT Client 016,IT & Business Services,45,44493.14,2025-04-22,2025-06-06,closed,2025-06-13,52,7,False,False,average_payer
INV10000378,B010,B010-C1016,IT Client 016,IT & Business Services,45,36871.36,2025-05-02,2025-06-16,closed,2025-06-22,51,6,False,False,average_payer
INV10000379,B010,B010-C1016,IT Client 016,IT & Business Services,45,43122.71,2025-05-19,2025-07-03,closed,2025-07-12,54,9,False,False,average_payer
INV10000380,B010,B010-C1016,IT Client 016,IT & Business Services,45,24698.42,2025-05-20,2025-07-04,closed,2025-07-13,54,9,False,False,average_payer
INV10000381,B010,B010-C1016,IT Client 016,IT & Business Services,45,29408.34,2025-06-21,2025-08-05,closed,2025-08-16,56,11,False,False,average_payer
INV10000382,B010,B010-C1016,IT Client 016,IT & Business Services,45,49586.49,2025-08-02,2025-09-16,closed,2025-10-01,60,15,False,False,average_payer
INV10000383,B010,B010-C1016,IT Client 016,IT & Business Services,45,41327.86,2025-08-19,2025-10-03,closed,2025-10-10,52,7,False,False,average_payer
INV10000384,B010,B010-C1016,IT Client 016,IT & Business Services,45,22623.75,2025-09-26,2025-11-10,closed,2025-11-10,45,0,True,False,average_payer
INV10000385,B010,B010-C1016,IT Client 016,IT & Business Services,45,30036.49,2025-11-29,2026-01-13,open,,,,False,False,average_payer
INV10000386,B010,B010-C1016,IT Client 016,IT & Business Services,45,27704.85,2025-12-27,2026-02-10,closed,2026-02-18,53,8,False,False,average_payer
INV10000387,B010,B010-C1016,IT Client 016,IT & Business Services,45,29881.84,2026-01-15,2026-03-01,closed,2026-03-09,53,8,False,False,average_payer
INV10000388,B010,B010-C1016,IT Client 016,IT & Business Services,45,32739.81,2026-01-18,2026-03-04,closed,2026-03-10,51,6,False,False,average_payer
INV10000389,B010,B010-C1016,IT Client 016,IT & Business Services,45,32369.75,2026-02-18,2026-04-04,closed,2026-04-13,54,9,False,False,average_payer
INV10000390,B010,B010-C1016,IT Client 016,IT & Business Services,45,40934.33,2026-03-09,2026-04-23,closed,2026-04-23,45,0,False,False,average_payer
INV10000391,B010,B010-C1016,IT Client 016,IT & Business Services,45,42211.84,2026-04-07,2026-05-22,closed,2026-05-16,39,-6,False,False,average_payer
INV10000392,B010,B010-C1016,IT Client 016,IT & Business Services,45,30370.12,2026-07-09,2026-08-23,closed,2026-08-27,49,4,False,False,average_payer
INV10000393,B010,B010-C1016,IT Client 016,IT & Business Services,45,23471.33,2026-08-09,2026-09-23,open,,,,False,False,average_payer
INV10000394,B010,B010-C1017,Chemicals Client 017,Chemicals & Plastics,30,228127.39,2024-03-28,2024-04-27,closed,2024-04-29,32,2,False,False,prompt_payer
INV10000395,B010,B010-C1017,Chemicals Client 017,Chemicals & Plastics,30,272376.99,2024-04-06,2024-05-06,closed,2024-05-12,36,6,False,False,prompt_payer
INV10000396,B010,B010-C1017,Chemicals Client 017,Chemicals & Plastics,30,113994.67,2024-04-14,2024-05-14,closed,2024-05-17,33,3,False,False,prompt_payer
INV10000397,B010,B010-C1017,Chemicals Client 017,Chemicals & Plastics,30,244763.39,2024-04-20,2024-05-20,closed,2024-05-17,27,-3,False,False,prompt_payer
INV10000398,B010,B010-C1017,Chemicals Client 017,Chemicals & Plastics,30,146157.69,2024-05-06,2024-06-05,closed,2024-06-05,30,0,False,False,prompt_payer
INV10000399,B010,B010-C1017,Chemicals Client 017,Chemicals & Plastics,30,341260.71,2024-06-02,2024-07-02,closed,2024-06-30,28,-2,False,False,prompt_payer
INV10000400,B010,B010-C1017,Chemicals Client 017,Chemicals & Plastics,30,177434.53,2024-10-10,2024-11-09,open,,,,False,False,prompt_payer
INV10000401,B010,B010-C1017,Chemicals Client 017,Chemicals & Plastics,30,185764.05,2024-10-23,2024-11-22,closed,2024-11-21,29,-1,False,False,prompt_payer
INV10000402,B010,B010-C1017,Chemicals Client 017,Chemicals & Plastics,30,939469.15,2024-12-30,2025-01-29,closed,2025-01-30,31,1,False,True,prompt_payer
INV10000403,B010,B010-C1017,Chemicals Client 017,Chemicals & Plastics,30,228694.14,2025-01-06,2025-02-05,closed,2025-02-08,33,3,False,False,prompt_payer
INV10000404,B010,B010-C1017,Chemicals Client 017,Chemicals & Plastics,30,133591.95,2025-01-18,2025-02-17,closed,2025-02-23,36,6,False,False,prompt_payer
INV10000405,B010,B010-C1017,Chemicals Client 017,Chemicals & Plastics,30,161870.27,2025-02-28,2025-03-30,closed,2025-04-04,35,5,False,False,prompt_payer
INV10000406,B010,B010-C1017,Chemicals Client 017,Chemicals & Plastics,30,98313.89,2025-04-02,2025-05-02,closed,2025-05-03,31,1,False,False,prompt_payer
INV10000407,B010,B010-C1017,Chemicals Client 017,Chemicals & Plastics,30,136858.67,2025-04-26,2025-05-26,closed,2025-05-27,31,1,False,False,prompt_payer
INV10000408,B010,B010-C1017,Chemicals Client 017,Chemicals & Plastics,30,304283.96,2025-06-02,2025-07-02,closed,2025-06-30,28,-2,False,False,prompt_payer
INV10000409,B010,B010-C1017,Chemicals Client 017,Chemicals & Plastics,30,311462.79,2025-06-17,2025-07-17,closed,2025-07-16,29,-1,False,False,prompt_payer
INV10000410,B010,B010-C1017,Chemicals Client 017,Chemicals & Plastics,30,188818.28,2025-07-10,2025-08-09,closed,2025-08-14,35,5,False,False,prompt_payer
INV10000411,B010,B010-C1017,Chemicals Client 017,Chemicals & Plastics,30,148734.89,2025-07-24,2025-08-23,closed,2025-08-24,31,1,False,False,prompt_payer
INV10000412,B010,B010-C1017,Chemicals Client 017,Chemicals & Plastics,30,234990.4,2025-08-18,2025-09-17,closed,2025-09-16,29,-1,False,False,prompt_payer
INV10000413,B010,B010-C1017,Chemicals Client 017,Chemicals & Plastics,30,242837.52,2025-09-11,2025-10-11,closed,2025-10-11,30,0,False,False,prompt_payer
INV10000414,B010,B010-C1017,Chemicals Client 017,Chemicals & Plastics,30,209354.76,2025-10-08,2025-11-07,closed,2025-11-07,30,0,False,False,prompt_payer
INV10000415,B010,B010-C1017,Chemicals Client 017,Chemicals & Plastics,30,189326.07,2025-11-01,2025-12-01,closed,2025-12-02,31,1,False,False,prompt_payer
INV10000416,B010,B010-C1017,Chemicals Client 017,Chemicals & Plastics,30,186989.59,2025-12-17,2026-01-16,closed,2026-01-19,33,3,False,False,prompt_payer
INV10000417,B010,B010-C1017,Chemicals Client 017,Chemicals & Plastics,30,197951.19,2025-12-17,2026-01-16,closed,2026-01-10,24,-6,False,False,prompt_payer
INV10000418,B010,B010-C1017,Chemicals Client 017,Chemicals & Plastics,30,131941.24,2026-01-01,2026-01-31,closed,2026-02-02,32,2,False,False,prompt_payer
INV10000419,B010,B010-C1017,Chemicals Client 017,Chemicals & Plastics,30,109014.17,2026-01-26,2026-02-25,closed,2026-02-26,31,1,False,False,prompt_payer
INV10000420,B010,B010-C1017,Chemicals Client 017,Chemicals & Plastics,30,158683.52,2026-02-04,2026-03-06,closed,2026-03-12,36,6,False,False,prompt_payer
INV10000421,B010,B010-C1017,Chemicals Client 017,Chemicals & Plastics,30,150263.08,2026-02-13,2026-03-15,closed,2026-03-07,22,-8,False,False,prompt_payer
INV10000422,B010,B010-C1017,Chemicals Client 017,Chemicals & Plastics,30,128417.01,2026-02-20,2026-03-22,closed,2026-03-29,37,7,False,False,prompt_payer
INV10000423,B010,B010-C1017,Chemicals Client 017,Chemicals & Plastics,30,135428.08,2026-03-25,2026-04-24,closed,2026-04-27,33,3,False,False,prompt_payer
INV10000424,B010,B010-C1017,Chemicals Client 017,Chemicals & Plastics,30,167351.58,2026-04-28,2026-05-28,closed,2026-05-22,24,-6,False,False,prompt_payer
INV10000425,B010,B010-C1017,Chemicals Client 017,Chemicals & Plastics,30,153330.94,2026-04-30,2026-05-30,closed,2026-05-28,28,-2,False,False,prompt_payer
INV10000426,B010,B010-C1017,Chemicals Client 017,Chemicals & Plastics,30,182820.01,2026-05-07,2026-06-06,closed,2026-06-07,31,1,True,False,prompt_payer
INV10000427,B010,B010-C1017,Chemicals Client 017,Chemicals & Plastics,30,122537.56,2026-05-25,2026-06-24,closed,2026-06-27,33,3,False,False,prompt_payer
INV10000428,B010,B010-C1017,Chemicals Client 017,Chemicals & Plastics,30,160124.41,2026-06-18,2026-07-18,closed,2026-07-14,26,-4,False,False,prompt_payer
INV10000429,B010,B010-C1017,Chemicals Client 017,Chemicals & Plastics,30,231997.72,2026-07-15,2026-08-14,closed,2026-08-13,29,-1,False,False,prompt_payer
INV10000430,B010,B010-C1017,Chemicals Client 017,Chemicals & Plastics,30,86593.64,2026-08-01,2026-08-31,disputed_open,,,,False,False,prompt_payer
INV10000431,B010,B010-C1017,Chemicals Client 017,Chemicals & Plastics,30,188100.52,2026-08-23,2026-09-22,open,,,,False,False,prompt_payer
INV10000432,B010,B010-C1018,Retail Client 018,Retail & Distribution,45,23101.1,2025-08-01,2025-09-15,closed,2025-09-25,55,10,False,False,erratic_payer
INV10000433,B010,B010-C1018,Retail Client 018,Retail & Distribution,45,137920.49,2025-11-06,2025-12-21,closed,2026-01-02,57,12,False,True,erratic_payer
INV10000434,B010,B010-C1018,Retail Client 018,Retail & Distribution,45,17074.93,2025-12-21,2026-02-04,closed,2026-01-22,32,-13,False,False,erratic_payer
INV10000435,B010,B010-C1018,Retail Client 018,Retail & Distribution,45,27772.24,2026-01-30,2026-03-16,closed,2026-03-20,49,4,False,False,erratic_payer
INV10000436,B010,B010-C1018,Retail Client 018,Retail & Distribution,45,122789.95,2026-06-27,2026-08-11,closed,2026-08-19,53,8,False,True,erratic_payer
INV10000437,B010,B010-C1019,FMCG Client 019,FMCG & Food Processing,45,318540.93,2024-04-02,2024-05-17,closed,2024-06-27,86,41,False,False,improving_payer
INV10000438,B010,B010-C1019,FMCG Client 019,FMCG & Food Processing,45,408127.13,2024-09-30,2024-11-14,closed,2024-12-19,80,35,False,False,improving_payer
INV10000439,B010,B010-C1019,FMCG Client 019,FMCG & Food Processing,45,217636.63,2025-03-18,2025-05-02,closed,2025-06-13,87,42,False,False,improving_payer
INV10000440,B010,B010-C1019,FMCG Client 019,FMCG & Food Processing,45,349130.72,2025-04-29,2025-06-13,closed,2025-06-28,60,15,False,False,improving_payer
INV10000441,B010,B010-C1019,FMCG Client 019,FMCG & Food Processing,45,1486222.96,2025-07-21,2025-09-04,closed,2025-09-27,68,23,True,True,improving_payer
INV10000442,B010,B010-C1019,FMCG Client 019,FMCG & Food Processing,45,371356.8,2025-10-09,2025-11-23,open,,,,False,False,improving_payer
INV10000443,B010,B010-C1019,FMCG Client 019,FMCG & Food Processing,45,290410.17,2025-11-04,2025-12-19,closed,2026-01-08,65,20,False,False,improving_payer
INV10000444,B010,B010-C1019,FMCG Client 019,FMCG & Food Processing,45,484518.21,2026-01-05,2026-02-19,closed,2026-02-25,51,6,False,False,improving_payer
INV10000445,B010,B010-C1019,FMCG Client 019,FMCG & Food Processing,45,271792.83,2026-01-21,2026-03-07,closed,2026-04-03,72,27,False,False,improving_payer
INV10000446,B010,B010-C1019,FMCG Client 019,FMCG & Food Processing,45,210740.25,2026-01-29,2026-03-15,closed,2026-04-01,62,17,False,False,improving_payer
INV10000447,B010,B010-C1019,FMCG Client 019,FMCG & Food Processing,45,485436.36,2026-05-09,2026-06-23,closed,2026-06-18,40,-5,False,False,improving_payer
INV10000448,B010,B010-C1019,FMCG Client 019,FMCG & Food Processing,45,434091.68,2026-08-15,2026-09-29,open,,,,False,False,improving_payer
INV10000449,B010,B010-C1020,FMCG Client 020,FMCG & Food Processing,30,922411.13,2024-05-29,2024-06-28,closed,2024-06-28,30,0,False,False,prompt_payer
INV10000450,B010,B010-C1020,FMCG Client 020,FMCG & Food Processing,30,491623.32,2024-08-16,2024-09-15,closed,2024-09-14,29,-1,False,False,prompt_payer
INV10000451,B010,B010-C1020,FMCG Client 020,FMCG & Food Processing,30,257021.58,2024-10-08,2024-11-07,closed,2024-11-12,35,5,False,False,prompt_payer
INV10000452,B010,B010-C1020,FMCG Client 020,FMCG & Food Processing,30,689932.23,2024-11-05,2024-12-05,closed,2024-12-05,30,0,False,False,prompt_payer
INV10000453,B010,B010-C1020,FMCG Client 020,FMCG & Food Processing,30,468338.38,2024-12-04,2025-01-03,closed,2024-12-31,27,-3,False,False,prompt_payer
INV10000454,B010,B010-C1020,FMCG Client 020,FMCG & Food Processing,30,483616.83,2025-01-31,2025-03-02,closed,2025-03-02,30,0,False,False,prompt_payer
INV10000455,B010,B010-C1020,FMCG Client 020,FMCG & Food Processing,30,477345.42,2025-02-08,2025-03-10,closed,2025-03-13,33,3,False,False,prompt_payer
INV10000456,B010,B010-C1020,FMCG Client 020,FMCG & Food Processing,30,368490.32,2025-02-17,2025-03-19,closed,2025-03-15,26,-4,False,False,prompt_payer
INV10000457,B010,B010-C1020,FMCG Client 020,FMCG & Food Processing,30,534756.4,2025-02-19,2025-03-21,closed,2025-03-18,27,-3,False,False,prompt_payer
INV10000458,B010,B010-C1020,FMCG Client 020,FMCG & Food Processing,30,632516.53,2025-05-28,2025-06-27,closed,2025-06-26,29,-1,False,False,prompt_payer
INV10000459,B010,B010-C1020,FMCG Client 020,FMCG & Food Processing,30,240874.49,2025-07-24,2025-08-23,closed,2025-08-24,31,1,False,False,prompt_payer
INV10000460,B010,B010-C1020,FMCG Client 020,FMCG & Food Processing,30,517013.05,2025-07-27,2025-08-26,closed,2025-08-27,31,1,False,False,prompt_payer
INV10000461,B010,B010-C1020,FMCG Client 020,FMCG & Food Processing,30,417489.57,2025-08-06,2025-09-05,closed,2025-09-09,34,4,False,False,prompt_payer
INV10000462,B010,B010-C1020,FMCG Client 020,FMCG & Food Processing,30,287986.94,2025-08-29,2025-09-28,closed,2025-09-28,30,0,False,False,prompt_payer
INV10000463,B010,B010-C1020,FMCG Client 020,FMCG & Food Processing,30,552604.29,2025-08-30,2025-09-29,closed,2025-09-26,27,-3,False,False,prompt_payer
INV10000464,B010,B010-C1020,FMCG Client 020,FMCG & Food Processing,30,323804.54,2025-09-01,2025-10-01,closed,2025-10-02,31,1,False,False,prompt_payer
INV10000465,B010,B010-C1020,FMCG Client 020,FMCG & Food Processing,30,418316.94,2025-09-14,2025-10-14,closed,2025-10-06,22,-8,False,False,prompt_payer
INV10000466,B010,B010-C1020,FMCG Client 020,FMCG & Food Processing,30,455226.17,2025-12-02,2026-01-01,closed,2025-12-30,28,-2,False,False,prompt_payer
INV10000467,B010,B010-C1020,FMCG Client 020,FMCG & Food Processing,30,452853.52,2025-12-07,2026-01-06,closed,2026-01-04,28,-2,False,False,prompt_payer
INV10000468,B010,B010-C1020,FMCG Client 020,FMCG & Food Processing,30,333312.03,2026-04-05,2026-05-05,closed,2026-05-01,26,-4,False,False,prompt_payer
INV10000469,B010,B010-C1020,FMCG Client 020,FMCG & Food Processing,30,401611.79,2026-04-18,2026-05-18,closed,2026-05-19,31,1,False,False,prompt_payer
INV10000470,B010,B010-C1020,FMCG Client 020,FMCG & Food Processing,30,429316.82,2026-05-09,2026-06-08,closed,2026-06-04,26,-4,False,False,prompt_payer
INV10000471,B010,B010-C1020,FMCG Client 020,FMCG & Food Processing,30,302546.94,2026-07-15,2026-08-14,closed,2026-08-15,31,1,False,False,prompt_payer
INV10000472,B010,B010-C1021,Chemicals Client 021,Chemicals & Plastics,45,866368.09,2024-04-01,2024-05-16,closed,2024-06-07,67,22,False,False,improving_payer
INV10000473,B010,B010-C1021,Chemicals Client 021,Chemicals & Plastics,45,565846.26,2024-05-11,2024-06-25,closed,2024-07-31,81,36,False,False,improving_payer
INV10000474,B010,B010-C1021,Chemicals Client 021,Chemicals & Plastics,45,704067.62,2024-05-19,2024-07-03,closed,2024-08-09,82,37,False,False,improving_payer
INV10000475,B010,B010-C1021,Chemicals Client 021,Chemicals & Plastics,45,678867.37,2024-07-15,2024-08-29,closed,2024-10-13,90,45,False,False,improving_payer
INV10000476,B010,B010-C1021,Chemicals Client 021,Chemicals & Plastics,45,863404.34,2024-09-13,2024-10-28,closed,2024-11-17,65,20,False,False,improving_payer
INV10000477,B010,B010-C1021,Chemicals Client 021,Chemicals & Plastics,45,2879624.22,2024-09-25,2024-11-09,closed,2024-12-16,82,37,False,True,improving_payer
INV10000478,B010,B010-C1021,Chemicals Client 021,Chemicals & Plastics,45,495091.54,2024-09-29,2024-11-13,closed,2024-12-27,89,44,False,False,improving_payer
INV10000479,B010,B010-C1021,Chemicals Client 021,Chemicals & Plastics,45,926634.33,2024-10-31,2024-12-15,closed,2025-01-25,86,41,False,False,improving_payer
INV10000480,B010,B010-C1021,Chemicals Client 021,Chemicals & Plastics,45,612265.82,2024-10-31,2024-12-15,closed,2024-12-31,61,16,False,False,improving_payer
INV10000481,B010,B010-C1021,Chemicals Client 021,Chemicals & Plastics,45,934029.02,2024-11-22,2025-01-06,closed,2025-02-03,73,28,False,False,improving_payer
INV10000482,B010,B010-C1021,Chemicals Client 021,Chemicals & Plastics,45,802219.86,2024-11-28,2025-01-12,closed,2025-01-31,64,19,False,False,improving_payer
INV10000483,B010,B010-C1021,Chemicals Client 021,Chemicals & Plastics,45,1082401.57,2025-01-09,2025-02-23,closed,2025-03-17,67,22,False,False,improving_payer
INV10000484,B010,B010-C1021,Chemicals Client 021,Chemicals & Plastics,45,4723841.75,2025-02-10,2025-03-27,closed,2025-04-09,58,13,False,True,improving_payer
INV10000485,B010,B010-C1021,Chemicals Client 021,Chemicals & Plastics,45,1249070.79,2025-03-13,2025-04-27,closed,2025-06-06,85,40,False,False,improving_payer
INV10000486,B010,B010-C1021,Chemicals Client 021,Chemicals & Plastics,45,933658.79,2025-04-10,2025-05-25,closed,2025-06-18,69,24,False,False,improving_payer
INV10000487,B010,B010-C1021,Chemicals Client 021,Chemicals & Plastics,45,813126.4,2025-05-04,2025-06-18,closed,2025-07-21,78,33,False,False,improving_payer
INV10000488,B010,B010-C1021,Chemicals Client 021,Chemicals & Plastics,45,3718798.86,2025-05-23,2025-07-07,open,,,,False,True,improving_payer
INV10000489,B010,B010-C1021,Chemicals Client 021,Chemicals & Plastics,45,1103422.72,2025-05-24,2025-07-08,closed,2025-08-15,83,38,False,False,improving_payer
INV10000490,B010,B010-C1021,Chemicals Client 021,Chemicals & Plastics,45,682037.79,2025-06-09,2025-07-24,closed,2025-09-01,84,39,False,False,improving_payer
INV10000491,B010,B010-C1021,Chemicals Client 021,Chemicals & Plastics,45,888749.53,2025-06-13,2025-07-28,closed,2025-08-04,52,7,False,False,improving_payer
INV10000492,B010,B010-C1021,Chemicals Client 021,Chemicals & Plastics,45,939082.82,2025-07-02,2025-08-16,closed,2025-09-05,65,20,False,False,improving_payer
INV10000493,B010,B010-C1021,Chemicals Client 021,Chemicals & Plastics,45,1045323.71,2025-07-10,2025-08-24,closed,2025-10-07,89,44,False,False,improving_payer
INV10000494,B010,B010-C1021,Chemicals Client 021,Chemicals & Plastics,45,546326.21,2025-07-14,2025-08-28,closed,2025-09-19,67,22,False,False,improving_payer
INV10000495,B010,B010-C1021,Chemicals Client 021,Chemicals & Plastics,45,641688.43,2025-07-22,2025-09-05,closed,2025-10-04,74,29,False,False,improving_payer
INV10000496,B010,B010-C1021,Chemicals Client 021,Chemicals & Plastics,45,688522.17,2025-08-24,2025-10-08,closed,2025-10-16,53,8,False,False,improving_payer
INV10000497,B010,B010-C1021,Chemicals Client 021,Chemicals & Plastics,45,793485.54,2025-09-08,2025-10-23,closed,2025-11-15,68,23,False,False,improving_payer
INV10000498,B010,B010-C1021,Chemicals Client 021,Chemicals & Plastics,45,557405.19,2025-09-09,2025-10-24,closed,2025-11-10,62,17,False,False,improving_payer
INV10000499,B010,B010-C1021,Chemicals Client 021,Chemicals & Plastics,45,767482.82,2025-10-24,2025-12-08,closed,2025-12-19,56,11,False,False,improving_payer
INV10000500,B010,B010-C1021,Chemicals Client 021,Chemicals & Plastics,45,764263.07,2025-11-02,2025-12-17,closed,2025-12-22,50,5,False,False,improving_payer
INV10000501,B010,B010-C1021,Chemicals Client 021,Chemicals & Plastics,45,580553.65,2025-11-19,2026-01-03,closed,2026-01-10,52,7,False,False,improving_payer
INV10000502,B010,B010-C1021,Chemicals Client 021,Chemicals & Plastics,45,504518.64,2025-12-09,2026-01-23,closed,2026-02-10,63,18,False,False,improving_payer
INV10000503,B010,B010-C1021,Chemicals Client 021,Chemicals & Plastics,45,1141523.47,2025-12-20,2026-02-03,closed,2026-02-26,68,23,False,False,improving_payer
INV10000504,B010,B010-C1021,Chemicals Client 021,Chemicals & Plastics,45,1488870.47,2026-01-05,2026-02-19,closed,2026-03-11,65,20,False,False,improving_payer
INV10000505,B010,B010-C1021,Chemicals Client 021,Chemicals & Plastics,45,1020066.52,2026-01-06,2026-02-20,closed,2026-03-10,63,18,False,False,improving_payer
INV10000506,B010,B010-C1021,Chemicals Client 021,Chemicals & Plastics,45,664304.19,2026-01-08,2026-02-22,closed,2026-03-02,53,8,False,False,improving_payer
INV10000507,B010,B010-C1021,Chemicals Client 021,Chemicals & Plastics,45,759687.11,2026-02-17,2026-04-03,closed,2026-03-29,40,-5,False,False,improving_payer
INV10000508,B010,B010-C1021,Chemicals Client 021,Chemicals & Plastics,45,1255150.57,2026-02-19,2026-04-05,closed,2026-04-24,64,19,False,False,improving_payer
INV10000509,B010,B010-C1021,Chemicals Client 021,Chemicals & Plastics,45,826445.34,2026-02-21,2026-04-07,closed,2026-04-11,49,4,False,False,improving_payer
INV10000510,B010,B010-C1021,Chemicals Client 021,Chemicals & Plastics,45,675146.09,2026-03-04,2026-04-18,closed,2026-04-28,55,10,False,False,improving_payer
INV10000511,B010,B010-C1021,Chemicals Client 021,Chemicals & Plastics,45,661482.09,2026-04-20,2026-06-04,closed,2026-06-07,48,3,False,False,improving_payer
INV10000512,B010,B010-C1021,Chemicals Client 021,Chemicals & Plastics,45,626588.98,2026-04-25,2026-06-09,closed,2026-06-04,40,-5,False,False,improving_payer
INV10000513,B010,B010-C1021,Chemicals Client 021,Chemicals & Plastics,45,4199218.92,2026-04-26,2026-06-10,closed,2026-06-07,42,-3,False,True,improving_payer
INV10000514,B010,B010-C1021,Chemicals Client 021,Chemicals & Plastics,45,613825.8,2026-05-04,2026-06-18,closed,2026-06-23,50,5,False,False,improving_payer
INV10000515,B010,B010-C1021,Chemicals Client 021,Chemicals & Plastics,45,3979991.9,2026-06-01,2026-07-16,closed,2026-07-16,45,0,False,True,improving_payer
INV10000516,B010,B010-C1021,Chemicals Client 021,Chemicals & Plastics,45,896585.93,2026-06-07,2026-07-22,closed,2026-07-17,40,-5,False,False,improving_payer
INV10000517,B010,B010-C1021,Chemicals Client 021,Chemicals & Plastics,45,680341.31,2026-06-09,2026-07-24,closed,2026-07-21,42,-3,False,False,improving_payer
INV10000518,B010,B010-C1021,Chemicals Client 021,Chemicals & Plastics,45,761124.31,2026-06-12,2026-07-27,closed,2026-07-27,45,0,False,False,improving_payer
INV10000519,B010,B010-C1022,Textiles Client 022,Textiles & Apparel,30,103001.94,2024-04-26,2024-05-26,closed,2024-05-24,28,-2,False,False,prompt_payer
INV10000520,B010,B010-C1022,Textiles Client 022,Textiles & Apparel,30,90186.94,2024-11-17,2024-12-17,closed,2024-12-15,28,-2,False,False,prompt_payer
INV10000521,B010,B010-C1022,Textiles Client 022,Textiles & Apparel,30,71775.43,2024-11-25,2024-12-25,closed,2024-12-26,31,1,False,False,prompt_payer
INV10000522,B010,B010-C1022,Textiles Client 022,Textiles & Apparel,30,179475.16,2024-12-09,2025-01-08,closed,2025-01-09,31,1,False,False,prompt_payer
INV10000523,B010,B010-C1022,Textiles Client 022,Textiles & Apparel,30,164790.87,2025-05-19,2025-06-18,closed,2025-06-16,28,-2,False,False,prompt_payer
INV10000524,B010,B010-C1022,Textiles Client 022,Textiles & Apparel,30,170218.1,2025-07-18,2025-08-17,closed,2025-08-14,27,-3,False,False,prompt_payer
INV10000525,B010,B010-C1022,Textiles Client 022,Textiles & Apparel,30,56991.46,2025-08-31,2025-09-30,closed,2025-10-02,32,2,False,False,prompt_payer
INV10000526,B010,B010-C1022,Textiles Client 022,Textiles & Apparel,30,113021.41,2025-10-25,2025-11-24,closed,2025-11-30,36,6,False,False,prompt_payer
INV10000527,B010,B010-C1022,Textiles Client 022,Textiles & Apparel,30,149501.52,2025-11-23,2025-12-23,closed,2025-12-30,37,7,True,False,prompt_payer
INV10000528,B010,B010-C1022,Textiles Client 022,Textiles & Apparel,30,49191.02,2025-12-15,2026-01-14,closed,2026-01-07,23,-7,False,False,prompt_payer
INV10000529,B010,B010-C1022,Textiles Client 022,Textiles & Apparel,30,75280.11,2026-01-07,2026-02-06,closed,2026-02-06,30,0,False,False,prompt_payer
INV10000530,B010,B010-C1022,Textiles Client 022,Textiles & Apparel,30,77595.95,2026-02-25,2026-03-27,closed,2026-03-25,28,-2,False,False,prompt_payer
INV10000531,B010,B010-C1022,Textiles Client 022,Textiles & Apparel,30,55059.91,2026-03-03,2026-04-02,closed,2026-04-06,34,4,True,False,prompt_payer
INV10000532,B010,B010-C1022,Textiles Client 022,Textiles & Apparel,30,74986.0,2026-04-04,2026-05-04,closed,2026-05-05,31,1,False,False,prompt_payer
INV10000533,B010,B010-C1022,Textiles Client 022,Textiles & Apparel,30,100697.42,2026-04-06,2026-05-06,closed,2026-05-07,31,1,False,False,prompt_payer
INV10000534,B010,B010-C1022,Textiles Client 022,Textiles & Apparel,30,198747.59,2026-04-09,2026-05-09,closed,2026-05-11,32,2,False,False,prompt_payer
INV10000535,B010,B010-C1022,Textiles Client 022,Textiles & Apparel,30,114463.48,2026-06-21,2026-07-21,closed,2026-07-20,29,-1,False,False,prompt_payer
INV10000536,B010,B010-C1023,Pharma Client 023,Pharma & Healthcare,15,752659.21,2024-04-09,2024-04-24,closed,2024-04-23,14,-1,False,True,prompt_payer
INV10000537,B010,B010-C1023,Pharma Client 023,Pharma & Healthcare,15,153241.36,2024-04-12,2024-04-27,closed,2024-04-30,18,3,False,False,prompt_payer
INV10000538,B010,B010-C1023,Pharma Client 023,Pharma & Healthcare,15,237327.15,2024-04-19,2024-05-04,closed,2024-05-05,16,1,False,False,prompt_payer
INV10000539,B010,B010-C1023,Pharma Client 023,Pharma & Healthcare,15,261808.26,2024-06-09,2024-06-24,closed,2024-07-03,24,9,False,False,prompt_payer
INV10000540,B010,B010-C1023,Pharma Client 023,Pharma & Healthcare,15,111197.76,2024-06-13,2024-06-28,closed,2024-06-22,9,-6,False,False,prompt_payer
INV10000541,B010,B010-C1023,Pharma Client 023,Pharma & Healthcare,15,170857.38,2024-08-09,2024-08-24,closed,2024-08-26,17,2,False,False,prompt_payer
INV10000542,B010,B010-C1023,Pharma Client 023,Pharma & Healthcare,15,157766.95,2024-08-13,2024-08-28,closed,2024-09-03,21,6,False,False,prompt_payer
INV10000543,B010,B010-C1023,Pharma Client 023,Pharma & Healthcare,15,175521.74,2024-08-25,2024-09-09,closed,2024-09-09,15,0,False,False,prompt_payer
INV10000544,B010,B010-C1023,Pharma Client 023,Pharma & Healthcare,15,469405.44,2024-08-29,2024-09-13,closed,2024-09-12,14,-1,False,True,prompt_payer
INV10000545,B010,B010-C1023,Pharma Client 023,Pharma & Healthcare,15,169828.1,2024-10-30,2024-11-14,closed,2024-11-08,9,-6,False,False,prompt_payer
INV10000546,B010,B010-C1023,Pharma Client 023,Pharma & Healthcare,15,123507.04,2024-11-07,2024-11-22,closed,2024-11-19,12,-3,False,False,prompt_payer
INV10000547,B010,B010-C1023,Pharma Client 023,Pharma & Healthcare,15,215427.05,2024-12-06,2024-12-21,closed,2024-12-23,17,2,False,False,prompt_payer
INV10000548,B010,B010-C1023,Pharma Client 023,Pharma & Healthcare,15,142535.44,2025-03-03,2025-03-18,closed,2025-03-17,14,-1,False,False,prompt_payer
INV10000549,B010,B010-C1023,Pharma Client 023,Pharma & Healthcare,15,77132.49,2025-03-19,2025-04-03,closed,2025-04-07,19,4,False,False,prompt_payer
INV10000550,B010,B010-C1023,Pharma Client 023,Pharma & Healthcare,15,492839.97,2025-05-05,2025-05-20,closed,2025-05-14,9,-6,False,True,prompt_payer
INV10000551,B010,B010-C1023,Pharma Client 023,Pharma & Healthcare,15,247048.85,2025-05-13,2025-05-28,closed,2025-06-01,19,4,False,False,prompt_payer
INV10000552,B010,B010-C1023,Pharma Client 023,Pharma & Healthcare,15,116169.19,2025-05-15,2025-05-30,closed,2025-05-30,15,0,False,False,prompt_payer
INV10000553,B010,B010-C1023,Pharma Client 023,Pharma & Healthcare,15,106604.38,2025-06-12,2025-06-27,closed,2025-06-23,11,-4,False,False,prompt_payer
INV10000554,B010,B010-C1023,Pharma Client 023,Pharma & Healthcare,15,235743.19,2025-06-20,2025-07-05,closed,2025-07-08,18,3,False,False,prompt_payer
INV10000555,B010,B010-C1023,Pharma Client 023,Pharma & Healthcare,15,197534.89,2025-07-19,2025-08-03,closed,2025-07-28,9,-6,False,False,prompt_payer
INV10000556,B010,B010-C1023,Pharma Client 023,Pharma & Healthcare,15,143991.31,2025-09-07,2025-09-22,closed,2025-09-22,15,0,False,False,prompt_payer
INV10000557,B010,B010-C1023,Pharma Client 023,Pharma & Healthcare,15,118062.14,2025-11-12,2025-11-27,closed,2025-12-04,22,7,False,False,prompt_payer
INV10000558,B010,B010-C1023,Pharma Client 023,Pharma & Healthcare,15,535463.67,2026-01-25,2026-02-09,closed,2026-02-06,12,-3,False,True,prompt_payer
INV10000559,B010,B010-C1023,Pharma Client 023,Pharma & Healthcare,15,201563.33,2026-02-07,2026-02-22,closed,2026-02-19,12,-3,False,False,prompt_payer
INV10000560,B010,B010-C1023,Pharma Client 023,Pharma & Healthcare,15,176801.8,2026-02-19,2026-03-06,closed,2026-03-07,16,1,False,False,prompt_payer
INV10000561,B010,B010-C1023,Pharma Client 023,Pharma & Healthcare,15,167106.34,2026-05-06,2026-05-21,closed,2026-05-26,20,5,False,False,prompt_payer
INV10000562,B010,B010-C1023,Pharma Client 023,Pharma & Healthcare,15,173533.05,2026-07-15,2026-07-30,closed,2026-07-25,10,-5,False,False,prompt_payer
INV10000563,B010,B010-C1023,Pharma Client 023,Pharma & Healthcare,15,147008.08,2026-07-18,2026-08-02,closed,2026-07-27,9,-6,False,False,prompt_payer
INV10000564,B010,B010-C1023,Pharma Client 023,Pharma & Healthcare,15,139886.79,2026-08-17,2026-09-01,disputed_open,,,,False,False,prompt_payer
INV10000565,B010,B010-C1024,Chemicals Client 024,Chemicals & Plastics,45,377884.32,2024-03-21,2024-05-05,closed,2024-05-07,47,2,False,False,prompt_payer
INV10000566,B010,B010-C1024,Chemicals Client 024,Chemicals & Plastics,45,245963.45,2024-04-06,2024-05-21,closed,2024-05-22,46,1,False,False,prompt_payer
INV10000567,B010,B010-C1024,Chemicals Client 024,Chemicals & Plastics,45,211265.99,2025-08-22,2025-10-06,closed,2025-10-06,45,0,False,False,prompt_payer
INV10000568,B010,B010-C1024,Chemicals Client 024,Chemicals & Plastics,45,1231240.02,2026-04-01,2026-05-16,closed,2026-05-20,49,4,False,True,prompt_payer
INV10000569,B010,B010-C1024,Chemicals Client 024,Chemicals & Plastics,45,284259.25,2026-05-07,2026-06-21,closed,2026-06-17,41,-4,False,False,prompt_payer
INV10000570,B010,B010-C1025,Chemicals Client 025,Chemicals & Plastics,60,230864.25,2024-04-19,2024-06-18,closed,2024-07-05,77,17,False,False,cold_start
INV10000571,B010,B010-C1025,Chemicals Client 025,Chemicals & Plastics,60,111652.86,2025-02-14,2025-04-15,closed,2025-04-18,63,3,False,False,cold_start
INV10000572,B010,B010-C1025,Chemicals Client 025,Chemicals & Plastics,60,223214.38,2026-01-17,2026-03-18,closed,2026-03-23,65,5,False,False,cold_start
INV10000573,B010,B010-C1026,Construction Client 026,Construction & Infra,30,12754.33,2024-04-24,2024-05-24,closed,2024-05-30,36,6,False,False,erratic_payer
INV10000574,B010,B010-C1026,Construction Client 026,Construction & Infra,30,61276.38,2024-05-16,2024-06-15,closed,2024-06-14,29,-1,False,True,erratic_payer
INV10000575,B010,B010-C1026,Construction Client 026,Construction & Infra,30,13510.43,2024-05-27,2024-06-26,closed,2024-06-20,24,-6,False,False,erratic_payer
INV10000576,B010,B010-C1026,Construction Client 026,Construction & Infra,30,31944.89,2024-12-07,2025-01-06,closed,2025-01-18,42,12,False,False,erratic_payer
INV10000577,B010,B010-C1026,Construction Client 026,Construction & Infra,30,17793.87,2024-12-21,2025-01-20,closed,2025-05-06,136,106,False,False,erratic_payer
INV10000578,B010,B010-C1026,Construction Client 026,Construction & Infra,30,6512.68,2025-03-08,2025-04-07,closed,2025-04-12,35,5,False,False,erratic_payer
INV10000579,B010,B010-C1026,Construction Client 026,Construction & Infra,30,14090.57,2025-06-06,2025-07-06,closed,2025-07-13,37,7,False,False,erratic_payer
INV10000580,B010,B010-C1026,Construction Client 026,Construction & Infra,30,13676.28,2025-06-24,2025-07-24,closed,2025-07-16,22,-8,False,False,erratic_payer
INV10000581,B010,B010-C1026,Construction Client 026,Construction & Infra,30,20349.46,2025-07-02,2025-08-01,closed,2025-07-24,22,-8,False,False,erratic_payer
INV10000582,B010,B010-C1026,Construction Client 026,Construction & Infra,30,13701.12,2025-07-21,2025-08-20,closed,2025-09-14,55,25,False,False,erratic_payer
INV10000583,B010,B010-C1026,Construction Client 026,Construction & Infra,30,20239.08,2025-08-16,2025-09-15,closed,2025-09-24,39,9,False,False,erratic_payer
INV10000584,B010,B010-C1026,Construction Client 026,Construction & Infra,30,17053.27,2025-09-25,2025-10-25,closed,2025-10-18,23,-7,False,False,erratic_payer
INV10000585,B010,B010-C1026,Construction Client 026,Construction & Infra,30,16272.91,2025-11-19,2025-12-19,closed,2025-12-21,32,2,False,False,erratic_payer
INV10000586,B010,B010-C1026,Construction Client 026,Construction & Infra,30,18582.51,2026-01-31,2026-03-02,closed,2026-02-26,26,-4,False,False,erratic_payer
INV10000587,B010,B010-C1026,Construction Client 026,Construction & Infra,30,83575.98,2026-02-01,2026-03-03,closed,2026-02-18,17,-13,False,True,erratic_payer
INV10000588,B010,B010-C1026,Construction Client 026,Construction & Infra,30,12498.74,2026-02-10,2026-03-12,closed,2026-03-18,36,6,False,False,erratic_payer
INV10000589,B010,B010-C1026,Construction Client 026,Construction & Infra,30,14954.23,2026-03-24,2026-04-23,closed,2026-05-06,43,13,False,False,erratic_payer
INV10000590,B010,B010-C1026,Construction Client 026,Construction & Infra,30,22304.9,2026-04-10,2026-05-10,closed,2026-05-30,50,20,False,False,erratic_payer
INV10000591,B010,B010-C1026,Construction Client 026,Construction & Infra,30,10036.7,2026-05-16,2026-06-15,closed,2026-06-26,41,11,False,False,erratic_payer
INV10000592,B010,B010-C1026,Construction Client 026,Construction & Infra,30,10246.95,2026-06-04,2026-07-04,closed,2026-07-14,40,10,False,False,erratic_payer
INV10000593,B010,B010-C1026,Construction Client 026,Construction & Infra,30,14814.81,2026-08-28,2026-09-27,open,,,,False,False,erratic_payer
INV10000594,B010,B010-C1027,Chemicals Client 027,Chemicals & Plastics,60,187516.67,2024-03-20,2024-05-19,closed,2024-05-25,66,6,False,False,average_payer
INV10000595,B010,B010-C1027,Chemicals Client 027,Chemicals & Plastics,60,286556.98,2024-03-23,2024-05-22,closed,2024-05-20,58,-2,False,False,average_payer
INV10000596,B010,B010-C1027,Chemicals Client 027,Chemicals & Plastics,60,105996.27,2024-04-24,2024-06-23,closed,2024-06-27,64,4,False,False,average_payer
INV10000597,B010,B010-C1027,Chemicals Client 027,Chemicals & Plastics,60,153525.52,2024-05-20,2024-07-19,closed,2024-07-30,71,11,False,False,average_payer
INV10000598,B010,B010-C1027,Chemicals Client 027,Chemicals & Plastics,60,917513.31,2024-07-24,2024-09-22,closed,2024-09-17,55,-5,False,True,average_payer
INV10000599,B010,B010-C1027,Chemicals Client 027,Chemicals & Plastics,60,230101.81,2024-08-03,2024-10-02,closed,2024-09-29,57,-3,False,False,average_payer
INV10000600,B010,B010-C1027,Chemicals Client 027,Chemicals & Plastics,60,221129.95,2024-08-29,2024-10-28,closed,2024-11-12,75,15,False,False,average_payer
INV10000601,B010,B010-C1027,Chemicals Client 027,Chemicals & Plastics,60,191420.53,2024-08-31,2024-10-30,closed,2024-11-10,71,11,False,False,average_payer
INV10000602,B010,B010-C1027,Chemicals Client 027,Chemicals & Plastics,60,135159.13,2024-09-10,2024-11-09,disputed_open,,,,False,False,average_payer
INV10000603,B010,B010-C1027,Chemicals Client 027,Chemicals & Plastics,60,182293.65,2024-09-15,2024-11-14,closed,2024-11-29,75,15,False,False,average_payer
INV10000604,B010,B010-C1027,Chemicals Client 027,Chemicals & Plastics,60,382828.72,2024-11-08,2025-01-07,closed,2025-01-10,63,3,False,False,average_payer
INV10000605,B010,B010-C1027,Chemicals Client 027,Chemicals & Plastics,60,168468.83,2024-12-09,2025-02-07,closed,2025-02-11,64,4,False,False,average_payer
INV10000606,B010,B010-C1027,Chemicals Client 027,Chemicals & Plastics,60,211895.44,2024-12-13,2025-02-11,closed,2025-02-24,73,13,False,False,average_payer
INV10000607,B010,B010-C1027,Chemicals Client 027,Chemicals & Plastics,60,125830.36,2024-12-17,2025-02-15,closed,2025-02-22,67,7,False,False,average_payer
INV10000608,B010,B010-C1027,Chemicals Client 027,Chemicals & Plastics,60,304302.74,2025-01-01,2025-03-02,closed,2025-03-04,62,2,False,False,average_payer
INV10000609,B010,B010-C1027,Chemicals Client 027,Chemicals & Plastics,60,211939.81,2025-01-31,2025-04-01,closed,2025-04-24,83,23,False,False,average_payer
INV10000610,B010,B010-C1027,Chemicals Client 027,Chemicals & Plastics,60,137592.48,2025-03-03,2025-05-02,closed,2025-05-05,63,3,False,False,average_payer
INV10000611,B010,B010-C1027,Chemicals Client 027,Chemicals & Plastics,60,1532316.34,2025-03-11,2025-05-10,closed,2025-05-18,68,8,True,True,average_payer
INV10000612,B010,B010-C1027,Chemicals Client 027,Chemicals & Plastics,60,189187.62,2025-05-08,2025-07-07,closed,2025-06-29,52,-8,False,False,average_payer
INV10000613,B010,B010-C1027,Chemicals Client 027,Chemicals & Plastics,60,269166.13,2025-06-05,2025-08-04,closed,2025-08-07,63,3,False,False,average_payer
INV10000614,B010,B010-C1027,Chemicals Client 027,Chemicals & Plastics,60,152727.01,2025-06-10,2025-08-09,closed,2025-08-13,64,4,False,False,average_payer
INV10000615,B010,B010-C1027,Chemicals Client 027,Chemicals & Plastics,60,242958.01,2025-08-03,2025-10-02,closed,2025-09-24,52,-8,False,False,average_payer
INV10000616,B010,B010-C1027,Chemicals Client 027,Chemicals & Plastics,60,151549.71,2025-09-06,2025-11-05,closed,2025-11-16,71,11,True,False,average_payer
INV10000617,B010,B010-C1027,Chemicals Client 027,Chemicals & Plastics,60,149715.7,2025-10-30,2025-12-29,closed,2025-12-29,60,0,False,False,average_payer
INV10000618,B010,B010-C1027,Chemicals Client 027,Chemicals & Plastics,60,193006.61,2025-12-11,2026-02-09,closed,2026-02-19,70,10,False,False,average_payer
INV10000619,B010,B010-C1027,Chemicals Client 027,Chemicals & Plastics,60,152900.52,2025-12-12,2026-02-10,closed,2026-02-17,67,7,False,False,average_payer
INV10000620,B010,B010-C1027,Chemicals Client 027,Chemicals & Plastics,60,261407.26,2026-01-13,2026-03-14,closed,2026-03-15,61,1,False,False,average_payer
INV10000621,B010,B010-C1027,Chemicals Client 027,Chemicals & Plastics,60,148598.28,2026-01-21,2026-03-22,closed,2026-04-07,76,16,False,False,average_payer
INV10000622,B010,B010-C1027,Chemicals Client 027,Chemicals & Plastics,60,196197.91,2026-02-17,2026-04-18,closed,2026-05-01,73,13,False,False,average_payer
INV10000623,B010,B010-C1027,Chemicals Client 027,Chemicals & Plastics,60,794482.44,2026-02-23,2026-04-24,closed,2026-05-01,67,7,False,True,average_payer
INV10000624,B010,B010-C1027,Chemicals Client 027,Chemicals & Plastics,60,289224.04,2026-04-18,2026-06-17,closed,2026-06-15,58,-2,False,False,average_payer
INV10000625,B010,B010-C1027,Chemicals Client 027,Chemicals & Plastics,60,486216.24,2026-05-03,2026-07-02,closed,2026-07-06,64,4,False,False,average_payer
INV10000626,B010,B010-C1027,Chemicals Client 027,Chemicals & Plastics,60,279298.92,2026-05-12,2026-07-11,closed,2026-07-07,56,-4,False,False,average_payer
INV10000627,B010,B010-C1027,Chemicals Client 027,Chemicals & Plastics,60,294696.55,2026-05-30,2026-07-29,closed,2026-08-04,66,6,False,False,average_payer
INV10000628,B010,B010-C1027,Chemicals Client 027,Chemicals & Plastics,60,492581.37,2026-06-22,2026-08-21,closed,2026-08-17,56,-4,False,True,average_payer
INV10000629,B010,B010-C1027,Chemicals Client 027,Chemicals & Plastics,60,312410.9,2026-07-17,2026-09-15,open,,,,False,False,average_payer
INV10000630,B010,B010-C1027,Chemicals Client 027,Chemicals & Plastics,60,213711.93,2026-08-16,2026-10-15,disputed_open,,,,False,False,average_payer
INV10000631,B010,B010-C1027,Chemicals Client 027,Chemicals & Plastics,60,190928.56,2026-08-24,2026-10-23,open,,,,False,False,average_payer
INV10000632,B010,B010-C1027,Chemicals Client 027,Chemicals & Plastics,60,212856.75,2026-08-25,2026-10-24,open,,,,False,False,average_payer
INV10000633,B010,B010-C1028,IT Client 028,IT & Business Services,45,170581.96,2024-03-25,2024-05-09,closed,2024-05-09,45,0,False,False,average_payer
INV10000634,B010,B010-C1028,IT Client 028,IT & Business Services,45,90194.59,2024-04-26,2024-06-10,closed,2024-06-15,50,5,False,False,average_payer
INV10000635,B010,B010-C1028,IT Client 028,IT & Business Services,45,142367.79,2024-05-01,2024-06-15,closed,2024-06-17,47,2,False,False,average_payer
INV10000636,B010,B010-C1028,IT Client 028,IT & Business Services,45,63300.54,2024-05-23,2024-07-07,closed,2024-07-09,47,2,False,False,average_payer
INV10000637,B010,B010-C1028,IT Client 028,IT & Business Services,45,139399.56,2024-05-25,2024-07-09,closed,2024-07-15,51,6,False,False,average_payer
INV10000638,B010,B010-C1028,IT Client 028,IT & Business Services,45,115381.38,2024-06-05,2024-07-20,closed,2024-08-03,59,14,False,False,average_payer
INV10000639,B010,B010-C1028,IT Client 028,IT & Business Services,45,101045.82,2024-06-21,2024-08-05,closed,2024-08-02,42,-3,True,False,average_payer
INV10000640,B010,B010-C1028,IT Client 028,IT & Business Services,45,109871.82,2024-07-17,2024-08-31,closed,2024-08-31,45,0,False,False,average_payer
INV10000641,B010,B010-C1028,IT Client 028,IT & Business Services,45,92972.89,2024-08-07,2024-09-21,closed,2024-10-07,61,16,False,False,average_payer
INV10000642,B010,B010-C1028,IT Client 028,IT & Business Services,45,243871.35,2024-08-20,2024-10-04,closed,2024-10-17,58,13,False,False,average_payer
INV10000643,B010,B010-C1028,IT Client 028,IT & Business Services,45,86258.86,2024-09-12,2024-10-27,closed,2024-11-04,53,8,False,False,average_payer
INV10000644,B010,B010-C1028,IT Client 028,IT & Business Services,45,89253.94,2024-09-29,2024-11-13,closed,2024-11-20,52,7,False,False,average_payer
INV10000645,B010,B010-C1028,IT Client 028,IT & Business Services,45,127841.54,2025-03-29,2025-05-13,closed,2025-05-15,47,2,False,False,average_payer
INV10000646,B010,B010-C1028,IT Client 028,IT & Business Services,45,88898.58,2025-04-04,2025-05-19,closed,2025-05-30,56,11,False,False,average_payer
INV10000647,B010,B010-C1028,IT Client 028,IT & Business Services,45,135601.64,2025-04-17,2025-06-01,closed,2025-06-06,50,5,False,False,average_payer
INV10000648,B010,B010-C1028,IT Client 028,IT & Business Services,45,140860.8,2025-05-01,2025-06-15,closed,2025-06-29,59,14,False,False,average_payer
INV10000649,B010,B010-C1028,IT Client 028,IT & Business Services,45,167142.8,2025-06-02,2025-07-17,closed,2025-07-20,48,3,False,False,average_payer
INV10000650,B010,B010-C1028,IT Client 028,IT & Business Services,45,129683.97,2025-06-30,2025-08-14,closed,2025-09-03,65,20,True,False,average_payer
INV10000651,B010,B010-C1028,IT Client 028,IT & Business Services,45,134453.42,2025-07-08,2025-08-22,closed,2025-09-10,64,19,False,False,average_payer
INV10000652,B010,B010-C1028,IT Client 028,IT & Business Services,45,136775.21,2025-07-30,2025-09-13,closed,2025-09-15,47,2,False,False,average_payer
INV10000653,B010,B010-C1028,IT Client 028,IT & Business Services,45,138974.71,2025-08-01,2025-09-15,closed,2025-09-25,55,10,False,False,average_payer
INV10000654,B010,B010-C1028,IT Client 028,IT & Business Services,45,80951.88,2025-08-06,2025-09-20,closed,2025-09-20,45,0,False,False,average_payer
INV10000655,B010,B010-C1028,IT Client 028,IT & Business Services,45,79327.08,2025-08-18,2025-10-02,closed,2025-10-07,50,5,False,False,average_payer
INV10000656,B010,B010-C1028,IT Client 028,IT & Business Services,45,84266.15,2025-09-22,2025-11-06,closed,2025-11-13,52,7,False,False,average_payer
INV10000657,B010,B010-C1028,IT Client 028,IT & Business Services,45,87520.02,2025-10-17,2025-12-01,closed,2025-11-27,41,-4,False,False,average_payer
INV10000658,B010,B010-C1028,IT Client 028,IT & Business Services,45,487493.39,2025-11-09,2025-12-24,closed,2025-12-24,45,0,False,True,average_payer
INV10000659,B010,B010-C1028,IT Client 028,IT & Business Services,45,88523.34,2025-12-15,2026-01-29,closed,2026-02-07,54,9,False,False,average_payer
INV10000660,B010,B010-C1028,IT Client 028,IT & Business Services,45,106947.5,2026-04-12,2026-05-27,closed,2026-06-07,56,11,False,False,average_payer
INV10000661,B010,B010-C1028,IT Client 028,IT & Business Services,45,145063.13,2026-05-09,2026-06-23,closed,2026-07-01,53,8,False,False,average_payer
INV10000662,B010,B010-C1028,IT Client 028,IT & Business Services,45,72383.28,2026-05-18,2026-07-02,closed,2026-07-11,54,9,False,False,average_payer
INV10000663,B010,B010-C1028,IT Client 028,IT & Business Services,45,80221.27,2026-08-02,2026-09-16,disputed_open,,,,False,False,average_payer
INV10000664,B010,B010-C1029,Pharma Client 029,Pharma & Healthcare,30,120591.99,2024-03-21,2024-04-20,closed,2024-06-01,72,42,False,False,chronic_late_payer
INV10000665,B010,B010-C1029,Pharma Client 029,Pharma & Healthcare,30,119461.09,2024-04-07,2024-05-07,closed,2024-06-14,68,38,False,False,chronic_late_payer
INV10000666,B010,B010-C1029,Pharma Client 029,Pharma & Healthcare,30,118296.85,2024-04-13,2024-05-13,closed,2024-06-30,78,48,True,False,chronic_late_payer
INV10000667,B010,B010-C1029,Pharma Client 029,Pharma & Healthcare,30,149021.7,2024-06-04,2024-07-04,closed,2024-08-09,66,36,False,False,chronic_late_payer
INV10000668,B010,B010-C1029,Pharma Client 029,Pharma & Healthcare,30,62315.35,2024-07-06,2024-08-05,closed,2024-09-03,59,29,False,False,chronic_late_payer
INV10000669,B010,B010-C1029,Pharma Client 029,Pharma & Healthcare,30,109527.25,2024-07-08,2024-08-07,closed,2024-09-27,81,51,False,False,chronic_late_payer
INV10000670,B010,B010-C1029,Pharma Client 029,Pharma & Healthcare,30,83456.73,2024-07-12,2024-08-11,closed,2024-09-12,62,32,False,False,chronic_late_payer
INV10000671,B010,B010-C1029,Pharma Client 029,Pharma & Healthcare,30,183008.29,2024-07-18,2024-08-17,closed,2024-09-13,57,27,False,False,chronic_late_payer
INV10000672,B010,B010-C1029,Pharma Client 029,Pharma & Healthcare,30,214280.13,2024-08-31,2024-09-30,closed,2024-11-01,62,32,False,False,chronic_late_payer
INV10000673,B010,B010-C1029,Pharma Client 029,Pharma & Healthcare,30,144313.45,2024-09-24,2024-10-24,closed,2024-11-17,54,24,False,False,chronic_late_payer
INV10000674,B010,B010-C1029,Pharma Client 029,Pharma & Healthcare,30,95614.33,2024-10-03,2024-11-02,closed,2024-12-04,62,32,False,False,chronic_late_payer
INV10000675,B010,B010-C1029,Pharma Client 029,Pharma & Healthcare,30,597490.0,2024-12-01,2024-12-31,closed,2025-02-06,67,37,False,True,chronic_late_payer
INV10000676,B010,B010-C1029,Pharma Client 029,Pharma & Healthcare,30,113071.11,2024-12-29,2025-01-28,closed,2025-02-25,58,28,False,False,chronic_late_payer
INV10000677,B010,B010-C1029,Pharma Client 029,Pharma & Healthcare,30,202403.39,2025-02-19,2025-03-21,open,,,,False,False,chronic_late_payer
INV10000678,B010,B010-C1029,Pharma Client 029,Pharma & Healthcare,30,108675.43,2025-03-25,2025-04-24,closed,2025-05-31,67,37,False,False,chronic_late_payer
INV10000679,B010,B010-C1029,Pharma Client 029,Pharma & Healthcare,30,204835.95,2025-05-05,2025-06-04,closed,2025-07-11,67,37,False,False,chronic_late_payer
INV10000680,B010,B010-C1029,Pharma Client 029,Pharma & Healthcare,30,160803.74,2025-05-09,2025-06-08,closed,2025-07-04,56,26,False,False,chronic_late_payer
INV10000681,B010,B010-C1029,Pharma Client 029,Pharma & Healthcare,30,164350.27,2025-05-20,2025-06-19,closed,2025-07-18,59,29,False,False,chronic_late_payer
INV10000682,B010,B010-C1029,Pharma Client 029,Pharma & Healthcare,30,89672.85,2025-06-22,2025-07-22,closed,2025-08-27,66,36,False,False,chronic_late_payer
INV10000683,B010,B010-C1029,Pharma Client 029,Pharma & Healthcare,30,151821.88,2025-06-24,2025-07-24,closed,2025-08-13,50,20,False,False,chronic_late_payer
INV10000684,B010,B010-C1029,Pharma Client 029,Pharma & Healthcare,30,143938.49,2025-08-29,2025-09-28,open,,,,False,False,chronic_late_payer
INV10000685,B010,B010-C1029,Pharma Client 029,Pharma & Healthcare,30,144138.24,2025-09-09,2025-10-09,closed,2025-11-14,66,36,True,False,chronic_late_payer
INV10000686,B010,B010-C1029,Pharma Client 029,Pharma & Healthcare,30,215637.06,2025-09-26,2025-10-26,closed,2025-11-09,44,14,False,False,chronic_late_payer
INV10000687,B010,B010-C1029,Pharma Client 029,Pharma & Healthcare,30,209028.48,2025-10-04,2025-11-03,closed,2025-11-26,53,23,False,False,chronic_late_payer
INV10000688,B010,B010-C1029,Pharma Client 029,Pharma & Healthcare,30,156938.32,2025-10-22,2025-11-21,closed,2025-12-24,63,33,True,False,chronic_late_payer
INV10000689,B010,B010-C1029,Pharma Client 029,Pharma & Healthcare,30,255528.3,2025-11-19,2025-12-19,closed,2026-02-05,78,48,False,False,chronic_late_payer
INV10000690,B010,B010-C1029,Pharma Client 029,Pharma & Healthcare,30,160304.25,2025-12-04,2026-01-03,closed,2026-02-02,60,30,False,False,chronic_late_payer
INV10000691,B010,B010-C1029,Pharma Client 029,Pharma & Healthcare,30,218073.66,2026-02-06,2026-03-08,closed,2026-05-10,93,63,False,False,chronic_late_payer
INV10000692,B010,B010-C1029,Pharma Client 029,Pharma & Healthcare,30,124880.86,2026-02-13,2026-03-15,closed,2026-04-12,58,28,False,False,chronic_late_payer
INV10000693,B010,B010-C1029,Pharma Client 029,Pharma & Healthcare,30,168466.07,2026-04-03,2026-05-03,closed,2026-06-11,69,39,False,False,chronic_late_payer
INV10000694,B010,B010-C1029,Pharma Client 029,Pharma & Healthcare,30,114791.52,2026-04-16,2026-05-16,closed,2026-06-15,60,30,False,False,chronic_late_payer
INV10000695,B010,B010-C1029,Pharma Client 029,Pharma & Healthcare,30,156372.48,2026-05-24,2026-06-23,closed,2026-08-12,80,50,False,False,chronic_late_payer
INV10000696,B010,B010-C1029,Pharma Client 029,Pharma & Healthcare,30,230390.85,2026-05-28,2026-06-27,closed,2026-07-15,48,18,False,False,chronic_late_payer
INV10000697,B010,B010-C1029,Pharma Client 029,Pharma & Healthcare,30,171891.66,2026-07-19,2026-08-18,open,,,,False,False,chronic_late_payer
INV10000698,B010,B010-C1029,Pharma Client 029,Pharma & Healthcare,30,326909.04,2026-08-04,2026-09-03,open,,,,False,False,chronic_late_payer
INV10000699,B010,B010-C1029,Pharma Client 029,Pharma & Healthcare,30,144728.66,2026-08-17,2026-09-16,open,,,,False,False,chronic_late_payer
INV10000700,B010,B010-C1030,Textiles Client 030,Textiles & Apparel,30,71995.4,2024-04-07,2024-05-07,closed,2024-05-08,31,1,False,False,prompt_payer
INV10000701,B010,B010-C1030,Textiles Client 030,Textiles & Apparel,30,27278.45,2024-06-20,2024-07-20,closed,2024-07-25,35,5,False,False,prompt_payer
INV10000702,B010,B010-C1030,Textiles Client 030,Textiles & Apparel,30,48336.08,2024-07-05,2024-08-04,closed,2024-08-04,30,0,False,False,prompt_payer
INV10000703,B010,B010-C1030,Textiles Client 030,Textiles & Apparel,30,45785.96,2024-07-07,2024-08-06,closed,2024-08-08,32,2,False,False,prompt_payer
INV10000704,B010,B010-C1030,Textiles Client 030,Textiles & Apparel,30,50674.73,2024-07-19,2024-08-18,closed,2024-08-21,33,3,False,False,prompt_payer
INV10000705,B010,B010-C1030,Textiles Client 030,Textiles & Apparel,30,50480.06,2024-08-28,2024-09-27,closed,2024-09-25,28,-2,False,False,prompt_payer
INV10000706,B010,B010-C1030,Textiles Client 030,Textiles & Apparel,30,69292.26,2024-09-21,2024-10-21,closed,2024-10-23,32,2,False,False,prompt_payer
INV10000707,B010,B010-C1030,Textiles Client 030,Textiles & Apparel,30,48393.95,2024-09-27,2024-10-27,open,,,,False,False,prompt_payer
INV10000708,B010,B010-C1030,Textiles Client 030,Textiles & Apparel,30,41800.38,2024-10-10,2024-11-09,closed,2024-11-06,27,-3,False,False,prompt_payer
INV10000709,B010,B010-C1030,Textiles Client 030,Textiles & Apparel,30,45763.16,2024-10-28,2024-11-27,closed,2024-11-24,27,-3,True,False,prompt_payer
INV10000710,B010,B010-C1030,Textiles Client 030,Textiles & Apparel,30,38942.69,2024-11-14,2024-12-14,closed,2024-12-12,28,-2,False,False,prompt_payer
INV10000711,B010,B010-C1030,Textiles Client 030,Textiles & Apparel,30,49744.63,2024-12-31,2025-01-30,closed,2025-01-25,25,-5,False,False,prompt_payer
INV10000712,B010,B010-C1030,Textiles Client 030,Textiles & Apparel,30,39037.55,2025-01-08,2025-02-07,closed,2025-02-07,30,0,False,False,prompt_payer
INV10000713,B010,B010-C1030,Textiles Client 030,Textiles & Apparel,30,32210.46,2025-01-08,2025-02-07,closed,2025-02-07,30,0,False,False,prompt_payer
INV10000714,B010,B010-C1030,Textiles Client 030,Textiles & Apparel,30,56317.26,2025-01-18,2025-02-17,closed,2025-02-12,25,-5,False,False,prompt_payer
INV10000715,B010,B010-C1030,Textiles Client 030,Textiles & Apparel,30,57387.28,2025-05-20,2025-06-19,closed,2025-06-16,27,-3,True,False,prompt_payer
INV10000716,B010,B010-C1030,Textiles Client 030,Textiles & Apparel,30,80358.73,2025-08-22,2025-09-21,closed,2025-09-19,28,-2,False,False,prompt_payer
INV10000717,B010,B010-C1030,Textiles Client 030,Textiles & Apparel,30,31847.22,2025-08-27,2025-09-26,closed,2025-09-24,28,-2,False,False,prompt_payer
INV10000718,B010,B010-C1030,Textiles Client 030,Textiles & Apparel,30,35482.25,2025-10-14,2025-11-13,closed,2025-11-20,37,7,False,False,prompt_payer
INV10000719,B010,B010-C1030,Textiles Client 030,Textiles & Apparel,30,32942.41,2025-10-28,2025-11-27,closed,2025-11-27,30,0,False,False,prompt_payer
INV10000720,B010,B010-C1030,Textiles Client 030,Textiles & Apparel,30,22785.44,2025-10-29,2025-11-28,closed,2025-11-24,26,-4,False,False,prompt_payer
INV10000721,B010,B010-C1030,Textiles Client 030,Textiles & Apparel,30,43156.11,2025-12-09,2026-01-08,closed,2026-01-01,23,-7,False,False,prompt_payer
INV10000722,B010,B010-C1030,Textiles Client 030,Textiles & Apparel,30,35398.7,2025-12-31,2026-01-30,closed,2026-01-26,26,-4,False,False,prompt_payer
INV10000723,B010,B010-C1030,Textiles Client 030,Textiles & Apparel,30,54069.52,2026-01-24,2026-02-23,closed,2026-02-23,30,0,False,False,prompt_payer
INV10000724,B010,B010-C1030,Textiles Client 030,Textiles & Apparel,30,72241.08,2026-02-08,2026-03-10,closed,2026-03-10,30,0,False,False,prompt_payer
INV10000725,B010,B010-C1030,Textiles Client 030,Textiles & Apparel,30,41331.16,2026-02-22,2026-03-24,disputed_open,,,,False,False,prompt_payer
INV10000726,B010,B010-C1030,Textiles Client 030,Textiles & Apparel,30,26158.68,2026-03-10,2026-04-09,closed,2026-04-03,24,-6,False,False,prompt_payer
INV10000727,B010,B010-C1030,Textiles Client 030,Textiles & Apparel,30,49584.72,2026-04-07,2026-05-07,closed,2026-05-06,29,-1,False,False,prompt_payer
INV10000728,B010,B010-C1030,Textiles Client 030,Textiles & Apparel,30,50299.79,2026-05-10,2026-06-09,closed,2026-05-31,21,-9,False,False,prompt_payer
INV10000729,B010,B010-C1030,Textiles Client 030,Textiles & Apparel,30,42953.25,2026-05-30,2026-06-29,closed,2026-07-03,34,4,False,False,prompt_payer
INV10000730,B010,B010-C1030,Textiles Client 030,Textiles & Apparel,30,33515.35,2026-06-10,2026-07-10,closed,2026-07-06,26,-4,False,False,prompt_payer
INV10000731,B010,B010-C1030,Textiles Client 030,Textiles & Apparel,30,52315.6,2026-06-22,2026-07-22,closed,2026-07-23,31,1,False,False,prompt_payer
INV10000732,B010,B010-C1030,Textiles Client 030,Textiles & Apparel,30,42488.23,2026-07-13,2026-08-12,closed,2026-08-10,28,-2,False,False,prompt_payer
INV10000733,B010,B010-C1030,Textiles Client 030,Textiles & Apparel,30,42174.23,2026-08-08,2026-09-07,closed,2026-09-02,25,-5,False,False,prompt_payer
INV10000734,B010,B010-C1030,Textiles Client 030,Textiles & Apparel,30,34262.38,2026-08-08,2026-09-07,open,,,,False,False,prompt_payer
INV10000735,B010,B010-C1030,Textiles Client 030,Textiles & Apparel,30,54975.26,2026-08-18,2026-09-17,open,,,,False,False,prompt_payer
INV10000736,B010,B010-C1031,Retail Client 031,Retail & Distribution,30,272648.7,2024-04-02,2024-05-02,closed,2024-05-06,34,4,False,False,prompt_payer
INV10000737,B010,B010-C1031,Retail Client 031,Retail & Distribution,30,533379.58,2024-04-06,2024-05-06,closed,2024-05-06,30,0,False,False,prompt_payer
INV10000738,B010,B010-C1031,Retail Client 031,Retail & Distribution,30,449913.89,2024-06-01,2024-07-01,closed,2024-06-27,26,-4,False,False,prompt_payer
INV10000739,B010,B010-C1031,Retail Client 031,Retail & Distribution,30,382390.7,2024-07-09,2024-08-08,closed,2024-08-09,31,1,False,False,prompt_payer
INV10000740,B010,B010-C1031,Retail Client 031,Retail & Distribution,30,1326400.58,2024-07-27,2024-08-26,closed,2024-08-26,30,0,False,True,prompt_payer
INV10000741,B010,B010-C1031,Retail Client 031,Retail & Distribution,30,815453.21,2024-08-21,2024-09-20,closed,2024-09-27,37,7,False,False,prompt_payer
INV10000742,B010,B010-C1031,Retail Client 031,Retail & Distribution,30,361529.53,2024-08-22,2024-09-21,closed,2024-09-22,31,1,False,False,prompt_payer
INV10000743,B010,B010-C1031,Retail Client 031,Retail & Distribution,30,562722.83,2024-09-02,2024-10-02,closed,2024-10-04,32,2,False,False,prompt_payer
INV10000744,B010,B010-C1031,Retail Client 031,Retail & Distribution,30,411188.92,2024-10-26,2024-11-25,closed,2024-11-26,31,1,False,False,prompt_payer
INV10000745,B010,B010-C1031,Retail Client 031,Retail & Distribution,30,719693.73,2024-10-27,2024-11-26,closed,2024-11-17,21,-9,False,False,prompt_payer
INV10000746,B010,B010-C1031,Retail Client 031,Retail & Distribution,30,432703.7,2024-11-12,2024-12-12,closed,2024-12-11,29,-1,False,False,prompt_payer
INV10000747,B010,B010-C1031,Retail Client 031,Retail & Distribution,30,279704.67,2025-01-18,2025-02-17,closed,2025-02-19,32,2,False,False,prompt_payer
INV10000748,B010,B010-C1031,Retail Client 031,Retail & Distribution,30,766091.7,2025-03-01,2025-03-31,closed,2025-03-31,30,0,False,False,prompt_payer
INV10000749,B010,B010-C1031,Retail Client 031,Retail & Distribution,30,388845.88,2025-04-11,2025-05-11,closed,2025-05-08,27,-3,False,False,prompt_payer
INV10000750,B010,B010-C1031,Retail Client 031,Retail & Distribution,30,400500.63,2025-04-25,2025-05-25,open,,,,False,False,prompt_payer
INV10000751,B010,B010-C1031,Retail Client 031,Retail & Distribution,30,512080.83,2025-05-01,2025-05-31,closed,2025-05-24,23,-7,False,False,prompt_payer
INV10000752,B010,B010-C1031,Retail Client 031,Retail & Distribution,30,1077891.37,2025-05-28,2025-06-27,closed,2025-06-29,32,2,False,False,prompt_payer
INV10000753,B010,B010-C1031,Retail Client 031,Retail & Distribution,30,493814.27,2025-06-02,2025-07-02,closed,2025-07-02,30,0,False,False,prompt_payer
INV10000754,B010,B010-C1031,Retail Client 031,Retail & Distribution,30,578811.47,2025-06-03,2025-07-03,closed,2025-07-06,33,3,False,False,prompt_payer
INV10000755,B010,B010-C1031,Retail Client 031,Retail & Distribution,30,654882.15,2025-07-17,2025-08-16,closed,2025-08-09,23,-7,False,False,prompt_payer
INV10000756,B010,B010-C1031,Retail Client 031,Retail & Distribution,30,348260.07,2025-07-25,2025-08-24,closed,2025-08-27,33,3,False,False,prompt_payer
INV10000757,B010,B010-C1031,Retail Client 031,Retail & Distribution,30,451918.84,2025-07-31,2025-08-30,closed,2025-08-27,27,-3,False,False,prompt_payer
INV10000758,B010,B010-C1031,Retail Client 031,Retail & Distribution,30,637627.64,2025-08-06,2025-09-05,closed,2025-08-30,24,-6,False,False,prompt_payer
INV10000759,B010,B010-C1031,Retail Client 031,Retail & Distribution,30,2701466.51,2025-09-15,2025-10-15,closed,2025-10-15,30,0,False,True,prompt_payer
INV10000760,B010,B010-C1031,Retail Client 031,Retail & Distribution,30,538769.4,2025-09-28,2025-10-28,closed,2025-11-02,35,5,False,False,prompt_payer
INV10000761,B010,B010-C1031,Retail Client 031,Retail & Distribution,30,547181.64,2025-10-04,2025-11-03,closed,2025-11-05,32,2,False,False,prompt_payer
INV10000762,B010,B010-C1031,Retail Client 031,Retail & Distribution,30,505446.33,2025-10-09,2025-11-08,closed,2025-11-03,25,-5,False,False,prompt_payer
INV10000763,B010,B010-C1031,Retail Client 031,Retail & Distribution,30,400416.31,2025-10-11,2025-11-10,closed,2025-11-04,24,-6,False,False,prompt_payer
INV10000764,B010,B010-C1031,Retail Client 031,Retail & Distribution,30,846446.99,2025-12-03,2026-01-02,closed,2026-01-02,30,0,False,False,prompt_payer
INV10000765,B010,B010-C1031,Retail Client 031,Retail & Distribution,30,635329.31,2025-12-21,2026-01-20,closed,2026-01-11,21,-9,False,False,prompt_payer
INV10000766,B010,B010-C1031,Retail Client 031,Retail & Distribution,30,601438.11,2026-02-26,2026-03-28,closed,2026-03-25,27,-3,False,False,prompt_payer
INV10000767,B010,B010-C1031,Retail Client 031,Retail & Distribution,30,2007759.49,2026-03-15,2026-04-14,closed,2026-04-14,30,0,False,True,prompt_payer
INV10000768,B010,B010-C1031,Retail Client 031,Retail & Distribution,30,227025.85,2026-03-24,2026-04-23,closed,2026-04-17,24,-6,False,False,prompt_payer
INV10000769,B010,B010-C1031,Retail Client 031,Retail & Distribution,30,632483.26,2026-03-29,2026-04-28,closed,2026-04-19,21,-9,False,False,prompt_payer
INV10000770,B010,B010-C1031,Retail Client 031,Retail & Distribution,30,496854.12,2026-03-30,2026-04-29,closed,2026-04-20,21,-9,False,False,prompt_payer
INV10000771,B010,B010-C1031,Retail Client 031,Retail & Distribution,30,336399.72,2026-04-12,2026-05-12,closed,2026-05-14,32,2,False,False,prompt_payer
INV10000772,B010,B010-C1031,Retail Client 031,Retail & Distribution,30,635803.07,2026-04-19,2026-05-19,closed,2026-05-10,21,-9,False,False,prompt_payer
INV10000773,B010,B010-C1031,Retail Client 031,Retail & Distribution,30,434446.07,2026-05-28,2026-06-27,closed,2026-06-26,29,-1,False,False,prompt_payer
INV10000774,B010,B010-C1031,Retail Client 031,Retail & Distribution,30,492060.05,2026-05-30,2026-06-29,closed,2026-06-29,30,0,False,False,prompt_payer
INV10000775,B010,B010-C1031,Retail Client 031,Retail & Distribution,30,499716.99,2026-06-15,2026-07-15,closed,2026-07-16,31,1,False,False,prompt_payer
INV10000776,B010,B010-C1031,Retail Client 031,Retail & Distribution,30,645160.12,2026-06-19,2026-07-19,closed,2026-07-14,25,-5,False,False,prompt_payer
INV10000777,B010,B010-C1031,Retail Client 031,Retail & Distribution,30,340066.47,2026-06-24,2026-07-24,closed,2026-07-27,33,3,False,False,prompt_payer
INV10000778,B010,B010-C1031,Retail Client 031,Retail & Distribution,30,1205778.13,2026-07-11,2026-08-10,closed,2026-08-08,28,-2,False,False,prompt_payer
INV10000779,B010,B010-C1031,Retail Client 031,Retail & Distribution,30,444675.31,2026-07-25,2026-08-24,closed,2026-08-24,30,0,False,False,prompt_payer
INV10000780,B010,B010-C1031,Retail Client 031,Retail & Distribution,30,444216.17,2026-08-24,2026-09-23,open,,,,False,False,prompt_payer
INV10000781,B010,B010-C1032,Construction Client 032,Construction & Infra,45,24014.93,2024-03-21,2024-05-05,closed,2024-04-30,40,-5,False,False,prompt_payer
INV10000782,B010,B010-C1032,Construction Client 032,Construction & Infra,45,34624.26,2024-03-30,2024-05-14,closed,2024-05-14,45,0,False,False,prompt_payer
INV10000783,B010,B010-C1032,Construction Client 032,Construction & Infra,45,31761.61,2024-05-11,2024-06-25,closed,2024-06-25,45,0,False,False,prompt_payer
INV10000784,B010,B010-C1032,Construction Client 032,Construction & Infra,45,35115.9,2024-05-24,2024-07-08,closed,2024-07-06,43,-2,False,False,prompt_payer
INV10000785,B010,B010-C1032,Construction Client 032,Construction & Infra,45,39874.09,2024-07-02,2024-08-16,closed,2024-08-20,49,4,False,False,prompt_payer
INV10000786,B010,B010-C1032,Construction Client 032,Construction & Infra,45,41329.49,2024-07-08,2024-08-22,closed,2024-08-20,43,-2,False,False,prompt_payer
INV10000787,B010,B010-C1032,Construction Client 032,Construction & Infra,45,54815.61,2024-07-09,2024-08-23,closed,2024-08-22,44,-1,False,False,prompt_payer
INV10000788,B010,B010-C1032,Construction Client 032,Construction & Infra,45,103013.47,2024-10-07,2024-11-21,closed,2024-11-15,39,-6,True,False,prompt_payer
INV10000789,B010,B010-C1032,Construction Client 032,Construction & Infra,45,28067.6,2024-10-07,2024-11-21,closed,2024-11-21,45,0,False,False,prompt_payer
INV10000790,B010,B010-C1032,Construction Client 032,Construction & Infra,45,58842.88,2024-10-12,2024-11-26,closed,2024-11-24,43,-2,False,False,prompt_payer
INV10000791,B010,B010-C1032,Construction Client 032,Construction & Infra,45,40213.55,2024-11-21,2025-01-05,closed,2024-12-31,40,-5,False,False,prompt_payer
INV10000792,B010,B010-C1032,Construction Client 032,Construction & Infra,45,65268.08,2024-11-27,2025-01-11,closed,2025-01-15,49,4,False,False,prompt_payer
INV10000793,B010,B010-C1032,Construction Client 032,Construction & Infra,45,53269.14,2024-11-27,2025-01-11,closed,2025-01-08,42,-3,False,False,prompt_payer
INV10000794,B010,B010-C1032,Construction Client 032,Construction & Infra,45,48212.07,2024-11-28,2025-01-12,closed,2025-01-10,43,-2,False,False,prompt_payer
INV10000795,B010,B010-C1032,Construction Client 032,Construction & Infra,45,52041.17,2024-12-16,2025-01-30,closed,2025-01-23,38,-7,False,False,prompt_payer
INV10000796,B010,B010-C1032,Construction Client 032,Construction & Infra,45,32737.3,2024-12-16,2025-01-30,closed,2025-02-04,50,5,False,False,prompt_payer
INV10000797,B010,B010-C1032,Construction Client 032,Construction & Infra,45,28375.6,2024-12-24,2025-02-07,closed,2025-02-10,48,3,False,False,prompt_payer
INV10000798,B010,B010-C1032,Construction Client 032,Construction & Infra,45,53177.56,2025-02-07,2025-03-24,closed,2025-03-28,49,4,False,False,prompt_payer
INV10000799,B010,B010-C1032,Construction Client 032,Construction & Infra,45,38390.13,2025-02-12,2025-03-29,closed,2025-03-28,44,-1,False,False,prompt_payer
INV10000800,B010,B010-C1032,Construction Client 032,Construction & Infra,45,57710.64,2025-03-02,2025-04-16,closed,2025-04-16,45,0,False,False,prompt_payer
INV10000801,B010,B010-C1032,Construction Client 032,Construction & Infra,45,122755.56,2025-03-03,2025-04-17,closed,2025-04-19,47,2,False,True,prompt_payer
INV10000802,B010,B010-C1032,Construction Client 032,Construction & Infra,45,27516.18,2025-03-09,2025-04-23,closed,2025-04-23,45,0,False,False,prompt_payer
INV10000803,B010,B010-C1032,Construction Client 032,Construction & Infra,45,49475.35,2025-03-19,2025-05-03,closed,2025-05-05,47,2,False,False,prompt_payer
INV10000804,B010,B010-C1032,Construction Client 032,Construction & Infra,45,29756.17,2025-04-03,2025-05-18,closed,2025-05-21,48,3,False,False,prompt_payer
INV10000805,B010,B010-C1032,Construction Client 032,Construction & Infra,45,34714.45,2025-04-24,2025-06-08,closed,2025-06-10,47,2,False,False,prompt_payer
INV10000806,B010,B010-C1032,Construction Client 032,Construction & Infra,45,32742.24,2025-05-19,2025-07-03,closed,2025-07-01,43,-2,False,False,prompt_payer
INV10000807,B010,B010-C1032,Construction Client 032,Construction & Infra,45,33426.56,2025-05-30,2025-07-14,closed,2025-07-15,46,1,False,False,prompt_payer
INV10000808,B010,B010-C1032,Construction Client 032,Construction & Infra,45,336481.91,2025-07-26,2025-09-09,closed,2025-09-07,43,-2,False,True,prompt_payer
INV10000809,B010,B010-C1032,Construction Client 032,Construction & Infra,45,20041.98,2025-07-27,2025-09-10,closed,2025-09-07,42,-3,False,False,prompt_payer
INV10000810,B010,B010-C1032,Construction Client 032,Construction & Infra,45,42728.38,2025-08-01,2025-09-15,closed,2025-09-18,48,3,False,False,prompt_payer
INV10000811,B010,B010-C1032,Construction Client 032,Construction & Infra,45,47940.14,2025-08-03,2025-09-17,closed,2025-09-13,41,-4,False,False,prompt_payer
INV10000812,B010,B010-C1032,Construction Client 032,Construction & Infra,45,23402.53,2025-09-06,2025-10-21,closed,2025-10-19,43,-2,False,False,prompt_payer
INV10000813,B010,B010-C1032,Construction Client 032,Construction & Infra,45,44406.25,2025-09-09,2025-10-24,closed,2025-10-17,38,-7,False,False,prompt_payer
INV10000814,B010,B010-C1032,Construction Client 032,Construction & Infra,45,49424.12,2025-09-15,2025-10-30,closed,2025-11-03,49,4,False,False,prompt_payer
INV10000815,B010,B010-C1032,Construction Client 032,Construction & Infra,45,25863.73,2025-09-18,2025-11-02,closed,2025-10-31,43,-2,False,False,prompt_payer
INV10000816,B010,B010-C1032,Construction Client 032,Construction & Infra,45,27127.2,2025-10-06,2025-11-20,closed,2025-11-19,44,-1,False,False,prompt_payer
INV10000817,B010,B010-C1032,Construction Client 032,Construction & Infra,45,31478.8,2025-12-08,2026-01-22,closed,2026-01-22,45,0,False,False,prompt_payer
INV10000818,B010,B010-C1032,Construction Client 032,Construction & Infra,45,39307.94,2026-01-31,2026-03-17,closed,2026-03-13,41,-4,False,False,prompt_payer
INV10000819,B010,B010-C1032,Construction Client 032,Construction & Infra,45,47638.62,2026-02-06,2026-03-23,closed,2026-03-25,47,2,False,False,prompt_payer
INV10000820,B010,B010-C1032,Construction Client 032,Construction & Infra,45,37202.86,2026-02-15,2026-04-01,closed,2026-03-31,44,-1,False,False,prompt_payer
INV10000821,B010,B010-C1032,Construction Client 032,Construction & Infra,45,34862.85,2026-02-22,2026-04-08,closed,2026-04-15,52,7,False,False,prompt_payer
INV10000822,B010,B010-C1032,Construction Client 032,Construction & Infra,45,44628.16,2026-02-27,2026-04-13,closed,2026-04-11,43,-2,False,False,prompt_payer
INV10000823,B010,B010-C1032,Construction Client 032,Construction & Infra,45,33743.89,2026-03-01,2026-04-15,closed,2026-04-13,43,-2,False,False,prompt_payer
INV10000824,B010,B010-C1032,Construction Client 032,Construction & Infra,45,34920.1,2026-04-20,2026-06-04,closed,2026-06-03,44,-1,False,False,prompt_payer
INV10000825,B010,B010-C1032,Construction Client 032,Construction & Infra,45,56583.54,2026-04-24,2026-06-08,closed,2026-06-11,48,3,False,False,prompt_payer
INV10000826,B010,B010-C1032,Construction Client 032,Construction & Infra,45,40333.63,2026-06-12,2026-07-27,closed,2026-07-24,42,-3,False,False,prompt_payer
INV10000827,B010,B010-C1032,Construction Client 032,Construction & Infra,45,44301.01,2026-07-05,2026-08-19,closed,2026-08-18,44,-1,False,False,prompt_payer
INV10000828,B010,B010-C1032,Construction Client 032,Construction & Infra,45,43693.25,2026-08-11,2026-09-25,open,,,,False,False,prompt_payer
INV10000829,B010,B010-C1032,Construction Client 032,Construction & Infra,45,30699.41,2026-09-01,2026-10-16,open,,,,False,False,prompt_payer
INV10000830,B010,B010-C1033,Auto Client 033,Auto Components,30,106607.38,2024-03-30,2024-04-29,closed,2024-05-29,60,30,False,False,improving_payer
INV10000831,B010,B010-C1033,Auto Client 033,Auto Components,30,143436.14,2024-03-31,2024-04-30,closed,2024-06-13,74,44,False,False,improving_payer
INV10000832,B010,B010-C1033,Auto Client 033,Auto Components,30,139138.3,2024-04-02,2024-05-02,closed,2024-05-30,58,28,False,False,improving_payer
INV10000833,B010,B010-C1033,Auto Client 033,Auto Components,30,191354.06,2024-04-28,2024-05-28,closed,2024-07-01,64,34,False,False,improving_payer
INV10000834,B010,B010-C1033,Auto Client 033,Auto Components,30,124837.17,2024-05-01,2024-05-31,closed,2024-06-27,57,27,False,False,improving_payer
INV10000835,B010,B010-C1033,Auto Client 033,Auto Components,30,98574.59,2024-06-13,2024-07-13,closed,2024-08-24,72,42,False,False,improving_payer
INV10000836,B010,B010-C1033,Auto Client 033,Auto Components,30,172825.17,2024-08-21,2024-09-20,closed,2024-10-21,61,31,False,False,improving_payer
INV10000837,B010,B010-C1033,Auto Client 033,Auto Components,30,171124.66,2024-09-01,2024-10-01,closed,2024-11-11,71,41,False,False,improving_payer
INV10000838,B010,B010-C1033,Auto Client 033,Auto Components,30,107539.54,2024-09-03,2024-10-03,closed,2024-11-04,62,32,False,False,improving_payer
INV10000839,B010,B010-C1033,Auto Client 033,Auto Components,30,115162.89,2024-09-16,2024-10-16,closed,2024-11-16,61,31,False,False,improving_payer
INV10000840,B010,B010-C1033,Auto Client 033,Auto Components,30,847135.44,2024-10-08,2024-11-07,closed,2024-12-06,59,29,False,True,improving_payer
INV10000841,B010,B010-C1033,Auto Client 033,Auto Components,30,398399.73,2024-10-11,2024-11-10,closed,2024-12-11,61,31,False,True,improving_payer
INV10000842,B010,B010-C1033,Auto Client 033,Auto Components,30,139719.23,2024-11-19,2024-12-19,closed,2025-01-05,47,17,False,False,improving_payer
INV10000843,B010,B010-C1033,Auto Client 033,Auto Components,30,200711.64,2025-01-31,2025-03-02,closed,2025-03-23,51,21,False,False,improving_payer
INV10000844,B010,B010-C1033,Auto Client 033,Auto Components,30,160530.43,2025-02-19,2025-03-21,closed,2025-03-29,38,8,False,False,improving_payer
INV10000845,B010,B010-C1033,Auto Client 033,Auto Components,30,263298.97,2025-02-19,2025-03-21,closed,2025-04-06,46,16,False,False,improving_payer
INV10000846,B010,B010-C1033,Auto Client 033,Auto Components,30,156107.01,2025-04-01,2025-05-01,closed,2025-05-03,32,2,False,False,improving_payer
INV10000847,B010,B010-C1033,Auto Client 033,Auto Components,30,150821.37,2025-05-15,2025-06-14,closed,2025-07-05,51,21,False,False,improving_payer
INV10000848,B010,B010-C1033,Auto Client 033,Auto Components,30,132479.98,2025-06-01,2025-07-01,closed,2025-07-12,41,11,False,False,improving_payer
INV10000849,B010,B010-C1033,Auto Client 033,Auto Components,30,199525.05,2025-06-16,2025-07-16,closed,2025-08-06,51,21,False,False,improving_payer
INV10000850,B010,B010-C1033,Auto Client 033,Auto Components,30,290941.81,2025-10-07,2025-11-06,closed,2025-11-20,44,14,False,False,improving_payer
INV10000851,B010,B010-C1033,Auto Client 033,Auto Components,30,231482.96,2025-12-09,2026-01-08,closed,2026-01-22,44,14,False,False,improving_payer
INV10000852,B010,B010-C1033,Auto Client 033,Auto Components,30,178629.5,2025-12-30,2026-01-29,closed,2026-02-11,43,13,False,False,improving_payer
INV10000853,B010,B010-C1033,Auto Client 033,Auto Components,30,67749.66,2026-01-07,2026-02-06,closed,2026-02-03,27,-3,False,False,improving_payer
INV10000854,B010,B010-C1033,Auto Client 033,Auto Components,30,219236.49,2026-02-09,2026-03-11,closed,2026-03-11,30,0,False,False,improving_payer
INV10000855,B010,B010-C1033,Auto Client 033,Auto Components,30,311758.11,2026-03-02,2026-04-01,closed,2026-04-11,40,10,True,True,improving_payer
INV10000856,B010,B010-C1033,Auto Client 033,Auto Components,30,124309.53,2026-05-23,2026-06-22,closed,2026-07-07,45,15,False,False,improving_payer
INV10000857,B010,B010-C1033,Auto Client 033,Auto Components,30,278596.98,2026-05-30,2026-06-29,closed,2026-07-19,50,20,False,False,improving_payer
INV10000858,B010,B010-C1033,Auto Client 033,Auto Components,30,916803.34,2026-06-07,2026-07-07,closed,2026-07-15,38,8,False,True,improving_payer
INV10000859,B010,B010-C1033,Auto Client 033,Auto Components,30,92534.25,2026-06-20,2026-07-20,closed,2026-07-24,34,4,False,False,improving_payer
INV10000860,B010,B010-C1033,Auto Client 033,Auto Components,30,217092.62,2026-07-27,2026-08-26,open,,,,False,False,improving_payer
INV10000861,B010,B010-C1033,Auto Client 033,Auto Components,30,114220.94,2026-08-04,2026-09-03,closed,2026-08-30,26,-4,False,False,improving_payer
INV10000862,B010,B010-C1033,Auto Client 033,Auto Components,30,198220.86,2026-08-24,2026-09-23,open,,,,False,False,improving_payer
INV10000863,B010,B010-C1034,Metal Client 034,Metal & Engineering,45,163693.07,2024-03-18,2024-05-02,closed,2024-07-10,114,69,False,False,chronic_late_payer
INV10000864,B010,B010-C1034,Metal Client 034,Metal & Engineering,45,298961.63,2024-04-21,2024-06-05,closed,2024-07-03,73,28,False,False,chronic_late_payer
INV10000865,B010,B010-C1034,Metal Client 034,Metal & Engineering,45,150556.53,2024-05-08,2024-06-22,closed,2024-07-09,62,17,False,False,chronic_late_payer
INV10000866,B010,B010-C1034,Metal Client 034,Metal & Engineering,45,143317.02,2024-05-14,2024-06-28,closed,2024-08-21,99,54,False,False,chronic_late_payer
INV10000867,B010,B010-C1034,Metal Client 034,Metal & Engineering,45,175671.29,2024-05-25,2024-07-09,closed,2024-08-19,86,41,False,False,chronic_late_payer
INV10000868,B010,B010-C1034,Metal Client 034,Metal & Engineering,45,222838.99,2024-07-06,2024-08-20,closed,2024-09-17,73,28,False,False,chronic_late_payer
INV10000869,B010,B010-C1034,Metal Client 034,Metal & Engineering,45,299426.09,2024-07-15,2024-08-29,closed,2024-10-09,86,41,False,False,chronic_late_payer
INV10000870,B010,B010-C1034,Metal Client 034,Metal & Engineering,45,155966.48,2024-07-31,2024-09-14,closed,2024-11-02,94,49,False,False,chronic_late_payer
INV10000871,B010,B010-C1034,Metal Client 034,Metal & Engineering,45,183243.96,2024-08-19,2024-10-03,open,,,,False,False,chronic_late_payer
INV10000872,B010,B010-C1034,Metal Client 034,Metal & Engineering,45,166686.07,2024-09-03,2024-10-18,closed,2024-11-01,59,14,False,False,chronic_late_payer
INV10000873,B010,B010-C1034,Metal Client 034,Metal & Engineering,45,145026.36,2024-10-06,2024-11-20,closed,2024-12-23,78,33,False,False,chronic_late_payer
INV10000874,B010,B010-C1034,Metal Client 034,Metal & Engineering,45,221860.03,2024-12-06,2025-01-20,closed,2025-03-06,90,45,False,False,chronic_late_payer
INV10000875,B010,B010-C1034,Metal Client 034,Metal & Engineering,45,143588.03,2024-12-10,2025-01-24,closed,2025-03-28,108,63,False,False,chronic_late_payer
INV10000876,B010,B010-C1034,Metal Client 034,Metal & Engineering,45,167286.48,2024-12-15,2025-01-29,closed,2025-03-04,79,34,False,False,chronic_late_payer
INV10000877,B010,B010-C1034,Metal Client 034,Metal & Engineering,45,201602.93,2024-12-30,2025-02-13,closed,2025-04-19,110,65,False,False,chronic_late_payer
INV10000878,B010,B010-C1034,Metal Client 034,Metal & Engineering,45,121644.45,2025-01-10,2025-02-24,closed,2025-03-19,68,23,False,False,chronic_late_payer
INV10000879,B010,B010-C1034,Metal Client 034,Metal & Engineering,45,123331.17,2025-01-13,2025-02-27,closed,2025-03-13,59,14,False,False,chronic_late_payer
INV10000880,B010,B010-C1034,Metal Client 034,Metal & Engineering,45,160904.9,2025-02-02,2025-03-19,closed,2025-05-13,100,55,False,False,chronic_late_payer
INV10000881,B010,B010-C1034,Metal Client 034,Metal & Engineering,45,275427.69,2025-02-28,2025-04-14,closed,2025-04-28,59,14,False,False,chronic_late_payer
INV10000882,B010,B010-C1034,Metal Client 034,Metal & Engineering,45,236261.3,2025-02-28,2025-04-14,closed,2025-05-11,72,27,False,False,chronic_late_payer
INV10000883,B010,B010-C1034,Metal Client 034,Metal & Engineering,45,572392.97,2025-03-01,2025-04-15,closed,2025-05-09,69,24,False,True,chronic_late_payer
INV10000884,B010,B010-C1034,Metal Client 034,Metal & Engineering,45,229687.3,2025-03-03,2025-04-17,closed,2025-05-01,59,14,False,False,chronic_late_payer
INV10000885,B010,B010-C1034,Metal Client 034,Metal & Engineering,45,203294.43,2025-03-06,2025-04-20,closed,2025-05-18,73,28,False,False,chronic_late_payer
INV10000886,B010,B010-C1034,Metal Client 034,Metal & Engineering,45,167241.95,2025-03-30,2025-05-14,closed,2025-06-20,82,37,False,False,chronic_late_payer
INV10000887,B010,B010-C1034,Metal Client 034,Metal & Engineering,45,116337.27,2025-04-07,2025-05-22,closed,2025-06-23,77,32,False,False,chronic_late_payer
INV10000888,B010,B010-C1034,Metal Client 034,Metal & Engineering,45,111230.47,2025-04-18,2025-06-02,closed,2025-07-25,98,53,False,False,chronic_late_payer
INV10000889,B010,B010-C1034,Metal Client 034,Metal & Engineering,45,206423.46,2025-04-19,2025-06-03,closed,2025-06-24,66,21,False,False,chronic_late_payer
INV10000890,B010,B010-C1034,Metal Client 034,Metal & Engineering,45,111470.2,2025-04-21,2025-06-05,closed,2025-06-19,59,14,False,False,chronic_late_payer
INV10000891,B010,B010-C1034,Metal Client 034,Metal & Engineering,45,152198.86,2025-04-27,2025-06-11,closed,2025-07-18,82,37,True,False,chronic_late_payer
INV10000892,B010,B010-C1034,Metal Client 034,Metal & Engineering,45,128783.02,2025-05-04,2025-06-18,closed,2025-07-17,74,29,False,False,chronic_late_payer
INV10000893,B010,B010-C1034,Metal Client 034,Metal & Engineering,45,134310.12,2025-05-07,2025-06-21,closed,2025-08-19,104,59,False,False,chronic_late_payer
INV10000894,B010,B010-C1034,Metal Client 034,Metal & Engineering,45,138664.48,2025-06-10,2025-07-25,closed,2025-09-01,83,38,False,False,chronic_late_payer
INV10000895,B010,B010-C1034,Metal Client 034,Metal & Engineering,45,250586.88,2025-07-12,2025-08-26,closed,2025-09-30,80,35,False,False,chronic_late_payer
INV10000896,B010,B010-C1034,Metal Client 034,Metal & Engineering,45,208966.81,2025-07-13,2025-08-27,closed,2025-09-28,77,32,False,False,chronic_late_payer
INV10000897,B010,B010-C1034,Metal Client 034,Metal & Engineering,45,116349.26,2025-08-25,2025-10-09,closed,2025-11-11,78,33,False,False,chronic_late_payer
INV10000898,B010,B010-C1034,Metal Client 034,Metal & Engineering,45,216592.74,2025-09-16,2025-10-31,closed,2025-12-13,88,43,False,False,chronic_late_payer
INV10000899,B010,B010-C1034,Metal Client 034,Metal & Engineering,45,194627.64,2025-09-29,2025-11-13,closed,2025-12-23,85,40,False,False,chronic_late_payer
INV10000900,B010,B010-C1034,Metal Client 034,Metal & Engineering,45,118924.67,2025-11-23,2026-01-07,closed,2026-01-29,67,22,False,False,chronic_late_payer
INV10000901,B010,B010-C1034,Metal Client 034,Metal & Engineering,45,155979.87,2025-12-23,2026-02-06,closed,2026-04-11,109,64,False,False,chronic_late_payer
INV10000902,B010,B010-C1034,Metal Client 034,Metal & Engineering,45,274486.56,2026-01-14,2026-02-28,closed,2026-03-20,65,20,False,False,chronic_late_payer
INV10000903,B010,B010-C1034,Metal Client 034,Metal & Engineering,45,210116.86,2026-01-26,2026-03-12,closed,2026-04-20,84,39,False,False,chronic_late_payer
INV10000904,B010,B010-C1034,Metal Client 034,Metal & Engineering,45,212771.45,2026-03-04,2026-04-18,closed,2026-05-29,86,41,False,False,chronic_late_payer
INV10000905,B010,B010-C1034,Metal Client 034,Metal & Engineering,45,167335.24,2026-03-08,2026-04-22,closed,2026-06-14,98,53,False,False,chronic_late_payer
INV10000906,B010,B010-C1034,Metal Client 034,Metal & Engineering,45,170891.06,2026-03-09,2026-04-23,closed,2026-06-05,88,43,False,False,chronic_late_payer
INV10000907,B010,B010-C1034,Metal Client 034,Metal & Engineering,45,164074.0,2026-03-12,2026-04-26,closed,2026-06-07,87,42,False,False,chronic_late_payer
INV10000908,B010,B010-C1034,Metal Client 034,Metal & Engineering,45,173253.95,2026-03-31,2026-05-15,closed,2026-06-29,90,45,False,False,chronic_late_payer
INV10000909,B010,B010-C1034,Metal Client 034,Metal & Engineering,45,134753.53,2026-04-11,2026-05-26,closed,2026-06-18,68,23,False,False,chronic_late_payer
INV10000910,B010,B010-C1034,Metal Client 034,Metal & Engineering,45,152761.83,2026-04-20,2026-06-04,closed,2026-06-25,66,21,True,False,chronic_late_payer
INV10000911,B010,B010-C1034,Metal Client 034,Metal & Engineering,45,152426.08,2026-06-13,2026-07-28,closed,2026-08-21,69,24,False,False,chronic_late_payer
INV10000912,B010,B010-C1034,Metal Client 034,Metal & Engineering,45,104439.2,2026-06-21,2026-08-05,closed,2026-08-25,65,20,False,False,chronic_late_payer
INV10000913,B010,B010-C1034,Metal Client 034,Metal & Engineering,45,170962.18,2026-07-02,2026-08-16,closed,2026-08-30,59,14,False,False,chronic_late_payer
INV10000914,B010,B010-C1034,Metal Client 034,Metal & Engineering,45,286879.55,2026-07-09,2026-08-23,open,,,,False,False,chronic_late_payer
INV10000915,B010,B010-C1034,Metal Client 034,Metal & Engineering,45,201518.8,2026-08-06,2026-09-20,open,,,,False,False,chronic_late_payer
INV10000916,B010,B010-C1035,FMCG Client 035,FMCG & Food Processing,45,39119.69,2024-04-03,2024-05-18,closed,2024-06-04,62,17,False,False,average_payer
INV10000917,B010,B010-C1035,FMCG Client 035,FMCG & Food Processing,45,35339.69,2024-04-23,2024-06-07,closed,2024-06-14,52,7,True,False,average_payer
INV10000918,B010,B010-C1035,FMCG Client 035,FMCG & Food Processing,45,50635.58,2024-05-12,2024-06-26,closed,2024-06-25,44,-1,False,False,average_payer
INV10000919,B010,B010-C1035,FMCG Client 035,FMCG & Food Processing,45,75231.46,2024-05-19,2024-07-03,closed,2024-07-15,57,12,False,False,average_payer
INV10000920,B010,B010-C1035,FMCG Client 035,FMCG & Food Processing,45,54733.35,2024-07-19,2024-09-02,closed,2024-09-05,48,3,False,False,average_payer
INV10000921,B010,B010-C1035,FMCG Client 035,FMCG & Food Processing,45,73625.07,2024-09-24,2024-11-08,closed,2024-11-17,54,9,False,False,average_payer
INV10000922,B010,B010-C1035,FMCG Client 035,FMCG & Food Processing,45,46119.15,2025-01-03,2025-02-17,closed,2025-02-25,53,8,False,False,average_payer
INV10000923,B010,B010-C1035,FMCG Client 035,FMCG & Food Processing,45,60213.91,2025-02-28,2025-04-14,closed,2025-05-05,66,21,False,False,average_payer
INV10000924,B010,B010-C1035,FMCG Client 035,FMCG & Food Processing,45,38595.11,2025-04-12,2025-05-27,closed,2025-06-01,50,5,False,False,average_payer
INV10000925,B010,B010-C1035,FMCG Client 035,FMCG & Food Processing,45,56995.64,2025-04-19,2025-06-03,closed,2025-06-13,55,10,False,False,average_payer
INV10000926,B010,B010-C1035,FMCG Client 035,FMCG & Food Processing,45,42108.88,2025-05-07,2025-06-21,closed,2025-06-25,49,4,False,False,average_payer
INV10000927,B010,B010-C1035,FMCG Client 035,FMCG & Food Processing,45,56227.92,2025-06-04,2025-07-19,closed,2025-08-03,60,15,False,False,average_payer
INV10000928,B010,B010-C1035,FMCG Client 035,FMCG & Food Processing,45,29164.57,2025-06-14,2025-07-29,closed,2025-08-13,60,15,False,False,average_payer
INV10000929,B010,B010-C1035,FMCG Client 035,FMCG & Food Processing,45,39155.59,2025-06-25,2025-08-09,closed,2025-08-31,67,22,True,False,average_payer
INV10000930,B010,B010-C1035,FMCG Client 035,FMCG & Food Processing,45,46984.15,2025-06-25,2025-08-09,closed,2025-08-13,49,4,False,False,average_payer
INV10000931,B010,B010-C1035,FMCG Client 035,FMCG & Food Processing,45,51122.92,2025-07-09,2025-08-23,closed,2025-09-06,59,14,False,False,average_payer
INV10000932,B010,B010-C1035,FMCG Client 035,FMCG & Food Processing,45,78286.26,2025-08-07,2025-09-21,closed,2025-10-01,55,10,False,False,average_payer
INV10000933,B010,B010-C1035,FMCG Client 035,FMCG & Food Processing,45,62698.57,2025-08-20,2025-10-04,closed,2025-10-09,50,5,False,False,average_payer
INV10000934,B010,B010-C1035,FMCG Client 035,FMCG & Food Processing,45,40976.44,2025-08-22,2025-10-06,closed,2025-10-06,45,0,False,False,average_payer
INV10000935,B010,B010-C1035,FMCG Client 035,FMCG & Food Processing,45,59063.01,2025-08-30,2025-10-14,closed,2025-10-11,42,-3,False,False,average_payer
INV10000936,B010,B010-C1035,FMCG Client 035,FMCG & Food Processing,45,51007.55,2025-09-29,2025-11-13,closed,2025-12-01,63,18,False,False,average_payer
INV10000937,B010,B010-C1035,FMCG Client 035,FMCG & Food Processing,45,55681.02,2025-11-03,2025-12-18,closed,2026-01-04,62,17,False,False,average_payer
INV10000938,B010,B010-C1035,FMCG Client 035,FMCG & Food Processing,45,52996.64,2025-11-12,2025-12-27,closed,2025-12-30,48,3,False,False,average_payer
INV10000939,B010,B010-C1035,FMCG Client 035,FMCG & Food Processing,45,28672.83,2025-11-17,2026-01-01,closed,2026-01-04,48,3,False,False,average_payer
INV10000940,B010,B010-C1035,FMCG Client 035,FMCG & Food Processing,45,48102.12,2026-01-11,2026-02-25,closed,2026-02-28,48,3,True,False,average_payer
INV10000941,B010,B010-C1035,FMCG Client 035,FMCG & Food Processing,45,28796.7,2026-01-24,2026-03-10,closed,2026-03-15,50,5,False,False,average_payer
INV10000942,B010,B010-C1035,FMCG Client 035,FMCG & Food Processing,45,61179.36,2026-02-16,2026-04-02,closed,2026-04-17,60,15,False,False,average_payer
INV10000943,B010,B010-C1035,FMCG Client 035,FMCG & Food Processing,45,68732.19,2026-03-01,2026-04-15,closed,2026-04-23,53,8,False,False,average_payer
INV10000944,B010,B010-C1035,FMCG Client 035,FMCG & Food Processing,45,48886.86,2026-03-01,2026-04-15,closed,2026-04-23,53,8,False,False,average_payer
INV10000945,B010,B010-C1035,FMCG Client 035,FMCG & Food Processing,45,182877.42,2026-05-11,2026-06-25,closed,2026-07-05,55,10,False,True,average_payer
INV10000946,B010,B010-C1035,FMCG Client 035,FMCG & Food Processing,45,49456.95,2026-05-14,2026-06-28,closed,2026-06-27,44,-1,False,False,average_payer
INV10000947,B010,B010-C1035,FMCG Client 035,FMCG & Food Processing,45,60034.39,2026-05-24,2026-07-08,closed,2026-07-08,45,0,False,False,average_payer
INV10000948,B010,B010-C1035,FMCG Client 035,FMCG & Food Processing,45,46270.84,2026-08-24,2026-10-08,disputed_open,,,,False,False,average_payer
INV10000949,B010,B010-C1036,Auto Client 036,Auto Components,45,76434.79,2024-03-28,2024-05-12,closed,2024-05-15,48,3,False,False,prompt_payer
INV10000950,B010,B010-C1036,Auto Client 036,Auto Components,45,45496.52,2024-06-23,2024-08-07,closed,2024-08-07,45,0,False,False,prompt_payer
INV10000951,B010,B010-C1036,Auto Client 036,Auto Components,45,107596.51,2024-07-15,2024-08-29,closed,2024-08-25,41,-4,False,False,prompt_payer
INV10000952,B010,B010-C1036,Auto Client 036,Auto Components,45,63348.62,2024-07-21,2024-09-04,closed,2024-09-01,42,-3,False,False,prompt_payer
INV10000953,B010,B010-C1036,Auto Client 036,Auto Components,45,67035.47,2024-08-16,2024-09-30,closed,2024-09-27,42,-3,False,False,prompt_payer
INV10000954,B010,B010-C1036,Auto Client 036,Auto Components,45,44101.64,2024-08-27,2024-10-11,closed,2024-10-14,48,3,False,False,prompt_payer
INV10000955,B010,B010-C1036,Auto Client 036,Auto Components,45,75091.75,2024-09-10,2024-10-25,closed,2024-10-29,49,4,False,False,prompt_payer
INV10000956,B010,B010-C1036,Auto Client 036,Auto Components,45,76073.43,2024-10-30,2024-12-14,closed,2024-12-09,40,-5,False,False,prompt_payer
INV10000957,B010,B010-C1036,Auto Client 036,Auto Components,45,53537.21,2025-02-03,2025-03-20,closed,2025-03-19,44,-1,False,False,prompt_payer
INV10000958,B010,B010-C1036,Auto Client 036,Auto Components,45,82953.78,2025-02-07,2025-03-24,closed,2025-03-22,43,-2,False,False,prompt_payer
INV10000959,B010,B010-C1036,Auto Client 036,Auto Components,45,75673.13,2025-02-10,2025-03-27,closed,2025-03-22,40,-5,False,False,prompt_payer
INV10000960,B010,B010-C1036,Auto Client 036,Auto Components,45,154853.53,2025-04-14,2025-05-29,closed,2025-06-05,52,7,False,False,prompt_payer
INV10000961,B010,B010-C1036,Auto Client 036,Auto Components,45,71266.87,2025-04-20,2025-06-04,closed,2025-06-09,50,5,False,False,prompt_payer
INV10000962,B010,B010-C1036,Auto Client 036,Auto Components,45,64044.34,2025-05-07,2025-06-21,closed,2025-06-25,49,4,False,False,prompt_payer
INV10000963,B010,B010-C1036,Auto Client 036,Auto Components,45,64145.51,2025-05-09,2025-06-23,closed,2025-06-25,47,2,False,False,prompt_payer
INV10000964,B010,B010-C1036,Auto Client 036,Auto Components,45,38219.19,2025-07-11,2025-08-25,closed,2025-08-25,45,0,False,False,prompt_payer
INV10000965,B010,B010-C1036,Auto Client 036,Auto Components,45,66634.49,2025-08-01,2025-09-15,closed,2025-09-14,44,-1,False,False,prompt_payer
INV10000966,B010,B010-C1036,Auto Client 036,Auto Components,45,94853.26,2025-08-31,2025-10-15,closed,2025-10-09,39,-6,False,False,prompt_payer
INV10000967,B010,B010-C1036,Auto Client 036,Auto Components,45,103224.47,2025-09-13,2025-10-28,closed,2025-10-31,48,3,False,False,prompt_payer
INV10000968,B010,B010-C1036,Auto Client 036,Auto Components,45,69366.28,2025-09-19,2025-11-03,closed,2025-11-06,48,3,False,False,prompt_payer
INV10000969,B010,B010-C1036,Auto Client 036,Auto Components,45,53898.36,2025-11-29,2026-01-13,closed,2026-01-19,51,6,False,False,prompt_payer
INV10000970,B010,B010-C1036,Auto Client 036,Auto Components,45,51566.34,2025-12-25,2026-02-08,closed,2026-02-14,51,6,True,False,prompt_payer
INV10000971,B010,B010-C1036,Auto Client 036,Auto Components,45,70147.93,2026-02-11,2026-03-28,closed,2026-03-24,41,-4,False,False,prompt_payer
INV10000972,B010,B010-C1036,Auto Client 036,Auto Components,45,76688.83,2026-02-16,2026-04-02,closed,2026-04-02,45,0,False,False,prompt_payer
INV10000973,B010,B010-C1036,Auto Client 036,Auto Components,45,71093.04,2026-04-27,2026-06-11,closed,2026-06-09,43,-2,False,False,prompt_payer
INV10000974,B010,B010-C1036,Auto Client 036,Auto Components,45,49840.32,2026-05-15,2026-06-29,closed,2026-07-02,48,3,False,False,prompt_payer
INV10000975,B010,B010-C1036,Auto Client 036,Auto Components,45,93510.6,2026-05-17,2026-07-01,closed,2026-07-03,47,2,False,False,prompt_payer
INV10000976,B010,B010-C1036,Auto Client 036,Auto Components,45,62296.3,2026-06-18,2026-08-02,closed,2026-08-03,46,1,False,False,prompt_payer
INV10000977,B010,B010-C1036,Auto Client 036,Auto Components,45,55224.32,2026-06-22,2026-08-06,closed,2026-08-07,46,1,False,False,prompt_payer
INV10000978,B010,B010-C1036,Auto Client 036,Auto Components,45,48501.96,2026-08-07,2026-09-21,open,,,,False,False,prompt_payer
INV10000979,B010,B010-C1036,Auto Client 036,Auto Components,45,88838.19,2026-08-07,2026-09-21,open,,,,False,False,prompt_payer
INV10000980,B010,B010-C1037,Retail Client 037,Retail & Distribution,30,123899.0,2024-04-11,2024-05-11,closed,2024-06-23,73,43,False,False,erratic_payer
INV10000981,B010,B010-C1037,Retail Client 037,Retail & Distribution,30,110516.25,2024-06-25,2024-07-25,closed,2024-08-08,44,14,False,False,erratic_payer
INV10000982,B010,B010-C1037,Retail Client 037,Retail & Distribution,30,84903.04,2024-07-19,2024-08-18,closed,2024-08-26,38,8,False,False,erratic_payer
INV10000983,B010,B010-C1037,Retail Client 037,Retail & Distribution,30,93237.71,2024-10-04,2024-11-03,closed,2024-10-31,27,-3,False,False,erratic_payer
INV10000984,B010,B010-C1037,Retail Client 037,Retail & Distribution,30,167905.12,2024-11-12,2024-12-12,closed,2024-11-17,5,-25,False,False,erratic_payer
INV10000985,B010,B010-C1037,Retail Client 037,Retail & Distribution,30,213259.29,2025-02-27,2025-03-29,closed,2025-03-28,29,-1,False,False,erratic_payer
INV10000986,B010,B010-C1037,Retail Client 037,Retail & Distribution,30,106212.02,2025-09-09,2025-10-09,closed,2025-10-02,23,-7,False,False,erratic_payer
INV10000987,B010,B010-C1037,Retail Client 037,Retail & Distribution,30,148426.23,2025-09-20,2025-10-20,closed,2025-10-26,36,6,False,False,erratic_payer
INV10000988,B010,B010-C1037,Retail Client 037,Retail & Distribution,30,84504.81,2026-03-08,2026-04-07,closed,2026-03-31,23,-7,False,False,erratic_payer
INV10000989,B010,B010-C1037,Retail Client 037,Retail & Distribution,30,115989.51,2026-03-09,2026-04-08,closed,2026-05-14,66,36,False,False,erratic_payer
INV10000990,B010,B010-C1037,Retail Client 037,Retail & Distribution,30,194411.74,2026-04-06,2026-05-06,open,,,,False,False,erratic_payer
INV10000991,B010,B010-C1037,Retail Client 037,Retail & Distribution,30,77281.84,2026-04-23,2026-05-23,closed,2026-06-09,47,17,False,False,erratic_payer
INV10000992,B010,B010-C1037,Retail Client 037,Retail & Distribution,30,202706.95,2026-06-18,2026-07-18,closed,2026-07-22,34,4,False,False,erratic_payer
INV10000993,B010,B010-C1037,Retail Client 037,Retail & Distribution,30,69676.95,2026-08-02,2026-09-01,disputed_open,,,,False,False,erratic_payer
INV10000994,B010,B010-C1038,Chemicals Client 038,Chemicals & Plastics,45,207771.54,2024-03-27,2024-05-11,closed,2024-05-19,53,8,False,True,average_payer
INV10000995,B010,B010-C1038,Chemicals Client 038,Chemicals & Plastics,45,112160.56,2024-05-25,2024-07-09,closed,2024-07-06,42,-3,False,False,average_payer
INV10000996,B010,B010-C1038,Chemicals Client 038,Chemicals & Plastics,45,32958.66,2024-05-26,2024-07-10,closed,2024-07-17,52,7,False,False,average_payer
INV10000997,B010,B010-C1038,Chemicals Client 038,Chemicals & Plastics,45,34735.14,2024-07-21,2024-09-04,closed,2024-09-08,49,4,False,False,average_payer
INV10000998,B010,B010-C1038,Chemicals Client 038,Chemicals & Plastics,45,35934.08,2024-07-21,2024-09-04,closed,2024-09-03,44,-1,False,False,average_payer
INV10000999,B010,B010-C1038,Chemicals Client 038,Chemicals & Plastics,45,42516.63,2024-08-14,2024-09-28,closed,2024-10-14,61,16,False,False,average_payer
INV10001000,B010,B010-C1038,Chemicals Client 038,Chemicals & Plastics,45,46295.96,2024-09-26,2024-11-10,closed,2024-11-08,43,-2,False,False,average_payer
INV10001001,B010,B010-C1038,Chemicals Client 038,Chemicals & Plastics,45,44191.55,2024-10-07,2024-11-21,closed,2024-11-25,49,4,False,False,average_payer
INV10001002,B010,B010-C1038,Chemicals Client 038,Chemicals & Plastics,45,50926.65,2024-10-16,2024-11-30,closed,2024-12-11,56,11,True,False,average_payer
INV10001003,B010,B010-C1038,Chemicals Client 038,Chemicals & Plastics,45,68212.48,2024-10-16,2024-11-30,closed,2024-12-02,47,2,False,False,average_payer
INV10001004,B010,B010-C1038,Chemicals Client 038,Chemicals & Plastics,45,54536.13,2024-11-06,2024-12-21,closed,2024-12-23,47,2,False,False,average_payer
INV10001005,B010,B010-C1038,Chemicals Client 038,Chemicals & Plastics,45,27265.0,2024-12-01,2025-01-15,closed,2025-01-21,51,6,False,False,average_payer
INV10001006,B010,B010-C1038,Chemicals Client 038,Chemicals & Plastics,45,56875.71,2025-01-01,2025-02-15,closed,2025-02-24,54,9,False,False,average_payer
INV10001007,B010,B010-C1038,Chemicals Client 038,Chemicals & Plastics,45,281476.04,2025-01-29,2025-03-15,closed,2025-03-14,44,-1,False,True,average_payer
INV10001008,B010,B010-C1038,Chemicals Client 038,Chemicals & Plastics,45,61789.91,2025-02-03,2025-03-20,closed,2025-03-08,33,-12,False,False,average_payer
INV10001009,B010,B010-C1038,Chemicals Client 038,Chemicals & Plastics,45,86448.8,2025-02-09,2025-03-26,closed,2025-04-11,61,16,False,False,average_payer
INV10001010,B010,B010-C1038,Chemicals Client 038,Chemicals & Plastics,45,68227.19,2025-03-02,2025-04-16,closed,2025-04-30,59,14,False,False,average_payer
INV10001011,B010,B010-C1038,Chemicals Client 038,Chemicals & Plastics,45,66008.16,2025-04-22,2025-06-06,closed,2025-06-08,47,2,False,False,average_payer
INV10001012,B010,B010-C1038,Chemicals Client 038,Chemicals & Plastics,45,21899.27,2025-04-28,2025-06-12,closed,2025-06-12,45,0,False,False,average_payer
INV10001013,B010,B010-C1038,Chemicals Client 038,Chemicals & Plastics,45,44570.72,2025-05-27,2025-07-11,closed,2025-07-15,49,4,False,False,average_payer
INV10001014,B010,B010-C1038,Chemicals Client 038,Chemicals & Plastics,45,40327.06,2025-08-07,2025-09-21,closed,2025-10-08,62,17,False,False,average_payer
INV10001015,B010,B010-C1038,Chemicals Client 038,Chemicals & Plastics,45,60356.26,2025-09-21,2025-11-05,closed,2025-11-01,41,-4,False,False,average_payer
INV10001016,B010,B010-C1038,Chemicals Client 038,Chemicals & Plastics,45,56753.01,2025-10-01,2025-11-15,closed,2025-12-01,61,16,False,False,average_payer
INV10001017,B010,B010-C1038,Chemicals Client 038,Chemicals & Plastics,45,43477.39,2025-10-11,2025-11-25,closed,2025-11-23,43,-2,False,False,average_payer
INV10001018,B010,B010-C1038,Chemicals Client 038,Chemicals & Plastics,45,52158.61,2025-10-17,2025-12-01,closed,2025-12-08,52,7,False,False,average_payer
INV10001019,B010,B010-C1038,Chemicals Client 038,Chemicals & Plastics,45,57008.23,2025-10-21,2025-12-05,closed,2025-12-04,44,-1,False,False,average_payer
INV10001020,B010,B010-C1038,Chemicals Client 038,Chemicals & Plastics,45,32074.3,2025-12-01,2026-01-15,closed,2026-01-27,57,12,False,False,average_payer
INV10001021,B010,B010-C1038,Chemicals Client 038,Chemicals & Plastics,45,97870.13,2026-01-09,2026-02-23,closed,2026-03-21,71,26,False,False,average_payer
INV10001022,B010,B010-C1038,Chemicals Client 038,Chemicals & Plastics,45,31152.9,2026-01-17,2026-03-03,closed,2026-03-17,59,14,False,False,average_payer
INV10001023,B010,B010-C1038,Chemicals Client 038,Chemicals & Plastics,45,28025.3,2026-02-22,2026-04-08,closed,2026-04-20,57,12,False,False,average_payer
INV10001024,B010,B010-C1038,Chemicals Client 038,Chemicals & Plastics,45,56109.39,2026-05-19,2026-07-03,closed,2026-07-13,55,10,False,False,average_payer
INV10001025,B010,B010-C1038,Chemicals Client 038,Chemicals & Plastics,45,45312.43,2026-05-31,2026-07-15,closed,2026-07-25,55,10,False,False,average_payer
INV10001026,B010,B010-C1038,Chemicals Client 038,Chemicals & Plastics,45,60656.28,2026-06-19,2026-08-03,closed,2026-07-22,33,-12,False,False,average_payer
INV10001027,B010,B010-C1038,Chemicals Client 038,Chemicals & Plastics,45,40437.89,2026-06-24,2026-08-08,closed,2026-08-25,62,17,False,False,average_payer
INV10001028,B010,B010-C1038,Chemicals Client 038,Chemicals & Plastics,45,40406.11,2026-06-24,2026-08-08,closed,2026-08-21,58,13,False,False,average_payer
INV10001029,B010,B010-C1038,Chemicals Client 038,Chemicals & Plastics,45,327125.11,2026-06-30,2026-08-14,closed,2026-08-22,53,8,False,True,average_payer
INV10001030,B010,B010-C1038,Chemicals Client 038,Chemicals & Plastics,45,50838.4,2026-07-15,2026-08-29,open,,,,False,False,average_payer
INV10001031,B010,B010-C1038,Chemicals Client 038,Chemicals & Plastics,45,49298.91,2026-07-20,2026-09-03,open,,,,False,False,average_payer
INV10001032,B010,B010-C1038,Chemicals Client 038,Chemicals & Plastics,45,62686.52,2026-08-12,2026-09-26,open,,,,False,False,average_payer
INV10001033,B010,B010-C1039,Auto Client 039,Auto Components,30,35755.67,2024-05-02,2024-06-01,closed,2024-05-25,23,-7,False,False,average_payer
INV10001034,B010,B010-C1039,Auto Client 039,Auto Components,30,30678.88,2024-05-11,2024-06-10,closed,2024-06-14,34,4,False,False,average_payer
INV10001035,B010,B010-C1039,Auto Client 039,Auto Components,30,35895.46,2024-05-14,2024-06-13,closed,2024-06-30,47,17,False,False,average_payer
INV10001036,B010,B010-C1039,Auto Client 039,Auto Components,30,45218.97,2024-05-16,2024-06-15,closed,2024-06-21,36,6,False,False,average_payer
INV10001037,B010,B010-C1039,Auto Client 039,Auto Components,30,56117.63,2024-06-01,2024-07-01,closed,2024-07-11,40,10,False,False,average_payer
INV10001038,B010,B010-C1039,Auto Client 039,Auto Components,30,38871.84,2024-07-22,2024-08-21,closed,2024-09-06,46,16,False,False,average_payer
INV10001039,B010,B010-C1039,Auto Client 039,Auto Components,30,81337.91,2024-07-23,2024-08-22,closed,2024-08-27,35,5,False,False,average_payer
INV10001040,B010,B010-C1039,Auto Client 039,Auto Components,30,30160.95,2024-08-05,2024-09-04,closed,2024-09-03,29,-1,False,False,average_payer
INV10001041,B010,B010-C1039,Auto Client 039,Auto Components,30,46346.97,2024-09-07,2024-10-07,closed,2024-10-20,43,13,False,False,average_payer
INV10001042,B010,B010-C1039,Auto Client 039,Auto Components,30,73313.86,2024-09-12,2024-10-12,closed,2024-10-26,44,14,False,False,average_payer
INV10001043,B010,B010-C1039,Auto Client 039,Auto Components,30,41560.13,2024-12-11,2025-01-10,closed,2025-01-26,46,16,False,False,average_payer
INV10001044,B010,B010-C1039,Auto Client 039,Auto Components,30,33032.72,2024-12-21,2025-01-20,closed,2025-01-20,30,0,False,False,average_payer
INV10001045,B010,B010-C1039,Auto Client 039,Auto Components,30,71952.56,2024-12-22,2025-01-21,closed,2025-01-18,27,-3,False,False,average_payer
INV10001046,B010,B010-C1039,Auto Client 039,Auto Components,30,38262.82,2025-01-26,2025-02-25,closed,2025-02-28,33,3,False,False,average_payer
INV10001047,B010,B010-C1039,Auto Client 039,Auto Components,30,41005.45,2025-02-04,2025-03-06,closed,2025-03-17,41,11,False,False,average_payer
INV10001048,B010,B010-C1039,Auto Client 039,Auto Components,30,56468.41,2025-03-22,2025-04-21,closed,2025-04-21,30,0,False,False,average_payer
INV10001049,B010,B010-C1039,Auto Client 039,Auto Components,30,71967.9,2025-03-25,2025-04-24,closed,2025-05-04,40,10,False,False,average_payer
INV10001050,B010,B010-C1039,Auto Client 039,Auto Components,30,41194.54,2025-03-25,2025-04-24,closed,2025-05-02,38,8,False,False,average_payer
INV10001051,B010,B010-C1039,Auto Client 039,Auto Components,30,64641.36,2025-03-27,2025-04-26,closed,2025-05-03,37,7,False,False,average_payer
INV10001052,B010,B010-C1039,Auto Client 039,Auto Components,30,47943.92,2025-04-16,2025-05-16,closed,2025-05-09,23,-7,False,False,average_payer
INV10001053,B010,B010-C1039,Auto Client 039,Auto Components,30,40200.22,2025-05-09,2025-06-08,closed,2025-06-08,30,0,False,False,average_payer
INV10001054,B010,B010-C1039,Auto Client 039,Auto Components,30,80469.22,2025-07-30,2025-08-29,closed,2025-09-06,38,8,False,False,average_payer
INV10001055,B010,B010-C1039,Auto Client 039,Auto Components,30,45142.45,2025-08-18,2025-09-17,closed,2025-09-15,28,-2,False,False,average_payer
INV10001056,B010,B010-C1039,Auto Client 039,Auto Components,30,46542.02,2025-09-03,2025-10-03,closed,2025-10-05,32,2,False,False,average_payer
INV10001057,B010,B010-C1039,Auto Client 039,Auto Components,30,38705.06,2025-09-11,2025-10-11,closed,2025-10-20,39,9,False,False,average_payer
INV10001058,B010,B010-C1039,Auto Client 039,Auto Components,30,41795.69,2025-09-21,2025-10-21,closed,2025-11-05,45,15,False,False,average_payer
INV10001059,B010,B010-C1039,Auto Client 039,Auto Components,30,38297.52,2025-10-06,2025-11-05,closed,2025-11-02,27,-3,False,False,average_payer
INV10001060,B010,B010-C1039,Auto Client 039,Auto Components,30,50518.54,2025-10-24,2025-11-23,closed,2025-11-23,30,0,False,False,average_payer
INV10001061,B010,B010-C1039,Auto Client 039,Auto Components,30,50936.61,2025-11-09,2025-12-09,closed,2025-12-12,33,3,False,False,average_payer
INV10001062,B010,B010-C1039,Auto Client 039,Auto Components,30,59748.35,2025-11-13,2025-12-13,closed,2025-12-07,24,-6,False,False,average_payer
INV10001063,B010,B010-C1039,Auto Client 039,Auto Components,30,30758.65,2025-12-08,2026-01-07,disputed_open,,,,False,False,average_payer
INV10001064,B010,B010-C1039,Auto Client 039,Auto Components,30,44967.35,2026-01-12,2026-02-11,closed,2026-02-14,33,3,False,False,average_payer
INV10001065,B010,B010-C1039,Auto Client 039,Auto Components,30,97872.77,2026-01-19,2026-02-18,closed,2026-03-05,45,15,False,False,average_payer
INV10001066,B010,B010-C1039,Auto Client 039,Auto Components,30,49545.5,2026-01-31,2026-03-02,closed,2026-03-04,32,2,False,False,average_payer
INV10001067,B010,B010-C1039,Auto Client 039,Auto Components,30,45957.44,2026-02-08,2026-03-10,closed,2026-03-06,26,-4,False,False,average_payer
INV10001068,B010,B010-C1039,Auto Client 039,Auto Components,30,39239.4,2026-03-02,2026-04-01,closed,2026-04-03,32,2,False,False,average_payer
INV10001069,B010,B010-C1039,Auto Client 039,Auto Components,30,24627.81,2026-03-22,2026-04-21,closed,2026-04-18,27,-3,False,False,average_payer
INV10001070,B010,B010-C1039,Auto Client 039,Auto Components,30,27835.59,2026-04-25,2026-05-25,closed,2026-06-05,41,11,False,False,average_payer
INV10001071,B010,B010-C1039,Auto Client 039,Auto Components,30,70584.13,2026-05-13,2026-06-12,closed,2026-06-25,43,13,False,False,average_payer
INV10001072,B010,B010-C1039,Auto Client 039,Auto Components,30,50657.33,2026-05-29,2026-06-28,closed,2026-07-06,38,8,False,False,average_payer
INV10001073,B010,B010-C1039,Auto Client 039,Auto Components,30,36728.96,2026-06-27,2026-07-27,closed,2026-07-24,27,-3,False,False,average_payer
INV10001074,B010,B010-C1039,Auto Client 039,Auto Components,30,34817.65,2026-07-17,2026-08-16,closed,2026-09-02,47,17,False,False,average_payer
INV10001075,B010,B010-C1040,Auto Client 040,Auto Components,45,90505.36,2024-04-18,2024-06-02,closed,2024-06-02,45,0,False,False,erratic_payer
INV10001076,B010,B010-C1040,Auto Client 040,Auto Components,45,94738.27,2024-07-18,2024-09-01,closed,2024-09-18,62,17,False,False,erratic_payer
INV10001077,B010,B010-C1040,Auto Client 040,Auto Components,45,67212.7,2024-07-18,2024-09-01,closed,2024-10-26,100,55,False,False,erratic_payer
INV10001078,B010,B010-C1040,Auto Client 040,Auto Components,45,147409.73,2024-11-24,2025-01-08,open,,,,False,False,erratic_payer
INV10001079,B010,B010-C1040,Auto Client 040,Auto Components,45,91412.08,2024-12-25,2025-02-08,closed,2025-02-13,50,5,False,False,erratic_payer
INV10001080,B010,B010-C1040,Auto Client 040,Auto Components,45,91952.54,2025-01-04,2025-02-18,closed,2025-02-26,53,8,False,False,erratic_payer
INV10001081,B010,B010-C1040,Auto Client 040,Auto Components,45,123983.01,2025-03-24,2025-05-08,closed,2025-05-19,56,11,False,False,erratic_payer
INV10001082,B010,B010-C1040,Auto Client 040,Auto Components,45,97847.08,2025-04-10,2025-05-25,closed,2025-06-10,61,16,False,False,erratic_payer
INV10001083,B010,B010-C1040,Auto Client 040,Auto Components,45,188448.85,2025-07-12,2025-08-26,closed,2025-08-25,44,-1,False,False,erratic_payer
INV10001084,B010,B010-C1040,Auto Client 040,Auto Components,45,70393.24,2025-07-26,2025-09-09,closed,2025-09-21,57,12,False,False,erratic_payer
INV10001085,B010,B010-C1040,Auto Client 040,Auto Components,45,106333.62,2025-10-20,2025-12-04,closed,2025-12-31,72,27,False,False,erratic_payer
INV10001086,B010,B010-C1040,Auto Client 040,Auto Components,45,49826.25,2025-10-28,2025-12-12,closed,2026-01-01,65,20,False,False,erratic_payer
INV10001087,B010,B010-C1040,Auto Client 040,Auto Components,45,158861.53,2025-12-10,2026-01-24,closed,2026-02-04,56,11,False,False,erratic_payer
INV10001088,B010,B010-C1040,Auto Client 040,Auto Components,45,119675.6,2025-12-22,2026-02-05,closed,2026-02-10,50,5,True,False,erratic_payer
INV10001089,B010,B010-C1040,Auto Client 040,Auto Components,45,84754.11,2025-12-31,2026-02-14,closed,2026-02-26,57,12,False,False,erratic_payer
INV10001090,B010,B010-C1040,Auto Client 040,Auto Components,45,108113.58,2026-01-12,2026-02-26,closed,2026-04-23,101,56,False,False,erratic_payer
INV10001091,B010,B010-C1040,Auto Client 040,Auto Components,45,179176.97,2026-03-16,2026-04-30,closed,2026-05-10,55,10,False,True,erratic_payer
INV10001092,B010,B010-C1040,Auto Client 040,Auto Components,45,196600.9,2026-04-10,2026-05-25,open,,,,False,False,erratic_payer
INV10001093,B010,B010-C1040,Auto Client 040,Auto Components,45,120987.38,2026-04-16,2026-05-31,closed,2026-06-13,58,13,False,False,erratic_payer
INV10001094,B010,B010-C1040,Auto Client 040,Auto Components,45,41750.19,2026-07-25,2026-09-08,closed,2026-08-11,17,-28,False,False,erratic_payer
INV10001095,B010,B010-C1040,Auto Client 040,Auto Components,45,344844.45,2026-08-02,2026-09-16,disputed_open,,,,False,True,erratic_payer
INV10001096,B010,B010-C1041,IT Client 041,IT & Business Services,30,29999.72,2024-04-11,2024-05-11,closed,2024-05-20,39,9,False,False,deteriorating_payer
INV10001097,B010,B010-C1041,IT Client 041,IT & Business Services,30,42578.9,2024-04-24,2024-05-24,closed,2024-05-22,28,-2,False,False,deteriorating_payer
INV10001098,B010,B010-C1041,IT Client 041,IT & Business Services,30,53605.62,2024-04-27,2024-05-27,closed,2024-05-25,28,-2,False,False,deteriorating_payer
INV10001099,B010,B010-C1041,IT Client 041,IT & Business Services,30,51049.42,2024-05-10,2024-06-09,closed,2024-07-11,62,32,False,False,deteriorating_payer
INV10001100,B010,B010-C1041,IT Client 041,IT & Business Services,30,25460.64,2024-05-11,2024-06-10,closed,2024-07-13,63,33,False,False,deteriorating_payer
INV10001101,B010,B010-C1041,IT Client 041,IT & Business Services,30,41372.85,2024-06-02,2024-07-02,closed,2024-07-08,36,6,False,False,deteriorating_payer
INV10001102,B010,B010-C1041,IT Client 041,IT & Business Services,30,36304.58,2024-07-08,2024-08-07,closed,2024-08-18,41,11,False,False,deteriorating_payer
INV10001103,B010,B010-C1041,IT Client 041,IT & Business Services,30,41498.3,2024-08-29,2024-09-28,closed,2024-09-26,28,-2,False,False,deteriorating_payer
INV10001104,B010,B010-C1041,IT Client 041,IT & Business Services,30,38016.82,2024-10-10,2024-11-09,closed,2024-11-23,44,14,False,False,deteriorating_payer
INV10001105,B010,B010-C1041,IT Client 041,IT & Business Services,30,39732.7,2024-10-12,2024-11-11,closed,2024-12-17,66,36,False,False,deteriorating_payer
INV10001106,B010,B010-C1041,IT Client 041,IT & Business Services,30,67141.62,2025-03-07,2025-04-06,closed,2025-04-04,28,-2,False,False,deteriorating_payer
INV10001107,B010,B010-C1041,IT Client 041,IT & Business Services,30,46392.57,2025-04-12,2025-05-12,closed,2025-06-05,54,24,False,False,deteriorating_payer
INV10001108,B010,B010-C1041,IT Client 041,IT & Business Services,30,36191.46,2025-05-26,2025-06-25,closed,2025-07-20,55,25,False,False,deteriorating_payer
INV10001109,B010,B010-C1041,IT Client 041,IT & Business Services,30,328600.36,2025-06-19,2025-07-19,closed,2025-07-30,41,11,False,True,deteriorating_payer
INV10001110,B010,B010-C1041,IT Client 041,IT & Business Services,30,25275.77,2025-08-20,2025-09-19,closed,2025-10-05,46,16,False,False,deteriorating_payer
INV10001111,B010,B010-C1041,IT Client 041,IT & Business Services,30,226430.11,2025-09-08,2025-10-08,closed,2025-11-14,67,37,False,True,deteriorating_payer
INV10001112,B010,B010-C1041,IT Client 041,IT & Business Services,30,35171.16,2025-09-13,2025-10-13,closed,2025-11-15,63,33,False,False,deteriorating_payer
INV10001113,B010,B010-C1041,IT Client 041,IT & Business Services,30,34822.92,2025-09-23,2025-10-23,closed,2025-11-05,43,13,False,False,deteriorating_payer
INV10001114,B010,B010-C1041,IT Client 041,IT & Business Services,30,56233.86,2025-10-17,2025-11-16,closed,2025-12-20,64,34,False,False,deteriorating_payer
INV10001115,B010,B010-C1041,IT Client 041,IT & Business Services,30,38615.99,2025-10-28,2025-11-27,closed,2026-01-07,71,41,False,False,deteriorating_payer
INV10001116,B010,B010-C1041,IT Client 041,IT & Business Services,30,43959.57,2025-11-24,2025-12-24,closed,2026-01-24,61,31,False,False,deteriorating_payer
INV10001117,B010,B010-C1041,IT Client 041,IT & Business Services,30,39287.78,2026-01-01,2026-01-31,closed,2026-03-17,75,45,False,False,deteriorating_payer
INV10001118,B010,B010-C1041,IT Client 041,IT & Business Services,30,57449.56,2026-02-09,2026-03-11,closed,2026-04-14,64,34,False,False,deteriorating_payer
INV10001119,B010,B010-C1041,IT Client 041,IT & Business Services,30,52192.07,2026-02-15,2026-03-17,closed,2026-04-08,52,22,False,False,deteriorating_payer
INV10001120,B010,B010-C1041,IT Client 041,IT & Business Services,30,242500.9,2026-03-25,2026-04-24,closed,2026-05-28,64,34,False,True,deteriorating_payer
INV10001121,B010,B010-C1041,IT Client 041,IT & Business Services,30,55817.27,2026-05-08,2026-06-07,closed,2026-06-23,46,16,False,False,deteriorating_payer
INV10001122,B010,B010-C1041,IT Client 041,IT & Business Services,30,33875.05,2026-05-17,2026-06-16,closed,2026-07-21,65,35,False,False,deteriorating_payer
INV10001123,B010,B010-C1041,IT Client 041,IT & Business Services,30,34883.51,2026-05-21,2026-06-20,closed,2026-08-04,75,45,False,False,deteriorating_payer
INV10001124,B010,B010-C1041,IT Client 041,IT & Business Services,30,47408.63,2026-06-05,2026-07-05,closed,2026-07-20,45,15,True,False,deteriorating_payer
INV10001125,B010,B010-C1041,IT Client 041,IT & Business Services,30,31093.17,2026-06-27,2026-07-27,closed,2026-08-28,62,32,False,False,deteriorating_payer
INV10001126,B010,B010-C1041,IT Client 041,IT & Business Services,30,71180.31,2026-07-08,2026-08-07,open,,,,False,False,deteriorating_payer
INV10001127,B010,B010-C1041,IT Client 041,IT & Business Services,30,34657.21,2026-07-09,2026-08-08,open,,,,False,False,deteriorating_payer
INV10001128,B010,B010-C1041,IT Client 041,IT & Business Services,30,82100.57,2026-07-12,2026-08-11,disputed_open,,,,False,False,deteriorating_payer
INV10001129,B010,B010-C1041,IT Client 041,IT & Business Services,30,27093.97,2026-07-18,2026-08-17,open,,,,False,False,deteriorating_payer
INV10001130,B010,B010-C1041,IT Client 041,IT & Business Services,30,39976.02,2026-08-31,2026-09-30,open,,,,False,False,deteriorating_payer
INV10001131,B010,B010-C1042,FMCG Client 042,FMCG & Food Processing,30,798613.62,2024-03-17,2024-04-16,closed,2024-04-20,34,4,False,False,erratic_payer
INV10001132,B010,B010-C1042,FMCG Client 042,FMCG & Food Processing,30,2009713.64,2024-04-01,2024-05-01,closed,2024-05-22,51,21,True,True,erratic_payer
INV10001133,B010,B010-C1042,FMCG Client 042,FMCG & Food Processing,30,514825.28,2024-04-18,2024-05-18,closed,2024-08-15,119,89,False,False,erratic_payer
INV10001134,B010,B010-C1042,FMCG Client 042,FMCG & Food Processing,30,361870.25,2024-04-24,2024-05-24,closed,2024-06-13,50,20,False,False,erratic_payer
INV10001135,B010,B010-C1042,FMCG Client 042,FMCG & Food Processing,30,631400.0,2024-04-27,2024-05-27,closed,2024-06-18,52,22,False,False,erratic_payer
INV10001136,B010,B010-C1042,FMCG Client 042,FMCG & Food Processing,30,360302.42,2024-05-04,2024-06-03,closed,2024-06-11,38,8,False,False,erratic_payer
INV10001137,B010,B010-C1042,FMCG Client 042,FMCG & Food Processing,30,434624.44,2024-05-12,2024-06-11,closed,2024-06-14,33,3,False,False,erratic_payer
INV10001138,B010,B010-C1042,FMCG Client 042,FMCG & Food Processing,30,379071.51,2024-05-13,2024-06-12,disputed_open,,,,False,False,erratic_payer
INV10001139,B010,B010-C1042,FMCG Client 042,FMCG & Food Processing,30,724054.38,2024-05-17,2024-06-16,closed,2024-06-14,28,-2,False,False,erratic_payer
INV10001140,B010,B010-C1042,FMCG Client 042,FMCG & Food Processing,30,694309.15,2024-07-03,2024-08-02,closed,2024-08-13,41,11,False,False,erratic_payer
INV10001141,B010,B010-C1042,FMCG Client 042,FMCG & Food Processing,30,479984.38,2024-07-20,2024-08-19,closed,2024-08-13,24,-6,False,False,erratic_payer
INV10001142,B010,B010-C1042,FMCG Client 042,FMCG & Food Processing,30,463206.78,2024-08-01,2024-08-31,closed,2024-09-04,34,4,False,False,erratic_payer
INV10001143,B010,B010-C1042,FMCG Client 042,FMCG & Food Processing,30,345744.99,2024-08-04,2024-09-03,closed,2024-09-01,28,-2,False,False,erratic_payer
INV10001144,B010,B010-C1042,FMCG Client 042,FMCG & Food Processing,30,410614.09,2024-08-19,2024-09-18,closed,2024-09-30,42,12,False,False,erratic_payer
INV10001145,B010,B010-C1042,FMCG Client 042,FMCG & Food Processing,30,692208.8,2024-08-27,2024-09-26,closed,2024-10-05,39,9,False,False,erratic_payer
INV10001146,B010,B010-C1042,FMCG Client 042,FMCG & Food Processing,30,560899.08,2024-08-30,2024-09-29,closed,2024-10-03,34,4,False,False,erratic_payer
INV10001147,B010,B010-C1042,FMCG Client 042,FMCG & Food Processing,30,748148.4,2024-09-03,2024-10-03,closed,2024-10-09,36,6,False,False,erratic_payer
INV10001148,B010,B010-C1042,FMCG Client 042,FMCG & Food Processing,30,364906.24,2024-09-06,2024-10-06,closed,2024-09-26,20,-10,False,False,erratic_payer
INV10001149,B010,B010-C1042,FMCG Client 042,FMCG & Food Processing,30,543963.2,2024-09-08,2024-10-08,closed,2024-10-03,25,-5,False,False,erratic_payer
INV10001150,B010,B010-C1042,FMCG Client 042,FMCG & Food Processing,30,602750.31,2024-11-11,2024-12-11,closed,2024-12-22,41,11,False,False,erratic_payer
INV10001151,B010,B010-C1042,FMCG Client 042,FMCG & Food Processing,30,688172.81,2024-12-14,2025-01-13,closed,2025-01-12,29,-1,False,False,erratic_payer
INV10001152,B010,B010-C1042,FMCG Client 042,FMCG & Food Processing,30,529943.22,2025-01-16,2025-02-15,closed,2025-02-23,38,8,False,False,erratic_payer
INV10001153,B010,B010-C1042,FMCG Client 042,FMCG & Food Processing,30,772991.32,2025-01-29,2025-02-28,closed,2025-03-02,32,2,False,False,erratic_payer
INV10001154,B010,B010-C1042,FMCG Client 042,FMCG & Food Processing,30,593302.43,2025-02-13,2025-03-15,closed,2025-03-15,30,0,False,False,erratic_payer
INV10001155,B010,B010-C1042,FMCG Client 042,FMCG & Food Processing,30,574219.23,2025-02-17,2025-03-19,closed,2025-03-29,40,10,False,False,erratic_payer
INV10001156,B010,B010-C1042,FMCG Client 042,FMCG & Food Processing,30,511853.36,2025-03-14,2025-04-13,closed,2025-04-17,34,4,False,False,erratic_payer
INV10001157,B010,B010-C1042,FMCG Client 042,FMCG & Food Processing,30,541521.22,2025-03-16,2025-04-15,closed,2025-04-15,30,0,False,False,erratic_payer
INV10001158,B010,B010-C1042,FMCG Client 042,FMCG & Food Processing,30,369129.19,2025-04-20,2025-05-20,closed,2025-06-18,59,29,False,False,erratic_payer
INV10001159,B010,B010-C1042,FMCG Client 042,FMCG & Food Processing,30,578047.14,2025-05-03,2025-06-02,closed,2025-06-06,34,4,False,False,erratic_payer
INV10001160,B010,B010-C1042,FMCG Client 042,FMCG & Food Processing,30,785450.38,2025-07-20,2025-08-19,closed,2025-09-14,56,26,False,False,erratic_payer
INV10001161,B010,B010-C1042,FMCG Client 042,FMCG & Food Processing,30,492887.17,2025-08-03,2025-09-02,closed,2025-11-07,96,66,False,False,erratic_payer
INV10001162,B010,B010-C1042,FMCG Client 042,FMCG & Food Processing,30,530257.04,2025-08-19,2025-09-18,closed,2025-09-16,28,-2,True,False,erratic_payer
INV10001163,B010,B010-C1042,FMCG Client 042,FMCG & Food Processing,30,734572.95,2025-09-12,2025-10-12,open,,,,False,False,erratic_payer
INV10001164,B010,B010-C1042,FMCG Client 042,FMCG & Food Processing,30,651742.22,2025-09-21,2025-10-21,closed,2025-10-17,26,-4,False,False,erratic_payer
INV10001165,B010,B010-C1042,FMCG Client 042,FMCG & Food Processing,30,634174.08,2025-11-09,2025-12-09,closed,2025-11-19,10,-20,False,False,erratic_payer
INV10001166,B010,B010-C1042,FMCG Client 042,FMCG & Food Processing,30,508627.7,2025-11-12,2025-12-12,closed,2025-12-24,42,12,False,False,erratic_payer
INV10001167,B010,B010-C1042,FMCG Client 042,FMCG & Food Processing,30,594104.22,2025-11-18,2025-12-18,closed,2025-12-25,37,7,False,False,erratic_payer
INV10001168,B010,B010-C1042,FMCG Client 042,FMCG & Food Processing,30,356481.05,2026-01-09,2026-02-08,closed,2026-02-01,23,-7,False,False,erratic_payer
INV10001169,B010,B010-C1042,FMCG Client 042,FMCG & Food Processing,30,787774.88,2026-01-12,2026-02-11,closed,2026-02-12,31,1,False,False,erratic_payer
INV10001170,B010,B010-C1042,FMCG Client 042,FMCG & Food Processing,30,480158.28,2026-01-14,2026-02-13,closed,2026-02-20,37,7,False,False,erratic_payer
INV10001171,B010,B010-C1042,FMCG Client 042,FMCG & Food Processing,30,389231.78,2026-01-22,2026-02-21,closed,2026-02-17,26,-4,False,False,erratic_payer
INV10001172,B010,B010-C1042,FMCG Client 042,FMCG & Food Processing,30,564259.05,2026-02-07,2026-03-09,closed,2026-03-17,38,8,False,False,erratic_payer
INV10001173,B010,B010-C1042,FMCG Client 042,FMCG & Food Processing,30,1651655.22,2026-02-28,2026-03-30,closed,2026-04-01,32,2,False,True,erratic_payer
INV10001174,B010,B010-C1042,FMCG Client 042,FMCG & Food Processing,30,341817.3,2026-04-08,2026-05-08,closed,2026-05-11,33,3,False,False,erratic_payer
INV10001175,B010,B010-C1042,FMCG Client 042,FMCG & Food Processing,30,843415.71,2026-04-10,2026-05-10,closed,2026-05-25,45,15,False,False,erratic_payer
INV10001176,B010,B010-C1042,FMCG Client 042,FMCG & Food Processing,30,420141.3,2026-04-15,2026-05-15,open,,,,False,False,erratic_payer
INV10001177,B010,B010-C1042,FMCG Client 042,FMCG & Food Processing,30,574005.35,2026-05-03,2026-06-02,closed,2026-06-04,32,2,False,False,erratic_payer
INV10001178,B010,B010-C1042,FMCG Client 042,FMCG & Food Processing,30,539143.22,2026-06-12,2026-07-12,closed,2026-07-19,37,7,False,False,erratic_payer
INV10001179,B010,B010-C1042,FMCG Client 042,FMCG & Food Processing,30,308206.7,2026-06-21,2026-07-21,closed,2026-07-30,39,9,False,False,erratic_payer
INV10001180,B010,B010-C1042,FMCG Client 042,FMCG & Food Processing,30,353372.84,2026-07-01,2026-07-31,closed,2026-08-05,35,5,False,False,erratic_payer
INV10001181,B010,B010-C1042,FMCG Client 042,FMCG & Food Processing,30,916701.33,2026-07-03,2026-08-02,closed,2026-08-07,35,5,False,False,erratic_payer
INV10001182,B010,B010-C1042,FMCG Client 042,FMCG & Food Processing,30,800094.97,2026-07-19,2026-08-18,closed,2026-08-25,37,7,False,False,erratic_payer
INV10001183,B010,B010-C1042,FMCG Client 042,FMCG & Food Processing,30,689470.78,2026-07-27,2026-08-26,disputed_open,,,,False,False,erratic_payer
INV10001184,B010,B010-C1042,FMCG Client 042,FMCG & Food Processing,30,421051.76,2026-08-27,2026-09-26,disputed_open,,,,False,False,erratic_payer
INV10001185,B010,B010-C1043,Pharma Client 043,Pharma & Healthcare,30,480148.86,2024-05-14,2024-06-13,closed,2024-06-13,30,0,False,False,prompt_payer
INV10001186,B010,B010-C1043,Pharma Client 043,Pharma & Healthcare,30,306922.35,2025-01-04,2025-02-03,closed,2025-02-03,30,0,False,False,prompt_payer
INV10001187,B010,B010-C1043,Pharma Client 043,Pharma & Healthcare,30,345535.54,2025-03-24,2025-04-23,closed,2025-04-29,36,6,False,False,prompt_payer
INV10001188,B010,B010-C1043,Pharma Client 043,Pharma & Healthcare,30,358885.66,2025-05-19,2025-06-18,closed,2025-06-19,31,1,False,False,prompt_payer
INV10001189,B010,B010-C1043,Pharma Client 043,Pharma & Healthcare,30,437827.14,2026-02-10,2026-03-12,closed,2026-03-13,31,1,False,False,prompt_payer
INV10001190,B010,B010-C1044,Auto Client 044,Auto Components,30,61830.08,2024-03-17,2024-04-16,closed,2024-04-25,39,9,False,False,cold_start
INV10001191,B010,B010-C1044,Auto Client 044,Auto Components,30,224539.36,2026-04-11,2026-05-11,closed,2026-05-30,49,19,False,True,cold_start
INV10001192,B010,B010-C1045,Retail Client 045,Retail & Distribution,30,43886.35,2024-03-16,2024-04-15,closed,2024-04-13,28,-2,False,False,prompt_payer
INV10001193,B010,B010-C1045,Retail Client 045,Retail & Distribution,30,28582.43,2024-03-22,2024-04-21,closed,2024-04-21,30,0,True,False,prompt_payer
INV10001194,B010,B010-C1045,Retail Client 045,Retail & Distribution,30,26307.66,2024-04-17,2024-05-17,closed,2024-05-20,33,3,False,False,prompt_payer
INV10001195,B010,B010-C1045,Retail Client 045,Retail & Distribution,30,46349.87,2024-04-20,2024-05-20,closed,2024-05-25,35,5,False,False,prompt_payer
INV10001196,B010,B010-C1045,Retail Client 045,Retail & Distribution,30,21379.06,2024-04-26,2024-05-26,closed,2024-05-24,28,-2,False,False,prompt_payer
INV10001197,B010,B010-C1045,Retail Client 045,Retail & Distribution,30,32755.54,2024-05-23,2024-06-22,closed,2024-06-20,28,-2,False,False,prompt_payer
INV10001198,B010,B010-C1045,Retail Client 045,Retail & Distribution,30,32614.16,2024-06-14,2024-07-14,closed,2024-07-14,30,0,False,False,prompt_payer
INV10001199,B010,B010-C1045,Retail Client 045,Retail & Distribution,30,27908.24,2024-07-07,2024-08-06,closed,2024-08-01,25,-5,False,False,prompt_payer
INV10001200,B010,B010-C1045,Retail Client 045,Retail & Distribution,30,40445.54,2024-07-07,2024-08-06,closed,2024-08-10,34,4,False,False,prompt_payer
INV10001201,B010,B010-C1045,Retail Client 045,Retail & Distribution,30,21565.07,2024-08-22,2024-09-21,open,,,,False,False,prompt_payer
INV10001202,B010,B010-C1045,Retail Client 045,Retail & Distribution,30,17887.83,2024-10-02,2024-11-01,closed,2024-11-04,33,3,False,False,prompt_payer
INV10001203,B010,B010-C1045,Retail Client 045,Retail & Distribution,30,39457.57,2024-10-05,2024-11-04,closed,2024-11-03,29,-1,False,False,prompt_payer
INV10001204,B010,B010-C1045,Retail Client 045,Retail & Distribution,30,26358.58,2024-10-25,2024-11-24,closed,2024-11-22,28,-2,False,False,prompt_payer
INV10001205,B010,B010-C1045,Retail Client 045,Retail & Distribution,30,38931.89,2024-11-01,2024-12-01,closed,2024-11-26,25,-5,False,False,prompt_payer
INV10001206,B010,B010-C1045,Retail Client 045,Retail & Distribution,30,33590.13,2024-11-16,2024-12-16,closed,2024-12-21,35,5,False,False,prompt_payer
INV10001207,B010,B010-C1045,Retail Client 045,Retail & Distribution,30,27382.59,2024-11-29,2024-12-29,closed,2025-01-03,35,5,True,False,prompt_payer
INV10001208,B010,B010-C1045,Retail Client 045,Retail & Distribution,30,32424.32,2024-12-25,2025-01-24,closed,2025-01-24,30,0,False,False,prompt_payer
INV10001209,B010,B010-C1045,Retail Client 045,Retail & Distribution,30,22424.76,2025-01-29,2025-02-28,open,,,,False,False,prompt_payer
INV10001210,B010,B010-C1045,Retail Client 045,Retail & Distribution,30,33284.74,2025-02-02,2025-03-04,closed,2025-03-01,27,-3,False,False,prompt_payer
INV10001211,B010,B010-C1045,Retail Client 045,Retail & Distribution,30,33594.36,2025-02-22,2025-03-24,closed,2025-03-26,32,2,False,False,prompt_payer
INV10001212,B010,B010-C1045,Retail Client 045,Retail & Distribution,30,26955.03,2025-03-23,2025-04-22,closed,2025-04-18,26,-4,False,False,prompt_payer
INV10001213,B010,B010-C1045,Retail Client 045,Retail & Distribution,30,43708.73,2025-06-25,2025-07-25,closed,2025-07-24,29,-1,False,False,prompt_payer
INV10001214,B010,B010-C1045,Retail Client 045,Retail & Distribution,30,23308.19,2025-08-19,2025-09-18,closed,2025-09-23,35,5,False,False,prompt_payer
INV10001215,B010,B010-C1045,Retail Client 045,Retail & Distribution,30,31993.6,2025-08-27,2025-09-26,closed,2025-09-24,28,-2,False,False,prompt_payer
INV10001216,B010,B010-C1045,Retail Client 045,Retail & Distribution,30,18984.83,2025-09-03,2025-10-03,closed,2025-10-01,28,-2,False,False,prompt_payer
INV10001217,B010,B010-C1045,Retail Client 045,Retail & Distribution,30,25518.68,2025-09-20,2025-10-20,closed,2025-10-13,23,-7,False,False,prompt_payer
INV10001218,B010,B010-C1045,Retail Client 045,Retail & Distribution,30,27621.96,2025-10-18,2025-11-17,closed,2025-11-20,33,3,False,False,prompt_payer
INV10001219,B010,B010-C1045,Retail Client 045,Retail & Distribution,30,20752.38,2025-11-18,2025-12-18,closed,2025-12-21,33,3,False,False,prompt_payer
INV10001220,B010,B010-C1045,Retail Client 045,Retail & Distribution,30,29845.42,2025-11-22,2025-12-22,closed,2025-12-25,33,3,False,False,prompt_payer
INV10001221,B010,B010-C1045,Retail Client 045,Retail & Distribution,30,56231.05,2026-01-12,2026-02-11,closed,2026-02-06,25,-5,False,False,prompt_payer
INV10001222,B010,B010-C1045,Retail Client 045,Retail & Distribution,30,31318.32,2026-02-06,2026-03-08,closed,2026-03-06,28,-2,False,False,prompt_payer
INV10001223,B010,B010-C1045,Retail Client 045,Retail & Distribution,30,28379.6,2026-02-19,2026-03-21,closed,2026-03-20,29,-1,False,False,prompt_payer
INV10001224,B010,B010-C1045,Retail Client 045,Retail & Distribution,30,26877.64,2026-03-02,2026-04-01,closed,2026-04-04,33,3,False,False,prompt_payer
INV10001225,B010,B010-C1045,Retail Client 045,Retail & Distribution,30,44485.65,2026-04-18,2026-05-18,closed,2026-05-10,22,-8,False,False,prompt_payer
INV10001226,B010,B010-C1045,Retail Client 045,Retail & Distribution,30,108486.43,2026-08-02,2026-09-01,open,,,,False,True,prompt_payer
INV10001227,B010,B010-C1046,IT Client 046,IT & Business Services,30,359611.67,2024-04-25,2024-05-25,closed,2024-05-28,33,3,False,False,average_payer
INV10001228,B010,B010-C1046,IT Client 046,IT & Business Services,30,149087.25,2024-05-10,2024-06-09,closed,2024-06-10,31,1,False,False,average_payer
INV10001229,B010,B010-C1046,IT Client 046,IT & Business Services,30,351910.87,2024-05-18,2024-06-17,closed,2024-06-28,41,11,False,False,average_payer
INV10001230,B010,B010-C1046,IT Client 046,IT & Business Services,30,196131.45,2024-06-01,2024-07-01,closed,2024-06-27,26,-4,False,False,average_payer
INV10001231,B010,B010-C1046,IT Client 046,IT & Business Services,30,204644.26,2024-06-25,2024-07-25,closed,2024-07-27,32,2,False,False,average_payer
INV10001232,B010,B010-C1046,IT Client 046,IT & Business Services,30,155476.44,2024-06-29,2024-07-29,closed,2024-08-06,38,8,False,False,average_payer
INV10001233,B010,B010-C1046,IT Client 046,IT & Business Services,30,338916.52,2024-07-03,2024-08-02,closed,2024-08-10,38,8,False,False,average_payer
INV10001234,B010,B010-C1046,IT Client 046,IT & Business Services,30,184380.33,2024-07-08,2024-08-07,closed,2024-08-12,35,5,False,False,average_payer
INV10001235,B010,B010-C1046,IT Client 046,IT & Business Services,30,327293.1,2024-09-18,2024-10-18,open,,,,False,False,average_payer
INV10001236,B010,B010-C1046,IT Client 046,IT & Business Services,30,181063.93,2024-10-18,2024-11-17,closed,2024-12-07,50,20,True,False,average_payer
INV10001237,B010,B010-C1046,IT Client 046,IT & Business Services,30,276916.78,2024-11-08,2024-12-08,closed,2024-11-26,18,-12,False,False,average_payer
INV10001238,B010,B010-C1046,IT Client 046,IT & Business Services,30,346560.34,2025-01-14,2025-02-13,closed,2025-02-22,39,9,False,False,average_payer
INV10001239,B010,B010-C1046,IT Client 046,IT & Business Services,30,201337.09,2025-01-29,2025-02-28,closed,2025-03-08,38,8,False,False,average_payer
INV10001240,B010,B010-C1046,IT Client 046,IT & Business Services,30,220906.74,2025-01-31,2025-03-02,closed,2025-03-05,33,3,False,False,average_payer
INV10001241,B010,B010-C1046,IT Client 046,IT & Business Services,30,361460.81,2025-03-01,2025-03-31,closed,2025-04-05,35,5,False,False,average_payer
INV10001242,B010,B010-C1046,IT Client 046,IT & Business Services,30,363574.77,2025-04-10,2025-05-10,closed,2025-05-10,30,0,False,False,average_payer
INV10001243,B010,B010-C1046,IT Client 046,IT & Business Services,30,271038.51,2025-04-15,2025-05-15,closed,2025-05-24,39,9,False,False,average_payer
INV10001244,B010,B010-C1046,IT Client 046,IT & Business Services,30,172281.71,2025-04-17,2025-05-17,closed,2025-05-25,38,8,False,False,average_payer
INV10001245,B010,B010-C1046,IT Client 046,IT & Business Services,30,359501.62,2025-05-09,2025-06-08,closed,2025-06-19,41,11,False,False,average_payer
INV10001246,B010,B010-C1046,IT Client 046,IT & Business Services,30,361151.85,2025-06-22,2025-07-22,closed,2025-07-20,28,-2,False,False,average_payer
INV10001247,B010,B010-C1046,IT Client 046,IT & Business Services,30,201871.54,2025-06-25,2025-07-25,closed,2025-07-29,34,4,False,False,average_payer
INV10001248,B010,B010-C1046,IT Client 046,IT & Business Services,30,233790.93,2025-08-26,2025-09-25,closed,2025-09-30,35,5,False,False,average_payer
INV10001249,B010,B010-C1046,IT Client 046,IT & Business Services,30,239663.75,2025-09-26,2025-10-26,closed,2025-10-24,28,-2,False,False,average_payer
INV10001250,B010,B010-C1046,IT Client 046,IT & Business Services,30,355249.23,2025-10-13,2025-11-12,closed,2025-11-13,31,1,False,False,average_payer
INV10001251,B010,B010-C1046,IT Client 046,IT & Business Services,30,145204.49,2025-10-15,2025-11-14,closed,2025-11-12,28,-2,False,False,average_payer
INV10001252,B010,B010-C1046,IT Client 046,IT & Business Services,30,1161267.39,2025-10-25,2025-11-24,closed,2025-11-17,23,-7,False,True,average_payer
INV10001253,B010,B010-C1046,IT Client 046,IT & Business Services,30,307360.84,2025-10-25,2025-11-24,closed,2025-12-02,38,8,False,False,average_payer
INV10001254,B010,B010-C1046,IT Client 046,IT & Business Services,30,220590.2,2025-10-30,2025-11-29,closed,2025-12-10,41,11,False,False,average_payer
INV10001255,B010,B010-C1046,IT Client 046,IT & Business Services,30,554415.68,2025-11-13,2025-12-13,closed,2025-12-22,39,9,True,False,average_payer
INV10001256,B010,B010-C1046,IT Client 046,IT & Business Services,30,427805.49,2025-11-18,2025-12-18,closed,2025-12-31,43,13,False,False,average_payer
INV10001257,B010,B010-C1046,IT Client 046,IT & Business Services,30,311930.6,2026-01-17,2026-02-16,closed,2026-02-25,39,9,False,False,average_payer
INV10001258,B010,B010-C1046,IT Client 046,IT & Business Services,30,190890.0,2026-02-01,2026-03-03,closed,2026-03-14,41,11,False,False,average_payer
INV10001259,B010,B010-C1046,IT Client 046,IT & Business Services,30,418364.15,2026-02-02,2026-03-04,closed,2026-03-05,31,1,False,False,average_payer
INV10001260,B010,B010-C1046,IT Client 046,IT & Business Services,30,337783.23,2026-02-07,2026-03-09,closed,2026-03-09,30,0,False,False,average_payer
INV10001261,B010,B010-C1046,IT Client 046,IT & Business Services,30,247042.66,2026-04-16,2026-05-16,closed,2026-05-19,33,3,False,False,average_payer
INV10001262,B010,B010-C1046,IT Client 046,IT & Business Services,30,215314.67,2026-04-30,2026-05-30,closed,2026-06-01,32,2,False,False,average_payer
INV10001263,B010,B010-C1046,IT Client 046,IT & Business Services,30,386532.43,2026-05-04,2026-06-03,closed,2026-06-02,29,-1,False,False,average_payer
INV10001264,B010,B010-C1046,IT Client 046,IT & Business Services,30,245974.29,2026-06-01,2026-07-01,closed,2026-06-25,24,-6,False,False,average_payer
INV10001265,B010,B010-C1046,IT Client 046,IT & Business Services,30,228151.64,2026-06-15,2026-07-15,closed,2026-07-16,31,1,False,False,average_payer
INV10001266,B010,B010-C1046,IT Client 046,IT & Business Services,30,390156.88,2026-07-11,2026-08-10,closed,2026-08-18,38,8,False,False,average_payer
INV10001267,B010,B010-C1046,IT Client 046,IT & Business Services,30,156369.27,2026-07-28,2026-08-27,closed,2026-08-29,32,2,False,False,average_payer
INV10001268,B010,B010-C1046,IT Client 046,IT & Business Services,30,305759.05,2026-08-18,2026-09-17,open,,,,False,False,average_payer
INV10001269,B010,B010-C1047,FMCG Client 047,FMCG & Food Processing,60,46519.53,2024-04-22,2024-06-21,closed,2024-06-21,60,0,False,False,average_payer
INV10001270,B010,B010-C1047,FMCG Client 047,FMCG & Food Processing,60,76547.41,2024-05-07,2024-07-06,closed,2024-07-03,57,-3,False,False,average_payer
INV10001271,B010,B010-C1047,FMCG Client 047,FMCG & Food Processing,60,63392.25,2024-05-12,2024-07-11,closed,2024-07-21,70,10,False,False,average_payer
INV10001272,B010,B010-C1047,FMCG Client 047,FMCG & Food Processing,60,49377.92,2024-05-21,2024-07-20,closed,2024-07-30,70,10,False,False,average_payer
INV10001273,B010,B010-C1047,FMCG Client 047,FMCG & Food Processing,60,214588.96,2024-12-27,2025-02-25,closed,2025-03-13,76,16,False,True,average_payer
INV10001274,B010,B010-C1047,FMCG Client 047,FMCG & Food Processing,60,47087.2,2025-01-26,2025-03-27,closed,2025-04-07,71,11,False,False,average_payer
INV10001275,B010,B010-C1047,FMCG Client 047,FMCG & Food Processing,60,61941.61,2025-02-20,2025-04-21,closed,2025-04-21,60,0,False,False,average_payer
INV10001276,B010,B010-C1047,FMCG Client 047,FMCG & Food Processing,60,45592.76,2025-03-06,2025-05-05,closed,2025-05-03,58,-2,False,False,average_payer
INV10001277,B010,B010-C1047,FMCG Client 047,FMCG & Food Processing,60,57600.47,2025-03-11,2025-05-10,closed,2025-05-13,63,3,False,False,average_payer
INV10001278,B010,B010-C1047,FMCG Client 047,FMCG & Food Processing,60,126218.29,2025-05-17,2025-07-16,closed,2025-07-24,68,8,False,False,average_payer
INV10001279,B010,B010-C1047,FMCG Client 047,FMCG & Food Processing,60,69811.88,2025-05-21,2025-07-20,closed,2025-07-17,57,-3,False,False,average_payer
INV10001280,B010,B010-C1047,FMCG Client 047,FMCG & Food Processing,60,362441.5,2025-05-29,2025-07-28,closed,2025-08-08,71,11,False,True,average_payer
INV10001281,B010,B010-C1047,FMCG Client 047,FMCG & Food Processing,60,70181.82,2025-05-30,2025-07-29,closed,2025-08-01,63,3,False,False,average_payer
INV10001282,B010,B010-C1047,FMCG Client 047,FMCG & Food Processing,60,107202.28,2025-08-03,2025-10-02,closed,2025-09-23,51,-9,False,False,average_payer
INV10001283,B010,B010-C1047,FMCG Client 047,FMCG & Food Processing,60,121161.98,2025-08-05,2025-10-04,closed,2025-10-11,67,7,False,False,average_payer
INV10001284,B010,B010-C1047,FMCG Client 047,FMCG & Food Processing,60,78098.29,2025-08-31,2025-10-30,closed,2025-11-01,62,2,False,False,average_payer
INV10001285,B010,B010-C1047,FMCG Client 047,FMCG & Food Processing,60,76295.4,2025-09-24,2025-11-23,closed,2025-11-28,65,5,False,False,average_payer
INV10001286,B010,B010-C1047,FMCG Client 047,FMCG & Food Processing,60,125661.04,2025-10-07,2025-12-06,closed,2025-12-11,65,5,False,False,average_payer
INV10001287,B010,B010-C1047,FMCG Client 047,FMCG & Food Processing,60,74949.05,2025-11-05,2026-01-04,closed,2026-01-12,68,8,False,False,average_payer
INV10001288,B010,B010-C1047,FMCG Client 047,FMCG & Food Processing,60,94010.64,2025-12-03,2026-02-01,closed,2026-02-12,71,11,True,False,average_payer
INV10001289,B010,B010-C1047,FMCG Client 047,FMCG & Food Processing,60,90639.55,2025-12-25,2026-02-23,closed,2026-02-23,60,0,False,False,average_payer
INV10001290,B010,B010-C1047,FMCG Client 047,FMCG & Food Processing,60,101564.76,2026-01-03,2026-03-04,closed,2026-03-05,61,1,False,False,average_payer
INV10001291,B010,B010-C1047,FMCG Client 047,FMCG & Food Processing,60,76261.82,2026-02-22,2026-04-23,closed,2026-05-03,70,10,False,False,average_payer
INV10001292,B010,B010-C1047,FMCG Client 047,FMCG & Food Processing,60,78719.9,2026-04-08,2026-06-07,closed,2026-06-27,80,20,False,False,average_payer
INV10001293,B010,B010-C1047,FMCG Client 047,FMCG & Food Processing,60,81428.91,2026-04-19,2026-06-18,closed,2026-06-28,70,10,False,False,average_payer
INV10001294,B010,B010-C1047,FMCG Client 047,FMCG & Food Processing,60,37954.34,2026-05-26,2026-07-25,closed,2026-07-24,59,-1,False,False,average_payer
INV10001295,B010,B010-C1047,FMCG Client 047,FMCG & Food Processing,60,102856.08,2026-07-08,2026-09-06,open,,,,False,False,average_payer
INV10001296,B010,B010-C1047,FMCG Client 047,FMCG & Food Processing,60,418740.22,2026-08-24,2026-10-23,disputed_open,,,,False,True,average_payer
INV10001297,B010,B010-C1048,FMCG Client 048,FMCG & Food Processing,45,467029.72,2024-03-19,2024-05-03,open,,,,False,False,improving_payer
INV10001298,B010,B010-C1048,FMCG Client 048,FMCG & Food Processing,45,443976.32,2024-03-19,2024-05-03,closed,2024-06-19,92,47,True,False,improving_payer
INV10001299,B010,B010-C1048,FMCG Client 048,FMCG & Food Processing,45,2200635.24,2024-03-24,2024-05-08,closed,2024-06-15,83,38,False,True,improving_payer
INV10001300,B010,B010-C1048,FMCG Client 048,FMCG & Food Processing,45,4477336.24,2024-05-26,2024-07-10,closed,2024-08-07,73,28,False,True,improving_payer
INV10001301,B010,B010-C1048,FMCG Client 048,FMCG & Food Processing,45,940638.38,2024-06-01,2024-07-16,closed,2024-08-21,81,36,False,False,improving_payer
INV10001302,B010,B010-C1048,FMCG Client 048,FMCG & Food Processing,45,323583.22,2024-06-14,2024-07-29,closed,2024-09-02,80,35,False,False,improving_payer
INV10001303,B010,B010-C1048,FMCG Client 048,FMCG & Food Processing,45,876613.01,2024-06-23,2024-08-07,closed,2024-09-08,77,32,False,False,improving_payer
INV10001304,B010,B010-C1048,FMCG Client 048,FMCG & Food Processing,45,430788.25,2024-07-30,2024-09-13,closed,2024-10-16,78,33,False,False,improving_payer
INV10001305,B010,B010-C1048,FMCG Client 048,FMCG & Food Processing,45,873785.64,2024-09-04,2024-10-19,closed,2024-11-26,83,38,False,False,improving_payer
INV10001306,B010,B010-C1048,FMCG Client 048,FMCG & Food Processing,45,376441.61,2024-09-04,2024-10-19,closed,2024-11-13,70,25,False,False,improving_payer
INV10001307,B010,B010-C1048,FMCG Client 048,FMCG & Food Processing,45,558161.13,2024-09-21,2024-11-05,closed,2024-12-04,74,29,False,False,improving_payer
INV10001308,B010,B010-C1048,FMCG Client 048,FMCG & Food Processing,45,981406.34,2024-09-26,2024-11-10,closed,2024-12-08,73,28,False,False,improving_payer
INV10001309,B010,B010-C1048,FMCG Client 048,FMCG & Food Processing,45,771441.53,2024-10-17,2024-12-01,closed,2025-01-04,79,34,False,False,improving_payer
INV10001310,B010,B010-C1048,FMCG Client 048,FMCG & Food Processing,45,2798039.97,2024-10-19,2024-12-03,closed,2024-12-26,68,23,False,True,improving_payer
INV10001311,B010,B010-C1048,FMCG Client 048,FMCG & Food Processing,45,494994.93,2024-11-04,2024-12-19,closed,2025-01-28,85,40,False,False,improving_payer
INV10001312,B010,B010-C1048,FMCG Client 048,FMCG & Food Processing,45,556060.68,2024-12-08,2025-01-22,closed,2025-02-08,62,17,False,False,improving_payer
INV10001313,B010,B010-C1048,FMCG Client 048,FMCG & Food Processing,45,418855.66,2024-12-22,2025-02-05,closed,2025-03-05,73,28,False,False,improving_payer
INV10001314,B010,B010-C1048,FMCG Client 048,FMCG & Food Processing,45,780531.29,2025-01-04,2025-02-18,closed,2025-03-04,59,14,False,False,improving_payer
INV10001315,B010,B010-C1048,FMCG Client 048,FMCG & Food Processing,45,745621.13,2025-01-30,2025-03-16,closed,2025-04-07,67,22,False,False,improving_payer
INV10001316,B010,B010-C1048,FMCG Client 048,FMCG & Food Processing,45,766218.25,2025-02-06,2025-03-23,closed,2025-03-30,52,7,False,False,improving_payer
INV10001317,B010,B010-C1048,FMCG Client 048,FMCG & Food Processing,45,662649.43,2025-03-24,2025-05-08,closed,2025-05-31,68,23,False,False,improving_payer
INV10001318,B010,B010-C1048,FMCG Client 048,FMCG & Food Processing,45,719942.25,2025-06-16,2025-07-31,closed,2025-08-22,67,22,False,False,improving_payer
INV10001319,B010,B010-C1048,FMCG Client 048,FMCG & Food Processing,45,487228.43,2025-07-27,2025-09-10,closed,2025-09-24,59,14,False,False,improving_payer
INV10001320,B010,B010-C1048,FMCG Client 048,FMCG & Food Processing,45,683093.18,2025-08-01,2025-09-15,closed,2025-09-21,51,6,False,False,improving_payer
INV10001321,B010,B010-C1048,FMCG Client 048,FMCG & Food Processing,45,396854.95,2025-08-18,2025-10-02,closed,2025-11-01,75,30,False,False,improving_payer
INV10001322,B010,B010-C1048,FMCG Client 048,FMCG & Food Processing,45,565002.57,2025-09-01,2025-10-16,closed,2025-11-01,61,16,False,False,improving_payer
INV10001323,B010,B010-C1048,FMCG Client 048,FMCG & Food Processing,45,787532.68,2025-09-11,2025-10-26,closed,2025-11-06,56,11,False,False,improving_payer
INV10001324,B010,B010-C1048,FMCG Client 048,FMCG & Food Processing,45,875728.87,2025-09-15,2025-10-30,closed,2025-11-10,56,11,False,False,improving_payer
INV10001325,B010,B010-C1048,FMCG Client 048,FMCG & Food Processing,45,435384.3,2025-09-24,2025-11-08,closed,2025-11-17,54,9,False,False,improving_payer
INV10001326,B010,B010-C1048,FMCG Client 048,FMCG & Food Processing,45,468726.5,2025-12-16,2026-01-30,closed,2026-02-08,54,9,False,False,improving_payer
INV10001327,B010,B010-C1048,FMCG Client 048,FMCG & Food Processing,45,525639.07,2026-01-10,2026-02-24,closed,2026-03-16,65,20,False,False,improving_payer
INV10001328,B010,B010-C1048,FMCG Client 048,FMCG & Food Processing,45,484201.15,2026-01-28,2026-03-14,closed,2026-03-21,52,7,False,False,improving_payer
INV10001329,B010,B010-C1048,FMCG Client 048,FMCG & Food Processing,45,543403.87,2026-02-04,2026-03-21,closed,2026-04-07,62,17,False,False,improving_payer
INV10001330,B010,B010-C1048,FMCG Client 048,FMCG & Food Processing,45,600245.66,2026-03-23,2026-05-07,closed,2026-05-15,53,8,False,False,improving_payer
INV10001331,B010,B010-C1048,FMCG Client 048,FMCG & Food Processing,45,504762.66,2026-04-10,2026-05-25,closed,2026-05-29,49,4,False,False,improving_payer
INV10001332,B010,B010-C1048,FMCG Client 048,FMCG & Food Processing,45,580925.96,2026-05-01,2026-06-15,closed,2026-07-03,63,18,False,False,improving_payer
INV10001333,B010,B010-C1048,FMCG Client 048,FMCG & Food Processing,45,664904.91,2026-05-23,2026-07-07,closed,2026-07-15,53,8,False,False,improving_payer
INV10001334,B010,B010-C1048,FMCG Client 048,FMCG & Food Processing,45,396742.04,2026-07-10,2026-08-24,closed,2026-08-31,52,7,False,False,improving_payer
INV10001335,B010,B010-C1048,FMCG Client 048,FMCG & Food Processing,45,500461.14,2026-07-19,2026-09-02,closed,2026-08-29,41,-4,False,False,improving_payer
INV10001336,B010,B010-C1048,FMCG Client 048,FMCG & Food Processing,45,1032755.25,2026-08-14,2026-09-28,open,,,,False,False,improving_payer
INV10001337,B010,B010-C1048,FMCG Client 048,FMCG & Food Processing,45,903861.93,2026-08-18,2026-10-02,disputed_open,,,,False,False,improving_payer
INV10001338,B010,B010-C1048,FMCG Client 048,FMCG & Food Processing,45,515760.45,2026-08-22,2026-10-06,open,,,,False,False,improving_payer
INV10001339,B010,B010-C1049,Pharma Client 049,Pharma & Healthcare,45,44112.12,2024-08-09,2024-09-23,closed,2024-09-24,46,1,False,False,average_payer
INV10001340,B010,B010-C1049,Pharma Client 049,Pharma & Healthcare,45,53020.52,2024-09-05,2024-10-20,closed,2024-10-25,50,5,False,False,average_payer
INV10001341,B010,B010-C1049,Pharma Client 049,Pharma & Healthcare,45,43971.32,2024-11-03,2024-12-18,closed,2024-12-31,58,13,False,False,average_payer
INV10001342,B010,B010-C1049,Pharma Client 049,Pharma & Healthcare,45,35893.75,2025-04-30,2025-06-14,closed,2025-06-21,52,7,False,False,average_payer
INV10001343,B010,B010-C1049,Pharma Client 049,Pharma & Healthcare,45,377562.69,2025-07-07,2025-08-21,closed,2025-08-29,53,8,False,True,average_payer
INV10001344,B010,B010-C1049,Pharma Client 049,Pharma & Healthcare,45,214226.87,2025-07-17,2025-08-31,closed,2025-08-29,43,-2,False,True,average_payer
INV10001345,B010,B010-C1049,Pharma Client 049,Pharma & Healthcare,45,58005.03,2025-07-31,2025-09-14,closed,2025-09-20,51,6,False,False,average_payer
INV10001346,B010,B010-C1049,Pharma Client 049,Pharma & Healthcare,45,73721.72,2025-10-09,2025-11-23,closed,2025-12-06,58,13,False,False,average_payer
INV10001347,B010,B010-C1049,Pharma Client 049,Pharma & Healthcare,45,33222.23,2025-12-02,2026-01-16,closed,2026-01-24,53,8,False,False,average_payer
INV10001348,B010,B010-C1049,Pharma Client 049,Pharma & Healthcare,45,47307.91,2025-12-02,2026-01-16,closed,2026-01-11,40,-5,False,False,average_payer
INV10001349,B010,B010-C1049,Pharma Client 049,Pharma & Healthcare,45,140443.26,2025-12-24,2026-02-07,closed,2026-02-10,48,3,False,True,average_payer
INV10001350,B010,B010-C1049,Pharma Client 049,Pharma & Healthcare,45,29158.83,2026-01-03,2026-02-17,closed,2026-02-21,49,4,False,False,average_payer
INV10001351,B010,B010-C1049,Pharma Client 049,Pharma & Healthcare,45,35909.58,2026-02-26,2026-04-12,closed,2026-04-16,49,4,False,False,average_payer
INV10001352,B010,B010-C1049,Pharma Client 049,Pharma & Healthcare,45,43085.91,2026-03-09,2026-04-23,closed,2026-04-27,49,4,False,False,average_payer
INV10001353,B010,B010-C1049,Pharma Client 049,Pharma & Healthcare,45,74858.57,2026-04-11,2026-05-26,closed,2026-05-31,50,5,False,False,average_payer
INV10001354,B010,B010-C1049,Pharma Client 049,Pharma & Healthcare,45,22477.33,2026-05-16,2026-06-30,closed,2026-06-28,43,-2,False,False,average_payer
INV10001355,B010,B010-C1049,Pharma Client 049,Pharma & Healthcare,45,61210.13,2026-06-24,2026-08-08,closed,2026-08-18,55,10,False,False,average_payer
INV10001356,B010,B010-C1050,Chemicals Client 050,Chemicals & Plastics,45,108933.51,2024-04-11,2024-05-26,closed,2024-06-02,52,7,False,False,prompt_payer
INV10001357,B010,B010-C1050,Chemicals Client 050,Chemicals & Plastics,45,64911.53,2024-04-16,2024-05-31,closed,2024-05-29,43,-2,False,False,prompt_payer
INV10001358,B010,B010-C1050,Chemicals Client 050,Chemicals & Plastics,45,149971.86,2024-04-22,2024-06-06,closed,2024-06-02,41,-4,False,False,prompt_payer
INV10001359,B010,B010-C1050,Chemicals Client 050,Chemicals & Plastics,45,87483.13,2024-04-23,2024-06-07,closed,2024-06-05,43,-2,False,False,prompt_payer
INV10001360,B010,B010-C1050,Chemicals Client 050,Chemicals & Plastics,45,120755.09,2024-04-24,2024-06-08,closed,2024-06-10,47,2,False,False,prompt_payer
INV10001361,B010,B010-C1050,Chemicals Client 050,Chemicals & Plastics,45,94788.58,2024-05-07,2024-06-21,closed,2024-06-24,48,3,False,False,prompt_payer
INV10001362,B010,B010-C1050,Chemicals Client 050,Chemicals & Plastics,45,115428.56,2024-06-14,2024-07-29,closed,2024-07-23,39,-6,False,False,prompt_payer
INV10001363,B010,B010-C1050,Chemicals Client 050,Chemicals & Plastics,45,71128.85,2024-10-15,2024-11-29,closed,2024-11-27,43,-2,False,False,prompt_payer
INV10001364,B010,B010-C1050,Chemicals Client 050,Chemicals & Plastics,45,101814.05,2024-12-08,2025-01-22,closed,2025-01-23,46,1,False,False,prompt_payer
INV10001365,B010,B010-C1050,Chemicals Client 050,Chemicals & Plastics,45,112774.91,2025-01-12,2025-02-26,closed,2025-02-21,40,-5,False,False,prompt_payer
INV10001366,B010,B010-C1050,Chemicals Client 050,Chemicals & Plastics,45,108454.46,2025-04-12,2025-05-27,closed,2025-05-26,44,-1,False,False,prompt_payer
INV10001367,B010,B010-C1050,Chemicals Client 050,Chemicals & Plastics,45,240694.07,2025-04-28,2025-06-12,closed,2025-06-09,42,-3,False,False,prompt_payer
INV10001368,B010,B010-C1050,Chemicals Client 050,Chemicals & Plastics,45,124129.19,2025-05-12,2025-06-26,closed,2025-06-27,46,1,False,False,prompt_payer
INV10001369,B010,B010-C1050,Chemicals Client 050,Chemicals & Plastics,45,122861.95,2025-06-30,2025-08-14,closed,2025-08-11,42,-3,False,False,prompt_payer
INV10001370,B010,B010-C1050,Chemicals Client 050,Chemicals & Plastics,45,76836.49,2025-09-30,2025-11-14,closed,2025-11-12,43,-2,False,False,prompt_payer
INV10001371,B010,B010-C1050,Chemicals Client 050,Chemicals & Plastics,45,93894.41,2025-10-09,2025-11-23,closed,2025-11-23,45,0,False,False,prompt_payer
INV10001372,B010,B010-C1050,Chemicals Client 050,Chemicals & Plastics,45,118394.26,2026-01-03,2026-02-17,closed,2026-02-15,43,-2,False,False,prompt_payer
INV10001373,B010,B010-C1050,Chemicals Client 050,Chemicals & Plastics,45,135164.3,2026-06-04,2026-07-19,closed,2026-07-18,44,-1,False,False,prompt_payer
INV10001374,B010,B010-C1050,Chemicals Client 050,Chemicals & Plastics,45,102595.62,2026-07-01,2026-08-15,closed,2026-08-10,40,-5,False,False,prompt_payer
INV10001375,B010,B010-C1051,Construction Client 051,Construction & Infra,60,136056.67,2024-04-12,2024-06-11,closed,2024-06-15,64,4,False,False,prompt_payer
INV10001376,B010,B010-C1051,Construction Client 051,Construction & Infra,60,103482.5,2024-05-06,2024-07-05,closed,2024-07-06,61,1,False,False,prompt_payer
INV10001377,B010,B010-C1051,Construction Client 051,Construction & Infra,60,234719.63,2024-07-24,2024-09-22,closed,2024-09-26,64,4,False,False,prompt_payer
INV10001378,B010,B010-C1051,Construction Client 051,Construction & Infra,60,125468.73,2024-08-03,2024-10-02,closed,2024-10-02,60,0,False,False,prompt_payer
INV10001379,B010,B010-C1051,Construction Client 051,Construction & Infra,60,117408.06,2025-01-08,2025-03-09,closed,2025-03-11,62,2,False,False,prompt_payer
INV10001380,B010,B010-C1051,Construction Client 051,Construction & Infra,60,93248.09,2025-02-24,2025-04-25,closed,2025-04-23,58,-2,True,False,prompt_payer
INV10001381,B010,B010-C1051,Construction Client 051,Construction & Infra,60,89172.72,2025-03-06,2025-05-05,closed,2025-05-01,56,-4,False,False,prompt_payer
INV10001382,B010,B010-C1051,Construction Client 051,Construction & Infra,60,159027.77,2025-03-08,2025-05-07,closed,2025-04-29,52,-8,False,False,prompt_payer
INV10001383,B010,B010-C1051,Construction Client 051,Construction & Infra,60,115727.88,2025-03-29,2025-05-28,closed,2025-05-28,60,0,False,False,prompt_payer
INV10001384,B010,B010-C1051,Construction Client 051,Construction & Infra,60,138818.32,2025-04-12,2025-06-11,closed,2025-06-16,65,5,False,False,prompt_payer
INV10001385,B010,B010-C1051,Construction Client 051,Construction & Infra,60,163194.87,2025-05-27,2025-07-26,closed,2025-07-29,63,3,False,False,prompt_payer
INV10001386,B010,B010-C1051,Construction Client 051,Construction & Infra,60,123349.79,2025-06-17,2025-08-16,closed,2025-08-15,59,-1,True,False,prompt_payer
INV10001387,B010,B010-C1051,Construction Client 051,Construction & Infra,60,104959.6,2025-07-13,2025-09-11,closed,2025-09-10,59,-1,False,False,prompt_payer
INV10001388,B010,B010-C1051,Construction Client 051,Construction & Infra,60,139892.23,2025-08-01,2025-09-30,closed,2025-10-04,64,4,False,False,prompt_payer
INV10001389,B010,B010-C1051,Construction Client 051,Construction & Infra,60,158948.38,2025-08-14,2025-10-13,closed,2025-10-11,58,-2,False,False,prompt_payer
INV10001390,B010,B010-C1051,Construction Client 051,Construction & Infra,60,179183.24,2025-08-25,2025-10-24,closed,2025-10-18,54,-6,False,False,prompt_payer
INV10001391,B010,B010-C1051,Construction Client 051,Construction & Infra,60,121332.42,2025-09-16,2025-11-15,closed,2025-11-19,64,4,False,False,prompt_payer
INV10001392,B010,B010-C1051,Construction Client 051,Construction & Infra,60,107985.85,2025-10-13,2025-12-12,closed,2025-12-20,68,8,True,False,prompt_payer
INV10001393,B010,B010-C1051,Construction Client 051,Construction & Infra,60,98662.46,2025-12-05,2026-02-03,closed,2026-02-01,58,-2,True,False,prompt_payer
INV10001394,B010,B010-C1051,Construction Client 051,Construction & Infra,60,203963.32,2025-12-11,2026-02-09,closed,2026-02-12,63,3,False,False,prompt_payer
INV10001395,B010,B010-C1051,Construction Client 051,Construction & Infra,60,128704.65,2026-01-13,2026-03-14,closed,2026-03-06,52,-8,False,False,prompt_payer
INV10001396,B010,B010-C1051,Construction Client 051,Construction & Infra,60,238805.53,2026-01-22,2026-03-23,closed,2026-03-23,60,0,False,False,prompt_payer
INV10001397,B010,B010-C1051,Construction Client 051,Construction & Infra,60,121666.74,2026-03-25,2026-05-24,closed,2026-05-17,53,-7,False,False,prompt_payer
INV10001398,B010,B010-C1051,Construction Client 051,Construction & Infra,60,94259.04,2026-03-29,2026-05-28,closed,2026-05-25,57,-3,False,False,prompt_payer
INV10001399,B010,B010-C1051,Construction Client 051,Construction & Infra,60,139005.8,2026-04-02,2026-06-01,closed,2026-05-31,59,-1,True,False,prompt_payer
INV10001400,B010,B010-C1051,Construction Client 051,Construction & Infra,60,114948.03,2026-04-26,2026-06-25,closed,2026-06-24,59,-1,False,False,prompt_payer
INV10001401,B010,B010-C1051,Construction Client 051,Construction & Infra,60,127509.39,2026-05-09,2026-07-08,closed,2026-07-08,60,0,False,False,prompt_payer
INV10001402,B010,B010-C1051,Construction Client 051,Construction & Infra,60,152817.19,2026-07-03,2026-09-01,closed,2026-08-28,56,-4,False,False,prompt_payer
INV10001403,B010,B010-C1051,Construction Client 051,Construction & Infra,60,110523.17,2026-07-15,2026-09-13,open,,,,False,False,prompt_payer
INV10001404,B010,B010-C1052,Textiles Client 052,Textiles & Apparel,45,24954.94,2024-12-07,2025-01-21,closed,2025-01-31,55,10,False,False,cold_start
INV10001405,B010,B010-C1052,Textiles Client 052,Textiles & Apparel,45,23556.86,2025-05-11,2025-06-25,closed,2025-06-23,43,-2,False,False,cold_start
INV10001406,B010,B010-C1052,Textiles Client 052,Textiles & Apparel,45,16395.59,2026-05-12,2026-06-26,closed,2026-06-20,39,-6,False,False,cold_start
INV10001407,B010,B010-C1053,Auto Client 053,Auto Components,45,81235.34,2024-08-31,2024-10-15,closed,2024-10-22,52,7,False,False,cold_start
INV10001408,B010,B010-C1053,Auto Client 053,Auto Components,45,147918.98,2024-12-15,2025-01-29,closed,2025-01-26,42,-3,False,False,cold_start
INV10001409,B010,B010-C1054,Retail Client 054,Retail & Distribution,60,79251.37,2024-05-28,2024-07-27,closed,2024-07-29,62,2,False,False,average_payer
INV10001410,B010,B010-C1054,Retail Client 054,Retail & Distribution,60,61893.88,2024-07-06,2024-09-04,closed,2024-09-09,65,5,False,False,average_payer
INV10001411,B010,B010-C1054,Retail Client 054,Retail & Distribution,60,115878.09,2024-12-13,2025-02-11,closed,2025-02-17,66,6,False,False,average_payer
INV10001412,B010,B010-C1054,Retail Client 054,Retail & Distribution,60,59529.17,2025-01-03,2025-03-04,closed,2025-03-06,62,2,False,False,average_payer
INV10001413,B010,B010-C1054,Retail Client 054,Retail & Distribution,60,99172.35,2026-04-24,2026-06-23,closed,2026-07-11,78,18,False,False,average_payer
INV10001414,B010,B010-C1055,Metal Client 055,Metal & Engineering,45,103166.93,2024-06-04,2024-07-19,closed,2024-07-28,54,9,False,False,average_payer
INV10001415,B010,B010-C1055,Metal Client 055,Metal & Engineering,45,154030.5,2024-06-06,2024-07-21,closed,2024-07-19,43,-2,False,False,average_payer
INV10001416,B010,B010-C1055,Metal Client 055,Metal & Engineering,45,85172.47,2024-12-22,2025-02-05,closed,2025-02-07,47,2,False,False,average_payer
INV10001417,B010,B010-C1055,Metal Client 055,Metal & Engineering,45,130933.57,2024-12-24,2025-02-07,closed,2025-02-19,57,12,True,False,average_payer
INV10001418,B010,B010-C1055,Metal Client 055,Metal & Engineering,45,194591.0,2025-02-12,2025-03-29,closed,2025-03-24,40,-5,False,False,average_payer
INV10001419,B010,B010-C1055,Metal Client 055,Metal & Engineering,45,136740.05,2025-03-21,2025-05-05,closed,2025-05-17,57,12,False,False,average_payer
INV10001420,B010,B010-C1055,Metal Client 055,Metal & Engineering,45,88986.52,2025-09-01,2025-10-16,closed,2025-11-07,67,22,False,False,average_payer
INV10001421,B010,B010-C1055,Metal Client 055,Metal & Engineering,45,104213.78,2025-09-13,2025-10-28,closed,2025-11-06,54,9,False,False,average_payer
INV10001422,B010,B010-C1055,Metal Client 055,Metal & Engineering,45,134134.1,2026-05-04,2026-06-18,closed,2026-06-26,53,8,False,False,average_payer
INV10001423,B010,B010-C1056,Construction Client 056,Construction & Infra,30,197493.98,2024-05-11,2024-06-10,closed,2024-06-16,36,6,False,False,erratic_payer
INV10001424,B010,B010-C1056,Construction Client 056,Construction & Infra,30,141487.94,2024-06-06,2024-07-06,closed,2024-07-19,43,13,False,False,erratic_payer
INV10001425,B010,B010-C1056,Construction Client 056,Construction & Infra,30,82474.64,2024-06-12,2024-07-12,closed,2024-09-01,81,51,False,False,erratic_payer
INV10001426,B010,B010-C1056,Construction Client 056,Construction & Infra,30,116006.94,2024-07-05,2024-08-04,closed,2024-08-04,30,0,False,False,erratic_payer
INV10001427,B010,B010-C1056,Construction Client 056,Construction & Infra,30,112337.51,2024-10-20,2024-11-19,open,,,,False,False,erratic_payer
INV10001428,B010,B010-C1056,Construction Client 056,Construction & Infra,30,122485.07,2024-11-04,2024-12-04,open,,,,False,False,erratic_payer
INV10001429,B010,B010-C1056,Construction Client 056,Construction & Infra,30,186662.58,2024-11-18,2024-12-18,disputed_open,,,,False,False,erratic_payer
INV10001430,B010,B010-C1056,Construction Client 056,Construction & Infra,30,178889.31,2024-11-26,2024-12-26,closed,2025-02-16,82,52,False,False,erratic_payer
INV10001431,B010,B010-C1056,Construction Client 056,Construction & Infra,30,262281.82,2025-02-12,2025-03-14,closed,2025-03-23,39,9,False,False,erratic_payer
INV10001432,B010,B010-C1056,Construction Client 056,Construction & Infra,30,168457.51,2025-02-18,2025-03-20,closed,2025-04-02,43,13,False,False,erratic_payer
INV10001433,B010,B010-C1056,Construction Client 056,Construction & Infra,30,94120.84,2025-04-06,2025-05-06,closed,2025-05-12,36,6,False,False,erratic_payer
INV10001434,B010,B010-C1056,Construction Client 056,Construction & Infra,30,77875.34,2025-07-05,2025-08-04,closed,2025-08-08,34,4,False,False,erratic_payer
INV10001435,B010,B010-C1056,Construction Client 056,Construction & Infra,30,158316.2,2025-07-08,2025-08-07,closed,2025-08-23,46,16,False,False,erratic_payer
INV10001436,B010,B010-C1056,Construction Client 056,Construction & Infra,30,144937.33,2025-09-19,2025-10-19,closed,2025-10-28,39,9,False,False,erratic_payer
INV10001437,B010,B010-C1056,Construction Client 056,Construction & Infra,30,178938.34,2025-09-22,2025-10-22,closed,2025-11-08,47,17,False,False,erratic_payer
INV10001438,B010,B010-C1056,Construction Client 056,Construction & Infra,30,131782.72,2025-09-22,2025-10-22,closed,2025-10-24,32,2,False,False,erratic_payer
INV10001439,B010,B010-C1056,Construction Client 056,Construction & Infra,30,89179.26,2025-09-28,2025-10-28,closed,2025-11-08,41,11,False,False,erratic_payer
INV10001440,B010,B010-C1056,Construction Client 056,Construction & Infra,30,1137341.83,2025-10-14,2025-11-13,disputed_open,,,,False,True,erratic_payer
INV10001441,B010,B010-C1056,Construction Client 056,Construction & Infra,30,87276.72,2025-12-21,2026-01-20,closed,2026-01-22,32,2,True,False,erratic_payer
INV10001442,B010,B010-C1056,Construction Client 056,Construction & Infra,30,136516.49,2026-01-02,2026-02-01,open,,,,False,False,erratic_payer
INV10001443,B010,B010-C1056,Construction Client 056,Construction & Infra,30,112224.43,2026-01-05,2026-02-04,closed,2026-02-07,33,3,False,False,erratic_payer
INV10001444,B010,B010-C1056,Construction Client 056,Construction & Infra,30,110186.9,2026-01-07,2026-02-06,closed,2026-02-10,34,4,False,False,erratic_payer
INV10001445,B010,B010-C1056,Construction Client 056,Construction & Infra,30,119886.37,2026-01-26,2026-02-25,closed,2026-03-02,35,5,False,False,erratic_payer
INV10001446,B010,B010-C1056,Construction Client 056,Construction & Infra,30,110154.81,2026-02-26,2026-03-28,closed,2026-03-27,29,-1,False,False,erratic_payer
INV10001447,B010,B010-C1056,Construction Client 056,Construction & Infra,30,234802.31,2026-02-27,2026-03-29,closed,2026-04-09,41,11,False,False,erratic_payer
INV10001448,B010,B010-C1056,Construction Client 056,Construction & Infra,30,136759.26,2026-03-31,2026-04-30,closed,2026-05-08,38,8,False,False,erratic_payer
INV10001449,B010,B010-C1056,Construction Client 056,Construction & Infra,30,95215.07,2026-05-11,2026-06-10,closed,2026-06-07,27,-3,False,False,erratic_payer
INV10001450,B010,B010-C1056,Construction Client 056,Construction & Infra,30,177291.99,2026-05-23,2026-06-22,closed,2026-08-20,89,59,False,False,erratic_payer
INV10001451,B010,B010-C1056,Construction Client 056,Construction & Infra,30,140368.07,2026-06-05,2026-07-05,closed,2026-07-25,50,20,True,False,erratic_payer
INV10001452,B010,B010-C1056,Construction Client 056,Construction & Infra,30,104219.34,2026-06-06,2026-07-06,closed,2026-06-13,7,-23,False,False,erratic_payer
INV10001453,B010,B010-C1056,Construction Client 056,Construction & Infra,30,162750.33,2026-06-27,2026-07-27,closed,2026-08-07,41,11,False,False,erratic_payer
INV10001454,B010,B010-C1056,Construction Client 056,Construction & Infra,30,171904.52,2026-07-10,2026-08-09,closed,2026-07-11,1,-29,False,False,erratic_payer
INV10001455,B010,B010-C1057,IT Client 057,IT & Business Services,30,15195.72,2024-05-29,2024-06-28,closed,2024-07-08,40,10,False,True,average_payer
INV10001456,B010,B010-C1057,IT Client 057,IT & Business Services,30,3399.63,2024-07-20,2024-08-19,closed,2024-08-25,36,6,False,False,average_payer
INV10001457,B010,B010-C1057,IT Client 057,IT & Business Services,30,4254.25,2024-07-25,2024-08-24,closed,2024-08-21,27,-3,False,False,average_payer
INV10001458,B010,B010-C1057,IT Client 057,IT & Business Services,30,4628.9,2024-07-29,2024-08-28,closed,2024-09-10,43,13,False,False,average_payer
INV10001459,B010,B010-C1057,IT Client 057,IT & Business Services,30,4681.23,2024-08-18,2024-09-17,closed,2024-09-22,35,5,False,False,average_payer
INV10001460,B010,B010-C1057,IT Client 057,IT & Business Services,30,5114.92,2024-10-11,2024-11-10,closed,2024-11-15,35,5,False,False,average_payer
INV10001461,B010,B010-C1057,IT Client 057,IT & Business Services,30,4686.76,2024-11-07,2024-12-07,closed,2024-12-03,26,-4,False,False,average_payer
INV10001462,B010,B010-C1057,IT Client 057,IT & Business Services,30,4432.65,2024-12-21,2025-01-20,closed,2025-01-27,37,7,False,False,average_payer
INV10001463,B010,B010-C1057,IT Client 057,IT & Business Services,30,6824.27,2025-05-18,2025-06-17,closed,2025-06-16,29,-1,False,False,average_payer
INV10001464,B010,B010-C1057,IT Client 057,IT & Business Services,30,35766.73,2025-06-25,2025-07-25,closed,2025-07-23,28,-2,False,True,average_payer
INV10001465,B010,B010-C1057,IT Client 057,IT & Business Services,30,5418.2,2025-07-12,2025-08-11,closed,2025-08-23,42,12,False,False,average_payer
INV10001466,B010,B010-C1057,IT Client 057,IT & Business Services,30,5257.67,2025-07-14,2025-08-13,closed,2025-08-18,35,5,False,False,average_payer
INV10001467,B010,B010-C1057,IT Client 057,IT & Business Services,30,6573.03,2025-07-28,2025-08-27,closed,2025-09-06,40,10,False,False,average_payer
INV10001468,B010,B010-C1057,IT Client 057,IT & Business Services,30,6058.14,2025-12-08,2026-01-07,closed,2026-01-05,28,-2,False,False,average_payer
INV10001469,B010,B010-C1057,IT Client 057,IT & Business Services,30,4230.37,2026-01-04,2026-02-03,closed,2026-02-09,36,6,False,False,average_payer
INV10001470,B010,B010-C1057,IT Client 057,IT & Business Services,30,4954.1,2026-05-20,2026-06-19,closed,2026-06-27,38,8,False,False,average_payer
INV10001471,B010,B010-C1057,IT Client 057,IT & Business Services,30,4799.99,2026-07-01,2026-07-31,closed,2026-08-01,31,1,True,False,average_payer
INV10001472,B010,B010-C1057,IT Client 057,IT & Business Services,30,3638.79,2026-08-20,2026-09-19,open,,,,False,False,average_payer
INV10001473,B010,B010-C1058,Textiles Client 058,Textiles & Apparel,15,160605.84,2024-03-20,2024-04-04,closed,2024-04-07,18,3,False,False,prompt_payer
INV10001474,B010,B010-C1058,Textiles Client 058,Textiles & Apparel,15,159343.62,2024-05-20,2024-06-04,closed,2024-06-04,15,0,False,False,prompt_payer
INV10001475,B010,B010-C1058,Textiles Client 058,Textiles & Apparel,15,243793.4,2024-05-31,2024-06-15,closed,2024-06-14,14,-1,False,False,prompt_payer
INV10001476,B010,B010-C1058,Textiles Client 058,Textiles & Apparel,15,553013.82,2024-06-08,2024-06-23,closed,2024-06-25,17,2,False,True,prompt_payer
INV10001477,B010,B010-C1058,Textiles Client 058,Textiles & Apparel,15,137554.23,2024-06-10,2024-06-25,closed,2024-06-26,16,1,False,False,prompt_payer
INV10001478,B010,B010-C1058,Textiles Client 058,Textiles & Apparel,15,145646.47,2024-07-08,2024-07-23,closed,2024-07-21,13,-2,False,False,prompt_payer
INV10001479,B010,B010-C1058,Textiles Client 058,Textiles & Apparel,15,62896.33,2024-07-24,2024-08-08,closed,2024-08-04,11,-4,False,False,prompt_payer
INV10001480,B010,B010-C1058,Textiles Client 058,Textiles & Apparel,15,114675.54,2024-08-29,2024-09-13,closed,2024-09-09,11,-4,False,False,prompt_payer
INV10001481,B010,B010-C1058,Textiles Client 058,Textiles & Apparel,15,170236.98,2024-09-24,2024-10-09,closed,2024-10-07,13,-2,False,False,prompt_payer
INV10001482,B010,B010-C1058,Textiles Client 058,Textiles & Apparel,15,558839.94,2024-11-22,2024-12-07,closed,2024-12-03,11,-4,False,True,prompt_payer
INV10001483,B010,B010-C1058,Textiles Client 058,Textiles & Apparel,15,86061.49,2025-01-01,2025-01-16,closed,2025-01-17,16,1,False,False,prompt_payer
INV10001484,B010,B010-C1058,Textiles Client 058,Textiles & Apparel,15,160311.48,2025-01-06,2025-01-21,closed,2025-01-19,13,-2,False,False,prompt_payer
INV10001485,B010,B010-C1058,Textiles Client 058,Textiles & Apparel,15,95540.0,2025-01-12,2025-01-27,closed,2025-01-24,12,-3,False,False,prompt_payer
INV10001486,B010,B010-C1058,Textiles Client 058,Textiles & Apparel,15,105463.24,2025-03-10,2025-03-25,closed,2025-03-27,17,2,False,False,prompt_payer
INV10001487,B010,B010-C1058,Textiles Client 058,Textiles & Apparel,15,102531.36,2025-03-15,2025-03-30,closed,2025-03-27,12,-3,False,False,prompt_payer
INV10001488,B010,B010-C1058,Textiles Client 058,Textiles & Apparel,15,131700.29,2025-05-30,2025-06-14,closed,2025-06-06,7,-8,False,False,prompt_payer
INV10001489,B010,B010-C1058,Textiles Client 058,Textiles & Apparel,15,74068.0,2025-06-13,2025-06-28,closed,2025-06-21,8,-7,False,False,prompt_payer
INV10001490,B010,B010-C1058,Textiles Client 058,Textiles & Apparel,15,135175.44,2025-06-14,2025-06-29,closed,2025-06-26,12,-3,False,False,prompt_payer
INV10001491,B010,B010-C1058,Textiles Client 058,Textiles & Apparel,15,176324.36,2025-07-02,2025-07-17,closed,2025-07-16,14,-1,False,False,prompt_payer
INV10001492,B010,B010-C1058,Textiles Client 058,Textiles & Apparel,15,195334.12,2025-07-09,2025-07-24,closed,2025-07-27,18,3,False,False,prompt_payer
INV10001493,B010,B010-C1058,Textiles Client 058,Textiles & Apparel,15,138961.73,2025-09-17,2025-10-02,closed,2025-10-07,20,5,False,False,prompt_payer
INV10001494,B010,B010-C1058,Textiles Client 058,Textiles & Apparel,15,112367.94,2025-09-19,2025-10-04,closed,2025-10-09,20,5,False,False,prompt_payer
INV10001495,B010,B010-C1058,Textiles Client 058,Textiles & Apparel,15,119940.97,2025-11-08,2025-11-23,closed,2025-11-22,14,-1,False,False,prompt_payer
INV10001496,B010,B010-C1058,Textiles Client 058,Textiles & Apparel,15,148842.2,2025-12-18,2026-01-02,closed,2025-12-28,10,-5,False,False,prompt_payer
INV10001497,B010,B010-C1058,Textiles Client 058,Textiles & Apparel,15,194886.47,2026-05-06,2026-05-21,closed,2026-05-23,17,2,False,False,prompt_payer
INV10001498,B010,B010-C1058,Textiles Client 058,Textiles & Apparel,15,92847.79,2026-05-23,2026-06-07,closed,2026-06-10,18,3,False,False,prompt_payer
INV10001499,B010,B010-C1058,Textiles Client 058,Textiles & Apparel,15,192791.39,2026-08-15,2026-08-30,closed,2026-08-31,16,1,False,False,prompt_payer
INV10001500,B010,B010-C1059,Retail Client 059,Retail & Distribution,60,18175.62,2024-03-24,2024-05-23,closed,2024-05-27,64,4,False,False,erratic_payer
INV10001501,B010,B010-C1059,Retail Client 059,Retail & Distribution,60,110779.44,2024-05-10,2024-07-09,closed,2024-07-23,74,14,False,True,erratic_payer
INV10001502,B010,B010-C1059,Retail Client 059,Retail & Distribution,60,18883.51,2024-06-07,2024-08-06,closed,2024-07-29,52,-8,False,False,erratic_payer
INV10001503,B010,B010-C1059,Retail Client 059,Retail & Distribution,60,16737.27,2024-06-23,2024-08-22,closed,2024-09-02,71,11,False,False,erratic_payer
INV10001504,B010,B010-C1059,Retail Client 059,Retail & Distribution,60,90317.02,2024-06-27,2024-08-26,closed,2024-08-20,54,-6,False,True,erratic_payer
INV10001505,B010,B010-C1059,Retail Client 059,Retail & Distribution,60,22473.31,2024-08-10,2024-10-09,closed,2024-09-30,51,-9,False,False,erratic_payer
INV10001506,B010,B010-C1059,Retail Client 059,Retail & Distribution,60,20463.66,2024-08-31,2024-10-30,closed,2024-11-14,75,15,False,False,erratic_payer
INV10001507,B010,B010-C1059,Retail Client 059,Retail & Distribution,60,15559.17,2024-09-06,2024-11-05,closed,2024-11-12,67,7,False,False,erratic_payer
INV10001508,B010,B010-C1059,Retail Client 059,Retail & Distribution,60,22299.74,2024-10-11,2024-12-10,closed,2024-12-20,70,10,True,False,erratic_payer
INV10001509,B010,B010-C1059,Retail Client 059,Retail & Distribution,60,21631.48,2024-12-13,2025-02-11,closed,2025-02-22,71,11,False,False,erratic_payer
INV10001510,B010,B010-C1059,Retail Client 059,Retail & Distribution,60,20114.54,2025-01-10,2025-03-11,closed,2025-03-26,75,15,False,False,erratic_payer
INV10001511,B010,B010-C1059,Retail Client 059,Retail & Distribution,60,29420.88,2025-02-04,2025-04-05,closed,2025-04-21,76,16,False,False,erratic_payer
INV10001512,B010,B010-C1059,Retail Client 059,Retail & Distribution,60,24137.42,2025-03-05,2025-05-04,closed,2025-04-28,54,-6,False,False,erratic_payer
INV10001513,B010,B010-C1059,Retail Client 059,Retail & Distribution,60,24161.35,2025-03-10,2025-05-09,closed,2025-05-31,82,22,False,False,erratic_payer
INV10001514,B010,B010-C1059,Retail Client 059,Retail & Distribution,60,24324.54,2025-04-08,2025-06-07,closed,2025-06-20,73,13,False,False,erratic_payer
INV10001515,B010,B010-C1059,Retail Client 059,Retail & Distribution,60,28260.14,2025-04-12,2025-06-11,closed,2025-06-17,66,6,False,False,erratic_payer
INV10001516,B010,B010-C1059,Retail Client 059,Retail & Distribution,60,15413.53,2025-04-14,2025-06-13,closed,2025-06-19,66,6,False,False,erratic_payer
INV10001517,B010,B010-C1059,Retail Client 059,Retail & Distribution,60,24725.55,2025-05-16,2025-07-15,closed,2025-07-21,66,6,False,False,erratic_payer
INV10001518,B010,B010-C1059,Retail Client 059,Retail & Distribution,60,17095.45,2025-06-02,2025-08-01,closed,2025-08-26,85,25,False,False,erratic_payer
INV10001519,B010,B010-C1059,Retail Client 059,Retail & Distribution,60,20676.09,2025-10-14,2025-12-13,closed,2025-12-19,66,6,False,False,erratic_payer
INV10001520,B010,B010-C1059,Retail Client 059,Retail & Distribution,60,26632.94,2025-10-24,2025-12-23,closed,2026-03-15,142,82,False,False,erratic_payer
INV10001521,B010,B010-C1059,Retail Client 059,Retail & Distribution,60,21425.0,2026-02-05,2026-04-06,closed,2026-04-17,71,11,False,False,erratic_payer
INV10001522,B010,B010-C1059,Retail Client 059,Retail & Distribution,60,24585.63,2026-02-05,2026-04-06,closed,2026-04-08,62,2,False,False,erratic_payer
INV10001523,B010,B010-C1059,Retail Client 059,Retail & Distribution,60,33558.12,2026-02-06,2026-04-07,closed,2026-05-03,86,26,False,False,erratic_payer
INV10001524,B010,B010-C1059,Retail Client 059,Retail & Distribution,60,41716.44,2026-02-09,2026-04-10,closed,2026-03-22,41,-19,False,False,erratic_payer
INV10001525,B010,B010-C1059,Retail Client 059,Retail & Distribution,60,12766.25,2026-02-22,2026-04-23,closed,2026-06-29,127,67,False,False,erratic_payer
INV10001526,B010,B010-C1059,Retail Client 059,Retail & Distribution,60,20311.88,2026-03-21,2026-05-20,closed,2026-05-19,59,-1,False,False,erratic_payer
INV10001527,B010,B010-C1059,Retail Client 059,Retail & Distribution,60,24087.06,2026-04-10,2026-06-09,closed,2026-05-19,39,-21,False,False,erratic_payer
INV10001528,B010,B010-C1059,Retail Client 059,Retail & Distribution,60,13227.84,2026-04-18,2026-06-17,closed,2026-06-30,73,13,False,False,erratic_payer
INV10001529,B010,B010-C1059,Retail Client 059,Retail & Distribution,60,25473.36,2026-06-16,2026-08-15,open,,,,False,False,erratic_payer
INV10001530,B010,B010-C1059,Retail Client 059,Retail & Distribution,60,18405.38,2026-07-07,2026-09-05,open,,,,False,False,erratic_payer
INV10001531,B010,B010-C1059,Retail Client 059,Retail & Distribution,60,125481.15,2026-07-09,2026-09-07,open,,,,False,True,erratic_payer
INV10001532,B010,B010-C1059,Retail Client 059,Retail & Distribution,60,21893.79,2026-07-14,2026-09-12,open,,,,False,False,erratic_payer
INV10001533,B010,B010-C1059,Retail Client 059,Retail & Distribution,60,24121.57,2026-07-15,2026-09-13,open,,,,False,False,erratic_payer
INV10001534,B010,B010-C1060,Retail Client 060,Retail & Distribution,45,84842.76,2024-04-04,2024-05-19,closed,2024-06-17,74,29,False,False,erratic_payer
INV10001535,B010,B010-C1060,Retail Client 060,Retail & Distribution,45,142619.27,2024-04-19,2024-06-03,closed,2024-06-11,53,8,False,False,erratic_payer
INV10001536,B010,B010-C1060,Retail Client 060,Retail & Distribution,45,143530.88,2024-05-28,2024-07-12,closed,2024-07-12,45,0,False,False,erratic_payer
INV10001537,B010,B010-C1060,Retail Client 060,Retail & Distribution,45,178424.96,2024-06-23,2024-08-07,closed,2024-08-16,54,9,False,False,erratic_payer
INV10001538,B010,B010-C1060,Retail Client 060,Retail & Distribution,45,668741.76,2024-06-25,2024-08-09,closed,2024-08-12,48,3,False,True,erratic_payer
INV10001539,B010,B010-C1060,Retail Client 060,Retail & Distribution,45,126971.91,2024-06-27,2024-08-11,closed,2024-08-17,51,6,False,False,erratic_payer
INV10001540,B010,B010-C1060,Retail Client 060,Retail & Distribution,45,126842.3,2024-07-08,2024-08-22,closed,2024-07-31,23,-22,False,False,erratic_payer
INV10001541,B010,B010-C1060,Retail Client 060,Retail & Distribution,45,128286.59,2024-07-09,2024-08-23,closed,2024-08-31,53,8,False,False,erratic_payer
INV10001542,B010,B010-C1060,Retail Client 060,Retail & Distribution,45,145722.94,2024-07-16,2024-08-30,closed,2024-09-10,56,11,False,False,erratic_payer
INV10001543,B010,B010-C1060,Retail Client 060,Retail & Distribution,45,90961.41,2024-07-27,2024-09-10,closed,2024-09-06,41,-4,False,False,erratic_payer
INV10001544,B010,B010-C1060,Retail Client 060,Retail & Distribution,45,103710.27,2024-07-31,2024-09-14,closed,2024-09-24,55,10,False,False,erratic_payer
INV10001545,B010,B010-C1060,Retail Client 060,Retail & Distribution,45,106807.66,2024-08-16,2024-09-30,closed,2024-10-02,47,2,True,False,erratic_payer
INV10001546,B010,B010-C1060,Retail Client 060,Retail & Distribution,45,85101.27,2024-08-25,2024-10-09,open,,,,False,False,erratic_payer
INV10001547,B010,B010-C1060,Retail Client 060,Retail & Distribution,45,111083.66,2024-08-27,2024-10-11,closed,2024-10-10,44,-1,False,False,erratic_payer
INV10001548,B010,B010-C1060,Retail Client 060,Retail & Distribution,45,139655.92,2024-08-29,2024-10-13,closed,2024-10-15,47,2,False,False,erratic_payer
INV10001549,B010,B010-C1060,Retail Client 060,Retail & Distribution,45,513817.28,2024-09-11,2024-10-26,closed,2024-11-08,58,13,False,True,erratic_payer
INV10001550,B010,B010-C1060,Retail Client 060,Retail & Distribution,45,130171.55,2024-09-20,2024-11-04,closed,2024-11-10,51,6,False,False,erratic_payer
INV10001551,B010,B010-C1060,Retail Client 060,Retail & Distribution,45,135526.6,2024-09-24,2024-11-08,closed,2025-03-06,163,118,False,False,erratic_payer
INV10001552,B010,B010-C1060,Retail Client 060,Retail & Distribution,45,522260.89,2024-09-26,2024-11-10,closed,2024-10-26,30,-15,False,True,erratic_payer
INV10001553,B010,B010-C1060,Retail Client 060,Retail & Distribution,45,152329.57,2024-10-26,2024-12-10,closed,2025-01-10,76,31,False,False,erratic_payer
INV10001554,B010,B010-C1060,Retail Client 060,Retail & Distribution,45,64851.75,2024-12-21,2025-02-04,closed,2025-02-15,56,11,False,False,erratic_payer
INV10001555,B010,B010-C1060,Retail Client 060,Retail & Distribution,45,140698.51,2024-12-30,2025-02-13,closed,2025-02-18,50,5,False,False,erratic_payer
INV10001556,B010,B010-C1060,Retail Client 060,Retail & Distribution,45,175500.26,2025-01-08,2025-02-22,closed,2025-02-23,46,1,False,False,erratic_payer
INV10001557,B010,B010-C1060,Retail Client 060,Retail & Distribution,45,124967.23,2025-01-28,2025-03-14,closed,2025-03-08,39,-6,False,False,erratic_payer
INV10001558,B010,B010-C1060,Retail Client 060,Retail & Distribution,45,142124.1,2025-02-13,2025-03-30,closed,2025-03-31,46,1,False,False,erratic_payer
INV10001559,B010,B010-C1060,Retail Client 060,Retail & Distribution,45,52857.62,2025-03-21,2025-05-05,closed,2025-05-09,49,4,False,False,erratic_payer
INV10001560,B010,B010-C1060,Retail Client 060,Retail & Distribution,45,94932.49,2025-04-10,2025-05-25,closed,2025-05-31,51,6,False,False,erratic_payer
INV10001561,B010,B010-C1060,Retail Client 060,Retail & Distribution,45,1161423.33,2025-04-17,2025-06-01,closed,2025-06-05,49,4,False,True,erratic_payer
INV10001562,B010,B010-C1060,Retail Client 060,Retail & Distribution,45,139208.2,2025-05-15,2025-06-29,closed,2025-07-10,56,11,False,False,erratic_payer
INV10001563,B010,B010-C1060,Retail Client 060,Retail & Distribution,45,114426.15,2025-05-29,2025-07-13,closed,2025-08-07,70,25,False,False,erratic_payer
INV10001564,B010,B010-C1060,Retail Client 060,Retail & Distribution,45,143197.12,2025-06-04,2025-07-19,closed,2025-07-25,51,6,False,False,erratic_payer
INV10001565,B010,B010-C1060,Retail Client 060,Retail & Distribution,45,130396.76,2025-06-09,2025-07-24,closed,2025-07-29,50,5,False,False,erratic_payer
INV10001566,B010,B010-C1060,Retail Client 060,Retail & Distribution,45,81650.1,2025-07-11,2025-08-25,closed,2025-09-07,58,13,False,False,erratic_payer
INV10001567,B010,B010-C1060,Retail Client 060,Retail & Distribution,45,175635.12,2025-07-26,2025-09-09,closed,2025-09-12,48,3,False,False,erratic_payer
INV10001568,B010,B010-C1060,Retail Client 060,Retail & Distribution,45,84377.29,2025-07-26,2025-09-09,closed,2025-09-18,54,9,False,False,erratic_payer
INV10001569,B010,B010-C1060,Retail Client 060,Retail & Distribution,45,65669.54,2025-07-31,2025-09-14,closed,2025-08-16,16,-29,False,False,erratic_payer
INV10001570,B010,B010-C1060,Retail Client 060,Retail & Distribution,45,85537.28,2025-08-28,2025-10-12,closed,2025-10-06,39,-6,False,False,erratic_payer
INV10001571,B010,B010-C1060,Retail Client 060,Retail & Distribution,45,134570.86,2025-09-15,2025-10-30,closed,2025-11-07,53,8,False,False,erratic_payer
INV10001572,B010,B010-C1060,Retail Client 060,Retail & Distribution,45,634789.97,2025-09-19,2025-11-03,closed,2025-11-21,63,18,False,True,erratic_payer
INV10001573,B010,B010-C1060,Retail Client 060,Retail & Distribution,45,118734.95,2025-10-20,2025-12-04,closed,2025-12-12,53,8,False,False,erratic_payer
INV10001574,B010,B010-C1060,Retail Client 060,Retail & Distribution,45,107618.07,2025-10-25,2025-12-09,closed,2025-12-10,46,1,False,False,erratic_payer
INV10001575,B010,B010-C1060,Retail Client 060,Retail & Distribution,45,98548.1,2025-11-11,2025-12-26,closed,2025-12-17,36,-9,False,False,erratic_payer
INV10001576,B010,B010-C1060,Retail Client 060,Retail & Distribution,45,73558.65,2026-03-25,2026-05-09,closed,2026-05-08,44,-1,False,False,erratic_payer
INV10001577,B010,B010-C1060,Retail Client 060,Retail & Distribution,45,140980.52,2026-03-30,2026-05-14,closed,2026-05-21,52,7,False,False,erratic_payer
INV10001578,B010,B010-C1060,Retail Client 060,Retail & Distribution,45,171121.47,2026-04-10,2026-05-25,closed,2026-05-25,45,0,False,False,erratic_payer
INV10001579,B010,B010-C1060,Retail Client 060,Retail & Distribution,45,90203.77,2026-04-16,2026-05-31,closed,2026-06-07,52,7,False,False,erratic_payer
INV10001580,B010,B010-C1060,Retail Client 060,Retail & Distribution,45,97961.34,2026-07-28,2026-09-11,open,,,,False,False,erratic_payer
INV10001581,B010,B010-C1060,Retail Client 060,Retail & Distribution,45,140375.73,2026-08-02,2026-09-16,open,,,,False,False,erratic_payer
INV10001582,B010,B010-C1060,Retail Client 060,Retail & Distribution,45,63289.86,2026-08-23,2026-10-07,open,,,,False,False,erratic_payer
INV10001583,B010,B010-C1061,Pharma Client 061,Pharma & Healthcare,45,84814.51,2024-03-26,2024-05-10,closed,2024-05-05,40,-5,False,False,seasonal_payer
INV10001584,B010,B010-C1061,Pharma Client 061,Pharma & Healthcare,45,151791.15,2024-04-25,2024-06-09,closed,2024-06-08,44,-1,False,False,seasonal_payer
INV10001585,B010,B010-C1061,Pharma Client 061,Pharma & Healthcare,45,139836.05,2024-05-18,2024-07-02,closed,2024-07-05,48,3,False,False,seasonal_payer
INV10001586,B010,B010-C1061,Pharma Client 061,Pharma & Healthcare,45,134394.47,2024-05-21,2024-07-05,closed,2024-07-06,46,1,False,False,seasonal_payer
INV10001587,B010,B010-C1061,Pharma Client 061,Pharma & Healthcare,45,80059.91,2024-06-17,2024-08-01,closed,2024-08-09,53,8,False,False,seasonal_payer
INV10001588,B010,B010-C1061,Pharma Client 061,Pharma & Healthcare,45,87567.21,2024-07-05,2024-08-19,closed,2024-08-27,53,8,False,False,seasonal_payer
INV10001589,B010,B010-C1061,Pharma Client 061,Pharma & Healthcare,45,162878.69,2024-08-26,2024-10-10,closed,2024-10-22,57,12,False,False,seasonal_payer
INV10001590,B010,B010-C1061,Pharma Client 061,Pharma & Healthcare,45,100335.76,2024-09-03,2024-10-18,closed,2024-11-06,64,19,False,False,seasonal_payer
INV10001591,B010,B010-C1061,Pharma Client 061,Pharma & Healthcare,45,112877.61,2024-10-15,2024-11-29,closed,2024-12-10,56,11,False,False,seasonal_payer
INV10001592,B010,B010-C1061,Pharma Client 061,Pharma & Healthcare,45,84021.41,2024-10-23,2024-12-07,closed,2024-12-18,56,11,False,False,seasonal_payer
INV10001593,B010,B010-C1061,Pharma Client 061,Pharma & Healthcare,45,138174.15,2024-10-24,2024-12-08,closed,2024-12-25,62,17,False,False,seasonal_payer
INV10001594,B010,B010-C1061,Pharma Client 061,Pharma & Healthcare,45,46875.71,2024-11-02,2024-12-17,closed,2025-01-08,67,22,False,False,seasonal_payer
INV10001595,B010,B010-C1061,Pharma Client 061,Pharma & Healthcare,45,151526.92,2024-11-06,2024-12-21,closed,2024-12-31,55,10,False,False,seasonal_payer
INV10001596,B010,B010-C1061,Pharma Client 061,Pharma & Healthcare,45,97115.91,2024-11-09,2024-12-24,closed,2024-12-31,52,7,False,False,seasonal_payer
INV10001597,B010,B010-C1061,Pharma Client 061,Pharma & Healthcare,45,141496.16,2024-11-24,2025-01-08,closed,2025-01-18,55,10,False,False,seasonal_payer
INV10001598,B010,B010-C1061,Pharma Client 061,Pharma & Healthcare,45,109890.18,2024-12-04,2025-01-18,closed,2025-01-29,56,11,False,False,seasonal_payer
INV10001599,B010,B010-C1061,Pharma Client 061,Pharma & Healthcare,45,113883.69,2025-01-11,2025-02-25,closed,2025-02-26,46,1,False,False,seasonal_payer
INV10001600,B010,B010-C1061,Pharma Client 061,Pharma & Healthcare,45,65839.03,2025-01-16,2025-03-02,closed,2025-03-07,50,5,False,False,seasonal_payer
INV10001601,B010,B010-C1061,Pharma Client 061,Pharma & Healthcare,45,91027.49,2025-02-03,2025-03-20,closed,2025-03-22,47,2,False,False,seasonal_payer
INV10001602,B010,B010-C1061,Pharma Client 061,Pharma & Healthcare,45,128596.5,2025-02-09,2025-03-26,closed,2025-03-23,42,-3,False,False,seasonal_payer
INV10001603,B010,B010-C1061,Pharma Client 061,Pharma & Healthcare,45,108915.66,2025-03-12,2025-04-26,closed,2025-04-25,44,-1,False,False,seasonal_payer
INV10001604,B010,B010-C1061,Pharma Client 061,Pharma & Healthcare,45,92809.5,2025-04-04,2025-05-19,closed,2025-05-11,37,-8,False,False,seasonal_payer
INV10001605,B010,B010-C1061,Pharma Client 061,Pharma & Healthcare,45,135099.94,2025-05-06,2025-06-20,closed,2025-06-26,51,6,False,False,seasonal_payer
INV10001606,B010,B010-C1061,Pharma Client 061,Pharma & Healthcare,45,74248.4,2025-05-08,2025-06-22,closed,2025-07-01,54,9,False,False,seasonal_payer
INV10001607,B010,B010-C1061,Pharma Client 061,Pharma & Healthcare,45,79099.8,2025-06-01,2025-07-16,closed,2025-08-08,68,23,False,False,seasonal_payer
INV10001608,B010,B010-C1061,Pharma Client 061,Pharma & Healthcare,45,61414.12,2025-07-02,2025-08-16,closed,2025-09-01,61,16,False,False,seasonal_payer
INV10001609,B010,B010-C1061,Pharma Client 061,Pharma & Healthcare,45,84026.23,2025-09-22,2025-11-06,closed,2025-11-28,67,22,False,False,seasonal_payer
INV10001610,B010,B010-C1061,Pharma Client 061,Pharma & Healthcare,45,153232.8,2025-09-27,2025-11-11,closed,2025-11-17,51,6,False,False,seasonal_payer
INV10001611,B010,B010-C1061,Pharma Client 061,Pharma & Healthcare,45,78673.77,2025-11-13,2025-12-28,closed,2026-01-04,52,7,False,False,seasonal_payer
INV10001612,B010,B010-C1061,Pharma Client 061,Pharma & Healthcare,45,91226.78,2025-11-19,2026-01-03,closed,2026-01-06,48,3,False,False,seasonal_payer
INV10001613,B010,B010-C1061,Pharma Client 061,Pharma & Healthcare,45,132641.59,2025-11-24,2026-01-08,closed,2026-02-07,75,30,False,False,seasonal_payer
INV10001614,B010,B010-C1061,Pharma Client 061,Pharma & Healthcare,45,83411.07,2025-11-26,2026-01-10,closed,2026-01-21,56,11,False,False,seasonal_payer
INV10001615,B010,B010-C1061,Pharma Client 061,Pharma & Healthcare,45,114684.67,2025-12-05,2026-01-19,closed,2026-02-07,64,19,False,False,seasonal_payer
INV10001616,B010,B010-C1061,Pharma Client 061,Pharma & Healthcare,45,164847.63,2026-01-02,2026-02-16,closed,2026-02-23,52,7,False,False,seasonal_payer
INV10001617,B010,B010-C1061,Pharma Client 061,Pharma & Healthcare,45,98890.78,2026-01-25,2026-03-11,closed,2026-03-26,60,15,False,False,seasonal_payer
INV10001618,B010,B010-C1061,Pharma Client 061,Pharma & Healthcare,45,133718.78,2026-02-04,2026-03-21,closed,2026-03-22,46,1,False,False,seasonal_payer
INV10001619,B010,B010-C1061,Pharma Client 061,Pharma & Healthcare,45,109761.88,2026-02-09,2026-03-26,closed,2026-04-03,53,8,False,False,seasonal_payer
INV10001620,B010,B010-C1061,Pharma Client 061,Pharma & Healthcare,45,195515.78,2026-02-18,2026-04-04,closed,2026-04-07,48,3,False,False,seasonal_payer
INV10001621,B010,B010-C1061,Pharma Client 061,Pharma & Healthcare,45,70773.29,2026-04-07,2026-05-22,closed,2026-05-15,38,-7,False,False,seasonal_payer
INV10001622,B010,B010-C1061,Pharma Client 061,Pharma & Healthcare,45,101279.85,2026-04-09,2026-05-24,closed,2026-05-19,40,-5,False,False,seasonal_payer
INV10001623,B010,B010-C1061,Pharma Client 061,Pharma & Healthcare,45,62715.12,2026-04-15,2026-05-30,closed,2026-05-30,45,0,False,False,seasonal_payer
INV10001624,B010,B010-C1061,Pharma Client 061,Pharma & Healthcare,45,107718.23,2026-05-26,2026-07-10,closed,2026-07-17,52,7,False,False,seasonal_payer
INV10001625,B010,B010-C1061,Pharma Client 061,Pharma & Healthcare,45,126614.2,2026-06-06,2026-07-21,closed,2026-07-26,50,5,False,False,seasonal_payer
INV10001626,B010,B010-C1061,Pharma Client 061,Pharma & Healthcare,45,115989.66,2026-07-05,2026-08-19,open,,,,False,False,seasonal_payer
INV10001627,B010,B010-C1061,Pharma Client 061,Pharma & Healthcare,45,99267.58,2026-07-31,2026-09-14,open,,,,False,False,seasonal_payer
INV10001628,B010,B010-C1061,Pharma Client 061,Pharma & Healthcare,45,169514.81,2026-08-18,2026-10-02,disputed_open,,,,False,False,seasonal_payer
INV10001629,B010,B010-C1062,FMCG Client 062,FMCG & Food Processing,30,93311.7,2024-04-08,2024-05-08,closed,2024-04-30,22,-8,False,False,average_payer
INV10001630,B010,B010-C1062,FMCG Client 062,FMCG & Food Processing,30,91458.02,2024-05-08,2024-06-07,closed,2024-06-29,52,22,False,False,average_payer
INV10001631,B010,B010-C1062,FMCG Client 062,FMCG & Food Processing,30,59982.07,2024-06-12,2024-07-12,closed,2024-07-18,36,6,False,False,average_payer
INV10001632,B010,B010-C1062,FMCG Client 062,FMCG & Food Processing,30,57963.5,2024-07-12,2024-08-11,closed,2024-08-11,30,0,False,False,average_payer
INV10001633,B010,B010-C1062,FMCG Client 062,FMCG & Food Processing,30,66039.7,2024-11-05,2024-12-05,closed,2024-12-04,29,-1,False,False,average_payer
INV10001634,B010,B010-C1062,FMCG Client 062,FMCG & Food Processing,30,127904.82,2024-11-19,2024-12-19,closed,2024-12-27,38,8,False,False,average_payer
INV10001635,B010,B010-C1062,FMCG Client 062,FMCG & Food Processing,30,90979.02,2024-11-26,2024-12-26,closed,2024-12-30,34,4,False,False,average_payer
INV10001636,B010,B010-C1062,FMCG Client 062,FMCG & Food Processing,30,103377.85,2024-12-02,2025-01-01,closed,2025-01-15,44,14,False,False,average_payer
INV10001637,B010,B010-C1062,FMCG Client 062,FMCG & Food Processing,30,42059.88,2024-12-15,2025-01-14,closed,2025-01-21,37,7,False,False,average_payer
INV10001638,B010,B010-C1062,FMCG Client 062,FMCG & Food Processing,30,106175.71,2024-12-29,2025-01-28,closed,2025-02-05,38,8,False,False,average_payer
INV10001639,B010,B010-C1062,FMCG Client 062,FMCG & Food Processing,30,61173.66,2025-01-29,2025-02-28,closed,2025-03-10,40,10,False,False,average_payer
INV10001640,B010,B010-C1062,FMCG Client 062,FMCG & Food Processing,30,88310.62,2025-03-14,2025-04-13,closed,2025-04-09,26,-4,False,False,average_payer
INV10001641,B010,B010-C1062,FMCG Client 062,FMCG & Food Processing,30,65393.18,2025-03-24,2025-04-23,closed,2025-04-27,34,4,False,False,average_payer
INV10001642,B010,B010-C1062,FMCG Client 062,FMCG & Food Processing,30,74422.12,2025-04-02,2025-05-02,closed,2025-05-11,39,9,False,False,average_payer
INV10001643,B010,B010-C1062,FMCG Client 062,FMCG & Food Processing,30,92717.98,2025-04-14,2025-05-14,closed,2025-05-14,30,0,False,False,average_payer
INV10001644,B010,B010-C1062,FMCG Client 062,FMCG & Food Processing,30,53988.8,2025-04-23,2025-05-23,closed,2025-05-18,25,-5,False,False,average_payer
INV10001645,B010,B010-C1062,FMCG Client 062,FMCG & Food Processing,30,100214.52,2025-05-18,2025-06-17,closed,2025-06-30,43,13,False,False,average_payer
INV10001646,B010,B010-C1062,FMCG Client 062,FMCG & Food Processing,30,90206.37,2025-07-01,2025-07-31,closed,2025-08-10,40,10,False,False,average_payer
INV10001647,B010,B010-C1062,FMCG Client 062,FMCG & Food Processing,30,76055.2,2025-07-14,2025-08-13,closed,2025-08-14,31,1,False,False,average_payer
INV10001648,B010,B010-C1062,FMCG Client 062,FMCG & Food Processing,30,76760.49,2025-07-15,2025-08-14,closed,2025-08-16,32,2,False,False,average_payer
INV10001649,B010,B010-C1062,FMCG Client 062,FMCG & Food Processing,30,63332.03,2025-09-11,2025-10-11,closed,2025-10-11,30,0,False,False,average_payer
INV10001650,B010,B010-C1062,FMCG Client 062,FMCG & Food Processing,30,85064.31,2025-10-02,2025-11-01,closed,2025-11-05,34,4,False,False,average_payer
INV10001651,B010,B010-C1062,FMCG Client 062,FMCG & Food Processing,30,51391.36,2025-12-16,2026-01-15,closed,2026-01-24,39,9,False,False,average_payer
INV10001652,B010,B010-C1062,FMCG Client 062,FMCG & Food Processing,30,55111.17,2025-12-16,2026-01-15,closed,2026-01-11,26,-4,False,False,average_payer
INV10001653,B010,B010-C1062,FMCG Client 062,FMCG & Food Processing,30,52419.98,2026-02-02,2026-03-04,closed,2026-03-14,40,10,False,False,average_payer
INV10001654,B010,B010-C1062,FMCG Client 062,FMCG & Food Processing,30,45229.73,2026-02-03,2026-03-05,closed,2026-03-13,38,8,False,False,average_payer
INV10001655,B010,B010-C1062,FMCG Client 062,FMCG & Food Processing,30,103392.05,2026-04-01,2026-05-01,closed,2026-05-22,51,21,False,False,average_payer
INV10001656,B010,B010-C1062,FMCG Client 062,FMCG & Food Processing,30,65073.48,2026-04-24,2026-05-24,closed,2026-05-23,29,-1,False,False,average_payer
INV10001657,B010,B010-C1062,FMCG Client 062,FMCG & Food Processing,30,119582.47,2026-06-08,2026-07-08,closed,2026-07-09,31,1,False,False,average_payer
INV10001658,B010,B010-C1062,FMCG Client 062,FMCG & Food Processing,30,49041.04,2026-08-15,2026-09-14,disputed_open,,,,False,False,average_payer
INV10001659,B010,B010-C1063,Pharma Client 063,Pharma & Healthcare,15,142702.93,2024-04-26,2024-05-11,closed,2024-05-10,14,-1,False,False,erratic_payer
INV10001660,B010,B010-C1063,Pharma Client 063,Pharma & Healthcare,15,174581.13,2024-05-11,2024-05-26,closed,2024-09-27,139,124,False,False,erratic_payer
INV10001661,B010,B010-C1063,Pharma Client 063,Pharma & Healthcare,15,172452.1,2024-06-06,2024-06-21,closed,2024-07-09,33,18,False,False,erratic_payer
INV10001662,B010,B010-C1063,Pharma Client 063,Pharma & Healthcare,15,99006.02,2024-06-08,2024-06-23,closed,2024-08-14,67,52,False,False,erratic_payer
INV10001663,B010,B010-C1063,Pharma Client 063,Pharma & Healthcare,15,139324.42,2024-08-01,2024-08-16,closed,2024-08-18,17,2,False,False,erratic_payer
INV10001664,B010,B010-C1063,Pharma Client 063,Pharma & Healthcare,15,117397.55,2024-09-15,2024-09-30,closed,2024-10-11,26,11,False,False,erratic_payer
INV10001665,B010,B010-C1063,Pharma Client 063,Pharma & Healthcare,15,158946.68,2024-09-21,2024-10-06,closed,2025-01-06,107,92,False,False,erratic_payer
INV10001666,B010,B010-C1063,Pharma Client 063,Pharma & Healthcare,15,79558.12,2024-10-22,2024-11-06,closed,2024-11-25,34,19,False,False,erratic_payer
INV10001667,B010,B010-C1063,Pharma Client 063,Pharma & Healthcare,15,132762.43,2024-11-21,2024-12-06,closed,2025-02-03,74,59,False,False,erratic_payer
INV10001668,B010,B010-C1063,Pharma Client 063,Pharma & Healthcare,15,651264.19,2024-12-26,2025-01-10,closed,2025-01-13,18,3,False,True,erratic_payer
INV10001669,B010,B010-C1063,Pharma Client 063,Pharma & Healthcare,15,226012.11,2025-02-11,2025-02-26,closed,2025-03-08,25,10,False,False,erratic_payer
INV10001670,B010,B010-C1063,Pharma Client 063,Pharma & Healthcare,15,78810.76,2025-05-15,2025-05-30,closed,2025-06-15,31,16,False,False,erratic_payer
INV10001671,B010,B010-C1063,Pharma Client 063,Pharma & Healthcare,15,178532.27,2025-05-31,2025-06-15,closed,2025-06-29,29,14,False,False,erratic_payer
INV10001672,B010,B010-C1063,Pharma Client 063,Pharma & Healthcare,15,139199.48,2025-06-14,2025-06-29,closed,2025-07-23,39,24,False,False,erratic_payer
INV10001673,B010,B010-C1063,Pharma Client 063,Pharma & Healthcare,15,140358.27,2025-07-05,2025-07-20,closed,2025-07-17,12,-3,False,False,erratic_payer
INV10001674,B010,B010-C1063,Pharma Client 063,Pharma & Healthcare,15,153888.43,2025-08-16,2025-08-31,closed,2025-09-09,24,9,False,False,erratic_payer
INV10001675,B010,B010-C1063,Pharma Client 063,Pharma & Healthcare,15,93252.23,2025-10-19,2025-11-03,closed,2025-11-14,26,11,False,False,erratic_payer
INV10001676,B010,B010-C1063,Pharma Client 063,Pharma & Healthcare,15,139829.85,2025-11-16,2025-12-01,closed,2025-12-05,19,4,False,False,erratic_payer
INV10001677,B010,B010-C1063,Pharma Client 063,Pharma & Healthcare,15,210783.06,2025-12-26,2026-01-10,closed,2026-01-17,22,7,False,False,erratic_payer
INV10001678,B010,B010-C1063,Pharma Client 063,Pharma & Healthcare,15,116132.14,2026-03-22,2026-04-06,closed,2026-04-06,15,0,False,False,erratic_payer
INV10001679,B010,B010-C1063,Pharma Client 063,Pharma & Healthcare,15,186939.55,2026-04-06,2026-04-21,closed,2026-04-20,14,-1,False,False,erratic_payer
INV10001680,B010,B010-C1063,Pharma Client 063,Pharma & Healthcare,15,384005.44,2026-05-05,2026-05-20,closed,2026-05-26,21,6,False,True,erratic_payer
INV10001681,B010,B010-C1063,Pharma Client 063,Pharma & Healthcare,15,96814.44,2026-06-06,2026-06-21,disputed_open,,,,False,False,erratic_payer
INV10001682,B010,B010-C1063,Pharma Client 063,Pharma & Healthcare,15,156808.69,2026-06-18,2026-07-03,disputed_open,,,,False,False,erratic_payer
INV10001683,B010,B010-C1063,Pharma Client 063,Pharma & Healthcare,15,148597.21,2026-06-22,2026-07-07,closed,2026-07-12,20,5,False,False,erratic_payer
INV10001684,B010,B010-C1063,Pharma Client 063,Pharma & Healthcare,15,105958.02,2026-07-06,2026-07-21,closed,2026-07-28,22,7,False,False,erratic_payer
INV10001685,B010,B010-C1063,Pharma Client 063,Pharma & Healthcare,15,218269.34,2026-08-12,2026-08-27,open,,,,False,False,erratic_payer
INV10001686,B010,B010-C1063,Pharma Client 063,Pharma & Healthcare,15,97182.69,2026-08-31,2026-09-15,open,,,,False,False,erratic_payer
INV10001687,B010,B010-C1064,Auto Client 064,Auto Components,45,25969.65,2024-03-21,2024-05-05,closed,2024-05-18,58,13,False,False,average_payer
INV10001688,B010,B010-C1064,Auto Client 064,Auto Components,45,22807.36,2024-04-29,2024-06-13,closed,2024-06-11,43,-2,True,False,average_payer
INV10001689,B010,B010-C1064,Auto Client 064,Auto Components,45,24417.58,2024-08-05,2024-09-19,closed,2024-10-09,65,20,False,False,average_payer
INV10001690,B010,B010-C1064,Auto Client 064,Auto Components,45,23267.58,2025-05-08,2025-06-22,closed,2025-06-29,52,7,False,False,average_payer
INV10001691,B010,B010-C1064,Auto Client 064,Auto Components,45,31103.86,2026-06-04,2026-07-19,closed,2026-07-21,47,2,False,False,average_payer
INV10001692,B010,B010-C1065,Retail Client 065,Retail & Distribution,90,32082.85,2024-05-18,2024-08-16,closed,2024-08-29,103,13,False,False,deteriorating_payer
INV10001693,B010,B010-C1065,Retail Client 065,Retail & Distribution,90,13449.54,2024-06-12,2024-09-10,closed,2024-09-17,97,7,False,False,deteriorating_payer
INV10001694,B010,B010-C1065,Retail Client 065,Retail & Distribution,90,17313.4,2024-07-26,2024-10-24,closed,2024-11-01,98,8,False,False,deteriorating_payer
INV10001695,B010,B010-C1065,Retail Client 065,Retail & Distribution,90,20823.76,2024-10-31,2025-01-29,closed,2025-02-11,103,13,False,False,deteriorating_payer
INV10001696,B010,B010-C1065,Retail Client 065,Retail & Distribution,90,26833.14,2025-02-05,2025-05-06,closed,2025-05-17,101,11,False,False,deteriorating_payer
INV10001697,B010,B010-C1065,Retail Client 065,Retail & Distribution,90,25494.13,2025-04-28,2025-07-27,closed,2025-09-15,140,50,False,False,deteriorating_payer
INV10001698,B010,B010-C1065,Retail Client 065,Retail & Distribution,90,19791.56,2025-07-22,2025-10-20,closed,2025-11-09,110,20,False,False,deteriorating_payer
INV10001699,B010,B010-C1065,Retail Client 065,Retail & Distribution,90,25880.58,2025-11-08,2026-02-06,closed,2026-03-04,116,26,False,False,deteriorating_payer
INV10001700,B010,B010-C1065,Retail Client 065,Retail & Distribution,90,17132.73,2026-07-19,2026-10-17,open,,,,False,False,deteriorating_payer
INV10001701,B010,B010-C1066,Pharma Client 066,Pharma & Healthcare,15,168545.85,2024-10-10,2024-10-25,closed,2024-11-07,28,13,False,False,cold_start
INV10001702,B010,B010-C1066,Pharma Client 066,Pharma & Healthcare,15,386673.99,2025-10-25,2025-11-09,closed,2025-11-13,19,4,False,True,cold_start
INV10001703,B010,B010-C1066,Pharma Client 066,Pharma & Healthcare,15,122821.37,2026-01-07,2026-01-22,closed,2026-02-04,28,13,False,False,cold_start
INV10001704,B010,B010-C1067,Retail Client 067,Retail & Distribution,30,464556.69,2024-03-20,2024-04-19,closed,2024-04-24,35,5,False,False,average_payer
INV10001705,B010,B010-C1067,Retail Client 067,Retail & Distribution,30,336529.41,2024-03-26,2024-04-25,closed,2024-04-28,33,3,False,False,average_payer
INV10001706,B010,B010-C1067,Retail Client 067,Retail & Distribution,30,365430.41,2024-07-22,2024-08-21,closed,2024-08-21,30,0,False,False,average_payer
INV10001707,B010,B010-C1067,Retail Client 067,Retail & Distribution,30,644908.13,2024-08-10,2024-09-09,closed,2024-09-12,33,3,False,False,average_payer
INV10001708,B010,B010-C1067,Retail Client 067,Retail & Distribution,30,366402.88,2024-08-23,2024-09-22,closed,2024-09-22,30,0,False,False,average_payer
INV10001709,B010,B010-C1067,Retail Client 067,Retail & Distribution,30,359123.93,2024-11-28,2024-12-28,closed,2025-01-01,34,4,False,False,average_payer
INV10001710,B010,B010-C1067,Retail Client 067,Retail & Distribution,30,560672.01,2025-01-24,2025-02-23,closed,2025-02-28,35,5,False,False,average_payer
INV10001711,B010,B010-C1067,Retail Client 067,Retail & Distribution,30,424410.52,2025-03-10,2025-04-09,closed,2025-04-02,23,-7,False,False,average_payer
INV10001712,B010,B010-C1067,Retail Client 067,Retail & Distribution,30,470085.27,2025-03-28,2025-04-27,closed,2025-05-03,36,6,False,False,average_payer
INV10001713,B010,B010-C1067,Retail Client 067,Retail & Distribution,30,471059.6,2025-07-03,2025-08-02,closed,2025-08-13,41,11,False,False,average_payer
INV10001714,B010,B010-C1067,Retail Client 067,Retail & Distribution,30,3100392.65,2025-08-11,2025-09-10,closed,2025-09-07,27,-3,False,True,average_payer
INV10001715,B010,B010-C1067,Retail Client 067,Retail & Distribution,30,451778.72,2025-08-31,2025-09-30,closed,2025-10-06,36,6,False,False,average_payer
INV10001716,B010,B010-C1067,Retail Client 067,Retail & Distribution,30,324956.98,2025-09-05,2025-10-05,closed,2025-10-11,36,6,False,False,average_payer
INV10001717,B010,B010-C1067,Retail Client 067,Retail & Distribution,30,401592.39,2025-12-11,2026-01-10,closed,2026-01-26,46,16,False,False,average_payer
INV10001718,B010,B010-C1067,Retail Client 067,Retail & Distribution,30,428702.19,2026-01-23,2026-02-22,closed,2026-02-28,36,6,False,False,average_payer
INV10001719,B010,B010-C1067,Retail Client 067,Retail & Distribution,30,237288.9,2026-03-17,2026-04-16,closed,2026-04-16,30,0,False,False,average_payer
INV10001720,B010,B010-C1067,Retail Client 067,Retail & Distribution,30,247181.44,2026-04-09,2026-05-09,closed,2026-06-02,54,24,False,False,average_payer
INV10001721,B010,B010-C1067,Retail Client 067,Retail & Distribution,30,309720.87,2026-04-22,2026-05-22,closed,2026-05-29,37,7,False,False,average_payer
INV10001722,B010,B010-C1067,Retail Client 067,Retail & Distribution,30,353659.8,2026-06-15,2026-07-15,closed,2026-07-24,39,9,False,False,average_payer
INV10001723,B010,B010-C1067,Retail Client 067,Retail & Distribution,30,261191.61,2026-07-01,2026-07-31,closed,2026-07-24,23,-7,False,False,average_payer
INV10001724,B010,B010-C1067,Retail Client 067,Retail & Distribution,30,348553.22,2026-08-01,2026-08-31,open,,,,False,False,average_payer
INV10001725,B010,B010-C1068,Retail Client 068,Retail & Distribution,45,570842.46,2024-04-01,2024-05-16,closed,2024-05-16,45,0,False,False,average_payer
INV10001726,B010,B010-C1068,Retail Client 068,Retail & Distribution,45,286562.16,2024-05-06,2024-06-20,closed,2024-06-23,48,3,False,False,average_payer
INV10001727,B010,B010-C1068,Retail Client 068,Retail & Distribution,45,308131.76,2024-05-20,2024-07-04,closed,2024-07-14,55,10,True,False,average_payer
INV10001728,B010,B010-C1068,Retail Client 068,Retail & Distribution,45,314166.63,2024-06-20,2024-08-04,open,,,,False,False,average_payer
INV10001729,B010,B010-C1068,Retail Client 068,Retail & Distribution,45,317309.82,2024-07-30,2024-09-13,closed,2024-09-29,61,16,False,False,average_payer
INV10001730,B010,B010-C1068,Retail Client 068,Retail & Distribution,45,329262.4,2024-08-27,2024-10-11,closed,2024-10-19,53,8,False,False,average_payer
INV10001731,B010,B010-C1068,Retail Client 068,Retail & Distribution,45,329476.18,2024-08-31,2024-10-15,closed,2024-10-08,38,-7,False,False,average_payer
INV10001732,B010,B010-C1068,Retail Client 068,Retail & Distribution,45,246376.84,2024-09-04,2024-10-19,closed,2024-10-29,55,10,False,False,average_payer
INV10001733,B010,B010-C1068,Retail Client 068,Retail & Distribution,45,298976.3,2024-10-07,2024-11-21,closed,2024-11-24,48,3,False,False,average_payer
INV10001734,B010,B010-C1068,Retail Client 068,Retail & Distribution,45,197764.08,2024-10-07,2024-11-21,closed,2024-11-28,52,7,False,False,average_payer
INV10001735,B010,B010-C1068,Retail Client 068,Retail & Distribution,45,279278.07,2024-12-28,2025-02-11,closed,2025-03-03,65,20,False,False,average_payer
INV10001736,B010,B010-C1068,Retail Client 068,Retail & Distribution,45,518048.97,2025-01-13,2025-02-27,closed,2025-03-07,53,8,False,False,average_payer
INV10001737,B010,B010-C1068,Retail Client 068,Retail & Distribution,45,463287.74,2025-05-03,2025-06-17,closed,2025-06-15,43,-2,False,False,average_payer
INV10001738,B010,B010-C1068,Retail Client 068,Retail & Distribution,45,495798.17,2025-05-05,2025-06-19,closed,2025-06-13,39,-6,False,False,average_payer
INV10001739,B010,B010-C1068,Retail Client 068,Retail & Distribution,45,252480.02,2025-06-01,2025-07-16,closed,2025-07-17,46,1,False,False,average_payer
INV10001740,B010,B010-C1068,Retail Client 068,Retail & Distribution,45,487087.2,2025-06-21,2025-08-05,closed,2025-08-05,45,0,False,False,average_payer
INV10001741,B010,B010-C1068,Retail Client 068,Retail & Distribution,45,288266.83,2025-06-29,2025-08-13,closed,2025-08-19,51,6,False,False,average_payer
INV10001742,B010,B010-C1068,Retail Client 068,Retail & Distribution,45,351575.26,2025-07-27,2025-09-10,closed,2025-09-10,45,0,False,False,average_payer
INV10001743,B010,B010-C1068,Retail Client 068,Retail & Distribution,45,326792.52,2025-08-06,2025-09-20,closed,2025-09-22,47,2,False,False,average_payer
INV10001744,B010,B010-C1068,Retail Client 068,Retail & Distribution,45,358662.94,2025-08-14,2025-09-28,closed,2025-10-04,51,6,False,False,average_payer
INV10001745,B010,B010-C1068,Retail Client 068,Retail & Distribution,45,393954.33,2025-08-14,2025-09-28,closed,2025-10-21,68,23,False,False,average_payer
INV10001746,B010,B010-C1068,Retail Client 068,Retail & Distribution,45,580512.88,2025-08-20,2025-10-04,closed,2025-10-20,61,16,False,False,average_payer
INV10001747,B010,B010-C1068,Retail Client 068,Retail & Distribution,45,242577.73,2025-09-19,2025-11-03,closed,2025-11-05,47,2,False,False,average_payer
INV10001748,B010,B010-C1068,Retail Client 068,Retail & Distribution,45,559883.92,2025-11-14,2025-12-29,closed,2025-12-29,45,0,False,False,average_payer
INV10001749,B010,B010-C1068,Retail Client 068,Retail & Distribution,45,343564.55,2025-11-24,2026-01-08,closed,2026-01-10,47,2,False,False,average_payer
INV10001750,B010,B010-C1068,Retail Client 068,Retail & Distribution,45,317253.53,2026-05-14,2026-06-28,closed,2026-07-04,51,6,False,False,average_payer
INV10001751,B010,B010-C1068,Retail Client 068,Retail & Distribution,45,320897.93,2026-07-20,2026-09-03,disputed_open,,,,False,False,average_payer
INV10001752,B010,B010-C1068,Retail Client 068,Retail & Distribution,45,227736.47,2026-07-27,2026-09-10,open,,,,False,False,average_payer
INV10001753,B010,B010-C1068,Retail Client 068,Retail & Distribution,45,230153.13,2026-08-09,2026-09-23,open,,,,False,False,average_payer
INV10001754,B010,B010-C1069,Auto Client 069,Auto Components,30,110341.91,2024-05-08,2024-06-07,closed,2024-07-07,60,30,False,True,chronic_late_payer
INV10001755,B010,B010-C1069,Auto Client 069,Auto Components,30,25436.81,2024-05-24,2024-06-23,closed,2024-07-15,52,22,False,False,chronic_late_payer
INV10001756,B010,B010-C1069,Auto Client 069,Auto Components,30,25585.62,2024-06-11,2024-07-11,closed,2024-08-02,52,22,False,False,chronic_late_payer
INV10001757,B010,B010-C1069,Auto Client 069,Auto Components,30,25732.07,2024-07-24,2024-08-23,closed,2024-09-19,57,27,False,False,chronic_late_payer
INV10001758,B010,B010-C1069,Auto Client 069,Auto Components,30,33454.26,2024-07-25,2024-08-24,closed,2024-09-24,61,31,False,False,chronic_late_payer
INV10001759,B010,B010-C1069,Auto Client 069,Auto Components,30,38311.66,2024-11-18,2024-12-18,closed,2025-01-22,65,35,False,False,chronic_late_payer
INV10001760,B010,B010-C1069,Auto Client 069,Auto Components,30,75605.01,2024-11-20,2024-12-20,closed,2025-01-24,65,35,False,False,chronic_late_payer
INV10001761,B010,B010-C1069,Auto Client 069,Auto Components,30,62787.35,2024-12-22,2025-01-21,closed,2025-02-19,59,29,False,False,chronic_late_payer
INV10001762,B010,B010-C1069,Auto Client 069,Auto Components,30,37311.13,2024-12-30,2025-01-29,closed,2025-02-12,44,14,False,False,chronic_late_payer
INV10001763,B010,B010-C1069,Auto Client 069,Auto Components,30,32477.72,2025-04-02,2025-05-02,closed,2025-06-19,78,48,False,False,chronic_late_payer
INV10001764,B010,B010-C1069,Auto Client 069,Auto Components,30,16293.88,2025-04-18,2025-05-18,closed,2025-06-30,73,43,False,False,chronic_late_payer
INV10001765,B010,B010-C1069,Auto Client 069,Auto Components,30,33143.49,2025-06-02,2025-07-02,closed,2025-08-08,67,37,False,False,chronic_late_payer
INV10001766,B010,B010-C1069,Auto Client 069,Auto Components,30,31670.89,2025-06-12,2025-07-12,closed,2025-08-14,63,33,False,False,chronic_late_payer
INV10001767,B010,B010-C1069,Auto Client 069,Auto Components,30,47031.81,2025-07-03,2025-08-02,open,,,,False,False,chronic_late_payer
INV10001768,B010,B010-C1069,Auto Client 069,Auto Components,30,20123.35,2025-07-16,2025-08-15,closed,2025-10-03,79,49,False,False,chronic_late_payer
INV10001769,B010,B010-C1069,Auto Client 069,Auto Components,30,85735.14,2025-07-31,2025-08-30,closed,2025-09-28,59,29,False,True,chronic_late_payer
INV10001770,B010,B010-C1069,Auto Client 069,Auto Components,30,61708.02,2025-08-24,2025-09-23,closed,2025-11-08,76,46,True,False,chronic_late_payer
INV10001771,B010,B010-C1069,Auto Client 069,Auto Components,30,42185.43,2025-09-06,2025-10-06,closed,2025-11-24,79,49,False,False,chronic_late_payer
INV10001772,B010,B010-C1069,Auto Client 069,Auto Components,30,38245.18,2025-11-28,2025-12-28,closed,2026-01-27,60,30,False,False,chronic_late_payer
INV10001773,B010,B010-C1069,Auto Client 069,Auto Components,30,26720.37,2025-12-31,2026-01-30,closed,2026-03-06,65,35,False,False,chronic_late_payer
INV10001774,B010,B010-C1069,Auto Client 069,Auto Components,30,37391.36,2026-01-20,2026-02-19,closed,2026-04-04,74,44,False,False,chronic_late_payer
INV10001775,B010,B010-C1069,Auto Client 069,Auto Components,30,25664.1,2026-01-21,2026-02-20,closed,2026-03-23,61,31,False,False,chronic_late_payer
INV10001776,B010,B010-C1069,Auto Client 069,Auto Components,30,113377.38,2026-01-22,2026-02-21,closed,2026-03-15,52,22,False,True,chronic_late_payer
INV10001777,B010,B010-C1069,Auto Client 069,Auto Components,30,34336.43,2026-03-04,2026-04-03,closed,2026-05-15,72,42,False,False,chronic_late_payer
INV10001778,B010,B010-C1069,Auto Client 069,Auto Components,30,50160.7,2026-06-21,2026-07-21,closed,2026-08-04,44,14,False,False,chronic_late_payer
INV10001779,B010,B010-C1069,Auto Client 069,Auto Components,30,32105.07,2026-07-17,2026-08-16,disputed_open,,,,False,False,chronic_late_payer
INV10001780,B010,B010-C1069,Auto Client 069,Auto Components,30,31672.24,2026-08-05,2026-09-04,open,,,,False,False,chronic_late_payer
INV10001781,B010,B010-C1069,Auto Client 069,Auto Components,30,39960.57,2026-08-18,2026-09-17,open,,,,False,False,chronic_late_payer
INV10001782,B010,B010-C1070,Auto Client 070,Auto Components,45,25103.28,2024-04-16,2024-05-31,closed,2024-05-25,39,-6,False,False,prompt_payer
INV10001783,B010,B010-C1070,Auto Client 070,Auto Components,45,35903.87,2024-05-03,2024-06-17,closed,2024-06-15,43,-2,False,False,prompt_payer
INV10001784,B010,B010-C1070,Auto Client 070,Auto Components,45,197593.31,2024-05-04,2024-06-18,closed,2024-06-12,39,-6,False,True,prompt_payer
INV10001785,B010,B010-C1070,Auto Client 070,Auto Components,45,39858.79,2024-05-09,2024-06-23,closed,2024-06-21,43,-2,False,False,prompt_payer
INV10001786,B010,B010-C1070,Auto Client 070,Auto Components,45,35814.28,2024-05-15,2024-06-29,closed,2024-06-29,45,0,False,False,prompt_payer
INV10001787,B010,B010-C1070,Auto Client 070,Auto Components,45,35937.81,2024-06-02,2024-07-17,closed,2024-07-21,49,4,False,False,prompt_payer
INV10001788,B010,B010-C1070,Auto Client 070,Auto Components,45,24959.6,2024-06-09,2024-07-24,closed,2024-07-23,44,-1,False,False,prompt_payer
INV10001789,B010,B010-C1070,Auto Client 070,Auto Components,45,21126.57,2024-06-15,2024-07-30,closed,2024-07-26,41,-4,False,False,prompt_payer
INV10001790,B010,B010-C1070,Auto Client 070,Auto Components,45,27174.12,2024-09-18,2024-11-02,closed,2024-11-03,46,1,False,False,prompt_payer
INV10001791,B010,B010-C1070,Auto Client 070,Auto Components,45,24122.86,2024-10-01,2024-11-15,closed,2024-11-15,45,0,False,False,prompt_payer
INV10001792,B010,B010-C1070,Auto Client 070,Auto Components,45,20936.42,2024-10-03,2024-11-17,closed,2024-11-10,38,-7,False,False,prompt_payer
INV10001793,B010,B010-C1070,Auto Client 070,Auto Components,45,28832.16,2024-10-12,2024-11-26,closed,2024-11-30,49,4,False,False,prompt_payer
INV10001794,B010,B010-C1070,Auto Client 070,Auto Components,45,25486.78,2025-01-02,2025-02-16,closed,2025-02-12,41,-4,False,False,prompt_payer
INV10001795,B010,B010-C1070,Auto Client 070,Auto Components,45,20195.31,2025-02-26,2025-04-12,closed,2025-04-05,38,-7,False,False,prompt_payer
INV10001796,B010,B010-C1070,Auto Client 070,Auto Components,45,36296.77,2025-04-28,2025-06-12,closed,2025-06-07,40,-5,True,False,prompt_payer
INV10001797,B010,B010-C1070,Auto Client 070,Auto Components,45,20767.88,2025-06-03,2025-07-18,closed,2025-07-23,50,5,False,False,prompt_payer
INV10001798,B010,B010-C1070,Auto Client 070,Auto Components,45,20071.49,2025-06-09,2025-07-24,closed,2025-07-25,46,1,False,False,prompt_payer
INV10001799,B010,B010-C1070,Auto Client 070,Auto Components,45,15183.0,2025-06-13,2025-07-28,closed,2025-07-28,45,0,False,False,prompt_payer
INV10001800,B010,B010-C1070,Auto Client 070,Auto Components,45,26430.26,2025-08-20,2025-10-04,closed,2025-10-07,48,3,False,False,prompt_payer
INV10001801,B010,B010-C1070,Auto Client 070,Auto Components,45,15378.58,2025-09-24,2025-11-08,open,,,,False,False,prompt_payer
INV10001802,B010,B010-C1070,Auto Client 070,Auto Components,45,27568.44,2025-11-07,2025-12-22,closed,2025-12-25,48,3,False,False,prompt_payer
INV10001803,B010,B010-C1070,Auto Client 070,Auto Components,45,27123.64,2025-11-13,2025-12-28,closed,2025-12-21,38,-7,False,False,prompt_payer
INV10001804,B010,B010-C1070,Auto Client 070,Auto Components,45,29218.84,2025-11-24,2026-01-08,closed,2026-01-05,42,-3,False,False,prompt_payer
INV10001805,B010,B010-C1070,Auto Client 070,Auto Components,45,25205.07,2026-01-22,2026-03-08,closed,2026-03-08,45,0,False,False,prompt_payer
INV10001806,B010,B010-C1070,Auto Client 070,Auto Components,45,24897.99,2026-03-20,2026-05-04,closed,2026-05-08,49,4,False,False,prompt_payer
INV10001807,B010,B010-C1070,Auto Client 070,Auto Components,45,16024.45,2026-04-25,2026-06-09,closed,2026-06-07,43,-2,False,False,prompt_payer
INV10001808,B010,B010-C1070,Auto Client 070,Auto Components,45,47555.42,2026-05-30,2026-07-14,closed,2026-07-16,47,2,False,False,prompt_payer
INV10001809,B010,B010-C1070,Auto Client 070,Auto Components,45,28796.02,2026-06-12,2026-07-27,closed,2026-08-02,51,6,False,False,prompt_payer
INV10001810,B010,B010-C1070,Auto Client 070,Auto Components,45,30487.09,2026-06-17,2026-08-01,closed,2026-07-30,43,-2,False,False,prompt_payer
INV10001811,B010,B010-C1070,Auto Client 070,Auto Components,45,21384.01,2026-06-18,2026-08-02,closed,2026-08-07,50,5,False,False,prompt_payer
INV10001812,B010,B010-C1070,Auto Client 070,Auto Components,45,25673.72,2026-08-10,2026-09-24,open,,,,False,False,prompt_payer
INV10001813,B010,B010-C1070,Auto Client 070,Auto Components,45,19029.36,2026-08-16,2026-09-30,open,,,,False,False,prompt_payer
INV10001814,B010,B010-C1071,Metal Client 071,Metal & Engineering,30,62924.06,2024-04-26,2024-05-26,closed,2024-05-30,34,4,False,False,average_payer
INV10001815,B010,B010-C1071,Metal Client 071,Metal & Engineering,30,76974.86,2024-05-27,2024-06-26,closed,2024-06-30,34,4,False,False,average_payer
INV10001816,B010,B010-C1071,Metal Client 071,Metal & Engineering,30,79814.46,2024-06-01,2024-07-01,closed,2024-06-26,25,-5,False,False,average_payer
INV10001817,B010,B010-C1071,Metal Client 071,Metal & Engineering,30,57259.94,2024-07-06,2024-08-05,closed,2024-08-14,39,9,True,False,average_payer
INV10001818,B010,B010-C1071,Metal Client 071,Metal & Engineering,30,127788.14,2024-07-06,2024-08-05,closed,2024-08-19,44,14,False,True,average_payer
INV10001819,B010,B010-C1071,Metal Client 071,Metal & Engineering,30,101898.78,2024-08-07,2024-09-06,closed,2024-09-12,36,6,False,False,average_payer
INV10001820,B010,B010-C1071,Metal Client 071,Metal & Engineering,30,41418.44,2024-09-30,2024-10-30,closed,2024-11-01,32,2,False,False,average_payer
INV10001821,B010,B010-C1071,Metal Client 071,Metal & Engineering,30,63904.32,2024-12-05,2025-01-04,closed,2025-01-03,29,-1,False,False,average_payer
INV10001822,B010,B010-C1071,Metal Client 071,Metal & Engineering,30,67773.63,2024-12-23,2025-01-22,closed,2025-01-29,37,7,False,False,average_payer
INV10001823,B010,B010-C1071,Metal Client 071,Metal & Engineering,30,56691.43,2024-12-29,2025-01-28,closed,2025-01-31,33,3,False,False,average_payer
INV10001824,B010,B010-C1071,Metal Client 071,Metal & Engineering,30,61438.93,2025-01-01,2025-01-31,closed,2025-02-06,36,6,False,False,average_payer
INV10001825,B010,B010-C1071,Metal Client 071,Metal & Engineering,30,88329.59,2025-03-18,2025-04-17,closed,2025-05-02,45,15,True,False,average_payer
INV10001826,B010,B010-C1071,Metal Client 071,Metal & Engineering,30,297955.13,2025-03-22,2025-04-21,closed,2025-04-23,32,2,False,True,average_payer
INV10001827,B010,B010-C1071,Metal Client 071,Metal & Engineering,30,62060.66,2025-04-21,2025-05-21,closed,2025-05-27,36,6,False,False,average_payer
INV10001828,B010,B010-C1071,Metal Client 071,Metal & Engineering,30,237653.38,2025-05-24,2025-06-23,closed,2025-07-03,40,10,False,True,average_payer
INV10001829,B010,B010-C1071,Metal Client 071,Metal & Engineering,30,60561.04,2025-06-05,2025-07-05,closed,2025-06-30,25,-5,False,False,average_payer
INV10001830,B010,B010-C1071,Metal Client 071,Metal & Engineering,30,76842.65,2025-07-12,2025-08-11,closed,2025-08-21,40,10,False,False,average_payer
INV10001831,B010,B010-C1071,Metal Client 071,Metal & Engineering,30,36568.64,2025-07-27,2025-08-26,closed,2025-08-22,26,-4,False,False,average_payer
INV10001832,B010,B010-C1071,Metal Client 071,Metal & Engineering,30,60052.24,2025-07-29,2025-08-28,closed,2025-09-15,48,18,False,False,average_payer
INV10001833,B010,B010-C1071,Metal Client 071,Metal & Engineering,30,49923.12,2025-08-20,2025-09-19,closed,2025-09-19,30,0,False,False,average_payer
INV10001834,B010,B010-C1071,Metal Client 071,Metal & Engineering,30,61945.1,2025-09-22,2025-10-22,closed,2025-11-02,41,11,False,False,average_payer
INV10001835,B010,B010-C1071,Metal Client 071,Metal & Engineering,30,39909.92,2025-10-06,2025-11-05,closed,2025-11-15,40,10,False,False,average_payer
INV10001836,B010,B010-C1071,Metal Client 071,Metal & Engineering,30,54641.98,2025-10-18,2025-11-17,closed,2025-11-22,35,5,False,False,average_payer
INV10001837,B010,B010-C1071,Metal Client 071,Metal & Engineering,30,67304.81,2025-12-06,2026-01-05,closed,2026-01-20,45,15,False,False,average_payer
INV10001838,B010,B010-C1071,Metal Client 071,Metal & Engineering,30,42435.45,2026-02-24,2026-03-26,closed,2026-03-19,23,-7,False,False,average_payer
INV10001839,B010,B010-C1071,Metal Client 071,Metal & Engineering,30,48873.01,2026-02-26,2026-03-28,closed,2026-04-01,34,4,False,False,average_payer
INV10001840,B010,B010-C1071,Metal Client 071,Metal & Engineering,30,34889.49,2026-04-03,2026-05-03,closed,2026-05-17,44,14,False,False,average_payer
INV10001841,B010,B010-C1071,Metal Client 071,Metal & Engineering,30,27175.46,2026-06-21,2026-07-21,closed,2026-07-27,36,6,False,False,average_payer
INV10001842,B010,B010-C1071,Metal Client 071,Metal & Engineering,30,91005.03,2026-06-24,2026-07-24,closed,2026-07-21,27,-3,False,False,average_payer
INV10001843,B010,B010-C1071,Metal Client 071,Metal & Engineering,30,108806.39,2026-06-27,2026-07-27,closed,2026-08-03,37,7,False,False,average_payer
INV10001844,B010,B010-C1071,Metal Client 071,Metal & Engineering,30,60922.17,2026-08-01,2026-08-31,open,,,,False,False,average_payer
INV10001845,B010,B010-C1072,Auto Client 072,Auto Components,30,29972.13,2024-03-18,2024-04-17,closed,2024-04-25,38,8,False,False,seasonal_payer
INV10001846,B010,B010-C1072,Auto Client 072,Auto Components,30,18417.03,2024-03-29,2024-04-28,closed,2024-05-10,42,12,False,False,seasonal_payer
INV10001847,B010,B010-C1072,Auto Client 072,Auto Components,30,19754.4,2024-04-20,2024-05-20,closed,2024-06-07,48,18,False,False,seasonal_payer
INV10001848,B010,B010-C1072,Auto Client 072,Auto Components,30,36704.62,2024-05-01,2024-05-31,closed,2024-06-16,46,16,False,False,seasonal_payer
INV10001849,B010,B010-C1072,Auto Client 072,Auto Components,30,36765.74,2024-05-02,2024-06-01,closed,2024-06-14,43,13,False,False,seasonal_payer
INV10001850,B010,B010-C1072,Auto Client 072,Auto Components,30,40352.73,2024-05-09,2024-06-08,closed,2024-06-19,41,11,False,False,seasonal_payer
INV10001851,B010,B010-C1072,Auto Client 072,Auto Components,30,26125.23,2024-05-09,2024-06-08,closed,2024-06-11,33,3,False,False,seasonal_payer
INV10001852,B010,B010-C1072,Auto Client 072,Auto Components,30,30294.09,2024-06-10,2024-07-10,closed,2024-07-31,51,21,False,False,seasonal_payer
INV10001853,B010,B010-C1072,Auto Client 072,Auto Components,30,20674.02,2024-07-20,2024-08-19,closed,2024-08-30,41,11,False,False,seasonal_payer
INV10001854,B010,B010-C1072,Auto Client 072,Auto Components,30,31303.56,2024-08-11,2024-09-10,closed,2024-09-13,33,3,False,False,seasonal_payer
INV10001855,B010,B010-C1072,Auto Client 072,Auto Components,30,21747.96,2024-09-26,2024-10-26,closed,2024-11-05,40,10,False,False,seasonal_payer
INV10001856,B010,B010-C1072,Auto Client 072,Auto Components,30,37314.3,2024-10-14,2024-11-13,closed,2024-11-19,36,6,False,False,seasonal_payer
INV10001857,B010,B010-C1072,Auto Client 072,Auto Components,30,19991.92,2024-11-06,2024-12-06,closed,2024-12-13,37,7,True,False,seasonal_payer
INV10001858,B010,B010-C1072,Auto Client 072,Auto Components,30,19386.52,2024-11-27,2024-12-27,closed,2024-12-30,33,3,False,False,seasonal_payer
INV10001859,B010,B010-C1072,Auto Client 072,Auto Components,30,33623.64,2024-12-03,2025-01-02,closed,2025-01-02,30,0,False,False,seasonal_payer
INV10001860,B010,B010-C1072,Auto Client 072,Auto Components,30,22029.64,2024-12-10,2025-01-09,closed,2025-01-24,45,15,False,False,seasonal_payer
INV10001861,B010,B010-C1072,Auto Client 072,Auto Components,30,13854.26,2024-12-16,2025-01-15,closed,2025-01-24,39,9,False,False,seasonal_payer
INV10001862,B010,B010-C1072,Auto Client 072,Auto Components,30,22431.84,2024-12-27,2025-01-26,closed,2025-02-10,45,15,False,False,seasonal_payer
INV10001863,B010,B010-C1072,Auto Client 072,Auto Components,30,43896.96,2025-01-08,2025-02-07,closed,2025-02-14,37,7,False,False,seasonal_payer
INV10001864,B010,B010-C1072,Auto Client 072,Auto Components,30,21438.54,2025-01-13,2025-02-12,closed,2025-02-21,39,9,False,False,seasonal_payer
INV10001865,B010,B010-C1072,Auto Client 072,Auto Components,30,28122.32,2025-01-24,2025-02-23,closed,2025-03-02,37,7,False,False,seasonal_payer
INV10001866,B010,B010-C1072,Auto Client 072,Auto Components,30,9705.41,2025-02-06,2025-03-08,closed,2025-03-17,39,9,False,False,seasonal_payer
INV10001867,B010,B010-C1072,Auto Client 072,Auto Components,30,30300.14,2025-02-10,2025-03-12,closed,2025-03-21,39,9,False,False,seasonal_payer
INV10001868,B010,B010-C1072,Auto Client 072,Auto Components,30,28117.83,2025-03-25,2025-04-24,closed,2025-04-29,35,5,False,False,seasonal_payer
INV10001869,B010,B010-C1072,Auto Client 072,Auto Components,30,25026.39,2025-04-06,2025-05-06,closed,2025-05-31,55,25,False,False,seasonal_payer
INV10001870,B010,B010-C1072,Auto Client 072,Auto Components,30,27915.76,2025-05-07,2025-06-06,closed,2025-06-24,48,18,False,False,seasonal_payer
INV10001871,B010,B010-C1072,Auto Client 072,Auto Components,30,21102.62,2025-05-10,2025-06-09,closed,2025-06-18,39,9,False,False,seasonal_payer
INV10001872,B010,B010-C1072,Auto Client 072,Auto Components,30,40226.96,2025-07-12,2025-08-11,closed,2025-09-06,56,26,False,False,seasonal_payer
INV10001873,B010,B010-C1072,Auto Client 072,Auto Components,30,18142.41,2025-08-08,2025-09-07,closed,2025-09-19,42,12,False,False,seasonal_payer
INV10001874,B010,B010-C1072,Auto Client 072,Auto Components,30,42731.63,2025-08-15,2025-09-14,closed,2025-09-21,37,7,False,False,seasonal_payer
INV10001875,B010,B010-C1072,Auto Client 072,Auto Components,30,36142.12,2025-08-30,2025-09-29,closed,2025-09-30,31,1,False,False,seasonal_payer
INV10001876,B010,B010-C1072,Auto Client 072,Auto Components,30,25052.64,2025-09-01,2025-10-01,closed,2025-09-25,24,-6,False,False,seasonal_payer
INV10001877,B010,B010-C1072,Auto Client 072,Auto Components,30,42158.34,2025-10-18,2025-11-17,closed,2025-11-20,33,3,False,False,seasonal_payer
INV10001878,B010,B010-C1072,Auto Client 072,Auto Components,30,30293.37,2025-11-26,2025-12-26,closed,2025-12-25,29,-1,False,False,seasonal_payer
INV10001879,B010,B010-C1072,Auto Client 072,Auto Components,30,18072.77,2025-11-27,2025-12-27,closed,2025-12-28,31,1,False,False,seasonal_payer
INV10001880,B010,B010-C1072,Auto Client 072,Auto Components,30,70228.94,2025-12-15,2026-01-14,closed,2026-01-22,38,8,False,True,seasonal_payer
INV10001881,B010,B010-C1072,Auto Client 072,Auto Components,30,26202.01,2025-12-24,2026-01-23,closed,2026-01-25,32,2,False,False,seasonal_payer
INV10001882,B010,B010-C1072,Auto Client 072,Auto Components,30,34381.21,2026-01-08,2026-02-07,closed,2026-02-13,36,6,False,False,seasonal_payer
INV10001883,B010,B010-C1072,Auto Client 072,Auto Components,30,17382.96,2026-01-20,2026-02-19,closed,2026-02-28,39,9,False,False,seasonal_payer
INV10001884,B010,B010-C1072,Auto Client 072,Auto Components,30,26332.65,2026-01-21,2026-02-20,closed,2026-03-02,40,10,False,False,seasonal_payer
INV10001885,B010,B010-C1072,Auto Client 072,Auto Components,30,16148.43,2026-02-09,2026-03-11,closed,2026-03-11,30,0,False,False,seasonal_payer
INV10001886,B010,B010-C1072,Auto Client 072,Auto Components,30,18643.91,2026-02-18,2026-03-20,closed,2026-03-26,36,6,False,False,seasonal_payer
INV10001887,B010,B010-C1072,Auto Client 072,Auto Components,30,19657.31,2026-02-28,2026-03-30,closed,2026-04-02,33,3,False,False,seasonal_payer
INV10001888,B010,B010-C1072,Auto Client 072,Auto Components,30,22036.61,2026-03-03,2026-04-02,closed,2026-04-13,41,11,False,False,seasonal_payer
INV10001889,B010,B010-C1072,Auto Client 072,Auto Components,30,35580.31,2026-03-22,2026-04-21,closed,2026-05-01,40,10,False,False,seasonal_payer
INV10001890,B010,B010-C1072,Auto Client 072,Auto Components,30,36620.27,2026-05-06,2026-06-05,closed,2026-06-29,54,24,False,False,seasonal_payer
INV10001891,B010,B010-C1072,Auto Client 072,Auto Components,30,34265.49,2026-05-28,2026-06-27,closed,2026-07-14,47,17,False,False,seasonal_payer
INV10001892,B010,B010-C1072,Auto Client 072,Auto Components,30,23296.17,2026-06-06,2026-07-06,closed,2026-07-19,43,13,False,False,seasonal_payer
INV10001893,B010,B010-C1072,Auto Client 072,Auto Components,30,25127.19,2026-06-06,2026-07-06,closed,2026-07-27,51,21,True,False,seasonal_payer
INV10001894,B010,B010-C1072,Auto Client 072,Auto Components,30,51436.9,2026-06-17,2026-07-17,closed,2026-07-28,41,11,False,False,seasonal_payer
INV10001895,B010,B010-C1072,Auto Client 072,Auto Components,30,21466.39,2026-07-02,2026-08-01,disputed_open,,,,False,False,seasonal_payer
INV10001896,B010,B010-C1072,Auto Client 072,Auto Components,30,19549.56,2026-08-11,2026-09-10,open,,,,False,False,seasonal_payer
INV10001897,B010,B010-C1072,Auto Client 072,Auto Components,30,97670.59,2026-08-16,2026-09-15,disputed_open,,,,False,True,seasonal_payer
INV10001898,B010,B010-C1072,Auto Client 072,Auto Components,30,34174.88,2026-08-22,2026-09-21,open,,,,False,False,seasonal_payer
INV10001899,B010,B010-C1073,Retail Client 073,Retail & Distribution,30,98125.87,2024-09-07,2024-10-07,closed,2024-10-08,31,1,False,False,prompt_payer
INV10001900,B010,B010-C1073,Retail Client 073,Retail & Distribution,30,181172.65,2025-01-04,2025-02-03,closed,2025-01-31,27,-3,False,False,prompt_payer
INV10001901,B010,B010-C1073,Retail Client 073,Retail & Distribution,30,85967.12,2025-01-26,2025-02-25,closed,2025-02-26,31,1,False,False,prompt_payer
INV10001902,B010,B010-C1073,Retail Client 073,Retail & Distribution,30,79004.97,2025-04-20,2025-05-20,closed,2025-05-20,30,0,False,False,prompt_payer
INV10001903,B010,B010-C1073,Retail Client 073,Retail & Distribution,30,115821.64,2025-07-25,2025-08-24,closed,2025-08-26,32,2,False,False,prompt_payer
INV10001904,B010,B010-C1074,Textiles Client 074,Textiles & Apparel,30,42756.65,2024-03-19,2024-04-18,closed,2024-05-19,61,31,False,False,improving_payer
INV10001905,B010,B010-C1074,Textiles Client 074,Textiles & Apparel,30,63330.33,2024-04-04,2024-05-04,closed,2024-06-14,71,41,False,False,improving_payer
INV10001906,B010,B010-C1074,Textiles Client 074,Textiles & Apparel,30,68215.61,2024-04-07,2024-05-07,closed,2024-06-12,66,36,False,False,improving_payer
INV10001907,B010,B010-C1074,Textiles Client 074,Textiles & Apparel,30,50440.12,2024-04-18,2024-05-18,closed,2024-06-15,58,28,False,False,improving_payer
INV10001908,B010,B010-C1074,Textiles Client 074,Textiles & Apparel,30,58753.7,2024-04-23,2024-05-23,closed,2024-06-19,57,27,False,False,improving_payer
INV10001909,B010,B010-C1074,Textiles Client 074,Textiles & Apparel,30,58071.84,2024-06-15,2024-07-15,closed,2024-08-10,56,26,False,False,improving_payer
INV10001910,B010,B010-C1074,Textiles Client 074,Textiles & Apparel,30,87443.36,2024-06-25,2024-07-25,closed,2024-08-22,58,28,False,False,improving_payer
INV10001911,B010,B010-C1074,Textiles Client 074,Textiles & Apparel,30,129106.09,2024-07-29,2024-08-28,closed,2024-10-01,64,34,False,False,improving_payer
INV10001912,B010,B010-C1074,Textiles Client 074,Textiles & Apparel,30,81607.24,2024-09-30,2024-10-30,closed,2024-11-21,52,22,False,False,improving_payer
INV10001913,B010,B010-C1074,Textiles Client 074,Textiles & Apparel,30,74979.77,2024-10-23,2024-11-22,closed,2024-12-20,58,28,False,False,improving_payer
INV10001914,B010,B010-C1074,Textiles Client 074,Textiles & Apparel,30,47061.16,2024-11-22,2024-12-22,closed,2025-02-11,81,51,False,False,improving_payer
INV10001915,B010,B010-C1074,Textiles Client 074,Textiles & Apparel,30,72244.65,2024-12-05,2025-01-04,closed,2025-01-31,57,27,False,False,improving_payer
INV10001916,B010,B010-C1074,Textiles Client 074,Textiles & Apparel,30,54924.58,2024-12-08,2025-01-07,closed,2025-01-23,46,16,False,False,improving_payer
INV10001917,B010,B010-C1074,Textiles Client 074,Textiles & Apparel,30,57891.53,2025-01-05,2025-02-04,closed,2025-03-06,60,30,False,False,improving_payer
INV10001918,B010,B010-C1074,Textiles Client 074,Textiles & Apparel,30,87089.53,2025-01-20,2025-02-19,closed,2025-03-16,55,25,False,False,improving_payer
INV10001919,B010,B010-C1074,Textiles Client 074,Textiles & Apparel,30,65844.45,2025-02-12,2025-03-14,closed,2025-03-13,29,-1,False,False,improving_payer
INV10001920,B010,B010-C1074,Textiles Client 074,Textiles & Apparel,30,74590.66,2025-02-25,2025-03-27,closed,2025-04-09,43,13,False,False,improving_payer
INV10001921,B010,B010-C1074,Textiles Client 074,Textiles & Apparel,30,46945.65,2025-03-22,2025-04-21,closed,2025-04-28,37,7,False,False,improving_payer
INV10001922,B010,B010-C1074,Textiles Client 074,Textiles & Apparel,30,51507.02,2025-05-05,2025-06-04,closed,2025-06-21,47,17,False,False,improving_payer
INV10001923,B010,B010-C1074,Textiles Client 074,Textiles & Apparel,30,67839.79,2025-07-30,2025-08-29,closed,2025-09-18,50,20,False,False,improving_payer
INV10001924,B010,B010-C1074,Textiles Client 074,Textiles & Apparel,30,56631.81,2025-07-31,2025-08-30,closed,2025-09-08,39,9,False,False,improving_payer
INV10001925,B010,B010-C1074,Textiles Client 074,Textiles & Apparel,30,75435.69,2025-08-27,2025-09-26,closed,2025-10-20,54,24,False,False,improving_payer
INV10001926,B010,B010-C1074,Textiles Client 074,Textiles & Apparel,30,52685.98,2025-10-29,2025-11-28,closed,2025-12-10,42,12,False,False,improving_payer
INV10001927,B010,B010-C1074,Textiles Client 074,Textiles & Apparel,30,72699.25,2025-11-09,2025-12-09,closed,2026-01-05,57,27,False,False,improving_payer
INV10001928,B010,B010-C1074,Textiles Client 074,Textiles & Apparel,30,50063.07,2025-11-14,2025-12-14,closed,2025-12-27,43,13,False,False,improving_payer
INV10001929,B010,B010-C1074,Textiles Client 074,Textiles & Apparel,30,85722.7,2025-12-11,2026-01-10,closed,2026-01-19,39,9,False,False,improving_payer
INV10001930,B010,B010-C1074,Textiles Client 074,Textiles & Apparel,30,92720.52,2026-04-01,2026-05-01,closed,2026-05-09,38,8,False,False,improving_payer
INV10001931,B010,B010-C1074,Textiles Client 074,Textiles & Apparel,30,57454.08,2026-04-17,2026-05-17,closed,2026-05-21,34,4,False,False,improving_payer
INV10001932,B010,B010-C1074,Textiles Client 074,Textiles & Apparel,30,42171.23,2026-04-19,2026-05-19,closed,2026-05-23,34,4,False,False,improving_payer
INV10001933,B010,B010-C1074,Textiles Client 074,Textiles & Apparel,30,71643.67,2026-06-06,2026-07-06,closed,2026-07-13,37,7,False,False,improving_payer
INV10001934,B010,B010-C1074,Textiles Client 074,Textiles & Apparel,30,73279.81,2026-06-12,2026-07-12,closed,2026-07-07,25,-5,False,False,improving_payer
INV10001935,B010,B010-C1074,Textiles Client 074,Textiles & Apparel,30,99562.14,2026-06-22,2026-07-22,closed,2026-07-30,38,8,False,False,improving_payer
INV10001936,B010,B010-C1074,Textiles Client 074,Textiles & Apparel,30,58989.81,2026-08-01,2026-08-31,closed,2026-08-26,25,-5,False,False,improving_payer
INV10001937,B010,B010-C1074,Textiles Client 074,Textiles & Apparel,30,47967.25,2026-08-31,2026-09-30,open,,,,False,False,improving_payer
INV10001938,B010,B010-C1075,Retail Client 075,Retail & Distribution,60,18484.22,2024-03-20,2024-05-19,closed,2024-06-04,76,16,False,False,average_payer
INV10001939,B010,B010-C1075,Retail Client 075,Retail & Distribution,60,73250.34,2024-05-24,2024-07-23,closed,2024-08-09,77,17,True,False,average_payer
INV10001940,B010,B010-C1075,Retail Client 075,Retail & Distribution,60,47117.57,2024-09-09,2024-11-08,closed,2024-11-20,72,12,False,False,average_payer
INV10001941,B010,B010-C1075,Retail Client 075,Retail & Distribution,60,32112.93,2024-09-12,2024-11-11,closed,2024-11-09,58,-2,False,False,average_payer
INV10001942,B010,B010-C1075,Retail Client 075,Retail & Distribution,60,49721.65,2024-09-21,2024-11-20,closed,2024-11-24,64,4,False,False,average_payer
INV10001943,B010,B010-C1075,Retail Client 075,Retail & Distribution,60,21218.26,2025-01-20,2025-03-21,closed,2025-03-14,53,-7,False,False,average_payer
INV10001944,B010,B010-C1075,Retail Client 075,Retail & Distribution,60,34576.71,2025-02-17,2025-04-18,closed,2025-04-29,71,11,False,False,average_payer
INV10001945,B010,B010-C1075,Retail Client 075,Retail & Distribution,60,39289.68,2025-03-11,2025-05-10,closed,2025-05-27,77,17,False,False,average_payer
INV10001946,B010,B010-C1075,Retail Client 075,Retail & Distribution,60,29701.71,2025-03-17,2025-05-16,closed,2025-05-24,68,8,False,False,average_payer
INV10001947,B010,B010-C1075,Retail Client 075,Retail & Distribution,60,21245.19,2025-04-07,2025-06-06,closed,2025-06-04,58,-2,False,False,average_payer
INV10001948,B010,B010-C1075,Retail Client 075,Retail & Distribution,60,31212.24,2025-08-21,2025-10-20,closed,2025-10-19,59,-1,False,False,average_payer
INV10001949,B010,B010-C1075,Retail Client 075,Retail & Distribution,60,20535.03,2025-08-25,2025-10-24,closed,2025-10-22,58,-2,False,False,average_payer
INV10001950,B010,B010-C1075,Retail Client 075,Retail & Distribution,60,24344.6,2025-10-21,2025-12-20,closed,2025-12-21,61,1,False,False,average_payer
INV10001951,B010,B010-C1075,Retail Client 075,Retail & Distribution,60,44492.9,2025-11-02,2026-01-01,closed,2026-01-08,67,7,False,False,average_payer
INV10001952,B010,B010-C1075,Retail Client 075,Retail & Distribution,60,21958.88,2025-12-27,2026-02-25,closed,2026-03-03,66,6,False,False,average_payer
INV10001953,B010,B010-C1075,Retail Client 075,Retail & Distribution,60,14676.26,2026-01-13,2026-03-14,closed,2026-03-21,67,7,False,False,average_payer
INV10001954,B010,B010-C1075,Retail Client 075,Retail & Distribution,60,29401.25,2026-01-23,2026-03-24,closed,2026-03-21,57,-3,False,False,average_payer
INV10001955,B010,B010-C1075,Retail Client 075,Retail & Distribution,60,58169.41,2026-03-15,2026-05-14,closed,2026-05-16,62,2,False,False,average_payer
INV10001956,B010,B010-C1075,Retail Client 075,Retail & Distribution,60,51651.31,2026-04-16,2026-06-15,closed,2026-06-20,65,5,False,False,average_payer
INV10001957,B010,B010-C1076,Construction Client 076,Construction & Infra,60,27128.09,2024-03-18,2024-05-17,closed,2024-05-22,65,5,False,False,average_payer
INV10001958,B010,B010-C1076,Construction Client 076,Construction & Infra,60,34267.29,2024-04-28,2024-06-27,closed,2024-06-28,61,1,False,False,average_payer
INV10001959,B010,B010-C1076,Construction Client 076,Construction & Infra,60,39902.82,2024-05-02,2024-07-01,closed,2024-07-09,68,8,False,False,average_payer
INV10001960,B010,B010-C1076,Construction Client 076,Construction & Infra,60,37950.01,2024-06-06,2024-08-05,closed,2024-08-03,58,-2,False,False,average_payer
INV10001961,B010,B010-C1076,Construction Client 076,Construction & Infra,60,43622.31,2024-06-30,2024-08-29,closed,2024-08-29,60,0,False,False,average_payer
INV10001962,B010,B010-C1076,Construction Client 076,Construction & Infra,60,21922.31,2024-08-06,2024-10-05,closed,2024-10-17,72,12,False,False,average_payer
INV10001963,B010,B010-C1076,Construction Client 076,Construction & Infra,60,43869.5,2024-09-11,2024-11-10,closed,2024-11-09,59,-1,False,False,average_payer
INV10001964,B010,B010-C1076,Construction Client 076,Construction & Infra,60,25255.6,2024-09-16,2024-11-15,closed,2024-11-20,65,5,False,False,average_payer
INV10001965,B010,B010-C1076,Construction Client 076,Construction & Infra,60,26905.91,2024-10-27,2024-12-26,closed,2024-12-28,62,2,True,False,average_payer
INV10001966,B010,B010-C1076,Construction Client 076,Construction & Infra,60,20077.04,2024-11-12,2025-01-11,closed,2025-02-01,81,21,False,False,average_payer
INV10001967,B010,B010-C1076,Construction Client 076,Construction & Infra,60,74935.59,2025-01-03,2025-03-04,closed,2025-03-12,68,8,False,True,average_payer
INV10001968,B010,B010-C1076,Construction Client 076,Construction & Infra,60,37731.25,2025-01-06,2025-03-07,closed,2025-03-16,69,9,False,False,average_payer
INV10001969,B010,B010-C1076,Construction Client 076,Construction & Infra,60,27740.1,2025-02-18,2025-04-19,closed,2025-04-25,66,6,True,False,average_payer
INV10001970,B010,B010-C1076,Construction Client 076,Construction & Infra,60,42692.31,2025-03-06,2025-05-05,closed,2025-05-12,67,7,False,False,average_payer
INV10001971,B010,B010-C1076,Construction Client 076,Construction & Infra,60,33809.19,2025-03-06,2025-05-05,closed,2025-05-05,60,0,False,False,average_payer
INV10001972,B010,B010-C1076,Construction Client 076,Construction & Infra,60,34618.08,2025-05-01,2025-06-30,closed,2025-07-09,69,9,False,False,average_payer
INV10001973,B010,B010-C1076,Construction Client 076,Construction & Infra,60,167556.05,2025-05-11,2025-07-10,closed,2025-07-13,63,3,False,True,average_payer
INV10001974,B010,B010-C1076,Construction Client 076,Construction & Infra,60,25272.73,2025-05-30,2025-07-29,closed,2025-08-03,65,5,False,False,average_payer
INV10001975,B010,B010-C1076,Construction Client 076,Construction & Infra,60,43199.82,2025-05-30,2025-07-29,closed,2025-07-25,56,-4,False,False,average_payer
INV10001976,B010,B010-C1076,Construction Client 076,Construction & Infra,60,19545.5,2025-07-05,2025-09-03,closed,2025-09-02,59,-1,False,False,average_payer
INV10001977,B010,B010-C1076,Construction Client 076,Construction & Infra,60,33343.52,2025-07-10,2025-09-08,closed,2025-09-11,63,3,False,False,average_payer
INV10001978,B010,B010-C1076,Construction Client 076,Construction & Infra,60,37426.39,2025-07-20,2025-09-18,closed,2025-10-03,75,15,False,False,average_payer
INV10001979,B010,B010-C1076,Construction Client 076,Construction & Infra,60,40777.65,2025-08-22,2025-10-21,closed,2025-10-21,60,0,False,False,average_payer
INV10001980,B010,B010-C1076,Construction Client 076,Construction & Infra,60,23898.95,2025-09-27,2025-11-26,closed,2025-11-26,60,0,False,False,average_payer
INV10001981,B010,B010-C1076,Construction Client 076,Construction & Infra,60,25319.57,2025-11-15,2026-01-14,closed,2026-01-15,61,1,False,False,average_payer
INV10001982,B010,B010-C1076,Construction Client 076,Construction & Infra,60,36483.52,2025-11-26,2026-01-25,closed,2026-01-29,64,4,False,False,average_payer
INV10001983,B010,B010-C1076,Construction Client 076,Construction & Infra,60,30804.89,2025-12-06,2026-02-04,closed,2026-02-12,68,8,False,False,average_payer
INV10001984,B010,B010-C1076,Construction Client 076,Construction & Infra,60,28967.94,2025-12-26,2026-02-24,closed,2026-03-05,69,9,False,False,average_payer
INV10001985,B010,B010-C1076,Construction Client 076,Construction & Infra,60,25186.32,2025-12-31,2026-03-01,closed,2026-03-07,66,6,False,False,average_payer
INV10001986,B010,B010-C1076,Construction Client 076,Construction & Infra,60,51833.45,2025-12-31,2026-03-01,closed,2026-03-05,64,4,False,False,average_payer
INV10001987,B010,B010-C1076,Construction Client 076,Construction & Infra,60,22326.96,2026-02-03,2026-04-04,closed,2026-04-09,65,5,False,False,average_payer
INV10001988,B010,B010-C1076,Construction Client 076,Construction & Infra,60,40859.06,2026-02-21,2026-04-22,closed,2026-05-10,78,18,False,False,average_payer
INV10001989,B010,B010-C1076,Construction Client 076,Construction & Infra,60,36643.5,2026-03-10,2026-05-09,closed,2026-05-26,77,17,False,False,average_payer
INV10001990,B010,B010-C1076,Construction Client 076,Construction & Infra,60,31962.09,2026-04-14,2026-06-13,closed,2026-06-14,61,1,False,False,average_payer
INV10001991,B010,B010-C1076,Construction Client 076,Construction & Infra,60,42285.24,2026-05-03,2026-07-02,closed,2026-07-07,65,5,False,False,average_payer
INV10001992,B010,B010-C1076,Construction Client 076,Construction & Infra,60,132101.22,2026-05-08,2026-07-07,closed,2026-07-10,63,3,False,True,average_payer
INV10001993,B010,B010-C1076,Construction Client 076,Construction & Infra,60,35227.96,2026-07-06,2026-09-04,disputed_open,,,,False,False,average_payer
INV10001994,B010,B010-C1076,Construction Client 076,Construction & Infra,60,31450.4,2026-07-06,2026-09-04,open,,,,False,False,average_payer
INV10001995,B010,B010-C1076,Construction Client 076,Construction & Infra,60,41891.42,2026-07-13,2026-09-11,disputed_open,,,,False,False,average_payer
INV10001996,B010,B010-C1076,Construction Client 076,Construction & Infra,60,39496.53,2026-08-01,2026-09-30,disputed_open,,,,False,False,average_payer
INV10001997,B010,B010-C1076,Construction Client 076,Construction & Infra,60,23300.35,2026-08-25,2026-10-24,disputed_open,,,,False,False,average_payer
INV10001998,B010,B010-C1077,Metal Client 077,Metal & Engineering,45,33824.97,2024-03-18,2024-05-02,closed,2024-05-02,45,0,False,False,seasonal_payer
INV10001999,B010,B010-C1077,Metal Client 077,Metal & Engineering,45,24360.34,2024-04-23,2024-06-07,closed,2024-06-14,52,7,False,False,seasonal_payer
INV10002000,B010,B010-C1077,Metal Client 077,Metal & Engineering,45,27413.37,2024-05-19,2024-07-03,closed,2024-07-09,51,6,False,False,seasonal_payer
INV10002001,B010,B010-C1077,Metal Client 077,Metal & Engineering,45,25754.75,2024-05-19,2024-07-03,closed,2024-07-11,53,8,False,False,seasonal_payer
INV10002002,B010,B010-C1077,Metal Client 077,Metal & Engineering,45,37486.17,2024-07-05,2024-08-19,closed,2024-08-25,51,6,False,False,seasonal_payer
INV10002003,B010,B010-C1077,Metal Client 077,Metal & Engineering,45,26111.1,2024-10-10,2024-11-24,closed,2024-12-07,58,13,False,False,seasonal_payer
INV10002004,B010,B010-C1077,Metal Client 077,Metal & Engineering,45,27639.6,2024-10-12,2024-11-26,closed,2024-12-12,61,16,False,False,seasonal_payer
INV10002005,B010,B010-C1077,Metal Client 077,Metal & Engineering,45,35196.36,2024-10-15,2024-11-29,closed,2024-12-11,57,12,False,False,seasonal_payer
INV10002006,B010,B010-C1077,Metal Client 077,Metal & Engineering,45,52167.42,2024-10-31,2024-12-15,closed,2024-12-27,57,12,False,False,seasonal_payer
INV10002007,B010,B010-C1077,Metal Client 077,Metal & Engineering,45,47354.0,2024-11-08,2024-12-23,closed,2025-01-03,56,11,False,False,seasonal_payer
INV10002008,B010,B010-C1077,Metal Client 077,Metal & Engineering,45,27491.32,2024-11-13,2024-12-28,closed,2025-01-11,59,14,False,False,seasonal_payer
INV10002009,B010,B010-C1077,Metal Client 077,Metal & Engineering,45,63593.94,2024-12-31,2025-02-14,closed,2025-02-27,58,13,False,False,seasonal_payer
INV10002010,B010,B010-C1077,Metal Client 077,Metal & Engineering,45,112829.63,2025-01-07,2025-02-21,closed,2025-02-13,37,-8,False,True,seasonal_payer
INV10002011,B010,B010-C1077,Metal Client 077,Metal & Engineering,45,49770.82,2025-01-17,2025-03-03,closed,2025-03-09,51,6,False,False,seasonal_payer
INV10002012,B010,B010-C1077,Metal Client 077,Metal & Engineering,45,22871.94,2025-02-03,2025-03-20,closed,2025-03-29,54,9,False,False,seasonal_payer
INV10002013,B010,B010-C1077,Metal Client 077,Metal & Engineering,45,64060.72,2025-02-23,2025-04-09,closed,2025-04-12,48,3,False,False,seasonal_payer
INV10002014,B010,B010-C1077,Metal Client 077,Metal & Engineering,45,32248.46,2025-05-14,2025-06-28,closed,2025-06-26,43,-2,False,False,seasonal_payer
INV10002015,B010,B010-C1077,Metal Client 077,Metal & Engineering,45,52411.6,2025-05-28,2025-07-12,closed,2025-07-19,52,7,True,False,seasonal_payer
INV10002016,B010,B010-C1077,Metal Client 077,Metal & Engineering,45,35530.74,2025-06-19,2025-08-03,closed,2025-08-05,47,2,False,False,seasonal_payer
INV10002017,B010,B010-C1077,Metal Client 077,Metal & Engineering,45,41783.95,2025-06-23,2025-08-07,closed,2025-08-16,54,9,False,False,seasonal_payer
INV10002018,B010,B010-C1077,Metal Client 077,Metal & Engineering,45,21522.56,2025-07-16,2025-08-30,closed,2025-09-13,59,14,False,False,seasonal_payer
INV10002019,B010,B010-C1077,Metal Client 077,Metal & Engineering,45,27629.9,2025-08-24,2025-10-08,closed,2025-10-12,49,4,False,False,seasonal_payer
INV10002020,B010,B010-C1077,Metal Client 077,Metal & Engineering,45,28791.02,2025-09-04,2025-10-19,closed,2025-10-25,51,6,False,False,seasonal_payer
INV10002021,B010,B010-C1077,Metal Client 077,Metal & Engineering,45,31947.6,2025-09-12,2025-10-27,closed,2025-11-08,57,12,False,False,seasonal_payer
INV10002022,B010,B010-C1077,Metal Client 077,Metal & Engineering,45,32628.98,2025-09-12,2025-10-27,closed,2025-11-09,58,13,False,False,seasonal_payer
INV10002023,B010,B010-C1077,Metal Client 077,Metal & Engineering,45,22272.29,2025-09-27,2025-11-11,closed,2025-11-29,63,18,False,False,seasonal_payer
INV10002024,B010,B010-C1077,Metal Client 077,Metal & Engineering,45,17851.21,2025-12-01,2026-01-15,closed,2026-01-23,53,8,False,False,seasonal_payer
INV10002025,B010,B010-C1077,Metal Client 077,Metal & Engineering,45,26874.29,2025-12-18,2026-02-01,closed,2026-02-13,57,12,False,False,seasonal_payer
INV10002026,B010,B010-C1077,Metal Client 077,Metal & Engineering,45,18575.55,2026-02-25,2026-04-11,closed,2026-04-13,47,2,False,False,seasonal_payer
INV10002027,B010,B010-C1077,Metal Client 077,Metal & Engineering,45,23840.53,2026-04-03,2026-05-18,closed,2026-05-14,41,-4,False,False,seasonal_payer
INV10002028,B010,B010-C1077,Metal Client 077,Metal & Engineering,45,31349.03,2026-04-12,2026-05-27,closed,2026-05-27,45,0,False,False,seasonal_payer
INV10002029,B010,B010-C1077,Metal Client 077,Metal & Engineering,45,30044.59,2026-04-18,2026-06-02,closed,2026-06-07,50,5,False,False,seasonal_payer
INV10002030,B010,B010-C1077,Metal Client 077,Metal & Engineering,45,34541.83,2026-05-08,2026-06-22,closed,2026-06-28,51,6,False,False,seasonal_payer
INV10002031,B010,B010-C1077,Metal Client 077,Metal & Engineering,45,16778.34,2026-05-10,2026-06-24,closed,2026-06-19,40,-5,False,False,seasonal_payer
INV10002032,B010,B010-C1077,Metal Client 077,Metal & Engineering,45,39638.07,2026-08-13,2026-09-27,open,,,,False,False,seasonal_payer
INV10002033,B010,B010-C1078,Electronics Client 078,Electronics & Electricals,60,210959.59,2024-04-19,2024-06-18,closed,2024-07-14,86,26,False,False,improving_payer
INV10002034,B010,B010-C1078,Electronics Client 078,Electronics & Electricals,60,189572.84,2024-04-22,2024-06-21,closed,2024-07-29,98,38,False,False,improving_payer
INV10002035,B010,B010-C1078,Electronics Client 078,Electronics & Electricals,60,182784.4,2024-05-11,2024-07-10,closed,2024-08-12,93,33,False,False,improving_payer
INV10002036,B010,B010-C1078,Electronics Client 078,Electronics & Electricals,60,236711.3,2024-05-12,2024-07-11,closed,2024-08-12,92,32,False,False,improving_payer
INV10002037,B010,B010-C1078,Electronics Client 078,Electronics & Electricals,60,337184.77,2024-06-04,2024-08-03,open,,,,False,False,improving_payer
INV10002038,B010,B010-C1078,Electronics Client 078,Electronics & Electricals,60,197499.29,2024-06-24,2024-08-23,closed,2024-09-09,77,17,False,False,improving_payer
INV10002039,B010,B010-C1078,Electronics Client 078,Electronics & Electricals,60,247566.79,2024-07-21,2024-09-19,closed,2024-10-23,94,34,False,False,improving_payer
INV10002040,B010,B010-C1078,Electronics Client 078,Electronics & Electricals,60,333173.81,2024-08-11,2024-10-10,closed,2024-11-01,82,22,False,False,improving_payer
INV10002041,B010,B010-C1078,Electronics Client 078,Electronics & Electricals,60,231033.98,2024-08-27,2024-10-26,closed,2024-11-23,88,28,False,False,improving_payer
INV10002042,B010,B010-C1078,Electronics Client 078,Electronics & Electricals,60,408252.9,2024-10-17,2024-12-16,closed,2024-12-31,75,15,False,False,improving_payer
INV10002043,B010,B010-C1078,Electronics Client 078,Electronics & Electricals,60,233417.71,2024-11-02,2025-01-01,closed,2025-01-31,90,30,False,False,improving_payer
INV10002044,B010,B010-C1078,Electronics Client 078,Electronics & Electricals,60,284760.49,2024-11-06,2025-01-05,closed,2025-01-25,80,20,False,False,improving_payer
INV10002045,B010,B010-C1078,Electronics Client 078,Electronics & Electricals,60,333506.57,2024-12-21,2025-02-19,closed,2025-04-04,104,44,False,False,improving_payer
INV10002046,B010,B010-C1078,Electronics Client 078,Electronics & Electricals,60,262023.57,2024-12-25,2025-02-23,closed,2025-03-13,78,18,False,False,improving_payer
INV10002047,B010,B010-C1078,Electronics Client 078,Electronics & Electricals,60,189068.16,2025-01-10,2025-03-11,closed,2025-04-22,102,42,False,False,improving_payer
INV10002048,B010,B010-C1078,Electronics Client 078,Electronics & Electricals,60,171637.75,2025-01-15,2025-03-16,closed,2025-04-03,78,18,False,False,improving_payer
INV10002049,B010,B010-C1078,Electronics Client 078,Electronics & Electricals,60,238293.72,2025-02-25,2025-04-26,closed,2025-05-25,89,29,True,False,improving_payer
INV10002050,B010,B010-C1078,Electronics Client 078,Electronics & Electricals,60,351798.99,2025-02-27,2025-04-28,closed,2025-05-19,81,21,False,False,improving_payer
INV10002051,B010,B010-C1078,Electronics Client 078,Electronics & Electricals,60,214994.61,2025-05-09,2025-07-08,closed,2025-07-24,76,16,False,False,improving_payer
INV10002052,B010,B010-C1078,Electronics Client 078,Electronics & Electricals,60,211213.77,2025-05-11,2025-07-10,closed,2025-08-12,93,33,False,False,improving_payer
INV10002053,B010,B010-C1078,Electronics Client 078,Electronics & Electricals,60,266047.31,2025-05-16,2025-07-15,closed,2025-07-28,73,13,False,False,improving_payer
INV10002054,B010,B010-C1078,Electronics Client 078,Electronics & Electricals,60,156443.46,2025-05-29,2025-07-28,closed,2025-08-11,74,14,False,False,improving_payer
INV10002055,B010,B010-C1078,Electronics Client 078,Electronics & Electricals,60,208515.46,2025-06-03,2025-08-02,closed,2025-09-01,90,30,False,False,improving_payer
INV10002056,B010,B010-C1078,Electronics Client 078,Electronics & Electricals,60,169625.32,2025-06-05,2025-08-04,closed,2025-09-07,94,34,False,False,improving_payer
INV10002057,B010,B010-C1078,Electronics Client 078,Electronics & Electricals,60,209676.54,2025-08-07,2025-10-06,closed,2025-10-18,72,12,False,False,improving_payer
INV10002058,B010,B010-C1078,Electronics Client 078,Electronics & Electricals,60,205184.07,2025-08-07,2025-10-06,closed,2025-10-25,79,19,False,False,improving_payer
INV10002059,B010,B010-C1078,Electronics Client 078,Electronics & Electricals,60,189524.08,2025-08-22,2025-10-21,closed,2025-11-11,81,21,False,False,improving_payer
INV10002060,B010,B010-C1078,Electronics Client 078,Electronics & Electricals,60,204277.41,2025-09-11,2025-11-10,closed,2025-11-19,69,9,False,False,improving_payer
INV10002061,B010,B010-C1078,Electronics Client 078,Electronics & Electricals,60,179118.24,2025-09-13,2025-11-12,closed,2025-12-10,88,28,False,False,improving_payer
INV10002062,B010,B010-C1078,Electronics Client 078,Electronics & Electricals,60,328901.85,2025-09-27,2025-11-26,closed,2025-12-11,75,15,False,False,improving_payer
INV10002063,B010,B010-C1078,Electronics Client 078,Electronics & Electricals,60,203311.08,2025-11-02,2026-01-01,closed,2026-01-12,71,11,False,False,improving_payer
INV10002064,B010,B010-C1078,Electronics Client 078,Electronics & Electricals,60,315131.3,2025-12-08,2026-02-06,closed,2026-02-15,69,9,False,False,improving_payer
INV10002065,B010,B010-C1078,Electronics Client 078,Electronics & Electricals,60,207443.36,2026-02-09,2026-04-10,closed,2026-04-25,75,15,False,False,improving_payer
INV10002066,B010,B010-C1078,Electronics Client 078,Electronics & Electricals,60,663933.78,2026-02-18,2026-04-19,closed,2026-04-23,64,4,False,True,improving_payer
INV10002067,B010,B010-C1078,Electronics Client 078,Electronics & Electricals,60,247560.41,2026-03-08,2026-05-07,closed,2026-05-30,83,23,False,False,improving_payer
INV10002068,B010,B010-C1078,Electronics Client 078,Electronics & Electricals,60,336373.53,2026-04-20,2026-06-19,closed,2026-06-27,68,8,False,False,improving_payer
INV10002069,B010,B010-C1078,Electronics Client 078,Electronics & Electricals,60,258715.84,2026-05-24,2026-07-23,closed,2026-07-31,68,8,False,False,improving_payer
INV10002070,B010,B010-C1078,Electronics Client 078,Electronics & Electricals,60,218644.06,2026-05-27,2026-07-26,closed,2026-07-31,65,5,False,False,improving_payer
INV10002071,B010,B010-C1078,Electronics Client 078,Electronics & Electricals,60,250790.73,2026-06-02,2026-08-01,closed,2026-08-22,81,21,False,False,improving_payer
INV10002072,B010,B010-C1078,Electronics Client 078,Electronics & Electricals,60,252690.25,2026-06-13,2026-08-12,disputed_open,,,,False,False,improving_payer
INV10002073,B010,B010-C1078,Electronics Client 078,Electronics & Electricals,60,134970.62,2026-07-17,2026-09-15,open,,,,False,False,improving_payer
INV10002074,B010,B010-C1079,Retail Client 079,Retail & Distribution,45,164331.04,2024-03-17,2024-05-01,closed,2024-05-05,49,4,False,False,seasonal_payer
INV10002075,B010,B010-C1079,Retail Client 079,Retail & Distribution,45,197465.97,2024-03-25,2024-05-09,closed,2024-05-16,52,7,False,False,seasonal_payer
INV10002076,B010,B010-C1079,Retail Client 079,Retail & Distribution,45,142892.76,2024-04-21,2024-06-05,closed,2024-05-29,38,-7,False,False,seasonal_payer
INV10002077,B010,B010-C1079,Retail Client 079,Retail & Distribution,45,176655.58,2024-06-18,2024-08-02,closed,2024-08-14,57,12,False,False,seasonal_payer
INV10002078,B010,B010-C1079,Retail Client 079,Retail & Distribution,45,123914.79,2024-06-20,2024-08-04,closed,2024-08-07,48,3,True,False,seasonal_payer
INV10002079,B010,B010-C1079,Retail Client 079,Retail & Distribution,45,119535.13,2024-06-20,2024-08-04,closed,2024-08-11,52,7,False,False,seasonal_payer
INV10002080,B010,B010-C1079,Retail Client 079,Retail & Distribution,45,234449.27,2024-07-25,2024-09-08,closed,2024-09-19,56,11,False,False,seasonal_payer
INV10002081,B010,B010-C1079,Retail Client 079,Retail & Distribution,45,123302.99,2024-07-26,2024-09-09,closed,2024-09-15,51,6,False,False,seasonal_payer
INV10002082,B010,B010-C1079,Retail Client 079,Retail & Distribution,45,122506.09,2024-09-05,2024-10-20,closed,2024-10-28,53,8,False,False,seasonal_payer
INV10002083,B010,B010-C1079,Retail Client 079,Retail & Distribution,45,195935.74,2024-10-03,2024-11-17,closed,2024-12-08,66,21,False,False,seasonal_payer
INV10002084,B010,B010-C1079,Retail Client 079,Retail & Distribution,45,241971.39,2024-11-19,2025-01-03,closed,2025-01-15,57,12,False,False,seasonal_payer
INV10002085,B010,B010-C1079,Retail Client 079,Retail & Distribution,45,144305.48,2024-12-29,2025-02-12,closed,2025-02-23,56,11,False,False,seasonal_payer
INV10002086,B010,B010-C1079,Retail Client 079,Retail & Distribution,45,149748.47,2025-01-07,2025-02-21,closed,2025-03-14,66,21,False,False,seasonal_payer
INV10002087,B010,B010-C1079,Retail Client 079,Retail & Distribution,45,219547.35,2025-01-30,2025-03-16,closed,2025-03-27,56,11,False,False,seasonal_payer
INV10002088,B010,B010-C1079,Retail Client 079,Retail & Distribution,45,150498.79,2025-03-23,2025-05-07,closed,2025-05-08,46,1,False,False,seasonal_payer
INV10002089,B010,B010-C1079,Retail Client 079,Retail & Distribution,45,155906.63,2025-04-15,2025-05-30,closed,2025-06-03,49,4,False,False,seasonal_payer
INV10002090,B010,B010-C1079,Retail Client 079,Retail & Distribution,45,168226.86,2025-04-20,2025-06-04,closed,2025-06-11,52,7,False,False,seasonal_payer
INV10002091,B010,B010-C1079,Retail Client 079,Retail & Distribution,45,162875.03,2025-05-23,2025-07-07,closed,2025-07-08,46,1,True,False,seasonal_payer
INV10002092,B010,B010-C1079,Retail Client 079,Retail & Distribution,45,98480.06,2025-07-20,2025-09-03,closed,2025-09-16,58,13,False,False,seasonal_payer
INV10002093,B010,B010-C1079,Retail Client 079,Retail & Distribution,45,108588.9,2025-08-11,2025-09-25,closed,2025-09-30,50,5,False,False,seasonal_payer
INV10002094,B010,B010-C1079,Retail Client 079,Retail & Distribution,45,172813.2,2025-10-16,2025-11-30,closed,2025-12-17,62,17,False,False,seasonal_payer
INV10002095,B010,B010-C1079,Retail Client 079,Retail & Distribution,45,129094.29,2025-11-11,2025-12-26,closed,2026-01-15,65,20,False,False,seasonal_payer
INV10002096,B010,B010-C1079,Retail Client 079,Retail & Distribution,45,129478.1,2025-11-28,2026-01-12,closed,2026-02-04,68,23,False,False,seasonal_payer
INV10002097,B010,B010-C1079,Retail Client 079,Retail & Distribution,45,168664.18,2026-01-14,2026-02-28,closed,2026-03-16,61,16,False,False,seasonal_payer
INV10002098,B010,B010-C1079,Retail Client 079,Retail & Distribution,45,134620.19,2026-02-23,2026-04-09,closed,2026-04-14,50,5,False,False,seasonal_payer
INV10002099,B010,B010-C1079,Retail Client 079,Retail & Distribution,45,152022.16,2026-03-18,2026-05-02,closed,2026-05-08,51,6,False,False,seasonal_payer
INV10002100,B010,B010-C1079,Retail Client 079,Retail & Distribution,45,115934.81,2026-03-31,2026-05-15,closed,2026-05-22,52,7,False,False,seasonal_payer
INV10002101,B010,B010-C1079,Retail Client 079,Retail & Distribution,45,109201.5,2026-05-30,2026-07-14,closed,2026-07-11,42,-3,False,False,seasonal_payer
INV10002102,B010,B010-C1079,Retail Client 079,Retail & Distribution,45,109187.25,2026-06-23,2026-08-07,closed,2026-08-08,46,1,False,False,seasonal_payer
INV10002103,B010,B010-C1079,Retail Client 079,Retail & Distribution,45,160376.47,2026-06-30,2026-08-14,closed,2026-08-19,50,5,False,False,seasonal_payer
INV10002104,B010,B010-C1079,Retail Client 079,Retail & Distribution,45,125099.23,2026-07-03,2026-08-17,closed,2026-08-20,48,3,False,False,seasonal_payer
INV10002105,B010,B010-C1079,Retail Client 079,Retail & Distribution,45,191630.02,2026-08-14,2026-09-28,open,,,,False,False,seasonal_payer
INV10002106,B010,B010-C1079,Retail Client 079,Retail & Distribution,45,210521.13,2026-08-15,2026-09-29,open,,,,False,False,seasonal_payer
INV10002107,B010,B010-C1080,Retail Client 080,Retail & Distribution,30,309398.35,2024-09-13,2024-10-13,closed,2024-10-18,35,5,False,False,seasonal_payer
INV10002108,B010,B010-C1080,Retail Client 080,Retail & Distribution,30,163259.64,2025-01-10,2025-02-09,closed,2025-02-23,44,14,False,False,seasonal_payer
INV10002109,B010,B010-C1080,Retail Client 080,Retail & Distribution,30,254668.77,2025-03-25,2025-04-24,closed,2025-05-09,45,15,False,False,seasonal_payer
INV10002110,B010,B010-C1080,Retail Client 080,Retail & Distribution,30,249271.06,2025-08-21,2025-09-20,closed,2025-09-26,36,6,False,False,seasonal_payer
INV10002111,B010,B010-C1080,Retail Client 080,Retail & Distribution,30,227267.36,2026-01-29,2026-02-28,closed,2026-03-18,48,18,False,False,seasonal_payer
INV10002112,B010,B010-C1081,Metal Client 081,Metal & Engineering,60,159149.56,2024-12-03,2025-02-01,closed,2025-02-01,60,0,True,False,cold_start
INV10002113,B010,B010-C1081,Metal Client 081,Metal & Engineering,60,122382.01,2024-12-25,2025-02-23,closed,2025-02-23,60,0,False,False,cold_start
INV10002114,B010,B010-C1081,Metal Client 081,Metal & Engineering,60,105746.31,2025-02-06,2025-04-07,closed,2025-03-28,50,-10,False,False,cold_start
INV10002115,B010,B010-C1082,Metal Client 082,Metal & Engineering,60,165084.54,2024-03-17,2024-05-16,closed,2024-05-29,73,13,False,False,average_payer
INV10002116,B010,B010-C1082,Metal Client 082,Metal & Engineering,60,213649.1,2024-04-13,2024-06-12,closed,2024-06-13,61,1,False,False,average_payer
INV10002117,B010,B010-C1082,Metal Client 082,Metal & Engineering,60,106206.59,2024-05-24,2024-07-23,closed,2024-07-25,62,2,False,False,average_payer
INV10002118,B010,B010-C1082,Metal Client 082,Metal & Engineering,60,174939.98,2024-06-08,2024-08-07,closed,2024-08-17,70,10,False,False,average_payer
INV10002119,B010,B010-C1082,Metal Client 082,Metal & Engineering,60,252178.43,2025-01-08,2025-03-09,closed,2025-03-18,69,9,False,False,average_payer
INV10002120,B010,B010-C1082,Metal Client 082,Metal & Engineering,60,141024.47,2025-05-15,2025-07-14,closed,2025-07-28,74,14,False,False,average_payer
INV10002121,B010,B010-C1082,Metal Client 082,Metal & Engineering,60,100911.56,2025-11-28,2026-01-27,closed,2026-02-01,65,5,False,False,average_payer
INV10002122,B010,B010-C1083,Chemicals Client 083,Chemicals & Plastics,45,90523.71,2024-04-02,2024-05-17,closed,2024-05-14,42,-3,False,False,prompt_payer
INV10002123,B010,B010-C1083,Chemicals Client 083,Chemicals & Plastics,45,94301.72,2024-04-04,2024-05-19,closed,2024-05-22,48,3,False,False,prompt_payer
INV10002124,B010,B010-C1083,Chemicals Client 083,Chemicals & Plastics,45,94351.92,2024-05-12,2024-06-26,closed,2024-06-22,41,-4,False,False,prompt_payer
INV10002125,B010,B010-C1083,Chemicals Client 083,Chemicals & Plastics,45,87805.33,2024-06-04,2024-07-19,closed,2024-07-17,43,-2,False,False,prompt_payer
INV10002126,B010,B010-C1083,Chemicals Client 083,Chemicals & Plastics,45,54592.61,2024-06-04,2024-07-19,closed,2024-07-18,44,-1,False,False,prompt_payer
INV10002127,B010,B010-C1083,Chemicals Client 083,Chemicals & Plastics,45,84336.18,2024-07-09,2024-08-23,closed,2024-08-29,51,6,False,False,prompt_payer
INV10002128,B010,B010-C1083,Chemicals Client 083,Chemicals & Plastics,45,84622.15,2024-07-26,2024-09-09,closed,2024-09-06,42,-3,False,False,prompt_payer
INV10002129,B010,B010-C1083,Chemicals Client 083,Chemicals & Plastics,45,49418.15,2024-08-01,2024-09-15,closed,2024-09-16,46,1,False,False,prompt_payer
INV10002130,B010,B010-C1083,Chemicals Client 083,Chemicals & Plastics,45,46117.74,2024-08-21,2024-10-05,closed,2024-10-03,43,-2,False,False,prompt_payer
INV10002131,B010,B010-C1083,Chemicals Client 083,Chemicals & Plastics,45,62039.44,2024-09-20,2024-11-04,closed,2024-10-30,40,-5,False,False,prompt_payer
INV10002132,B010,B010-C1083,Chemicals Client 083,Chemicals & Plastics,45,64722.37,2024-11-05,2024-12-20,closed,2024-12-16,41,-4,False,False,prompt_payer
INV10002133,B010,B010-C1083,Chemicals Client 083,Chemicals & Plastics,45,63291.36,2024-12-15,2025-01-29,closed,2025-01-31,47,2,False,False,prompt_payer
INV10002134,B010,B010-C1083,Chemicals Client 083,Chemicals & Plastics,45,82881.21,2025-03-05,2025-04-19,closed,2025-04-18,44,-1,False,False,prompt_payer
INV10002135,B010,B010-C1083,Chemicals Client 083,Chemicals & Plastics,45,82478.13,2025-03-07,2025-04-21,closed,2025-04-24,48,3,False,False,prompt_payer
INV10002136,B010,B010-C1083,Chemicals Client 083,Chemicals & Plastics,45,81758.91,2025-03-28,2025-05-12,closed,2025-05-09,42,-3,True,False,prompt_payer
INV10002137,B010,B010-C1083,Chemicals Client 083,Chemicals & Plastics,45,84822.43,2025-04-20,2025-06-04,closed,2025-06-04,45,0,False,False,prompt_payer
INV10002138,B010,B010-C1083,Chemicals Client 083,Chemicals & Plastics,45,428452.22,2025-06-01,2025-07-16,closed,2025-07-10,39,-6,False,True,prompt_payer
INV10002139,B010,B010-C1083,Chemicals Client 083,Chemicals & Plastics,45,104443.31,2025-07-17,2025-08-31,closed,2025-08-31,45,0,False,False,prompt_payer
INV10002140,B010,B010-C1083,Chemicals Client 083,Chemicals & Plastics,45,55358.5,2025-08-18,2025-10-02,closed,2025-10-05,48,3,True,False,prompt_payer
INV10002141,B010,B010-C1083,Chemicals Client 083,Chemicals & Plastics,45,125568.64,2025-10-29,2025-12-13,closed,2025-12-10,42,-3,False,False,prompt_payer
INV10002142,B010,B010-C1083,Chemicals Client 083,Chemicals & Plastics,45,118553.09,2026-02-16,2026-04-02,closed,2026-04-05,48,3,False,False,prompt_payer
INV10002143,B010,B010-C1083,Chemicals Client 083,Chemicals & Plastics,45,71738.03,2026-03-31,2026-05-15,closed,2026-05-14,44,-1,False,False,prompt_payer
INV10002144,B010,B010-C1083,Chemicals Client 083,Chemicals & Plastics,45,48255.75,2026-05-11,2026-06-25,closed,2026-06-16,36,-9,False,False,prompt_payer
INV10002145,B010,B010-C1083,Chemicals Client 083,Chemicals & Plastics,45,68080.51,2026-05-16,2026-06-30,closed,2026-07-04,49,4,False,False,prompt_payer
INV10002146,B010,B010-C1083,Chemicals Client 083,Chemicals & Plastics,45,97758.38,2026-05-17,2026-07-01,closed,2026-07-04,48,3,False,False,prompt_payer
INV10002147,B010,B010-C1083,Chemicals Client 083,Chemicals & Plastics,45,58414.1,2026-05-18,2026-07-02,closed,2026-07-03,46,1,False,False,prompt_payer
INV10002148,B010,B010-C1083,Chemicals Client 083,Chemicals & Plastics,45,93242.23,2026-06-21,2026-08-05,closed,2026-08-02,42,-3,False,False,prompt_payer
INV10002149,B010,B010-C1083,Chemicals Client 083,Chemicals & Plastics,45,89668.72,2026-06-26,2026-08-10,closed,2026-08-08,43,-2,True,False,prompt_payer
INV10002150,B010,B010-C1083,Chemicals Client 083,Chemicals & Plastics,45,109466.28,2026-08-05,2026-09-19,open,,,,False,False,prompt_payer
INV10002151,B010,B010-C1083,Chemicals Client 083,Chemicals & Plastics,45,69399.59,2026-08-15,2026-09-29,open,,,,False,False,prompt_payer
INV10002152,B010,B010-C1084,Textiles Client 084,Textiles & Apparel,45,12010.11,2024-07-06,2024-08-20,closed,2024-08-24,49,4,False,False,average_payer
INV10002153,B010,B010-C1084,Textiles Client 084,Textiles & Apparel,45,24602.48,2024-07-25,2024-09-08,closed,2024-09-17,54,9,False,False,average_payer
INV10002154,B010,B010-C1084,Textiles Client 084,Textiles & Apparel,45,25817.73,2024-09-11,2024-10-26,closed,2024-10-25,44,-1,False,False,average_payer
INV10002155,B010,B010-C1084,Textiles Client 084,Textiles & Apparel,45,22839.68,2024-09-26,2024-11-10,closed,2024-11-12,47,2,False,False,average_payer
INV10002156,B010,B010-C1084,Textiles Client 084,Textiles & Apparel,45,15776.27,2024-11-24,2025-01-08,closed,2025-01-14,51,6,False,False,average_payer
INV10002157,B010,B010-C1084,Textiles Client 084,Textiles & Apparel,45,25884.07,2025-04-25,2025-06-09,closed,2025-06-13,49,4,False,False,average_payer
INV10002158,B010,B010-C1084,Textiles Client 084,Textiles & Apparel,45,16858.75,2025-06-22,2025-08-06,closed,2025-08-13,52,7,False,False,average_payer
INV10002159,B010,B010-C1084,Textiles Client 084,Textiles & Apparel,45,54936.26,2025-06-26,2025-08-10,closed,2025-08-04,39,-6,False,True,average_payer
INV10002160,B010,B010-C1084,Textiles Client 084,Textiles & Apparel,45,30048.58,2025-07-07,2025-08-21,closed,2025-08-18,42,-3,False,False,average_payer
INV10002161,B010,B010-C1084,Textiles Client 084,Textiles & Apparel,45,28291.84,2025-07-15,2025-08-29,closed,2025-09-02,49,4,False,False,average_payer
INV10002162,B010,B010-C1084,Textiles Client 084,Textiles & Apparel,45,17623.81,2025-10-29,2025-12-13,closed,2025-12-24,56,11,False,False,average_payer
INV10002163,B010,B010-C1084,Textiles Client 084,Textiles & Apparel,45,12117.15,2025-11-18,2026-01-02,closed,2026-01-04,47,2,False,False,average_payer
INV10002164,B010,B010-C1084,Textiles Client 084,Textiles & Apparel,45,23798.92,2026-01-22,2026-03-08,closed,2026-03-03,40,-5,False,False,average_payer
INV10002165,B010,B010-C1084,Textiles Client 084,Textiles & Apparel,45,28097.13,2026-02-14,2026-03-31,closed,2026-04-05,50,5,False,False,average_payer
INV10002166,B010,B010-C1084,Textiles Client 084,Textiles & Apparel,45,22896.38,2026-03-15,2026-04-29,closed,2026-05-03,49,4,False,False,average_payer
INV10002167,B010,B010-C1084,Textiles Client 084,Textiles & Apparel,45,127094.87,2026-04-03,2026-05-18,closed,2026-05-20,47,2,False,True,average_payer
INV10002168,B010,B010-C1084,Textiles Client 084,Textiles & Apparel,45,18416.72,2026-04-12,2026-05-27,closed,2026-06-01,50,5,False,False,average_payer
INV10002169,B010,B010-C1084,Textiles Client 084,Textiles & Apparel,45,21293.0,2026-04-19,2026-06-03,closed,2026-05-28,39,-6,False,False,average_payer
INV10002170,B010,B010-C1084,Textiles Client 084,Textiles & Apparel,45,25720.69,2026-06-24,2026-08-08,closed,2026-08-13,50,5,False,False,average_payer
INV10002171,B010,B010-C1084,Textiles Client 084,Textiles & Apparel,45,21286.91,2026-08-07,2026-09-21,open,,,,False,False,average_payer
INV10002172,B010,B010-C1084,Textiles Client 084,Textiles & Apparel,45,17634.67,2026-08-16,2026-09-30,open,,,,False,False,average_payer
INV10002173,B010,B010-C1085,Chemicals Client 085,Chemicals & Plastics,15,184216.86,2024-03-23,2024-04-07,closed,2024-04-12,20,5,True,False,prompt_payer
INV10002174,B010,B010-C1085,Chemicals Client 085,Chemicals & Plastics,15,197420.49,2024-03-30,2024-04-14,closed,2024-04-18,19,4,False,False,prompt_payer
INV10002175,B010,B010-C1085,Chemicals Client 085,Chemicals & Plastics,15,195858.05,2024-04-13,2024-04-28,closed,2024-04-29,16,1,False,False,prompt_payer
INV10002176,B010,B010-C1085,Chemicals Client 085,Chemicals & Plastics,15,217962.7,2024-04-29,2024-05-14,closed,2024-05-09,10,-5,False,False,prompt_payer
INV10002177,B010,B010-C1085,Chemicals Client 085,Chemicals & Plastics,15,218592.43,2024-06-28,2024-07-13,closed,2024-07-10,12,-3,False,False,prompt_payer
INV10002178,B010,B010-C1085,Chemicals Client 085,Chemicals & Plastics,15,265199.5,2024-07-14,2024-07-29,closed,2024-07-30,16,1,True,False,prompt_payer
INV10002179,B010,B010-C1085,Chemicals Client 085,Chemicals & Plastics,15,212067.11,2024-07-18,2024-08-02,closed,2024-07-29,11,-4,False,False,prompt_payer
INV10002180,B010,B010-C1085,Chemicals Client 085,Chemicals & Plastics,15,169474.53,2024-08-08,2024-08-23,closed,2024-08-19,11,-4,False,False,prompt_payer
INV10002181,B010,B010-C1085,Chemicals Client 085,Chemicals & Plastics,15,253614.46,2024-09-26,2024-10-11,closed,2024-10-11,15,0,False,False,prompt_payer
INV10002182,B010,B010-C1085,Chemicals Client 085,Chemicals & Plastics,15,99023.33,2024-10-17,2024-11-01,closed,2024-11-04,18,3,False,False,prompt_payer
INV10002183,B010,B010-C1085,Chemicals Client 085,Chemicals & Plastics,15,138330.54,2024-11-22,2024-12-07,closed,2024-12-06,14,-1,False,False,prompt_payer
INV10002184,B010,B010-C1085,Chemicals Client 085,Chemicals & Plastics,15,163299.43,2024-11-29,2024-12-14,closed,2024-12-14,15,0,False,False,prompt_payer
INV10002185,B010,B010-C1085,Chemicals Client 085,Chemicals & Plastics,15,196100.91,2025-01-07,2025-01-22,closed,2025-01-25,18,3,False,False,prompt_payer
INV10002186,B010,B010-C1085,Chemicals Client 085,Chemicals & Plastics,15,229090.06,2025-01-25,2025-02-09,closed,2025-02-10,16,1,False,False,prompt_payer
INV10002187,B010,B010-C1085,Chemicals Client 085,Chemicals & Plastics,15,217783.58,2025-02-10,2025-02-25,closed,2025-02-28,18,3,False,False,prompt_payer
INV10002188,B010,B010-C1085,Chemicals Client 085,Chemicals & Plastics,15,167014.23,2025-02-18,2025-03-05,closed,2025-03-10,20,5,False,False,prompt_payer
INV10002189,B010,B010-C1085,Chemicals Client 085,Chemicals & Plastics,15,154067.28,2025-04-04,2025-04-19,closed,2025-04-10,6,-9,False,False,prompt_payer
INV10002190,B010,B010-C1085,Chemicals Client 085,Chemicals & Plastics,15,193560.63,2025-05-20,2025-06-04,closed,2025-06-07,18,3,True,False,prompt_payer
INV10002191,B010,B010-C1085,Chemicals Client 085,Chemicals & Plastics,15,226149.16,2025-06-26,2025-07-11,closed,2025-07-07,11,-4,True,False,prompt_payer
INV10002192,B010,B010-C1085,Chemicals Client 085,Chemicals & Plastics,15,95679.83,2025-07-11,2025-07-26,closed,2025-07-24,13,-2,False,False,prompt_payer
INV10002193,B010,B010-C1085,Chemicals Client 085,Chemicals & Plastics,15,298047.23,2025-08-23,2025-09-07,closed,2025-09-11,19,4,False,False,prompt_payer
INV10002194,B010,B010-C1085,Chemicals Client 085,Chemicals & Plastics,15,142468.96,2025-08-26,2025-09-10,closed,2025-09-04,9,-6,False,False,prompt_payer
INV10002195,B010,B010-C1085,Chemicals Client 085,Chemicals & Plastics,15,241271.71,2025-08-28,2025-09-12,closed,2025-09-12,15,0,False,False,prompt_payer
INV10002196,B010,B010-C1085,Chemicals Client 085,Chemicals & Plastics,15,157600.34,2025-09-07,2025-09-22,closed,2025-09-23,16,1,False,False,prompt_payer
INV10002197,B010,B010-C1085,Chemicals Client 085,Chemicals & Plastics,15,192635.51,2025-09-07,2025-09-22,closed,2025-09-23,16,1,False,False,prompt_payer
INV10002198,B010,B010-C1085,Chemicals Client 085,Chemicals & Plastics,15,200339.71,2025-10-03,2025-10-18,closed,2025-10-18,15,0,False,False,prompt_payer
INV10002199,B010,B010-C1085,Chemicals Client 085,Chemicals & Plastics,15,162321.74,2025-10-13,2025-10-28,closed,2025-10-29,16,1,False,False,prompt_payer
INV10002200,B010,B010-C1085,Chemicals Client 085,Chemicals & Plastics,15,299096.87,2025-11-01,2025-11-16,closed,2025-11-15,14,-1,False,False,prompt_payer
INV10002201,B010,B010-C1085,Chemicals Client 085,Chemicals & Plastics,15,196834.06,2025-12-01,2025-12-16,closed,2025-12-14,13,-2,False,False,prompt_payer
INV10002202,B010,B010-C1085,Chemicals Client 085,Chemicals & Plastics,15,139691.5,2026-01-06,2026-01-21,closed,2026-01-20,14,-1,False,False,prompt_payer
INV10002203,B010,B010-C1085,Chemicals Client 085,Chemicals & Plastics,15,150014.48,2026-01-13,2026-01-28,closed,2026-01-26,13,-2,False,False,prompt_payer
INV10002204,B010,B010-C1085,Chemicals Client 085,Chemicals & Plastics,15,204018.12,2026-01-20,2026-02-04,closed,2026-02-04,15,0,False,False,prompt_payer
INV10002205,B010,B010-C1085,Chemicals Client 085,Chemicals & Plastics,15,160831.61,2026-01-25,2026-02-09,closed,2026-02-14,20,5,False,False,prompt_payer
INV10002206,B010,B010-C1085,Chemicals Client 085,Chemicals & Plastics,15,213182.81,2026-03-20,2026-04-04,closed,2026-04-06,17,2,False,False,prompt_payer
INV10002207,B010,B010-C1085,Chemicals Client 085,Chemicals & Plastics,15,152888.26,2026-03-20,2026-04-04,closed,2026-04-08,19,4,False,False,prompt_payer
INV10002208,B010,B010-C1085,Chemicals Client 085,Chemicals & Plastics,15,193105.74,2026-06-25,2026-07-10,closed,2026-07-09,14,-1,False,False,prompt_payer
INV10002209,B010,B010-C1085,Chemicals Client 085,Chemicals & Plastics,15,117739.07,2026-07-12,2026-07-27,closed,2026-07-24,12,-3,False,False,prompt_payer
INV10002210,B010,B010-C1085,Chemicals Client 085,Chemicals & Plastics,15,164727.49,2026-07-15,2026-07-30,closed,2026-07-29,14,-1,False,False,prompt_payer
INV10002211,B010,B010-C1085,Chemicals Client 085,Chemicals & Plastics,15,259540.59,2026-08-15,2026-08-30,closed,2026-09-01,17,2,False,False,prompt_payer
INV10002212,B010,B010-C1085,Chemicals Client 085,Chemicals & Plastics,15,231587.89,2026-08-19,2026-09-03,closed,2026-09-02,14,-1,False,False,prompt_payer
INV10002213,B010,B010-C1086,IT Client 086,IT & Business Services,45,445839.37,2024-04-21,2024-06-05,closed,2024-06-08,48,3,False,False,average_payer
INV10002214,B010,B010-C1086,IT Client 086,IT & Business Services,45,241646.54,2024-07-20,2024-09-03,closed,2024-08-28,39,-6,False,False,average_payer
INV10002215,B010,B010-C1086,IT Client 086,IT & Business Services,45,1057292.32,2024-10-24,2024-12-08,closed,2024-11-29,36,-9,False,True,average_payer
INV10002216,B010,B010-C1086,IT Client 086,IT & Business Services,45,185048.88,2024-11-19,2025-01-03,closed,2025-01-02,44,-1,False,False,average_payer
INV10002217,B010,B010-C1086,IT Client 086,IT & Business Services,45,275840.62,2024-11-29,2025-01-13,closed,2025-01-30,62,17,False,False,average_payer
INV10002218,B010,B010-C1086,IT Client 086,IT & Business Services,45,304471.16,2025-01-07,2025-02-21,closed,2025-02-26,50,5,False,False,average_payer
INV10002219,B010,B010-C1086,IT Client 086,IT & Business Services,45,846220.92,2025-01-10,2025-02-24,closed,2025-02-28,49,4,False,True,average_payer
INV10002220,B010,B010-C1086,IT Client 086,IT & Business Services,45,182740.56,2025-01-27,2025-03-13,closed,2025-04-08,71,26,False,False,average_payer
INV10002221,B010,B010-C1086,IT Client 086,IT & Business Services,45,238582.61,2025-05-26,2025-07-10,closed,2025-07-13,48,3,False,False,average_payer
INV10002222,B010,B010-C1086,IT Client 086,IT & Business Services,45,636860.6,2025-05-29,2025-07-13,closed,2025-07-11,43,-2,False,True,average_payer
INV10002223,B010,B010-C1086,IT Client 086,IT & Business Services,45,505341.64,2025-06-24,2025-08-08,closed,2025-08-07,44,-1,False,False,average_payer
INV10002224,B010,B010-C1086,IT Client 086,IT & Business Services,45,268713.22,2025-08-26,2025-10-10,closed,2025-10-14,49,4,False,False,average_payer
INV10002225,B010,B010-C1086,IT Client 086,IT & Business Services,45,240207.09,2025-11-14,2025-12-29,closed,2026-01-06,53,8,False,False,average_payer
INV10002226,B010,B010-C1086,IT Client 086,IT & Business Services,45,378190.04,2025-11-30,2026-01-14,closed,2026-01-25,56,11,False,False,average_payer
INV10002227,B010,B010-C1086,IT Client 086,IT & Business Services,45,281056.45,2025-12-25,2026-02-08,closed,2026-02-09,46,1,False,False,average_payer
INV10002228,B010,B010-C1086,IT Client 086,IT & Business Services,45,199212.98,2026-03-17,2026-05-01,closed,2026-04-28,42,-3,False,False,average_payer
INV10002229,B010,B010-C1086,IT Client 086,IT & Business Services,45,429923.27,2026-04-27,2026-06-11,closed,2026-06-13,47,2,False,True,average_payer
INV10002230,B010,B010-C1086,IT Client 086,IT & Business Services,45,439476.29,2026-06-10,2026-07-25,closed,2026-08-04,55,10,False,False,average_payer
INV10002231,B010,B010-C1086,IT Client 086,IT & Business Services,45,416965.38,2026-07-07,2026-08-21,closed,2026-08-31,55,10,False,False,average_payer
INV10002232,B010,B010-C1086,IT Client 086,IT & Business Services,45,145462.43,2026-07-17,2026-08-31,open,,,,False,False,average_payer
