invoice_id,business_id,cust_number,customer_name,sector,payment_term_days,invoice_amount,issue_date,due_date,status,actual_paid_date,days_to_payment,delay_vs_due_date,had_partial_payment_flag,is_big_ticket_spike,customer_archetype_TRUE_LABEL
INV12000001,B012,B012-C1001,Chemicals Client 001,Chemicals & Plastics,30,70151.66,2025-04-29,2025-05-29,closed,2025-05-30,31,1,False,False,cold_start
INV12000002,B012,B012-C1001,Chemicals Client 001,Chemicals & Plastics,30,157745.39,2025-08-17,2025-09-16,closed,2025-09-23,37,7,False,False,cold_start
INV12000003,B012,B012-C1001,Chemicals Client 001,Chemicals & Plastics,30,36189.91,2025-09-19,2025-10-19,closed,2025-11-03,45,15,True,False,cold_start
INV12000004,B012,B012-C1002,Auto Client 002,Auto Components,60,58633.37,2024-04-02,2024-06-01,closed,2024-06-10,69,9,False,False,seasonal_payer
INV12000005,B012,B012-C1002,Auto Client 002,Auto Components,60,134634.02,2024-04-12,2024-06-11,closed,2024-06-29,78,18,False,False,seasonal_payer
INV12000006,B012,B012-C1002,Auto Client 002,Auto Components,60,133595.51,2024-04-21,2024-06-20,closed,2024-07-02,72,12,False,False,seasonal_payer
INV12000007,B012,B012-C1002,Auto Client 002,Auto Components,60,91664.39,2024-05-05,2024-07-04,closed,2024-07-25,81,21,False,False,seasonal_payer
INV12000008,B012,B012-C1002,Auto Client 002,Auto Components,60,171359.86,2024-05-27,2024-07-26,open,,,,False,False,seasonal_payer
INV12000009,B012,B012-C1002,Auto Client 002,Auto Components,60,105760.77,2024-06-05,2024-08-04,closed,2024-08-11,67,7,False,False,seasonal_payer
INV12000010,B012,B012-C1002,Auto Client 002,Auto Components,60,101980.06,2024-06-19,2024-08-18,closed,2024-08-23,65,5,False,False,seasonal_payer
INV12000011,B012,B012-C1002,Auto Client 002,Auto Components,60,125514.0,2024-07-22,2024-09-20,closed,2024-09-20,60,0,False,False,seasonal_payer
INV12000012,B012,B012-C1002,Auto Client 002,Auto Components,60,86612.7,2024-08-05,2024-10-04,closed,2024-10-12,68,8,False,False,seasonal_payer
INV12000013,B012,B012-C1002,Auto Client 002,Auto Components,60,75227.54,2024-08-14,2024-10-13,closed,2024-10-16,63,3,False,False,seasonal_payer
INV12000014,B012,B012-C1002,Auto Client 002,Auto Components,60,132481.91,2024-08-20,2024-10-19,closed,2024-11-02,74,14,False,False,seasonal_payer
INV12000015,B012,B012-C1002,Auto Client 002,Auto Components,60,93254.59,2024-10-04,2024-12-03,closed,2024-12-06,63,3,False,False,seasonal_payer
INV12000016,B012,B012-C1002,Auto Client 002,Auto Components,60,93690.95,2024-11-14,2025-01-13,closed,2025-01-20,67,7,False,False,seasonal_payer
INV12000017,B012,B012-C1002,Auto Client 002,Auto Components,60,143367.21,2024-11-18,2025-01-17,closed,2025-01-24,67,7,False,False,seasonal_payer
INV12000018,B012,B012-C1002,Auto Client 002,Auto Components,60,107075.49,2024-11-24,2025-01-23,closed,2025-01-19,56,-4,False,False,seasonal_payer
INV12000019,B012,B012-C1002,Auto Client 002,Auto Components,60,69906.16,2024-12-24,2025-02-22,closed,2025-03-05,71,11,False,False,seasonal_payer
INV12000020,B012,B012-C1002,Auto Client 002,Auto Components,60,124553.35,2025-01-05,2025-03-06,closed,2025-03-17,71,11,False,False,seasonal_payer
INV12000021,B012,B012-C1002,Auto Client 002,Auto Components,60,93540.63,2025-01-07,2025-03-08,closed,2025-03-13,65,5,False,False,seasonal_payer
INV12000022,B012,B012-C1002,Auto Client 002,Auto Components,60,100761.45,2025-01-14,2025-03-15,closed,2025-03-24,69,9,False,False,seasonal_payer
INV12000023,B012,B012-C1002,Auto Client 002,Auto Components,60,91187.97,2025-02-01,2025-04-02,closed,2025-04-17,75,15,False,False,seasonal_payer
INV12000024,B012,B012-C1002,Auto Client 002,Auto Components,60,154233.39,2025-03-08,2025-05-07,closed,2025-05-23,76,16,False,False,seasonal_payer
INV12000025,B012,B012-C1002,Auto Client 002,Auto Components,60,486503.09,2025-03-31,2025-05-30,open,,,,False,True,seasonal_payer
INV12000026,B012,B012-C1002,Auto Client 002,Auto Components,60,177005.35,2025-04-17,2025-06-16,closed,2025-07-03,77,17,False,False,seasonal_payer
INV12000027,B012,B012-C1002,Auto Client 002,Auto Components,60,132995.33,2025-05-05,2025-07-04,closed,2025-07-24,80,20,False,False,seasonal_payer
INV12000028,B012,B012-C1002,Auto Client 002,Auto Components,60,98497.01,2025-05-24,2025-07-23,closed,2025-08-04,72,12,False,False,seasonal_payer
INV12000029,B012,B012-C1002,Auto Client 002,Auto Components,60,163827.12,2025-05-28,2025-07-27,closed,2025-08-06,70,10,True,False,seasonal_payer
INV12000030,B012,B012-C1002,Auto Client 002,Auto Components,60,163310.65,2025-06-15,2025-08-14,closed,2025-08-22,68,8,False,False,seasonal_payer
INV12000031,B012,B012-C1002,Auto Client 002,Auto Components,60,104353.39,2025-06-20,2025-08-19,closed,2025-08-31,72,12,False,False,seasonal_payer
INV12000032,B012,B012-C1002,Auto Client 002,Auto Components,60,85081.67,2025-06-23,2025-08-22,closed,2025-08-28,66,6,False,False,seasonal_payer
INV12000033,B012,B012-C1002,Auto Client 002,Auto Components,60,114377.93,2025-07-01,2025-08-30,closed,2025-08-30,60,0,False,False,seasonal_payer
INV12000034,B012,B012-C1002,Auto Client 002,Auto Components,60,104692.64,2025-07-17,2025-09-15,closed,2025-09-15,60,0,False,False,seasonal_payer
INV12000035,B012,B012-C1002,Auto Client 002,Auto Components,60,69480.35,2025-07-19,2025-09-17,closed,2025-10-01,74,14,False,False,seasonal_payer
INV12000036,B012,B012-C1002,Auto Client 002,Auto Components,60,220906.22,2025-09-12,2025-11-11,closed,2025-11-14,63,3,False,False,seasonal_payer
INV12000037,B012,B012-C1002,Auto Client 002,Auto Components,60,72635.88,2025-10-04,2025-12-03,closed,2025-12-13,70,10,False,False,seasonal_payer
INV12000038,B012,B012-C1002,Auto Client 002,Auto Components,60,143262.82,2025-10-05,2025-12-04,closed,2025-12-09,65,5,False,False,seasonal_payer
INV12000039,B012,B012-C1002,Auto Client 002,Auto Components,60,108795.18,2025-10-24,2025-12-23,closed,2025-12-25,62,2,False,False,seasonal_payer
INV12000040,B012,B012-C1002,Auto Client 002,Auto Components,60,104147.09,2025-11-24,2026-01-23,closed,2026-02-05,73,13,False,False,seasonal_payer
INV12000041,B012,B012-C1002,Auto Client 002,Auto Components,60,100963.87,2025-12-14,2026-02-12,closed,2026-02-26,74,14,False,False,seasonal_payer
INV12000042,B012,B012-C1002,Auto Client 002,Auto Components,60,103120.03,2026-01-12,2026-03-13,closed,2026-04-04,82,22,False,False,seasonal_payer
INV12000043,B012,B012-C1002,Auto Client 002,Auto Components,60,62600.91,2026-01-20,2026-03-21,closed,2026-03-24,63,3,False,False,seasonal_payer
INV12000044,B012,B012-C1002,Auto Client 002,Auto Components,60,64169.14,2026-04-05,2026-06-04,closed,2026-06-14,70,10,False,False,seasonal_payer
INV12000045,B012,B012-C1002,Auto Client 002,Auto Components,60,149574.27,2026-04-08,2026-06-07,closed,2026-06-23,76,16,False,False,seasonal_payer
INV12000046,B012,B012-C1002,Auto Client 002,Auto Components,60,96971.46,2026-04-26,2026-06-25,closed,2026-06-27,62,2,False,False,seasonal_payer
INV12000047,B012,B012-C1002,Auto Client 002,Auto Components,60,164325.38,2026-05-01,2026-06-30,closed,2026-07-15,75,15,False,False,seasonal_payer
INV12000048,B012,B012-C1002,Auto Client 002,Auto Components,60,108871.98,2026-05-08,2026-07-07,closed,2026-07-14,67,7,False,False,seasonal_payer
INV12000049,B012,B012-C1002,Auto Client 002,Auto Components,60,98489.64,2026-06-24,2026-08-23,closed,2026-08-29,66,6,False,False,seasonal_payer
INV12000050,B012,B012-C1002,Auto Client 002,Auto Components,60,96295.79,2026-07-08,2026-09-06,disputed_open,,,,False,False,seasonal_payer
INV12000051,B012,B012-C1002,Auto Client 002,Auto Components,60,98071.72,2026-08-05,2026-10-04,open,,,,False,False,seasonal_payer
INV12000052,B012,B012-C1002,Auto Client 002,Auto Components,60,70618.44,2026-08-10,2026-10-09,disputed_open,,,,False,False,seasonal_payer
INV12000053,B012,B012-C1002,Auto Client 002,Auto Components,60,98734.33,2026-08-21,2026-10-20,open,,,,False,False,seasonal_payer
INV12000054,B012,B012-C1003,Textiles Client 003,Textiles & Apparel,30,784755.98,2024-06-01,2024-07-01,closed,2024-08-04,64,34,False,False,improving_payer
INV12000055,B012,B012-C1003,Textiles Client 003,Textiles & Apparel,30,695264.29,2024-07-06,2024-08-05,closed,2024-09-04,60,30,False,False,improving_payer
INV12000056,B012,B012-C1003,Textiles Client 003,Textiles & Apparel,30,504826.86,2024-07-11,2024-08-10,closed,2024-09-26,77,47,False,False,improving_payer
INV12000057,B012,B012-C1003,Textiles Client 003,Textiles & Apparel,30,539494.64,2024-08-16,2024-09-15,closed,2024-10-30,75,45,False,False,improving_payer
INV12000058,B012,B012-C1003,Textiles Client 003,Textiles & Apparel,30,520942.77,2024-08-20,2024-09-19,closed,2024-10-12,53,23,False,False,improving_payer
INV12000059,B012,B012-C1003,Textiles Client 003,Textiles & Apparel,30,950418.69,2024-08-23,2024-09-22,closed,2024-10-29,67,37,False,False,improving_payer
INV12000060,B012,B012-C1003,Textiles Client 003,Textiles & Apparel,30,533011.18,2024-09-30,2024-10-30,closed,2024-12-10,71,41,False,False,improving_payer
INV12000061,B012,B012-C1003,Textiles Client 003,Textiles & Apparel,30,1043586.95,2024-10-01,2024-10-31,closed,2024-11-26,56,26,False,False,improving_payer
INV12000062,B012,B012-C1003,Textiles Client 003,Textiles & Apparel,30,492326.62,2024-10-13,2024-11-12,closed,2024-12-02,50,20,False,False,improving_payer
INV12000063,B012,B012-C1003,Textiles Client 003,Textiles & Apparel,30,826600.38,2024-11-14,2024-12-14,closed,2025-01-09,56,26,False,False,improving_payer
INV12000064,B012,B012-C1003,Textiles Client 003,Textiles & Apparel,30,959464.21,2024-12-04,2025-01-03,closed,2025-02-06,64,34,False,False,improving_payer
INV12000065,B012,B012-C1003,Textiles Client 003,Textiles & Apparel,30,652070.6,2025-01-16,2025-02-15,closed,2025-03-18,61,31,False,False,improving_payer
INV12000066,B012,B012-C1003,Textiles Client 003,Textiles & Apparel,30,816720.89,2025-03-07,2025-04-06,closed,2025-04-30,54,24,False,False,improving_payer
INV12000067,B012,B012-C1003,Textiles Client 003,Textiles & Apparel,30,420944.97,2025-03-07,2025-04-06,closed,2025-05-04,58,28,False,False,improving_payer
INV12000068,B012,B012-C1003,Textiles Client 003,Textiles & Apparel,30,1164234.6,2025-03-20,2025-04-19,closed,2025-05-03,44,14,False,False,improving_payer
INV12000069,B012,B012-C1003,Textiles Client 003,Textiles & Apparel,30,479012.8,2025-03-31,2025-04-30,closed,2025-05-26,56,26,False,False,improving_payer
INV12000070,B012,B012-C1003,Textiles Client 003,Textiles & Apparel,30,745172.78,2025-05-02,2025-06-01,closed,2025-07-03,62,32,False,False,improving_payer
INV12000071,B012,B012-C1003,Textiles Client 003,Textiles & Apparel,30,809224.18,2025-06-22,2025-07-22,closed,2025-08-11,50,20,False,False,improving_payer
INV12000072,B012,B012-C1003,Textiles Client 003,Textiles & Apparel,30,774591.04,2025-07-05,2025-08-04,closed,2025-08-30,56,26,False,False,improving_payer
INV12000073,B012,B012-C1003,Textiles Client 003,Textiles & Apparel,30,754466.68,2025-07-12,2025-08-11,closed,2025-08-30,49,19,False,False,improving_payer
INV12000074,B012,B012-C1003,Textiles Client 003,Textiles & Apparel,30,2805288.16,2025-07-19,2025-08-18,closed,2025-09-01,44,14,False,True,improving_payer
INV12000075,B012,B012-C1003,Textiles Client 003,Textiles & Apparel,30,724050.35,2025-07-27,2025-08-26,closed,2025-09-20,55,25,False,False,improving_payer
INV12000076,B012,B012-C1003,Textiles Client 003,Textiles & Apparel,30,461442.51,2025-08-01,2025-08-31,closed,2025-09-12,42,12,False,False,improving_payer
INV12000077,B012,B012-C1003,Textiles Client 003,Textiles & Apparel,30,508915.5,2025-08-05,2025-09-04,closed,2025-09-22,48,18,False,False,improving_payer
INV12000078,B012,B012-C1003,Textiles Client 003,Textiles & Apparel,30,568263.39,2025-08-07,2025-09-06,closed,2025-10-03,57,27,False,False,improving_payer
INV12000079,B012,B012-C1003,Textiles Client 003,Textiles & Apparel,30,2021920.72,2025-09-08,2025-10-08,closed,2025-10-18,40,10,False,True,improving_payer
INV12000080,B012,B012-C1003,Textiles Client 003,Textiles & Apparel,30,851978.78,2025-09-23,2025-10-23,closed,2025-11-20,58,28,False,False,improving_payer
INV12000081,B012,B012-C1003,Textiles Client 003,Textiles & Apparel,30,554241.22,2025-09-27,2025-10-27,closed,2025-11-30,64,34,False,False,improving_payer
INV12000082,B012,B012-C1003,Textiles Client 003,Textiles & Apparel,30,987028.91,2025-09-27,2025-10-27,closed,2025-11-18,52,22,False,False,improving_payer
INV12000083,B012,B012-C1003,Textiles Client 003,Textiles & Apparel,30,700066.86,2025-10-25,2025-11-24,closed,2025-12-11,47,17,False,False,improving_payer
INV12000084,B012,B012-C1003,Textiles Client 003,Textiles & Apparel,30,939807.3,2025-11-18,2025-12-18,closed,2026-01-08,51,21,False,False,improving_payer
INV12000085,B012,B012-C1003,Textiles Client 003,Textiles & Apparel,30,491387.75,2025-12-13,2026-01-12,closed,2026-01-21,39,9,True,False,improving_payer
INV12000086,B012,B012-C1003,Textiles Client 003,Textiles & Apparel,30,500852.27,2026-01-05,2026-02-04,closed,2026-02-16,42,12,False,False,improving_payer
INV12000087,B012,B012-C1003,Textiles Client 003,Textiles & Apparel,30,767590.24,2026-01-16,2026-02-15,closed,2026-03-10,53,23,False,False,improving_payer
INV12000088,B012,B012-C1003,Textiles Client 003,Textiles & Apparel,30,470966.03,2026-01-18,2026-02-17,closed,2026-03-06,47,17,False,False,improving_payer
INV12000089,B012,B012-C1003,Textiles Client 003,Textiles & Apparel,30,836897.53,2026-02-11,2026-03-13,closed,2026-03-16,33,3,False,False,improving_payer
INV12000090,B012,B012-C1003,Textiles Client 003,Textiles & Apparel,30,847970.53,2026-02-24,2026-03-26,closed,2026-03-30,34,4,False,False,improving_payer
INV12000091,B012,B012-C1003,Textiles Client 003,Textiles & Apparel,30,663688.74,2026-03-05,2026-04-04,closed,2026-04-11,37,7,False,False,improving_payer
INV12000092,B012,B012-C1003,Textiles Client 003,Textiles & Apparel,30,751563.26,2026-04-05,2026-05-05,closed,2026-05-20,45,15,False,False,improving_payer
INV12000093,B012,B012-C1003,Textiles Client 003,Textiles & Apparel,30,580984.93,2026-04-05,2026-05-05,closed,2026-05-16,41,11,False,False,improving_payer
INV12000094,B012,B012-C1003,Textiles Client 003,Textiles & Apparel,30,781681.7,2026-04-13,2026-05-13,closed,2026-05-29,46,16,False,False,improving_payer
INV12000095,B012,B012-C1003,Textiles Client 003,Textiles & Apparel,30,673974.13,2026-05-10,2026-06-09,closed,2026-06-20,41,11,False,False,improving_payer
INV12000096,B012,B012-C1003,Textiles Client 003,Textiles & Apparel,30,750881.7,2026-05-16,2026-06-15,closed,2026-07-03,48,18,False,False,improving_payer
INV12000097,B012,B012-C1003,Textiles Client 003,Textiles & Apparel,30,522720.06,2026-05-31,2026-06-30,closed,2026-06-25,25,-5,False,False,improving_payer
INV12000098,B012,B012-C1003,Textiles Client 003,Textiles & Apparel,30,729595.87,2026-08-06,2026-09-05,open,,,,False,False,improving_payer
INV12000099,B012,B012-C1003,Textiles Client 003,Textiles & Apparel,30,2974115.8,2026-08-13,2026-09-12,open,,,,False,True,improving_payer
INV12000100,B012,B012-C1003,Textiles Client 003,Textiles & Apparel,30,645626.95,2026-08-24,2026-09-23,disputed_open,,,,False,False,improving_payer
INV12000101,B012,B012-C1004,FMCG Client 004,FMCG & Food Processing,30,150272.48,2024-04-08,2024-05-08,closed,2024-05-16,38,8,False,False,seasonal_payer
INV12000102,B012,B012-C1004,FMCG Client 004,FMCG & Food Processing,30,126712.25,2024-04-13,2024-05-13,closed,2024-05-16,33,3,False,False,seasonal_payer
INV12000103,B012,B012-C1004,FMCG Client 004,FMCG & Food Processing,30,306441.13,2024-04-20,2024-05-20,closed,2024-05-31,41,11,False,False,seasonal_payer
INV12000104,B012,B012-C1004,FMCG Client 004,FMCG & Food Processing,30,170373.55,2024-05-16,2024-06-15,closed,2024-06-09,24,-6,False,False,seasonal_payer
INV12000105,B012,B012-C1004,FMCG Client 004,FMCG & Food Processing,30,296200.78,2024-05-24,2024-06-23,closed,2024-07-03,40,10,False,False,seasonal_payer
INV12000106,B012,B012-C1004,FMCG Client 004,FMCG & Food Processing,30,235569.31,2024-07-12,2024-08-11,disputed_open,,,,False,False,seasonal_payer
INV12000107,B012,B012-C1004,FMCG Client 004,FMCG & Food Processing,30,348806.25,2024-07-14,2024-08-13,closed,2024-08-31,48,18,False,False,seasonal_payer
INV12000108,B012,B012-C1004,FMCG Client 004,FMCG & Food Processing,30,230237.02,2024-07-28,2024-08-27,closed,2024-09-06,40,10,False,False,seasonal_payer
INV12000109,B012,B012-C1004,FMCG Client 004,FMCG & Food Processing,30,1527500.47,2024-09-26,2024-10-26,closed,2024-11-02,37,7,False,True,seasonal_payer
INV12000110,B012,B012-C1004,FMCG Client 004,FMCG & Food Processing,30,282104.59,2024-10-06,2024-11-05,closed,2024-11-08,33,3,False,False,seasonal_payer
INV12000111,B012,B012-C1004,FMCG Client 004,FMCG & Food Processing,30,189355.61,2024-11-01,2024-12-01,closed,2024-12-01,30,0,False,False,seasonal_payer
INV12000112,B012,B012-C1004,FMCG Client 004,FMCG & Food Processing,30,276306.34,2025-01-16,2025-02-15,closed,2025-02-18,33,3,True,False,seasonal_payer
INV12000113,B012,B012-C1004,FMCG Client 004,FMCG & Food Processing,30,243914.82,2025-02-20,2025-03-22,closed,2025-04-02,41,11,False,False,seasonal_payer
INV12000114,B012,B012-C1004,FMCG Client 004,FMCG & Food Processing,30,322342.69,2025-04-01,2025-05-01,closed,2025-05-09,38,8,False,False,seasonal_payer
INV12000115,B012,B012-C1004,FMCG Client 004,FMCG & Food Processing,30,291348.67,2025-06-05,2025-07-05,closed,2025-07-11,36,6,False,False,seasonal_payer
INV12000116,B012,B012-C1004,FMCG Client 004,FMCG & Food Processing,30,293582.38,2025-06-26,2025-07-26,closed,2025-07-23,27,-3,False,False,seasonal_payer
INV12000117,B012,B012-C1004,FMCG Client 004,FMCG & Food Processing,30,210264.38,2025-07-04,2025-08-03,closed,2025-08-10,37,7,False,False,seasonal_payer
INV12000118,B012,B012-C1004,FMCG Client 004,FMCG & Food Processing,30,612986.33,2025-07-20,2025-08-19,closed,2025-08-27,38,8,False,True,seasonal_payer
INV12000119,B012,B012-C1004,FMCG Client 004,FMCG & Food Processing,30,395980.37,2025-07-31,2025-08-30,closed,2025-09-03,34,4,False,False,seasonal_payer
INV12000120,B012,B012-C1004,FMCG Client 004,FMCG & Food Processing,30,264773.21,2026-01-05,2026-02-04,closed,2026-02-08,34,4,False,False,seasonal_payer
INV12000121,B012,B012-C1004,FMCG Client 004,FMCG & Food Processing,30,274755.26,2026-01-08,2026-02-07,closed,2026-02-09,32,2,False,False,seasonal_payer
INV12000122,B012,B012-C1004,FMCG Client 004,FMCG & Food Processing,30,347421.4,2026-01-17,2026-02-16,closed,2026-02-28,42,12,False,False,seasonal_payer
INV12000123,B012,B012-C1004,FMCG Client 004,FMCG & Food Processing,30,213972.1,2026-02-11,2026-03-13,closed,2026-03-09,26,-4,False,False,seasonal_payer
INV12000124,B012,B012-C1004,FMCG Client 004,FMCG & Food Processing,30,313744.95,2026-03-06,2026-04-05,closed,2026-04-06,31,1,False,False,seasonal_payer
INV12000125,B012,B012-C1004,FMCG Client 004,FMCG & Food Processing,30,266970.04,2026-03-16,2026-04-15,closed,2026-05-01,46,16,False,False,seasonal_payer
INV12000126,B012,B012-C1004,FMCG Client 004,FMCG & Food Processing,30,181518.8,2026-04-17,2026-05-17,closed,2026-05-12,25,-5,False,False,seasonal_payer
INV12000127,B012,B012-C1004,FMCG Client 004,FMCG & Food Processing,30,240853.8,2026-04-21,2026-05-21,closed,2026-05-24,33,3,False,False,seasonal_payer
INV12000128,B012,B012-C1004,FMCG Client 004,FMCG & Food Processing,30,177004.26,2026-04-28,2026-05-28,closed,2026-05-26,28,-2,False,False,seasonal_payer
INV12000129,B012,B012-C1004,FMCG Client 004,FMCG & Food Processing,30,319043.34,2026-07-16,2026-08-15,closed,2026-08-27,42,12,False,False,seasonal_payer
INV12000130,B012,B012-C1005,Construction Client 005,Construction & Infra,30,79598.88,2024-04-20,2024-05-20,closed,2024-06-28,69,39,False,False,chronic_late_payer
INV12000131,B012,B012-C1005,Construction Client 005,Construction & Infra,30,42719.67,2024-06-14,2024-07-14,closed,2024-08-07,54,24,False,False,chronic_late_payer
INV12000132,B012,B012-C1005,Construction Client 005,Construction & Infra,30,52414.43,2024-09-13,2024-10-13,closed,2024-11-21,69,39,False,False,chronic_late_payer
INV12000133,B012,B012-C1005,Construction Client 005,Construction & Infra,30,86374.37,2024-10-26,2024-11-25,closed,2025-01-16,82,52,False,False,chronic_late_payer
INV12000134,B012,B012-C1005,Construction Client 005,Construction & Infra,30,71620.23,2024-10-30,2024-11-29,closed,2025-01-09,71,41,False,False,chronic_late_payer
INV12000135,B012,B012-C1005,Construction Client 005,Construction & Infra,30,91213.86,2024-11-09,2024-12-09,closed,2025-01-11,63,33,False,False,chronic_late_payer
INV12000136,B012,B012-C1005,Construction Client 005,Construction & Infra,30,112702.67,2024-11-12,2024-12-12,closed,2024-12-26,44,14,False,False,chronic_late_payer
INV12000137,B012,B012-C1005,Construction Client 005,Construction & Infra,30,89044.43,2024-11-15,2024-12-15,closed,2025-01-07,53,23,False,False,chronic_late_payer
INV12000138,B012,B012-C1005,Construction Client 005,Construction & Infra,30,69842.59,2024-12-02,2025-01-01,closed,2025-01-24,53,23,False,False,chronic_late_payer
INV12000139,B012,B012-C1005,Construction Client 005,Construction & Infra,30,54363.62,2024-12-22,2025-01-21,closed,2025-02-16,56,26,False,False,chronic_late_payer
INV12000140,B012,B012-C1005,Construction Client 005,Construction & Infra,30,85702.21,2025-02-07,2025-03-09,closed,2025-04-17,69,39,False,False,chronic_late_payer
INV12000141,B012,B012-C1005,Construction Client 005,Construction & Infra,30,57634.64,2025-02-17,2025-03-19,closed,2025-04-11,53,23,False,False,chronic_late_payer
INV12000142,B012,B012-C1005,Construction Client 005,Construction & Infra,30,45168.04,2025-02-20,2025-03-22,closed,2025-04-15,54,24,False,False,chronic_late_payer
INV12000143,B012,B012-C1005,Construction Client 005,Construction & Infra,30,166503.31,2025-03-12,2025-04-11,closed,2025-05-13,62,32,True,True,chronic_late_payer
INV12000144,B012,B012-C1005,Construction Client 005,Construction & Infra,30,109877.24,2025-03-22,2025-04-21,closed,2025-06-03,73,43,False,False,chronic_late_payer
INV12000145,B012,B012-C1005,Construction Client 005,Construction & Infra,30,87977.21,2025-03-31,2025-04-30,closed,2025-05-27,57,27,False,False,chronic_late_payer
INV12000146,B012,B012-C1005,Construction Client 005,Construction & Infra,30,72321.65,2025-05-26,2025-06-25,closed,2025-07-27,62,32,False,False,chronic_late_payer
INV12000147,B012,B012-C1005,Construction Client 005,Construction & Infra,30,143239.38,2025-05-28,2025-06-27,closed,2025-07-30,63,33,False,False,chronic_late_payer
INV12000148,B012,B012-C1005,Construction Client 005,Construction & Infra,30,135572.74,2025-06-01,2025-07-01,closed,2025-07-15,44,14,False,False,chronic_late_payer
INV12000149,B012,B012-C1005,Construction Client 005,Construction & Infra,30,84914.64,2025-06-10,2025-07-10,closed,2025-08-13,64,34,False,False,chronic_late_payer
INV12000150,B012,B012-C1005,Construction Client 005,Construction & Infra,30,132918.82,2025-07-14,2025-08-13,open,,,,False,False,chronic_late_payer
INV12000151,B012,B012-C1005,Construction Client 005,Construction & Infra,30,59196.68,2025-07-14,2025-08-13,closed,2025-09-13,61,31,False,False,chronic_late_payer
INV12000152,B012,B012-C1005,Construction Client 005,Construction & Infra,30,214041.86,2025-08-14,2025-09-13,closed,2025-10-12,59,29,False,True,chronic_late_payer
INV12000153,B012,B012-C1005,Construction Client 005,Construction & Infra,30,200537.03,2025-08-16,2025-09-15,closed,2025-10-09,54,24,False,True,chronic_late_payer
INV12000154,B012,B012-C1005,Construction Client 005,Construction & Infra,30,63731.4,2025-08-17,2025-09-16,closed,2025-09-30,44,14,False,False,chronic_late_payer
INV12000155,B012,B012-C1005,Construction Client 005,Construction & Infra,30,61658.83,2025-09-24,2025-10-24,closed,2025-11-18,55,25,False,False,chronic_late_payer
INV12000156,B012,B012-C1005,Construction Client 005,Construction & Infra,30,50894.38,2026-01-11,2026-02-10,closed,2026-03-15,63,33,False,False,chronic_late_payer
INV12000157,B012,B012-C1005,Construction Client 005,Construction & Infra,30,178654.37,2026-02-01,2026-03-03,closed,2026-04-11,69,39,False,False,chronic_late_payer
INV12000158,B012,B012-C1005,Construction Client 005,Construction & Infra,30,68704.42,2026-03-04,2026-04-03,closed,2026-05-18,75,45,False,False,chronic_late_payer
INV12000159,B012,B012-C1005,Construction Client 005,Construction & Infra,30,147972.19,2026-03-05,2026-04-04,closed,2026-04-18,44,14,False,False,chronic_late_payer
INV12000160,B012,B012-C1005,Construction Client 005,Construction & Infra,30,74893.14,2026-03-05,2026-04-04,closed,2026-04-25,51,21,False,False,chronic_late_payer
INV12000161,B012,B012-C1005,Construction Client 005,Construction & Infra,30,100129.36,2026-04-21,2026-05-21,closed,2026-06-21,61,31,False,False,chronic_late_payer
INV12000162,B012,B012-C1005,Construction Client 005,Construction & Infra,30,112841.57,2026-04-27,2026-05-27,closed,2026-06-28,62,32,False,False,chronic_late_payer
INV12000163,B012,B012-C1005,Construction Client 005,Construction & Infra,30,60443.54,2026-05-17,2026-06-16,closed,2026-07-15,59,29,False,False,chronic_late_payer
INV12000164,B012,B012-C1005,Construction Client 005,Construction & Infra,30,71058.92,2026-07-01,2026-07-31,closed,2026-08-26,56,26,False,False,chronic_late_payer
INV12000165,B012,B012-C1005,Construction Client 005,Construction & Infra,30,85351.53,2026-08-02,2026-09-01,open,,,,False,False,chronic_late_payer
INV12000166,B012,B012-C1005,Construction Client 005,Construction & Infra,30,86492.46,2026-08-25,2026-09-24,open,,,,False,False,chronic_late_payer
INV12000167,B012,B012-C1006,Metal Client 006,Metal & Engineering,30,144293.17,2024-09-15,2024-10-15,closed,2024-10-18,33,3,False,False,cold_start
INV12000168,B012,B012-C1006,Metal Client 006,Metal & Engineering,30,165233.54,2024-09-19,2024-10-19,disputed_open,,,,False,False,cold_start
INV12000169,B012,B012-C1006,Metal Client 006,Metal & Engineering,30,170382.62,2024-12-29,2025-01-28,closed,2025-02-05,38,8,False,False,cold_start
INV12000170,B012,B012-C1007,Auto Client 007,Auto Components,90,104357.71,2024-07-17,2024-10-15,closed,2024-10-30,105,15,False,False,average_payer
INV12000171,B012,B012-C1007,Auto Client 007,Auto Components,90,62765.28,2024-08-14,2024-11-12,closed,2024-11-13,91,1,False,False,average_payer
INV12000172,B012,B012-C1007,Auto Client 007,Auto Components,90,58567.51,2024-08-27,2024-11-25,closed,2024-11-30,95,5,True,False,average_payer
INV12000173,B012,B012-C1007,Auto Client 007,Auto Components,90,78619.52,2024-10-04,2025-01-02,closed,2025-01-08,96,6,False,False,average_payer
INV12000174,B012,B012-C1007,Auto Client 007,Auto Components,90,43761.92,2025-02-01,2025-05-02,closed,2025-05-08,96,6,False,False,average_payer
INV12000175,B012,B012-C1007,Auto Client 007,Auto Components,90,180583.24,2025-02-03,2025-05-04,closed,2025-05-27,113,23,False,False,average_payer
INV12000176,B012,B012-C1007,Auto Client 007,Auto Components,90,115632.0,2025-04-19,2025-07-18,closed,2025-08-01,104,14,False,False,average_payer
INV12000177,B012,B012-C1007,Auto Client 007,Auto Components,90,61799.36,2025-05-07,2025-08-05,closed,2025-08-05,90,0,False,False,average_payer
INV12000178,B012,B012-C1007,Auto Client 007,Auto Components,90,85599.49,2025-07-10,2025-10-08,closed,2025-10-08,90,0,False,False,average_payer
INV12000179,B012,B012-C1007,Auto Client 007,Auto Components,90,37319.88,2025-08-05,2025-11-03,closed,2025-11-13,100,10,False,False,average_payer
INV12000180,B012,B012-C1007,Auto Client 007,Auto Components,90,76139.46,2025-09-24,2025-12-23,closed,2025-12-22,89,-1,False,False,average_payer
INV12000181,B012,B012-C1007,Auto Client 007,Auto Components,90,98264.53,2025-10-08,2026-01-06,closed,2026-01-07,91,1,False,False,average_payer
INV12000182,B012,B012-C1007,Auto Client 007,Auto Components,90,429828.03,2025-11-27,2026-02-25,closed,2026-03-14,107,17,False,True,average_payer
INV12000183,B012,B012-C1007,Auto Client 007,Auto Components,90,79534.44,2026-01-16,2026-04-16,closed,2026-04-25,99,9,False,False,average_payer
INV12000184,B012,B012-C1007,Auto Client 007,Auto Components,90,90009.43,2026-01-22,2026-04-22,closed,2026-05-05,103,13,False,False,average_payer
INV12000185,B012,B012-C1007,Auto Client 007,Auto Components,90,56956.36,2026-02-04,2026-05-05,closed,2026-05-28,113,23,False,False,average_payer
INV12000186,B012,B012-C1007,Auto Client 007,Auto Components,90,38246.99,2026-02-07,2026-05-08,closed,2026-05-11,93,3,False,False,average_payer
INV12000187,B012,B012-C1007,Auto Client 007,Auto Components,90,88554.75,2026-06-24,2026-09-22,open,,,,False,False,average_payer
INV12000188,B012,B012-C1007,Auto Client 007,Auto Components,90,44113.16,2026-08-21,2026-11-19,open,,,,False,False,average_payer
INV12000189,B012,B012-C1008,Retail Client 008,Retail & Distribution,30,195415.54,2024-03-19,2024-04-18,closed,2024-04-25,37,7,False,False,average_payer
INV12000190,B012,B012-C1008,Retail Client 008,Retail & Distribution,30,259330.18,2024-04-24,2024-05-24,closed,2024-05-23,29,-1,False,False,average_payer
INV12000191,B012,B012-C1008,Retail Client 008,Retail & Distribution,30,273897.38,2024-05-13,2024-06-12,closed,2024-06-24,42,12,False,False,average_payer
INV12000192,B012,B012-C1008,Retail Client 008,Retail & Distribution,30,172308.3,2024-07-23,2024-08-22,closed,2024-09-09,48,18,False,False,average_payer
INV12000193,B012,B012-C1008,Retail Client 008,Retail & Distribution,30,196563.59,2024-09-15,2024-10-15,closed,2024-10-25,40,10,False,False,average_payer
INV12000194,B012,B012-C1008,Retail Client 008,Retail & Distribution,30,232715.4,2024-09-17,2024-10-17,closed,2024-10-24,37,7,False,False,average_payer
INV12000195,B012,B012-C1008,Retail Client 008,Retail & Distribution,30,309724.27,2024-09-21,2024-10-21,closed,2024-10-31,40,10,False,False,average_payer
INV12000196,B012,B012-C1008,Retail Client 008,Retail & Distribution,30,281750.3,2024-10-05,2024-11-04,closed,2024-11-14,40,10,False,False,average_payer
INV12000197,B012,B012-C1008,Retail Client 008,Retail & Distribution,30,220863.03,2024-10-05,2024-11-04,closed,2024-10-30,25,-5,False,False,average_payer
INV12000198,B012,B012-C1008,Retail Client 008,Retail & Distribution,30,369330.69,2024-10-30,2024-11-29,closed,2024-12-06,37,7,False,False,average_payer
INV12000199,B012,B012-C1008,Retail Client 008,Retail & Distribution,30,268816.35,2024-12-31,2025-01-30,closed,2025-02-04,35,5,False,False,average_payer
INV12000200,B012,B012-C1008,Retail Client 008,Retail & Distribution,30,208041.31,2025-01-13,2025-02-12,closed,2025-02-17,35,5,False,False,average_payer
INV12000201,B012,B012-C1008,Retail Client 008,Retail & Distribution,30,1670067.9,2025-01-28,2025-02-27,closed,2025-03-01,32,2,False,True,average_payer
INV12000202,B012,B012-C1008,Retail Client 008,Retail & Distribution,30,267682.43,2025-02-07,2025-03-09,closed,2025-03-10,31,1,False,False,average_payer
INV12000203,B012,B012-C1008,Retail Client 008,Retail & Distribution,30,224392.36,2025-02-28,2025-03-30,open,,,,False,False,average_payer
INV12000204,B012,B012-C1008,Retail Client 008,Retail & Distribution,30,207106.7,2025-04-16,2025-05-16,closed,2025-05-22,36,6,False,False,average_payer
INV12000205,B012,B012-C1008,Retail Client 008,Retail & Distribution,30,191506.62,2025-04-30,2025-05-30,closed,2025-06-08,39,9,False,False,average_payer
INV12000206,B012,B012-C1008,Retail Client 008,Retail & Distribution,30,261298.89,2025-05-03,2025-06-02,closed,2025-06-13,41,11,False,False,average_payer
INV12000207,B012,B012-C1008,Retail Client 008,Retail & Distribution,30,287960.15,2025-05-12,2025-06-11,closed,2025-06-21,40,10,False,False,average_payer
INV12000208,B012,B012-C1008,Retail Client 008,Retail & Distribution,30,154085.38,2025-06-27,2025-07-27,closed,2025-08-04,38,8,False,False,average_payer
INV12000209,B012,B012-C1008,Retail Client 008,Retail & Distribution,30,297762.32,2025-07-27,2025-08-26,closed,2025-08-31,35,5,False,False,average_payer
INV12000210,B012,B012-C1008,Retail Client 008,Retail & Distribution,30,176219.52,2025-08-18,2025-09-17,closed,2025-09-23,36,6,False,False,average_payer
INV12000211,B012,B012-C1008,Retail Client 008,Retail & Distribution,30,202945.39,2025-08-24,2025-09-23,closed,2025-09-24,31,1,False,False,average_payer
INV12000212,B012,B012-C1008,Retail Client 008,Retail & Distribution,30,161565.05,2025-10-18,2025-11-17,closed,2025-12-03,46,16,False,False,average_payer
INV12000213,B012,B012-C1008,Retail Client 008,Retail & Distribution,30,157488.2,2025-11-14,2025-12-14,closed,2025-12-16,32,2,False,False,average_payer
INV12000214,B012,B012-C1008,Retail Client 008,Retail & Distribution,30,235727.5,2025-12-14,2026-01-13,closed,2026-01-14,31,1,False,False,average_payer
INV12000215,B012,B012-C1008,Retail Client 008,Retail & Distribution,30,112928.13,2026-01-13,2026-02-12,closed,2026-02-12,30,0,False,False,average_payer
INV12000216,B012,B012-C1008,Retail Client 008,Retail & Distribution,30,276995.14,2026-01-17,2026-02-16,closed,2026-02-22,36,6,False,False,average_payer
INV12000217,B012,B012-C1008,Retail Client 008,Retail & Distribution,30,379818.82,2026-01-25,2026-02-24,closed,2026-02-28,34,4,False,False,average_payer
INV12000218,B012,B012-C1008,Retail Client 008,Retail & Distribution,30,248169.27,2026-01-26,2026-02-25,closed,2026-03-06,39,9,False,False,average_payer
INV12000219,B012,B012-C1008,Retail Client 008,Retail & Distribution,30,205727.73,2026-03-06,2026-04-05,closed,2026-04-15,40,10,False,False,average_payer
INV12000220,B012,B012-C1008,Retail Client 008,Retail & Distribution,30,220207.31,2026-04-18,2026-05-18,closed,2026-05-16,28,-2,False,False,average_payer
INV12000221,B012,B012-C1008,Retail Client 008,Retail & Distribution,30,200527.37,2026-05-21,2026-06-20,closed,2026-06-27,37,7,False,False,average_payer
INV12000222,B012,B012-C1008,Retail Client 008,Retail & Distribution,30,443910.04,2026-05-28,2026-06-27,closed,2026-07-10,43,13,False,False,average_payer
INV12000223,B012,B012-C1008,Retail Client 008,Retail & Distribution,30,215277.83,2026-07-05,2026-08-04,closed,2026-08-22,48,18,False,False,average_payer
INV12000224,B012,B012-C1008,Retail Client 008,Retail & Distribution,30,373284.7,2026-07-13,2026-08-12,closed,2026-08-16,34,4,False,False,average_payer
INV12000225,B012,B012-C1008,Retail Client 008,Retail & Distribution,30,182086.48,2026-08-13,2026-09-12,open,,,,False,False,average_payer
INV12000226,B012,B012-C1008,Retail Client 008,Retail & Distribution,30,195768.43,2026-08-17,2026-09-16,open,,,,False,False,average_payer
INV12000227,B012,B012-C1008,Retail Client 008,Retail & Distribution,30,246024.39,2026-09-01,2026-10-01,open,,,,False,False,average_payer
INV12000228,B012,B012-C1009,Textiles Client 009,Textiles & Apparel,45,16982.09,2024-05-03,2024-06-17,closed,2024-06-16,44,-1,False,False,prompt_payer
INV12000229,B012,B012-C1009,Textiles Client 009,Textiles & Apparel,45,11550.84,2024-05-10,2024-06-24,closed,2024-06-27,48,3,False,False,prompt_payer
INV12000230,B012,B012-C1009,Textiles Client 009,Textiles & Apparel,45,23624.41,2024-12-28,2025-02-11,closed,2025-02-11,45,0,False,False,prompt_payer
INV12000231,B012,B012-C1009,Textiles Client 009,Textiles & Apparel,45,15023.45,2025-02-08,2025-03-25,closed,2025-03-22,42,-3,False,False,prompt_payer
INV12000232,B012,B012-C1009,Textiles Client 009,Textiles & Apparel,45,16262.24,2025-03-02,2025-04-16,closed,2025-04-17,46,1,False,False,prompt_payer
INV12000233,B012,B012-C1009,Textiles Client 009,Textiles & Apparel,45,39283.41,2025-03-09,2025-04-23,closed,2025-04-25,47,2,False,False,prompt_payer
INV12000234,B012,B012-C1009,Textiles Client 009,Textiles & Apparel,45,29242.14,2025-04-14,2025-05-29,closed,2025-06-01,48,3,False,False,prompt_payer
INV12000235,B012,B012-C1009,Textiles Client 009,Textiles & Apparel,45,16246.59,2025-04-17,2025-06-01,closed,2025-06-03,47,2,False,False,prompt_payer
INV12000236,B012,B012-C1009,Textiles Client 009,Textiles & Apparel,45,17499.39,2025-05-26,2025-07-10,closed,2025-07-04,39,-6,False,False,prompt_payer
INV12000237,B012,B012-C1009,Textiles Client 009,Textiles & Apparel,45,43424.09,2025-07-01,2025-08-15,closed,2025-08-14,44,-1,False,False,prompt_payer
INV12000238,B012,B012-C1009,Textiles Client 009,Textiles & Apparel,45,18766.04,2025-07-19,2025-09-02,closed,2025-08-30,42,-3,False,False,prompt_payer
INV12000239,B012,B012-C1009,Textiles Client 009,Textiles & Apparel,45,24228.35,2025-09-10,2025-10-25,closed,2025-10-28,48,3,False,False,prompt_payer
INV12000240,B012,B012-C1009,Textiles Client 009,Textiles & Apparel,45,59726.17,2025-09-10,2025-10-25,closed,2025-10-25,45,0,False,True,prompt_payer
INV12000241,B012,B012-C1009,Textiles Client 009,Textiles & Apparel,45,28577.16,2025-09-22,2025-11-06,closed,2025-11-12,51,6,False,False,prompt_payer
INV12000242,B012,B012-C1009,Textiles Client 009,Textiles & Apparel,45,22361.91,2025-10-02,2025-11-16,closed,2025-11-15,44,-1,False,False,prompt_payer
INV12000243,B012,B012-C1009,Textiles Client 009,Textiles & Apparel,45,20407.85,2025-11-21,2026-01-05,closed,2026-01-07,47,2,False,False,prompt_payer
INV12000244,B012,B012-C1009,Textiles Client 009,Textiles & Apparel,45,16087.38,2026-01-18,2026-03-04,closed,2026-03-02,43,-2,False,False,prompt_payer
INV12000245,B012,B012-C1009,Textiles Client 009,Textiles & Apparel,45,17664.48,2026-05-05,2026-06-19,closed,2026-06-22,48,3,False,False,prompt_payer
INV12000246,B012,B012-C1009,Textiles Client 009,Textiles & Apparel,45,14303.49,2026-05-24,2026-07-08,closed,2026-07-08,45,0,False,False,prompt_payer
INV12000247,B012,B012-C1009,Textiles Client 009,Textiles & Apparel,45,22943.85,2026-07-30,2026-09-13,disputed_open,,,,False,False,prompt_payer
INV12000248,B012,B012-C1010,Pharma Client 010,Pharma & Healthcare,45,28016.46,2024-03-27,2024-05-11,closed,2024-05-21,55,10,False,False,average_payer
INV12000249,B012,B012-C1010,Pharma Client 010,Pharma & Healthcare,45,57892.45,2024-06-12,2024-07-27,closed,2024-07-30,48,3,True,False,average_payer
INV12000250,B012,B012-C1010,Pharma Client 010,Pharma & Healthcare,45,39570.8,2024-06-21,2024-08-05,closed,2024-08-14,54,9,False,False,average_payer
INV12000251,B012,B012-C1010,Pharma Client 010,Pharma & Healthcare,45,28441.23,2024-09-21,2024-11-05,closed,2024-10-31,40,-5,False,False,average_payer
INV12000252,B012,B012-C1010,Pharma Client 010,Pharma & Healthcare,45,47682.14,2024-10-23,2024-12-07,closed,2024-12-08,46,1,False,False,average_payer
INV12000253,B012,B012-C1010,Pharma Client 010,Pharma & Healthcare,45,43414.97,2024-11-07,2024-12-22,closed,2024-12-28,51,6,False,False,average_payer
INV12000254,B012,B012-C1010,Pharma Client 010,Pharma & Healthcare,45,23313.96,2024-12-02,2025-01-16,closed,2025-01-22,51,6,False,False,average_payer
INV12000255,B012,B012-C1010,Pharma Client 010,Pharma & Healthcare,45,58006.57,2024-12-14,2025-01-28,closed,2025-02-03,51,6,False,False,average_payer
INV12000256,B012,B012-C1010,Pharma Client 010,Pharma & Healthcare,45,32241.01,2025-02-21,2025-04-07,closed,2025-03-26,33,-12,False,False,average_payer
INV12000257,B012,B012-C1010,Pharma Client 010,Pharma & Healthcare,45,34038.28,2025-03-08,2025-04-22,closed,2025-04-29,52,7,False,False,average_payer
INV12000258,B012,B012-C1010,Pharma Client 010,Pharma & Healthcare,45,62533.75,2025-04-07,2025-05-22,closed,2025-05-18,41,-4,False,False,average_payer
INV12000259,B012,B012-C1010,Pharma Client 010,Pharma & Healthcare,45,40528.94,2025-04-29,2025-06-13,closed,2025-06-24,56,11,False,False,average_payer
INV12000260,B012,B012-C1010,Pharma Client 010,Pharma & Healthcare,45,44099.74,2025-05-13,2025-06-27,closed,2025-07-02,50,5,False,False,average_payer
INV12000261,B012,B012-C1010,Pharma Client 010,Pharma & Healthcare,45,49580.24,2025-05-15,2025-06-29,closed,2025-06-28,44,-1,False,False,average_payer
INV12000262,B012,B012-C1010,Pharma Client 010,Pharma & Healthcare,45,49416.18,2025-08-07,2025-09-21,closed,2025-09-20,44,-1,False,False,average_payer
INV12000263,B012,B012-C1010,Pharma Client 010,Pharma & Healthcare,45,38045.54,2025-10-02,2025-11-16,closed,2025-11-26,55,10,False,False,average_payer
INV12000264,B012,B012-C1010,Pharma Client 010,Pharma & Healthcare,45,28981.96,2025-11-19,2026-01-03,closed,2026-01-08,50,5,False,False,average_payer
INV12000265,B012,B012-C1010,Pharma Client 010,Pharma & Healthcare,45,46094.21,2025-12-06,2026-01-20,closed,2026-01-29,54,9,False,False,average_payer
INV12000266,B012,B012-C1010,Pharma Client 010,Pharma & Healthcare,45,33405.7,2026-02-07,2026-03-24,closed,2026-03-29,50,5,False,False,average_payer
INV12000267,B012,B012-C1010,Pharma Client 010,Pharma & Healthcare,45,64405.82,2026-03-06,2026-04-20,closed,2026-04-28,53,8,False,False,average_payer
INV12000268,B012,B012-C1010,Pharma Client 010,Pharma & Healthcare,45,56171.74,2026-03-30,2026-05-14,closed,2026-05-28,59,14,False,False,average_payer
INV12000269,B012,B012-C1010,Pharma Client 010,Pharma & Healthcare,45,40089.52,2026-05-14,2026-06-28,closed,2026-07-02,49,4,False,False,average_payer
INV12000270,B012,B012-C1010,Pharma Client 010,Pharma & Healthcare,45,27679.41,2026-05-19,2026-07-03,closed,2026-07-08,50,5,False,False,average_payer
INV12000271,B012,B012-C1010,Pharma Client 010,Pharma & Healthcare,45,44006.62,2026-07-25,2026-09-08,open,,,,False,False,average_payer
INV12000272,B012,B012-C1010,Pharma Client 010,Pharma & Healthcare,45,70411.74,2026-08-03,2026-09-17,open,,,,False,False,average_payer
INV12000273,B012,B012-C1011,Construction Client 011,Construction & Infra,60,129266.33,2024-03-31,2024-05-30,closed,2024-06-12,73,13,False,False,average_payer
INV12000274,B012,B012-C1011,Construction Client 011,Construction & Infra,60,127517.19,2024-04-01,2024-05-31,closed,2024-06-02,62,2,False,False,average_payer
INV12000275,B012,B012-C1011,Construction Client 011,Construction & Infra,60,390890.25,2024-05-12,2024-07-11,closed,2024-07-16,65,5,False,True,average_payer
INV12000276,B012,B012-C1011,Construction Client 011,Construction & Infra,60,198735.8,2024-10-22,2024-12-21,closed,2024-12-22,61,1,False,False,average_payer
INV12000277,B012,B012-C1011,Construction Client 011,Construction & Infra,60,74702.6,2024-12-07,2025-02-05,closed,2025-02-09,64,4,False,False,average_payer
INV12000278,B012,B012-C1011,Construction Client 011,Construction & Infra,60,103743.23,2025-01-04,2025-03-05,closed,2025-03-06,61,1,False,False,average_payer
INV12000279,B012,B012-C1011,Construction Client 011,Construction & Infra,60,45678.12,2025-01-04,2025-03-05,closed,2025-03-06,61,1,False,False,average_payer
INV12000280,B012,B012-C1011,Construction Client 011,Construction & Infra,60,106590.12,2025-02-01,2025-04-02,closed,2025-04-10,68,8,False,False,average_payer
INV12000281,B012,B012-C1011,Construction Client 011,Construction & Infra,60,152628.55,2025-02-10,2025-04-11,closed,2025-04-15,64,4,False,False,average_payer
INV12000282,B012,B012-C1011,Construction Client 011,Construction & Infra,60,126931.04,2025-02-16,2025-04-17,closed,2025-04-20,63,3,False,False,average_payer
INV12000283,B012,B012-C1011,Construction Client 011,Construction & Infra,60,141985.01,2025-04-06,2025-06-05,open,,,,False,False,average_payer
INV12000284,B012,B012-C1011,Construction Client 011,Construction & Infra,60,137266.03,2025-05-03,2025-07-02,closed,2025-07-08,66,6,False,False,average_payer
INV12000285,B012,B012-C1011,Construction Client 011,Construction & Infra,60,131192.6,2025-06-02,2025-08-01,closed,2025-08-08,67,7,False,False,average_payer
INV12000286,B012,B012-C1011,Construction Client 011,Construction & Infra,60,77634.83,2025-06-15,2025-08-14,closed,2025-08-16,62,2,False,False,average_payer
INV12000287,B012,B012-C1011,Construction Client 011,Construction & Infra,60,71223.15,2025-07-11,2025-09-09,closed,2025-09-10,61,1,False,False,average_payer
INV12000288,B012,B012-C1011,Construction Client 011,Construction & Infra,60,101717.68,2025-07-17,2025-09-15,closed,2025-09-22,67,7,False,False,average_payer
INV12000289,B012,B012-C1011,Construction Client 011,Construction & Infra,60,94241.8,2025-08-10,2025-10-09,closed,2025-10-05,56,-4,False,False,average_payer
INV12000290,B012,B012-C1011,Construction Client 011,Construction & Infra,60,112286.05,2025-09-27,2025-11-26,closed,2025-12-06,70,10,False,False,average_payer
INV12000291,B012,B012-C1011,Construction Client 011,Construction & Infra,60,134188.53,2025-10-20,2025-12-19,closed,2026-01-04,76,16,False,False,average_payer
INV12000292,B012,B012-C1011,Construction Client 011,Construction & Infra,60,208790.88,2025-11-08,2026-01-07,closed,2026-01-17,70,10,False,False,average_payer
INV12000293,B012,B012-C1011,Construction Client 011,Construction & Infra,60,142215.99,2025-11-20,2026-01-19,closed,2026-01-17,58,-2,False,False,average_payer
INV12000294,B012,B012-C1011,Construction Client 011,Construction & Infra,60,136962.82,2025-12-26,2026-02-24,closed,2026-03-02,66,6,False,False,average_payer
INV12000295,B012,B012-C1011,Construction Client 011,Construction & Infra,60,130004.65,2026-01-19,2026-03-20,closed,2026-03-24,64,4,False,False,average_payer
INV12000296,B012,B012-C1011,Construction Client 011,Construction & Infra,60,66988.89,2026-02-17,2026-04-18,closed,2026-04-23,65,5,False,False,average_payer
INV12000297,B012,B012-C1011,Construction Client 011,Construction & Infra,60,110872.39,2026-02-23,2026-04-24,closed,2026-04-24,60,0,False,False,average_payer
INV12000298,B012,B012-C1011,Construction Client 011,Construction & Infra,60,147428.7,2026-03-20,2026-05-19,closed,2026-06-02,74,14,False,False,average_payer
INV12000299,B012,B012-C1011,Construction Client 011,Construction & Infra,60,113600.99,2026-04-07,2026-06-06,closed,2026-06-11,65,5,False,False,average_payer
INV12000300,B012,B012-C1011,Construction Client 011,Construction & Infra,60,101456.43,2026-08-01,2026-09-30,disputed_open,,,,False,False,average_payer
INV12000301,B012,B012-C1012,Retail Client 012,Retail & Distribution,30,154703.62,2024-04-08,2024-05-08,closed,2024-05-21,43,13,False,False,erratic_payer
INV12000302,B012,B012-C1012,Retail Client 012,Retail & Distribution,30,413031.03,2024-04-23,2024-05-23,closed,2024-06-06,44,14,False,False,erratic_payer
INV12000303,B012,B012-C1012,Retail Client 012,Retail & Distribution,30,400986.3,2024-05-06,2024-06-05,closed,2024-06-12,37,7,False,False,erratic_payer
INV12000304,B012,B012-C1012,Retail Client 012,Retail & Distribution,30,328346.99,2024-05-12,2024-06-11,closed,2024-08-18,98,68,False,False,erratic_payer
INV12000305,B012,B012-C1012,Retail Client 012,Retail & Distribution,30,291611.81,2024-05-17,2024-06-16,closed,2024-06-21,35,5,False,False,erratic_payer
INV12000306,B012,B012-C1012,Retail Client 012,Retail & Distribution,30,422232.63,2024-08-07,2024-09-06,closed,2024-09-13,37,7,False,False,erratic_payer
INV12000307,B012,B012-C1012,Retail Client 012,Retail & Distribution,30,200527.66,2024-08-16,2024-09-15,closed,2024-09-26,41,11,False,False,erratic_payer
INV12000308,B012,B012-C1012,Retail Client 012,Retail & Distribution,30,354093.37,2024-09-06,2024-10-06,closed,2024-12-08,93,63,False,False,erratic_payer
INV12000309,B012,B012-C1012,Retail Client 012,Retail & Distribution,30,298380.12,2024-10-01,2024-10-31,closed,2024-10-28,27,-3,False,False,erratic_payer
INV12000310,B012,B012-C1012,Retail Client 012,Retail & Distribution,30,463420.96,2024-10-22,2024-11-21,closed,2024-11-29,38,8,False,False,erratic_payer
INV12000311,B012,B012-C1012,Retail Client 012,Retail & Distribution,30,1481303.88,2024-10-27,2024-11-26,closed,2024-12-15,49,19,False,True,erratic_payer
INV12000312,B012,B012-C1012,Retail Client 012,Retail & Distribution,30,323892.07,2024-12-01,2024-12-31,closed,2025-01-21,51,21,False,False,erratic_payer
INV12000313,B012,B012-C1012,Retail Client 012,Retail & Distribution,30,267698.38,2024-12-21,2025-01-20,closed,2025-01-26,36,6,False,False,erratic_payer
INV12000314,B012,B012-C1012,Retail Client 012,Retail & Distribution,30,653562.47,2025-01-07,2025-02-06,closed,2025-02-03,27,-3,False,False,erratic_payer
INV12000315,B012,B012-C1012,Retail Client 012,Retail & Distribution,30,254394.88,2025-04-20,2025-05-20,open,,,,False,False,erratic_payer
INV12000316,B012,B012-C1012,Retail Client 012,Retail & Distribution,30,229718.85,2025-04-24,2025-05-24,closed,2025-05-28,34,4,False,False,erratic_payer
INV12000317,B012,B012-C1012,Retail Client 012,Retail & Distribution,30,290606.79,2025-05-09,2025-06-08,closed,2025-05-29,20,-10,False,False,erratic_payer
INV12000318,B012,B012-C1012,Retail Client 012,Retail & Distribution,30,338346.59,2025-05-17,2025-06-16,closed,2025-06-24,38,8,False,False,erratic_payer
INV12000319,B012,B012-C1012,Retail Client 012,Retail & Distribution,30,411328.0,2025-08-13,2025-09-12,closed,2025-09-14,32,2,False,False,erratic_payer
INV12000320,B012,B012-C1012,Retail Client 012,Retail & Distribution,30,216650.37,2025-08-24,2025-09-23,closed,2025-09-13,20,-10,False,False,erratic_payer
INV12000321,B012,B012-C1012,Retail Client 012,Retail & Distribution,30,299248.49,2025-09-18,2025-10-18,closed,2025-10-21,33,3,False,False,erratic_payer
INV12000322,B012,B012-C1012,Retail Client 012,Retail & Distribution,30,263950.42,2025-10-21,2025-11-20,closed,2025-11-24,34,4,False,False,erratic_payer
INV12000323,B012,B012-C1012,Retail Client 012,Retail & Distribution,30,168025.6,2025-12-28,2026-01-27,closed,2026-02-16,50,20,False,False,erratic_payer
INV12000324,B012,B012-C1012,Retail Client 012,Retail & Distribution,30,333233.55,2026-01-19,2026-02-18,closed,2026-03-02,42,12,False,False,erratic_payer
INV12000325,B012,B012-C1012,Retail Client 012,Retail & Distribution,30,505476.95,2026-01-31,2026-03-02,closed,2026-03-02,30,0,False,False,erratic_payer
INV12000326,B012,B012-C1012,Retail Client 012,Retail & Distribution,30,206715.0,2026-03-15,2026-04-14,closed,2026-04-01,17,-13,False,False,erratic_payer
INV12000327,B012,B012-C1012,Retail Client 012,Retail & Distribution,30,310947.25,2026-04-08,2026-05-08,closed,2026-05-03,25,-5,False,False,erratic_payer
INV12000328,B012,B012-C1012,Retail Client 012,Retail & Distribution,30,230518.78,2026-05-20,2026-06-19,closed,2026-06-25,36,6,False,False,erratic_payer
INV12000329,B012,B012-C1012,Retail Client 012,Retail & Distribution,30,201396.86,2026-07-27,2026-08-26,open,,,,False,False,erratic_payer
INV12000330,B012,B012-C1012,Retail Client 012,Retail & Distribution,30,347273.87,2026-08-03,2026-09-02,disputed_open,,,,False,False,erratic_payer
INV12000331,B012,B012-C1012,Retail Client 012,Retail & Distribution,30,638692.06,2026-08-14,2026-09-13,open,,,,False,False,erratic_payer
INV12000332,B012,B012-C1013,Retail Client 013,Retail & Distribution,60,39737.83,2024-03-31,2024-05-30,closed,2024-06-21,82,22,False,False,chronic_late_payer
INV12000333,B012,B012-C1013,Retail Client 013,Retail & Distribution,60,34825.86,2024-04-23,2024-06-22,closed,2024-08-12,111,51,False,False,chronic_late_payer
INV12000334,B012,B012-C1013,Retail Client 013,Retail & Distribution,60,26916.36,2024-06-03,2024-08-02,closed,2024-09-10,99,39,False,False,chronic_late_payer
INV12000335,B012,B012-C1013,Retail Client 013,Retail & Distribution,60,26113.04,2024-07-02,2024-08-31,closed,2024-09-16,76,16,False,False,chronic_late_payer
INV12000336,B012,B012-C1013,Retail Client 013,Retail & Distribution,60,92689.36,2024-09-23,2024-11-22,open,,,,False,True,chronic_late_payer
INV12000337,B012,B012-C1013,Retail Client 013,Retail & Distribution,60,17586.21,2024-11-28,2025-01-27,closed,2025-02-26,90,30,False,False,chronic_late_payer
INV12000338,B012,B012-C1013,Retail Client 013,Retail & Distribution,60,39449.15,2025-02-28,2025-04-29,closed,2025-06-19,111,51,False,False,chronic_late_payer
INV12000339,B012,B012-C1013,Retail Client 013,Retail & Distribution,60,27651.56,2025-03-04,2025-05-03,closed,2025-06-04,92,32,False,False,chronic_late_payer
INV12000340,B012,B012-C1013,Retail Client 013,Retail & Distribution,60,35022.96,2025-03-08,2025-05-07,closed,2025-05-21,74,14,False,False,chronic_late_payer
INV12000341,B012,B012-C1013,Retail Client 013,Retail & Distribution,60,32641.31,2025-03-21,2025-05-20,closed,2025-06-17,88,28,False,False,chronic_late_payer
INV12000342,B012,B012-C1013,Retail Client 013,Retail & Distribution,60,42165.07,2025-04-30,2025-06-29,closed,2025-07-24,85,25,False,False,chronic_late_payer
INV12000343,B012,B012-C1013,Retail Client 013,Retail & Distribution,60,53693.62,2025-05-24,2025-07-23,closed,2025-08-24,92,32,False,False,chronic_late_payer
INV12000344,B012,B012-C1013,Retail Client 013,Retail & Distribution,60,38354.2,2025-06-21,2025-08-20,closed,2025-09-26,97,37,False,False,chronic_late_payer
INV12000345,B012,B012-C1013,Retail Client 013,Retail & Distribution,60,17137.98,2025-08-28,2025-10-27,closed,2025-12-06,100,40,False,False,chronic_late_payer
INV12000346,B012,B012-C1013,Retail Client 013,Retail & Distribution,60,34896.43,2025-11-03,2026-01-02,closed,2026-01-29,87,27,False,False,chronic_late_payer
INV12000347,B012,B012-C1013,Retail Client 013,Retail & Distribution,60,22383.77,2026-01-08,2026-03-09,closed,2026-04-16,98,38,False,False,chronic_late_payer
INV12000348,B012,B012-C1013,Retail Client 013,Retail & Distribution,60,24776.55,2026-02-07,2026-04-08,closed,2026-05-06,88,28,False,False,chronic_late_payer
INV12000349,B012,B012-C1013,Retail Client 013,Retail & Distribution,60,28867.62,2026-03-27,2026-05-26,closed,2026-06-09,74,14,False,False,chronic_late_payer
INV12000350,B012,B012-C1013,Retail Client 013,Retail & Distribution,60,24383.56,2026-04-21,2026-06-20,closed,2026-07-15,85,25,False,False,chronic_late_payer
INV12000351,B012,B012-C1013,Retail Client 013,Retail & Distribution,60,25971.55,2026-05-05,2026-07-04,closed,2026-07-18,74,14,False,False,chronic_late_payer
INV12000352,B012,B012-C1013,Retail Client 013,Retail & Distribution,60,35383.56,2026-05-13,2026-07-12,closed,2026-08-03,82,22,False,False,chronic_late_payer
INV12000353,B012,B012-C1013,Retail Client 013,Retail & Distribution,60,24894.26,2026-05-29,2026-07-28,closed,2026-08-21,84,24,False,False,chronic_late_payer
INV12000354,B012,B012-C1013,Retail Client 013,Retail & Distribution,60,25172.21,2026-07-04,2026-09-02,open,,,,False,False,chronic_late_payer
INV12000355,B012,B012-C1013,Retail Client 013,Retail & Distribution,60,50903.65,2026-07-08,2026-09-06,open,,,,False,False,chronic_late_payer
INV12000356,B012,B012-C1013,Retail Client 013,Retail & Distribution,60,28579.39,2026-07-30,2026-09-28,disputed_open,,,,False,False,chronic_late_payer
INV12000357,B012,B012-C1013,Retail Client 013,Retail & Distribution,60,14378.35,2026-08-10,2026-10-09,disputed_open,,,,False,False,chronic_late_payer
INV12000358,B012,B012-C1013,Retail Client 013,Retail & Distribution,60,49691.41,2026-08-13,2026-10-12,open,,,,False,False,chronic_late_payer
INV12000359,B012,B012-C1013,Retail Client 013,Retail & Distribution,60,29912.74,2026-08-30,2026-10-29,open,,,,False,False,chronic_late_payer
INV12000360,B012,B012-C1014,Metal Client 014,Metal & Engineering,30,134151.58,2025-09-11,2025-10-11,closed,2025-11-03,53,23,False,False,cold_start
INV12000361,B012,B012-C1014,Metal Client 014,Metal & Engineering,30,140833.43,2025-10-31,2025-11-30,closed,2025-12-04,34,4,False,False,cold_start
INV12000362,B012,B012-C1014,Metal Client 014,Metal & Engineering,30,155457.6,2026-06-05,2026-07-05,closed,2026-07-12,37,7,False,False,cold_start
INV12000363,B012,B012-C1015,Textiles Client 015,Textiles & Apparel,30,45402.76,2024-04-05,2024-05-05,closed,2024-06-15,71,41,False,False,chronic_late_payer
INV12000364,B012,B012-C1015,Textiles Client 015,Textiles & Apparel,30,81159.74,2024-04-17,2024-05-17,closed,2024-06-08,52,22,False,False,chronic_late_payer
INV12000365,B012,B012-C1015,Textiles Client 015,Textiles & Apparel,30,217395.95,2024-05-03,2024-06-02,closed,2024-07-21,79,49,False,True,chronic_late_payer
INV12000366,B012,B012-C1015,Textiles Client 015,Textiles & Apparel,30,48503.91,2024-05-07,2024-06-06,closed,2024-07-29,83,53,False,False,chronic_late_payer
INV12000367,B012,B012-C1015,Textiles Client 015,Textiles & Apparel,30,56637.37,2024-05-25,2024-06-24,open,,,,False,False,chronic_late_payer
INV12000368,B012,B012-C1015,Textiles Client 015,Textiles & Apparel,30,59937.69,2024-06-16,2024-07-16,closed,2024-08-15,60,30,True,False,chronic_late_payer
INV12000369,B012,B012-C1015,Textiles Client 015,Textiles & Apparel,30,56822.52,2024-08-03,2024-09-02,closed,2024-10-12,70,40,False,False,chronic_late_payer
INV12000370,B012,B012-C1015,Textiles Client 015,Textiles & Apparel,30,47921.22,2024-08-22,2024-09-21,closed,2024-10-12,51,21,False,False,chronic_late_payer
INV12000371,B012,B012-C1015,Textiles Client 015,Textiles & Apparel,30,70005.83,2024-08-23,2024-09-22,closed,2024-10-18,56,26,False,False,chronic_late_payer
INV12000372,B012,B012-C1015,Textiles Client 015,Textiles & Apparel,30,63097.12,2024-08-28,2024-09-27,closed,2024-11-18,82,52,False,False,chronic_late_payer
INV12000373,B012,B012-C1015,Textiles Client 015,Textiles & Apparel,30,34214.95,2024-09-15,2024-10-15,closed,2024-11-22,68,38,False,False,chronic_late_payer
INV12000374,B012,B012-C1015,Textiles Client 015,Textiles & Apparel,30,50184.64,2024-10-21,2024-11-20,closed,2024-12-04,44,14,False,False,chronic_late_payer
INV12000375,B012,B012-C1015,Textiles Client 015,Textiles & Apparel,30,38447.14,2024-11-05,2024-12-05,closed,2024-12-24,49,19,False,False,chronic_late_payer
INV12000376,B012,B012-C1015,Textiles Client 015,Textiles & Apparel,30,72876.1,2024-11-20,2024-12-20,closed,2025-01-09,50,20,False,False,chronic_late_payer
INV12000377,B012,B012-C1015,Textiles Client 015,Textiles & Apparel,30,55128.25,2024-11-21,2024-12-21,closed,2025-01-31,71,41,False,False,chronic_late_payer
INV12000378,B012,B012-C1015,Textiles Client 015,Textiles & Apparel,30,54824.61,2024-12-20,2025-01-19,closed,2025-02-25,67,37,False,False,chronic_late_payer
INV12000379,B012,B012-C1015,Textiles Client 015,Textiles & Apparel,30,67972.01,2024-12-31,2025-01-30,closed,2025-03-11,70,40,False,False,chronic_late_payer
INV12000380,B012,B012-C1015,Textiles Client 015,Textiles & Apparel,30,68594.6,2025-05-29,2025-06-28,closed,2025-08-22,85,55,False,False,chronic_late_payer
INV12000381,B012,B012-C1015,Textiles Client 015,Textiles & Apparel,30,69135.55,2025-06-24,2025-07-24,closed,2025-08-23,60,30,False,False,chronic_late_payer
INV12000382,B012,B012-C1015,Textiles Client 015,Textiles & Apparel,30,57396.5,2025-07-02,2025-08-01,closed,2025-08-31,60,30,False,False,chronic_late_payer
INV12000383,B012,B012-C1015,Textiles Client 015,Textiles & Apparel,30,61201.71,2025-07-11,2025-08-10,closed,2025-09-12,63,33,False,False,chronic_late_payer
INV12000384,B012,B012-C1015,Textiles Client 015,Textiles & Apparel,30,81633.3,2025-07-20,2025-08-19,closed,2025-09-23,65,35,False,False,chronic_late_payer
INV12000385,B012,B012-C1015,Textiles Client 015,Textiles & Apparel,30,40496.11,2025-08-08,2025-09-07,closed,2025-10-04,57,27,False,False,chronic_late_payer
INV12000386,B012,B012-C1015,Textiles Client 015,Textiles & Apparel,30,60641.59,2025-08-20,2025-09-19,closed,2025-11-04,76,46,False,False,chronic_late_payer
INV12000387,B012,B012-C1015,Textiles Client 015,Textiles & Apparel,30,43766.46,2025-10-05,2025-11-04,closed,2025-12-04,60,30,False,False,chronic_late_payer
INV12000388,B012,B012-C1015,Textiles Client 015,Textiles & Apparel,30,52609.18,2025-10-05,2025-11-04,closed,2025-12-12,68,38,False,False,chronic_late_payer
INV12000389,B012,B012-C1015,Textiles Client 015,Textiles & Apparel,30,39171.68,2025-10-10,2025-11-09,closed,2025-12-20,71,41,False,False,chronic_late_payer
INV12000390,B012,B012-C1015,Textiles Client 015,Textiles & Apparel,30,33832.23,2026-02-02,2026-03-04,closed,2026-04-27,84,54,False,False,chronic_late_payer
INV12000391,B012,B012-C1015,Textiles Client 015,Textiles & Apparel,30,65740.3,2026-03-07,2026-04-06,closed,2026-05-18,72,42,False,False,chronic_late_payer
INV12000392,B012,B012-C1015,Textiles Client 015,Textiles & Apparel,30,43024.23,2026-03-11,2026-04-10,closed,2026-05-18,68,38,False,False,chronic_late_payer
INV12000393,B012,B012-C1015,Textiles Client 015,Textiles & Apparel,30,50155.69,2026-03-26,2026-04-25,closed,2026-06-10,76,46,True,False,chronic_late_payer
INV12000394,B012,B012-C1015,Textiles Client 015,Textiles & Apparel,30,32637.47,2026-04-02,2026-05-02,closed,2026-06-04,63,33,False,False,chronic_late_payer
INV12000395,B012,B012-C1015,Textiles Client 015,Textiles & Apparel,30,36108.55,2026-04-18,2026-05-18,closed,2026-06-26,69,39,False,False,chronic_late_payer
INV12000396,B012,B012-C1015,Textiles Client 015,Textiles & Apparel,30,71868.16,2026-04-20,2026-05-20,closed,2026-07-13,84,54,False,False,chronic_late_payer
INV12000397,B012,B012-C1015,Textiles Client 015,Textiles & Apparel,30,47619.18,2026-05-09,2026-06-08,closed,2026-07-05,57,27,False,False,chronic_late_payer
INV12000398,B012,B012-C1015,Textiles Client 015,Textiles & Apparel,30,52923.85,2026-07-12,2026-08-11,open,,,,False,False,chronic_late_payer
INV12000399,B012,B012-C1016,Construction Client 016,Construction & Infra,60,62841.6,2024-03-18,2024-05-17,closed,2024-05-18,61,1,False,False,average_payer
INV12000400,B012,B012-C1016,Construction Client 016,Construction & Infra,60,83740.76,2024-04-14,2024-06-13,closed,2024-06-24,71,11,False,False,average_payer
INV12000401,B012,B012-C1016,Construction Client 016,Construction & Infra,60,47040.56,2024-05-26,2024-07-25,closed,2024-08-11,77,17,False,False,average_payer
INV12000402,B012,B012-C1016,Construction Client 016,Construction & Infra,60,57724.8,2024-05-27,2024-07-26,closed,2024-08-13,78,18,False,False,average_payer
INV12000403,B012,B012-C1016,Construction Client 016,Construction & Infra,60,66636.08,2024-05-30,2024-07-29,closed,2024-07-22,53,-7,False,False,average_payer
INV12000404,B012,B012-C1016,Construction Client 016,Construction & Infra,60,65019.74,2024-06-04,2024-08-03,closed,2024-08-03,60,0,False,False,average_payer
INV12000405,B012,B012-C1016,Construction Client 016,Construction & Infra,60,54896.74,2024-06-06,2024-08-05,closed,2024-07-31,55,-5,False,False,average_payer
INV12000406,B012,B012-C1016,Construction Client 016,Construction & Infra,60,84827.16,2024-06-27,2024-08-26,closed,2024-08-26,60,0,False,False,average_payer
INV12000407,B012,B012-C1016,Construction Client 016,Construction & Infra,60,54579.26,2024-08-12,2024-10-11,closed,2024-10-14,63,3,False,False,average_payer
INV12000408,B012,B012-C1016,Construction Client 016,Construction & Infra,60,80860.02,2024-08-24,2024-10-23,closed,2024-10-31,68,8,False,False,average_payer
INV12000409,B012,B012-C1016,Construction Client 016,Construction & Infra,60,45954.87,2024-08-24,2024-10-23,closed,2024-11-08,76,16,False,False,average_payer
INV12000410,B012,B012-C1016,Construction Client 016,Construction & Infra,60,49501.5,2024-09-13,2024-11-12,closed,2024-11-08,56,-4,False,False,average_payer
INV12000411,B012,B012-C1016,Construction Client 016,Construction & Infra,60,53409.71,2024-09-13,2024-11-12,closed,2024-11-10,58,-2,True,False,average_payer
INV12000412,B012,B012-C1016,Construction Client 016,Construction & Infra,60,66767.48,2024-09-30,2024-11-29,closed,2024-12-12,73,13,False,False,average_payer
INV12000413,B012,B012-C1016,Construction Client 016,Construction & Infra,60,53268.08,2024-10-01,2024-11-30,closed,2024-12-11,71,11,False,False,average_payer
INV12000414,B012,B012-C1016,Construction Client 016,Construction & Infra,60,80222.38,2024-10-08,2024-12-07,closed,2024-12-14,67,7,False,True,average_payer
INV12000415,B012,B012-C1016,Construction Client 016,Construction & Infra,60,57334.91,2024-10-11,2024-12-10,closed,2024-12-12,62,2,False,False,average_payer
INV12000416,B012,B012-C1016,Construction Client 016,Construction & Infra,60,82283.09,2024-11-12,2025-01-11,closed,2025-01-14,63,3,False,False,average_payer
INV12000417,B012,B012-C1016,Construction Client 016,Construction & Infra,60,33945.41,2024-12-01,2025-01-30,closed,2025-01-25,55,-5,False,False,average_payer
INV12000418,B012,B012-C1016,Construction Client 016,Construction & Infra,60,43117.33,2025-01-19,2025-03-20,closed,2025-04-01,72,12,False,False,average_payer
INV12000419,B012,B012-C1016,Construction Client 016,Construction & Infra,60,90382.03,2025-02-28,2025-04-29,closed,2025-05-17,78,18,False,False,average_payer
INV12000420,B012,B012-C1016,Construction Client 016,Construction & Infra,60,78570.78,2025-03-10,2025-05-09,closed,2025-05-19,70,10,False,False,average_payer
INV12000421,B012,B012-C1016,Construction Client 016,Construction & Infra,60,68259.65,2025-03-13,2025-05-12,closed,2025-05-19,67,7,False,False,average_payer
INV12000422,B012,B012-C1016,Construction Client 016,Construction & Infra,60,111492.61,2025-03-14,2025-05-13,closed,2025-05-17,64,4,False,False,average_payer
INV12000423,B012,B012-C1016,Construction Client 016,Construction & Infra,60,95788.38,2025-04-01,2025-05-31,closed,2025-06-04,64,4,False,False,average_payer
INV12000424,B012,B012-C1016,Construction Client 016,Construction & Infra,60,45067.85,2025-04-19,2025-06-18,closed,2025-06-15,57,-3,False,False,average_payer
INV12000425,B012,B012-C1016,Construction Client 016,Construction & Infra,60,47852.48,2025-04-29,2025-06-28,closed,2025-06-24,56,-4,False,False,average_payer
INV12000426,B012,B012-C1016,Construction Client 016,Construction & Infra,60,45775.75,2025-05-20,2025-07-19,closed,2025-07-25,66,6,False,False,average_payer
INV12000427,B012,B012-C1016,Construction Client 016,Construction & Infra,60,61016.67,2025-06-09,2025-08-08,closed,2025-08-08,60,0,False,False,average_payer
INV12000428,B012,B012-C1016,Construction Client 016,Construction & Infra,60,86694.27,2025-06-11,2025-08-10,closed,2025-08-05,55,-5,False,False,average_payer
INV12000429,B012,B012-C1016,Construction Client 016,Construction & Infra,60,79470.95,2025-07-18,2025-09-16,closed,2025-10-13,87,27,False,False,average_payer
INV12000430,B012,B012-C1016,Construction Client 016,Construction & Infra,60,52807.89,2025-07-18,2025-09-16,closed,2025-09-23,67,7,False,False,average_payer
INV12000431,B012,B012-C1016,Construction Client 016,Construction & Infra,60,54521.71,2025-07-20,2025-09-18,closed,2025-09-20,62,2,False,False,average_payer
INV12000432,B012,B012-C1016,Construction Client 016,Construction & Infra,60,53575.57,2025-08-16,2025-10-15,closed,2025-10-19,64,4,False,False,average_payer
INV12000433,B012,B012-C1016,Construction Client 016,Construction & Infra,60,56201.54,2025-08-23,2025-10-22,closed,2025-10-23,61,1,False,False,average_payer
INV12000434,B012,B012-C1016,Construction Client 016,Construction & Infra,60,109685.06,2025-09-20,2025-11-19,closed,2025-11-23,64,4,False,False,average_payer
INV12000435,B012,B012-C1016,Construction Client 016,Construction & Infra,60,57321.18,2025-09-30,2025-11-29,closed,2025-11-29,60,0,False,False,average_payer
INV12000436,B012,B012-C1016,Construction Client 016,Construction & Infra,60,47588.38,2025-11-04,2026-01-03,closed,2025-12-28,54,-6,False,False,average_payer
INV12000437,B012,B012-C1016,Construction Client 016,Construction & Infra,60,140860.3,2025-11-28,2026-01-27,closed,2026-02-03,67,7,False,False,average_payer
INV12000438,B012,B012-C1016,Construction Client 016,Construction & Infra,60,64546.54,2025-12-06,2026-02-04,closed,2026-02-06,62,2,False,False,average_payer
INV12000439,B012,B012-C1016,Construction Client 016,Construction & Infra,60,65814.34,2025-12-11,2026-02-09,closed,2026-02-08,59,-1,False,False,average_payer
INV12000440,B012,B012-C1016,Construction Client 016,Construction & Infra,60,87926.06,2025-12-14,2026-02-12,closed,2026-02-21,69,9,False,False,average_payer
INV12000441,B012,B012-C1016,Construction Client 016,Construction & Infra,60,68973.98,2025-12-25,2026-02-23,closed,2026-02-28,65,5,False,False,average_payer
INV12000442,B012,B012-C1016,Construction Client 016,Construction & Infra,60,92325.36,2026-01-14,2026-03-15,closed,2026-03-25,70,10,False,False,average_payer
INV12000443,B012,B012-C1016,Construction Client 016,Construction & Infra,60,59922.24,2026-01-24,2026-03-25,closed,2026-04-03,69,9,False,False,average_payer
INV12000444,B012,B012-C1016,Construction Client 016,Construction & Infra,60,54923.97,2026-02-18,2026-04-19,closed,2026-04-24,65,5,False,False,average_payer
INV12000445,B012,B012-C1016,Construction Client 016,Construction & Infra,60,72413.26,2026-03-25,2026-05-24,closed,2026-06-07,74,14,False,False,average_payer
INV12000446,B012,B012-C1016,Construction Client 016,Construction & Infra,60,44871.92,2026-03-25,2026-05-24,closed,2026-06-11,78,18,False,False,average_payer
INV12000447,B012,B012-C1016,Construction Client 016,Construction & Infra,60,60954.99,2026-04-03,2026-06-02,closed,2026-06-17,75,15,False,False,average_payer
INV12000448,B012,B012-C1016,Construction Client 016,Construction & Infra,60,166303.43,2026-04-13,2026-06-12,closed,2026-06-12,60,0,False,False,average_payer
INV12000449,B012,B012-C1016,Construction Client 016,Construction & Infra,60,89246.6,2026-06-16,2026-08-15,closed,2026-08-24,69,9,False,False,average_payer
INV12000450,B012,B012-C1016,Construction Client 016,Construction & Infra,60,67269.7,2026-07-07,2026-09-05,open,,,,False,False,average_payer
INV12000451,B012,B012-C1016,Construction Client 016,Construction & Infra,60,68450.58,2026-07-24,2026-09-22,open,,,,False,False,average_payer
INV12000452,B012,B012-C1016,Construction Client 016,Construction & Infra,60,34124.53,2026-08-30,2026-10-29,open,,,,False,False,average_payer
INV12000453,B012,B012-C1017,Retail Client 017,Retail & Distribution,45,32557.2,2024-04-10,2024-05-25,closed,2024-06-04,55,10,False,False,improving_payer
INV12000454,B012,B012-C1017,Retail Client 017,Retail & Distribution,45,32908.56,2024-06-01,2024-07-16,closed,2024-09-13,104,59,False,False,improving_payer
INV12000455,B012,B012-C1017,Retail Client 017,Retail & Distribution,45,42606.51,2024-06-08,2024-07-23,closed,2024-08-20,73,28,False,False,improving_payer
INV12000456,B012,B012-C1017,Retail Client 017,Retail & Distribution,45,25595.89,2024-06-08,2024-07-23,closed,2024-09-05,89,44,False,False,improving_payer
INV12000457,B012,B012-C1017,Retail Client 017,Retail & Distribution,45,33693.86,2024-07-11,2024-08-25,closed,2024-10-01,82,37,False,False,improving_payer
INV12000458,B012,B012-C1017,Retail Client 017,Retail & Distribution,45,30588.26,2024-08-02,2024-09-16,closed,2024-10-28,87,42,False,False,improving_payer
INV12000459,B012,B012-C1017,Retail Client 017,Retail & Distribution,45,18015.83,2024-09-24,2024-11-08,closed,2024-12-12,79,34,False,False,improving_payer
INV12000460,B012,B012-C1017,Retail Client 017,Retail & Distribution,45,26934.89,2024-11-07,2024-12-22,closed,2025-01-09,63,18,False,False,improving_payer
INV12000461,B012,B012-C1017,Retail Client 017,Retail & Distribution,45,19535.17,2024-11-09,2024-12-24,closed,2025-01-02,54,9,False,False,improving_payer
INV12000462,B012,B012-C1017,Retail Client 017,Retail & Distribution,45,28421.92,2024-12-06,2025-01-20,closed,2025-02-12,68,23,False,False,improving_payer
INV12000463,B012,B012-C1017,Retail Client 017,Retail & Distribution,45,43631.72,2024-12-29,2025-02-12,closed,2025-03-15,76,31,False,False,improving_payer
INV12000464,B012,B012-C1017,Retail Client 017,Retail & Distribution,45,23570.15,2025-03-13,2025-04-27,closed,2025-05-30,78,33,False,False,improving_payer
INV12000465,B012,B012-C1017,Retail Client 017,Retail & Distribution,45,33832.5,2025-04-03,2025-05-18,closed,2025-06-26,84,39,False,False,improving_payer
INV12000466,B012,B012-C1017,Retail Client 017,Retail & Distribution,45,18029.47,2025-05-08,2025-06-22,closed,2025-07-13,66,21,False,False,improving_payer
INV12000467,B012,B012-C1017,Retail Client 017,Retail & Distribution,45,30759.32,2025-05-15,2025-06-29,closed,2025-07-30,76,31,False,False,improving_payer
INV12000468,B012,B012-C1017,Retail Client 017,Retail & Distribution,45,25498.72,2025-06-13,2025-07-28,closed,2025-08-15,63,18,False,False,improving_payer
INV12000469,B012,B012-C1017,Retail Client 017,Retail & Distribution,45,29976.29,2025-07-13,2025-08-27,closed,2025-10-07,86,41,False,False,improving_payer
INV12000470,B012,B012-C1017,Retail Client 017,Retail & Distribution,45,40733.38,2025-07-26,2025-09-09,closed,2025-09-21,57,12,False,False,improving_payer
INV12000471,B012,B012-C1017,Retail Client 017,Retail & Distribution,45,30776.7,2025-09-01,2025-10-16,closed,2025-11-09,69,24,False,False,improving_payer
INV12000472,B012,B012-C1017,Retail Client 017,Retail & Distribution,45,30735.6,2025-09-01,2025-10-16,closed,2025-10-20,49,4,False,False,improving_payer
INV12000473,B012,B012-C1017,Retail Client 017,Retail & Distribution,45,50373.49,2025-09-02,2025-10-17,closed,2025-11-23,82,37,False,False,improving_payer
INV12000474,B012,B012-C1017,Retail Client 017,Retail & Distribution,45,58085.71,2025-09-05,2025-10-20,closed,2025-11-20,76,31,False,False,improving_payer
INV12000475,B012,B012-C1017,Retail Client 017,Retail & Distribution,45,50397.96,2025-10-01,2025-11-15,closed,2025-12-15,75,30,False,False,improving_payer
INV12000476,B012,B012-C1017,Retail Client 017,Retail & Distribution,45,34895.29,2025-11-01,2025-12-16,closed,2026-01-06,66,21,False,False,improving_payer
INV12000477,B012,B012-C1017,Retail Client 017,Retail & Distribution,45,41458.16,2025-11-05,2025-12-20,closed,2026-01-18,74,29,False,False,improving_payer
INV12000478,B012,B012-C1017,Retail Client 017,Retail & Distribution,45,26610.12,2025-11-07,2025-12-22,open,,,,False,False,improving_payer
INV12000479,B012,B012-C1017,Retail Client 017,Retail & Distribution,45,29957.01,2025-11-09,2025-12-24,closed,2026-01-15,67,22,False,False,improving_payer
INV12000480,B012,B012-C1017,Retail Client 017,Retail & Distribution,45,27091.72,2025-11-11,2025-12-26,closed,2026-01-01,51,6,False,False,improving_payer
INV12000481,B012,B012-C1017,Retail Client 017,Retail & Distribution,45,34119.19,2025-11-16,2025-12-31,closed,2026-01-17,62,17,False,False,improving_payer
INV12000482,B012,B012-C1017,Retail Client 017,Retail & Distribution,45,20868.72,2025-11-22,2026-01-06,closed,2026-01-30,69,24,False,False,improving_payer
INV12000483,B012,B012-C1017,Retail Client 017,Retail & Distribution,45,31710.7,2025-12-09,2026-01-23,open,,,,False,False,improving_payer
INV12000484,B012,B012-C1017,Retail Client 017,Retail & Distribution,45,28751.63,2025-12-12,2026-01-26,closed,2026-02-13,63,18,False,False,improving_payer
INV12000485,B012,B012-C1017,Retail Client 017,Retail & Distribution,45,337970.26,2026-01-29,2026-03-15,closed,2026-03-29,59,14,False,True,improving_payer
INV12000486,B012,B012-C1017,Retail Client 017,Retail & Distribution,45,26184.29,2026-01-30,2026-03-16,closed,2026-03-20,49,4,False,False,improving_payer
INV12000487,B012,B012-C1017,Retail Client 017,Retail & Distribution,45,14129.34,2026-02-07,2026-03-24,closed,2026-04-05,57,12,False,False,improving_payer
INV12000488,B012,B012-C1017,Retail Client 017,Retail & Distribution,45,40246.77,2026-02-11,2026-03-28,closed,2026-04-07,55,10,False,False,improving_payer
INV12000489,B012,B012-C1017,Retail Client 017,Retail & Distribution,45,46955.25,2026-02-17,2026-04-03,closed,2026-04-14,56,11,False,False,improving_payer
INV12000490,B012,B012-C1017,Retail Client 017,Retail & Distribution,45,29684.41,2026-02-18,2026-04-04,closed,2026-04-10,51,6,False,False,improving_payer
INV12000491,B012,B012-C1017,Retail Client 017,Retail & Distribution,45,19940.8,2026-02-20,2026-04-06,closed,2026-04-06,45,0,False,False,improving_payer
INV12000492,B012,B012-C1017,Retail Client 017,Retail & Distribution,45,26842.13,2026-03-17,2026-05-01,closed,2026-05-14,58,13,False,False,improving_payer
INV12000493,B012,B012-C1017,Retail Client 017,Retail & Distribution,45,23859.2,2026-03-24,2026-05-08,closed,2026-05-18,55,10,False,False,improving_payer
INV12000494,B012,B012-C1017,Retail Client 017,Retail & Distribution,45,27869.17,2026-03-24,2026-05-08,closed,2026-05-10,47,2,False,False,improving_payer
INV12000495,B012,B012-C1017,Retail Client 017,Retail & Distribution,45,30640.86,2026-04-02,2026-05-17,closed,2026-06-19,78,33,False,False,improving_payer
INV12000496,B012,B012-C1017,Retail Client 017,Retail & Distribution,45,30829.8,2026-04-11,2026-05-26,closed,2026-05-21,40,-5,False,False,improving_payer
INV12000497,B012,B012-C1017,Retail Client 017,Retail & Distribution,45,43675.08,2026-05-21,2026-07-05,closed,2026-07-19,59,14,False,False,improving_payer
INV12000498,B012,B012-C1017,Retail Client 017,Retail & Distribution,45,35014.9,2026-06-02,2026-07-17,closed,2026-07-20,48,3,False,False,improving_payer
INV12000499,B012,B012-C1017,Retail Client 017,Retail & Distribution,45,27402.98,2026-06-17,2026-08-01,closed,2026-07-27,40,-5,False,False,improving_payer
INV12000500,B012,B012-C1017,Retail Client 017,Retail & Distribution,45,45416.9,2026-06-19,2026-08-03,closed,2026-08-18,60,15,False,False,improving_payer
INV12000501,B012,B012-C1017,Retail Client 017,Retail & Distribution,45,21544.13,2026-06-24,2026-08-08,closed,2026-08-03,40,-5,False,False,improving_payer
INV12000502,B012,B012-C1017,Retail Client 017,Retail & Distribution,45,37075.37,2026-06-25,2026-08-09,closed,2026-08-12,48,3,False,False,improving_payer
INV12000503,B012,B012-C1017,Retail Client 017,Retail & Distribution,45,49531.49,2026-08-11,2026-09-25,open,,,,False,False,improving_payer
INV12000504,B012,B012-C1018,Chemicals Client 018,Chemicals & Plastics,30,36806.75,2024-03-29,2024-04-28,closed,2024-05-03,35,5,False,False,average_payer
INV12000505,B012,B012-C1018,Chemicals Client 018,Chemicals & Plastics,30,37212.78,2024-04-02,2024-05-02,closed,2024-05-07,35,5,False,False,average_payer
INV12000506,B012,B012-C1018,Chemicals Client 018,Chemicals & Plastics,30,27162.93,2024-04-03,2024-05-03,closed,2024-04-21,18,-12,False,False,average_payer
INV12000507,B012,B012-C1018,Chemicals Client 018,Chemicals & Plastics,30,33955.29,2024-04-06,2024-05-06,closed,2024-05-11,35,5,True,False,average_payer
INV12000508,B012,B012-C1018,Chemicals Client 018,Chemicals & Plastics,30,27872.48,2024-04-14,2024-05-14,closed,2024-05-28,44,14,False,False,average_payer
INV12000509,B012,B012-C1018,Chemicals Client 018,Chemicals & Plastics,30,30034.67,2024-05-22,2024-06-21,closed,2024-07-02,41,11,False,False,average_payer
INV12000510,B012,B012-C1018,Chemicals Client 018,Chemicals & Plastics,30,62383.25,2024-06-21,2024-07-21,closed,2024-07-29,38,8,False,False,average_payer
INV12000511,B012,B012-C1018,Chemicals Client 018,Chemicals & Plastics,30,15931.44,2024-07-26,2024-08-25,closed,2024-09-06,42,12,False,False,average_payer
INV12000512,B012,B012-C1018,Chemicals Client 018,Chemicals & Plastics,30,36102.27,2024-10-19,2024-11-18,closed,2024-11-16,28,-2,False,False,average_payer
INV12000513,B012,B012-C1018,Chemicals Client 018,Chemicals & Plastics,30,26848.74,2024-11-11,2024-12-11,closed,2024-12-18,37,7,False,False,average_payer
INV12000514,B012,B012-C1018,Chemicals Client 018,Chemicals & Plastics,30,51107.41,2025-01-06,2025-02-05,closed,2025-02-13,38,8,False,False,average_payer
INV12000515,B012,B012-C1018,Chemicals Client 018,Chemicals & Plastics,30,25542.35,2025-03-01,2025-03-31,closed,2025-04-11,41,11,False,False,average_payer
INV12000516,B012,B012-C1018,Chemicals Client 018,Chemicals & Plastics,30,176203.77,2025-03-08,2025-04-07,closed,2025-04-21,44,14,False,True,average_payer
INV12000517,B012,B012-C1018,Chemicals Client 018,Chemicals & Plastics,30,38837.92,2025-04-14,2025-05-14,closed,2025-05-28,44,14,False,False,average_payer
INV12000518,B012,B012-C1018,Chemicals Client 018,Chemicals & Plastics,30,48027.91,2025-04-15,2025-05-15,closed,2025-05-26,41,11,False,False,average_payer
INV12000519,B012,B012-C1018,Chemicals Client 018,Chemicals & Plastics,30,28430.92,2025-07-20,2025-08-19,closed,2025-08-25,36,6,False,False,average_payer
INV12000520,B012,B012-C1018,Chemicals Client 018,Chemicals & Plastics,30,36132.47,2025-08-26,2025-09-25,closed,2025-10-06,41,11,False,False,average_payer
INV12000521,B012,B012-C1018,Chemicals Client 018,Chemicals & Plastics,30,27789.22,2025-10-09,2025-11-08,closed,2025-11-25,47,17,False,False,average_payer
INV12000522,B012,B012-C1018,Chemicals Client 018,Chemicals & Plastics,30,29712.52,2025-11-16,2025-12-16,closed,2025-12-15,29,-1,False,False,average_payer
INV12000523,B012,B012-C1018,Chemicals Client 018,Chemicals & Plastics,30,22414.73,2025-11-21,2025-12-21,closed,2025-12-31,40,10,False,False,average_payer
INV12000524,B012,B012-C1018,Chemicals Client 018,Chemicals & Plastics,30,44204.56,2025-11-23,2025-12-23,closed,2025-12-28,35,5,False,False,average_payer
INV12000525,B012,B012-C1018,Chemicals Client 018,Chemicals & Plastics,30,140057.43,2025-11-26,2025-12-26,closed,2026-01-04,39,9,False,True,average_payer
INV12000526,B012,B012-C1018,Chemicals Client 018,Chemicals & Plastics,30,36504.8,2025-11-26,2025-12-26,closed,2025-12-24,28,-2,False,False,average_payer
INV12000527,B012,B012-C1018,Chemicals Client 018,Chemicals & Plastics,30,49196.78,2025-12-18,2026-01-17,closed,2026-01-29,42,12,False,False,average_payer
INV12000528,B012,B012-C1018,Chemicals Client 018,Chemicals & Plastics,30,35815.84,2026-01-25,2026-02-24,closed,2026-03-03,37,7,False,False,average_payer
INV12000529,B012,B012-C1018,Chemicals Client 018,Chemicals & Plastics,30,32937.62,2026-01-29,2026-02-28,closed,2026-03-05,35,5,False,False,average_payer
INV12000530,B012,B012-C1018,Chemicals Client 018,Chemicals & Plastics,30,50929.66,2026-02-02,2026-03-04,closed,2026-02-28,26,-4,False,False,average_payer
INV12000531,B012,B012-C1018,Chemicals Client 018,Chemicals & Plastics,30,42189.58,2026-04-06,2026-05-06,closed,2026-05-22,46,16,False,False,average_payer
INV12000532,B012,B012-C1018,Chemicals Client 018,Chemicals & Plastics,30,33263.19,2026-04-15,2026-05-15,closed,2026-05-31,46,16,True,False,average_payer
INV12000533,B012,B012-C1018,Chemicals Client 018,Chemicals & Plastics,30,32194.74,2026-04-19,2026-05-19,closed,2026-05-25,36,6,False,False,average_payer
INV12000534,B012,B012-C1018,Chemicals Client 018,Chemicals & Plastics,30,29235.73,2026-05-03,2026-06-02,closed,2026-06-05,33,3,False,False,average_payer
INV12000535,B012,B012-C1018,Chemicals Client 018,Chemicals & Plastics,30,34071.95,2026-06-26,2026-07-26,closed,2026-07-31,35,5,False,False,average_payer
INV12000536,B012,B012-C1018,Chemicals Client 018,Chemicals & Plastics,30,35952.25,2026-07-22,2026-08-21,closed,2026-08-26,35,5,False,False,average_payer
INV12000537,B012,B012-C1018,Chemicals Client 018,Chemicals & Plastics,30,49220.73,2026-08-02,2026-09-01,open,,,,False,False,average_payer
INV12000538,B012,B012-C1019,Textiles Client 019,Textiles & Apparel,30,11487.27,2024-04-14,2024-05-14,closed,2024-05-20,36,6,False,False,seasonal_payer
INV12000539,B012,B012-C1019,Textiles Client 019,Textiles & Apparel,30,16207.15,2024-05-25,2024-06-24,closed,2024-06-26,32,2,False,False,seasonal_payer
INV12000540,B012,B012-C1019,Textiles Client 019,Textiles & Apparel,30,10788.85,2024-06-03,2024-07-03,open,,,,False,False,seasonal_payer
INV12000541,B012,B012-C1019,Textiles Client 019,Textiles & Apparel,30,18085.4,2024-08-17,2024-09-16,closed,2024-09-18,32,2,False,False,seasonal_payer
INV12000542,B012,B012-C1019,Textiles Client 019,Textiles & Apparel,30,38308.29,2024-09-20,2024-10-20,closed,2024-10-27,37,7,False,True,seasonal_payer
INV12000543,B012,B012-C1019,Textiles Client 019,Textiles & Apparel,30,9006.09,2024-12-28,2025-01-27,closed,2025-02-14,48,18,False,False,seasonal_payer
INV12000544,B012,B012-C1019,Textiles Client 019,Textiles & Apparel,30,17430.91,2024-12-30,2025-01-29,closed,2025-02-15,47,17,False,False,seasonal_payer
INV12000545,B012,B012-C1019,Textiles Client 019,Textiles & Apparel,30,10386.27,2025-01-13,2025-02-12,closed,2025-02-25,43,13,False,False,seasonal_payer
INV12000546,B012,B012-C1019,Textiles Client 019,Textiles & Apparel,30,12294.38,2025-01-23,2025-02-22,closed,2025-03-11,47,17,False,False,seasonal_payer
INV12000547,B012,B012-C1019,Textiles Client 019,Textiles & Apparel,30,11005.93,2025-01-25,2025-02-24,closed,2025-03-10,44,14,False,False,seasonal_payer
INV12000548,B012,B012-C1019,Textiles Client 019,Textiles & Apparel,30,6791.49,2025-02-21,2025-03-23,disputed_open,,,,False,False,seasonal_payer
INV12000549,B012,B012-C1019,Textiles Client 019,Textiles & Apparel,30,9219.86,2025-03-04,2025-04-03,closed,2025-04-21,48,18,False,False,seasonal_payer
INV12000550,B012,B012-C1019,Textiles Client 019,Textiles & Apparel,30,17400.48,2025-03-28,2025-04-27,closed,2025-05-05,38,8,False,False,seasonal_payer
INV12000551,B012,B012-C1019,Textiles Client 019,Textiles & Apparel,30,33610.28,2025-03-28,2025-04-27,closed,2025-05-03,36,6,False,False,seasonal_payer
INV12000552,B012,B012-C1019,Textiles Client 019,Textiles & Apparel,30,7801.29,2025-04-01,2025-05-01,open,,,,False,False,seasonal_payer
INV12000553,B012,B012-C1019,Textiles Client 019,Textiles & Apparel,30,13390.7,2025-04-20,2025-05-20,closed,2025-06-03,44,14,False,False,seasonal_payer
INV12000554,B012,B012-C1019,Textiles Client 019,Textiles & Apparel,30,14163.76,2025-05-23,2025-06-22,closed,2025-06-17,25,-5,False,False,seasonal_payer
INV12000555,B012,B012-C1019,Textiles Client 019,Textiles & Apparel,30,6526.11,2025-05-30,2025-06-29,closed,2025-07-06,37,7,False,False,seasonal_payer
INV12000556,B012,B012-C1019,Textiles Client 019,Textiles & Apparel,30,12845.25,2025-06-12,2025-07-12,closed,2025-07-08,26,-4,False,False,seasonal_payer
INV12000557,B012,B012-C1019,Textiles Client 019,Textiles & Apparel,30,9205.39,2025-08-15,2025-09-14,closed,2025-09-29,45,15,False,False,seasonal_payer
INV12000558,B012,B012-C1019,Textiles Client 019,Textiles & Apparel,30,12468.17,2025-08-26,2025-09-25,closed,2025-10-07,42,12,False,False,seasonal_payer
INV12000559,B012,B012-C1019,Textiles Client 019,Textiles & Apparel,30,6536.79,2025-09-20,2025-10-20,closed,2025-10-21,31,1,False,False,seasonal_payer
INV12000560,B012,B012-C1019,Textiles Client 019,Textiles & Apparel,30,23090.32,2025-12-10,2026-01-09,closed,2026-02-04,56,26,False,False,seasonal_payer
INV12000561,B012,B012-C1019,Textiles Client 019,Textiles & Apparel,30,8338.57,2026-01-11,2026-02-10,closed,2026-02-23,43,13,False,False,seasonal_payer
INV12000562,B012,B012-C1019,Textiles Client 019,Textiles & Apparel,30,12738.53,2026-03-28,2026-04-27,closed,2026-05-07,40,10,False,False,seasonal_payer
INV12000563,B012,B012-C1019,Textiles Client 019,Textiles & Apparel,30,14990.27,2026-04-07,2026-05-07,closed,2026-05-11,34,4,False,False,seasonal_payer
INV12000564,B012,B012-C1019,Textiles Client 019,Textiles & Apparel,30,13174.13,2026-07-03,2026-08-02,closed,2026-08-09,37,7,False,False,seasonal_payer
INV12000565,B012,B012-C1019,Textiles Client 019,Textiles & Apparel,30,12752.42,2026-08-06,2026-09-05,open,,,,False,False,seasonal_payer
INV12000566,B012,B012-C1019,Textiles Client 019,Textiles & Apparel,30,11038.03,2026-08-31,2026-09-30,open,,,,False,False,seasonal_payer
INV12000567,B012,B012-C1020,Electronics Client 020,Electronics & Electricals,15,16701.58,2024-07-03,2024-07-18,closed,2024-07-17,14,-1,False,False,prompt_payer
INV12000568,B012,B012-C1020,Electronics Client 020,Electronics & Electricals,15,14646.43,2024-10-28,2024-11-12,closed,2024-11-14,17,2,False,False,prompt_payer
INV12000569,B012,B012-C1020,Electronics Client 020,Electronics & Electricals,15,13882.81,2024-12-21,2025-01-05,closed,2025-01-04,14,-1,False,False,prompt_payer
INV12000570,B012,B012-C1020,Electronics Client 020,Electronics & Electricals,15,14114.24,2025-04-16,2025-05-01,closed,2025-05-01,15,0,False,False,prompt_payer
INV12000571,B012,B012-C1020,Electronics Client 020,Electronics & Electricals,15,11588.49,2025-06-15,2025-06-30,closed,2025-07-01,16,1,False,False,prompt_payer
INV12000572,B012,B012-C1020,Electronics Client 020,Electronics & Electricals,15,15520.73,2025-06-27,2025-07-12,closed,2025-07-18,21,6,False,False,prompt_payer
INV12000573,B012,B012-C1020,Electronics Client 020,Electronics & Electricals,15,16976.38,2025-12-10,2025-12-25,closed,2025-12-21,11,-4,False,False,prompt_payer
INV12000574,B012,B012-C1020,Electronics Client 020,Electronics & Electricals,15,22354.81,2025-12-21,2026-01-05,closed,2026-01-02,12,-3,False,False,prompt_payer
INV12000575,B012,B012-C1020,Electronics Client 020,Electronics & Electricals,15,16423.12,2026-02-25,2026-03-12,closed,2026-03-14,17,2,False,False,prompt_payer
INV12000576,B012,B012-C1020,Electronics Client 020,Electronics & Electricals,15,16307.99,2026-04-20,2026-05-05,closed,2026-05-02,12,-3,False,False,prompt_payer
INV12000577,B012,B012-C1020,Electronics Client 020,Electronics & Electricals,15,17089.17,2026-06-16,2026-07-01,closed,2026-07-03,17,2,False,False,prompt_payer
INV12000578,B012,B012-C1021,FMCG Client 021,FMCG & Food Processing,30,166311.11,2024-03-20,2024-04-19,closed,2024-04-26,37,7,False,False,deteriorating_payer
INV12000579,B012,B012-C1021,FMCG Client 021,FMCG & Food Processing,30,209128.21,2024-03-31,2024-04-30,closed,2024-05-10,40,10,False,False,deteriorating_payer
INV12000580,B012,B012-C1021,FMCG Client 021,FMCG & Food Processing,30,167218.93,2024-04-08,2024-05-08,closed,2024-05-27,49,19,False,False,deteriorating_payer
INV12000581,B012,B012-C1021,FMCG Client 021,FMCG & Food Processing,30,102187.54,2024-05-15,2024-06-14,closed,2024-06-19,35,5,False,False,deteriorating_payer
INV12000582,B012,B012-C1021,FMCG Client 021,FMCG & Food Processing,30,127094.14,2024-05-16,2024-06-15,closed,2024-06-14,29,-1,False,False,deteriorating_payer
INV12000583,B012,B012-C1021,FMCG Client 021,FMCG & Food Processing,30,83789.05,2024-05-24,2024-06-23,closed,2024-06-21,28,-2,False,False,deteriorating_payer
INV12000584,B012,B012-C1021,FMCG Client 021,FMCG & Food Processing,30,163720.82,2024-07-18,2024-08-17,closed,2024-09-01,45,15,True,False,deteriorating_payer
INV12000585,B012,B012-C1021,FMCG Client 021,FMCG & Food Processing,30,125865.25,2024-07-30,2024-08-29,closed,2024-09-02,34,4,False,False,deteriorating_payer
INV12000586,B012,B012-C1021,FMCG Client 021,FMCG & Food Processing,30,102825.52,2024-09-25,2024-10-25,closed,2024-10-30,35,5,False,False,deteriorating_payer
INV12000587,B012,B012-C1021,FMCG Client 021,FMCG & Food Processing,30,102850.47,2024-11-01,2024-12-01,closed,2024-11-29,28,-2,False,False,deteriorating_payer
INV12000588,B012,B012-C1021,FMCG Client 021,FMCG & Food Processing,30,114631.39,2024-11-19,2024-12-19,closed,2025-01-06,48,18,False,False,deteriorating_payer
INV12000589,B012,B012-C1021,FMCG Client 021,FMCG & Food Processing,30,118979.56,2024-12-09,2025-01-08,closed,2025-01-27,49,19,False,False,deteriorating_payer
INV12000590,B012,B012-C1021,FMCG Client 021,FMCG & Food Processing,30,266074.57,2024-12-14,2025-01-13,closed,2025-02-08,56,26,False,False,deteriorating_payer
INV12000591,B012,B012-C1021,FMCG Client 021,FMCG & Food Processing,30,80127.43,2025-04-08,2025-05-08,closed,2025-05-10,32,2,False,False,deteriorating_payer
INV12000592,B012,B012-C1021,FMCG Client 021,FMCG & Food Processing,30,161252.47,2025-04-27,2025-05-27,closed,2025-06-19,53,23,False,False,deteriorating_payer
INV12000593,B012,B012-C1021,FMCG Client 021,FMCG & Food Processing,30,155986.79,2025-07-22,2025-08-21,closed,2025-09-26,66,36,False,False,deteriorating_payer
INV12000594,B012,B012-C1021,FMCG Client 021,FMCG & Food Processing,30,232114.88,2025-07-26,2025-08-25,closed,2025-09-19,55,25,False,False,deteriorating_payer
INV12000595,B012,B012-C1021,FMCG Client 021,FMCG & Food Processing,30,157888.63,2025-07-27,2025-08-26,closed,2025-09-26,61,31,False,False,deteriorating_payer
INV12000596,B012,B012-C1021,FMCG Client 021,FMCG & Food Processing,30,110065.44,2025-08-20,2025-09-19,closed,2025-10-16,57,27,False,False,deteriorating_payer
INV12000597,B012,B012-C1021,FMCG Client 021,FMCG & Food Processing,30,135887.19,2025-09-16,2025-10-16,closed,2025-11-26,71,41,False,False,deteriorating_payer
INV12000598,B012,B012-C1021,FMCG Client 021,FMCG & Food Processing,30,116712.25,2025-10-02,2025-11-01,closed,2025-12-04,63,33,False,False,deteriorating_payer
INV12000599,B012,B012-C1021,FMCG Client 021,FMCG & Food Processing,30,180213.88,2025-10-18,2025-11-17,closed,2025-12-28,71,41,False,False,deteriorating_payer
INV12000600,B012,B012-C1021,FMCG Client 021,FMCG & Food Processing,30,83110.19,2025-11-15,2025-12-15,closed,2026-01-18,64,34,False,False,deteriorating_payer
INV12000601,B012,B012-C1021,FMCG Client 021,FMCG & Food Processing,30,166498.34,2025-12-12,2026-01-11,closed,2026-02-07,57,27,False,False,deteriorating_payer
INV12000602,B012,B012-C1021,FMCG Client 021,FMCG & Food Processing,30,134552.41,2025-12-13,2026-01-12,closed,2026-01-22,40,10,False,False,deteriorating_payer
INV12000603,B012,B012-C1021,FMCG Client 021,FMCG & Food Processing,30,186522.79,2025-12-16,2026-01-15,closed,2026-02-10,56,26,False,False,deteriorating_payer
INV12000604,B012,B012-C1021,FMCG Client 021,FMCG & Food Processing,30,163608.17,2026-01-03,2026-02-02,closed,2026-04-02,89,59,False,False,deteriorating_payer
INV12000605,B012,B012-C1021,FMCG Client 021,FMCG & Food Processing,30,80891.37,2026-01-20,2026-02-19,closed,2026-04-15,85,55,False,False,deteriorating_payer
INV12000606,B012,B012-C1021,FMCG Client 021,FMCG & Food Processing,30,163501.56,2026-01-21,2026-02-20,closed,2026-03-23,61,31,False,False,deteriorating_payer
INV12000607,B012,B012-C1021,FMCG Client 021,FMCG & Food Processing,30,109093.24,2026-01-23,2026-02-22,closed,2026-03-09,45,15,False,False,deteriorating_payer
INV12000608,B012,B012-C1021,FMCG Client 021,FMCG & Food Processing,30,159188.06,2026-01-26,2026-02-25,closed,2026-03-27,60,30,False,False,deteriorating_payer
INV12000609,B012,B012-C1021,FMCG Client 021,FMCG & Food Processing,30,103312.59,2026-03-11,2026-04-10,closed,2026-05-05,55,25,False,False,deteriorating_payer
INV12000610,B012,B012-C1021,FMCG Client 021,FMCG & Food Processing,30,93589.39,2026-03-18,2026-04-17,closed,2026-05-12,55,25,False,False,deteriorating_payer
INV12000611,B012,B012-C1021,FMCG Client 021,FMCG & Food Processing,30,168701.43,2026-05-16,2026-06-15,closed,2026-08-19,95,65,False,False,deteriorating_payer
INV12000612,B012,B012-C1021,FMCG Client 021,FMCG & Food Processing,30,117045.49,2026-07-21,2026-08-20,disputed_open,,,,False,False,deteriorating_payer
INV12000613,B012,B012-C1021,FMCG Client 021,FMCG & Food Processing,30,122214.05,2026-08-10,2026-09-09,open,,,,False,False,deteriorating_payer
INV12000614,B012,B012-C1022,Chemicals Client 022,Chemicals & Plastics,90,414589.08,2024-03-29,2024-06-27,closed,2024-08-06,130,40,False,False,improving_payer
INV12000615,B012,B012-C1022,Chemicals Client 022,Chemicals & Plastics,90,395805.86,2024-05-05,2024-08-03,closed,2024-09-08,126,36,False,False,improving_payer
INV12000616,B012,B012-C1022,Chemicals Client 022,Chemicals & Plastics,90,486409.26,2024-10-20,2025-01-18,closed,2025-02-23,126,36,False,False,improving_payer
INV12000617,B012,B012-C1022,Chemicals Client 022,Chemicals & Plastics,90,371046.57,2024-10-22,2025-01-20,closed,2025-02-20,121,31,False,False,improving_payer
INV12000618,B012,B012-C1022,Chemicals Client 022,Chemicals & Plastics,90,877187.09,2024-11-21,2025-02-19,closed,2025-03-20,119,29,False,True,improving_payer
INV12000619,B012,B012-C1022,Chemicals Client 022,Chemicals & Plastics,90,394494.98,2025-01-22,2025-04-22,closed,2025-05-12,110,20,False,False,improving_payer
INV12000620,B012,B012-C1022,Chemicals Client 022,Chemicals & Plastics,90,215967.07,2025-01-31,2025-05-01,disputed_open,,,,False,False,improving_payer
INV12000621,B012,B012-C1022,Chemicals Client 022,Chemicals & Plastics,90,297597.6,2025-03-17,2025-06-15,closed,2025-07-08,113,23,False,False,improving_payer
INV12000622,B012,B012-C1022,Chemicals Client 022,Chemicals & Plastics,90,274202.6,2025-06-29,2025-09-27,closed,2025-10-27,120,30,False,False,improving_payer
INV12000623,B012,B012-C1022,Chemicals Client 022,Chemicals & Plastics,90,173097.58,2025-07-02,2025-09-30,closed,2025-10-20,110,20,False,False,improving_payer
INV12000624,B012,B012-C1022,Chemicals Client 022,Chemicals & Plastics,90,319387.08,2025-07-20,2025-10-18,closed,2025-11-16,119,29,True,False,improving_payer
INV12000625,B012,B012-C1022,Chemicals Client 022,Chemicals & Plastics,90,419053.64,2025-09-08,2025-12-07,closed,2025-12-25,108,18,False,False,improving_payer
INV12000626,B012,B012-C1022,Chemicals Client 022,Chemicals & Plastics,90,289504.16,2025-09-17,2025-12-16,closed,2026-01-03,108,18,False,False,improving_payer
INV12000627,B012,B012-C1022,Chemicals Client 022,Chemicals & Plastics,90,300173.84,2025-09-21,2025-12-20,closed,2026-01-14,115,25,False,False,improving_payer
INV12000628,B012,B012-C1022,Chemicals Client 022,Chemicals & Plastics,90,305932.66,2025-10-13,2026-01-11,closed,2026-01-09,88,-2,False,False,improving_payer
INV12000629,B012,B012-C1022,Chemicals Client 022,Chemicals & Plastics,90,185704.79,2025-12-04,2026-03-04,closed,2026-04-04,121,31,False,False,improving_payer
INV12000630,B012,B012-C1022,Chemicals Client 022,Chemicals & Plastics,90,267736.86,2025-12-05,2026-03-05,closed,2026-04-05,121,31,False,False,improving_payer
INV12000631,B012,B012-C1022,Chemicals Client 022,Chemicals & Plastics,90,359567.52,2025-12-13,2026-03-13,closed,2026-03-31,108,18,False,False,improving_payer
INV12000632,B012,B012-C1022,Chemicals Client 022,Chemicals & Plastics,90,380441.74,2025-12-13,2026-03-13,closed,2026-03-20,97,7,True,False,improving_payer
INV12000633,B012,B012-C1022,Chemicals Client 022,Chemicals & Plastics,90,1150418.69,2025-12-29,2026-03-29,closed,2026-04-17,109,19,False,True,improving_payer
INV12000634,B012,B012-C1022,Chemicals Client 022,Chemicals & Plastics,90,197381.87,2026-01-10,2026-04-10,closed,2026-04-30,110,20,False,False,improving_payer
INV12000635,B012,B012-C1022,Chemicals Client 022,Chemicals & Plastics,90,203749.59,2026-02-25,2026-05-26,closed,2026-06-26,121,31,False,False,improving_payer
INV12000636,B012,B012-C1022,Chemicals Client 022,Chemicals & Plastics,90,386846.92,2026-03-05,2026-06-03,closed,2026-06-26,113,23,False,False,improving_payer
INV12000637,B012,B012-C1022,Chemicals Client 022,Chemicals & Plastics,90,462616.08,2026-04-06,2026-07-05,closed,2026-07-12,97,7,False,False,improving_payer
INV12000638,B012,B012-C1022,Chemicals Client 022,Chemicals & Plastics,90,869348.39,2026-06-25,2026-09-23,open,,,,False,True,improving_payer
INV12000639,B012,B012-C1022,Chemicals Client 022,Chemicals & Plastics,90,208079.05,2026-06-27,2026-09-25,open,,,,False,False,improving_payer
INV12000640,B012,B012-C1023,Retail Client 023,Retail & Distribution,15,36848.21,2024-08-20,2024-09-04,closed,2024-09-18,29,14,False,False,cold_start
INV12000641,B012,B012-C1023,Retail Client 023,Retail & Distribution,15,61181.48,2025-09-15,2025-09-30,closed,2025-10-02,17,2,False,False,cold_start
INV12000642,B012,B012-C1024,Electronics Client 024,Electronics & Electricals,30,535832.96,2024-05-22,2024-06-21,closed,2024-06-27,36,6,False,False,prompt_payer
INV12000643,B012,B012-C1024,Electronics Client 024,Electronics & Electricals,30,395732.29,2024-07-10,2024-08-09,closed,2024-08-07,28,-2,False,False,prompt_payer
INV12000644,B012,B012-C1024,Electronics Client 024,Electronics & Electricals,30,300196.92,2024-09-02,2024-10-02,closed,2024-10-04,32,2,False,False,prompt_payer
INV12000645,B012,B012-C1024,Electronics Client 024,Electronics & Electricals,30,275684.73,2024-09-19,2024-10-19,closed,2024-10-20,31,1,False,False,prompt_payer
INV12000646,B012,B012-C1024,Electronics Client 024,Electronics & Electricals,30,183696.94,2024-10-11,2024-11-10,closed,2024-11-07,27,-3,False,False,prompt_payer
INV12000647,B012,B012-C1024,Electronics Client 024,Electronics & Electricals,30,311847.7,2024-10-13,2024-11-12,closed,2024-11-07,25,-5,False,False,prompt_payer
INV12000648,B012,B012-C1024,Electronics Client 024,Electronics & Electricals,30,372267.09,2024-11-16,2024-12-16,closed,2024-12-18,32,2,False,False,prompt_payer
INV12000649,B012,B012-C1024,Electronics Client 024,Electronics & Electricals,30,241320.36,2024-12-16,2025-01-15,closed,2025-01-19,34,4,False,False,prompt_payer
INV12000650,B012,B012-C1024,Electronics Client 024,Electronics & Electricals,30,208837.8,2025-01-11,2025-02-10,closed,2025-02-07,27,-3,False,False,prompt_payer
INV12000651,B012,B012-C1024,Electronics Client 024,Electronics & Electricals,30,492912.72,2025-01-25,2025-02-24,closed,2025-02-26,32,2,False,False,prompt_payer
INV12000652,B012,B012-C1024,Electronics Client 024,Electronics & Electricals,30,291926.79,2025-06-12,2025-07-12,closed,2025-07-11,29,-1,True,False,prompt_payer
INV12000653,B012,B012-C1024,Electronics Client 024,Electronics & Electricals,30,524519.23,2025-08-31,2025-09-30,closed,2025-09-28,28,-2,False,False,prompt_payer
INV12000654,B012,B012-C1024,Electronics Client 024,Electronics & Electricals,30,389826.51,2025-09-01,2025-10-01,closed,2025-10-02,31,1,False,False,prompt_payer
INV12000655,B012,B012-C1024,Electronics Client 024,Electronics & Electricals,30,160326.53,2025-10-24,2025-11-23,closed,2025-11-24,31,1,False,False,prompt_payer
INV12000656,B012,B012-C1024,Electronics Client 024,Electronics & Electricals,30,256173.29,2025-11-03,2025-12-03,closed,2025-11-30,27,-3,False,False,prompt_payer
INV12000657,B012,B012-C1024,Electronics Client 024,Electronics & Electricals,30,290071.01,2025-12-20,2026-01-19,closed,2026-01-19,30,0,False,False,prompt_payer
INV12000658,B012,B012-C1024,Electronics Client 024,Electronics & Electricals,30,363278.4,2026-01-05,2026-02-04,closed,2026-02-12,38,8,False,False,prompt_payer
INV12000659,B012,B012-C1024,Electronics Client 024,Electronics & Electricals,30,312971.55,2026-01-15,2026-02-14,closed,2026-02-11,27,-3,False,False,prompt_payer
INV12000660,B012,B012-C1024,Electronics Client 024,Electronics & Electricals,30,359511.85,2026-03-29,2026-04-28,closed,2026-04-29,31,1,False,False,prompt_payer
INV12000661,B012,B012-C1024,Electronics Client 024,Electronics & Electricals,30,269714.48,2026-08-01,2026-08-31,closed,2026-09-02,32,2,False,False,prompt_payer
INV12000662,B012,B012-C1025,Retail Client 025,Retail & Distribution,45,63715.06,2024-03-24,2024-05-08,closed,2024-05-18,55,10,False,False,cold_start
INV12000663,B012,B012-C1025,Retail Client 025,Retail & Distribution,45,52471.83,2026-02-27,2026-04-13,closed,2026-04-28,60,15,False,False,cold_start
INV12000664,B012,B012-C1025,Retail Client 025,Retail & Distribution,45,59318.3,2026-02-28,2026-04-14,closed,2026-04-15,46,1,False,False,cold_start
INV12000665,B012,B012-C1026,Retail Client 026,Retail & Distribution,60,38951.04,2024-04-28,2024-06-27,closed,2024-06-29,62,2,False,False,seasonal_payer
INV12000666,B012,B012-C1026,Retail Client 026,Retail & Distribution,60,51071.96,2024-06-04,2024-08-03,closed,2024-08-07,64,4,False,False,seasonal_payer
INV12000667,B012,B012-C1026,Retail Client 026,Retail & Distribution,60,27162.54,2024-06-19,2024-08-18,closed,2024-08-18,60,0,False,False,seasonal_payer
INV12000668,B012,B012-C1026,Retail Client 026,Retail & Distribution,60,38522.83,2024-06-23,2024-08-22,closed,2024-08-31,69,9,False,False,seasonal_payer
INV12000669,B012,B012-C1026,Retail Client 026,Retail & Distribution,60,25005.12,2024-06-23,2024-08-22,closed,2024-08-21,59,-1,False,False,seasonal_payer
INV12000670,B012,B012-C1026,Retail Client 026,Retail & Distribution,60,33429.11,2024-07-24,2024-09-22,closed,2024-09-19,57,-3,False,False,seasonal_payer
INV12000671,B012,B012-C1026,Retail Client 026,Retail & Distribution,60,47205.14,2024-07-25,2024-09-23,closed,2024-09-23,60,0,False,False,seasonal_payer
INV12000672,B012,B012-C1026,Retail Client 026,Retail & Distribution,60,43608.4,2024-08-11,2024-10-10,closed,2024-10-14,64,4,False,False,seasonal_payer
INV12000673,B012,B012-C1026,Retail Client 026,Retail & Distribution,60,50007.83,2024-08-14,2024-10-13,closed,2024-11-06,84,24,False,False,seasonal_payer
INV12000674,B012,B012-C1026,Retail Client 026,Retail & Distribution,60,23014.42,2024-08-22,2024-10-21,closed,2024-10-30,69,9,False,False,seasonal_payer
INV12000675,B012,B012-C1026,Retail Client 026,Retail & Distribution,60,37391.89,2024-09-13,2024-11-12,closed,2024-11-14,62,2,False,False,seasonal_payer
INV12000676,B012,B012-C1026,Retail Client 026,Retail & Distribution,60,40593.05,2024-09-19,2024-11-18,closed,2024-11-24,66,6,False,False,seasonal_payer
INV12000677,B012,B012-C1026,Retail Client 026,Retail & Distribution,60,29624.55,2024-09-19,2024-11-18,closed,2024-11-28,70,10,False,False,seasonal_payer
INV12000678,B012,B012-C1026,Retail Client 026,Retail & Distribution,60,179015.06,2025-01-13,2025-03-14,closed,2025-03-13,59,-1,False,True,seasonal_payer
INV12000679,B012,B012-C1026,Retail Client 026,Retail & Distribution,60,39234.41,2025-02-13,2025-04-14,closed,2025-04-24,70,10,False,False,seasonal_payer
INV12000680,B012,B012-C1026,Retail Client 026,Retail & Distribution,60,34178.6,2025-03-08,2025-05-07,closed,2025-05-21,74,14,False,False,seasonal_payer
INV12000681,B012,B012-C1026,Retail Client 026,Retail & Distribution,60,32618.31,2025-04-26,2025-06-25,closed,2025-07-03,68,8,False,False,seasonal_payer
INV12000682,B012,B012-C1026,Retail Client 026,Retail & Distribution,60,38812.35,2025-05-19,2025-07-18,closed,2025-07-17,59,-1,False,False,seasonal_payer
INV12000683,B012,B012-C1026,Retail Client 026,Retail & Distribution,60,50689.83,2025-06-16,2025-08-15,closed,2025-08-19,64,4,False,False,seasonal_payer
INV12000684,B012,B012-C1026,Retail Client 026,Retail & Distribution,60,38775.12,2025-08-25,2025-10-24,closed,2025-11-04,71,11,False,False,seasonal_payer
INV12000685,B012,B012-C1026,Retail Client 026,Retail & Distribution,60,41293.47,2025-09-26,2025-11-25,closed,2025-12-12,77,17,False,False,seasonal_payer
INV12000686,B012,B012-C1026,Retail Client 026,Retail & Distribution,60,26983.6,2025-11-05,2026-01-04,closed,2026-01-18,74,14,False,False,seasonal_payer
INV12000687,B012,B012-C1026,Retail Client 026,Retail & Distribution,60,47473.17,2025-11-23,2026-01-22,closed,2026-01-25,63,3,False,False,seasonal_payer
INV12000688,B012,B012-C1026,Retail Client 026,Retail & Distribution,60,40422.56,2025-12-01,2026-01-30,closed,2026-02-03,64,4,False,False,seasonal_payer
INV12000689,B012,B012-C1026,Retail Client 026,Retail & Distribution,60,39857.46,2026-01-12,2026-03-13,closed,2026-03-17,64,4,False,False,seasonal_payer
INV12000690,B012,B012-C1026,Retail Client 026,Retail & Distribution,60,38523.79,2026-03-10,2026-05-09,closed,2026-05-13,64,4,True,False,seasonal_payer
INV12000691,B012,B012-C1026,Retail Client 026,Retail & Distribution,60,33979.96,2026-06-03,2026-08-02,closed,2026-08-06,64,4,False,False,seasonal_payer
INV12000692,B012,B012-C1026,Retail Client 026,Retail & Distribution,60,40933.02,2026-06-30,2026-08-29,open,,,,False,False,seasonal_payer
INV12000693,B012,B012-C1027,IT Client 027,IT & Business Services,30,77009.05,2024-04-07,2024-05-07,closed,2024-05-10,33,3,False,False,average_payer
INV12000694,B012,B012-C1027,IT Client 027,IT & Business Services,30,104929.51,2024-04-23,2024-05-23,closed,2024-05-23,30,0,False,False,average_payer
INV12000695,B012,B012-C1027,IT Client 027,IT & Business Services,30,90259.57,2024-08-23,2024-09-22,closed,2024-10-05,43,13,False,False,average_payer
INV12000696,B012,B012-C1027,IT Client 027,IT & Business Services,30,122193.92,2025-01-04,2025-02-03,closed,2025-02-06,33,3,False,False,average_payer
INV12000697,B012,B012-C1027,IT Client 027,IT & Business Services,30,168508.44,2025-01-08,2025-02-07,closed,2025-02-20,43,13,False,False,average_payer
INV12000698,B012,B012-C1027,IT Client 027,IT & Business Services,30,143385.64,2025-07-04,2025-08-03,closed,2025-08-05,32,2,False,False,average_payer
INV12000699,B012,B012-C1027,IT Client 027,IT & Business Services,30,92931.52,2025-12-14,2026-01-13,closed,2026-02-01,49,19,False,False,average_payer
INV12000700,B012,B012-C1027,IT Client 027,IT & Business Services,30,104744.89,2026-03-04,2026-04-03,closed,2026-04-04,31,1,False,False,average_payer
INV12000701,B012,B012-C1027,IT Client 027,IT & Business Services,30,129085.05,2026-04-25,2026-05-25,closed,2026-06-06,42,12,False,False,average_payer
INV12000702,B012,B012-C1027,IT Client 027,IT & Business Services,30,394076.69,2026-05-27,2026-06-26,closed,2026-06-19,23,-7,False,True,average_payer
INV12000703,B012,B012-C1027,IT Client 027,IT & Business Services,30,89017.25,2026-07-22,2026-08-21,closed,2026-08-24,33,3,False,False,average_payer
INV12000704,B012,B012-C1028,Auto Client 028,Auto Components,30,69852.49,2024-04-07,2024-05-07,closed,2024-04-30,23,-7,True,False,prompt_payer
INV12000705,B012,B012-C1028,Auto Client 028,Auto Components,30,154321.07,2024-04-24,2024-05-24,closed,2024-05-22,28,-2,False,False,prompt_payer
INV12000706,B012,B012-C1028,Auto Client 028,Auto Components,30,84338.09,2024-05-07,2024-06-06,closed,2024-06-09,33,3,False,False,prompt_payer
INV12000707,B012,B012-C1028,Auto Client 028,Auto Components,30,58811.97,2024-05-08,2024-06-07,closed,2024-06-05,28,-2,False,False,prompt_payer
INV12000708,B012,B012-C1028,Auto Client 028,Auto Components,30,79858.26,2024-05-31,2024-06-30,closed,2024-07-02,32,2,False,False,prompt_payer
INV12000709,B012,B012-C1028,Auto Client 028,Auto Components,30,153554.71,2024-07-19,2024-08-18,closed,2024-08-19,31,1,False,False,prompt_payer
INV12000710,B012,B012-C1028,Auto Client 028,Auto Components,30,97896.52,2024-08-31,2024-09-30,closed,2024-09-30,30,0,False,False,prompt_payer
INV12000711,B012,B012-C1028,Auto Client 028,Auto Components,30,113624.78,2024-11-06,2024-12-06,closed,2024-12-09,33,3,False,False,prompt_payer
INV12000712,B012,B012-C1028,Auto Client 028,Auto Components,30,66665.66,2024-11-09,2024-12-09,closed,2024-12-12,33,3,False,False,prompt_payer
INV12000713,B012,B012-C1028,Auto Client 028,Auto Components,30,102706.02,2024-11-17,2024-12-17,closed,2024-12-13,26,-4,False,False,prompt_payer
INV12000714,B012,B012-C1028,Auto Client 028,Auto Components,30,145867.83,2024-11-24,2024-12-24,closed,2024-12-28,34,4,False,False,prompt_payer
INV12000715,B012,B012-C1028,Auto Client 028,Auto Components,30,72143.41,2024-12-01,2024-12-31,closed,2024-12-28,27,-3,False,False,prompt_payer
INV12000716,B012,B012-C1028,Auto Client 028,Auto Components,30,101203.64,2024-12-01,2024-12-31,closed,2024-12-31,30,0,False,False,prompt_payer
INV12000717,B012,B012-C1028,Auto Client 028,Auto Components,30,77608.84,2024-12-09,2025-01-08,closed,2025-01-08,30,0,False,False,prompt_payer
INV12000718,B012,B012-C1028,Auto Client 028,Auto Components,30,99811.65,2024-12-15,2025-01-14,closed,2025-01-18,34,4,False,False,prompt_payer
INV12000719,B012,B012-C1028,Auto Client 028,Auto Components,30,156195.45,2025-01-12,2025-02-11,closed,2025-02-15,34,4,False,False,prompt_payer
INV12000720,B012,B012-C1028,Auto Client 028,Auto Components,30,93619.48,2025-01-29,2025-02-28,closed,2025-02-26,28,-2,False,False,prompt_payer
INV12000721,B012,B012-C1028,Auto Client 028,Auto Components,30,76026.93,2025-02-02,2025-03-04,closed,2025-03-01,27,-3,False,False,prompt_payer
INV12000722,B012,B012-C1028,Auto Client 028,Auto Components,30,63211.22,2025-02-15,2025-03-17,closed,2025-03-17,30,0,False,False,prompt_payer
INV12000723,B012,B012-C1028,Auto Client 028,Auto Components,30,73165.66,2025-03-02,2025-04-01,closed,2025-04-01,30,0,False,False,prompt_payer
INV12000724,B012,B012-C1028,Auto Client 028,Auto Components,30,91874.52,2025-03-19,2025-04-18,closed,2025-04-17,29,-1,False,False,prompt_payer
INV12000725,B012,B012-C1028,Auto Client 028,Auto Components,30,112554.65,2025-03-22,2025-04-21,closed,2025-04-19,28,-2,False,False,prompt_payer
INV12000726,B012,B012-C1028,Auto Client 028,Auto Components,30,76158.06,2025-04-25,2025-05-25,closed,2025-05-22,27,-3,False,False,prompt_payer
INV12000727,B012,B012-C1028,Auto Client 028,Auto Components,30,72804.41,2025-06-01,2025-07-01,closed,2025-07-03,32,2,False,False,prompt_payer
INV12000728,B012,B012-C1028,Auto Client 028,Auto Components,30,168727.55,2025-06-02,2025-07-02,closed,2025-06-24,22,-8,False,False,prompt_payer
INV12000729,B012,B012-C1028,Auto Client 028,Auto Components,30,90887.35,2025-06-06,2025-07-06,closed,2025-07-03,27,-3,False,False,prompt_payer
INV12000730,B012,B012-C1028,Auto Client 028,Auto Components,30,42692.85,2025-06-12,2025-07-12,closed,2025-07-15,33,3,False,False,prompt_payer
INV12000731,B012,B012-C1028,Auto Client 028,Auto Components,30,58557.88,2025-06-14,2025-07-14,closed,2025-07-17,33,3,False,False,prompt_payer
INV12000732,B012,B012-C1028,Auto Client 028,Auto Components,30,120674.35,2025-06-22,2025-07-22,closed,2025-07-18,26,-4,False,False,prompt_payer
INV12000733,B012,B012-C1028,Auto Client 028,Auto Components,30,92189.26,2025-06-27,2025-07-27,closed,2025-07-31,34,4,False,False,prompt_payer
INV12000734,B012,B012-C1028,Auto Client 028,Auto Components,30,752165.11,2025-07-02,2025-08-01,closed,2025-07-28,26,-4,False,True,prompt_payer
INV12000735,B012,B012-C1028,Auto Client 028,Auto Components,30,97776.65,2025-07-25,2025-08-24,closed,2025-08-20,26,-4,False,False,prompt_payer
INV12000736,B012,B012-C1028,Auto Client 028,Auto Components,30,74400.53,2025-07-27,2025-08-26,closed,2025-08-29,33,3,True,False,prompt_payer
INV12000737,B012,B012-C1028,Auto Client 028,Auto Components,30,463374.4,2025-10-02,2025-11-01,closed,2025-11-09,38,8,False,True,prompt_payer
INV12000738,B012,B012-C1028,Auto Client 028,Auto Components,30,104209.71,2025-10-03,2025-11-02,closed,2025-10-31,28,-2,False,False,prompt_payer
INV12000739,B012,B012-C1028,Auto Client 028,Auto Components,30,108712.92,2025-10-28,2025-11-27,closed,2025-11-22,25,-5,False,False,prompt_payer
INV12000740,B012,B012-C1028,Auto Client 028,Auto Components,30,138525.91,2025-12-10,2026-01-09,closed,2026-01-12,33,3,False,False,prompt_payer
INV12000741,B012,B012-C1028,Auto Client 028,Auto Components,30,95619.23,2025-12-13,2026-01-12,closed,2026-01-18,36,6,False,False,prompt_payer
INV12000742,B012,B012-C1028,Auto Client 028,Auto Components,30,80441.95,2025-12-17,2026-01-16,closed,2026-01-17,31,1,False,False,prompt_payer
INV12000743,B012,B012-C1028,Auto Client 028,Auto Components,30,99777.91,2025-12-26,2026-01-25,closed,2026-01-20,25,-5,False,False,prompt_payer
INV12000744,B012,B012-C1028,Auto Client 028,Auto Components,30,133585.57,2026-03-08,2026-04-07,closed,2026-04-03,26,-4,False,False,prompt_payer
INV12000745,B012,B012-C1028,Auto Client 028,Auto Components,30,127966.93,2026-04-22,2026-05-22,closed,2026-05-27,35,5,False,False,prompt_payer
INV12000746,B012,B012-C1028,Auto Client 028,Auto Components,30,93196.97,2026-06-17,2026-07-17,closed,2026-07-17,30,0,False,False,prompt_payer
INV12000747,B012,B012-C1028,Auto Client 028,Auto Components,30,78465.5,2026-06-25,2026-07-25,closed,2026-07-27,32,2,False,False,prompt_payer
INV12000748,B012,B012-C1029,Retail Client 029,Retail & Distribution,30,23585.67,2024-04-14,2024-05-14,closed,2024-05-19,35,5,False,False,seasonal_payer
INV12000749,B012,B012-C1029,Retail Client 029,Retail & Distribution,30,31378.71,2024-07-31,2024-08-30,closed,2024-09-08,39,9,False,False,seasonal_payer
INV12000750,B012,B012-C1029,Retail Client 029,Retail & Distribution,30,21677.23,2024-08-08,2024-09-07,closed,2024-09-20,43,13,False,False,seasonal_payer
INV12000751,B012,B012-C1029,Retail Client 029,Retail & Distribution,30,45235.74,2024-08-09,2024-09-08,closed,2024-09-14,36,6,False,False,seasonal_payer
INV12000752,B012,B012-C1029,Retail Client 029,Retail & Distribution,30,20624.8,2024-08-22,2024-09-21,closed,2024-10-04,43,13,False,False,seasonal_payer
INV12000753,B012,B012-C1029,Retail Client 029,Retail & Distribution,30,34690.08,2024-09-10,2024-10-10,closed,2024-10-23,43,13,False,False,seasonal_payer
INV12000754,B012,B012-C1029,Retail Client 029,Retail & Distribution,30,27487.56,2024-09-11,2024-10-11,closed,2024-10-29,48,18,False,False,seasonal_payer
INV12000755,B012,B012-C1029,Retail Client 029,Retail & Distribution,30,25933.46,2024-09-22,2024-10-22,closed,2024-10-31,39,9,False,False,seasonal_payer
INV12000756,B012,B012-C1029,Retail Client 029,Retail & Distribution,30,24545.98,2024-10-15,2024-11-14,closed,2024-11-23,39,9,False,False,seasonal_payer
INV12000757,B012,B012-C1029,Retail Client 029,Retail & Distribution,30,30393.29,2024-12-16,2025-01-15,closed,2025-01-20,35,5,False,False,seasonal_payer
INV12000758,B012,B012-C1029,Retail Client 029,Retail & Distribution,30,16764.03,2025-01-23,2025-02-22,closed,2025-02-27,35,5,False,False,seasonal_payer
INV12000759,B012,B012-C1029,Retail Client 029,Retail & Distribution,30,94203.59,2025-01-28,2025-02-27,closed,2025-03-01,32,2,False,True,seasonal_payer
INV12000760,B012,B012-C1029,Retail Client 029,Retail & Distribution,30,35110.34,2025-04-04,2025-05-04,closed,2025-05-27,53,23,False,False,seasonal_payer
INV12000761,B012,B012-C1029,Retail Client 029,Retail & Distribution,30,34129.13,2025-04-30,2025-05-30,closed,2025-06-19,50,20,False,False,seasonal_payer
INV12000762,B012,B012-C1029,Retail Client 029,Retail & Distribution,30,22477.96,2025-05-01,2025-05-31,closed,2025-06-07,37,7,False,False,seasonal_payer
INV12000763,B012,B012-C1029,Retail Client 029,Retail & Distribution,30,14778.93,2025-05-08,2025-06-07,closed,2025-06-15,38,8,False,False,seasonal_payer
INV12000764,B012,B012-C1029,Retail Client 029,Retail & Distribution,30,37866.61,2025-05-25,2025-06-24,closed,2025-07-01,37,7,True,False,seasonal_payer
INV12000765,B012,B012-C1029,Retail Client 029,Retail & Distribution,30,130192.54,2025-06-05,2025-07-05,closed,2025-07-23,48,18,False,True,seasonal_payer
INV12000766,B012,B012-C1029,Retail Client 029,Retail & Distribution,30,17738.87,2025-07-29,2025-08-28,closed,2025-09-03,36,6,False,False,seasonal_payer
INV12000767,B012,B012-C1029,Retail Client 029,Retail & Distribution,30,29310.2,2025-08-22,2025-09-21,closed,2025-10-05,44,14,False,False,seasonal_payer
INV12000768,B012,B012-C1029,Retail Client 029,Retail & Distribution,30,24864.8,2025-08-26,2025-09-25,closed,2025-10-03,38,8,False,False,seasonal_payer
INV12000769,B012,B012-C1029,Retail Client 029,Retail & Distribution,30,23329.95,2025-09-05,2025-10-05,closed,2025-10-15,40,10,False,False,seasonal_payer
INV12000770,B012,B012-C1029,Retail Client 029,Retail & Distribution,30,38232.05,2025-09-07,2025-10-07,closed,2025-10-10,33,3,False,False,seasonal_payer
INV12000771,B012,B012-C1029,Retail Client 029,Retail & Distribution,30,16237.38,2025-09-08,2025-10-08,closed,2025-10-18,40,10,False,False,seasonal_payer
INV12000772,B012,B012-C1029,Retail Client 029,Retail & Distribution,30,26357.76,2025-09-11,2025-10-11,closed,2025-10-15,34,4,False,False,seasonal_payer
INV12000773,B012,B012-C1029,Retail Client 029,Retail & Distribution,30,33891.31,2025-09-13,2025-10-13,closed,2025-10-14,31,1,False,False,seasonal_payer
INV12000774,B012,B012-C1029,Retail Client 029,Retail & Distribution,30,26000.51,2026-02-18,2026-03-20,closed,2026-03-20,30,0,False,False,seasonal_payer
INV12000775,B012,B012-C1029,Retail Client 029,Retail & Distribution,30,19962.09,2026-03-16,2026-04-15,closed,2026-04-24,39,9,False,False,seasonal_payer
INV12000776,B012,B012-C1029,Retail Client 029,Retail & Distribution,30,38800.23,2026-04-02,2026-05-02,closed,2026-05-13,41,11,False,False,seasonal_payer
INV12000777,B012,B012-C1029,Retail Client 029,Retail & Distribution,30,23210.83,2026-04-08,2026-05-08,closed,2026-05-24,46,16,False,False,seasonal_payer
INV12000778,B012,B012-C1029,Retail Client 029,Retail & Distribution,30,23673.1,2026-07-11,2026-08-10,closed,2026-08-27,47,17,False,False,seasonal_payer
INV12000779,B012,B012-C1029,Retail Client 029,Retail & Distribution,30,30272.46,2026-07-16,2026-08-15,closed,2026-08-24,39,9,False,False,seasonal_payer
INV12000780,B012,B012-C1029,Retail Client 029,Retail & Distribution,30,39988.27,2026-08-08,2026-09-07,disputed_open,,,,False,False,seasonal_payer
INV12000781,B012,B012-C1029,Retail Client 029,Retail & Distribution,30,25085.53,2026-08-18,2026-09-17,open,,,,False,False,seasonal_payer
INV12000782,B012,B012-C1030,Electronics Client 030,Electronics & Electricals,45,150411.85,2024-04-16,2024-05-31,closed,2024-06-01,46,1,False,False,prompt_payer
INV12000783,B012,B012-C1030,Electronics Client 030,Electronics & Electricals,45,74529.23,2024-04-29,2024-06-13,closed,2024-06-14,46,1,False,False,prompt_payer
INV12000784,B012,B012-C1030,Electronics Client 030,Electronics & Electricals,45,118289.57,2024-05-05,2024-06-19,closed,2024-06-15,41,-4,False,False,prompt_payer
INV12000785,B012,B012-C1030,Electronics Client 030,Electronics & Electricals,45,132892.05,2024-05-19,2024-07-03,closed,2024-07-04,46,1,False,False,prompt_payer
INV12000786,B012,B012-C1030,Electronics Client 030,Electronics & Electricals,45,125092.28,2024-05-27,2024-07-11,closed,2024-07-11,45,0,False,False,prompt_payer
INV12000787,B012,B012-C1030,Electronics Client 030,Electronics & Electricals,45,211163.7,2024-06-29,2024-08-13,closed,2024-08-09,41,-4,False,False,prompt_payer
INV12000788,B012,B012-C1030,Electronics Client 030,Electronics & Electricals,45,77109.4,2024-07-17,2024-08-31,closed,2024-08-27,41,-4,False,False,prompt_payer
INV12000789,B012,B012-C1030,Electronics Client 030,Electronics & Electricals,45,91991.88,2024-08-14,2024-09-28,closed,2024-09-21,38,-7,False,False,prompt_payer
INV12000790,B012,B012-C1030,Electronics Client 030,Electronics & Electricals,45,114278.11,2024-09-13,2024-10-28,closed,2024-10-24,41,-4,False,False,prompt_payer
INV12000791,B012,B012-C1030,Electronics Client 030,Electronics & Electricals,45,140958.23,2024-09-15,2024-10-30,closed,2024-11-01,47,2,False,False,prompt_payer
INV12000792,B012,B012-C1030,Electronics Client 030,Electronics & Electricals,45,95176.09,2024-10-01,2024-11-15,closed,2024-11-20,50,5,False,False,prompt_payer
INV12000793,B012,B012-C1030,Electronics Client 030,Electronics & Electricals,45,160061.65,2024-10-26,2024-12-10,closed,2024-12-12,47,2,False,False,prompt_payer
INV12000794,B012,B012-C1030,Electronics Client 030,Electronics & Electricals,45,55869.63,2024-11-12,2024-12-27,closed,2024-12-25,43,-2,False,False,prompt_payer
INV12000795,B012,B012-C1030,Electronics Client 030,Electronics & Electricals,45,85713.27,2024-11-25,2025-01-09,closed,2025-01-06,42,-3,False,False,prompt_payer
INV12000796,B012,B012-C1030,Electronics Client 030,Electronics & Electricals,45,94065.1,2024-12-02,2025-01-16,closed,2025-01-22,51,6,True,False,prompt_payer
INV12000797,B012,B012-C1030,Electronics Client 030,Electronics & Electricals,45,87855.38,2025-01-16,2025-03-02,closed,2025-02-27,42,-3,True,False,prompt_payer
INV12000798,B012,B012-C1030,Electronics Client 030,Electronics & Electricals,45,392432.2,2025-02-06,2025-03-23,closed,2025-03-19,41,-4,False,True,prompt_payer
INV12000799,B012,B012-C1030,Electronics Client 030,Electronics & Electricals,45,65089.33,2025-03-01,2025-04-15,closed,2025-04-14,44,-1,False,False,prompt_payer
INV12000800,B012,B012-C1030,Electronics Client 030,Electronics & Electricals,45,121135.77,2025-03-02,2025-04-16,closed,2025-04-18,47,2,False,False,prompt_payer
INV12000801,B012,B012-C1030,Electronics Client 030,Electronics & Electricals,45,114107.12,2025-03-24,2025-05-08,closed,2025-05-07,44,-1,False,False,prompt_payer
INV12000802,B012,B012-C1030,Electronics Client 030,Electronics & Electricals,45,109228.09,2025-04-14,2025-05-29,closed,2025-05-29,45,0,False,False,prompt_payer
INV12000803,B012,B012-C1030,Electronics Client 030,Electronics & Electricals,45,145758.46,2025-06-02,2025-07-17,closed,2025-07-17,45,0,False,False,prompt_payer
INV12000804,B012,B012-C1030,Electronics Client 030,Electronics & Electricals,45,452984.57,2025-07-24,2025-09-07,closed,2025-09-12,50,5,False,True,prompt_payer
INV12000805,B012,B012-C1030,Electronics Client 030,Electronics & Electricals,45,57633.63,2025-08-21,2025-10-05,closed,2025-10-01,41,-4,False,False,prompt_payer
INV12000806,B012,B012-C1030,Electronics Client 030,Electronics & Electricals,45,81112.68,2025-08-21,2025-10-05,closed,2025-09-30,40,-5,True,False,prompt_payer
INV12000807,B012,B012-C1030,Electronics Client 030,Electronics & Electricals,45,105660.28,2025-10-15,2025-11-29,closed,2025-11-27,43,-2,False,False,prompt_payer
INV12000808,B012,B012-C1030,Electronics Client 030,Electronics & Electricals,45,117308.26,2026-02-07,2026-03-24,closed,2026-03-20,41,-4,False,False,prompt_payer
INV12000809,B012,B012-C1030,Electronics Client 030,Electronics & Electricals,45,82836.77,2026-02-11,2026-03-28,closed,2026-04-03,51,6,False,False,prompt_payer
INV12000810,B012,B012-C1030,Electronics Client 030,Electronics & Electricals,45,97930.16,2026-03-27,2026-05-11,closed,2026-05-13,47,2,False,False,prompt_payer
INV12000811,B012,B012-C1030,Electronics Client 030,Electronics & Electricals,45,77625.29,2026-05-09,2026-06-23,closed,2026-06-24,46,1,False,False,prompt_payer
INV12000812,B012,B012-C1030,Electronics Client 030,Electronics & Electricals,45,121071.32,2026-06-04,2026-07-19,closed,2026-07-15,41,-4,False,False,prompt_payer
INV12000813,B012,B012-C1030,Electronics Client 030,Electronics & Electricals,45,96618.91,2026-06-07,2026-07-22,closed,2026-07-17,40,-5,True,False,prompt_payer
INV12000814,B012,B012-C1030,Electronics Client 030,Electronics & Electricals,45,158271.21,2026-06-14,2026-07-29,closed,2026-07-27,43,-2,False,False,prompt_payer
INV12000815,B012,B012-C1030,Electronics Client 030,Electronics & Electricals,45,90004.43,2026-07-16,2026-08-30,closed,2026-08-27,42,-3,False,False,prompt_payer
INV12000816,B012,B012-C1030,Electronics Client 030,Electronics & Electricals,45,136728.76,2026-08-19,2026-10-03,open,,,,False,False,prompt_payer
INV12000817,B012,B012-C1030,Electronics Client 030,Electronics & Electricals,45,107545.96,2026-08-21,2026-10-05,open,,,,False,False,prompt_payer
INV12000818,B012,B012-C1031,Electronics Client 031,Electronics & Electricals,60,391382.12,2024-03-16,2024-05-15,closed,2024-05-21,66,6,False,False,average_payer
INV12000819,B012,B012-C1031,Electronics Client 031,Electronics & Electricals,60,267256.67,2024-03-31,2024-05-30,closed,2024-06-13,74,14,False,False,average_payer
INV12000820,B012,B012-C1031,Electronics Client 031,Electronics & Electricals,60,238587.12,2024-03-31,2024-05-30,closed,2024-06-08,69,9,False,False,average_payer
INV12000821,B012,B012-C1031,Electronics Client 031,Electronics & Electricals,60,227619.32,2024-04-10,2024-06-09,closed,2024-06-16,67,7,False,False,average_payer
INV12000822,B012,B012-C1031,Electronics Client 031,Electronics & Electricals,60,332903.66,2024-04-11,2024-06-10,closed,2024-06-30,80,20,False,False,average_payer
INV12000823,B012,B012-C1031,Electronics Client 031,Electronics & Electricals,60,174813.27,2024-04-30,2024-06-29,closed,2024-06-24,55,-5,False,False,average_payer
INV12000824,B012,B012-C1031,Electronics Client 031,Electronics & Electricals,60,193872.66,2024-05-26,2024-07-25,closed,2024-07-26,61,1,False,False,average_payer
INV12000825,B012,B012-C1031,Electronics Client 031,Electronics & Electricals,60,329095.33,2024-06-16,2024-08-15,closed,2024-08-31,76,16,False,False,average_payer
INV12000826,B012,B012-C1031,Electronics Client 031,Electronics & Electricals,60,757117.99,2024-07-04,2024-09-02,closed,2024-09-05,63,3,False,True,average_payer
INV12000827,B012,B012-C1031,Electronics Client 031,Electronics & Electricals,60,337531.48,2024-07-11,2024-09-09,closed,2024-09-16,67,7,False,False,average_payer
INV12000828,B012,B012-C1031,Electronics Client 031,Electronics & Electricals,60,152880.05,2024-07-30,2024-09-28,closed,2024-10-10,72,12,False,False,average_payer
INV12000829,B012,B012-C1031,Electronics Client 031,Electronics & Electricals,60,232066.83,2024-08-29,2024-10-28,closed,2024-11-01,64,4,False,False,average_payer
INV12000830,B012,B012-C1031,Electronics Client 031,Electronics & Electricals,60,203595.94,2024-09-18,2024-11-17,closed,2024-11-22,65,5,False,False,average_payer
INV12000831,B012,B012-C1031,Electronics Client 031,Electronics & Electricals,60,277641.19,2024-11-06,2025-01-05,closed,2024-12-31,55,-5,False,False,average_payer
INV12000832,B012,B012-C1031,Electronics Client 031,Electronics & Electricals,60,290788.75,2025-01-07,2025-03-08,closed,2025-03-14,66,6,False,False,average_payer
INV12000833,B012,B012-C1031,Electronics Client 031,Electronics & Electricals,60,210467.9,2025-02-17,2025-04-18,closed,2025-04-20,62,2,False,False,average_payer
INV12000834,B012,B012-C1031,Electronics Client 031,Electronics & Electricals,60,290961.93,2025-03-22,2025-05-21,closed,2025-05-23,62,2,False,False,average_payer
INV12000835,B012,B012-C1031,Electronics Client 031,Electronics & Electricals,60,319056.54,2025-05-23,2025-07-22,closed,2025-07-30,68,8,False,False,average_payer
INV12000836,B012,B012-C1031,Electronics Client 031,Electronics & Electricals,60,414154.04,2025-06-23,2025-08-22,closed,2025-09-04,73,13,False,False,average_payer
INV12000837,B012,B012-C1031,Electronics Client 031,Electronics & Electricals,60,373701.2,2025-06-25,2025-08-24,closed,2025-09-01,68,8,False,False,average_payer
INV12000838,B012,B012-C1031,Electronics Client 031,Electronics & Electricals,60,163043.2,2025-08-09,2025-10-08,closed,2025-10-21,73,13,False,False,average_payer
INV12000839,B012,B012-C1031,Electronics Client 031,Electronics & Electricals,60,134111.97,2025-09-14,2025-11-13,closed,2025-11-06,53,-7,False,False,average_payer
INV12000840,B012,B012-C1031,Electronics Client 031,Electronics & Electricals,60,312680.06,2025-10-02,2025-12-01,closed,2025-12-03,62,2,False,False,average_payer
INV12000841,B012,B012-C1031,Electronics Client 031,Electronics & Electricals,60,209034.64,2025-11-10,2026-01-09,closed,2026-01-20,71,11,False,False,average_payer
INV12000842,B012,B012-C1031,Electronics Client 031,Electronics & Electricals,60,213306.11,2025-11-25,2026-01-24,closed,2026-01-31,67,7,False,False,average_payer
INV12000843,B012,B012-C1031,Electronics Client 031,Electronics & Electricals,60,366388.67,2026-01-03,2026-03-04,closed,2026-03-18,74,14,False,False,average_payer
INV12000844,B012,B012-C1031,Electronics Client 031,Electronics & Electricals,60,264044.22,2026-01-15,2026-03-16,closed,2026-03-15,59,-1,False,False,average_payer
INV12000845,B012,B012-C1031,Electronics Client 031,Electronics & Electricals,60,211141.55,2026-01-23,2026-03-24,closed,2026-03-31,67,7,False,False,average_payer
INV12000846,B012,B012-C1031,Electronics Client 031,Electronics & Electricals,60,284989.44,2026-05-20,2026-07-19,closed,2026-07-10,51,-9,False,False,average_payer
INV12000847,B012,B012-C1031,Electronics Client 031,Electronics & Electricals,60,386139.02,2026-07-17,2026-09-15,open,,,,False,False,average_payer
INV12000848,B012,B012-C1031,Electronics Client 031,Electronics & Electricals,60,212668.96,2026-08-03,2026-10-02,disputed_open,,,,False,False,average_payer
INV12000849,B012,B012-C1031,Electronics Client 031,Electronics & Electricals,60,279170.91,2026-08-08,2026-10-07,open,,,,False,False,average_payer
INV12000850,B012,B012-C1031,Electronics Client 031,Electronics & Electricals,60,322822.37,2026-08-16,2026-10-15,disputed_open,,,,False,False,average_payer
INV12000851,B012,B012-C1032,Auto Client 032,Auto Components,45,69703.12,2024-03-18,2024-05-02,closed,2024-05-15,58,13,False,False,seasonal_payer
INV12000852,B012,B012-C1032,Auto Client 032,Auto Components,45,68816.26,2024-03-22,2024-05-06,closed,2024-05-09,48,3,False,False,seasonal_payer
INV12000853,B012,B012-C1032,Auto Client 032,Auto Components,45,42758.94,2024-05-22,2024-07-06,closed,2024-07-02,41,-4,False,False,seasonal_payer
INV12000854,B012,B012-C1032,Auto Client 032,Auto Components,45,71520.99,2024-06-07,2024-07-22,closed,2024-07-21,44,-1,False,False,seasonal_payer
INV12000855,B012,B012-C1032,Auto Client 032,Auto Components,45,68546.54,2024-07-08,2024-08-22,closed,2024-08-22,45,0,False,False,seasonal_payer
INV12000856,B012,B012-C1032,Auto Client 032,Auto Components,45,50960.0,2024-07-13,2024-08-27,closed,2024-09-08,57,12,False,False,seasonal_payer
INV12000857,B012,B012-C1032,Auto Client 032,Auto Components,45,86510.34,2024-08-02,2024-09-16,closed,2024-09-23,52,7,False,False,seasonal_payer
INV12000858,B012,B012-C1032,Auto Client 032,Auto Components,45,56121.92,2024-08-23,2024-10-07,closed,2024-10-23,61,16,False,False,seasonal_payer
INV12000859,B012,B012-C1032,Auto Client 032,Auto Components,45,80933.3,2024-10-09,2024-11-23,closed,2024-12-04,56,11,False,False,seasonal_payer
INV12000860,B012,B012-C1032,Auto Client 032,Auto Components,45,80023.98,2024-10-23,2024-12-07,closed,2025-01-04,73,28,False,False,seasonal_payer
INV12000861,B012,B012-C1032,Auto Client 032,Auto Components,45,54987.49,2024-11-16,2024-12-31,closed,2025-01-19,64,19,False,False,seasonal_payer
INV12000862,B012,B012-C1032,Auto Client 032,Auto Components,45,63714.09,2024-12-02,2025-01-16,closed,2025-01-27,56,11,False,False,seasonal_payer
INV12000863,B012,B012-C1032,Auto Client 032,Auto Components,45,95296.03,2024-12-31,2025-02-14,closed,2025-02-25,56,11,False,False,seasonal_payer
INV12000864,B012,B012-C1032,Auto Client 032,Auto Components,45,54955.05,2025-01-31,2025-03-17,closed,2025-04-05,64,19,False,False,seasonal_payer
INV12000865,B012,B012-C1032,Auto Client 032,Auto Components,45,115143.7,2025-02-15,2025-04-01,closed,2025-04-10,54,9,False,False,seasonal_payer
INV12000866,B012,B012-C1032,Auto Client 032,Auto Components,45,84150.32,2025-04-09,2025-05-24,closed,2025-05-28,49,4,False,False,seasonal_payer
INV12000867,B012,B012-C1032,Auto Client 032,Auto Components,45,114375.48,2025-05-05,2025-06-19,closed,2025-06-18,44,-1,False,False,seasonal_payer
INV12000868,B012,B012-C1032,Auto Client 032,Auto Components,45,94413.52,2025-05-09,2025-06-23,closed,2025-06-15,37,-8,False,False,seasonal_payer
INV12000869,B012,B012-C1032,Auto Client 032,Auto Components,45,53169.13,2025-05-19,2025-07-03,open,,,,False,False,seasonal_payer
INV12000870,B012,B012-C1032,Auto Client 032,Auto Components,45,80905.68,2025-06-03,2025-07-18,closed,2025-08-06,64,19,False,False,seasonal_payer
INV12000871,B012,B012-C1032,Auto Client 032,Auto Components,45,75333.46,2025-07-07,2025-08-21,closed,2025-08-27,51,6,False,False,seasonal_payer
INV12000872,B012,B012-C1032,Auto Client 032,Auto Components,45,101450.25,2025-08-11,2025-09-25,closed,2025-09-30,50,5,False,False,seasonal_payer
INV12000873,B012,B012-C1032,Auto Client 032,Auto Components,45,49760.54,2025-08-17,2025-10-01,closed,2025-10-15,59,14,False,False,seasonal_payer
INV12000874,B012,B012-C1032,Auto Client 032,Auto Components,45,62690.94,2025-08-25,2025-10-09,closed,2025-10-17,53,8,True,False,seasonal_payer
INV12000875,B012,B012-C1032,Auto Client 032,Auto Components,45,70314.98,2025-09-02,2025-10-17,closed,2025-10-23,51,6,False,False,seasonal_payer
INV12000876,B012,B012-C1032,Auto Client 032,Auto Components,45,73503.98,2025-09-14,2025-10-29,closed,2025-11-14,61,16,False,False,seasonal_payer
INV12000877,B012,B012-C1032,Auto Client 032,Auto Components,45,82652.19,2025-12-01,2026-01-15,closed,2026-01-23,53,8,False,False,seasonal_payer
INV12000878,B012,B012-C1032,Auto Client 032,Auto Components,45,55113.12,2025-12-28,2026-02-11,closed,2026-02-26,60,15,False,False,seasonal_payer
INV12000879,B012,B012-C1032,Auto Client 032,Auto Components,45,311174.14,2025-12-31,2026-02-14,closed,2026-02-26,57,12,False,True,seasonal_payer
INV12000880,B012,B012-C1032,Auto Client 032,Auto Components,45,66198.38,2026-02-09,2026-03-26,closed,2026-04-18,68,23,False,False,seasonal_payer
INV12000881,B012,B012-C1032,Auto Client 032,Auto Components,45,66572.85,2026-03-11,2026-04-25,closed,2026-05-02,52,7,False,False,seasonal_payer
INV12000882,B012,B012-C1032,Auto Client 032,Auto Components,45,90772.67,2026-06-12,2026-07-27,closed,2026-07-24,42,-3,False,False,seasonal_payer
INV12000883,B012,B012-C1032,Auto Client 032,Auto Components,45,49888.28,2026-08-26,2026-10-10,disputed_open,,,,False,False,seasonal_payer
INV12000884,B012,B012-C1033,Chemicals Client 033,Chemicals & Plastics,45,101190.52,2024-12-19,2025-02-02,closed,2025-02-05,48,3,False,False,prompt_payer
INV12000885,B012,B012-C1033,Chemicals Client 033,Chemicals & Plastics,45,56046.98,2025-02-23,2025-04-09,closed,2025-04-13,49,4,False,False,prompt_payer
INV12000886,B012,B012-C1033,Chemicals Client 033,Chemicals & Plastics,45,74796.53,2025-03-04,2025-04-18,closed,2025-04-21,48,3,False,False,prompt_payer
INV12000887,B012,B012-C1033,Chemicals Client 033,Chemicals & Plastics,45,54669.43,2025-04-28,2025-06-12,closed,2025-06-12,45,0,False,False,prompt_payer
INV12000888,B012,B012-C1033,Chemicals Client 033,Chemicals & Plastics,45,68588.82,2025-05-15,2025-06-29,closed,2025-06-29,45,0,False,False,prompt_payer
INV12000889,B012,B012-C1033,Chemicals Client 033,Chemicals & Plastics,45,69495.62,2025-06-08,2025-07-23,closed,2025-07-22,44,-1,False,False,prompt_payer
INV12000890,B012,B012-C1033,Chemicals Client 033,Chemicals & Plastics,45,70227.75,2025-06-23,2025-08-07,closed,2025-08-11,49,4,False,False,prompt_payer
INV12000891,B012,B012-C1033,Chemicals Client 033,Chemicals & Plastics,45,93757.35,2025-06-29,2025-08-13,closed,2025-08-19,51,6,False,False,prompt_payer
INV12000892,B012,B012-C1033,Chemicals Client 033,Chemicals & Plastics,45,84134.38,2025-07-01,2025-08-15,closed,2025-08-12,42,-3,False,False,prompt_payer
INV12000893,B012,B012-C1033,Chemicals Client 033,Chemicals & Plastics,45,78978.39,2025-07-27,2025-09-10,closed,2025-09-06,41,-4,False,False,prompt_payer
INV12000894,B012,B012-C1033,Chemicals Client 033,Chemicals & Plastics,45,103690.92,2025-07-28,2025-09-11,closed,2025-09-15,49,4,False,False,prompt_payer
INV12000895,B012,B012-C1033,Chemicals Client 033,Chemicals & Plastics,45,105321.68,2025-08-02,2025-09-16,closed,2025-09-19,48,3,False,False,prompt_payer
INV12000896,B012,B012-C1033,Chemicals Client 033,Chemicals & Plastics,45,81595.28,2025-09-22,2025-11-06,closed,2025-11-03,42,-3,False,False,prompt_payer
INV12000897,B012,B012-C1033,Chemicals Client 033,Chemicals & Plastics,45,61801.44,2025-10-11,2025-11-25,closed,2025-11-20,40,-5,False,False,prompt_payer
INV12000898,B012,B012-C1033,Chemicals Client 033,Chemicals & Plastics,45,86301.57,2025-10-19,2025-12-03,closed,2025-12-04,46,1,False,False,prompt_payer
INV12000899,B012,B012-C1033,Chemicals Client 033,Chemicals & Plastics,45,101396.31,2025-12-29,2026-02-12,closed,2026-02-14,47,2,False,False,prompt_payer
INV12000900,B012,B012-C1033,Chemicals Client 033,Chemicals & Plastics,45,85080.53,2026-01-13,2026-02-27,closed,2026-02-25,43,-2,False,False,prompt_payer
INV12000901,B012,B012-C1033,Chemicals Client 033,Chemicals & Plastics,45,60422.64,2026-01-23,2026-03-09,closed,2026-03-04,40,-5,False,False,prompt_payer
INV12000902,B012,B012-C1033,Chemicals Client 033,Chemicals & Plastics,45,62137.82,2026-03-15,2026-04-29,closed,2026-04-27,43,-2,False,False,prompt_payer
INV12000903,B012,B012-C1033,Chemicals Client 033,Chemicals & Plastics,45,51342.07,2026-03-21,2026-05-05,closed,2026-05-06,46,1,False,False,prompt_payer
INV12000904,B012,B012-C1033,Chemicals Client 033,Chemicals & Plastics,45,77793.47,2026-08-06,2026-09-20,disputed_open,,,,False,False,prompt_payer
INV12000905,B012,B012-C1034,Metal Client 034,Metal & Engineering,30,219209.64,2024-03-22,2024-04-21,closed,2024-05-14,53,23,False,False,average_payer
INV12000906,B012,B012-C1034,Metal Client 034,Metal & Engineering,30,408394.55,2024-03-24,2024-04-23,closed,2024-04-18,25,-5,False,False,average_payer
INV12000907,B012,B012-C1034,Metal Client 034,Metal & Engineering,30,362010.98,2024-04-05,2024-05-05,closed,2024-05-10,35,5,False,False,average_payer
INV12000908,B012,B012-C1034,Metal Client 034,Metal & Engineering,30,405809.23,2024-04-08,2024-05-08,closed,2024-05-14,36,6,False,False,average_payer
INV12000909,B012,B012-C1034,Metal Client 034,Metal & Engineering,30,1218262.69,2024-04-14,2024-05-14,closed,2024-05-17,33,3,False,True,average_payer
INV12000910,B012,B012-C1034,Metal Client 034,Metal & Engineering,30,525154.58,2024-05-13,2024-06-12,closed,2024-06-06,24,-6,False,False,average_payer
INV12000911,B012,B012-C1034,Metal Client 034,Metal & Engineering,30,238642.38,2024-05-13,2024-06-12,closed,2024-05-31,18,-12,False,False,average_payer
INV12000912,B012,B012-C1034,Metal Client 034,Metal & Engineering,30,465405.02,2024-05-26,2024-06-25,closed,2024-06-25,30,0,False,False,average_payer
INV12000913,B012,B012-C1034,Metal Client 034,Metal & Engineering,30,467272.86,2024-06-02,2024-07-02,closed,2024-07-05,33,3,False,False,average_payer
INV12000914,B012,B012-C1034,Metal Client 034,Metal & Engineering,30,286203.69,2024-06-04,2024-07-04,closed,2024-06-29,25,-5,False,False,average_payer
INV12000915,B012,B012-C1034,Metal Client 034,Metal & Engineering,30,234661.39,2024-06-06,2024-07-06,closed,2024-06-24,18,-12,False,False,average_payer
INV12000916,B012,B012-C1034,Metal Client 034,Metal & Engineering,30,268819.17,2024-06-17,2024-07-17,closed,2024-07-28,41,11,False,False,average_payer
INV12000917,B012,B012-C1034,Metal Client 034,Metal & Engineering,30,322492.11,2024-06-24,2024-07-24,closed,2024-07-26,32,2,False,False,average_payer
INV12000918,B012,B012-C1034,Metal Client 034,Metal & Engineering,30,236447.21,2024-07-16,2024-08-15,closed,2024-08-20,35,5,False,False,average_payer
INV12000919,B012,B012-C1034,Metal Client 034,Metal & Engineering,30,358354.97,2024-07-30,2024-08-29,closed,2024-08-30,31,1,False,False,average_payer
INV12000920,B012,B012-C1034,Metal Client 034,Metal & Engineering,30,293439.35,2024-08-08,2024-09-07,closed,2024-09-02,25,-5,False,False,average_payer
INV12000921,B012,B012-C1034,Metal Client 034,Metal & Engineering,30,254029.01,2024-09-08,2024-10-08,closed,2024-10-10,32,2,False,False,average_payer
INV12000922,B012,B012-C1034,Metal Client 034,Metal & Engineering,30,254861.55,2024-10-11,2024-11-10,closed,2024-11-05,25,-5,False,False,average_payer
INV12000923,B012,B012-C1034,Metal Client 034,Metal & Engineering,30,337463.57,2024-10-18,2024-11-17,closed,2024-11-27,40,10,False,False,average_payer
INV12000924,B012,B012-C1034,Metal Client 034,Metal & Engineering,30,347194.32,2024-12-08,2025-01-07,closed,2025-01-11,34,4,True,False,average_payer
INV12000925,B012,B012-C1034,Metal Client 034,Metal & Engineering,30,382365.23,2025-02-06,2025-03-08,closed,2025-03-08,30,0,False,False,average_payer
INV12000926,B012,B012-C1034,Metal Client 034,Metal & Engineering,30,256167.98,2025-03-13,2025-04-12,closed,2025-04-29,47,17,False,False,average_payer
INV12000927,B012,B012-C1034,Metal Client 034,Metal & Engineering,30,346738.89,2025-05-02,2025-06-01,closed,2025-05-31,29,-1,False,False,average_payer
INV12000928,B012,B012-C1034,Metal Client 034,Metal & Engineering,30,345913.2,2025-05-27,2025-06-26,closed,2025-06-16,20,-10,False,False,average_payer
INV12000929,B012,B012-C1034,Metal Client 034,Metal & Engineering,30,387895.22,2025-07-19,2025-08-18,closed,2025-08-15,27,-3,False,False,average_payer
INV12000930,B012,B012-C1034,Metal Client 034,Metal & Engineering,30,353194.26,2025-07-29,2025-08-28,closed,2025-09-07,40,10,False,False,average_payer
INV12000931,B012,B012-C1034,Metal Client 034,Metal & Engineering,30,405885.85,2025-07-31,2025-08-30,closed,2025-08-31,31,1,False,False,average_payer
INV12000932,B012,B012-C1034,Metal Client 034,Metal & Engineering,30,406864.32,2025-09-01,2025-10-01,closed,2025-10-14,43,13,False,False,average_payer
INV12000933,B012,B012-C1034,Metal Client 034,Metal & Engineering,30,463709.92,2025-09-17,2025-10-17,closed,2025-10-26,39,9,False,False,average_payer
INV12000934,B012,B012-C1034,Metal Client 034,Metal & Engineering,30,226580.79,2025-09-19,2025-10-19,closed,2025-10-20,31,1,False,False,average_payer
INV12000935,B012,B012-C1034,Metal Client 034,Metal & Engineering,30,324833.17,2025-10-04,2025-11-03,closed,2025-11-08,35,5,False,False,average_payer
INV12000936,B012,B012-C1034,Metal Client 034,Metal & Engineering,30,329427.52,2025-11-21,2025-12-21,closed,2026-01-03,43,13,False,False,average_payer
INV12000937,B012,B012-C1034,Metal Client 034,Metal & Engineering,30,134123.92,2025-11-25,2025-12-25,closed,2025-12-31,36,6,False,False,average_payer
INV12000938,B012,B012-C1034,Metal Client 034,Metal & Engineering,30,287595.06,2025-12-05,2026-01-04,closed,2026-01-07,33,3,False,False,average_payer
INV12000939,B012,B012-C1034,Metal Client 034,Metal & Engineering,30,222685.71,2025-12-11,2026-01-10,closed,2026-01-15,35,5,False,False,average_payer
INV12000940,B012,B012-C1034,Metal Client 034,Metal & Engineering,30,291624.53,2026-01-08,2026-02-07,closed,2026-02-15,38,8,False,False,average_payer
INV12000941,B012,B012-C1034,Metal Client 034,Metal & Engineering,30,411701.6,2026-02-12,2026-03-14,closed,2026-03-20,36,6,False,False,average_payer
INV12000942,B012,B012-C1034,Metal Client 034,Metal & Engineering,30,231797.13,2026-03-07,2026-04-06,closed,2026-04-09,33,3,False,False,average_payer
INV12000943,B012,B012-C1034,Metal Client 034,Metal & Engineering,30,215432.61,2026-03-10,2026-04-09,closed,2026-04-14,35,5,False,False,average_payer
INV12000944,B012,B012-C1034,Metal Client 034,Metal & Engineering,30,608781.41,2026-03-26,2026-04-25,closed,2026-04-25,30,0,False,False,average_payer
INV12000945,B012,B012-C1034,Metal Client 034,Metal & Engineering,30,730998.39,2026-05-13,2026-06-12,closed,2026-06-21,39,9,False,False,average_payer
INV12000946,B012,B012-C1034,Metal Client 034,Metal & Engineering,30,248393.71,2026-05-29,2026-06-28,closed,2026-06-16,18,-12,False,False,average_payer
INV12000947,B012,B012-C1034,Metal Client 034,Metal & Engineering,30,1331858.94,2026-05-30,2026-06-29,closed,2026-07-08,39,9,False,True,average_payer
INV12000948,B012,B012-C1034,Metal Client 034,Metal & Engineering,30,353679.15,2026-06-10,2026-07-10,closed,2026-07-13,33,3,False,False,average_payer
INV12000949,B012,B012-C1034,Metal Client 034,Metal & Engineering,30,431572.58,2026-06-26,2026-07-26,closed,2026-08-08,43,13,False,False,average_payer
INV12000950,B012,B012-C1034,Metal Client 034,Metal & Engineering,30,470177.42,2026-07-03,2026-08-02,closed,2026-08-01,29,-1,False,False,average_payer
INV12000951,B012,B012-C1034,Metal Client 034,Metal & Engineering,30,443782.32,2026-07-04,2026-08-03,closed,2026-08-05,32,2,False,False,average_payer
INV12000952,B012,B012-C1034,Metal Client 034,Metal & Engineering,30,422227.07,2026-07-22,2026-08-21,open,,,,False,False,average_payer
INV12000953,B012,B012-C1035,Pharma Client 035,Pharma & Healthcare,60,62321.75,2024-03-23,2024-05-22,closed,2024-06-08,77,17,False,False,deteriorating_payer
INV12000954,B012,B012-C1035,Pharma Client 035,Pharma & Healthcare,60,52377.99,2024-06-16,2024-08-15,closed,2024-08-13,58,-2,False,False,deteriorating_payer
INV12000955,B012,B012-C1035,Pharma Client 035,Pharma & Healthcare,60,59660.38,2024-06-18,2024-08-17,closed,2024-09-05,79,19,False,False,deteriorating_payer
INV12000956,B012,B012-C1035,Pharma Client 035,Pharma & Healthcare,60,96483.19,2024-06-29,2024-08-28,closed,2024-08-29,61,1,False,False,deteriorating_payer
INV12000957,B012,B012-C1035,Pharma Client 035,Pharma & Healthcare,60,61914.8,2024-07-05,2024-09-03,closed,2024-09-22,79,19,False,False,deteriorating_payer
INV12000958,B012,B012-C1035,Pharma Client 035,Pharma & Healthcare,60,71181.98,2024-08-01,2024-09-30,open,,,,False,False,deteriorating_payer
INV12000959,B012,B012-C1035,Pharma Client 035,Pharma & Healthcare,60,53822.08,2024-08-29,2024-10-28,closed,2024-11-24,87,27,False,False,deteriorating_payer
INV12000960,B012,B012-C1035,Pharma Client 035,Pharma & Healthcare,60,63726.21,2024-09-02,2024-11-01,closed,2024-11-07,66,6,False,False,deteriorating_payer
INV12000961,B012,B012-C1035,Pharma Client 035,Pharma & Healthcare,60,26014.76,2024-10-22,2024-12-21,closed,2024-12-21,60,0,False,False,deteriorating_payer
INV12000962,B012,B012-C1035,Pharma Client 035,Pharma & Healthcare,60,46307.15,2024-11-01,2024-12-31,closed,2024-12-29,58,-2,False,False,deteriorating_payer
INV12000963,B012,B012-C1035,Pharma Client 035,Pharma & Healthcare,60,54622.32,2024-11-05,2025-01-04,closed,2025-02-01,88,28,False,False,deteriorating_payer
INV12000964,B012,B012-C1035,Pharma Client 035,Pharma & Healthcare,60,39325.49,2024-12-07,2025-02-05,closed,2025-02-20,75,15,False,False,deteriorating_payer
INV12000965,B012,B012-C1035,Pharma Client 035,Pharma & Healthcare,60,34170.06,2024-12-16,2025-02-14,closed,2025-03-13,87,27,False,False,deteriorating_payer
INV12000966,B012,B012-C1035,Pharma Client 035,Pharma & Healthcare,60,26471.57,2025-02-11,2025-04-12,closed,2025-04-25,73,13,False,False,deteriorating_payer
INV12000967,B012,B012-C1035,Pharma Client 035,Pharma & Healthcare,60,44013.18,2025-03-01,2025-04-30,closed,2025-05-18,78,18,False,False,deteriorating_payer
INV12000968,B012,B012-C1035,Pharma Client 035,Pharma & Healthcare,60,57824.22,2025-03-15,2025-05-14,closed,2025-06-08,85,25,False,False,deteriorating_payer
INV12000969,B012,B012-C1035,Pharma Client 035,Pharma & Healthcare,60,97483.24,2025-04-15,2025-06-14,closed,2025-07-12,88,28,False,False,deteriorating_payer
INV12000970,B012,B012-C1035,Pharma Client 035,Pharma & Healthcare,60,53387.75,2025-05-23,2025-07-22,closed,2025-08-19,88,28,False,False,deteriorating_payer
INV12000971,B012,B012-C1035,Pharma Client 035,Pharma & Healthcare,60,43896.08,2025-07-30,2025-09-28,closed,2025-10-06,68,8,False,False,deteriorating_payer
INV12000972,B012,B012-C1035,Pharma Client 035,Pharma & Healthcare,60,55541.97,2025-07-31,2025-09-29,closed,2025-11-17,109,49,False,False,deteriorating_payer
INV12000973,B012,B012-C1035,Pharma Client 035,Pharma & Healthcare,60,59256.34,2025-08-14,2025-10-13,closed,2025-11-04,82,22,False,False,deteriorating_payer
INV12000974,B012,B012-C1035,Pharma Client 035,Pharma & Healthcare,60,67332.0,2025-09-04,2025-11-03,closed,2025-12-02,89,29,False,False,deteriorating_payer
INV12000975,B012,B012-C1035,Pharma Client 035,Pharma & Healthcare,60,52448.11,2025-09-14,2025-11-13,closed,2025-12-16,93,33,False,False,deteriorating_payer
INV12000976,B012,B012-C1035,Pharma Client 035,Pharma & Healthcare,60,47626.92,2025-09-16,2025-11-15,closed,2025-12-03,78,18,False,False,deteriorating_payer
INV12000977,B012,B012-C1035,Pharma Client 035,Pharma & Healthcare,60,74713.08,2025-10-21,2025-12-20,closed,2026-01-17,88,28,False,False,deteriorating_payer
INV12000978,B012,B012-C1035,Pharma Client 035,Pharma & Healthcare,60,73838.4,2025-11-25,2026-01-24,closed,2026-02-09,76,16,False,False,deteriorating_payer
INV12000979,B012,B012-C1035,Pharma Client 035,Pharma & Healthcare,60,56287.86,2026-01-07,2026-03-08,closed,2026-04-05,88,28,False,False,deteriorating_payer
INV12000980,B012,B012-C1035,Pharma Client 035,Pharma & Healthcare,60,45917.81,2026-02-12,2026-04-13,closed,2026-04-16,63,3,False,False,deteriorating_payer
INV12000981,B012,B012-C1035,Pharma Client 035,Pharma & Healthcare,60,58034.35,2026-02-22,2026-04-23,closed,2026-05-22,89,29,False,False,deteriorating_payer
INV12000982,B012,B012-C1035,Pharma Client 035,Pharma & Healthcare,60,71795.63,2026-03-05,2026-05-04,closed,2026-06-03,90,30,False,False,deteriorating_payer
INV12000983,B012,B012-C1035,Pharma Client 035,Pharma & Healthcare,60,61855.76,2026-04-07,2026-06-06,closed,2026-07-30,114,54,False,False,deteriorating_payer
INV12000984,B012,B012-C1035,Pharma Client 035,Pharma & Healthcare,60,38534.87,2026-04-10,2026-06-09,closed,2026-07-23,104,44,False,False,deteriorating_payer
INV12000985,B012,B012-C1035,Pharma Client 035,Pharma & Healthcare,60,82462.93,2026-04-10,2026-06-09,closed,2026-06-28,79,19,False,False,deteriorating_payer
INV12000986,B012,B012-C1035,Pharma Client 035,Pharma & Healthcare,60,65913.05,2026-04-29,2026-06-28,closed,2026-07-29,91,31,False,False,deteriorating_payer
INV12000987,B012,B012-C1035,Pharma Client 035,Pharma & Healthcare,60,74800.91,2026-05-28,2026-07-27,disputed_open,,,,False,False,deteriorating_payer
INV12000988,B012,B012-C1035,Pharma Client 035,Pharma & Healthcare,60,38302.75,2026-06-01,2026-07-31,closed,2026-08-31,91,31,False,False,deteriorating_payer
INV12000989,B012,B012-C1035,Pharma Client 035,Pharma & Healthcare,60,89392.97,2026-06-03,2026-08-02,closed,2026-08-31,89,29,False,False,deteriorating_payer
INV12000990,B012,B012-C1035,Pharma Client 035,Pharma & Healthcare,60,55096.06,2026-07-08,2026-09-06,open,,,,False,False,deteriorating_payer
INV12000991,B012,B012-C1035,Pharma Client 035,Pharma & Healthcare,60,47627.29,2026-07-14,2026-09-12,open,,,,False,False,deteriorating_payer
INV12000992,B012,B012-C1035,Pharma Client 035,Pharma & Healthcare,60,56721.0,2026-08-29,2026-10-28,open,,,,False,False,deteriorating_payer
INV12000993,B012,B012-C1036,Construction Client 036,Construction & Infra,60,101663.23,2024-04-05,2024-06-04,closed,2024-06-09,65,5,False,False,erratic_payer
INV12000994,B012,B012-C1036,Construction Client 036,Construction & Infra,60,115093.42,2024-06-08,2024-08-07,closed,2024-08-01,54,-6,False,False,erratic_payer
INV12000995,B012,B012-C1036,Construction Client 036,Construction & Infra,60,72566.39,2024-10-02,2024-12-01,closed,2024-10-28,26,-34,False,False,erratic_payer
INV12000996,B012,B012-C1036,Construction Client 036,Construction & Infra,60,107286.07,2024-10-15,2024-12-14,closed,2024-12-25,71,11,False,False,erratic_payer
INV12000997,B012,B012-C1036,Construction Client 036,Construction & Infra,60,60268.01,2024-10-29,2024-12-28,closed,2025-02-19,113,53,False,False,erratic_payer
INV12000998,B012,B012-C1036,Construction Client 036,Construction & Infra,60,71541.2,2024-11-04,2025-01-03,closed,2025-01-03,60,0,False,False,erratic_payer
INV12000999,B012,B012-C1036,Construction Client 036,Construction & Infra,60,94827.37,2024-11-24,2025-01-23,closed,2025-01-24,61,1,False,False,erratic_payer
INV12001000,B012,B012-C1036,Construction Client 036,Construction & Infra,60,168390.41,2024-12-05,2025-02-03,closed,2025-02-15,72,12,False,False,erratic_payer
INV12001001,B012,B012-C1036,Construction Client 036,Construction & Infra,60,119540.82,2025-01-10,2025-03-11,closed,2025-03-14,63,3,False,False,erratic_payer
INV12001002,B012,B012-C1036,Construction Client 036,Construction & Infra,60,91843.48,2025-02-10,2025-04-11,closed,2025-04-14,63,3,False,False,erratic_payer
INV12001003,B012,B012-C1036,Construction Client 036,Construction & Infra,60,168734.62,2025-03-10,2025-05-09,closed,2025-05-15,66,6,False,False,erratic_payer
INV12001004,B012,B012-C1036,Construction Client 036,Construction & Infra,60,99770.56,2025-03-12,2025-05-11,closed,2025-05-29,78,18,False,False,erratic_payer
INV12001005,B012,B012-C1036,Construction Client 036,Construction & Infra,60,95640.03,2025-03-14,2025-05-13,closed,2025-05-17,64,4,False,False,erratic_payer
INV12001006,B012,B012-C1036,Construction Client 036,Construction & Infra,60,87452.88,2025-03-29,2025-05-28,closed,2025-05-26,58,-2,False,False,erratic_payer
INV12001007,B012,B012-C1036,Construction Client 036,Construction & Infra,60,91770.73,2025-07-09,2025-09-07,closed,2025-09-05,58,-2,False,False,erratic_payer
INV12001008,B012,B012-C1036,Construction Client 036,Construction & Infra,60,87893.69,2025-07-12,2025-09-10,closed,2025-09-04,54,-6,False,False,erratic_payer
INV12001009,B012,B012-C1036,Construction Client 036,Construction & Infra,60,72571.34,2025-09-07,2025-11-06,closed,2025-12-20,104,44,False,False,erratic_payer
INV12001010,B012,B012-C1036,Construction Client 036,Construction & Infra,60,146688.99,2025-09-17,2025-11-16,closed,2025-12-02,76,16,False,False,erratic_payer
INV12001011,B012,B012-C1036,Construction Client 036,Construction & Infra,60,128994.38,2026-02-14,2026-04-15,closed,2026-04-24,69,9,False,False,erratic_payer
INV12001012,B012,B012-C1036,Construction Client 036,Construction & Infra,60,318103.14,2026-03-09,2026-05-08,disputed_open,,,,False,True,erratic_payer
INV12001013,B012,B012-C1036,Construction Client 036,Construction & Infra,60,115060.78,2026-04-26,2026-06-25,disputed_open,,,,False,False,erratic_payer
INV12001014,B012,B012-C1036,Construction Client 036,Construction & Infra,60,223076.21,2026-05-02,2026-07-01,closed,2026-07-13,72,12,False,False,erratic_payer
INV12001015,B012,B012-C1036,Construction Client 036,Construction & Infra,60,107667.04,2026-08-30,2026-10-29,open,,,,False,False,erratic_payer
INV12001016,B012,B012-C1037,Retail Client 037,Retail & Distribution,45,156954.41,2024-03-19,2024-05-03,closed,2024-05-23,65,20,False,False,average_payer
INV12001017,B012,B012-C1037,Retail Client 037,Retail & Distribution,45,46185.49,2024-03-25,2024-05-09,closed,2024-05-05,41,-4,False,False,average_payer
INV12001018,B012,B012-C1037,Retail Client 037,Retail & Distribution,45,73798.36,2024-03-26,2024-05-10,closed,2024-05-22,57,12,False,False,average_payer
INV12001019,B012,B012-C1037,Retail Client 037,Retail & Distribution,45,55790.95,2024-03-28,2024-05-12,closed,2024-05-24,57,12,False,False,average_payer
INV12001020,B012,B012-C1037,Retail Client 037,Retail & Distribution,45,43427.69,2024-03-30,2024-05-14,closed,2024-05-23,54,9,False,False,average_payer
INV12001021,B012,B012-C1037,Retail Client 037,Retail & Distribution,45,72135.93,2024-04-10,2024-05-25,closed,2024-05-27,47,2,False,False,average_payer
INV12001022,B012,B012-C1037,Retail Client 037,Retail & Distribution,45,130317.2,2024-04-20,2024-06-04,closed,2024-06-17,58,13,False,False,average_payer
INV12001023,B012,B012-C1037,Retail Client 037,Retail & Distribution,45,49583.05,2024-05-10,2024-06-24,open,,,,False,False,average_payer
INV12001024,B012,B012-C1037,Retail Client 037,Retail & Distribution,45,76635.91,2024-05-13,2024-06-27,closed,2024-06-28,46,1,False,False,average_payer
INV12001025,B012,B012-C1037,Retail Client 037,Retail & Distribution,45,115782.29,2024-05-31,2024-07-15,closed,2024-07-28,58,13,False,False,average_payer
INV12001026,B012,B012-C1037,Retail Client 037,Retail & Distribution,45,65012.14,2024-06-01,2024-07-16,closed,2024-07-23,52,7,False,False,average_payer
INV12001027,B012,B012-C1037,Retail Client 037,Retail & Distribution,45,91399.89,2024-06-16,2024-07-31,closed,2024-08-07,52,7,False,False,average_payer
INV12001028,B012,B012-C1037,Retail Client 037,Retail & Distribution,45,85084.88,2024-09-09,2024-10-24,closed,2024-10-27,48,3,False,False,average_payer
INV12001029,B012,B012-C1037,Retail Client 037,Retail & Distribution,45,50871.16,2024-09-22,2024-11-06,closed,2024-11-20,59,14,False,False,average_payer
INV12001030,B012,B012-C1037,Retail Client 037,Retail & Distribution,45,56208.6,2024-10-03,2024-11-17,closed,2024-11-30,58,13,False,False,average_payer
INV12001031,B012,B012-C1037,Retail Client 037,Retail & Distribution,45,93815.2,2024-10-25,2024-12-09,closed,2024-12-17,53,8,False,False,average_payer
INV12001032,B012,B012-C1037,Retail Client 037,Retail & Distribution,45,69695.33,2024-11-05,2024-12-20,closed,2024-12-30,55,10,False,False,average_payer
INV12001033,B012,B012-C1037,Retail Client 037,Retail & Distribution,45,80806.76,2024-11-19,2025-01-03,closed,2025-01-15,57,12,False,False,average_payer
INV12001034,B012,B012-C1037,Retail Client 037,Retail & Distribution,45,95550.57,2025-01-29,2025-03-15,closed,2025-03-22,52,7,False,False,average_payer
INV12001035,B012,B012-C1037,Retail Client 037,Retail & Distribution,45,60563.24,2025-02-05,2025-03-22,closed,2025-03-28,51,6,False,False,average_payer
INV12001036,B012,B012-C1037,Retail Client 037,Retail & Distribution,45,86769.17,2025-03-09,2025-04-23,closed,2025-04-30,52,7,False,False,average_payer
INV12001037,B012,B012-C1037,Retail Client 037,Retail & Distribution,45,102821.82,2025-04-01,2025-05-16,closed,2025-05-10,39,-6,False,False,average_payer
INV12001038,B012,B012-C1037,Retail Client 037,Retail & Distribution,45,52414.74,2025-05-02,2025-06-16,closed,2025-06-15,44,-1,False,False,average_payer
INV12001039,B012,B012-C1037,Retail Client 037,Retail & Distribution,45,100172.77,2025-05-18,2025-07-02,closed,2025-06-25,38,-7,False,False,average_payer
INV12001040,B012,B012-C1037,Retail Client 037,Retail & Distribution,45,86583.15,2025-05-27,2025-07-11,closed,2025-07-05,39,-6,False,False,average_payer
INV12001041,B012,B012-C1037,Retail Client 037,Retail & Distribution,45,53747.61,2025-06-01,2025-07-16,closed,2025-07-07,36,-9,False,False,average_payer
INV12001042,B012,B012-C1037,Retail Client 037,Retail & Distribution,45,100498.98,2025-06-26,2025-08-10,closed,2025-08-21,56,11,False,False,average_payer
INV12001043,B012,B012-C1037,Retail Client 037,Retail & Distribution,45,226959.46,2025-09-11,2025-10-26,closed,2025-10-30,49,4,False,True,average_payer
INV12001044,B012,B012-C1037,Retail Client 037,Retail & Distribution,45,103501.52,2025-09-24,2025-11-08,closed,2025-11-09,46,1,False,False,average_payer
INV12001045,B012,B012-C1037,Retail Client 037,Retail & Distribution,45,199930.59,2026-01-29,2026-03-15,closed,2026-03-26,56,11,False,True,average_payer
INV12001046,B012,B012-C1037,Retail Client 037,Retail & Distribution,45,58777.93,2026-02-01,2026-03-18,closed,2026-03-25,52,7,False,False,average_payer
INV12001047,B012,B012-C1037,Retail Client 037,Retail & Distribution,45,126431.94,2026-03-22,2026-05-06,closed,2026-05-04,43,-2,False,False,average_payer
INV12001048,B012,B012-C1037,Retail Client 037,Retail & Distribution,45,66129.52,2026-05-30,2026-07-14,closed,2026-07-18,49,4,False,False,average_payer
INV12001049,B012,B012-C1037,Retail Client 037,Retail & Distribution,45,71848.08,2026-06-13,2026-07-28,closed,2026-08-15,63,18,False,False,average_payer
INV12001050,B012,B012-C1037,Retail Client 037,Retail & Distribution,45,182429.53,2026-06-19,2026-08-03,closed,2026-08-11,53,8,False,False,average_payer
INV12001051,B012,B012-C1037,Retail Client 037,Retail & Distribution,45,46850.91,2026-06-24,2026-08-08,closed,2026-07-31,37,-8,False,False,average_payer
INV12001052,B012,B012-C1037,Retail Client 037,Retail & Distribution,45,45180.28,2026-07-17,2026-08-31,open,,,,False,False,average_payer
INV12001053,B012,B012-C1037,Retail Client 037,Retail & Distribution,45,54423.35,2026-08-23,2026-10-07,disputed_open,,,,False,False,average_payer
INV12001054,B012,B012-C1038,Construction Client 038,Construction & Infra,90,227429.51,2024-06-10,2024-09-08,closed,2024-09-21,103,13,False,False,average_payer
INV12001055,B012,B012-C1038,Construction Client 038,Construction & Infra,90,172250.76,2024-06-14,2024-09-12,closed,2024-09-26,104,14,False,False,average_payer
INV12001056,B012,B012-C1038,Construction Client 038,Construction & Infra,90,261574.95,2024-06-21,2024-09-19,closed,2024-09-21,92,2,False,False,average_payer
INV12001057,B012,B012-C1038,Construction Client 038,Construction & Infra,90,372612.2,2024-06-29,2024-09-27,closed,2024-09-29,92,2,False,False,average_payer
INV12001058,B012,B012-C1038,Construction Client 038,Construction & Infra,90,315375.26,2024-08-24,2024-11-22,closed,2024-11-30,98,8,False,False,average_payer
INV12001059,B012,B012-C1038,Construction Client 038,Construction & Infra,90,1940432.76,2024-09-30,2024-12-29,closed,2024-12-28,89,-1,False,True,average_payer
INV12001060,B012,B012-C1038,Construction Client 038,Construction & Infra,90,239754.44,2025-02-01,2025-05-02,closed,2025-05-08,96,6,False,False,average_payer
INV12001061,B012,B012-C1038,Construction Client 038,Construction & Infra,90,252044.24,2025-03-06,2025-06-04,closed,2025-05-29,84,-6,False,False,average_payer
INV12001062,B012,B012-C1038,Construction Client 038,Construction & Infra,90,277527.25,2025-03-18,2025-06-16,closed,2025-06-15,89,-1,False,False,average_payer
INV12001063,B012,B012-C1038,Construction Client 038,Construction & Infra,90,133892.58,2025-05-20,2025-08-18,closed,2025-09-05,108,18,False,False,average_payer
INV12001064,B012,B012-C1038,Construction Client 038,Construction & Infra,90,204291.93,2025-06-08,2025-09-06,closed,2025-09-12,96,6,False,False,average_payer
INV12001065,B012,B012-C1038,Construction Client 038,Construction & Infra,90,204194.47,2025-06-21,2025-09-19,closed,2025-09-21,92,2,False,False,average_payer
INV12001066,B012,B012-C1038,Construction Client 038,Construction & Infra,90,343583.03,2025-07-03,2025-10-01,closed,2025-10-19,108,18,False,False,average_payer
INV12001067,B012,B012-C1038,Construction Client 038,Construction & Infra,90,260445.5,2025-07-25,2025-10-23,closed,2025-11-04,102,12,False,False,average_payer
INV12001068,B012,B012-C1038,Construction Client 038,Construction & Infra,90,191431.98,2025-07-26,2025-10-24,closed,2025-10-21,87,-3,False,False,average_payer
INV12001069,B012,B012-C1038,Construction Client 038,Construction & Infra,90,196100.52,2025-08-21,2025-11-19,closed,2025-11-30,101,11,False,False,average_payer
INV12001070,B012,B012-C1038,Construction Client 038,Construction & Infra,90,241515.52,2025-10-27,2026-01-25,closed,2026-01-25,90,0,False,False,average_payer
INV12001071,B012,B012-C1038,Construction Client 038,Construction & Infra,90,157823.03,2026-01-05,2026-04-05,closed,2026-04-11,96,6,False,False,average_payer
INV12001072,B012,B012-C1038,Construction Client 038,Construction & Infra,90,279169.27,2026-02-14,2026-05-15,closed,2026-05-25,100,10,False,False,average_payer
INV12001073,B012,B012-C1038,Construction Client 038,Construction & Infra,90,270283.59,2026-03-14,2026-06-12,closed,2026-06-25,103,13,False,False,average_payer
INV12001074,B012,B012-C1038,Construction Client 038,Construction & Infra,90,163233.26,2026-05-03,2026-08-01,closed,2026-08-08,97,7,False,False,average_payer
INV12001075,B012,B012-C1039,Textiles Client 039,Textiles & Apparel,45,224882.22,2024-03-21,2024-05-05,disputed_open,,,,False,False,seasonal_payer
INV12001076,B012,B012-C1039,Textiles Client 039,Textiles & Apparel,45,270679.64,2024-06-19,2024-08-03,closed,2024-08-10,52,7,False,False,seasonal_payer
INV12001077,B012,B012-C1039,Textiles Client 039,Textiles & Apparel,45,166763.8,2025-03-03,2025-04-17,open,,,,False,False,seasonal_payer
INV12001078,B012,B012-C1039,Textiles Client 039,Textiles & Apparel,45,333485.35,2025-03-29,2025-05-13,closed,2025-05-16,48,3,False,False,seasonal_payer
INV12001079,B012,B012-C1039,Textiles Client 039,Textiles & Apparel,45,233663.95,2025-09-04,2025-10-19,closed,2025-10-19,45,0,False,False,seasonal_payer
INV12001080,B012,B012-C1039,Textiles Client 039,Textiles & Apparel,45,180668.0,2026-01-12,2026-02-26,closed,2026-03-01,48,3,False,False,seasonal_payer
INV12001081,B012,B012-C1039,Textiles Client 039,Textiles & Apparel,45,249690.31,2026-07-02,2026-08-16,closed,2026-08-24,53,8,False,False,seasonal_payer
INV12001082,B012,B012-C1039,Textiles Client 039,Textiles & Apparel,45,193354.98,2026-08-07,2026-09-21,open,,,,False,False,seasonal_payer
INV12001083,B012,B012-C1040,Pharma Client 040,Pharma & Healthcare,30,61545.17,2024-12-01,2024-12-31,closed,2025-01-07,37,7,False,False,seasonal_payer
INV12001084,B012,B012-C1040,Pharma Client 040,Pharma & Healthcare,30,50374.54,2025-08-19,2025-09-18,closed,2025-09-27,39,9,False,False,seasonal_payer
INV12001085,B012,B012-C1040,Pharma Client 040,Pharma & Healthcare,30,27484.86,2026-01-24,2026-02-23,closed,2026-02-28,35,5,False,False,seasonal_payer
INV12001086,B012,B012-C1040,Pharma Client 040,Pharma & Healthcare,30,64109.24,2026-04-03,2026-05-03,closed,2026-05-10,37,7,False,False,seasonal_payer
INV12001087,B012,B012-C1040,Pharma Client 040,Pharma & Healthcare,30,44392.3,2026-07-25,2026-08-24,disputed_open,,,,False,False,seasonal_payer
INV12001088,B012,B012-C1041,Chemicals Client 041,Chemicals & Plastics,45,102714.88,2024-03-26,2024-05-10,closed,2024-04-30,35,-10,False,False,cold_start
INV12001089,B012,B012-C1041,Chemicals Client 041,Chemicals & Plastics,45,120634.17,2025-03-14,2025-04-28,closed,2025-04-28,45,0,False,False,cold_start
INV12001090,B012,B012-C1041,Chemicals Client 041,Chemicals & Plastics,45,60942.92,2026-03-09,2026-04-23,closed,2026-04-20,42,-3,False,False,cold_start
INV12001091,B012,B012-C1042,Construction Client 042,Construction & Infra,15,64803.68,2024-03-27,2024-04-11,closed,2024-04-24,28,13,False,False,deteriorating_payer
INV12001092,B012,B012-C1042,Construction Client 042,Construction & Infra,15,55106.9,2024-04-16,2024-05-01,closed,2024-04-29,13,-2,False,False,deteriorating_payer
INV12001093,B012,B012-C1042,Construction Client 042,Construction & Infra,15,43807.73,2024-05-24,2024-06-08,closed,2024-06-06,13,-2,False,False,deteriorating_payer
INV12001094,B012,B012-C1042,Construction Client 042,Construction & Infra,15,25072.37,2024-06-15,2024-06-30,closed,2024-06-28,13,-2,False,False,deteriorating_payer
INV12001095,B012,B012-C1042,Construction Client 042,Construction & Infra,15,24500.88,2024-06-21,2024-07-06,closed,2024-07-08,17,2,False,False,deteriorating_payer
INV12001096,B012,B012-C1042,Construction Client 042,Construction & Infra,15,38723.29,2024-07-18,2024-08-02,closed,2024-08-14,27,12,False,False,deteriorating_payer
INV12001097,B012,B012-C1042,Construction Client 042,Construction & Infra,15,53279.04,2024-08-23,2024-09-07,closed,2024-09-15,23,8,False,False,deteriorating_payer
INV12001098,B012,B012-C1042,Construction Client 042,Construction & Infra,15,34845.39,2024-09-07,2024-09-22,closed,2024-10-07,30,15,False,False,deteriorating_payer
INV12001099,B012,B012-C1042,Construction Client 042,Construction & Infra,15,52980.94,2024-09-10,2024-09-25,closed,2024-10-19,39,24,False,False,deteriorating_payer
INV12001100,B012,B012-C1042,Construction Client 042,Construction & Infra,15,33281.09,2024-09-21,2024-10-06,closed,2024-10-27,36,21,False,False,deteriorating_payer
INV12001101,B012,B012-C1042,Construction Client 042,Construction & Infra,15,42937.11,2024-11-27,2024-12-12,closed,2025-01-12,46,31,False,False,deteriorating_payer
INV12001102,B012,B012-C1042,Construction Client 042,Construction & Infra,15,131263.46,2024-12-09,2024-12-24,closed,2025-02-06,59,44,False,True,deteriorating_payer
INV12001103,B012,B012-C1042,Construction Client 042,Construction & Infra,15,31720.44,2024-12-10,2024-12-25,closed,2024-12-28,18,3,False,False,deteriorating_payer
INV12001104,B012,B012-C1042,Construction Client 042,Construction & Infra,15,34673.1,2025-01-09,2025-01-24,closed,2025-02-01,23,8,False,False,deteriorating_payer
INV12001105,B012,B012-C1042,Construction Client 042,Construction & Infra,15,29527.09,2025-02-16,2025-03-03,closed,2025-04-17,60,45,False,False,deteriorating_payer
INV12001106,B012,B012-C1042,Construction Client 042,Construction & Infra,15,27941.75,2025-02-22,2025-03-09,closed,2025-03-10,16,1,True,False,deteriorating_payer
INV12001107,B012,B012-C1042,Construction Client 042,Construction & Infra,15,26669.53,2025-02-24,2025-03-11,closed,2025-04-03,38,23,False,False,deteriorating_payer
INV12001108,B012,B012-C1042,Construction Client 042,Construction & Infra,15,34902.74,2025-04-08,2025-04-23,closed,2025-05-22,44,29,False,False,deteriorating_payer
INV12001109,B012,B012-C1042,Construction Client 042,Construction & Infra,15,35852.05,2025-04-11,2025-04-26,closed,2025-06-20,70,55,False,False,deteriorating_payer
INV12001110,B012,B012-C1042,Construction Client 042,Construction & Infra,15,34354.88,2025-04-28,2025-05-13,closed,2025-06-26,59,44,True,False,deteriorating_payer
INV12001111,B012,B012-C1042,Construction Client 042,Construction & Infra,15,41326.26,2025-05-08,2025-05-23,closed,2025-06-30,53,38,False,False,deteriorating_payer
INV12001112,B012,B012-C1042,Construction Client 042,Construction & Infra,15,59461.42,2025-06-22,2025-07-07,closed,2025-07-26,34,19,False,False,deteriorating_payer
INV12001113,B012,B012-C1042,Construction Client 042,Construction & Infra,15,52597.72,2025-07-14,2025-07-29,closed,2025-09-02,50,35,False,False,deteriorating_payer
INV12001114,B012,B012-C1042,Construction Client 042,Construction & Infra,15,54064.46,2025-07-22,2025-08-06,closed,2025-08-30,39,24,False,False,deteriorating_payer
INV12001115,B012,B012-C1042,Construction Client 042,Construction & Infra,15,41619.81,2025-10-03,2025-10-18,closed,2025-12-12,70,55,False,False,deteriorating_payer
INV12001116,B012,B012-C1042,Construction Client 042,Construction & Infra,15,44928.52,2025-10-10,2025-10-25,closed,2025-11-13,34,19,False,False,deteriorating_payer
INV12001117,B012,B012-C1042,Construction Client 042,Construction & Infra,15,33861.85,2025-12-16,2025-12-31,closed,2026-02-04,50,35,False,False,deteriorating_payer
INV12001118,B012,B012-C1042,Construction Client 042,Construction & Infra,15,41831.35,2026-01-01,2026-01-16,closed,2026-02-09,39,24,True,False,deteriorating_payer
INV12001119,B012,B012-C1042,Construction Client 042,Construction & Infra,15,351075.72,2026-02-11,2026-02-26,closed,2026-04-07,55,40,False,True,deteriorating_payer
INV12001120,B012,B012-C1042,Construction Client 042,Construction & Infra,15,42644.02,2026-04-07,2026-04-22,closed,2026-05-18,41,26,False,False,deteriorating_payer
INV12001121,B012,B012-C1042,Construction Client 042,Construction & Infra,15,34840.18,2026-05-13,2026-05-28,closed,2026-07-02,50,35,False,False,deteriorating_payer
INV12001122,B012,B012-C1042,Construction Client 042,Construction & Infra,15,45158.36,2026-05-21,2026-06-05,closed,2026-06-26,36,21,False,False,deteriorating_payer
INV12001123,B012,B012-C1042,Construction Client 042,Construction & Infra,15,42230.27,2026-06-25,2026-07-10,closed,2026-08-17,53,38,False,False,deteriorating_payer
INV12001124,B012,B012-C1042,Construction Client 042,Construction & Infra,15,52978.66,2026-07-26,2026-08-10,open,,,,False,False,deteriorating_payer
INV12001125,B012,B012-C1043,Metal Client 043,Metal & Engineering,45,288149.12,2024-12-26,2025-02-09,closed,2025-02-13,49,4,False,False,seasonal_payer
INV12001126,B012,B012-C1043,Metal Client 043,Metal & Engineering,45,152898.7,2025-06-13,2025-07-28,closed,2025-08-10,58,13,False,False,seasonal_payer
INV12001127,B012,B012-C1043,Metal Client 043,Metal & Engineering,45,274818.13,2025-09-03,2025-10-18,closed,2025-11-11,69,24,False,False,seasonal_payer
INV12001128,B012,B012-C1043,Metal Client 043,Metal & Engineering,45,348138.66,2026-01-29,2026-03-15,closed,2026-03-23,53,8,False,False,seasonal_payer
INV12001129,B012,B012-C1043,Metal Client 043,Metal & Engineering,45,501387.74,2026-04-11,2026-05-26,closed,2026-05-24,43,-2,False,False,seasonal_payer
INV12001130,B012,B012-C1044,Auto Client 044,Auto Components,45,62079.05,2024-07-27,2024-09-10,closed,2024-09-07,42,-3,False,False,cold_start
INV12001131,B012,B012-C1044,Auto Client 044,Auto Components,45,68433.31,2024-10-30,2024-12-14,closed,2024-12-30,61,16,False,False,cold_start
INV12001132,B012,B012-C1045,Metal Client 045,Metal & Engineering,30,219514.28,2024-06-03,2024-07-03,closed,2024-07-16,43,13,False,False,average_payer
INV12001133,B012,B012-C1045,Metal Client 045,Metal & Engineering,30,177451.3,2024-07-02,2024-08-01,closed,2024-08-01,30,0,False,False,average_payer
INV12001134,B012,B012-C1045,Metal Client 045,Metal & Engineering,30,169890.08,2024-08-01,2024-08-31,closed,2024-09-23,53,23,False,False,average_payer
INV12001135,B012,B012-C1045,Metal Client 045,Metal & Engineering,30,291544.09,2024-08-29,2024-09-28,closed,2024-10-03,35,5,False,False,average_payer
INV12001136,B012,B012-C1045,Metal Client 045,Metal & Engineering,30,330866.74,2024-10-17,2024-11-16,closed,2024-11-22,36,6,False,False,average_payer
INV12001137,B012,B012-C1045,Metal Client 045,Metal & Engineering,30,292781.93,2024-10-31,2024-11-30,closed,2024-12-14,44,14,True,False,average_payer
INV12001138,B012,B012-C1045,Metal Client 045,Metal & Engineering,30,400995.75,2024-11-08,2024-12-08,closed,2024-12-20,42,12,True,False,average_payer
INV12001139,B012,B012-C1045,Metal Client 045,Metal & Engineering,30,191367.22,2024-11-08,2024-12-08,closed,2024-12-19,41,11,False,False,average_payer
INV12001140,B012,B012-C1045,Metal Client 045,Metal & Engineering,30,180045.1,2024-12-24,2025-01-23,closed,2025-01-31,38,8,False,False,average_payer
INV12001141,B012,B012-C1045,Metal Client 045,Metal & Engineering,30,230955.59,2025-01-13,2025-02-12,closed,2025-02-21,39,9,False,False,average_payer
INV12001142,B012,B012-C1045,Metal Client 045,Metal & Engineering,30,396219.07,2025-02-12,2025-03-14,closed,2025-03-25,41,11,False,False,average_payer
INV12001143,B012,B012-C1045,Metal Client 045,Metal & Engineering,30,242860.53,2025-03-07,2025-04-06,closed,2025-05-03,57,27,False,False,average_payer
INV12001144,B012,B012-C1045,Metal Client 045,Metal & Engineering,30,195393.72,2025-03-09,2025-04-08,closed,2025-04-11,33,3,False,False,average_payer
INV12001145,B012,B012-C1045,Metal Client 045,Metal & Engineering,30,486528.05,2025-04-14,2025-05-14,closed,2025-05-11,27,-3,False,False,average_payer
INV12001146,B012,B012-C1045,Metal Client 045,Metal & Engineering,30,114803.43,2025-05-11,2025-06-10,closed,2025-06-20,40,10,False,False,average_payer
INV12001147,B012,B012-C1045,Metal Client 045,Metal & Engineering,30,247422.17,2025-06-25,2025-07-25,closed,2025-07-21,26,-4,False,False,average_payer
INV12001148,B012,B012-C1045,Metal Client 045,Metal & Engineering,30,206612.25,2025-07-13,2025-08-12,closed,2025-08-31,49,19,False,False,average_payer
INV12001149,B012,B012-C1045,Metal Client 045,Metal & Engineering,30,263368.61,2025-08-22,2025-09-21,closed,2025-09-23,32,2,False,False,average_payer
INV12001150,B012,B012-C1045,Metal Client 045,Metal & Engineering,30,276735.02,2025-10-20,2025-11-19,closed,2025-11-20,31,1,False,False,average_payer
INV12001151,B012,B012-C1045,Metal Client 045,Metal & Engineering,30,511257.23,2026-07-19,2026-08-18,closed,2026-08-26,38,8,False,True,average_payer
INV12001152,B012,B012-C1045,Metal Client 045,Metal & Engineering,30,479701.84,2026-08-07,2026-09-06,open,,,,False,False,average_payer
INV12001153,B012,B012-C1045,Metal Client 045,Metal & Engineering,30,204420.39,2026-09-01,2026-10-01,open,,,,False,False,average_payer
INV12001154,B012,B012-C1046,Electronics Client 046,Electronics & Electricals,30,310646.6,2024-03-19,2024-04-18,open,,,,False,False,average_payer
INV12001155,B012,B012-C1046,Electronics Client 046,Electronics & Electricals,30,300124.85,2024-03-21,2024-04-20,closed,2024-05-03,43,13,False,False,average_payer
INV12001156,B012,B012-C1046,Electronics Client 046,Electronics & Electricals,30,214967.94,2024-04-04,2024-05-04,open,,,,False,False,average_payer
INV12001157,B012,B012-C1046,Electronics Client 046,Electronics & Electricals,30,377130.87,2024-04-10,2024-05-10,closed,2024-05-17,37,7,False,False,average_payer
INV12001158,B012,B012-C1046,Electronics Client 046,Electronics & Electricals,30,321422.32,2024-05-14,2024-06-13,closed,2024-06-24,41,11,False,False,average_payer
INV12001159,B012,B012-C1046,Electronics Client 046,Electronics & Electricals,30,219134.62,2024-05-20,2024-06-19,closed,2024-06-29,40,10,False,False,average_payer
INV12001160,B012,B012-C1046,Electronics Client 046,Electronics & Electricals,30,275554.48,2024-05-27,2024-06-26,closed,2024-07-10,44,14,True,False,average_payer
INV12001161,B012,B012-C1046,Electronics Client 046,Electronics & Electricals,30,314547.77,2024-08-13,2024-09-12,closed,2024-09-10,28,-2,False,False,average_payer
INV12001162,B012,B012-C1046,Electronics Client 046,Electronics & Electricals,30,560402.0,2024-08-18,2024-09-17,closed,2024-10-02,45,15,False,False,average_payer
INV12001163,B012,B012-C1046,Electronics Client 046,Electronics & Electricals,30,371248.51,2024-08-19,2024-09-18,closed,2024-09-24,36,6,True,False,average_payer
INV12001164,B012,B012-C1046,Electronics Client 046,Electronics & Electricals,30,450467.96,2024-08-26,2024-09-25,closed,2024-10-03,38,8,True,False,average_payer
INV12001165,B012,B012-C1046,Electronics Client 046,Electronics & Electricals,30,308932.33,2024-09-01,2024-10-01,closed,2024-10-10,39,9,False,False,average_payer
INV12001166,B012,B012-C1046,Electronics Client 046,Electronics & Electricals,30,582189.62,2024-10-02,2024-11-01,closed,2024-11-16,45,15,False,False,average_payer
INV12001167,B012,B012-C1046,Electronics Client 046,Electronics & Electricals,30,252662.93,2024-10-08,2024-11-07,closed,2024-11-20,43,13,False,False,average_payer
INV12001168,B012,B012-C1046,Electronics Client 046,Electronics & Electricals,30,256468.36,2024-10-09,2024-11-08,closed,2024-11-14,36,6,False,False,average_payer
INV12001169,B012,B012-C1046,Electronics Client 046,Electronics & Electricals,30,1090900.45,2024-10-14,2024-11-13,closed,2024-11-19,36,6,False,True,average_payer
INV12001170,B012,B012-C1046,Electronics Client 046,Electronics & Electricals,30,225816.11,2024-10-16,2024-11-15,closed,2024-11-14,29,-1,False,False,average_payer
INV12001171,B012,B012-C1046,Electronics Client 046,Electronics & Electricals,30,220595.41,2024-10-18,2024-11-17,closed,2024-12-10,53,23,False,False,average_payer
INV12001172,B012,B012-C1046,Electronics Client 046,Electronics & Electricals,30,260174.25,2024-12-10,2025-01-09,closed,2025-01-18,39,9,False,False,average_payer
INV12001173,B012,B012-C1046,Electronics Client 046,Electronics & Electricals,30,271406.26,2024-12-20,2025-01-19,closed,2025-01-26,37,7,False,False,average_payer
INV12001174,B012,B012-C1046,Electronics Client 046,Electronics & Electricals,30,281543.42,2024-12-23,2025-01-22,closed,2025-02-03,42,12,False,False,average_payer
INV12001175,B012,B012-C1046,Electronics Client 046,Electronics & Electricals,30,225683.82,2024-12-24,2025-01-23,closed,2025-01-18,25,-5,False,False,average_payer
INV12001176,B012,B012-C1046,Electronics Client 046,Electronics & Electricals,30,460111.11,2025-01-02,2025-02-01,closed,2025-02-07,36,6,False,False,average_payer
INV12001177,B012,B012-C1046,Electronics Client 046,Electronics & Electricals,30,172217.62,2025-02-20,2025-03-22,closed,2025-04-01,40,10,False,False,average_payer
INV12001178,B012,B012-C1046,Electronics Client 046,Electronics & Electricals,30,286228.84,2025-03-24,2025-04-23,closed,2025-04-16,23,-7,False,False,average_payer
INV12001179,B012,B012-C1046,Electronics Client 046,Electronics & Electricals,30,337534.9,2025-03-25,2025-04-24,closed,2025-04-27,33,3,False,False,average_payer
INV12001180,B012,B012-C1046,Electronics Client 046,Electronics & Electricals,30,229944.99,2025-05-11,2025-06-10,closed,2025-06-12,32,2,False,False,average_payer
INV12001181,B012,B012-C1046,Electronics Client 046,Electronics & Electricals,30,271073.11,2025-05-29,2025-06-28,closed,2025-07-14,46,16,False,False,average_payer
INV12001182,B012,B012-C1046,Electronics Client 046,Electronics & Electricals,30,326666.92,2025-06-08,2025-07-08,closed,2025-07-21,43,13,False,False,average_payer
INV12001183,B012,B012-C1046,Electronics Client 046,Electronics & Electricals,30,286401.98,2025-06-21,2025-07-21,closed,2025-07-29,38,8,False,False,average_payer
INV12001184,B012,B012-C1046,Electronics Client 046,Electronics & Electricals,30,175843.12,2025-08-12,2025-09-11,closed,2025-09-11,30,0,False,False,average_payer
INV12001185,B012,B012-C1046,Electronics Client 046,Electronics & Electricals,30,246451.22,2025-09-25,2025-10-25,closed,2025-11-10,46,16,False,False,average_payer
INV12001186,B012,B012-C1046,Electronics Client 046,Electronics & Electricals,30,702571.11,2025-10-05,2025-11-04,closed,2025-11-15,41,11,False,False,average_payer
INV12001187,B012,B012-C1046,Electronics Client 046,Electronics & Electricals,30,1582980.73,2025-10-20,2025-11-19,closed,2025-11-14,25,-5,False,True,average_payer
INV12001188,B012,B012-C1046,Electronics Client 046,Electronics & Electricals,30,499929.67,2025-11-22,2025-12-22,closed,2025-12-15,23,-7,False,False,average_payer
INV12001189,B012,B012-C1046,Electronics Client 046,Electronics & Electricals,30,267115.53,2025-12-04,2026-01-03,closed,2026-01-11,38,8,False,False,average_payer
INV12001190,B012,B012-C1046,Electronics Client 046,Electronics & Electricals,30,332774.48,2025-12-04,2026-01-03,closed,2026-01-14,41,11,False,False,average_payer
INV12001191,B012,B012-C1046,Electronics Client 046,Electronics & Electricals,30,494097.15,2025-12-07,2026-01-06,closed,2026-01-17,41,11,False,False,average_payer
INV12001192,B012,B012-C1046,Electronics Client 046,Electronics & Electricals,30,424610.77,2025-12-29,2026-01-28,closed,2026-02-06,39,9,False,False,average_payer
INV12001193,B012,B012-C1046,Electronics Client 046,Electronics & Electricals,30,278849.89,2026-01-06,2026-02-05,closed,2026-02-18,43,13,False,False,average_payer
INV12001194,B012,B012-C1046,Electronics Client 046,Electronics & Electricals,30,216821.85,2026-02-23,2026-03-25,closed,2026-03-30,35,5,False,False,average_payer
INV12001195,B012,B012-C1046,Electronics Client 046,Electronics & Electricals,30,384347.43,2026-03-25,2026-04-24,closed,2026-05-05,41,11,False,False,average_payer
INV12001196,B012,B012-C1046,Electronics Client 046,Electronics & Electricals,30,274713.99,2026-04-13,2026-05-13,closed,2026-05-20,37,7,False,False,average_payer
INV12001197,B012,B012-C1046,Electronics Client 046,Electronics & Electricals,30,445930.88,2026-04-14,2026-05-14,closed,2026-05-21,37,7,False,False,average_payer
INV12001198,B012,B012-C1046,Electronics Client 046,Electronics & Electricals,30,326521.22,2026-05-02,2026-06-01,closed,2026-06-12,41,11,False,False,average_payer
INV12001199,B012,B012-C1046,Electronics Client 046,Electronics & Electricals,30,281602.89,2026-05-19,2026-06-18,closed,2026-06-22,34,4,False,False,average_payer
INV12001200,B012,B012-C1046,Electronics Client 046,Electronics & Electricals,30,214186.11,2026-05-19,2026-06-18,closed,2026-06-09,21,-9,False,False,average_payer
INV12001201,B012,B012-C1046,Electronics Client 046,Electronics & Electricals,30,437345.45,2026-05-24,2026-06-23,closed,2026-07-05,42,12,False,False,average_payer
INV12001202,B012,B012-C1046,Electronics Client 046,Electronics & Electricals,30,333024.84,2026-05-24,2026-06-23,closed,2026-06-25,32,2,False,False,average_payer
INV12001203,B012,B012-C1046,Electronics Client 046,Electronics & Electricals,30,311014.61,2026-07-11,2026-08-10,open,,,,False,False,average_payer
INV12001204,B012,B012-C1046,Electronics Client 046,Electronics & Electricals,30,278516.74,2026-08-12,2026-09-11,open,,,,False,False,average_payer
INV12001205,B012,B012-C1047,Retail Client 047,Retail & Distribution,30,10021.14,2025-01-21,2025-02-20,closed,2025-03-03,41,11,False,False,cold_start
INV12001206,B012,B012-C1047,Retail Client 047,Retail & Distribution,30,14101.67,2025-09-01,2025-10-01,closed,2025-09-30,29,-1,False,False,cold_start
INV12001207,B012,B012-C1047,Retail Client 047,Retail & Distribution,30,15910.7,2026-04-12,2026-05-12,closed,2026-05-31,49,19,False,False,cold_start
INV12001208,B012,B012-C1048,Metal Client 048,Metal & Engineering,45,191004.85,2025-04-16,2025-05-31,closed,2025-06-02,47,2,False,False,cold_start
INV12001209,B012,B012-C1048,Metal Client 048,Metal & Engineering,45,91604.37,2025-05-01,2025-06-15,closed,2025-06-17,47,2,False,False,cold_start
INV12001210,B012,B012-C1048,Metal Client 048,Metal & Engineering,45,106712.53,2026-07-05,2026-08-19,disputed_open,,,,False,False,cold_start
INV12001211,B012,B012-C1049,Pharma Client 049,Pharma & Healthcare,30,84632.12,2024-07-01,2024-07-31,closed,2024-08-11,41,11,False,False,average_payer
INV12001212,B012,B012-C1049,Pharma Client 049,Pharma & Healthcare,30,98332.42,2024-07-18,2024-08-17,closed,2024-08-23,36,6,False,False,average_payer
INV12001213,B012,B012-C1049,Pharma Client 049,Pharma & Healthcare,30,51239.06,2024-07-23,2024-08-22,closed,2024-09-01,40,10,False,False,average_payer
INV12001214,B012,B012-C1049,Pharma Client 049,Pharma & Healthcare,30,153449.95,2024-08-03,2024-09-02,closed,2024-08-24,21,-9,True,False,average_payer
INV12001215,B012,B012-C1049,Pharma Client 049,Pharma & Healthcare,30,127103.92,2024-08-24,2024-09-23,closed,2024-09-28,35,5,True,False,average_payer
INV12001216,B012,B012-C1049,Pharma Client 049,Pharma & Healthcare,30,90280.37,2024-09-07,2024-10-07,closed,2024-11-02,56,26,False,False,average_payer
INV12001217,B012,B012-C1049,Pharma Client 049,Pharma & Healthcare,30,67485.12,2024-10-21,2024-11-20,closed,2024-11-27,37,7,False,False,average_payer
INV12001218,B012,B012-C1049,Pharma Client 049,Pharma & Healthcare,30,85834.26,2025-01-13,2025-02-12,closed,2025-02-21,39,9,False,False,average_payer
INV12001219,B012,B012-C1049,Pharma Client 049,Pharma & Healthcare,30,177882.76,2025-01-28,2025-02-27,closed,2025-03-04,35,5,False,False,average_payer
INV12001220,B012,B012-C1049,Pharma Client 049,Pharma & Healthcare,30,105720.73,2025-01-30,2025-03-01,closed,2025-02-28,29,-1,False,False,average_payer
INV12001221,B012,B012-C1049,Pharma Client 049,Pharma & Healthcare,30,124453.52,2025-03-31,2025-04-30,closed,2025-05-10,40,10,False,False,average_payer
INV12001222,B012,B012-C1049,Pharma Client 049,Pharma & Healthcare,30,130799.87,2025-04-04,2025-05-04,closed,2025-05-14,40,10,False,False,average_payer
INV12001223,B012,B012-C1049,Pharma Client 049,Pharma & Healthcare,30,115552.95,2025-04-14,2025-05-14,closed,2025-05-08,24,-6,False,False,average_payer
INV12001224,B012,B012-C1049,Pharma Client 049,Pharma & Healthcare,30,101641.83,2025-04-17,2025-05-17,closed,2025-06-03,47,17,False,False,average_payer
INV12001225,B012,B012-C1049,Pharma Client 049,Pharma & Healthcare,30,87897.88,2025-04-25,2025-05-25,closed,2025-05-31,36,6,False,False,average_payer
INV12001226,B012,B012-C1049,Pharma Client 049,Pharma & Healthcare,30,133219.32,2025-04-28,2025-05-28,closed,2025-05-23,25,-5,False,False,average_payer
INV12001227,B012,B012-C1049,Pharma Client 049,Pharma & Healthcare,30,68347.2,2025-05-03,2025-06-02,closed,2025-06-14,42,12,False,False,average_payer
INV12001228,B012,B012-C1049,Pharma Client 049,Pharma & Healthcare,30,82780.33,2025-05-25,2025-06-24,closed,2025-06-29,35,5,False,False,average_payer
INV12001229,B012,B012-C1049,Pharma Client 049,Pharma & Healthcare,30,71547.32,2025-06-23,2025-07-23,closed,2025-07-25,32,2,False,False,average_payer
INV12001230,B012,B012-C1049,Pharma Client 049,Pharma & Healthcare,30,77069.68,2025-06-24,2025-07-24,closed,2025-07-30,36,6,False,False,average_payer
INV12001231,B012,B012-C1049,Pharma Client 049,Pharma & Healthcare,30,107937.77,2025-06-25,2025-07-25,closed,2025-08-01,37,7,False,False,average_payer
INV12001232,B012,B012-C1049,Pharma Client 049,Pharma & Healthcare,30,57345.24,2025-07-28,2025-08-27,closed,2025-09-01,35,5,False,False,average_payer
INV12001233,B012,B012-C1049,Pharma Client 049,Pharma & Healthcare,30,112488.18,2025-07-29,2025-08-28,closed,2025-08-21,23,-7,False,False,average_payer
INV12001234,B012,B012-C1049,Pharma Client 049,Pharma & Healthcare,30,161078.6,2025-09-27,2025-10-27,closed,2025-11-02,36,6,False,False,average_payer
INV12001235,B012,B012-C1049,Pharma Client 049,Pharma & Healthcare,30,100589.16,2025-11-27,2025-12-27,closed,2026-01-03,37,7,False,False,average_payer
INV12001236,B012,B012-C1049,Pharma Client 049,Pharma & Healthcare,30,74335.53,2025-12-12,2026-01-11,closed,2026-01-12,31,1,False,False,average_payer
INV12001237,B012,B012-C1049,Pharma Client 049,Pharma & Healthcare,30,115564.1,2025-12-22,2026-01-21,closed,2026-01-26,35,5,False,False,average_payer
INV12001238,B012,B012-C1049,Pharma Client 049,Pharma & Healthcare,30,71976.99,2025-12-25,2026-01-24,closed,2026-01-29,35,5,False,False,average_payer
INV12001239,B012,B012-C1049,Pharma Client 049,Pharma & Healthcare,30,70746.8,2026-01-12,2026-02-11,closed,2026-02-18,37,7,False,False,average_payer
INV12001240,B012,B012-C1049,Pharma Client 049,Pharma & Healthcare,30,67073.74,2026-01-22,2026-02-21,closed,2026-03-04,41,11,False,False,average_payer
INV12001241,B012,B012-C1049,Pharma Client 049,Pharma & Healthcare,30,108543.72,2026-01-29,2026-02-28,closed,2026-03-01,31,1,False,False,average_payer
INV12001242,B012,B012-C1049,Pharma Client 049,Pharma & Healthcare,30,143547.06,2026-02-14,2026-03-16,closed,2026-03-24,38,8,False,False,average_payer
INV12001243,B012,B012-C1049,Pharma Client 049,Pharma & Healthcare,30,93944.12,2026-03-05,2026-04-04,closed,2026-04-15,41,11,False,False,average_payer
INV12001244,B012,B012-C1049,Pharma Client 049,Pharma & Healthcare,30,169964.55,2026-04-05,2026-05-05,closed,2026-05-05,30,0,False,False,average_payer
INV12001245,B012,B012-C1049,Pharma Client 049,Pharma & Healthcare,30,402639.44,2026-04-16,2026-05-16,closed,2026-05-25,39,9,False,True,average_payer
INV12001246,B012,B012-C1049,Pharma Client 049,Pharma & Healthcare,30,98294.29,2026-05-25,2026-06-24,closed,2026-06-29,35,5,False,False,average_payer
INV12001247,B012,B012-C1049,Pharma Client 049,Pharma & Healthcare,30,59859.45,2026-05-27,2026-06-26,closed,2026-07-08,42,12,False,False,average_payer
INV12001248,B012,B012-C1049,Pharma Client 049,Pharma & Healthcare,30,121141.66,2026-06-04,2026-07-04,closed,2026-07-11,37,7,False,False,average_payer
INV12001249,B012,B012-C1049,Pharma Client 049,Pharma & Healthcare,30,63200.49,2026-07-27,2026-08-26,open,,,,False,False,average_payer
INV12001250,B012,B012-C1049,Pharma Client 049,Pharma & Healthcare,30,55188.3,2026-08-02,2026-09-01,open,,,,False,False,average_payer
INV12001251,B012,B012-C1049,Pharma Client 049,Pharma & Healthcare,30,106260.6,2026-08-25,2026-09-24,open,,,,False,False,average_payer
INV12001252,B012,B012-C1049,Pharma Client 049,Pharma & Healthcare,30,169406.65,2026-08-25,2026-09-24,open,,,,False,False,average_payer
INV12001253,B012,B012-C1050,Retail Client 050,Retail & Distribution,60,57456.55,2024-03-17,2024-05-16,closed,2024-05-18,62,2,False,False,prompt_payer
INV12001254,B012,B012-C1050,Retail Client 050,Retail & Distribution,60,54978.03,2024-03-27,2024-05-26,closed,2024-05-22,56,-4,False,False,prompt_payer
INV12001255,B012,B012-C1050,Retail Client 050,Retail & Distribution,60,61780.29,2024-04-10,2024-06-09,closed,2024-06-09,60,0,False,False,prompt_payer
INV12001256,B012,B012-C1050,Retail Client 050,Retail & Distribution,60,71517.34,2024-04-28,2024-06-27,closed,2024-06-28,61,1,False,False,prompt_payer
INV12001257,B012,B012-C1050,Retail Client 050,Retail & Distribution,60,114317.14,2024-05-24,2024-07-23,closed,2024-07-14,51,-9,False,False,prompt_payer
INV12001258,B012,B012-C1050,Retail Client 050,Retail & Distribution,60,78912.63,2024-05-30,2024-07-29,closed,2024-07-31,62,2,False,False,prompt_payer
INV12001259,B012,B012-C1050,Retail Client 050,Retail & Distribution,60,77409.8,2024-06-24,2024-08-23,closed,2024-08-26,63,3,False,False,prompt_payer
INV12001260,B012,B012-C1050,Retail Client 050,Retail & Distribution,60,60383.11,2024-07-12,2024-09-10,closed,2024-09-06,56,-4,False,False,prompt_payer
INV12001261,B012,B012-C1050,Retail Client 050,Retail & Distribution,60,107916.51,2024-08-04,2024-10-03,closed,2024-10-04,61,1,False,False,prompt_payer
INV12001262,B012,B012-C1050,Retail Client 050,Retail & Distribution,60,61487.77,2024-08-13,2024-10-12,closed,2024-10-05,53,-7,False,False,prompt_payer
INV12001263,B012,B012-C1050,Retail Client 050,Retail & Distribution,60,53065.42,2024-09-29,2024-11-28,closed,2024-11-30,62,2,False,False,prompt_payer
INV12001264,B012,B012-C1050,Retail Client 050,Retail & Distribution,60,84238.15,2024-10-05,2024-12-04,closed,2024-11-29,55,-5,False,False,prompt_payer
INV12001265,B012,B012-C1050,Retail Client 050,Retail & Distribution,60,115937.89,2025-02-04,2025-04-05,closed,2025-04-08,63,3,False,False,prompt_payer
INV12001266,B012,B012-C1050,Retail Client 050,Retail & Distribution,60,97939.5,2025-04-10,2025-06-09,closed,2025-06-10,61,1,False,False,prompt_payer
INV12001267,B012,B012-C1050,Retail Client 050,Retail & Distribution,60,101729.26,2025-11-08,2026-01-07,closed,2026-01-12,65,5,False,False,prompt_payer
INV12001268,B012,B012-C1050,Retail Client 050,Retail & Distribution,60,123953.44,2026-01-29,2026-03-30,closed,2026-03-24,54,-6,False,False,prompt_payer
INV12001269,B012,B012-C1050,Retail Client 050,Retail & Distribution,60,405724.07,2026-02-13,2026-04-14,closed,2026-04-16,62,2,False,True,prompt_payer
INV12001270,B012,B012-C1050,Retail Client 050,Retail & Distribution,60,52390.33,2026-02-28,2026-04-29,closed,2026-05-01,62,2,True,False,prompt_payer
INV12001271,B012,B012-C1050,Retail Client 050,Retail & Distribution,60,184524.68,2026-03-06,2026-05-05,closed,2026-05-04,59,-1,False,True,prompt_payer
INV12001272,B012,B012-C1050,Retail Client 050,Retail & Distribution,60,77429.67,2026-04-04,2026-06-03,closed,2026-06-01,58,-2,False,False,prompt_payer
INV12001273,B012,B012-C1050,Retail Client 050,Retail & Distribution,60,90633.35,2026-04-07,2026-06-06,closed,2026-06-04,58,-2,False,False,prompt_payer
INV12001274,B012,B012-C1050,Retail Client 050,Retail & Distribution,60,185429.58,2026-04-30,2026-06-29,closed,2026-06-26,57,-3,False,False,prompt_payer
INV12001275,B012,B012-C1050,Retail Client 050,Retail & Distribution,60,315589.59,2026-05-09,2026-07-08,closed,2026-07-05,57,-3,True,True,prompt_payer
INV12001276,B012,B012-C1050,Retail Client 050,Retail & Distribution,60,69726.64,2026-05-18,2026-07-17,closed,2026-07-16,59,-1,False,False,prompt_payer
INV12001277,B012,B012-C1050,Retail Client 050,Retail & Distribution,60,103493.54,2026-05-23,2026-07-22,closed,2026-07-15,53,-7,False,False,prompt_payer
INV12001278,B012,B012-C1050,Retail Client 050,Retail & Distribution,60,45223.58,2026-07-07,2026-09-05,closed,2026-09-01,56,-4,False,False,prompt_payer
INV12001279,B012,B012-C1051,Auto Client 051,Auto Components,45,126203.04,2024-03-16,2024-04-30,closed,2024-05-23,68,23,False,False,erratic_payer
INV12001280,B012,B012-C1051,Auto Client 051,Auto Components,45,56361.3,2024-03-19,2024-05-03,closed,2024-05-03,45,0,False,False,erratic_payer
INV12001281,B012,B012-C1051,Auto Client 051,Auto Components,45,332347.59,2024-04-11,2024-05-26,closed,2024-05-15,34,-11,False,True,erratic_payer
INV12001282,B012,B012-C1051,Auto Client 051,Auto Components,45,76813.32,2024-04-21,2024-06-05,closed,2024-06-04,44,-1,False,False,erratic_payer
INV12001283,B012,B012-C1051,Auto Client 051,Auto Components,45,43472.68,2024-05-01,2024-06-15,disputed_open,,,,False,False,erratic_payer
INV12001284,B012,B012-C1051,Auto Client 051,Auto Components,45,47456.95,2024-05-20,2024-07-04,closed,2024-07-23,64,19,False,False,erratic_payer
INV12001285,B012,B012-C1051,Auto Client 051,Auto Components,45,52444.24,2024-05-25,2024-07-09,closed,2024-07-02,38,-7,False,False,erratic_payer
INV12001286,B012,B012-C1051,Auto Client 051,Auto Components,45,82242.31,2024-06-19,2024-08-03,closed,2024-08-25,67,22,True,False,erratic_payer
INV12001287,B012,B012-C1051,Auto Client 051,Auto Components,45,51856.71,2024-07-05,2024-08-19,closed,2024-08-24,50,5,True,False,erratic_payer
INV12001288,B012,B012-C1051,Auto Client 051,Auto Components,45,71641.46,2024-10-02,2024-11-16,closed,2024-11-28,57,12,False,False,erratic_payer
INV12001289,B012,B012-C1051,Auto Client 051,Auto Components,45,54655.46,2024-11-24,2025-01-08,closed,2025-01-19,56,11,False,False,erratic_payer
INV12001290,B012,B012-C1051,Auto Client 051,Auto Components,45,75151.7,2024-12-06,2025-01-20,closed,2025-02-08,64,19,False,False,erratic_payer
INV12001291,B012,B012-C1051,Auto Client 051,Auto Components,45,69110.87,2025-01-01,2025-02-15,closed,2025-03-09,67,22,False,False,erratic_payer
INV12001292,B012,B012-C1051,Auto Client 051,Auto Components,45,73628.06,2025-01-10,2025-02-24,closed,2025-05-04,114,69,False,False,erratic_payer
INV12001293,B012,B012-C1051,Auto Client 051,Auto Components,45,28400.47,2025-01-28,2025-03-14,closed,2025-02-26,29,-16,False,False,erratic_payer
INV12001294,B012,B012-C1051,Auto Client 051,Auto Components,45,113667.63,2025-01-31,2025-03-17,closed,2025-03-21,49,4,False,False,erratic_payer
INV12001295,B012,B012-C1051,Auto Client 051,Auto Components,45,68301.71,2025-03-01,2025-04-15,closed,2025-05-02,62,17,False,False,erratic_payer
INV12001296,B012,B012-C1051,Auto Client 051,Auto Components,45,88867.86,2025-04-24,2025-06-08,closed,2025-06-04,41,-4,False,False,erratic_payer
INV12001297,B012,B012-C1051,Auto Client 051,Auto Components,45,73771.97,2025-05-11,2025-06-25,closed,2025-08-13,94,49,False,False,erratic_payer
INV12001298,B012,B012-C1051,Auto Client 051,Auto Components,45,82778.15,2025-07-18,2025-09-01,closed,2025-09-12,56,11,False,False,erratic_payer
INV12001299,B012,B012-C1051,Auto Client 051,Auto Components,45,61938.06,2025-08-11,2025-09-25,closed,2025-09-29,49,4,False,False,erratic_payer
INV12001300,B012,B012-C1051,Auto Client 051,Auto Components,45,86448.26,2025-09-08,2025-10-23,closed,2025-12-25,108,63,False,False,erratic_payer
INV12001301,B012,B012-C1051,Auto Client 051,Auto Components,45,96452.88,2025-10-09,2025-11-23,closed,2026-02-03,117,72,False,False,erratic_payer
INV12001302,B012,B012-C1051,Auto Client 051,Auto Components,45,88750.28,2025-10-16,2025-11-30,closed,2025-12-14,59,14,False,False,erratic_payer
INV12001303,B012,B012-C1051,Auto Client 051,Auto Components,45,70615.11,2025-10-24,2025-12-08,closed,2025-12-18,55,10,False,False,erratic_payer
INV12001304,B012,B012-C1051,Auto Client 051,Auto Components,45,78175.92,2025-12-02,2026-01-16,closed,2026-01-11,40,-5,False,False,erratic_payer
INV12001305,B012,B012-C1051,Auto Client 051,Auto Components,45,97922.6,2026-01-24,2026-03-10,closed,2026-03-30,65,20,False,False,erratic_payer
INV12001306,B012,B012-C1051,Auto Client 051,Auto Components,45,49972.66,2026-04-04,2026-05-19,closed,2026-05-28,54,9,False,False,erratic_payer
INV12001307,B012,B012-C1051,Auto Client 051,Auto Components,45,48480.82,2026-04-21,2026-06-05,closed,2026-06-16,56,11,False,False,erratic_payer
INV12001308,B012,B012-C1051,Auto Client 051,Auto Components,45,265463.14,2026-05-13,2026-06-27,closed,2026-07-19,67,22,False,True,erratic_payer
INV12001309,B012,B012-C1051,Auto Client 051,Auto Components,45,72740.65,2026-05-30,2026-07-14,closed,2026-07-12,43,-2,False,False,erratic_payer
INV12001310,B012,B012-C1051,Auto Client 051,Auto Components,45,82463.55,2026-06-01,2026-07-16,open,,,,False,False,erratic_payer
INV12001311,B012,B012-C1051,Auto Client 051,Auto Components,45,100231.49,2026-06-03,2026-07-18,closed,2026-07-18,45,0,False,False,erratic_payer
INV12001312,B012,B012-C1051,Auto Client 051,Auto Components,45,54891.62,2026-06-04,2026-07-19,closed,2026-07-21,47,2,False,False,erratic_payer
INV12001313,B012,B012-C1051,Auto Client 051,Auto Components,45,77191.54,2026-06-09,2026-07-24,closed,2026-07-24,45,0,False,False,erratic_payer
INV12001314,B012,B012-C1051,Auto Client 051,Auto Components,45,113394.95,2026-06-28,2026-08-12,open,,,,False,False,erratic_payer
INV12001315,B012,B012-C1051,Auto Client 051,Auto Components,45,64233.82,2026-07-16,2026-08-30,closed,2026-08-30,45,0,False,False,erratic_payer
INV12001316,B012,B012-C1051,Auto Client 051,Auto Components,45,68021.4,2026-07-16,2026-08-30,open,,,,False,False,erratic_payer
INV12001317,B012,B012-C1051,Auto Client 051,Auto Components,45,92504.33,2026-07-31,2026-09-14,open,,,,False,False,erratic_payer
INV12001318,B012,B012-C1051,Auto Client 051,Auto Components,45,43018.89,2026-08-27,2026-10-11,open,,,,False,False,erratic_payer
INV12001319,B012,B012-C1051,Auto Client 051,Auto Components,45,73803.63,2026-08-28,2026-10-12,disputed_open,,,,False,False,erratic_payer
INV12001320,B012,B012-C1051,Auto Client 051,Auto Components,45,67970.55,2026-08-31,2026-10-15,open,,,,False,False,erratic_payer
INV12001321,B012,B012-C1052,Construction Client 052,Construction & Infra,15,31950.17,2024-06-12,2024-06-27,closed,2024-06-25,13,-2,False,False,deteriorating_payer
INV12001322,B012,B012-C1052,Construction Client 052,Construction & Infra,15,35592.91,2024-08-17,2024-09-01,closed,2024-09-27,41,26,False,False,deteriorating_payer
INV12001323,B012,B012-C1052,Construction Client 052,Construction & Infra,15,16687.3,2024-09-15,2024-09-30,closed,2024-10-18,33,18,False,False,deteriorating_payer
INV12001324,B012,B012-C1052,Construction Client 052,Construction & Infra,15,31097.81,2024-12-01,2024-12-16,closed,2025-01-01,31,16,False,False,deteriorating_payer
INV12001325,B012,B012-C1052,Construction Client 052,Construction & Infra,15,22009.03,2025-05-02,2025-05-17,closed,2025-06-23,52,37,False,False,deteriorating_payer
INV12001326,B012,B012-C1052,Construction Client 052,Construction & Infra,15,21877.05,2026-01-19,2026-02-03,closed,2026-03-25,65,50,False,False,deteriorating_payer
INV12001327,B012,B012-C1053,FMCG Client 053,FMCG & Food Processing,45,181841.3,2024-04-20,2024-06-04,closed,2024-06-11,52,7,False,False,prompt_payer
INV12001328,B012,B012-C1053,FMCG Client 053,FMCG & Food Processing,45,122920.39,2024-07-19,2024-09-02,closed,2024-09-05,48,3,False,False,prompt_payer
INV12001329,B012,B012-C1053,FMCG Client 053,FMCG & Food Processing,45,110446.35,2024-07-20,2024-09-03,closed,2024-09-03,45,0,False,False,prompt_payer
INV12001330,B012,B012-C1053,FMCG Client 053,FMCG & Food Processing,45,179587.92,2024-08-09,2024-09-23,closed,2024-09-28,50,5,False,False,prompt_payer
INV12001331,B012,B012-C1053,FMCG Client 053,FMCG & Food Processing,45,104690.14,2024-09-06,2024-10-21,closed,2024-10-17,41,-4,False,False,prompt_payer
INV12001332,B012,B012-C1053,FMCG Client 053,FMCG & Food Processing,45,89354.75,2024-09-08,2024-10-23,closed,2024-10-18,40,-5,False,False,prompt_payer
INV12001333,B012,B012-C1053,FMCG Client 053,FMCG & Food Processing,45,141909.04,2024-10-29,2024-12-13,open,,,,False,False,prompt_payer
INV12001334,B012,B012-C1053,FMCG Client 053,FMCG & Food Processing,45,504804.67,2024-11-29,2025-01-13,closed,2025-01-16,48,3,False,True,prompt_payer
INV12001335,B012,B012-C1053,FMCG Client 053,FMCG & Food Processing,45,146056.48,2025-01-16,2025-03-02,closed,2025-02-25,40,-5,False,False,prompt_payer
INV12001336,B012,B012-C1053,FMCG Client 053,FMCG & Food Processing,45,124270.31,2025-01-29,2025-03-15,closed,2025-03-10,40,-5,False,False,prompt_payer
INV12001337,B012,B012-C1053,FMCG Client 053,FMCG & Food Processing,45,223566.06,2025-02-14,2025-03-31,closed,2025-03-30,44,-1,False,False,prompt_payer
INV12001338,B012,B012-C1053,FMCG Client 053,FMCG & Food Processing,45,132028.12,2025-02-26,2025-04-12,closed,2025-04-14,47,2,False,False,prompt_payer
INV12001339,B012,B012-C1053,FMCG Client 053,FMCG & Food Processing,45,576810.02,2025-03-18,2025-05-02,closed,2025-05-04,47,2,False,True,prompt_payer
INV12001340,B012,B012-C1053,FMCG Client 053,FMCG & Food Processing,45,126916.67,2025-03-22,2025-05-06,closed,2025-05-05,44,-1,False,False,prompt_payer
INV12001341,B012,B012-C1053,FMCG Client 053,FMCG & Food Processing,45,155916.98,2025-06-11,2025-07-26,closed,2025-07-21,40,-5,False,False,prompt_payer
INV12001342,B012,B012-C1053,FMCG Client 053,FMCG & Food Processing,45,135724.93,2025-06-21,2025-08-05,closed,2025-08-03,43,-2,False,False,prompt_payer
INV12001343,B012,B012-C1053,FMCG Client 053,FMCG & Food Processing,45,99097.86,2025-06-27,2025-08-11,closed,2025-08-02,36,-9,False,False,prompt_payer
INV12001344,B012,B012-C1053,FMCG Client 053,FMCG & Food Processing,45,117086.82,2025-07-24,2025-09-07,closed,2025-09-13,51,6,False,False,prompt_payer
INV12001345,B012,B012-C1053,FMCG Client 053,FMCG & Food Processing,45,91485.55,2025-08-03,2025-09-17,closed,2025-09-18,46,1,False,False,prompt_payer
INV12001346,B012,B012-C1053,FMCG Client 053,FMCG & Food Processing,45,132427.47,2025-08-13,2025-09-27,open,,,,False,False,prompt_payer
INV12001347,B012,B012-C1053,FMCG Client 053,FMCG & Food Processing,45,106221.92,2025-08-27,2025-10-11,closed,2025-10-11,45,0,False,False,prompt_payer
INV12001348,B012,B012-C1053,FMCG Client 053,FMCG & Food Processing,45,122390.68,2025-09-01,2025-10-16,closed,2025-10-16,45,0,False,False,prompt_payer
INV12001349,B012,B012-C1053,FMCG Client 053,FMCG & Food Processing,45,150203.74,2025-10-03,2025-11-17,closed,2025-11-16,44,-1,False,False,prompt_payer
INV12001350,B012,B012-C1053,FMCG Client 053,FMCG & Food Processing,45,149153.56,2025-10-08,2025-11-22,closed,2025-11-23,46,1,False,False,prompt_payer
INV12001351,B012,B012-C1053,FMCG Client 053,FMCG & Food Processing,45,89657.29,2025-10-10,2025-11-24,closed,2025-11-22,43,-2,False,False,prompt_payer
INV12001352,B012,B012-C1053,FMCG Client 053,FMCG & Food Processing,45,92217.36,2025-11-13,2025-12-28,closed,2025-12-31,48,3,False,False,prompt_payer
INV12001353,B012,B012-C1053,FMCG Client 053,FMCG & Food Processing,45,139212.12,2025-12-05,2026-01-19,closed,2026-01-18,44,-1,False,False,prompt_payer
INV12001354,B012,B012-C1053,FMCG Client 053,FMCG & Food Processing,45,152947.09,2026-01-11,2026-02-25,closed,2026-02-28,48,3,False,False,prompt_payer
INV12001355,B012,B012-C1053,FMCG Client 053,FMCG & Food Processing,45,158787.65,2026-01-15,2026-03-01,closed,2026-03-06,50,5,False,False,prompt_payer
INV12001356,B012,B012-C1053,FMCG Client 053,FMCG & Food Processing,45,157652.35,2026-01-24,2026-03-10,closed,2026-03-06,41,-4,False,False,prompt_payer
INV12001357,B012,B012-C1053,FMCG Client 053,FMCG & Food Processing,45,215536.42,2026-02-16,2026-04-02,closed,2026-04-05,48,3,False,False,prompt_payer
INV12001358,B012,B012-C1053,FMCG Client 053,FMCG & Food Processing,45,172886.01,2026-03-06,2026-04-20,closed,2026-04-23,48,3,False,False,prompt_payer
INV12001359,B012,B012-C1053,FMCG Client 053,FMCG & Food Processing,45,135528.55,2026-04-21,2026-06-05,closed,2026-06-08,48,3,False,False,prompt_payer
INV12001360,B012,B012-C1053,FMCG Client 053,FMCG & Food Processing,45,135786.7,2026-04-24,2026-06-08,closed,2026-06-10,47,2,False,False,prompt_payer
INV12001361,B012,B012-C1053,FMCG Client 053,FMCG & Food Processing,45,229839.38,2026-06-02,2026-07-17,closed,2026-07-13,41,-4,False,False,prompt_payer
INV12001362,B012,B012-C1053,FMCG Client 053,FMCG & Food Processing,45,174854.71,2026-07-08,2026-08-22,closed,2026-08-19,42,-3,False,False,prompt_payer
INV12001363,B012,B012-C1053,FMCG Client 053,FMCG & Food Processing,45,183297.0,2026-07-21,2026-09-04,disputed_open,,,,False,False,prompt_payer
INV12001364,B012,B012-C1053,FMCG Client 053,FMCG & Food Processing,45,161229.58,2026-07-22,2026-09-05,closed,2026-09-02,42,-3,False,False,prompt_payer
INV12001365,B012,B012-C1053,FMCG Client 053,FMCG & Food Processing,45,100541.32,2026-08-10,2026-09-24,disputed_open,,,,False,False,prompt_payer
INV12001366,B012,B012-C1054,IT Client 054,IT & Business Services,45,292222.3,2024-03-18,2024-05-02,closed,2024-05-08,51,6,False,False,deteriorating_payer
INV12001367,B012,B012-C1054,IT Client 054,IT & Business Services,45,212346.48,2024-04-19,2024-06-03,closed,2024-06-01,43,-2,False,False,deteriorating_payer
INV12001368,B012,B012-C1054,IT Client 054,IT & Business Services,45,223430.24,2024-05-09,2024-06-23,closed,2024-06-30,52,7,False,False,deteriorating_payer
INV12001369,B012,B012-C1054,IT Client 054,IT & Business Services,45,115919.89,2024-06-24,2024-08-08,closed,2024-08-29,66,21,False,False,deteriorating_payer
INV12001370,B012,B012-C1054,IT Client 054,IT & Business Services,45,229057.43,2024-07-16,2024-08-30,closed,2024-09-11,57,12,False,False,deteriorating_payer
INV12001371,B012,B012-C1054,IT Client 054,IT & Business Services,45,165738.58,2024-07-21,2024-09-04,closed,2024-09-04,45,0,False,False,deteriorating_payer
INV12001372,B012,B012-C1054,IT Client 054,IT & Business Services,45,195620.82,2024-07-26,2024-09-09,closed,2024-09-07,43,-2,False,False,deteriorating_payer
INV12001373,B012,B012-C1054,IT Client 054,IT & Business Services,45,157127.3,2024-08-08,2024-09-22,closed,2024-10-06,59,14,False,False,deteriorating_payer
INV12001374,B012,B012-C1054,IT Client 054,IT & Business Services,45,206085.64,2024-09-22,2024-11-06,closed,2024-12-01,70,25,False,False,deteriorating_payer
INV12001375,B012,B012-C1054,IT Client 054,IT & Business Services,45,332704.99,2024-10-27,2024-12-11,closed,2024-12-20,54,9,False,False,deteriorating_payer
INV12001376,B012,B012-C1054,IT Client 054,IT & Business Services,45,313780.19,2024-10-29,2024-12-13,closed,2024-12-23,55,10,False,False,deteriorating_payer
INV12001377,B012,B012-C1054,IT Client 054,IT & Business Services,45,279833.16,2024-11-08,2024-12-23,closed,2025-01-14,67,22,False,False,deteriorating_payer
INV12001378,B012,B012-C1054,IT Client 054,IT & Business Services,45,247595.18,2024-11-17,2025-01-01,closed,2025-02-08,83,38,False,False,deteriorating_payer
INV12001379,B012,B012-C1054,IT Client 054,IT & Business Services,45,184985.05,2024-11-18,2025-01-02,closed,2025-01-24,67,22,False,False,deteriorating_payer
INV12001380,B012,B012-C1054,IT Client 054,IT & Business Services,45,172723.71,2024-11-25,2025-01-09,closed,2025-02-17,84,39,False,False,deteriorating_payer
INV12001381,B012,B012-C1054,IT Client 054,IT & Business Services,45,157167.76,2024-12-15,2025-01-29,closed,2025-02-12,59,14,False,False,deteriorating_payer
INV12001382,B012,B012-C1054,IT Client 054,IT & Business Services,45,262319.09,2025-01-01,2025-02-15,closed,2025-03-31,89,44,False,False,deteriorating_payer
INV12001383,B012,B012-C1054,IT Client 054,IT & Business Services,45,280015.33,2025-03-15,2025-04-29,closed,2025-05-19,65,20,False,False,deteriorating_payer
INV12001384,B012,B012-C1054,IT Client 054,IT & Business Services,45,273420.78,2025-07-27,2025-09-10,closed,2025-10-28,93,48,False,False,deteriorating_payer
INV12001385,B012,B012-C1054,IT Client 054,IT & Business Services,45,133189.78,2025-07-29,2025-09-12,closed,2025-10-02,65,20,False,False,deteriorating_payer
INV12001386,B012,B012-C1054,IT Client 054,IT & Business Services,45,194936.59,2025-08-11,2025-09-25,closed,2025-10-30,80,35,False,False,deteriorating_payer
INV12001387,B012,B012-C1054,IT Client 054,IT & Business Services,45,151092.87,2025-09-26,2025-11-10,open,,,,False,False,deteriorating_payer
INV12001388,B012,B012-C1054,IT Client 054,IT & Business Services,45,179549.56,2025-10-13,2025-11-27,closed,2025-12-11,59,14,False,False,deteriorating_payer
INV12001389,B012,B012-C1054,IT Client 054,IT & Business Services,45,760340.03,2026-02-06,2026-03-23,closed,2026-05-05,88,43,False,True,deteriorating_payer
INV12001390,B012,B012-C1054,IT Client 054,IT & Business Services,45,228858.49,2026-03-17,2026-05-01,closed,2026-05-20,64,19,False,False,deteriorating_payer
INV12001391,B012,B012-C1054,IT Client 054,IT & Business Services,45,311803.55,2026-04-17,2026-06-01,closed,2026-06-26,70,25,False,False,deteriorating_payer
INV12001392,B012,B012-C1054,IT Client 054,IT & Business Services,45,202154.09,2026-05-02,2026-06-16,closed,2026-07-10,69,24,False,False,deteriorating_payer
INV12001393,B012,B012-C1054,IT Client 054,IT & Business Services,45,138568.57,2026-05-04,2026-06-18,closed,2026-08-10,98,53,False,False,deteriorating_payer
INV12001394,B012,B012-C1054,IT Client 054,IT & Business Services,45,290046.1,2026-05-08,2026-06-22,closed,2026-08-07,91,46,False,False,deteriorating_payer
INV12001395,B012,B012-C1054,IT Client 054,IT & Business Services,45,206600.88,2026-06-27,2026-08-11,open,,,,False,False,deteriorating_payer
INV12001396,B012,B012-C1054,IT Client 054,IT & Business Services,45,226599.69,2026-07-09,2026-08-23,open,,,,False,False,deteriorating_payer
INV12001397,B012,B012-C1054,IT Client 054,IT & Business Services,45,697480.77,2026-07-28,2026-09-11,open,,,,False,True,deteriorating_payer
INV12001398,B012,B012-C1054,IT Client 054,IT & Business Services,45,207554.63,2026-08-14,2026-09-28,open,,,,False,False,deteriorating_payer
INV12001399,B012,B012-C1055,Metal Client 055,Metal & Engineering,15,74512.57,2024-03-25,2024-04-09,closed,2024-04-10,16,1,True,False,erratic_payer
INV12001400,B012,B012-C1055,Metal Client 055,Metal & Engineering,15,44590.44,2024-05-31,2024-06-15,closed,2024-06-14,14,-1,False,False,erratic_payer
INV12001401,B012,B012-C1055,Metal Client 055,Metal & Engineering,15,49844.41,2024-06-30,2024-07-15,open,,,,False,False,erratic_payer
INV12001402,B012,B012-C1055,Metal Client 055,Metal & Engineering,15,39035.67,2024-08-14,2024-08-29,closed,2024-08-15,1,-14,False,False,erratic_payer
INV12001403,B012,B012-C1055,Metal Client 055,Metal & Engineering,15,85242.58,2024-08-16,2024-08-31,open,,,,False,False,erratic_payer
INV12001404,B012,B012-C1055,Metal Client 055,Metal & Engineering,15,33421.76,2024-09-01,2024-09-16,closed,2024-10-03,32,17,False,False,erratic_payer
INV12001405,B012,B012-C1055,Metal Client 055,Metal & Engineering,15,50777.08,2024-11-09,2024-11-24,closed,2024-12-03,24,9,False,False,erratic_payer
INV12001406,B012,B012-C1055,Metal Client 055,Metal & Engineering,15,188276.2,2024-11-22,2024-12-07,closed,2024-12-28,36,21,False,True,erratic_payer
INV12001407,B012,B012-C1055,Metal Client 055,Metal & Engineering,15,48303.38,2024-12-03,2024-12-18,closed,2024-12-19,16,1,True,False,erratic_payer
INV12001408,B012,B012-C1055,Metal Client 055,Metal & Engineering,15,95411.3,2024-12-21,2025-01-05,closed,2024-12-31,10,-5,False,False,erratic_payer
INV12001409,B012,B012-C1055,Metal Client 055,Metal & Engineering,15,70930.82,2024-12-22,2025-01-06,closed,2025-01-20,29,14,False,False,erratic_payer
INV12001410,B012,B012-C1055,Metal Client 055,Metal & Engineering,15,84709.55,2025-01-06,2025-01-21,closed,2025-01-26,20,5,False,False,erratic_payer
INV12001411,B012,B012-C1055,Metal Client 055,Metal & Engineering,15,86743.62,2025-02-27,2025-03-14,closed,2025-03-16,17,2,False,False,erratic_payer
INV12001412,B012,B012-C1055,Metal Client 055,Metal & Engineering,15,67656.59,2025-03-01,2025-03-16,closed,2025-03-18,17,2,False,False,erratic_payer
INV12001413,B012,B012-C1055,Metal Client 055,Metal & Engineering,15,143912.27,2025-06-21,2025-07-06,closed,2025-07-07,16,1,False,True,erratic_payer
INV12001414,B012,B012-C1055,Metal Client 055,Metal & Engineering,15,57034.5,2025-06-28,2025-07-13,closed,2025-07-14,16,1,False,False,erratic_payer
INV12001415,B012,B012-C1055,Metal Client 055,Metal & Engineering,15,69788.91,2025-07-30,2025-08-14,closed,2025-08-22,23,8,False,False,erratic_payer
INV12001416,B012,B012-C1055,Metal Client 055,Metal & Engineering,15,80174.5,2025-10-19,2025-11-03,closed,2025-11-18,30,15,False,False,erratic_payer
INV12001417,B012,B012-C1055,Metal Client 055,Metal & Engineering,15,49958.2,2025-11-02,2025-11-17,closed,2025-12-05,33,18,False,False,erratic_payer
INV12001418,B012,B012-C1055,Metal Client 055,Metal & Engineering,15,49600.27,2026-02-01,2026-02-16,closed,2026-02-18,17,2,False,False,erratic_payer
INV12001419,B012,B012-C1055,Metal Client 055,Metal & Engineering,15,40620.75,2026-02-13,2026-02-28,closed,2026-02-26,13,-2,False,False,erratic_payer
INV12001420,B012,B012-C1055,Metal Client 055,Metal & Engineering,15,74569.14,2026-03-31,2026-04-15,closed,2026-05-01,31,16,False,False,erratic_payer
INV12001421,B012,B012-C1055,Metal Client 055,Metal & Engineering,15,229351.01,2026-05-20,2026-06-04,closed,2026-06-10,21,6,False,True,erratic_payer
INV12001422,B012,B012-C1055,Metal Client 055,Metal & Engineering,15,55241.14,2026-07-17,2026-08-01,closed,2026-08-10,24,9,False,False,erratic_payer
INV12001423,B012,B012-C1055,Metal Client 055,Metal & Engineering,15,145802.8,2026-07-27,2026-08-11,closed,2026-08-17,21,6,False,True,erratic_payer
INV12001424,B012,B012-C1055,Metal Client 055,Metal & Engineering,15,59944.92,2026-08-24,2026-09-08,open,,,,False,False,erratic_payer
INV12001425,B012,B012-C1055,Metal Client 055,Metal & Engineering,15,40966.07,2026-08-24,2026-09-08,open,,,,False,False,erratic_payer
INV12001426,B012,B012-C1055,Metal Client 055,Metal & Engineering,15,58326.48,2026-08-30,2026-09-14,open,,,,False,False,erratic_payer
INV12001427,B012,B012-C1056,Construction Client 056,Construction & Infra,30,70129.83,2024-03-25,2024-04-24,closed,2024-04-23,29,-1,False,False,deteriorating_payer
INV12001428,B012,B012-C1056,Construction Client 056,Construction & Infra,30,36144.75,2024-06-03,2024-07-03,closed,2024-07-06,33,3,False,False,deteriorating_payer
INV12001429,B012,B012-C1056,Construction Client 056,Construction & Infra,30,52493.54,2024-07-23,2024-08-22,closed,2024-08-21,29,-1,False,False,deteriorating_payer
INV12001430,B012,B012-C1056,Construction Client 056,Construction & Infra,30,57817.52,2024-08-30,2024-09-29,closed,2024-10-04,35,5,False,False,deteriorating_payer
INV12001431,B012,B012-C1056,Construction Client 056,Construction & Infra,30,39013.99,2024-09-16,2024-10-16,closed,2024-10-23,37,7,False,False,deteriorating_payer
INV12001432,B012,B012-C1056,Construction Client 056,Construction & Infra,30,49199.8,2024-09-26,2024-10-26,closed,2024-11-17,52,22,False,False,deteriorating_payer
INV12001433,B012,B012-C1056,Construction Client 056,Construction & Infra,30,37862.12,2024-10-21,2024-11-20,closed,2024-12-03,43,13,False,False,deteriorating_payer
INV12001434,B012,B012-C1056,Construction Client 056,Construction & Infra,30,122395.71,2025-04-18,2025-05-18,closed,2025-06-16,59,29,False,True,deteriorating_payer
INV12001435,B012,B012-C1056,Construction Client 056,Construction & Infra,30,41357.29,2025-06-24,2025-07-24,closed,2025-08-26,63,33,False,False,deteriorating_payer
INV12001436,B012,B012-C1056,Construction Client 056,Construction & Infra,30,41865.95,2025-12-23,2026-01-22,open,,,,False,False,deteriorating_payer
INV12001437,B012,B012-C1056,Construction Client 056,Construction & Infra,30,47829.67,2026-03-12,2026-04-11,closed,2026-05-18,67,37,False,False,deteriorating_payer
INV12001438,B012,B012-C1056,Construction Client 056,Construction & Infra,30,27603.15,2026-04-02,2026-05-02,closed,2026-05-19,47,17,False,False,deteriorating_payer
INV12001439,B012,B012-C1056,Construction Client 056,Construction & Infra,30,68480.17,2026-04-02,2026-05-02,closed,2026-05-25,53,23,False,False,deteriorating_payer
INV12001440,B012,B012-C1056,Construction Client 056,Construction & Infra,30,36926.46,2026-04-03,2026-05-03,closed,2026-05-31,58,28,False,False,deteriorating_payer
INV12001441,B012,B012-C1056,Construction Client 056,Construction & Infra,30,61806.14,2026-05-29,2026-06-28,closed,2026-08-08,71,41,False,True,deteriorating_payer
INV12001442,B012,B012-C1056,Construction Client 056,Construction & Infra,30,46016.31,2026-06-28,2026-07-28,open,,,,False,False,deteriorating_payer
INV12001443,B012,B012-C1056,Construction Client 056,Construction & Infra,30,29233.33,2026-08-06,2026-09-05,disputed_open,,,,False,False,deteriorating_payer
INV12001444,B012,B012-C1057,Chemicals Client 057,Chemicals & Plastics,45,633569.33,2024-03-20,2024-05-04,closed,2024-06-12,84,39,False,False,deteriorating_payer
INV12001445,B012,B012-C1057,Chemicals Client 057,Chemicals & Plastics,45,515181.76,2024-04-02,2024-05-17,closed,2024-05-20,48,3,False,False,deteriorating_payer
INV12001446,B012,B012-C1057,Chemicals Client 057,Chemicals & Plastics,45,1018890.82,2024-05-02,2024-06-16,closed,2024-06-30,59,14,False,False,deteriorating_payer
INV12001447,B012,B012-C1057,Chemicals Client 057,Chemicals & Plastics,45,549207.06,2024-06-07,2024-07-22,closed,2024-08-05,59,14,False,False,deteriorating_payer
INV12001448,B012,B012-C1057,Chemicals Client 057,Chemicals & Plastics,45,512784.21,2024-07-01,2024-08-15,closed,2024-09-08,69,24,False,False,deteriorating_payer
INV12001449,B012,B012-C1057,Chemicals Client 057,Chemicals & Plastics,45,795540.01,2024-08-04,2024-09-18,closed,2024-09-28,55,10,False,False,deteriorating_payer
INV12001450,B012,B012-C1057,Chemicals Client 057,Chemicals & Plastics,45,1014558.8,2024-08-21,2024-10-05,closed,2024-10-19,59,14,False,False,deteriorating_payer
INV12001451,B012,B012-C1057,Chemicals Client 057,Chemicals & Plastics,45,4727029.7,2024-08-29,2024-10-13,closed,2024-11-08,71,26,False,True,deteriorating_payer
INV12001452,B012,B012-C1057,Chemicals Client 057,Chemicals & Plastics,45,1182782.88,2024-09-09,2024-10-24,closed,2024-10-29,50,5,False,False,deteriorating_payer
INV12001453,B012,B012-C1057,Chemicals Client 057,Chemicals & Plastics,45,730065.75,2024-11-17,2025-01-01,closed,2025-01-19,63,18,False,False,deteriorating_payer
INV12001454,B012,B012-C1057,Chemicals Client 057,Chemicals & Plastics,45,897209.73,2024-11-27,2025-01-11,closed,2025-01-10,44,-1,False,False,deteriorating_payer
INV12001455,B012,B012-C1057,Chemicals Client 057,Chemicals & Plastics,45,1073343.68,2024-11-29,2025-01-13,closed,2025-02-09,72,27,False,False,deteriorating_payer
INV12001456,B012,B012-C1057,Chemicals Client 057,Chemicals & Plastics,45,1440680.71,2024-12-19,2025-02-02,closed,2025-03-05,76,31,False,False,deteriorating_payer
INV12001457,B012,B012-C1057,Chemicals Client 057,Chemicals & Plastics,45,3742518.44,2025-01-02,2025-02-16,closed,2025-03-16,73,28,False,True,deteriorating_payer
INV12001458,B012,B012-C1057,Chemicals Client 057,Chemicals & Plastics,45,1040729.98,2025-02-04,2025-03-21,closed,2025-04-09,64,19,False,False,deteriorating_payer
INV12001459,B012,B012-C1057,Chemicals Client 057,Chemicals & Plastics,45,534468.13,2025-03-04,2025-04-18,closed,2025-04-16,43,-2,False,False,deteriorating_payer
INV12001460,B012,B012-C1057,Chemicals Client 057,Chemicals & Plastics,45,5107557.11,2025-03-09,2025-04-23,closed,2025-04-21,43,-2,False,True,deteriorating_payer
INV12001461,B012,B012-C1057,Chemicals Client 057,Chemicals & Plastics,45,578444.72,2025-03-22,2025-05-06,closed,2025-06-03,73,28,False,False,deteriorating_payer
INV12001462,B012,B012-C1057,Chemicals Client 057,Chemicals & Plastics,45,1370102.46,2025-05-13,2025-06-27,closed,2025-07-30,78,33,False,False,deteriorating_payer
INV12001463,B012,B012-C1057,Chemicals Client 057,Chemicals & Plastics,45,833474.72,2025-05-17,2025-07-01,closed,2025-07-28,72,27,False,False,deteriorating_payer
INV12001464,B012,B012-C1057,Chemicals Client 057,Chemicals & Plastics,45,1363742.4,2025-06-04,2025-07-19,closed,2025-08-21,78,33,False,True,deteriorating_payer
INV12001465,B012,B012-C1057,Chemicals Client 057,Chemicals & Plastics,45,2968315.55,2025-06-24,2025-08-08,closed,2025-10-03,101,56,False,True,deteriorating_payer
INV12001466,B012,B012-C1057,Chemicals Client 057,Chemicals & Plastics,45,921821.39,2025-07-20,2025-09-03,closed,2025-10-06,78,33,False,False,deteriorating_payer
INV12001467,B012,B012-C1057,Chemicals Client 057,Chemicals & Plastics,45,652363.48,2025-07-26,2025-09-09,closed,2025-09-27,63,18,False,False,deteriorating_payer
INV12001468,B012,B012-C1057,Chemicals Client 057,Chemicals & Plastics,45,551549.92,2025-09-10,2025-10-25,closed,2025-11-01,52,7,False,False,deteriorating_payer
INV12001469,B012,B012-C1057,Chemicals Client 057,Chemicals & Plastics,45,904303.94,2025-10-14,2025-11-28,closed,2025-12-23,70,25,False,False,deteriorating_payer
INV12001470,B012,B012-C1057,Chemicals Client 057,Chemicals & Plastics,45,975840.54,2025-10-20,2025-12-04,closed,2026-01-04,76,31,False,False,deteriorating_payer
INV12001471,B012,B012-C1057,Chemicals Client 057,Chemicals & Plastics,45,952613.05,2025-11-08,2025-12-23,closed,2026-01-17,70,25,False,False,deteriorating_payer
INV12001472,B012,B012-C1057,Chemicals Client 057,Chemicals & Plastics,45,1862748.88,2025-12-03,2026-01-17,closed,2026-03-02,89,44,False,False,deteriorating_payer
INV12001473,B012,B012-C1057,Chemicals Client 057,Chemicals & Plastics,45,676730.92,2025-12-20,2026-02-03,closed,2026-02-27,69,24,False,False,deteriorating_payer
INV12001474,B012,B012-C1057,Chemicals Client 057,Chemicals & Plastics,45,579700.76,2026-01-10,2026-02-24,closed,2026-04-04,84,39,False,False,deteriorating_payer
INV12001475,B012,B012-C1057,Chemicals Client 057,Chemicals & Plastics,45,641446.75,2026-01-22,2026-03-08,closed,2026-05-23,121,76,False,False,deteriorating_payer
INV12001476,B012,B012-C1057,Chemicals Client 057,Chemicals & Plastics,45,490576.2,2026-03-12,2026-04-26,closed,2026-05-25,74,29,False,False,deteriorating_payer
INV12001477,B012,B012-C1057,Chemicals Client 057,Chemicals & Plastics,45,743227.06,2026-05-28,2026-07-12,closed,2026-08-25,89,44,False,False,deteriorating_payer
INV12001478,B012,B012-C1057,Chemicals Client 057,Chemicals & Plastics,45,893976.59,2026-06-21,2026-08-05,disputed_open,,,,False,False,deteriorating_payer
INV12001479,B012,B012-C1057,Chemicals Client 057,Chemicals & Plastics,45,1009837.23,2026-08-20,2026-10-04,open,,,,False,False,deteriorating_payer
INV12001480,B012,B012-C1058,Retail Client 058,Retail & Distribution,60,57922.59,2024-04-10,2024-06-09,closed,2024-06-14,65,5,False,False,average_payer
INV12001481,B012,B012-C1058,Retail Client 058,Retail & Distribution,60,102060.91,2024-05-13,2024-07-12,closed,2024-07-19,67,7,False,False,average_payer
INV12001482,B012,B012-C1058,Retail Client 058,Retail & Distribution,60,124978.74,2024-05-13,2024-07-12,closed,2024-07-22,70,10,False,False,average_payer
INV12001483,B012,B012-C1058,Retail Client 058,Retail & Distribution,60,154323.9,2024-05-16,2024-07-15,closed,2024-07-24,69,9,False,False,average_payer
INV12001484,B012,B012-C1058,Retail Client 058,Retail & Distribution,60,86627.74,2024-06-06,2024-08-05,closed,2024-08-05,60,0,False,False,average_payer
INV12001485,B012,B012-C1058,Retail Client 058,Retail & Distribution,60,96220.24,2024-07-03,2024-09-01,closed,2024-09-03,62,2,False,False,average_payer
INV12001486,B012,B012-C1058,Retail Client 058,Retail & Distribution,60,79569.36,2024-08-09,2024-10-08,closed,2024-10-18,70,10,False,False,average_payer
INV12001487,B012,B012-C1058,Retail Client 058,Retail & Distribution,60,69324.31,2024-08-16,2024-10-15,closed,2024-11-05,81,21,False,False,average_payer
INV12001488,B012,B012-C1058,Retail Client 058,Retail & Distribution,60,95922.83,2024-09-26,2024-11-25,closed,2024-11-27,62,2,False,False,average_payer
INV12001489,B012,B012-C1058,Retail Client 058,Retail & Distribution,60,78424.49,2024-10-15,2024-12-14,closed,2024-12-30,76,16,False,False,average_payer
INV12001490,B012,B012-C1058,Retail Client 058,Retail & Distribution,60,68969.55,2024-11-22,2025-01-21,closed,2025-01-09,48,-12,False,False,average_payer
INV12001491,B012,B012-C1058,Retail Client 058,Retail & Distribution,60,76771.97,2025-02-23,2025-04-24,closed,2025-04-26,62,2,False,False,average_payer
INV12001492,B012,B012-C1058,Retail Client 058,Retail & Distribution,60,108579.94,2025-03-05,2025-05-04,closed,2025-05-10,66,6,False,False,average_payer
INV12001493,B012,B012-C1058,Retail Client 058,Retail & Distribution,60,96896.25,2025-04-15,2025-06-14,closed,2025-06-19,65,5,False,False,average_payer
INV12001494,B012,B012-C1058,Retail Client 058,Retail & Distribution,60,82946.86,2025-05-19,2025-07-18,closed,2025-07-23,65,5,False,False,average_payer
INV12001495,B012,B012-C1058,Retail Client 058,Retail & Distribution,60,160728.6,2025-06-07,2025-08-06,closed,2025-07-28,51,-9,False,False,average_payer
INV12001496,B012,B012-C1058,Retail Client 058,Retail & Distribution,60,92934.53,2025-06-22,2025-08-21,closed,2025-08-31,70,10,False,False,average_payer
INV12001497,B012,B012-C1058,Retail Client 058,Retail & Distribution,60,116786.38,2025-06-26,2025-08-25,closed,2025-09-06,72,12,False,False,average_payer
INV12001498,B012,B012-C1058,Retail Client 058,Retail & Distribution,60,88144.19,2025-07-01,2025-08-30,closed,2025-09-01,62,2,False,False,average_payer
INV12001499,B012,B012-C1058,Retail Client 058,Retail & Distribution,60,163515.94,2025-08-29,2025-10-28,closed,2025-11-01,64,4,False,False,average_payer
INV12001500,B012,B012-C1058,Retail Client 058,Retail & Distribution,60,89756.03,2025-10-09,2025-12-08,closed,2025-12-18,70,10,False,False,average_payer
INV12001501,B012,B012-C1058,Retail Client 058,Retail & Distribution,60,107297.72,2025-11-13,2026-01-12,closed,2026-02-05,84,24,False,False,average_payer
INV12001502,B012,B012-C1058,Retail Client 058,Retail & Distribution,60,88323.3,2026-03-17,2026-05-16,closed,2026-05-19,63,3,False,False,average_payer
INV12001503,B012,B012-C1058,Retail Client 058,Retail & Distribution,60,48959.54,2026-03-18,2026-05-17,closed,2026-05-22,65,5,False,False,average_payer
INV12001504,B012,B012-C1058,Retail Client 058,Retail & Distribution,60,76498.97,2026-04-24,2026-06-23,closed,2026-06-30,67,7,False,False,average_payer
INV12001505,B012,B012-C1058,Retail Client 058,Retail & Distribution,60,58363.57,2026-05-22,2026-07-21,closed,2026-07-17,56,-4,False,False,average_payer
INV12001506,B012,B012-C1058,Retail Client 058,Retail & Distribution,60,70229.75,2026-06-14,2026-08-13,closed,2026-08-14,61,1,False,False,average_payer
INV12001507,B012,B012-C1058,Retail Client 058,Retail & Distribution,60,81026.89,2026-08-06,2026-10-05,open,,,,False,False,average_payer
INV12001508,B012,B012-C1058,Retail Client 058,Retail & Distribution,60,71956.69,2026-08-23,2026-10-22,open,,,,False,False,average_payer
INV12001509,B012,B012-C1058,Retail Client 058,Retail & Distribution,60,53623.07,2026-08-30,2026-10-29,open,,,,False,False,average_payer
INV12001510,B012,B012-C1059,Metal Client 059,Metal & Engineering,30,22793.42,2024-03-26,2024-04-25,closed,2024-05-11,46,16,False,False,deteriorating_payer
INV12001511,B012,B012-C1059,Metal Client 059,Metal & Engineering,30,37144.37,2024-05-08,2024-06-07,closed,2024-06-27,50,20,False,False,deteriorating_payer
INV12001512,B012,B012-C1059,Metal Client 059,Metal & Engineering,30,22481.36,2024-05-27,2024-06-26,closed,2024-07-18,52,22,False,False,deteriorating_payer
INV12001513,B012,B012-C1059,Metal Client 059,Metal & Engineering,30,29614.25,2024-06-14,2024-07-14,closed,2024-07-23,39,9,False,False,deteriorating_payer
INV12001514,B012,B012-C1059,Metal Client 059,Metal & Engineering,30,38215.34,2024-06-15,2024-07-15,closed,2024-07-15,30,0,False,False,deteriorating_payer
INV12001515,B012,B012-C1059,Metal Client 059,Metal & Engineering,30,49941.14,2024-08-11,2024-09-10,closed,2024-09-26,46,16,False,False,deteriorating_payer
INV12001516,B012,B012-C1059,Metal Client 059,Metal & Engineering,30,18477.96,2024-10-21,2024-11-20,closed,2024-11-21,31,1,False,False,deteriorating_payer
INV12001517,B012,B012-C1059,Metal Client 059,Metal & Engineering,30,34074.79,2024-11-09,2024-12-09,closed,2024-12-10,31,1,False,False,deteriorating_payer
INV12001518,B012,B012-C1059,Metal Client 059,Metal & Engineering,30,39441.73,2025-01-28,2025-02-27,closed,2025-03-25,56,26,False,False,deteriorating_payer
INV12001519,B012,B012-C1059,Metal Client 059,Metal & Engineering,30,17809.51,2025-03-24,2025-04-23,closed,2025-05-07,44,14,False,False,deteriorating_payer
INV12001520,B012,B012-C1059,Metal Client 059,Metal & Engineering,30,52285.76,2025-04-09,2025-05-09,closed,2025-06-03,55,25,False,False,deteriorating_payer
INV12001521,B012,B012-C1059,Metal Client 059,Metal & Engineering,30,37200.65,2025-04-22,2025-05-22,closed,2025-05-29,37,7,False,False,deteriorating_payer
INV12001522,B012,B012-C1059,Metal Client 059,Metal & Engineering,30,44394.42,2025-05-03,2025-06-02,closed,2025-06-20,48,18,False,False,deteriorating_payer
INV12001523,B012,B012-C1059,Metal Client 059,Metal & Engineering,30,73274.05,2025-05-05,2025-06-04,closed,2025-06-24,50,20,False,False,deteriorating_payer
INV12001524,B012,B012-C1059,Metal Client 059,Metal & Engineering,30,46130.83,2025-05-07,2025-06-06,closed,2025-06-29,53,23,False,False,deteriorating_payer
INV12001525,B012,B012-C1059,Metal Client 059,Metal & Engineering,30,31103.86,2025-06-23,2025-07-23,closed,2025-08-24,62,32,False,False,deteriorating_payer
INV12001526,B012,B012-C1059,Metal Client 059,Metal & Engineering,30,31362.72,2025-07-14,2025-08-13,closed,2025-09-06,54,24,False,False,deteriorating_payer
INV12001527,B012,B012-C1059,Metal Client 059,Metal & Engineering,30,25766.3,2025-07-31,2025-08-30,closed,2025-09-22,53,23,False,False,deteriorating_payer
INV12001528,B012,B012-C1059,Metal Client 059,Metal & Engineering,30,29386.34,2025-08-12,2025-09-11,closed,2025-09-16,35,5,False,False,deteriorating_payer
INV12001529,B012,B012-C1059,Metal Client 059,Metal & Engineering,30,47552.63,2025-08-17,2025-09-16,closed,2025-10-11,55,25,False,False,deteriorating_payer
INV12001530,B012,B012-C1059,Metal Client 059,Metal & Engineering,30,39829.09,2025-12-25,2026-01-24,closed,2026-02-26,63,33,False,False,deteriorating_payer
INV12001531,B012,B012-C1059,Metal Client 059,Metal & Engineering,30,23045.11,2026-02-07,2026-03-09,closed,2026-04-02,54,24,False,False,deteriorating_payer
INV12001532,B012,B012-C1059,Metal Client 059,Metal & Engineering,30,47167.28,2026-02-28,2026-03-30,closed,2026-04-23,54,24,False,False,deteriorating_payer
INV12001533,B012,B012-C1059,Metal Client 059,Metal & Engineering,30,36947.72,2026-03-15,2026-04-14,closed,2026-06-27,104,74,False,False,deteriorating_payer
INV12001534,B012,B012-C1059,Metal Client 059,Metal & Engineering,30,39743.75,2026-04-10,2026-05-10,closed,2026-06-01,52,22,False,False,deteriorating_payer
INV12001535,B012,B012-C1059,Metal Client 059,Metal & Engineering,30,30177.82,2026-04-29,2026-05-29,closed,2026-06-26,58,28,False,False,deteriorating_payer
INV12001536,B012,B012-C1059,Metal Client 059,Metal & Engineering,30,34747.1,2026-06-10,2026-07-10,closed,2026-08-01,52,22,False,False,deteriorating_payer
INV12001537,B012,B012-C1059,Metal Client 059,Metal & Engineering,30,43396.08,2026-07-21,2026-08-20,open,,,,False,False,deteriorating_payer
INV12001538,B012,B012-C1060,FMCG Client 060,FMCG & Food Processing,30,15366.77,2024-05-24,2024-06-23,closed,2024-06-20,27,-3,False,False,erratic_payer
INV12001539,B012,B012-C1060,FMCG Client 060,FMCG & Food Processing,30,15542.81,2025-03-29,2025-04-28,closed,2025-04-15,17,-13,False,False,erratic_payer
INV12001540,B012,B012-C1060,FMCG Client 060,FMCG & Food Processing,30,44795.88,2025-03-30,2025-04-29,closed,2025-04-30,31,1,False,False,erratic_payer
INV12001541,B012,B012-C1060,FMCG Client 060,FMCG & Food Processing,30,27643.77,2025-09-20,2025-10-20,closed,2025-12-31,102,72,False,False,erratic_payer
INV12001542,B012,B012-C1060,FMCG Client 060,FMCG & Food Processing,30,17543.27,2026-08-24,2026-09-23,open,,,,False,False,erratic_payer
INV12001543,B012,B012-C1061,FMCG Client 061,FMCG & Food Processing,45,21843.74,2025-01-11,2025-02-25,closed,2025-02-26,46,1,False,False,prompt_payer
INV12001544,B012,B012-C1061,FMCG Client 061,FMCG & Food Processing,45,18854.39,2025-01-15,2025-03-01,closed,2025-02-26,42,-3,False,False,prompt_payer
INV12001545,B012,B012-C1061,FMCG Client 061,FMCG & Food Processing,45,26088.84,2025-02-01,2025-03-18,closed,2025-03-20,47,2,False,False,prompt_payer
INV12001546,B012,B012-C1061,FMCG Client 061,FMCG & Food Processing,45,10924.87,2025-02-17,2025-04-03,closed,2025-04-02,44,-1,False,False,prompt_payer
INV12001547,B012,B012-C1061,FMCG Client 061,FMCG & Food Processing,45,16581.83,2025-04-21,2025-06-05,closed,2025-06-08,48,3,False,False,prompt_payer
INV12001548,B012,B012-C1061,FMCG Client 061,FMCG & Food Processing,45,30805.88,2025-06-30,2025-08-14,closed,2025-08-21,52,7,False,False,prompt_payer
INV12001549,B012,B012-C1061,FMCG Client 061,FMCG & Food Processing,45,10684.48,2025-08-01,2025-09-15,closed,2025-09-18,48,3,False,False,prompt_payer
INV12001550,B012,B012-C1061,FMCG Client 061,FMCG & Food Processing,45,29460.4,2025-08-27,2025-10-11,closed,2025-10-13,47,2,False,False,prompt_payer
INV12001551,B012,B012-C1061,FMCG Client 061,FMCG & Food Processing,45,16795.15,2025-09-21,2025-11-05,closed,2025-11-04,44,-1,False,False,prompt_payer
INV12001552,B012,B012-C1061,FMCG Client 061,FMCG & Food Processing,45,84158.01,2025-12-20,2026-02-03,closed,2026-02-08,50,5,False,True,prompt_payer
INV12001553,B012,B012-C1061,FMCG Client 061,FMCG & Food Processing,45,15611.85,2026-01-03,2026-02-17,closed,2026-02-16,44,-1,False,False,prompt_payer
INV12001554,B012,B012-C1061,FMCG Client 061,FMCG & Food Processing,45,15478.58,2026-05-12,2026-06-26,closed,2026-06-17,36,-9,False,False,prompt_payer
INV12001555,B012,B012-C1061,FMCG Client 061,FMCG & Food Processing,45,20570.72,2026-08-06,2026-09-20,open,,,,False,False,prompt_payer
INV12001556,B012,B012-C1062,Textiles Client 062,Textiles & Apparel,30,21699.93,2024-03-19,2024-04-18,closed,2024-04-18,30,0,False,False,prompt_payer
INV12001557,B012,B012-C1062,Textiles Client 062,Textiles & Apparel,30,45627.13,2024-05-04,2024-06-03,closed,2024-05-31,27,-3,False,False,prompt_payer
INV12001558,B012,B012-C1062,Textiles Client 062,Textiles & Apparel,30,19849.51,2024-06-05,2024-07-05,closed,2024-07-08,33,3,False,False,prompt_payer
INV12001559,B012,B012-C1062,Textiles Client 062,Textiles & Apparel,30,18472.01,2024-07-06,2024-08-05,closed,2024-08-08,33,3,False,False,prompt_payer
INV12001560,B012,B012-C1062,Textiles Client 062,Textiles & Apparel,30,26056.27,2024-08-14,2024-09-13,closed,2024-09-18,35,5,False,False,prompt_payer
INV12001561,B012,B012-C1062,Textiles Client 062,Textiles & Apparel,30,25319.95,2024-11-30,2024-12-30,closed,2025-01-01,32,2,False,False,prompt_payer
INV12001562,B012,B012-C1062,Textiles Client 062,Textiles & Apparel,30,24433.57,2025-01-08,2025-02-07,closed,2025-02-05,28,-2,False,False,prompt_payer
INV12001563,B012,B012-C1062,Textiles Client 062,Textiles & Apparel,30,31450.47,2025-03-20,2025-04-19,closed,2025-04-22,33,3,False,False,prompt_payer
INV12001564,B012,B012-C1062,Textiles Client 062,Textiles & Apparel,30,19748.21,2025-03-30,2025-04-29,closed,2025-04-25,26,-4,False,False,prompt_payer
INV12001565,B012,B012-C1062,Textiles Client 062,Textiles & Apparel,30,23249.33,2025-11-04,2025-12-04,closed,2025-12-05,31,1,False,False,prompt_payer
INV12001566,B012,B012-C1062,Textiles Client 062,Textiles & Apparel,30,20072.36,2025-11-20,2025-12-20,closed,2025-12-19,29,-1,False,False,prompt_payer
INV12001567,B012,B012-C1062,Textiles Client 062,Textiles & Apparel,30,26736.22,2025-12-22,2026-01-21,closed,2026-01-17,26,-4,False,False,prompt_payer
INV12001568,B012,B012-C1062,Textiles Client 062,Textiles & Apparel,30,18411.84,2026-01-21,2026-02-20,closed,2026-02-25,35,5,False,False,prompt_payer
INV12001569,B012,B012-C1062,Textiles Client 062,Textiles & Apparel,30,20833.22,2026-01-29,2026-02-28,closed,2026-03-05,35,5,False,False,prompt_payer
INV12001570,B012,B012-C1062,Textiles Client 062,Textiles & Apparel,30,170253.08,2026-02-11,2026-03-13,closed,2026-03-13,30,0,False,True,prompt_payer
INV12001571,B012,B012-C1062,Textiles Client 062,Textiles & Apparel,30,25264.26,2026-02-16,2026-03-18,closed,2026-03-15,27,-3,False,False,prompt_payer
INV12001572,B012,B012-C1062,Textiles Client 062,Textiles & Apparel,30,15464.57,2026-05-04,2026-06-03,closed,2026-06-03,30,0,False,False,prompt_payer
INV12001573,B012,B012-C1063,Construction Client 063,Construction & Infra,30,171028.29,2024-03-22,2024-04-21,closed,2024-04-30,39,9,False,False,seasonal_payer
INV12001574,B012,B012-C1063,Construction Client 063,Construction & Infra,30,731178.7,2024-04-20,2024-05-20,closed,2024-05-26,36,6,False,True,seasonal_payer
INV12001575,B012,B012-C1063,Construction Client 063,Construction & Infra,30,192717.14,2024-05-07,2024-06-06,closed,2024-06-30,54,24,False,False,seasonal_payer
INV12001576,B012,B012-C1063,Construction Client 063,Construction & Infra,30,221439.76,2024-06-14,2024-07-14,closed,2024-08-02,49,19,False,False,seasonal_payer
INV12001577,B012,B012-C1063,Construction Client 063,Construction & Infra,30,215350.71,2024-06-16,2024-07-16,closed,2024-07-28,42,12,False,False,seasonal_payer
INV12001578,B012,B012-C1063,Construction Client 063,Construction & Infra,30,345480.59,2024-06-30,2024-07-30,closed,2024-08-13,44,14,False,False,seasonal_payer
INV12001579,B012,B012-C1063,Construction Client 063,Construction & Infra,30,112694.6,2024-09-22,2024-10-22,closed,2024-11-02,41,11,False,False,seasonal_payer
INV12001580,B012,B012-C1063,Construction Client 063,Construction & Infra,30,865966.3,2025-01-06,2025-02-05,closed,2025-02-07,32,2,False,True,seasonal_payer
INV12001581,B012,B012-C1063,Construction Client 063,Construction & Infra,30,267376.59,2025-01-07,2025-02-06,closed,2025-02-13,37,7,False,False,seasonal_payer
INV12001582,B012,B012-C1063,Construction Client 063,Construction & Infra,30,280607.72,2025-01-31,2025-03-02,closed,2025-03-03,31,1,False,False,seasonal_payer
INV12001583,B012,B012-C1063,Construction Client 063,Construction & Infra,30,399008.6,2025-03-07,2025-04-06,closed,2025-04-10,34,4,False,False,seasonal_payer
INV12001584,B012,B012-C1063,Construction Client 063,Construction & Infra,30,226504.84,2025-03-21,2025-04-20,closed,2025-05-05,45,15,False,False,seasonal_payer
INV12001585,B012,B012-C1063,Construction Client 063,Construction & Infra,30,256337.69,2025-04-13,2025-05-13,closed,2025-05-21,38,8,False,False,seasonal_payer
INV12001586,B012,B012-C1063,Construction Client 063,Construction & Infra,30,257433.35,2025-04-21,2025-05-21,closed,2025-05-31,40,10,False,False,seasonal_payer
INV12001587,B012,B012-C1063,Construction Client 063,Construction & Infra,30,239961.64,2025-05-22,2025-06-21,closed,2025-07-10,49,19,False,False,seasonal_payer
INV12001588,B012,B012-C1063,Construction Client 063,Construction & Infra,30,256751.81,2025-06-14,2025-07-14,closed,2025-07-26,42,12,False,False,seasonal_payer
INV12001589,B012,B012-C1063,Construction Client 063,Construction & Infra,30,144172.66,2025-06-21,2025-07-21,closed,2025-08-05,45,15,False,False,seasonal_payer
INV12001590,B012,B012-C1063,Construction Client 063,Construction & Infra,30,331627.87,2025-08-03,2025-09-02,closed,2025-09-16,44,14,False,False,seasonal_payer
INV12001591,B012,B012-C1063,Construction Client 063,Construction & Infra,30,218651.47,2025-09-09,2025-10-09,closed,2025-10-18,39,9,False,False,seasonal_payer
INV12001592,B012,B012-C1063,Construction Client 063,Construction & Infra,30,227092.18,2025-10-06,2025-11-05,closed,2025-11-13,38,8,False,False,seasonal_payer
INV12001593,B012,B012-C1063,Construction Client 063,Construction & Infra,30,195020.73,2025-11-27,2025-12-27,closed,2026-01-02,36,6,False,False,seasonal_payer
INV12001594,B012,B012-C1063,Construction Client 063,Construction & Infra,30,228413.42,2025-12-05,2026-01-04,closed,2025-12-28,23,-7,False,False,seasonal_payer
INV12001595,B012,B012-C1063,Construction Client 063,Construction & Infra,30,450785.3,2025-12-17,2026-01-16,closed,2026-01-26,40,10,False,False,seasonal_payer
INV12001596,B012,B012-C1063,Construction Client 063,Construction & Infra,30,164661.23,2025-12-22,2026-01-21,closed,2026-01-24,33,3,False,False,seasonal_payer
INV12001597,B012,B012-C1063,Construction Client 063,Construction & Infra,30,175260.88,2025-12-22,2026-01-21,closed,2026-01-29,38,8,False,False,seasonal_payer
INV12001598,B012,B012-C1063,Construction Client 063,Construction & Infra,30,340705.57,2026-01-15,2026-02-14,closed,2026-02-14,30,0,False,False,seasonal_payer
INV12001599,B012,B012-C1063,Construction Client 063,Construction & Infra,30,306994.78,2026-01-26,2026-02-25,closed,2026-02-28,33,3,False,False,seasonal_payer
INV12001600,B012,B012-C1063,Construction Client 063,Construction & Infra,30,459082.89,2026-04-03,2026-05-03,closed,2026-05-18,45,15,False,False,seasonal_payer
INV12001601,B012,B012-C1063,Construction Client 063,Construction & Infra,30,199871.26,2026-04-08,2026-05-08,closed,2026-05-19,41,11,False,False,seasonal_payer
INV12001602,B012,B012-C1063,Construction Client 063,Construction & Infra,30,280532.38,2026-04-21,2026-05-21,closed,2026-06-08,48,18,False,False,seasonal_payer
INV12001603,B012,B012-C1063,Construction Client 063,Construction & Infra,30,155592.56,2026-05-06,2026-06-05,closed,2026-06-29,54,24,False,False,seasonal_payer
INV12001604,B012,B012-C1063,Construction Client 063,Construction & Infra,30,179896.02,2026-06-17,2026-07-17,closed,2026-08-02,46,16,False,False,seasonal_payer
INV12001605,B012,B012-C1063,Construction Client 063,Construction & Infra,30,202897.16,2026-06-21,2026-07-21,closed,2026-08-09,49,19,False,False,seasonal_payer
INV12001606,B012,B012-C1063,Construction Client 063,Construction & Infra,30,207869.0,2026-07-11,2026-08-10,closed,2026-08-20,40,10,False,False,seasonal_payer
INV12001607,B012,B012-C1063,Construction Client 063,Construction & Infra,30,232730.21,2026-08-22,2026-09-21,open,,,,False,False,seasonal_payer
INV12001608,B012,B012-C1064,Chemicals Client 064,Chemicals & Plastics,45,268854.67,2024-03-18,2024-05-02,closed,2024-05-12,55,10,False,False,erratic_payer
INV12001609,B012,B012-C1064,Chemicals Client 064,Chemicals & Plastics,45,282867.4,2024-04-05,2024-05-20,closed,2024-06-02,58,13,False,False,erratic_payer
INV12001610,B012,B012-C1064,Chemicals Client 064,Chemicals & Plastics,45,584642.29,2024-05-07,2024-06-21,closed,2024-06-23,47,2,False,False,erratic_payer
INV12001611,B012,B012-C1064,Chemicals Client 064,Chemicals & Plastics,45,332962.95,2024-07-21,2024-09-04,closed,2024-09-06,47,2,False,False,erratic_payer
INV12001612,B012,B012-C1064,Chemicals Client 064,Chemicals & Plastics,45,390051.66,2024-08-03,2024-09-17,closed,2024-11-05,94,49,False,False,erratic_payer
INV12001613,B012,B012-C1064,Chemicals Client 064,Chemicals & Plastics,45,535575.0,2024-08-21,2024-10-05,closed,2024-10-13,53,8,False,False,erratic_payer
INV12001614,B012,B012-C1064,Chemicals Client 064,Chemicals & Plastics,45,362419.65,2024-08-24,2024-10-08,closed,2024-12-29,127,82,False,False,erratic_payer
INV12001615,B012,B012-C1064,Chemicals Client 064,Chemicals & Plastics,45,550125.54,2024-09-11,2024-10-26,closed,2024-10-28,47,2,False,False,erratic_payer
INV12001616,B012,B012-C1064,Chemicals Client 064,Chemicals & Plastics,45,380240.53,2024-10-12,2024-11-26,closed,2024-12-08,57,12,False,False,erratic_payer
INV12001617,B012,B012-C1064,Chemicals Client 064,Chemicals & Plastics,45,321602.15,2024-10-16,2024-11-30,closed,2024-11-18,33,-12,False,False,erratic_payer
INV12001618,B012,B012-C1064,Chemicals Client 064,Chemicals & Plastics,45,262406.88,2024-10-19,2024-12-03,closed,2024-12-10,52,7,False,False,erratic_payer
INV12001619,B012,B012-C1064,Chemicals Client 064,Chemicals & Plastics,45,334841.2,2024-11-24,2025-01-08,open,,,,False,False,erratic_payer
INV12001620,B012,B012-C1064,Chemicals Client 064,Chemicals & Plastics,45,314588.62,2025-01-28,2025-03-14,closed,2025-03-08,39,-6,False,False,erratic_payer
INV12001621,B012,B012-C1064,Chemicals Client 064,Chemicals & Plastics,45,389366.36,2025-02-03,2025-03-20,closed,2025-03-16,41,-4,False,False,erratic_payer
INV12001622,B012,B012-C1064,Chemicals Client 064,Chemicals & Plastics,45,458898.04,2025-03-05,2025-04-19,open,,,,False,False,erratic_payer
INV12001623,B012,B012-C1064,Chemicals Client 064,Chemicals & Plastics,45,497999.33,2025-03-20,2025-05-04,closed,2025-05-06,47,2,False,False,erratic_payer
INV12001624,B012,B012-C1064,Chemicals Client 064,Chemicals & Plastics,45,450950.58,2025-03-23,2025-05-07,closed,2025-05-04,42,-3,False,False,erratic_payer
INV12001625,B012,B012-C1064,Chemicals Client 064,Chemicals & Plastics,45,277335.57,2025-05-03,2025-06-17,closed,2025-06-28,56,11,False,False,erratic_payer
INV12001626,B012,B012-C1064,Chemicals Client 064,Chemicals & Plastics,45,311904.3,2025-05-19,2025-07-03,closed,2025-07-20,62,17,False,False,erratic_payer
INV12001627,B012,B012-C1064,Chemicals Client 064,Chemicals & Plastics,45,373069.73,2025-05-20,2025-07-04,closed,2025-07-17,58,13,False,False,erratic_payer
INV12001628,B012,B012-C1064,Chemicals Client 064,Chemicals & Plastics,45,307740.09,2025-05-21,2025-07-05,closed,2025-07-26,66,21,False,False,erratic_payer
INV12001629,B012,B012-C1064,Chemicals Client 064,Chemicals & Plastics,45,319455.95,2025-05-22,2025-07-06,closed,2025-07-12,51,6,False,False,erratic_payer
INV12001630,B012,B012-C1064,Chemicals Client 064,Chemicals & Plastics,45,307436.04,2025-06-09,2025-07-24,closed,2025-10-12,125,80,False,False,erratic_payer
INV12001631,B012,B012-C1064,Chemicals Client 064,Chemicals & Plastics,45,315980.51,2025-06-25,2025-08-09,closed,2025-08-20,56,11,False,False,erratic_payer
INV12001632,B012,B012-C1064,Chemicals Client 064,Chemicals & Plastics,45,400319.53,2025-07-02,2025-08-16,closed,2025-08-19,48,3,False,False,erratic_payer
INV12001633,B012,B012-C1064,Chemicals Client 064,Chemicals & Plastics,45,470058.36,2025-07-11,2025-08-25,closed,2025-09-01,52,7,False,False,erratic_payer
INV12001634,B012,B012-C1064,Chemicals Client 064,Chemicals & Plastics,45,307722.0,2025-08-02,2025-09-16,closed,2025-09-23,52,7,False,False,erratic_payer
INV12001635,B012,B012-C1064,Chemicals Client 064,Chemicals & Plastics,45,387192.15,2025-08-02,2025-09-16,closed,2025-11-10,100,55,False,False,erratic_payer
INV12001636,B012,B012-C1064,Chemicals Client 064,Chemicals & Plastics,45,261179.96,2025-08-24,2025-10-08,closed,2025-08-25,1,-44,False,False,erratic_payer
INV12001637,B012,B012-C1064,Chemicals Client 064,Chemicals & Plastics,45,242573.21,2025-09-21,2025-11-05,closed,2025-11-03,43,-2,False,False,erratic_payer
INV12001638,B012,B012-C1064,Chemicals Client 064,Chemicals & Plastics,45,312308.37,2026-02-22,2026-04-08,closed,2026-04-14,51,6,False,False,erratic_payer
INV12001639,B012,B012-C1064,Chemicals Client 064,Chemicals & Plastics,45,372738.59,2026-04-06,2026-05-21,open,,,,False,False,erratic_payer
INV12001640,B012,B012-C1064,Chemicals Client 064,Chemicals & Plastics,45,416362.11,2026-06-28,2026-08-12,closed,2026-08-31,64,19,False,False,erratic_payer
INV12001641,B012,B012-C1064,Chemicals Client 064,Chemicals & Plastics,45,346017.64,2026-06-28,2026-08-12,closed,2026-08-29,62,17,True,False,erratic_payer
INV12001642,B012,B012-C1064,Chemicals Client 064,Chemicals & Plastics,45,677144.21,2026-07-20,2026-09-03,disputed_open,,,,False,False,erratic_payer
INV12001643,B012,B012-C1064,Chemicals Client 064,Chemicals & Plastics,45,554942.36,2026-07-23,2026-09-06,open,,,,False,False,erratic_payer
INV12001644,B012,B012-C1064,Chemicals Client 064,Chemicals & Plastics,45,262164.23,2026-08-19,2026-10-03,open,,,,False,False,erratic_payer
INV12001645,B012,B012-C1065,IT Client 065,IT & Business Services,60,79020.56,2024-03-21,2024-05-20,closed,2024-05-22,62,2,True,False,prompt_payer
INV12001646,B012,B012-C1065,IT Client 065,IT & Business Services,60,70789.35,2024-04-19,2024-06-18,closed,2024-06-21,63,3,False,False,prompt_payer
INV12001647,B012,B012-C1065,IT Client 065,IT & Business Services,60,37468.57,2024-06-28,2024-08-27,closed,2024-08-21,54,-6,False,False,prompt_payer
INV12001648,B012,B012-C1065,IT Client 065,IT & Business Services,60,41277.71,2024-07-08,2024-09-06,closed,2024-09-03,57,-3,False,False,prompt_payer
INV12001649,B012,B012-C1065,IT Client 065,IT & Business Services,60,90400.14,2024-07-20,2024-09-18,closed,2024-09-21,63,3,False,False,prompt_payer
INV12001650,B012,B012-C1065,IT Client 065,IT & Business Services,60,92741.78,2024-08-15,2024-10-14,closed,2024-10-11,57,-3,False,False,prompt_payer
INV12001651,B012,B012-C1065,IT Client 065,IT & Business Services,60,72368.98,2024-09-23,2024-11-22,closed,2024-11-23,61,1,False,False,prompt_payer
INV12001652,B012,B012-C1065,IT Client 065,IT & Business Services,60,67620.59,2024-09-29,2024-11-28,closed,2024-11-29,61,1,False,False,prompt_payer
INV12001653,B012,B012-C1065,IT Client 065,IT & Business Services,60,68286.67,2024-10-22,2024-12-21,closed,2024-12-21,60,0,False,False,prompt_payer
INV12001654,B012,B012-C1065,IT Client 065,IT & Business Services,60,100870.94,2024-11-15,2025-01-14,closed,2025-01-17,63,3,True,False,prompt_payer
INV12001655,B012,B012-C1065,IT Client 065,IT & Business Services,60,160325.2,2024-12-02,2025-01-31,closed,2025-01-28,57,-3,False,False,prompt_payer
INV12001656,B012,B012-C1065,IT Client 065,IT & Business Services,60,122408.31,2024-12-03,2025-02-01,closed,2025-01-31,59,-1,False,False,prompt_payer
INV12001657,B012,B012-C1065,IT Client 065,IT & Business Services,60,70035.82,2024-12-12,2025-02-10,closed,2025-02-11,61,1,False,False,prompt_payer
INV12001658,B012,B012-C1065,IT Client 065,IT & Business Services,60,69029.73,2025-01-18,2025-03-19,closed,2025-03-25,66,6,False,False,prompt_payer
INV12001659,B012,B012-C1065,IT Client 065,IT & Business Services,60,69087.42,2025-01-22,2025-03-23,closed,2025-03-21,58,-2,False,False,prompt_payer
INV12001660,B012,B012-C1065,IT Client 065,IT & Business Services,60,78219.18,2025-01-28,2025-03-29,closed,2025-04-02,64,4,False,False,prompt_payer
INV12001661,B012,B012-C1065,IT Client 065,IT & Business Services,60,81301.73,2025-02-05,2025-04-06,closed,2025-04-04,58,-2,False,False,prompt_payer
INV12001662,B012,B012-C1065,IT Client 065,IT & Business Services,60,80044.53,2025-03-09,2025-05-08,closed,2025-05-06,58,-2,False,False,prompt_payer
INV12001663,B012,B012-C1065,IT Client 065,IT & Business Services,60,109098.98,2025-03-13,2025-05-12,closed,2025-05-08,56,-4,False,False,prompt_payer
INV12001664,B012,B012-C1065,IT Client 065,IT & Business Services,60,73648.75,2025-03-30,2025-05-29,closed,2025-06-01,63,3,False,False,prompt_payer
INV12001665,B012,B012-C1065,IT Client 065,IT & Business Services,60,31867.29,2025-04-30,2025-06-29,closed,2025-06-29,60,0,False,False,prompt_payer
INV12001666,B012,B012-C1065,IT Client 065,IT & Business Services,60,52036.32,2025-05-10,2025-07-09,closed,2025-07-10,61,1,False,False,prompt_payer
INV12001667,B012,B012-C1065,IT Client 065,IT & Business Services,60,68729.94,2025-06-04,2025-08-03,closed,2025-08-10,67,7,False,False,prompt_payer
INV12001668,B012,B012-C1065,IT Client 065,IT & Business Services,60,38191.52,2025-06-10,2025-08-09,closed,2025-08-09,60,0,False,False,prompt_payer
INV12001669,B012,B012-C1065,IT Client 065,IT & Business Services,60,51565.55,2025-06-19,2025-08-18,closed,2025-08-11,53,-7,False,False,prompt_payer
INV12001670,B012,B012-C1065,IT Client 065,IT & Business Services,60,51279.28,2025-08-19,2025-10-18,closed,2025-10-11,53,-7,False,False,prompt_payer
INV12001671,B012,B012-C1065,IT Client 065,IT & Business Services,60,99235.33,2025-08-20,2025-10-19,closed,2025-10-19,60,0,False,False,prompt_payer
INV12001672,B012,B012-C1065,IT Client 065,IT & Business Services,60,64816.82,2025-08-27,2025-10-26,closed,2025-10-24,58,-2,False,False,prompt_payer
INV12001673,B012,B012-C1065,IT Client 065,IT & Business Services,60,81717.36,2025-10-15,2025-12-14,closed,2025-12-11,57,-3,False,False,prompt_payer
INV12001674,B012,B012-C1065,IT Client 065,IT & Business Services,60,40619.41,2025-10-29,2025-12-28,closed,2025-12-26,58,-2,False,False,prompt_payer
INV12001675,B012,B012-C1065,IT Client 065,IT & Business Services,60,46291.88,2025-11-23,2026-01-22,closed,2026-01-15,53,-7,False,False,prompt_payer
INV12001676,B012,B012-C1065,IT Client 065,IT & Business Services,60,39936.96,2025-11-23,2026-01-22,closed,2026-01-18,56,-4,False,False,prompt_payer
INV12001677,B012,B012-C1065,IT Client 065,IT & Business Services,60,64528.52,2025-11-30,2026-01-29,closed,2026-01-26,57,-3,False,False,prompt_payer
INV12001678,B012,B012-C1065,IT Client 065,IT & Business Services,60,68495.81,2025-12-01,2026-01-30,closed,2026-02-01,62,2,False,False,prompt_payer
INV12001679,B012,B012-C1065,IT Client 065,IT & Business Services,60,52440.77,2025-12-06,2026-02-04,closed,2026-01-30,55,-5,False,False,prompt_payer
INV12001680,B012,B012-C1065,IT Client 065,IT & Business Services,60,52379.23,2025-12-06,2026-02-04,closed,2026-02-05,61,1,False,False,prompt_payer
INV12001681,B012,B012-C1065,IT Client 065,IT & Business Services,60,67819.34,2025-12-07,2026-02-05,closed,2026-02-09,64,4,False,False,prompt_payer
INV12001682,B012,B012-C1065,IT Client 065,IT & Business Services,60,42103.13,2025-12-11,2026-02-09,closed,2026-02-07,58,-2,False,False,prompt_payer
INV12001683,B012,B012-C1065,IT Client 065,IT & Business Services,60,427279.31,2026-03-05,2026-05-04,closed,2026-05-09,65,5,False,True,prompt_payer
INV12001684,B012,B012-C1065,IT Client 065,IT & Business Services,60,71190.52,2026-03-11,2026-05-10,closed,2026-05-14,64,4,False,False,prompt_payer
INV12001685,B012,B012-C1065,IT Client 065,IT & Business Services,60,47667.7,2026-03-12,2026-05-11,closed,2026-05-11,60,0,False,False,prompt_payer
INV12001686,B012,B012-C1065,IT Client 065,IT & Business Services,60,97810.76,2026-04-26,2026-06-25,closed,2026-06-26,61,1,False,False,prompt_payer
INV12001687,B012,B012-C1065,IT Client 065,IT & Business Services,60,50164.47,2026-05-07,2026-07-06,closed,2026-07-07,61,1,False,False,prompt_payer
INV12001688,B012,B012-C1065,IT Client 065,IT & Business Services,60,92381.0,2026-06-26,2026-08-25,closed,2026-08-16,51,-9,False,False,prompt_payer
INV12001689,B012,B012-C1065,IT Client 065,IT & Business Services,60,101505.66,2026-07-27,2026-09-25,open,,,,False,False,prompt_payer
INV12001690,B012,B012-C1065,IT Client 065,IT & Business Services,60,59634.42,2026-08-23,2026-10-22,disputed_open,,,,False,False,prompt_payer
INV12001691,B012,B012-C1066,IT Client 066,IT & Business Services,30,1235796.6,2024-03-31,2024-04-30,closed,2024-05-03,33,3,False,True,average_payer
INV12001692,B012,B012-C1066,IT Client 066,IT & Business Services,30,305678.06,2024-04-11,2024-05-11,closed,2024-05-14,33,3,False,False,average_payer
INV12001693,B012,B012-C1066,IT Client 066,IT & Business Services,30,302651.93,2024-04-27,2024-05-27,closed,2024-06-15,49,19,False,False,average_payer
INV12001694,B012,B012-C1066,IT Client 066,IT & Business Services,30,632775.58,2024-09-25,2024-10-25,closed,2024-10-22,27,-3,False,True,average_payer
INV12001695,B012,B012-C1066,IT Client 066,IT & Business Services,30,310169.26,2024-10-04,2024-11-03,closed,2024-11-12,39,9,False,False,average_payer
INV12001696,B012,B012-C1066,IT Client 066,IT & Business Services,30,255149.8,2025-02-21,2025-03-23,closed,2025-03-28,35,5,False,False,average_payer
INV12001697,B012,B012-C1066,IT Client 066,IT & Business Services,30,208660.01,2025-03-23,2025-04-22,closed,2025-04-28,36,6,False,False,average_payer
INV12001698,B012,B012-C1066,IT Client 066,IT & Business Services,30,190701.43,2025-06-07,2025-07-07,closed,2025-07-12,35,5,False,False,average_payer
INV12001699,B012,B012-C1066,IT Client 066,IT & Business Services,30,129781.7,2025-06-17,2025-07-17,closed,2025-07-27,40,10,False,False,average_payer
INV12001700,B012,B012-C1066,IT Client 066,IT & Business Services,30,147433.91,2025-07-08,2025-08-07,closed,2025-08-04,27,-3,False,False,average_payer
INV12001701,B012,B012-C1066,IT Client 066,IT & Business Services,30,298673.62,2025-08-26,2025-09-25,closed,2025-09-22,27,-3,False,False,average_payer
INV12001702,B012,B012-C1066,IT Client 066,IT & Business Services,30,344661.69,2025-11-04,2025-12-04,closed,2025-12-05,31,1,False,False,average_payer
INV12001703,B012,B012-C1066,IT Client 066,IT & Business Services,30,152955.24,2025-11-10,2025-12-10,closed,2025-12-11,31,1,False,False,average_payer
INV12001704,B012,B012-C1066,IT Client 066,IT & Business Services,30,484628.02,2025-12-17,2026-01-16,closed,2026-01-19,33,3,False,True,average_payer
INV12001705,B012,B012-C1066,IT Client 066,IT & Business Services,30,223443.11,2026-03-12,2026-04-11,open,,,,False,False,average_payer
INV12001706,B012,B012-C1066,IT Client 066,IT & Business Services,30,184343.61,2026-05-07,2026-06-06,closed,2026-06-02,26,-4,False,False,average_payer
INV12001707,B012,B012-C1066,IT Client 066,IT & Business Services,30,212771.34,2026-05-15,2026-06-14,closed,2026-07-04,50,20,False,False,average_payer
INV12001708,B012,B012-C1066,IT Client 066,IT & Business Services,30,199578.79,2026-05-26,2026-06-25,closed,2026-06-25,30,0,False,False,average_payer
INV12001709,B012,B012-C1066,IT Client 066,IT & Business Services,30,118435.03,2026-08-15,2026-09-14,open,,,,False,False,average_payer
INV12001710,B012,B012-C1067,Metal Client 067,Metal & Engineering,90,27598.44,2024-03-17,2024-06-15,closed,2024-06-11,86,-4,False,False,average_payer
INV12001711,B012,B012-C1067,Metal Client 067,Metal & Engineering,90,46394.06,2024-09-08,2024-12-07,disputed_open,,,,False,False,average_payer
INV12001712,B012,B012-C1067,Metal Client 067,Metal & Engineering,90,25354.89,2025-01-02,2025-04-02,closed,2025-04-03,91,1,False,False,average_payer
INV12001713,B012,B012-C1067,Metal Client 067,Metal & Engineering,90,21544.75,2025-02-03,2025-05-04,closed,2025-05-08,94,4,False,False,average_payer
INV12001714,B012,B012-C1067,Metal Client 067,Metal & Engineering,90,28008.27,2025-03-18,2025-06-16,closed,2025-06-23,97,7,False,False,average_payer
INV12001715,B012,B012-C1067,Metal Client 067,Metal & Engineering,90,46336.21,2025-05-14,2025-08-12,closed,2025-08-19,97,7,False,False,average_payer
INV12001716,B012,B012-C1067,Metal Client 067,Metal & Engineering,90,37423.9,2025-05-31,2025-08-29,closed,2025-09-01,93,3,False,False,average_payer
INV12001717,B012,B012-C1067,Metal Client 067,Metal & Engineering,90,40278.84,2025-06-13,2025-09-11,closed,2025-09-17,96,6,False,False,average_payer
INV12001718,B012,B012-C1067,Metal Client 067,Metal & Engineering,90,25359.83,2025-06-27,2025-09-25,closed,2025-09-26,91,1,False,False,average_payer
INV12001719,B012,B012-C1067,Metal Client 067,Metal & Engineering,90,31419.25,2025-07-22,2025-10-20,closed,2025-11-01,102,12,False,False,average_payer
INV12001720,B012,B012-C1067,Metal Client 067,Metal & Engineering,90,29417.79,2025-11-21,2026-02-19,closed,2026-02-22,93,3,False,False,average_payer
INV12001721,B012,B012-C1067,Metal Client 067,Metal & Engineering,90,30494.7,2025-12-29,2026-03-29,closed,2026-04-04,96,6,False,False,average_payer
INV12001722,B012,B012-C1067,Metal Client 067,Metal & Engineering,90,49786.6,2025-12-29,2026-03-29,closed,2026-04-01,93,3,False,False,average_payer
INV12001723,B012,B012-C1067,Metal Client 067,Metal & Engineering,90,17921.88,2026-01-15,2026-04-15,closed,2026-04-22,97,7,False,False,average_payer
INV12001724,B012,B012-C1067,Metal Client 067,Metal & Engineering,90,32432.44,2026-05-29,2026-08-27,closed,2026-08-23,86,-4,False,False,average_payer
INV12001725,B012,B012-C1067,Metal Client 067,Metal & Engineering,90,24405.43,2026-07-21,2026-10-19,disputed_open,,,,False,False,average_payer
INV12001726,B012,B012-C1067,Metal Client 067,Metal & Engineering,90,41947.33,2026-08-10,2026-11-08,open,,,,False,False,average_payer
INV12001727,B012,B012-C1068,Pharma Client 068,Pharma & Healthcare,30,95598.66,2024-03-29,2024-04-28,closed,2024-05-12,44,14,False,False,average_payer
INV12001728,B012,B012-C1068,Pharma Client 068,Pharma & Healthcare,30,75637.59,2024-04-10,2024-05-10,open,,,,False,False,average_payer
INV12001729,B012,B012-C1068,Pharma Client 068,Pharma & Healthcare,30,178589.8,2024-11-09,2024-12-09,closed,2024-12-03,24,-6,False,False,average_payer
INV12001730,B012,B012-C1068,Pharma Client 068,Pharma & Healthcare,30,58699.4,2025-06-08,2025-07-08,closed,2025-07-19,41,11,False,False,average_payer
INV12001731,B012,B012-C1068,Pharma Client 068,Pharma & Healthcare,30,128567.65,2026-05-11,2026-06-10,closed,2026-06-16,36,6,False,False,average_payer
INV12001732,B012,B012-C1069,Textiles Client 069,Textiles & Apparel,30,44775.7,2024-03-24,2024-04-23,closed,2024-05-01,38,8,False,False,prompt_payer
INV12001733,B012,B012-C1069,Textiles Client 069,Textiles & Apparel,30,59114.44,2024-03-24,2024-04-23,closed,2024-04-25,32,2,False,False,prompt_payer
INV12001734,B012,B012-C1069,Textiles Client 069,Textiles & Apparel,30,33829.43,2024-04-04,2024-05-04,closed,2024-04-29,25,-5,False,False,prompt_payer
INV12001735,B012,B012-C1069,Textiles Client 069,Textiles & Apparel,30,39964.84,2024-04-12,2024-05-12,closed,2024-05-15,33,3,False,False,prompt_payer
INV12001736,B012,B012-C1069,Textiles Client 069,Textiles & Apparel,30,21613.22,2024-04-24,2024-05-24,closed,2024-05-25,31,1,False,False,prompt_payer
INV12001737,B012,B012-C1069,Textiles Client 069,Textiles & Apparel,30,45844.87,2024-04-29,2024-05-29,closed,2024-05-28,29,-1,False,False,prompt_payer
INV12001738,B012,B012-C1069,Textiles Client 069,Textiles & Apparel,30,55066.77,2024-05-17,2024-06-16,closed,2024-06-19,33,3,False,False,prompt_payer
INV12001739,B012,B012-C1069,Textiles Client 069,Textiles & Apparel,30,58308.12,2024-06-29,2024-07-29,closed,2024-07-30,31,1,False,False,prompt_payer
INV12001740,B012,B012-C1069,Textiles Client 069,Textiles & Apparel,30,45742.83,2024-07-10,2024-08-09,closed,2024-08-09,30,0,False,False,prompt_payer
INV12001741,B012,B012-C1069,Textiles Client 069,Textiles & Apparel,30,56805.27,2024-09-13,2024-10-13,closed,2024-10-09,26,-4,False,False,prompt_payer
INV12001742,B012,B012-C1069,Textiles Client 069,Textiles & Apparel,30,64451.63,2024-09-27,2024-10-27,closed,2024-10-29,32,2,False,False,prompt_payer
INV12001743,B012,B012-C1069,Textiles Client 069,Textiles & Apparel,30,42776.47,2024-11-14,2024-12-14,closed,2024-12-22,38,8,False,False,prompt_payer
INV12001744,B012,B012-C1069,Textiles Client 069,Textiles & Apparel,30,53762.13,2024-11-26,2024-12-26,closed,2024-12-28,32,2,False,False,prompt_payer
INV12001745,B012,B012-C1069,Textiles Client 069,Textiles & Apparel,30,51294.54,2024-12-04,2025-01-03,closed,2025-01-02,29,-1,False,False,prompt_payer
INV12001746,B012,B012-C1069,Textiles Client 069,Textiles & Apparel,30,35639.48,2024-12-16,2025-01-15,closed,2025-01-13,28,-2,False,False,prompt_payer
INV12001747,B012,B012-C1069,Textiles Client 069,Textiles & Apparel,30,41278.07,2025-01-14,2025-02-13,closed,2025-02-14,31,1,False,False,prompt_payer
INV12001748,B012,B012-C1069,Textiles Client 069,Textiles & Apparel,30,42806.95,2025-01-29,2025-02-28,closed,2025-02-26,28,-2,False,False,prompt_payer
INV12001749,B012,B012-C1069,Textiles Client 069,Textiles & Apparel,30,78879.38,2025-03-21,2025-04-20,closed,2025-04-27,37,7,False,False,prompt_payer
INV12001750,B012,B012-C1069,Textiles Client 069,Textiles & Apparel,30,126789.22,2025-04-27,2025-05-27,closed,2025-05-21,24,-6,True,True,prompt_payer
INV12001751,B012,B012-C1069,Textiles Client 069,Textiles & Apparel,30,33272.94,2025-05-05,2025-06-04,closed,2025-06-02,28,-2,False,False,prompt_payer
INV12001752,B012,B012-C1069,Textiles Client 069,Textiles & Apparel,30,255710.05,2025-06-02,2025-07-02,closed,2025-07-09,37,7,False,True,prompt_payer
INV12001753,B012,B012-C1069,Textiles Client 069,Textiles & Apparel,30,49983.47,2025-08-20,2025-09-19,closed,2025-09-23,34,4,False,False,prompt_payer
INV12001754,B012,B012-C1069,Textiles Client 069,Textiles & Apparel,30,59462.87,2025-09-29,2025-10-29,closed,2025-10-23,24,-6,False,False,prompt_payer
INV12001755,B012,B012-C1069,Textiles Client 069,Textiles & Apparel,30,39897.59,2025-09-29,2025-10-29,closed,2025-10-29,30,0,False,False,prompt_payer
INV12001756,B012,B012-C1069,Textiles Client 069,Textiles & Apparel,30,32703.45,2025-10-01,2025-10-31,closed,2025-10-29,28,-2,False,False,prompt_payer
INV12001757,B012,B012-C1069,Textiles Client 069,Textiles & Apparel,30,32650.86,2025-10-05,2025-11-04,closed,2025-11-06,32,2,False,False,prompt_payer
INV12001758,B012,B012-C1069,Textiles Client 069,Textiles & Apparel,30,42866.14,2025-12-02,2026-01-01,closed,2025-12-31,29,-1,False,False,prompt_payer
INV12001759,B012,B012-C1069,Textiles Client 069,Textiles & Apparel,30,41389.03,2025-12-12,2026-01-11,closed,2026-01-12,31,1,False,False,prompt_payer
INV12001760,B012,B012-C1069,Textiles Client 069,Textiles & Apparel,30,50505.62,2026-01-12,2026-02-11,closed,2026-02-16,35,5,False,False,prompt_payer
INV12001761,B012,B012-C1069,Textiles Client 069,Textiles & Apparel,30,64090.16,2026-01-12,2026-02-11,closed,2026-02-07,26,-4,False,False,prompt_payer
INV12001762,B012,B012-C1069,Textiles Client 069,Textiles & Apparel,30,67986.76,2026-02-18,2026-03-20,closed,2026-03-16,26,-4,False,False,prompt_payer
INV12001763,B012,B012-C1069,Textiles Client 069,Textiles & Apparel,30,72624.47,2026-04-11,2026-05-11,closed,2026-05-12,31,1,False,False,prompt_payer
INV12001764,B012,B012-C1069,Textiles Client 069,Textiles & Apparel,30,31287.95,2026-06-13,2026-07-13,closed,2026-07-12,29,-1,False,False,prompt_payer
INV12001765,B012,B012-C1069,Textiles Client 069,Textiles & Apparel,30,45961.67,2026-06-19,2026-07-19,closed,2026-07-19,30,0,False,False,prompt_payer
INV12001766,B012,B012-C1069,Textiles Client 069,Textiles & Apparel,30,52301.47,2026-07-15,2026-08-14,closed,2026-08-14,30,0,False,False,prompt_payer
INV12001767,B012,B012-C1069,Textiles Client 069,Textiles & Apparel,30,60083.28,2026-08-30,2026-09-29,open,,,,False,False,prompt_payer
INV12001768,B012,B012-C1070,Chemicals Client 070,Chemicals & Plastics,30,230137.91,2024-03-19,2024-04-18,closed,2024-04-24,36,6,False,False,average_payer
INV12001769,B012,B012-C1070,Chemicals Client 070,Chemicals & Plastics,30,124971.01,2024-03-23,2024-04-22,closed,2024-04-29,37,7,False,False,average_payer
INV12001770,B012,B012-C1070,Chemicals Client 070,Chemicals & Plastics,30,131930.63,2024-04-04,2024-05-04,closed,2024-05-12,38,8,False,False,average_payer
INV12001771,B012,B012-C1070,Chemicals Client 070,Chemicals & Plastics,30,96218.83,2024-04-08,2024-05-08,closed,2024-05-19,41,11,False,False,average_payer
INV12001772,B012,B012-C1070,Chemicals Client 070,Chemicals & Plastics,30,113182.58,2024-04-25,2024-05-25,closed,2024-06-06,42,12,False,False,average_payer
INV12001773,B012,B012-C1070,Chemicals Client 070,Chemicals & Plastics,30,148193.97,2024-04-27,2024-05-27,closed,2024-06-09,43,13,False,False,average_payer
INV12001774,B012,B012-C1070,Chemicals Client 070,Chemicals & Plastics,30,116015.23,2024-04-29,2024-05-29,closed,2024-05-29,30,0,False,False,average_payer
INV12001775,B012,B012-C1070,Chemicals Client 070,Chemicals & Plastics,30,159547.38,2024-06-04,2024-07-04,closed,2024-07-09,35,5,False,False,average_payer
INV12001776,B012,B012-C1070,Chemicals Client 070,Chemicals & Plastics,30,130203.6,2024-07-21,2024-08-20,closed,2024-08-26,36,6,False,False,average_payer
INV12001777,B012,B012-C1070,Chemicals Client 070,Chemicals & Plastics,30,112029.71,2024-08-04,2024-09-03,closed,2024-09-13,40,10,False,False,average_payer
INV12001778,B012,B012-C1070,Chemicals Client 070,Chemicals & Plastics,30,90741.42,2024-09-16,2024-10-16,closed,2024-10-12,26,-4,False,False,average_payer
INV12001779,B012,B012-C1070,Chemicals Client 070,Chemicals & Plastics,30,92175.52,2024-10-27,2024-11-26,closed,2024-11-23,27,-3,False,False,average_payer
INV12001780,B012,B012-C1070,Chemicals Client 070,Chemicals & Plastics,30,167936.35,2024-11-25,2024-12-25,closed,2024-12-30,35,5,False,False,average_payer
INV12001781,B012,B012-C1070,Chemicals Client 070,Chemicals & Plastics,30,161962.57,2024-12-28,2025-01-27,closed,2025-02-13,47,17,False,False,average_payer
INV12001782,B012,B012-C1070,Chemicals Client 070,Chemicals & Plastics,30,431765.93,2025-01-03,2025-02-02,closed,2025-01-25,22,-8,False,True,average_payer
INV12001783,B012,B012-C1070,Chemicals Client 070,Chemicals & Plastics,30,97952.93,2025-03-18,2025-04-17,closed,2025-04-17,30,0,False,False,average_payer
INV12001784,B012,B012-C1070,Chemicals Client 070,Chemicals & Plastics,30,77123.93,2025-03-20,2025-04-19,closed,2025-04-21,32,2,False,False,average_payer
INV12001785,B012,B012-C1070,Chemicals Client 070,Chemicals & Plastics,30,163380.49,2025-04-04,2025-05-04,closed,2025-05-09,35,5,False,False,average_payer
INV12001786,B012,B012-C1070,Chemicals Client 070,Chemicals & Plastics,30,431854.32,2025-04-26,2025-05-26,closed,2025-06-01,36,6,False,True,average_payer
INV12001787,B012,B012-C1070,Chemicals Client 070,Chemicals & Plastics,30,112228.96,2025-06-09,2025-07-09,closed,2025-07-16,37,7,False,False,average_payer
INV12001788,B012,B012-C1070,Chemicals Client 070,Chemicals & Plastics,30,189394.32,2025-08-03,2025-09-02,closed,2025-09-09,37,7,False,False,average_payer
INV12001789,B012,B012-C1070,Chemicals Client 070,Chemicals & Plastics,30,155811.39,2025-09-27,2025-10-27,closed,2025-10-15,18,-12,False,False,average_payer
INV12001790,B012,B012-C1070,Chemicals Client 070,Chemicals & Plastics,30,151357.25,2025-09-28,2025-10-28,closed,2025-10-26,28,-2,False,False,average_payer
INV12001791,B012,B012-C1070,Chemicals Client 070,Chemicals & Plastics,30,384860.13,2025-10-29,2025-11-28,closed,2025-12-08,40,10,False,True,average_payer
INV12001792,B012,B012-C1070,Chemicals Client 070,Chemicals & Plastics,30,114098.87,2025-10-31,2025-11-30,closed,2025-12-14,44,14,False,False,average_payer
INV12001793,B012,B012-C1070,Chemicals Client 070,Chemicals & Plastics,30,103910.54,2025-11-26,2025-12-26,closed,2025-12-23,27,-3,False,False,average_payer
INV12001794,B012,B012-C1070,Chemicals Client 070,Chemicals & Plastics,30,114425.61,2025-12-20,2026-01-19,closed,2026-01-13,24,-6,False,False,average_payer
INV12001795,B012,B012-C1070,Chemicals Client 070,Chemicals & Plastics,30,93819.45,2026-03-20,2026-04-19,closed,2026-04-17,28,-2,False,False,average_payer
INV12001796,B012,B012-C1070,Chemicals Client 070,Chemicals & Plastics,30,104911.99,2026-04-24,2026-05-24,closed,2026-05-25,31,1,False,False,average_payer
INV12001797,B012,B012-C1070,Chemicals Client 070,Chemicals & Plastics,30,158985.55,2026-05-03,2026-06-02,closed,2026-06-09,37,7,False,False,average_payer
INV12001798,B012,B012-C1070,Chemicals Client 070,Chemicals & Plastics,30,91735.9,2026-05-06,2026-06-05,closed,2026-06-09,34,4,False,False,average_payer
INV12001799,B012,B012-C1070,Chemicals Client 070,Chemicals & Plastics,30,130377.31,2026-05-15,2026-06-14,closed,2026-06-22,38,8,False,False,average_payer
INV12001800,B012,B012-C1070,Chemicals Client 070,Chemicals & Plastics,30,101605.67,2026-05-23,2026-06-22,closed,2026-06-24,32,2,False,False,average_payer
INV12001801,B012,B012-C1070,Chemicals Client 070,Chemicals & Plastics,30,110179.8,2026-08-09,2026-09-08,open,,,,False,False,average_payer
INV12001802,B012,B012-C1070,Chemicals Client 070,Chemicals & Plastics,30,105358.18,2026-08-21,2026-09-20,open,,,,False,False,average_payer
INV12001803,B012,B012-C1070,Chemicals Client 070,Chemicals & Plastics,30,127221.77,2026-08-25,2026-09-24,open,,,,False,False,average_payer
INV12001804,B012,B012-C1071,FMCG Client 071,FMCG & Food Processing,30,119501.79,2024-03-23,2024-04-22,closed,2024-05-08,46,16,False,False,average_payer
INV12001805,B012,B012-C1071,FMCG Client 071,FMCG & Food Processing,30,329461.97,2024-04-22,2024-05-22,closed,2024-06-05,44,14,False,False,average_payer
INV12001806,B012,B012-C1071,FMCG Client 071,FMCG & Food Processing,30,221375.82,2024-05-05,2024-06-04,closed,2024-05-26,21,-9,False,False,average_payer
INV12001807,B012,B012-C1071,FMCG Client 071,FMCG & Food Processing,30,294389.46,2024-06-14,2024-07-14,closed,2024-07-21,37,7,False,False,average_payer
INV12001808,B012,B012-C1071,FMCG Client 071,FMCG & Food Processing,30,380644.31,2024-07-16,2024-08-15,closed,2024-08-20,35,5,False,True,average_payer
INV12001809,B012,B012-C1071,FMCG Client 071,FMCG & Food Processing,30,154674.49,2024-11-08,2024-12-08,closed,2024-12-09,31,1,False,False,average_payer
INV12001810,B012,B012-C1071,FMCG Client 071,FMCG & Food Processing,30,280587.74,2024-11-09,2024-12-09,closed,2024-12-11,32,2,False,False,average_payer
INV12001811,B012,B012-C1071,FMCG Client 071,FMCG & Food Processing,30,110559.3,2024-12-01,2024-12-31,closed,2025-01-03,33,3,False,False,average_payer
INV12001812,B012,B012-C1071,FMCG Client 071,FMCG & Food Processing,30,117037.01,2024-12-15,2025-01-14,closed,2025-01-17,33,3,False,False,average_payer
INV12001813,B012,B012-C1071,FMCG Client 071,FMCG & Food Processing,30,182496.92,2024-12-30,2025-01-29,closed,2025-01-30,31,1,False,False,average_payer
INV12001814,B012,B012-C1071,FMCG Client 071,FMCG & Food Processing,30,114436.82,2025-01-11,2025-02-10,closed,2025-02-06,26,-4,False,False,average_payer
INV12001815,B012,B012-C1071,FMCG Client 071,FMCG & Food Processing,30,158674.75,2025-01-18,2025-02-17,closed,2025-02-11,24,-6,False,False,average_payer
INV12001816,B012,B012-C1071,FMCG Client 071,FMCG & Food Processing,30,103345.55,2025-01-22,2025-02-21,closed,2025-02-22,31,1,False,False,average_payer
INV12001817,B012,B012-C1071,FMCG Client 071,FMCG & Food Processing,30,283836.73,2025-02-05,2025-03-07,closed,2025-03-11,34,4,False,False,average_payer
INV12001818,B012,B012-C1071,FMCG Client 071,FMCG & Food Processing,30,120595.22,2025-04-16,2025-05-16,closed,2025-05-13,27,-3,False,False,average_payer
INV12001819,B012,B012-C1071,FMCG Client 071,FMCG & Food Processing,30,127673.42,2025-04-19,2025-05-19,closed,2025-05-27,38,8,False,False,average_payer
INV12001820,B012,B012-C1071,FMCG Client 071,FMCG & Food Processing,30,156450.61,2025-04-27,2025-05-27,closed,2025-06-04,38,8,True,False,average_payer
INV12001821,B012,B012-C1071,FMCG Client 071,FMCG & Food Processing,30,118072.7,2025-05-09,2025-06-08,closed,2025-06-17,39,9,False,False,average_payer
INV12001822,B012,B012-C1071,FMCG Client 071,FMCG & Food Processing,30,157695.74,2025-06-07,2025-07-07,closed,2025-07-10,33,3,False,False,average_payer
INV12001823,B012,B012-C1071,FMCG Client 071,FMCG & Food Processing,30,180075.75,2025-08-15,2025-09-14,closed,2025-09-15,31,1,False,False,average_payer
INV12001824,B012,B012-C1071,FMCG Client 071,FMCG & Food Processing,30,129739.44,2025-08-16,2025-09-15,closed,2025-09-11,26,-4,False,False,average_payer
INV12001825,B012,B012-C1071,FMCG Client 071,FMCG & Food Processing,30,179102.32,2025-08-17,2025-09-16,closed,2025-10-04,48,18,False,False,average_payer
INV12001826,B012,B012-C1071,FMCG Client 071,FMCG & Food Processing,30,163441.48,2025-09-01,2025-10-01,closed,2025-10-18,47,17,False,False,average_payer
INV12001827,B012,B012-C1071,FMCG Client 071,FMCG & Food Processing,30,180041.4,2025-09-02,2025-10-02,closed,2025-10-22,50,20,False,False,average_payer
INV12001828,B012,B012-C1071,FMCG Client 071,FMCG & Food Processing,30,64480.36,2025-09-19,2025-10-19,closed,2025-11-01,43,13,False,False,average_payer
INV12001829,B012,B012-C1071,FMCG Client 071,FMCG & Food Processing,30,225509.82,2025-09-23,2025-10-23,closed,2025-11-09,47,17,False,False,average_payer
INV12001830,B012,B012-C1071,FMCG Client 071,FMCG & Food Processing,30,105797.97,2025-10-08,2025-11-07,closed,2025-11-17,40,10,False,False,average_payer
INV12001831,B012,B012-C1071,FMCG Client 071,FMCG & Food Processing,30,272692.67,2025-12-02,2026-01-01,closed,2026-01-07,36,6,False,False,average_payer
INV12001832,B012,B012-C1071,FMCG Client 071,FMCG & Food Processing,30,142189.15,2025-12-11,2026-01-10,closed,2026-01-25,45,15,False,False,average_payer
INV12001833,B012,B012-C1071,FMCG Client 071,FMCG & Food Processing,30,176352.89,2026-02-21,2026-03-23,closed,2026-04-11,49,19,False,False,average_payer
INV12001834,B012,B012-C1071,FMCG Client 071,FMCG & Food Processing,30,152162.77,2026-03-07,2026-04-06,closed,2026-04-15,39,9,False,False,average_payer
INV12001835,B012,B012-C1071,FMCG Client 071,FMCG & Food Processing,30,119756.11,2026-03-11,2026-04-10,closed,2026-04-15,35,5,False,False,average_payer
INV12001836,B012,B012-C1071,FMCG Client 071,FMCG & Food Processing,30,1037257.88,2026-04-13,2026-05-13,closed,2026-05-21,38,8,False,True,average_payer
INV12001837,B012,B012-C1071,FMCG Client 071,FMCG & Food Processing,30,261860.68,2026-05-10,2026-06-09,closed,2026-06-21,42,12,False,False,average_payer
INV12001838,B012,B012-C1071,FMCG Client 071,FMCG & Food Processing,30,188225.07,2026-05-11,2026-06-10,closed,2026-06-22,42,12,False,False,average_payer
INV12001839,B012,B012-C1071,FMCG Client 071,FMCG & Food Processing,30,147313.84,2026-06-09,2026-07-09,closed,2026-07-04,25,-5,False,False,average_payer
INV12001840,B012,B012-C1071,FMCG Client 071,FMCG & Food Processing,30,159588.59,2026-07-03,2026-08-02,closed,2026-07-25,22,-8,False,False,average_payer
INV12001841,B012,B012-C1071,FMCG Client 071,FMCG & Food Processing,30,200810.08,2026-08-18,2026-09-17,disputed_open,,,,False,False,average_payer
INV12001842,B012,B012-C1072,Construction Client 072,Construction & Infra,60,45518.84,2025-08-18,2025-10-17,closed,2025-10-24,67,7,False,False,deteriorating_payer
INV12001843,B012,B012-C1072,Construction Client 072,Construction & Infra,60,79491.79,2025-12-26,2026-02-24,closed,2026-03-16,80,20,False,False,deteriorating_payer
INV12001844,B012,B012-C1072,Construction Client 072,Construction & Infra,60,81325.16,2026-04-01,2026-05-31,closed,2026-06-21,81,21,False,False,deteriorating_payer
INV12001845,B012,B012-C1072,Construction Client 072,Construction & Infra,60,33030.27,2026-04-24,2026-06-23,closed,2026-07-29,96,36,False,False,deteriorating_payer
INV12001846,B012,B012-C1072,Construction Client 072,Construction & Infra,60,29989.82,2026-05-23,2026-07-22,disputed_open,,,,False,False,deteriorating_payer
INV12001847,B012,B012-C1073,Auto Client 073,Auto Components,60,98624.42,2024-03-21,2024-05-20,closed,2024-05-25,65,5,False,False,average_payer
INV12001848,B012,B012-C1073,Auto Client 073,Auto Components,60,91224.16,2024-05-11,2024-07-10,closed,2024-07-24,74,14,False,False,average_payer
INV12001849,B012,B012-C1073,Auto Client 073,Auto Components,60,59369.21,2024-05-24,2024-07-23,closed,2024-07-23,60,0,False,False,average_payer
INV12001850,B012,B012-C1073,Auto Client 073,Auto Components,60,71106.31,2024-06-03,2024-08-02,closed,2024-08-19,77,17,False,False,average_payer
INV12001851,B012,B012-C1073,Auto Client 073,Auto Components,60,95653.57,2024-06-14,2024-08-13,closed,2024-08-14,61,1,False,False,average_payer
INV12001852,B012,B012-C1073,Auto Client 073,Auto Components,60,57139.76,2024-07-01,2024-08-30,closed,2024-09-03,64,4,False,False,average_payer
INV12001853,B012,B012-C1073,Auto Client 073,Auto Components,60,82533.62,2024-07-12,2024-09-10,closed,2024-09-15,65,5,True,False,average_payer
INV12001854,B012,B012-C1073,Auto Client 073,Auto Components,60,56121.24,2024-09-09,2024-11-08,closed,2024-11-14,66,6,False,False,average_payer
INV12001855,B012,B012-C1073,Auto Client 073,Auto Components,60,290354.02,2024-09-11,2024-11-10,closed,2024-11-12,62,2,False,True,average_payer
INV12001856,B012,B012-C1073,Auto Client 073,Auto Components,60,76453.78,2024-09-27,2024-11-26,open,,,,False,False,average_payer
INV12001857,B012,B012-C1073,Auto Client 073,Auto Components,60,70020.54,2024-10-19,2024-12-18,closed,2024-12-21,63,3,False,False,average_payer
INV12001858,B012,B012-C1073,Auto Client 073,Auto Components,60,69152.42,2024-10-21,2024-12-20,closed,2024-12-21,61,1,True,False,average_payer
INV12001859,B012,B012-C1073,Auto Client 073,Auto Components,60,64477.05,2024-10-26,2024-12-25,closed,2024-12-22,57,-3,False,False,average_payer
INV12001860,B012,B012-C1073,Auto Client 073,Auto Components,60,79901.85,2025-04-25,2025-06-24,closed,2025-07-05,71,11,False,False,average_payer
INV12001861,B012,B012-C1073,Auto Client 073,Auto Components,60,60559.95,2025-04-27,2025-06-26,closed,2025-06-28,62,2,False,False,average_payer
INV12001862,B012,B012-C1073,Auto Client 073,Auto Components,60,76616.62,2025-05-15,2025-07-14,closed,2025-07-27,73,13,False,False,average_payer
INV12001863,B012,B012-C1073,Auto Client 073,Auto Components,60,88038.12,2025-05-16,2025-07-15,closed,2025-07-18,63,3,False,False,average_payer
INV12001864,B012,B012-C1073,Auto Client 073,Auto Components,60,118789.09,2025-06-13,2025-08-12,closed,2025-08-17,65,5,False,False,average_payer
INV12001865,B012,B012-C1073,Auto Client 073,Auto Components,60,46859.97,2025-06-28,2025-08-27,closed,2025-09-04,68,8,False,False,average_payer
INV12001866,B012,B012-C1073,Auto Client 073,Auto Components,60,76364.59,2025-07-13,2025-09-11,closed,2025-09-22,71,11,True,False,average_payer
INV12001867,B012,B012-C1073,Auto Client 073,Auto Components,60,52477.72,2025-07-13,2025-09-11,closed,2025-09-06,55,-5,False,False,average_payer
INV12001868,B012,B012-C1073,Auto Client 073,Auto Components,60,50764.9,2025-07-21,2025-09-19,closed,2025-09-15,56,-4,False,False,average_payer
INV12001869,B012,B012-C1073,Auto Client 073,Auto Components,60,48848.89,2025-08-01,2025-09-30,closed,2025-10-16,76,16,False,False,average_payer
INV12001870,B012,B012-C1073,Auto Client 073,Auto Components,60,88724.89,2025-08-23,2025-10-22,closed,2025-11-08,77,17,False,False,average_payer
INV12001871,B012,B012-C1073,Auto Client 073,Auto Components,60,231787.05,2025-08-27,2025-10-26,closed,2025-10-28,62,2,False,True,average_payer
INV12001872,B012,B012-C1073,Auto Client 073,Auto Components,60,66324.71,2025-09-19,2025-11-18,closed,2025-12-07,79,19,False,False,average_payer
INV12001873,B012,B012-C1073,Auto Client 073,Auto Components,60,46596.18,2025-12-16,2026-02-14,closed,2026-02-22,68,8,False,False,average_payer
INV12001874,B012,B012-C1073,Auto Client 073,Auto Components,60,68130.2,2026-01-02,2026-03-03,closed,2026-03-03,60,0,False,False,average_payer
INV12001875,B012,B012-C1073,Auto Client 073,Auto Components,60,112428.92,2026-01-09,2026-03-10,closed,2026-03-19,69,9,False,False,average_payer
INV12001876,B012,B012-C1073,Auto Client 073,Auto Components,60,61626.47,2026-01-27,2026-03-28,closed,2026-04-03,66,6,False,False,average_payer
INV12001877,B012,B012-C1073,Auto Client 073,Auto Components,60,65637.8,2026-02-02,2026-04-03,closed,2026-04-17,74,14,False,False,average_payer
INV12001878,B012,B012-C1073,Auto Client 073,Auto Components,60,47246.68,2026-02-25,2026-04-26,closed,2026-04-25,59,-1,False,False,average_payer
INV12001879,B012,B012-C1073,Auto Client 073,Auto Components,60,49488.18,2026-04-17,2026-06-16,closed,2026-06-16,60,0,False,False,average_payer
INV12001880,B012,B012-C1073,Auto Client 073,Auto Components,60,67231.53,2026-04-19,2026-06-18,closed,2026-07-03,75,15,False,False,average_payer
INV12001881,B012,B012-C1073,Auto Client 073,Auto Components,60,102714.49,2026-05-10,2026-07-09,closed,2026-07-22,73,13,False,False,average_payer
INV12001882,B012,B012-C1073,Auto Client 073,Auto Components,60,63706.15,2026-05-10,2026-07-09,closed,2026-07-15,66,6,False,False,average_payer
INV12001883,B012,B012-C1073,Auto Client 073,Auto Components,60,70651.85,2026-06-19,2026-08-18,closed,2026-08-20,62,2,False,False,average_payer
INV12001884,B012,B012-C1073,Auto Client 073,Auto Components,60,82863.85,2026-06-20,2026-08-19,closed,2026-08-24,65,5,False,False,average_payer
INV12001885,B012,B012-C1074,Textiles Client 074,Textiles & Apparel,30,60105.16,2024-04-27,2024-05-27,closed,2024-06-23,57,27,False,False,cold_start
INV12001886,B012,B012-C1074,Textiles Client 074,Textiles & Apparel,30,62664.7,2024-10-18,2024-11-17,closed,2024-11-20,33,3,False,False,cold_start
INV12001887,B012,B012-C1075,Pharma Client 075,Pharma & Healthcare,30,39607.22,2024-09-04,2024-10-04,closed,2024-11-02,59,29,False,False,improving_payer
INV12001888,B012,B012-C1075,Pharma Client 075,Pharma & Healthcare,30,90643.17,2025-03-16,2025-04-15,closed,2025-05-12,57,27,False,False,improving_payer
INV12001889,B012,B012-C1075,Pharma Client 075,Pharma & Healthcare,30,93691.44,2025-03-29,2025-04-28,closed,2025-05-17,49,19,False,False,improving_payer
INV12001890,B012,B012-C1075,Pharma Client 075,Pharma & Healthcare,30,50164.19,2025-09-04,2025-10-04,closed,2025-10-13,39,9,False,False,improving_payer
INV12001891,B012,B012-C1075,Pharma Client 075,Pharma & Healthcare,30,77553.07,2026-07-07,2026-08-06,closed,2026-08-20,44,14,False,False,improving_payer
INV12001892,B012,B012-C1076,Chemicals Client 076,Chemicals & Plastics,45,171307.46,2024-04-25,2024-06-09,closed,2024-06-05,41,-4,False,False,average_payer
INV12001893,B012,B012-C1076,Chemicals Client 076,Chemicals & Plastics,45,512529.37,2024-05-18,2024-07-02,closed,2024-07-02,45,0,False,True,average_payer
INV12001894,B012,B012-C1076,Chemicals Client 076,Chemicals & Plastics,45,68796.02,2025-05-20,2025-07-04,closed,2025-07-12,53,8,False,False,average_payer
INV12001895,B012,B012-C1076,Chemicals Client 076,Chemicals & Plastics,45,95061.52,2025-06-08,2025-07-23,closed,2025-07-24,46,1,False,False,average_payer
INV12001896,B012,B012-C1076,Chemicals Client 076,Chemicals & Plastics,45,161881.62,2025-06-25,2025-08-09,closed,2025-08-12,48,3,False,False,average_payer
INV12001897,B012,B012-C1076,Chemicals Client 076,Chemicals & Plastics,45,193930.95,2025-07-23,2025-09-06,closed,2025-09-08,47,2,False,False,average_payer
INV12001898,B012,B012-C1076,Chemicals Client 076,Chemicals & Plastics,45,134918.28,2025-08-01,2025-09-15,closed,2025-09-20,50,5,False,False,average_payer
INV12001899,B012,B012-C1076,Chemicals Client 076,Chemicals & Plastics,45,102195.51,2025-08-25,2025-10-09,closed,2025-10-19,55,10,False,False,average_payer
INV12001900,B012,B012-C1076,Chemicals Client 076,Chemicals & Plastics,45,106527.68,2025-12-14,2026-01-28,closed,2026-02-05,53,8,False,False,average_payer
INV12001901,B012,B012-C1076,Chemicals Client 076,Chemicals & Plastics,45,119866.6,2026-02-19,2026-04-05,closed,2026-04-03,43,-2,False,False,average_payer
INV12001902,B012,B012-C1076,Chemicals Client 076,Chemicals & Plastics,45,243194.45,2026-05-12,2026-06-26,closed,2026-06-27,46,1,False,False,average_payer
INV12001903,B012,B012-C1076,Chemicals Client 076,Chemicals & Plastics,45,128189.46,2026-06-22,2026-08-06,closed,2026-08-22,61,16,False,False,average_payer
INV12001904,B012,B012-C1076,Chemicals Client 076,Chemicals & Plastics,45,81007.77,2026-07-19,2026-09-02,closed,2026-08-27,39,-6,False,False,average_payer
INV12001905,B012,B012-C1076,Chemicals Client 076,Chemicals & Plastics,45,170402.33,2026-08-15,2026-09-29,open,,,,False,False,average_payer
INV12001906,B012,B012-C1077,IT Client 077,IT & Business Services,45,81568.49,2024-05-16,2024-06-30,closed,2024-07-02,47,2,False,False,erratic_payer
INV12001907,B012,B012-C1077,IT Client 077,IT & Business Services,45,103669.43,2024-06-30,2024-08-14,closed,2024-08-19,50,5,False,False,erratic_payer
INV12001908,B012,B012-C1077,IT Client 077,IT & Business Services,45,133083.05,2024-07-13,2024-08-27,closed,2024-09-13,62,17,False,False,erratic_payer
INV12001909,B012,B012-C1077,IT Client 077,IT & Business Services,45,113323.95,2024-08-29,2024-10-13,closed,2024-11-06,69,24,False,False,erratic_payer
INV12001910,B012,B012-C1077,IT Client 077,IT & Business Services,45,152401.44,2025-02-08,2025-03-25,closed,2025-03-31,51,6,False,False,erratic_payer
INV12001911,B012,B012-C1077,IT Client 077,IT & Business Services,45,139373.67,2025-03-02,2025-04-16,closed,2025-05-01,60,15,True,False,erratic_payer
INV12001912,B012,B012-C1077,IT Client 077,IT & Business Services,45,119576.78,2025-04-28,2025-06-12,closed,2025-06-14,47,2,False,False,erratic_payer
INV12001913,B012,B012-C1077,IT Client 077,IT & Business Services,45,171908.49,2025-06-01,2025-07-16,closed,2025-07-26,55,10,False,False,erratic_payer
INV12001914,B012,B012-C1077,IT Client 077,IT & Business Services,45,118262.96,2025-06-02,2025-07-17,closed,2025-07-25,53,8,False,False,erratic_payer
INV12001915,B012,B012-C1077,IT Client 077,IT & Business Services,45,144485.31,2025-06-10,2025-07-25,closed,2025-08-05,56,11,False,False,erratic_payer
INV12001916,B012,B012-C1077,IT Client 077,IT & Business Services,45,194711.25,2025-07-23,2025-09-06,closed,2025-09-20,59,14,False,False,erratic_payer
INV12001917,B012,B012-C1077,IT Client 077,IT & Business Services,45,118903.69,2025-07-30,2025-09-13,closed,2025-08-30,31,-14,False,False,erratic_payer
INV12001918,B012,B012-C1077,IT Client 077,IT & Business Services,45,75485.73,2025-08-19,2025-10-03,closed,2025-10-08,50,5,False,False,erratic_payer
INV12001919,B012,B012-C1077,IT Client 077,IT & Business Services,45,111696.1,2025-09-06,2025-10-21,closed,2025-10-11,35,-10,False,False,erratic_payer
INV12001920,B012,B012-C1077,IT Client 077,IT & Business Services,45,202005.22,2025-09-21,2025-11-05,open,,,,False,False,erratic_payer
INV12001921,B012,B012-C1077,IT Client 077,IT & Business Services,45,98731.01,2025-11-06,2025-12-21,closed,2025-12-23,47,2,False,False,erratic_payer
INV12001922,B012,B012-C1077,IT Client 077,IT & Business Services,45,90220.6,2025-12-16,2026-01-30,closed,2026-01-29,44,-1,False,False,erratic_payer
INV12001923,B012,B012-C1077,IT Client 077,IT & Business Services,45,95236.4,2025-12-28,2026-02-11,closed,2026-02-10,44,-1,False,False,erratic_payer
INV12001924,B012,B012-C1077,IT Client 077,IT & Business Services,45,127067.82,2026-01-15,2026-03-01,closed,2026-03-09,53,8,False,False,erratic_payer
INV12001925,B012,B012-C1077,IT Client 077,IT & Business Services,45,109967.85,2026-01-18,2026-03-04,closed,2026-03-19,60,15,False,False,erratic_payer
INV12001926,B012,B012-C1077,IT Client 077,IT & Business Services,45,193121.82,2026-01-27,2026-03-13,closed,2026-03-10,42,-3,False,False,erratic_payer
INV12001927,B012,B012-C1077,IT Client 077,IT & Business Services,45,172606.18,2026-01-28,2026-03-14,closed,2026-03-17,48,3,False,False,erratic_payer
INV12001928,B012,B012-C1077,IT Client 077,IT & Business Services,45,174591.37,2026-02-07,2026-03-24,closed,2026-04-14,66,21,False,False,erratic_payer
INV12001929,B012,B012-C1077,IT Client 077,IT & Business Services,45,137763.28,2026-02-17,2026-04-03,closed,2026-04-06,48,3,False,False,erratic_payer
INV12001930,B012,B012-C1077,IT Client 077,IT & Business Services,45,60701.01,2026-03-16,2026-04-30,closed,2026-05-03,48,3,False,False,erratic_payer
INV12001931,B012,B012-C1077,IT Client 077,IT & Business Services,45,142954.49,2026-04-12,2026-05-27,closed,2026-06-05,54,9,False,False,erratic_payer
INV12001932,B012,B012-C1077,IT Client 077,IT & Business Services,45,105702.49,2026-06-07,2026-07-22,closed,2026-07-27,50,5,False,False,erratic_payer
INV12001933,B012,B012-C1077,IT Client 077,IT & Business Services,45,686208.16,2026-07-01,2026-08-15,closed,2026-08-24,54,9,False,True,erratic_payer
INV12001934,B012,B012-C1077,IT Client 077,IT & Business Services,45,147961.12,2026-07-04,2026-08-18,open,,,,False,False,erratic_payer
INV12001935,B012,B012-C1077,IT Client 077,IT & Business Services,45,157893.71,2026-07-09,2026-08-23,closed,2026-08-29,51,6,False,False,erratic_payer
INV12001936,B012,B012-C1077,IT Client 077,IT & Business Services,45,108478.1,2026-08-07,2026-09-21,open,,,,False,False,erratic_payer
INV12001937,B012,B012-C1077,IT Client 077,IT & Business Services,45,163126.8,2026-08-19,2026-10-03,open,,,,False,False,erratic_payer
INV12001938,B012,B012-C1078,Retail Client 078,Retail & Distribution,30,20624.46,2024-04-16,2024-05-16,closed,2024-05-07,21,-9,False,False,prompt_payer
INV12001939,B012,B012-C1078,Retail Client 078,Retail & Distribution,30,18733.99,2024-04-25,2024-05-25,closed,2024-05-24,29,-1,False,False,prompt_payer
INV12001940,B012,B012-C1078,Retail Client 078,Retail & Distribution,30,21221.5,2024-06-19,2024-07-19,closed,2024-07-13,24,-6,False,False,prompt_payer
INV12001941,B012,B012-C1078,Retail Client 078,Retail & Distribution,30,6378.7,2024-08-01,2024-08-31,closed,2024-09-01,31,1,False,False,prompt_payer
INV12001942,B012,B012-C1078,Retail Client 078,Retail & Distribution,30,14155.59,2024-08-12,2024-09-11,closed,2024-09-15,34,4,False,False,prompt_payer
INV12001943,B012,B012-C1078,Retail Client 078,Retail & Distribution,30,15203.64,2024-08-16,2024-09-15,closed,2024-09-15,30,0,False,False,prompt_payer
INV12001944,B012,B012-C1078,Retail Client 078,Retail & Distribution,30,17065.09,2024-09-09,2024-10-09,closed,2024-10-11,32,2,False,False,prompt_payer
INV12001945,B012,B012-C1078,Retail Client 078,Retail & Distribution,30,18628.26,2024-09-15,2024-10-15,closed,2024-10-17,32,2,False,False,prompt_payer
INV12001946,B012,B012-C1078,Retail Client 078,Retail & Distribution,30,11042.27,2024-11-16,2024-12-16,disputed_open,,,,False,False,prompt_payer
INV12001947,B012,B012-C1078,Retail Client 078,Retail & Distribution,30,59424.82,2025-01-15,2025-02-14,closed,2025-02-12,28,-2,False,True,prompt_payer
INV12001948,B012,B012-C1078,Retail Client 078,Retail & Distribution,30,12226.77,2025-01-17,2025-02-16,closed,2025-02-16,30,0,False,False,prompt_payer
INV12001949,B012,B012-C1078,Retail Client 078,Retail & Distribution,30,19220.95,2025-03-26,2025-04-25,closed,2025-04-30,35,5,False,False,prompt_payer
INV12001950,B012,B012-C1078,Retail Client 078,Retail & Distribution,30,15486.05,2025-04-14,2025-05-14,closed,2025-05-11,27,-3,False,False,prompt_payer
INV12001951,B012,B012-C1078,Retail Client 078,Retail & Distribution,30,34720.08,2025-05-21,2025-06-20,closed,2025-06-26,36,6,False,False,prompt_payer
INV12001952,B012,B012-C1078,Retail Client 078,Retail & Distribution,30,17698.44,2025-08-20,2025-09-19,closed,2025-09-17,28,-2,False,False,prompt_payer
INV12001953,B012,B012-C1078,Retail Client 078,Retail & Distribution,30,21556.19,2025-11-11,2025-12-11,closed,2025-12-19,38,8,False,False,prompt_payer
INV12001954,B012,B012-C1078,Retail Client 078,Retail & Distribution,30,24495.81,2025-12-29,2026-01-28,closed,2026-02-01,34,4,False,False,prompt_payer
INV12001955,B012,B012-C1078,Retail Client 078,Retail & Distribution,30,21359.3,2026-01-02,2026-02-01,closed,2026-01-29,27,-3,False,False,prompt_payer
INV12001956,B012,B012-C1078,Retail Client 078,Retail & Distribution,30,14653.5,2026-01-16,2026-02-15,closed,2026-02-15,30,0,False,False,prompt_payer
INV12001957,B012,B012-C1078,Retail Client 078,Retail & Distribution,30,14604.47,2026-01-19,2026-02-18,closed,2026-02-25,37,7,False,False,prompt_payer
INV12001958,B012,B012-C1078,Retail Client 078,Retail & Distribution,30,18532.17,2026-01-27,2026-02-26,closed,2026-02-26,30,0,False,False,prompt_payer
INV12001959,B012,B012-C1078,Retail Client 078,Retail & Distribution,30,19512.2,2026-02-27,2026-03-29,closed,2026-04-05,37,7,False,False,prompt_payer
INV12001960,B012,B012-C1078,Retail Client 078,Retail & Distribution,30,15741.69,2026-04-27,2026-05-27,closed,2026-05-28,31,1,False,False,prompt_payer
INV12001961,B012,B012-C1078,Retail Client 078,Retail & Distribution,30,18115.55,2026-05-14,2026-06-13,closed,2026-06-16,33,3,False,False,prompt_payer
INV12001962,B012,B012-C1078,Retail Client 078,Retail & Distribution,30,15170.91,2026-05-31,2026-06-30,closed,2026-06-28,28,-2,False,False,prompt_payer
INV12001963,B012,B012-C1078,Retail Client 078,Retail & Distribution,30,11252.29,2026-06-10,2026-07-10,closed,2026-07-08,28,-2,False,False,prompt_payer
INV12001964,B012,B012-C1078,Retail Client 078,Retail & Distribution,30,14044.28,2026-08-20,2026-09-19,open,,,,False,False,prompt_payer
INV12001965,B012,B012-C1079,Retail Client 079,Retail & Distribution,45,125357.62,2024-07-19,2024-09-02,closed,2024-09-06,49,4,False,False,average_payer
INV12001966,B012,B012-C1079,Retail Client 079,Retail & Distribution,45,107618.59,2025-07-16,2025-08-30,closed,2025-08-31,46,1,False,False,average_payer
INV12001967,B012,B012-C1079,Retail Client 079,Retail & Distribution,45,167398.66,2025-08-03,2025-09-17,closed,2025-09-16,44,-1,False,False,average_payer
INV12001968,B012,B012-C1079,Retail Client 079,Retail & Distribution,45,173737.5,2026-01-21,2026-03-07,closed,2026-03-16,54,9,False,False,average_payer
INV12001969,B012,B012-C1079,Retail Client 079,Retail & Distribution,45,111060.86,2026-07-21,2026-09-04,open,,,,False,False,average_payer
INV12001970,B012,B012-C1080,FMCG Client 080,FMCG & Food Processing,45,101310.87,2024-06-17,2024-08-01,closed,2024-08-01,45,0,False,False,prompt_payer
INV12001971,B012,B012-C1080,FMCG Client 080,FMCG & Food Processing,45,96984.29,2024-07-22,2024-09-05,closed,2024-08-31,40,-5,False,False,prompt_payer
INV12001972,B012,B012-C1080,FMCG Client 080,FMCG & Food Processing,45,100229.31,2024-08-03,2024-09-17,closed,2024-09-15,43,-2,False,False,prompt_payer
INV12001973,B012,B012-C1080,FMCG Client 080,FMCG & Food Processing,45,65815.13,2024-08-09,2024-09-23,closed,2024-09-20,42,-3,False,False,prompt_payer
INV12001974,B012,B012-C1080,FMCG Client 080,FMCG & Food Processing,45,92728.6,2024-08-09,2024-09-23,closed,2024-09-22,44,-1,False,False,prompt_payer
INV12001975,B012,B012-C1080,FMCG Client 080,FMCG & Food Processing,45,81979.33,2024-08-26,2024-10-10,closed,2024-10-12,47,2,False,False,prompt_payer
INV12001976,B012,B012-C1080,FMCG Client 080,FMCG & Food Processing,45,137449.91,2024-09-20,2024-11-04,closed,2024-11-07,48,3,False,False,prompt_payer
INV12001977,B012,B012-C1080,FMCG Client 080,FMCG & Food Processing,45,139220.13,2025-01-24,2025-03-10,closed,2025-03-09,44,-1,False,False,prompt_payer
INV12001978,B012,B012-C1080,FMCG Client 080,FMCG & Food Processing,45,120636.3,2025-03-12,2025-04-26,closed,2025-04-23,42,-3,False,False,prompt_payer
INV12001979,B012,B012-C1080,FMCG Client 080,FMCG & Food Processing,45,161406.86,2025-04-08,2025-05-23,closed,2025-05-27,49,4,False,False,prompt_payer
INV12001980,B012,B012-C1080,FMCG Client 080,FMCG & Food Processing,45,93616.6,2025-06-15,2025-07-30,closed,2025-08-01,47,2,False,False,prompt_payer
INV12001981,B012,B012-C1080,FMCG Client 080,FMCG & Food Processing,45,121366.49,2025-07-22,2025-09-05,closed,2025-09-02,42,-3,False,False,prompt_payer
INV12001982,B012,B012-C1080,FMCG Client 080,FMCG & Food Processing,45,150377.58,2025-08-17,2025-10-01,closed,2025-10-01,45,0,False,False,prompt_payer
INV12001983,B012,B012-C1080,FMCG Client 080,FMCG & Food Processing,45,183157.93,2025-09-17,2025-11-01,closed,2025-11-06,50,5,False,False,prompt_payer
INV12001984,B012,B012-C1080,FMCG Client 080,FMCG & Food Processing,45,115184.51,2026-02-28,2026-04-14,closed,2026-04-14,45,0,False,False,prompt_payer
INV12001985,B012,B012-C1080,FMCG Client 080,FMCG & Food Processing,45,168245.01,2026-06-23,2026-08-07,closed,2026-08-06,44,-1,False,False,prompt_payer
INV12001986,B012,B012-C1080,FMCG Client 080,FMCG & Food Processing,45,124317.88,2026-07-11,2026-08-25,closed,2026-08-25,45,0,False,False,prompt_payer
INV12001987,B012,B012-C1080,FMCG Client 080,FMCG & Food Processing,45,243266.46,2026-08-28,2026-10-12,open,,,,False,False,prompt_payer
INV12001988,B012,B012-C1081,Textiles Client 081,Textiles & Apparel,45,51169.36,2024-04-10,2024-05-25,closed,2024-06-04,55,10,False,False,average_payer
INV12001989,B012,B012-C1081,Textiles Client 081,Textiles & Apparel,45,117183.65,2024-09-03,2024-10-18,closed,2024-10-23,50,5,False,False,average_payer
INV12001990,B012,B012-C1081,Textiles Client 081,Textiles & Apparel,45,113620.51,2024-09-23,2024-11-07,closed,2024-11-22,60,15,False,False,average_payer
INV12001991,B012,B012-C1081,Textiles Client 081,Textiles & Apparel,45,83906.4,2024-12-22,2025-02-05,closed,2025-02-16,56,11,False,False,average_payer
INV12001992,B012,B012-C1081,Textiles Client 081,Textiles & Apparel,45,138427.9,2025-08-29,2025-10-13,closed,2025-10-23,55,10,False,False,average_payer
INV12001993,B012,B012-C1081,Textiles Client 081,Textiles & Apparel,45,103668.86,2025-09-19,2025-11-03,open,,,,False,False,average_payer
INV12001994,B012,B012-C1081,Textiles Client 081,Textiles & Apparel,45,115398.72,2025-10-02,2025-11-16,closed,2025-12-03,62,17,False,False,average_payer
INV12001995,B012,B012-C1081,Textiles Client 081,Textiles & Apparel,45,246839.39,2025-10-31,2025-12-15,closed,2025-12-17,47,2,False,True,average_payer
INV12001996,B012,B012-C1081,Textiles Client 081,Textiles & Apparel,45,98186.83,2026-07-29,2026-09-12,disputed_open,,,,False,False,average_payer
INV12001997,B012,B012-C1082,Textiles Client 082,Textiles & Apparel,45,34442.89,2024-09-11,2024-10-26,closed,2024-10-20,39,-6,False,False,prompt_payer
INV12001998,B012,B012-C1082,Textiles Client 082,Textiles & Apparel,45,43221.08,2025-06-29,2025-08-13,closed,2025-08-11,43,-2,False,False,prompt_payer
INV12001999,B012,B012-C1082,Textiles Client 082,Textiles & Apparel,45,35979.07,2026-04-21,2026-06-05,closed,2026-06-09,49,4,False,False,prompt_payer
INV12002000,B012,B012-C1082,Textiles Client 082,Textiles & Apparel,45,47461.68,2026-06-07,2026-07-22,closed,2026-07-25,48,3,False,False,prompt_payer
INV12002001,B012,B012-C1082,Textiles Client 082,Textiles & Apparel,45,116964.04,2026-08-17,2026-10-01,open,,,,False,False,prompt_payer
INV12002002,B012,B012-C1083,FMCG Client 083,FMCG & Food Processing,30,99469.0,2024-04-23,2024-05-23,closed,2024-05-30,37,7,False,False,average_payer
INV12002003,B012,B012-C1083,FMCG Client 083,FMCG & Food Processing,30,90905.98,2024-05-07,2024-06-06,closed,2024-06-09,33,3,False,False,average_payer
INV12002004,B012,B012-C1083,FMCG Client 083,FMCG & Food Processing,30,76716.69,2024-07-04,2024-08-03,closed,2024-07-24,20,-10,False,False,average_payer
INV12002005,B012,B012-C1083,FMCG Client 083,FMCG & Food Processing,30,115438.42,2024-08-27,2024-09-26,closed,2024-10-02,36,6,False,False,average_payer
INV12002006,B012,B012-C1083,FMCG Client 083,FMCG & Food Processing,30,75539.22,2024-09-12,2024-10-12,closed,2024-10-12,30,0,False,False,average_payer
INV12002007,B012,B012-C1083,FMCG Client 083,FMCG & Food Processing,30,47963.31,2024-09-18,2024-10-18,closed,2024-10-27,39,9,False,False,average_payer
INV12002008,B012,B012-C1083,FMCG Client 083,FMCG & Food Processing,30,96953.63,2024-09-19,2024-10-19,closed,2024-10-28,39,9,False,False,average_payer
INV12002009,B012,B012-C1083,FMCG Client 083,FMCG & Food Processing,30,49552.66,2024-10-28,2024-11-27,closed,2024-11-29,32,2,False,False,average_payer
INV12002010,B012,B012-C1083,FMCG Client 083,FMCG & Food Processing,30,99549.09,2024-10-30,2024-11-29,closed,2024-12-11,42,12,True,False,average_payer
INV12002011,B012,B012-C1083,FMCG Client 083,FMCG & Food Processing,30,48711.2,2024-11-06,2024-12-06,closed,2024-12-21,45,15,False,False,average_payer
INV12002012,B012,B012-C1083,FMCG Client 083,FMCG & Food Processing,30,39180.81,2024-12-13,2025-01-12,closed,2025-01-14,32,2,False,False,average_payer
INV12002013,B012,B012-C1083,FMCG Client 083,FMCG & Food Processing,30,54139.66,2025-01-06,2025-02-05,closed,2025-02-08,33,3,False,False,average_payer
INV12002014,B012,B012-C1083,FMCG Client 083,FMCG & Food Processing,30,77855.56,2025-01-09,2025-02-08,closed,2025-02-10,32,2,False,False,average_payer
INV12002015,B012,B012-C1083,FMCG Client 083,FMCG & Food Processing,30,67647.06,2025-01-13,2025-02-12,closed,2025-02-14,32,2,False,False,average_payer
INV12002016,B012,B012-C1083,FMCG Client 083,FMCG & Food Processing,30,50505.73,2025-02-17,2025-03-19,closed,2025-03-25,36,6,False,False,average_payer
INV12002017,B012,B012-C1083,FMCG Client 083,FMCG & Food Processing,30,48919.08,2025-02-25,2025-03-27,closed,2025-03-29,32,2,False,False,average_payer
INV12002018,B012,B012-C1083,FMCG Client 083,FMCG & Food Processing,30,103590.58,2025-03-08,2025-04-07,closed,2025-04-14,37,7,False,False,average_payer
INV12002019,B012,B012-C1083,FMCG Client 083,FMCG & Food Processing,30,108508.15,2025-03-27,2025-04-26,closed,2025-04-30,34,4,False,False,average_payer
INV12002020,B012,B012-C1083,FMCG Client 083,FMCG & Food Processing,30,125315.57,2025-04-13,2025-05-13,closed,2025-05-28,45,15,False,False,average_payer
INV12002021,B012,B012-C1083,FMCG Client 083,FMCG & Food Processing,30,141188.21,2025-04-22,2025-05-22,closed,2025-05-30,38,8,False,False,average_payer
INV12002022,B012,B012-C1083,FMCG Client 083,FMCG & Food Processing,30,466046.36,2025-05-17,2025-06-16,closed,2025-06-21,35,5,False,True,average_payer
INV12002023,B012,B012-C1083,FMCG Client 083,FMCG & Food Processing,30,135911.83,2025-05-20,2025-06-19,closed,2025-06-17,28,-2,False,False,average_payer
INV12002024,B012,B012-C1083,FMCG Client 083,FMCG & Food Processing,30,59694.71,2025-05-29,2025-06-28,closed,2025-06-30,32,2,False,False,average_payer
INV12002025,B012,B012-C1083,FMCG Client 083,FMCG & Food Processing,30,73436.17,2025-05-31,2025-06-30,closed,2025-07-10,40,10,False,False,average_payer
INV12002026,B012,B012-C1083,FMCG Client 083,FMCG & Food Processing,30,45906.16,2025-09-02,2025-10-02,closed,2025-10-11,39,9,False,False,average_payer
INV12002027,B012,B012-C1083,FMCG Client 083,FMCG & Food Processing,30,65625.35,2025-09-12,2025-10-12,closed,2025-10-11,29,-1,False,False,average_payer
INV12002028,B012,B012-C1083,FMCG Client 083,FMCG & Food Processing,30,110635.21,2025-09-13,2025-10-13,closed,2025-10-13,30,0,False,False,average_payer
INV12002029,B012,B012-C1083,FMCG Client 083,FMCG & Food Processing,30,125048.39,2025-10-06,2025-11-05,closed,2025-11-05,30,0,False,False,average_payer
INV12002030,B012,B012-C1083,FMCG Client 083,FMCG & Food Processing,30,71367.44,2025-10-22,2025-11-21,closed,2025-11-26,35,5,False,False,average_payer
INV12002031,B012,B012-C1083,FMCG Client 083,FMCG & Food Processing,30,77216.46,2025-10-23,2025-11-22,closed,2025-12-05,43,13,False,False,average_payer
INV12002032,B012,B012-C1083,FMCG Client 083,FMCG & Food Processing,30,63910.97,2025-11-01,2025-12-01,closed,2025-12-09,38,8,False,False,average_payer
INV12002033,B012,B012-C1083,FMCG Client 083,FMCG & Food Processing,30,76222.38,2025-12-17,2026-01-16,closed,2026-01-18,32,2,False,False,average_payer
INV12002034,B012,B012-C1083,FMCG Client 083,FMCG & Food Processing,30,55870.58,2025-12-24,2026-01-23,closed,2026-01-29,36,6,False,False,average_payer
INV12002035,B012,B012-C1083,FMCG Client 083,FMCG & Food Processing,30,106164.61,2026-01-01,2026-01-31,closed,2026-02-07,37,7,False,False,average_payer
INV12002036,B012,B012-C1083,FMCG Client 083,FMCG & Food Processing,30,85372.21,2026-01-31,2026-03-02,closed,2026-03-13,41,11,False,False,average_payer
INV12002037,B012,B012-C1083,FMCG Client 083,FMCG & Food Processing,30,275844.8,2026-02-19,2026-03-21,closed,2026-03-13,22,-8,False,True,average_payer
INV12002038,B012,B012-C1083,FMCG Client 083,FMCG & Food Processing,30,105503.65,2026-03-05,2026-04-04,closed,2026-04-19,45,15,False,False,average_payer
INV12002039,B012,B012-C1083,FMCG Client 083,FMCG & Food Processing,30,109557.36,2026-05-04,2026-06-03,closed,2026-06-17,44,14,False,False,average_payer
INV12002040,B012,B012-C1083,FMCG Client 083,FMCG & Food Processing,30,98793.53,2026-06-26,2026-07-26,closed,2026-07-25,29,-1,False,False,average_payer
INV12002041,B012,B012-C1083,FMCG Client 083,FMCG & Food Processing,30,117272.26,2026-07-17,2026-08-16,closed,2026-08-20,34,4,False,False,average_payer
INV12002042,B012,B012-C1083,FMCG Client 083,FMCG & Food Processing,30,140219.55,2026-08-10,2026-09-09,open,,,,False,False,average_payer
INV12002043,B012,B012-C1083,FMCG Client 083,FMCG & Food Processing,30,56072.24,2026-08-10,2026-09-09,open,,,,False,False,average_payer
INV12002044,B012,B012-C1083,FMCG Client 083,FMCG & Food Processing,30,69031.19,2026-08-23,2026-09-22,open,,,,False,False,average_payer
INV12002045,B012,B012-C1083,FMCG Client 083,FMCG & Food Processing,30,96212.24,2026-08-27,2026-09-26,open,,,,False,False,average_payer
INV12002046,B012,B012-C1084,IT Client 084,IT & Business Services,90,130007.75,2024-03-25,2024-06-23,closed,2024-07-31,128,38,False,True,chronic_late_payer
INV12002047,B012,B012-C1084,IT Client 084,IT & Business Services,90,23094.9,2024-04-17,2024-07-16,closed,2024-08-30,135,45,False,False,chronic_late_payer
INV12002048,B012,B012-C1084,IT Client 084,IT & Business Services,90,35589.8,2024-04-20,2024-07-19,closed,2024-08-02,104,14,False,False,chronic_late_payer
INV12002049,B012,B012-C1084,IT Client 084,IT & Business Services,90,32758.62,2024-05-14,2024-08-12,closed,2024-10-04,143,53,False,False,chronic_late_payer
INV12002050,B012,B012-C1084,IT Client 084,IT & Business Services,90,24896.71,2024-05-22,2024-08-20,closed,2024-09-18,119,29,False,False,chronic_late_payer
INV12002051,B012,B012-C1084,IT Client 084,IT & Business Services,90,25149.71,2024-06-14,2024-09-12,closed,2024-09-28,106,16,False,False,chronic_late_payer
INV12002052,B012,B012-C1084,IT Client 084,IT & Business Services,90,24082.23,2024-07-10,2024-10-08,closed,2024-11-14,127,37,False,False,chronic_late_payer
INV12002053,B012,B012-C1084,IT Client 084,IT & Business Services,90,28924.77,2024-07-15,2024-10-13,closed,2024-11-05,113,23,False,False,chronic_late_payer
INV12002054,B012,B012-C1084,IT Client 084,IT & Business Services,90,26582.62,2024-08-01,2024-10-30,closed,2024-11-23,114,24,False,False,chronic_late_payer
INV12002055,B012,B012-C1084,IT Client 084,IT & Business Services,90,22842.46,2024-08-02,2024-10-31,closed,2024-12-17,137,47,False,False,chronic_late_payer
INV12002056,B012,B012-C1084,IT Client 084,IT & Business Services,90,26010.47,2024-08-12,2024-11-10,closed,2024-12-28,138,48,False,False,chronic_late_payer
INV12002057,B012,B012-C1084,IT Client 084,IT & Business Services,90,30065.65,2024-08-20,2024-11-18,closed,2024-12-24,126,36,False,False,chronic_late_payer
INV12002058,B012,B012-C1084,IT Client 084,IT & Business Services,90,82739.46,2024-09-04,2024-12-03,closed,2025-01-10,128,38,False,True,chronic_late_payer
INV12002059,B012,B012-C1084,IT Client 084,IT & Business Services,90,19445.54,2024-09-25,2024-12-24,closed,2025-01-11,108,18,False,False,chronic_late_payer
INV12002060,B012,B012-C1084,IT Client 084,IT & Business Services,90,20443.56,2024-10-05,2025-01-03,closed,2025-02-09,127,37,True,False,chronic_late_payer
INV12002061,B012,B012-C1084,IT Client 084,IT & Business Services,90,37192.22,2024-10-06,2025-01-04,closed,2025-02-01,118,28,False,False,chronic_late_payer
INV12002062,B012,B012-C1084,IT Client 084,IT & Business Services,90,18205.71,2024-10-07,2025-01-05,closed,2025-02-25,141,51,True,False,chronic_late_payer
INV12002063,B012,B012-C1084,IT Client 084,IT & Business Services,90,15497.18,2024-10-24,2025-01-22,closed,2025-02-22,121,31,False,False,chronic_late_payer
INV12002064,B012,B012-C1084,IT Client 084,IT & Business Services,90,28976.69,2024-10-26,2025-01-24,open,,,,False,False,chronic_late_payer
INV12002065,B012,B012-C1084,IT Client 084,IT & Business Services,90,33640.75,2024-10-31,2025-01-29,closed,2025-02-24,116,26,False,False,chronic_late_payer
INV12002066,B012,B012-C1084,IT Client 084,IT & Business Services,90,30488.33,2024-11-12,2025-02-10,closed,2025-03-14,122,32,True,False,chronic_late_payer
INV12002067,B012,B012-C1084,IT Client 084,IT & Business Services,90,25304.81,2024-11-17,2025-02-15,closed,2025-03-29,132,42,False,False,chronic_late_payer
INV12002068,B012,B012-C1084,IT Client 084,IT & Business Services,90,17862.01,2024-11-25,2025-02-23,closed,2025-03-27,122,32,False,False,chronic_late_payer
INV12002069,B012,B012-C1084,IT Client 084,IT & Business Services,90,23610.91,2025-02-22,2025-05-23,closed,2025-06-19,117,27,False,False,chronic_late_payer
INV12002070,B012,B012-C1084,IT Client 084,IT & Business Services,90,32115.51,2025-03-24,2025-06-22,closed,2025-08-06,135,45,False,False,chronic_late_payer
INV12002071,B012,B012-C1084,IT Client 084,IT & Business Services,90,28951.76,2025-08-01,2025-10-30,closed,2025-12-25,146,56,False,False,chronic_late_payer
INV12002072,B012,B012-C1084,IT Client 084,IT & Business Services,90,19981.14,2025-09-11,2025-12-10,closed,2026-01-23,134,44,False,False,chronic_late_payer
INV12002073,B012,B012-C1084,IT Client 084,IT & Business Services,90,28950.35,2026-01-05,2026-04-05,closed,2026-05-25,140,50,False,False,chronic_late_payer
INV12002074,B012,B012-C1084,IT Client 084,IT & Business Services,90,25970.15,2026-02-01,2026-05-02,closed,2026-06-04,123,33,False,False,chronic_late_payer
INV12002075,B012,B012-C1084,IT Client 084,IT & Business Services,90,35076.52,2026-02-19,2026-05-20,closed,2026-07-05,136,46,False,False,chronic_late_payer
INV12002076,B012,B012-C1084,IT Client 084,IT & Business Services,90,16596.24,2026-02-24,2026-05-25,closed,2026-06-25,121,31,False,False,chronic_late_payer
INV12002077,B012,B012-C1084,IT Client 084,IT & Business Services,90,21082.36,2026-03-04,2026-06-02,disputed_open,,,,False,False,chronic_late_payer
INV12002078,B012,B012-C1084,IT Client 084,IT & Business Services,90,18816.01,2026-03-16,2026-06-14,closed,2026-07-24,130,40,False,False,chronic_late_payer
INV12002079,B012,B012-C1084,IT Client 084,IT & Business Services,90,25182.35,2026-03-29,2026-06-27,closed,2026-08-18,142,52,False,False,chronic_late_payer
INV12002080,B012,B012-C1084,IT Client 084,IT & Business Services,90,20410.4,2026-04-10,2026-07-09,closed,2026-08-12,124,34,False,False,chronic_late_payer
INV12002081,B012,B012-C1084,IT Client 084,IT & Business Services,90,24434.92,2026-06-01,2026-08-30,disputed_open,,,,False,False,chronic_late_payer
INV12002082,B012,B012-C1084,IT Client 084,IT & Business Services,90,29686.02,2026-06-14,2026-09-12,open,,,,False,False,chronic_late_payer
INV12002083,B012,B012-C1084,IT Client 084,IT & Business Services,90,24490.89,2026-06-18,2026-09-16,open,,,,False,False,chronic_late_payer
INV12002084,B012,B012-C1084,IT Client 084,IT & Business Services,90,38144.52,2026-07-22,2026-10-20,open,,,,False,False,chronic_late_payer
INV12002085,B012,B012-C1084,IT Client 084,IT & Business Services,90,29967.73,2026-08-12,2026-11-10,open,,,,False,False,chronic_late_payer
INV12002086,B012,B012-C1084,IT Client 084,IT & Business Services,90,19182.46,2026-08-22,2026-11-20,open,,,,False,False,chronic_late_payer
INV12002087,B012,B012-C1085,FMCG Client 085,FMCG & Food Processing,30,104002.33,2024-08-22,2024-09-21,closed,2024-09-24,33,3,False,False,average_payer
INV12002088,B012,B012-C1085,FMCG Client 085,FMCG & Food Processing,30,49162.3,2024-10-31,2024-11-30,closed,2024-12-10,40,10,False,False,average_payer
INV12002089,B012,B012-C1085,FMCG Client 085,FMCG & Food Processing,30,379304.07,2024-11-18,2024-12-18,closed,2024-12-23,35,5,False,True,average_payer
INV12002090,B012,B012-C1085,FMCG Client 085,FMCG & Food Processing,30,90772.59,2024-11-23,2024-12-23,closed,2024-12-23,30,0,False,False,average_payer
INV12002091,B012,B012-C1085,FMCG Client 085,FMCG & Food Processing,30,51146.95,2026-03-07,2026-04-06,closed,2026-04-12,36,6,False,False,average_payer
INV12002092,B012,B012-C1086,IT Client 086,IT & Business Services,45,150788.8,2025-03-18,2025-05-02,closed,2025-05-10,53,8,False,False,seasonal_payer
INV12002093,B012,B012-C1086,IT Client 086,IT & Business Services,45,138334.32,2025-08-15,2025-09-29,closed,2025-10-03,49,4,False,False,seasonal_payer
INV12002094,B012,B012-C1086,IT Client 086,IT & Business Services,45,144014.06,2025-12-22,2026-02-05,closed,2026-02-18,58,13,False,False,seasonal_payer
INV12002095,B012,B012-C1086,IT Client 086,IT & Business Services,45,174681.81,2026-04-18,2026-06-02,closed,2026-06-11,54,9,False,False,seasonal_payer
INV12002096,B012,B012-C1086,IT Client 086,IT & Business Services,45,143531.81,2026-07-28,2026-09-11,open,,,,False,False,seasonal_payer
INV12002097,B012,B012-C1087,FMCG Client 087,FMCG & Food Processing,30,69504.88,2024-05-05,2024-06-04,closed,2024-06-25,51,21,False,False,erratic_payer
INV12002098,B012,B012-C1087,FMCG Client 087,FMCG & Food Processing,30,150512.22,2024-06-05,2024-07-05,closed,2024-07-02,27,-3,False,False,erratic_payer
INV12002099,B012,B012-C1087,FMCG Client 087,FMCG & Food Processing,30,48442.87,2024-06-28,2024-07-28,closed,2024-07-26,28,-2,False,False,erratic_payer
INV12002100,B012,B012-C1087,FMCG Client 087,FMCG & Food Processing,30,86545.14,2024-07-18,2024-08-17,closed,2024-10-01,75,45,False,False,erratic_payer
INV12002101,B012,B012-C1087,FMCG Client 087,FMCG & Food Processing,30,98217.92,2024-08-19,2024-09-18,closed,2024-09-25,37,7,False,False,erratic_payer
INV12002102,B012,B012-C1087,FMCG Client 087,FMCG & Food Processing,30,40816.35,2024-08-30,2024-09-29,closed,2024-10-15,46,16,False,False,erratic_payer
INV12002103,B012,B012-C1087,FMCG Client 087,FMCG & Food Processing,30,154981.49,2024-09-04,2024-10-04,closed,2024-10-15,41,11,False,False,erratic_payer
INV12002104,B012,B012-C1087,FMCG Client 087,FMCG & Food Processing,30,63212.79,2024-09-09,2024-10-09,closed,2024-10-27,48,18,False,False,erratic_payer
INV12002105,B012,B012-C1087,FMCG Client 087,FMCG & Food Processing,30,110717.92,2024-10-09,2024-11-08,closed,2024-11-17,39,9,False,False,erratic_payer
INV12002106,B012,B012-C1087,FMCG Client 087,FMCG & Food Processing,30,102680.44,2024-10-31,2024-11-30,closed,2024-12-06,36,6,False,False,erratic_payer
INV12002107,B012,B012-C1087,FMCG Client 087,FMCG & Food Processing,30,67653.01,2024-11-02,2024-12-02,closed,2024-12-14,42,12,False,False,erratic_payer
INV12002108,B012,B012-C1087,FMCG Client 087,FMCG & Food Processing,30,43273.28,2024-12-25,2025-01-24,open,,,,False,False,erratic_payer
INV12002109,B012,B012-C1087,FMCG Client 087,FMCG & Food Processing,30,105961.76,2025-04-01,2025-05-01,disputed_open,,,,False,False,erratic_payer
INV12002110,B012,B012-C1087,FMCG Client 087,FMCG & Food Processing,30,286949.59,2025-06-03,2025-07-03,closed,2025-06-23,20,-10,False,True,erratic_payer
INV12002111,B012,B012-C1087,FMCG Client 087,FMCG & Food Processing,30,74633.32,2025-08-11,2025-09-10,closed,2025-09-02,22,-8,False,False,erratic_payer
INV12002112,B012,B012-C1087,FMCG Client 087,FMCG & Food Processing,30,49070.15,2025-10-07,2025-11-06,closed,2025-11-11,35,5,False,False,erratic_payer
INV12002113,B012,B012-C1087,FMCG Client 087,FMCG & Food Processing,30,65435.04,2025-11-03,2025-12-03,closed,2025-12-09,36,6,False,False,erratic_payer
INV12002114,B012,B012-C1087,FMCG Client 087,FMCG & Food Processing,30,97682.1,2025-11-17,2025-12-17,closed,2025-12-10,23,-7,False,False,erratic_payer
INV12002115,B012,B012-C1087,FMCG Client 087,FMCG & Food Processing,30,68491.66,2025-12-02,2026-01-01,closed,2026-01-15,44,14,False,False,erratic_payer
INV12002116,B012,B012-C1087,FMCG Client 087,FMCG & Food Processing,30,61966.45,2025-12-07,2026-01-06,closed,2026-01-22,46,16,False,False,erratic_payer
INV12002117,B012,B012-C1087,FMCG Client 087,FMCG & Food Processing,30,92325.96,2025-12-18,2026-01-17,closed,2026-01-23,36,6,False,False,erratic_payer
INV12002118,B012,B012-C1087,FMCG Client 087,FMCG & Food Processing,30,84537.11,2026-01-30,2026-03-01,closed,2026-03-21,50,20,False,False,erratic_payer
INV12002119,B012,B012-C1087,FMCG Client 087,FMCG & Food Processing,30,82656.0,2026-04-13,2026-05-13,closed,2026-05-11,28,-2,False,False,erratic_payer
INV12002120,B012,B012-C1087,FMCG Client 087,FMCG & Food Processing,30,87504.49,2026-04-15,2026-05-15,closed,2026-05-27,42,12,False,False,erratic_payer
INV12002121,B012,B012-C1087,FMCG Client 087,FMCG & Food Processing,30,102742.74,2026-07-31,2026-08-30,open,,,,False,False,erratic_payer
INV12002122,B012,B012-C1087,FMCG Client 087,FMCG & Food Processing,30,168682.26,2026-08-14,2026-09-13,disputed_open,,,,False,False,erratic_payer
INV12002123,B012,B012-C1088,FMCG Client 088,FMCG & Food Processing,60,82028.83,2024-05-27,2024-07-26,closed,2024-07-25,59,-1,False,False,prompt_payer
INV12002124,B012,B012-C1088,FMCG Client 088,FMCG & Food Processing,60,151150.62,2024-11-01,2024-12-31,closed,2025-01-03,63,3,False,False,prompt_payer
INV12002125,B012,B012-C1088,FMCG Client 088,FMCG & Food Processing,60,73269.69,2024-12-11,2025-02-09,closed,2025-02-01,52,-8,False,False,prompt_payer
INV12002126,B012,B012-C1088,FMCG Client 088,FMCG & Food Processing,60,96128.89,2024-12-31,2025-03-01,closed,2025-02-28,59,-1,False,False,prompt_payer
INV12002127,B012,B012-C1088,FMCG Client 088,FMCG & Food Processing,60,86725.64,2025-04-27,2025-06-26,closed,2025-06-29,63,3,False,False,prompt_payer
INV12002128,B012,B012-C1088,FMCG Client 088,FMCG & Food Processing,60,81398.11,2025-10-09,2025-12-08,closed,2025-12-13,65,5,False,False,prompt_payer
INV12002129,B012,B012-C1088,FMCG Client 088,FMCG & Food Processing,60,129106.76,2025-11-05,2026-01-04,closed,2026-01-08,64,4,False,False,prompt_payer
INV12002130,B012,B012-C1088,FMCG Client 088,FMCG & Food Processing,60,156295.48,2025-11-22,2026-01-21,closed,2026-01-27,66,6,False,False,prompt_payer
INV12002131,B012,B012-C1088,FMCG Client 088,FMCG & Food Processing,60,103980.5,2026-06-12,2026-08-11,closed,2026-08-15,64,4,False,False,prompt_payer
INV12002132,B012,B012-C1088,FMCG Client 088,FMCG & Food Processing,60,62773.36,2026-08-10,2026-10-09,open,,,,False,False,prompt_payer
INV12002133,B012,B012-C1088,FMCG Client 088,FMCG & Food Processing,60,68062.49,2026-08-26,2026-10-25,open,,,,False,False,prompt_payer
INV12002134,B012,B012-C1089,Pharma Client 089,Pharma & Healthcare,45,193595.04,2024-09-20,2024-11-04,closed,2024-11-10,51,6,False,False,prompt_payer
INV12002135,B012,B012-C1089,Pharma Client 089,Pharma & Healthcare,45,56796.67,2024-09-27,2024-11-11,closed,2024-11-12,46,1,False,False,prompt_payer
INV12002136,B012,B012-C1089,Pharma Client 089,Pharma & Healthcare,45,112771.19,2024-10-15,2024-11-29,closed,2024-11-27,43,-2,True,False,prompt_payer
INV12002137,B012,B012-C1089,Pharma Client 089,Pharma & Healthcare,45,81953.65,2024-10-17,2024-12-01,closed,2024-12-09,53,8,False,False,prompt_payer
INV12002138,B012,B012-C1089,Pharma Client 089,Pharma & Healthcare,45,68711.84,2024-11-01,2024-12-16,closed,2024-12-13,42,-3,False,False,prompt_payer
INV12002139,B012,B012-C1089,Pharma Client 089,Pharma & Healthcare,45,117050.66,2024-11-11,2024-12-26,closed,2024-12-25,44,-1,False,False,prompt_payer
INV12002140,B012,B012-C1089,Pharma Client 089,Pharma & Healthcare,45,336082.88,2024-11-14,2024-12-29,closed,2025-01-06,53,8,False,True,prompt_payer
INV12002141,B012,B012-C1089,Pharma Client 089,Pharma & Healthcare,45,83430.59,2025-02-05,2025-03-22,closed,2025-03-24,47,2,False,False,prompt_payer
INV12002142,B012,B012-C1089,Pharma Client 089,Pharma & Healthcare,45,115557.46,2025-02-18,2025-04-04,closed,2025-04-07,48,3,False,False,prompt_payer
INV12002143,B012,B012-C1089,Pharma Client 089,Pharma & Healthcare,45,98155.41,2025-05-10,2025-06-24,closed,2025-06-20,41,-4,False,False,prompt_payer
INV12002144,B012,B012-C1089,Pharma Client 089,Pharma & Healthcare,45,297553.58,2025-06-12,2025-07-27,closed,2025-07-27,45,0,False,True,prompt_payer
INV12002145,B012,B012-C1089,Pharma Client 089,Pharma & Healthcare,45,108871.03,2025-07-13,2025-08-27,closed,2025-08-24,42,-3,False,False,prompt_payer
INV12002146,B012,B012-C1089,Pharma Client 089,Pharma & Healthcare,45,115317.49,2025-07-28,2025-09-11,closed,2025-09-19,53,8,False,False,prompt_payer
INV12002147,B012,B012-C1089,Pharma Client 089,Pharma & Healthcare,45,112968.87,2025-08-22,2025-10-06,closed,2025-10-09,48,3,False,False,prompt_payer
INV12002148,B012,B012-C1089,Pharma Client 089,Pharma & Healthcare,45,79939.22,2025-09-22,2025-11-06,closed,2025-11-07,46,1,False,False,prompt_payer
INV12002149,B012,B012-C1089,Pharma Client 089,Pharma & Healthcare,45,302041.43,2025-09-26,2025-11-10,closed,2025-11-14,49,4,False,True,prompt_payer
INV12002150,B012,B012-C1089,Pharma Client 089,Pharma & Healthcare,45,191949.71,2025-10-04,2025-11-18,closed,2025-11-18,45,0,False,False,prompt_payer
INV12002151,B012,B012-C1089,Pharma Client 089,Pharma & Healthcare,45,166695.83,2026-01-21,2026-03-07,closed,2026-03-07,45,0,False,False,prompt_payer
INV12002152,B012,B012-C1089,Pharma Client 089,Pharma & Healthcare,45,75139.16,2026-02-09,2026-03-26,closed,2026-03-25,44,-1,False,False,prompt_payer
INV12002153,B012,B012-C1089,Pharma Client 089,Pharma & Healthcare,45,99280.71,2026-02-27,2026-04-13,closed,2026-04-13,45,0,True,False,prompt_payer
INV12002154,B012,B012-C1089,Pharma Client 089,Pharma & Healthcare,45,505281.87,2026-03-14,2026-04-28,closed,2026-04-28,45,0,False,True,prompt_payer
INV12002155,B012,B012-C1089,Pharma Client 089,Pharma & Healthcare,45,114321.29,2026-04-11,2026-05-26,closed,2026-05-28,47,2,False,False,prompt_payer
INV12002156,B012,B012-C1089,Pharma Client 089,Pharma & Healthcare,45,810515.03,2026-05-17,2026-07-01,closed,2026-07-01,45,0,True,True,prompt_payer
INV12002157,B012,B012-C1089,Pharma Client 089,Pharma & Healthcare,45,111214.97,2026-05-23,2026-07-07,closed,2026-07-03,41,-4,False,False,prompt_payer
INV12002158,B012,B012-C1089,Pharma Client 089,Pharma & Healthcare,45,122128.04,2026-06-14,2026-07-29,closed,2026-07-27,43,-2,False,False,prompt_payer
INV12002159,B012,B012-C1089,Pharma Client 089,Pharma & Healthcare,45,91302.84,2026-07-28,2026-09-11,open,,,,False,False,prompt_payer
INV12002160,B012,B012-C1089,Pharma Client 089,Pharma & Healthcare,45,192862.88,2026-07-29,2026-09-12,disputed_open,,,,False,False,prompt_payer
INV12002161,B012,B012-C1089,Pharma Client 089,Pharma & Healthcare,45,111614.6,2026-09-01,2026-10-16,open,,,,False,False,prompt_payer
INV12002162,B012,B012-C1090,FMCG Client 090,FMCG & Food Processing,30,77475.1,2024-03-22,2024-04-21,closed,2024-05-01,40,10,False,True,erratic_payer
INV12002163,B012,B012-C1090,FMCG Client 090,FMCG & Food Processing,30,30783.16,2024-04-02,2024-05-02,closed,2024-04-28,26,-4,False,False,erratic_payer
INV12002164,B012,B012-C1090,FMCG Client 090,FMCG & Food Processing,30,52728.57,2024-04-25,2024-05-25,open,,,,False,False,erratic_payer
INV12002165,B012,B012-C1090,FMCG Client 090,FMCG & Food Processing,30,27565.87,2024-05-02,2024-06-01,closed,2024-06-02,31,1,False,False,erratic_payer
INV12002166,B012,B012-C1090,FMCG Client 090,FMCG & Food Processing,30,37068.68,2024-06-23,2024-07-23,closed,2024-08-01,39,9,False,False,erratic_payer
INV12002167,B012,B012-C1090,FMCG Client 090,FMCG & Food Processing,30,48529.21,2024-07-13,2024-08-12,closed,2024-08-28,46,16,False,False,erratic_payer
INV12002168,B012,B012-C1090,FMCG Client 090,FMCG & Food Processing,30,59547.35,2024-07-14,2024-08-13,closed,2024-08-11,28,-2,False,False,erratic_payer
INV12002169,B012,B012-C1090,FMCG Client 090,FMCG & Food Processing,30,28370.89,2024-07-24,2024-08-23,closed,2024-08-27,34,4,False,False,erratic_payer
INV12002170,B012,B012-C1090,FMCG Client 090,FMCG & Food Processing,30,39228.97,2024-08-17,2024-09-16,closed,2024-09-25,39,9,False,False,erratic_payer
INV12002171,B012,B012-C1090,FMCG Client 090,FMCG & Food Processing,30,54924.31,2024-09-02,2024-10-02,closed,2024-10-21,49,19,False,False,erratic_payer
INV12002172,B012,B012-C1090,FMCG Client 090,FMCG & Food Processing,30,21129.34,2024-09-08,2024-10-08,closed,2024-10-25,47,17,False,False,erratic_payer
INV12002173,B012,B012-C1090,FMCG Client 090,FMCG & Food Processing,30,25489.43,2024-09-18,2024-10-18,closed,2024-10-24,36,6,False,False,erratic_payer
INV12002174,B012,B012-C1090,FMCG Client 090,FMCG & Food Processing,30,37323.07,2024-10-05,2024-11-04,closed,2024-11-16,42,12,False,False,erratic_payer
INV12002175,B012,B012-C1090,FMCG Client 090,FMCG & Food Processing,30,27338.17,2024-10-10,2024-11-09,closed,2024-11-16,37,7,False,False,erratic_payer
INV12002176,B012,B012-C1090,FMCG Client 090,FMCG & Food Processing,30,40050.29,2024-10-21,2024-11-20,closed,2024-12-08,48,18,False,False,erratic_payer
INV12002177,B012,B012-C1090,FMCG Client 090,FMCG & Food Processing,30,33073.51,2024-10-27,2024-11-26,closed,2024-11-29,33,3,False,False,erratic_payer
INV12002178,B012,B012-C1090,FMCG Client 090,FMCG & Food Processing,30,27775.33,2024-11-05,2024-12-05,closed,2024-12-15,40,10,False,False,erratic_payer
INV12002179,B012,B012-C1090,FMCG Client 090,FMCG & Food Processing,30,53261.72,2024-11-19,2024-12-19,closed,2024-12-27,38,8,False,False,erratic_payer
INV12002180,B012,B012-C1090,FMCG Client 090,FMCG & Food Processing,30,36392.16,2024-12-16,2025-01-15,closed,2024-12-17,1,-29,False,False,erratic_payer
INV12002181,B012,B012-C1090,FMCG Client 090,FMCG & Food Processing,30,35954.9,2025-01-01,2025-01-31,closed,2025-01-29,28,-2,False,False,erratic_payer
INV12002182,B012,B012-C1090,FMCG Client 090,FMCG & Food Processing,30,23063.69,2025-01-10,2025-02-09,closed,2025-02-15,36,6,False,False,erratic_payer
INV12002183,B012,B012-C1090,FMCG Client 090,FMCG & Food Processing,30,15160.32,2025-01-15,2025-02-14,closed,2025-02-27,43,13,False,False,erratic_payer
INV12002184,B012,B012-C1090,FMCG Client 090,FMCG & Food Processing,30,27708.74,2025-02-04,2025-03-06,closed,2025-02-26,22,-8,False,False,erratic_payer
INV12002185,B012,B012-C1090,FMCG Client 090,FMCG & Food Processing,30,74072.54,2025-03-04,2025-04-03,closed,2025-03-30,26,-4,False,False,erratic_payer
INV12002186,B012,B012-C1090,FMCG Client 090,FMCG & Food Processing,30,31947.6,2025-04-01,2025-05-01,closed,2025-08-16,137,107,False,False,erratic_payer
INV12002187,B012,B012-C1090,FMCG Client 090,FMCG & Food Processing,30,24692.57,2025-05-07,2025-06-06,closed,2025-08-07,92,62,False,False,erratic_payer
INV12002188,B012,B012-C1090,FMCG Client 090,FMCG & Food Processing,30,37861.49,2025-07-09,2025-08-08,closed,2025-07-29,20,-10,False,False,erratic_payer
INV12002189,B012,B012-C1090,FMCG Client 090,FMCG & Food Processing,30,40871.84,2025-07-11,2025-08-10,closed,2025-10-13,94,64,True,False,erratic_payer
INV12002190,B012,B012-C1090,FMCG Client 090,FMCG & Food Processing,30,34360.02,2025-07-23,2025-08-22,closed,2025-09-05,44,14,False,False,erratic_payer
INV12002191,B012,B012-C1090,FMCG Client 090,FMCG & Food Processing,30,24128.24,2025-07-26,2025-08-25,closed,2025-10-14,80,50,False,False,erratic_payer
INV12002192,B012,B012-C1090,FMCG Client 090,FMCG & Food Processing,30,40607.39,2025-08-14,2025-09-13,closed,2025-09-10,27,-3,False,False,erratic_payer
INV12002193,B012,B012-C1090,FMCG Client 090,FMCG & Food Processing,30,29731.01,2025-08-17,2025-09-16,disputed_open,,,,False,False,erratic_payer
INV12002194,B012,B012-C1090,FMCG Client 090,FMCG & Food Processing,30,30803.97,2025-09-13,2025-10-13,closed,2025-11-03,51,21,False,False,erratic_payer
INV12002195,B012,B012-C1090,FMCG Client 090,FMCG & Food Processing,30,20702.29,2025-10-01,2025-10-31,closed,2025-11-02,32,2,False,False,erratic_payer
INV12002196,B012,B012-C1090,FMCG Client 090,FMCG & Food Processing,30,45094.53,2025-10-04,2025-11-03,closed,2025-10-23,19,-11,True,False,erratic_payer
INV12002197,B012,B012-C1090,FMCG Client 090,FMCG & Food Processing,30,51601.71,2025-12-08,2026-01-07,closed,2026-01-26,49,19,False,False,erratic_payer
INV12002198,B012,B012-C1090,FMCG Client 090,FMCG & Food Processing,30,17808.88,2026-01-06,2026-02-05,closed,2026-02-15,40,10,False,False,erratic_payer
INV12002199,B012,B012-C1090,FMCG Client 090,FMCG & Food Processing,30,43500.12,2026-01-27,2026-02-26,closed,2026-03-05,37,7,False,False,erratic_payer
INV12002200,B012,B012-C1090,FMCG Client 090,FMCG & Food Processing,30,22026.53,2026-02-09,2026-03-11,closed,2026-03-26,45,15,False,False,erratic_payer
INV12002201,B012,B012-C1090,FMCG Client 090,FMCG & Food Processing,30,25238.23,2026-02-14,2026-03-16,closed,2026-03-20,34,4,False,False,erratic_payer
INV12002202,B012,B012-C1090,FMCG Client 090,FMCG & Food Processing,30,33149.87,2026-04-23,2026-05-23,open,,,,False,False,erratic_payer
INV12002203,B012,B012-C1090,FMCG Client 090,FMCG & Food Processing,30,27891.96,2026-05-16,2026-06-15,closed,2026-06-28,43,13,False,False,erratic_payer
INV12002204,B012,B012-C1090,FMCG Client 090,FMCG & Food Processing,30,34437.83,2026-07-17,2026-08-16,closed,2026-08-21,35,5,False,False,erratic_payer
INV12002205,B012,B012-C1090,FMCG Client 090,FMCG & Food Processing,30,32549.55,2026-07-22,2026-08-21,open,,,,False,False,erratic_payer
INV12002206,B012,B012-C1090,FMCG Client 090,FMCG & Food Processing,30,60146.59,2026-08-02,2026-09-01,open,,,,False,False,erratic_payer
INV12002207,B012,B012-C1090,FMCG Client 090,FMCG & Food Processing,30,46212.97,2026-08-08,2026-09-07,open,,,,False,False,erratic_payer
INV12002208,B012,B012-C1090,FMCG Client 090,FMCG & Food Processing,30,45183.29,2026-08-15,2026-09-14,open,,,,False,False,erratic_payer
INV12002209,B012,B012-C1090,FMCG Client 090,FMCG & Food Processing,30,26184.55,2026-08-26,2026-09-25,open,,,,False,False,erratic_payer
INV12002210,B012,B012-C1090,FMCG Client 090,FMCG & Food Processing,30,153064.82,2026-08-28,2026-09-27,disputed_open,,,,False,True,erratic_payer
INV12002211,B012,B012-C1091,Retail Client 091,Retail & Distribution,15,278106.4,2024-04-11,2024-04-26,closed,2024-05-26,45,30,False,False,improving_payer
INV12002212,B012,B012-C1091,Retail Client 091,Retail & Distribution,15,233582.0,2024-04-26,2024-05-11,closed,2024-06-20,55,40,False,False,improving_payer
INV12002213,B012,B012-C1091,Retail Client 091,Retail & Distribution,15,181344.78,2024-06-23,2024-07-08,closed,2024-08-05,43,28,False,False,improving_payer
INV12002214,B012,B012-C1091,Retail Client 091,Retail & Distribution,15,173383.84,2024-09-13,2024-09-28,closed,2024-10-29,46,31,False,False,improving_payer
INV12002215,B012,B012-C1091,Retail Client 091,Retail & Distribution,15,143924.33,2024-10-15,2024-10-30,closed,2024-11-30,46,31,False,False,improving_payer
INV12002216,B012,B012-C1091,Retail Client 091,Retail & Distribution,15,163181.19,2024-11-10,2024-11-25,closed,2024-12-28,48,33,False,False,improving_payer
INV12002217,B012,B012-C1091,Retail Client 091,Retail & Distribution,15,236472.82,2024-11-30,2024-12-15,closed,2025-01-16,47,32,False,False,improving_payer
INV12002218,B012,B012-C1091,Retail Client 091,Retail & Distribution,15,165128.36,2025-01-20,2025-02-04,closed,2025-03-05,44,29,False,False,improving_payer
INV12002219,B012,B012-C1091,Retail Client 091,Retail & Distribution,15,227367.46,2025-03-05,2025-03-20,closed,2025-04-19,45,30,False,False,improving_payer
INV12002220,B012,B012-C1091,Retail Client 091,Retail & Distribution,15,170263.67,2025-04-01,2025-04-16,closed,2025-05-29,58,43,False,False,improving_payer
INV12002221,B012,B012-C1091,Retail Client 091,Retail & Distribution,15,255458.59,2025-04-04,2025-04-19,closed,2025-05-27,53,38,False,False,improving_payer
INV12002222,B012,B012-C1091,Retail Client 091,Retail & Distribution,15,189279.07,2025-04-14,2025-04-29,closed,2025-06-01,48,33,False,False,improving_payer
INV12002223,B012,B012-C1091,Retail Client 091,Retail & Distribution,15,304888.57,2025-05-03,2025-05-18,closed,2025-06-10,38,23,False,False,improving_payer
INV12002224,B012,B012-C1091,Retail Client 091,Retail & Distribution,15,237741.4,2025-05-15,2025-05-30,closed,2025-06-08,24,9,False,False,improving_payer
INV12002225,B012,B012-C1091,Retail Client 091,Retail & Distribution,15,155873.07,2025-05-29,2025-06-13,closed,2025-06-30,32,17,False,False,improving_payer
INV12002226,B012,B012-C1091,Retail Client 091,Retail & Distribution,15,346950.51,2025-06-25,2025-07-10,closed,2025-07-28,33,18,False,False,improving_payer
INV12002227,B012,B012-C1091,Retail Client 091,Retail & Distribution,15,226556.2,2025-08-04,2025-08-19,closed,2025-09-16,43,28,False,False,improving_payer
INV12002228,B012,B012-C1091,Retail Client 091,Retail & Distribution,15,151971.92,2025-08-23,2025-09-07,closed,2025-09-24,32,17,False,False,improving_payer
INV12002229,B012,B012-C1091,Retail Client 091,Retail & Distribution,15,306449.32,2025-09-09,2025-09-24,closed,2025-10-13,34,19,False,False,improving_payer
INV12002230,B012,B012-C1091,Retail Client 091,Retail & Distribution,15,167000.73,2025-09-09,2025-09-24,closed,2025-10-06,27,12,False,False,improving_payer
INV12002231,B012,B012-C1091,Retail Client 091,Retail & Distribution,15,213310.55,2025-09-25,2025-10-10,closed,2025-10-21,26,11,False,False,improving_payer
INV12002232,B012,B012-C1091,Retail Client 091,Retail & Distribution,15,220025.77,2025-09-30,2025-10-15,closed,2025-11-20,51,36,False,False,improving_payer
INV12002233,B012,B012-C1091,Retail Client 091,Retail & Distribution,15,158371.87,2025-11-19,2025-12-04,closed,2025-12-02,13,-2,False,False,improving_payer
INV12002234,B012,B012-C1091,Retail Client 091,Retail & Distribution,15,163944.44,2025-12-13,2025-12-28,closed,2026-01-20,38,23,False,False,improving_payer
INV12002235,B012,B012-C1091,Retail Client 091,Retail & Distribution,15,206865.04,2025-12-20,2026-01-04,closed,2026-02-03,45,30,False,False,improving_payer
INV12002236,B012,B012-C1091,Retail Client 091,Retail & Distribution,15,124479.82,2025-12-22,2026-01-06,closed,2026-01-28,37,22,False,False,improving_payer
INV12002237,B012,B012-C1091,Retail Client 091,Retail & Distribution,15,143755.32,2025-12-25,2026-01-09,closed,2026-01-26,32,17,False,False,improving_payer
INV12002238,B012,B012-C1091,Retail Client 091,Retail & Distribution,15,216138.09,2026-02-06,2026-02-21,closed,2026-03-19,41,26,False,False,improving_payer
INV12002239,B012,B012-C1091,Retail Client 091,Retail & Distribution,15,228291.95,2026-02-19,2026-03-06,closed,2026-03-15,24,9,False,False,improving_payer
INV12002240,B012,B012-C1091,Retail Client 091,Retail & Distribution,15,143005.43,2026-03-09,2026-03-24,closed,2026-03-30,21,6,False,False,improving_payer
INV12002241,B012,B012-C1091,Retail Client 091,Retail & Distribution,15,1262294.31,2026-03-17,2026-04-01,disputed_open,,,,False,True,improving_payer
INV12002242,B012,B012-C1091,Retail Client 091,Retail & Distribution,15,119095.98,2026-03-31,2026-04-15,closed,2026-04-10,10,-5,False,False,improving_payer
INV12002243,B012,B012-C1091,Retail Client 091,Retail & Distribution,15,156283.69,2026-05-06,2026-05-21,closed,2026-05-28,22,7,False,False,improving_payer
INV12002244,B012,B012-C1091,Retail Client 091,Retail & Distribution,15,244286.58,2026-06-07,2026-06-22,closed,2026-07-19,42,27,False,False,improving_payer
INV12002245,B012,B012-C1091,Retail Client 091,Retail & Distribution,15,1280329.58,2026-07-02,2026-07-17,closed,2026-07-24,22,7,False,True,improving_payer
INV12002246,B012,B012-C1091,Retail Client 091,Retail & Distribution,15,123496.14,2026-07-11,2026-07-26,closed,2026-07-25,14,-1,False,False,improving_payer
INV12002247,B012,B012-C1091,Retail Client 091,Retail & Distribution,15,357794.05,2026-08-02,2026-08-17,open,,,,False,False,improving_payer
INV12002248,B012,B012-C1091,Retail Client 091,Retail & Distribution,15,311523.59,2026-08-19,2026-09-03,disputed_open,,,,False,False,improving_payer
INV12002249,B012,B012-C1092,Retail Client 092,Retail & Distribution,60,59816.98,2024-04-01,2024-05-31,closed,2024-06-01,61,1,True,False,prompt_payer
INV12002250,B012,B012-C1092,Retail Client 092,Retail & Distribution,60,49701.78,2024-04-05,2024-06-04,closed,2024-06-05,61,1,False,False,prompt_payer
INV12002251,B012,B012-C1092,Retail Client 092,Retail & Distribution,60,37388.66,2024-07-02,2024-08-31,closed,2024-09-03,63,3,False,False,prompt_payer
INV12002252,B012,B012-C1092,Retail Client 092,Retail & Distribution,60,48378.1,2024-07-23,2024-09-21,closed,2024-09-24,63,3,False,False,prompt_payer
INV12002253,B012,B012-C1092,Retail Client 092,Retail & Distribution,60,34049.7,2024-09-07,2024-11-06,closed,2024-11-08,62,2,False,False,prompt_payer
INV12002254,B012,B012-C1092,Retail Client 092,Retail & Distribution,60,36491.48,2024-10-07,2024-12-06,closed,2024-12-13,67,7,False,False,prompt_payer
INV12002255,B012,B012-C1092,Retail Client 092,Retail & Distribution,60,33944.63,2024-10-13,2024-12-12,closed,2024-12-12,60,0,False,False,prompt_payer
INV12002256,B012,B012-C1092,Retail Client 092,Retail & Distribution,60,73602.75,2024-10-21,2024-12-20,closed,2024-12-17,57,-3,False,True,prompt_payer
INV12002257,B012,B012-C1092,Retail Client 092,Retail & Distribution,60,44268.19,2024-11-23,2025-01-22,closed,2025-01-21,59,-1,False,False,prompt_payer
INV12002258,B012,B012-C1092,Retail Client 092,Retail & Distribution,60,40657.43,2024-11-29,2025-01-28,closed,2025-01-25,57,-3,False,False,prompt_payer
INV12002259,B012,B012-C1092,Retail Client 092,Retail & Distribution,60,44115.8,2024-12-13,2025-02-11,closed,2025-02-08,57,-3,False,False,prompt_payer
INV12002260,B012,B012-C1092,Retail Client 092,Retail & Distribution,60,50814.77,2025-02-13,2025-04-14,closed,2025-04-12,58,-2,False,False,prompt_payer
INV12002261,B012,B012-C1092,Retail Client 092,Retail & Distribution,60,37374.1,2025-04-19,2025-06-18,closed,2025-06-22,64,4,False,False,prompt_payer
INV12002262,B012,B012-C1092,Retail Client 092,Retail & Distribution,60,45481.01,2025-04-20,2025-06-19,closed,2025-06-22,63,3,False,False,prompt_payer
INV12002263,B012,B012-C1092,Retail Client 092,Retail & Distribution,60,40716.89,2025-05-13,2025-07-12,closed,2025-07-14,62,2,False,False,prompt_payer
INV12002264,B012,B012-C1092,Retail Client 092,Retail & Distribution,60,55781.95,2025-05-28,2025-07-27,closed,2025-07-24,57,-3,False,False,prompt_payer
INV12002265,B012,B012-C1092,Retail Client 092,Retail & Distribution,60,30470.79,2025-05-28,2025-07-27,closed,2025-07-27,60,0,False,False,prompt_payer
INV12002266,B012,B012-C1092,Retail Client 092,Retail & Distribution,60,44817.56,2025-06-14,2025-08-13,closed,2025-08-10,57,-3,False,False,prompt_payer
INV12002267,B012,B012-C1092,Retail Client 092,Retail & Distribution,60,56555.93,2025-06-18,2025-08-17,closed,2025-08-18,61,1,False,False,prompt_payer
INV12002268,B012,B012-C1092,Retail Client 092,Retail & Distribution,60,50825.02,2025-07-20,2025-09-18,closed,2025-09-16,58,-2,False,False,prompt_payer
INV12002269,B012,B012-C1092,Retail Client 092,Retail & Distribution,60,32367.33,2025-07-26,2025-09-24,closed,2025-09-20,56,-4,False,False,prompt_payer
INV12002270,B012,B012-C1092,Retail Client 092,Retail & Distribution,60,47346.93,2025-08-31,2025-10-30,closed,2025-10-31,61,1,False,False,prompt_payer
INV12002271,B012,B012-C1092,Retail Client 092,Retail & Distribution,60,55908.13,2025-09-05,2025-11-04,closed,2025-11-05,61,1,False,False,prompt_payer
INV12002272,B012,B012-C1092,Retail Client 092,Retail & Distribution,60,55706.66,2025-09-16,2025-11-15,closed,2025-11-08,53,-7,False,False,prompt_payer
INV12002273,B012,B012-C1092,Retail Client 092,Retail & Distribution,60,48003.33,2025-09-24,2025-11-23,closed,2025-11-23,60,0,False,False,prompt_payer
INV12002274,B012,B012-C1092,Retail Client 092,Retail & Distribution,60,69417.56,2025-10-10,2025-12-09,closed,2025-12-14,65,5,False,False,prompt_payer
INV12002275,B012,B012-C1092,Retail Client 092,Retail & Distribution,60,80049.49,2025-10-30,2025-12-29,closed,2025-12-20,51,-9,False,False,prompt_payer
INV12002276,B012,B012-C1092,Retail Client 092,Retail & Distribution,60,97741.31,2025-11-14,2026-01-13,closed,2026-01-10,57,-3,False,False,prompt_payer
INV12002277,B012,B012-C1092,Retail Client 092,Retail & Distribution,60,44192.45,2025-11-21,2026-01-20,closed,2026-01-21,61,1,False,False,prompt_payer
INV12002278,B012,B012-C1092,Retail Client 092,Retail & Distribution,60,32889.77,2025-12-08,2026-02-06,closed,2026-02-05,59,-1,False,False,prompt_payer
INV12002279,B012,B012-C1092,Retail Client 092,Retail & Distribution,60,39832.48,2026-01-17,2026-03-18,closed,2026-03-20,62,2,False,False,prompt_payer
INV12002280,B012,B012-C1092,Retail Client 092,Retail & Distribution,60,72700.78,2026-02-21,2026-04-22,closed,2026-04-22,60,0,False,False,prompt_payer
INV12002281,B012,B012-C1092,Retail Client 092,Retail & Distribution,60,35177.75,2026-03-21,2026-05-20,closed,2026-05-22,62,2,False,False,prompt_payer
INV12002282,B012,B012-C1092,Retail Client 092,Retail & Distribution,60,19361.5,2026-04-16,2026-06-15,closed,2026-06-15,60,0,False,False,prompt_payer
INV12002283,B012,B012-C1092,Retail Client 092,Retail & Distribution,60,33377.33,2026-05-09,2026-07-08,closed,2026-07-10,62,2,False,False,prompt_payer
INV12002284,B012,B012-C1092,Retail Client 092,Retail & Distribution,60,50927.38,2026-05-30,2026-07-29,closed,2026-07-31,62,2,False,False,prompt_payer
INV12002285,B012,B012-C1092,Retail Client 092,Retail & Distribution,60,26207.3,2026-06-14,2026-08-13,closed,2026-08-15,62,2,False,False,prompt_payer
INV12002286,B012,B012-C1093,Chemicals Client 093,Chemicals & Plastics,90,465827.32,2026-01-12,2026-04-12,closed,2026-04-25,103,13,False,False,cold_start
INV12002287,B012,B012-C1093,Chemicals Client 093,Chemicals & Plastics,90,464073.26,2026-05-04,2026-08-02,closed,2026-08-09,97,7,False,False,cold_start
INV12002288,B012,B012-C1094,Chemicals Client 094,Chemicals & Plastics,45,630447.06,2024-03-18,2024-05-02,closed,2024-05-07,50,5,False,True,prompt_payer
INV12002289,B012,B012-C1094,Chemicals Client 094,Chemicals & Plastics,45,110411.89,2024-05-08,2024-06-22,closed,2024-06-21,44,-1,False,False,prompt_payer
INV12002290,B012,B012-C1094,Chemicals Client 094,Chemicals & Plastics,45,92155.23,2024-06-18,2024-08-02,closed,2024-08-05,48,3,False,False,prompt_payer
INV12002291,B012,B012-C1094,Chemicals Client 094,Chemicals & Plastics,45,50590.45,2024-07-02,2024-08-16,closed,2024-08-14,43,-2,False,False,prompt_payer
INV12002292,B012,B012-C1094,Chemicals Client 094,Chemicals & Plastics,45,114430.64,2024-09-11,2024-10-26,closed,2024-10-27,46,1,False,False,prompt_payer
INV12002293,B012,B012-C1094,Chemicals Client 094,Chemicals & Plastics,45,91659.93,2024-09-22,2024-11-06,closed,2024-11-09,48,3,False,False,prompt_payer
INV12002294,B012,B012-C1094,Chemicals Client 094,Chemicals & Plastics,45,75674.9,2024-11-04,2024-12-19,closed,2024-12-22,48,3,False,False,prompt_payer
INV12002295,B012,B012-C1094,Chemicals Client 094,Chemicals & Plastics,45,163665.29,2024-11-09,2024-12-24,closed,2025-01-02,54,9,False,False,prompt_payer
INV12002296,B012,B012-C1094,Chemicals Client 094,Chemicals & Plastics,45,93922.74,2024-11-14,2024-12-29,closed,2025-01-01,48,3,False,False,prompt_payer
INV12002297,B012,B012-C1094,Chemicals Client 094,Chemicals & Plastics,45,179485.6,2024-12-13,2025-01-27,closed,2025-01-31,49,4,False,False,prompt_payer
INV12002298,B012,B012-C1094,Chemicals Client 094,Chemicals & Plastics,45,149549.03,2024-12-29,2025-02-12,closed,2025-02-08,41,-4,False,False,prompt_payer
INV12002299,B012,B012-C1094,Chemicals Client 094,Chemicals & Plastics,45,110986.44,2025-01-09,2025-02-23,closed,2025-02-20,42,-3,False,False,prompt_payer
INV12002300,B012,B012-C1094,Chemicals Client 094,Chemicals & Plastics,45,84936.11,2025-01-26,2025-03-12,closed,2025-03-16,49,4,False,False,prompt_payer
INV12002301,B012,B012-C1094,Chemicals Client 094,Chemicals & Plastics,45,161248.86,2025-02-19,2025-04-05,closed,2025-04-07,47,2,False,False,prompt_payer
INV12002302,B012,B012-C1094,Chemicals Client 094,Chemicals & Plastics,45,129009.97,2025-03-31,2025-05-15,closed,2025-05-14,44,-1,False,False,prompt_payer
INV12002303,B012,B012-C1094,Chemicals Client 094,Chemicals & Plastics,45,120652.81,2025-04-06,2025-05-21,closed,2025-05-23,47,2,False,False,prompt_payer
INV12002304,B012,B012-C1094,Chemicals Client 094,Chemicals & Plastics,45,75186.15,2025-04-16,2025-05-31,closed,2025-05-28,42,-3,False,False,prompt_payer
INV12002305,B012,B012-C1094,Chemicals Client 094,Chemicals & Plastics,45,59786.17,2025-05-06,2025-06-20,closed,2025-06-24,49,4,False,False,prompt_payer
INV12002306,B012,B012-C1094,Chemicals Client 094,Chemicals & Plastics,45,103309.07,2025-05-29,2025-07-13,closed,2025-07-13,45,0,False,False,prompt_payer
INV12002307,B012,B012-C1094,Chemicals Client 094,Chemicals & Plastics,45,98577.69,2025-06-01,2025-07-16,closed,2025-07-18,47,2,False,False,prompt_payer
INV12002308,B012,B012-C1094,Chemicals Client 094,Chemicals & Plastics,45,165018.0,2025-06-02,2025-07-17,closed,2025-07-19,47,2,False,False,prompt_payer
INV12002309,B012,B012-C1094,Chemicals Client 094,Chemicals & Plastics,45,50314.77,2025-06-12,2025-07-27,closed,2025-08-02,51,6,False,False,prompt_payer
INV12002310,B012,B012-C1094,Chemicals Client 094,Chemicals & Plastics,45,123784.83,2025-08-20,2025-10-04,closed,2025-10-05,46,1,True,False,prompt_payer
INV12002311,B012,B012-C1094,Chemicals Client 094,Chemicals & Plastics,45,97061.52,2025-08-28,2025-10-12,closed,2025-10-16,49,4,False,False,prompt_payer
INV12002312,B012,B012-C1094,Chemicals Client 094,Chemicals & Plastics,45,423874.02,2025-09-02,2025-10-17,closed,2025-10-16,44,-1,False,True,prompt_payer
INV12002313,B012,B012-C1094,Chemicals Client 094,Chemicals & Plastics,45,88356.45,2025-09-05,2025-10-20,closed,2025-10-21,46,1,False,False,prompt_payer
INV12002314,B012,B012-C1094,Chemicals Client 094,Chemicals & Plastics,45,143378.63,2025-12-05,2026-01-19,closed,2026-01-23,49,4,False,False,prompt_payer
INV12002315,B012,B012-C1094,Chemicals Client 094,Chemicals & Plastics,45,130573.78,2025-12-19,2026-02-02,closed,2026-02-01,44,-1,False,False,prompt_payer
INV12002316,B012,B012-C1094,Chemicals Client 094,Chemicals & Plastics,45,72813.51,2025-12-22,2026-02-05,closed,2026-02-08,48,3,False,False,prompt_payer
INV12002317,B012,B012-C1094,Chemicals Client 094,Chemicals & Plastics,45,77871.83,2025-12-24,2026-02-07,closed,2026-02-03,41,-4,False,False,prompt_payer
INV12002318,B012,B012-C1094,Chemicals Client 094,Chemicals & Plastics,45,127538.4,2026-01-10,2026-02-24,closed,2026-02-21,42,-3,False,False,prompt_payer
INV12002319,B012,B012-C1094,Chemicals Client 094,Chemicals & Plastics,45,88385.25,2026-02-12,2026-03-29,closed,2026-03-26,42,-3,False,False,prompt_payer
INV12002320,B012,B012-C1094,Chemicals Client 094,Chemicals & Plastics,45,131191.24,2026-02-13,2026-03-30,closed,2026-03-22,37,-8,False,False,prompt_payer
INV12002321,B012,B012-C1094,Chemicals Client 094,Chemicals & Plastics,45,69995.14,2026-02-16,2026-04-02,closed,2026-03-30,42,-3,False,False,prompt_payer
INV12002322,B012,B012-C1094,Chemicals Client 094,Chemicals & Plastics,45,177370.02,2026-02-26,2026-04-12,closed,2026-04-14,47,2,False,False,prompt_payer
INV12002323,B012,B012-C1094,Chemicals Client 094,Chemicals & Plastics,45,107011.29,2026-04-22,2026-06-06,closed,2026-06-04,43,-2,False,False,prompt_payer
INV12002324,B012,B012-C1094,Chemicals Client 094,Chemicals & Plastics,45,156176.19,2026-05-11,2026-06-25,closed,2026-06-23,43,-2,False,False,prompt_payer
INV12002325,B012,B012-C1094,Chemicals Client 094,Chemicals & Plastics,45,76856.65,2026-06-02,2026-07-17,closed,2026-07-18,46,1,False,False,prompt_payer
INV12002326,B012,B012-C1094,Chemicals Client 094,Chemicals & Plastics,45,123182.58,2026-06-14,2026-07-29,closed,2026-07-25,41,-4,False,False,prompt_payer
INV12002327,B012,B012-C1094,Chemicals Client 094,Chemicals & Plastics,45,62848.1,2026-08-10,2026-09-24,open,,,,False,False,prompt_payer
INV12002328,B012,B012-C1095,Electronics Client 095,Electronics & Electricals,30,61919.67,2024-03-17,2024-04-16,closed,2024-04-26,40,10,False,False,seasonal_payer
INV12002329,B012,B012-C1095,Electronics Client 095,Electronics & Electricals,30,125067.99,2024-04-30,2024-05-30,closed,2024-06-13,44,14,False,False,seasonal_payer
INV12002330,B012,B012-C1095,Electronics Client 095,Electronics & Electricals,30,102770.43,2024-05-15,2024-06-14,closed,2024-06-28,44,14,False,False,seasonal_payer
INV12002331,B012,B012-C1095,Electronics Client 095,Electronics & Electricals,30,112736.53,2024-07-05,2024-08-04,closed,2024-08-16,42,12,False,False,seasonal_payer
INV12002332,B012,B012-C1095,Electronics Client 095,Electronics & Electricals,30,96423.46,2024-08-09,2024-09-08,closed,2024-09-12,34,4,False,False,seasonal_payer
INV12002333,B012,B012-C1095,Electronics Client 095,Electronics & Electricals,30,145003.08,2024-08-28,2024-09-27,closed,2024-09-30,33,3,False,False,seasonal_payer
INV12002334,B012,B012-C1095,Electronics Client 095,Electronics & Electricals,30,116087.99,2024-10-04,2024-11-03,closed,2024-10-31,27,-3,False,False,seasonal_payer
INV12002335,B012,B012-C1095,Electronics Client 095,Electronics & Electricals,30,102584.62,2024-10-25,2024-11-24,open,,,,False,False,seasonal_payer
INV12002336,B012,B012-C1095,Electronics Client 095,Electronics & Electricals,30,90916.24,2025-02-04,2025-03-06,closed,2025-03-09,33,3,False,False,seasonal_payer
INV12002337,B012,B012-C1095,Electronics Client 095,Electronics & Electricals,30,195461.36,2025-03-01,2025-03-31,closed,2025-04-05,35,5,False,False,seasonal_payer
INV12002338,B012,B012-C1095,Electronics Client 095,Electronics & Electricals,30,97904.18,2025-03-24,2025-04-23,closed,2025-05-09,46,16,False,False,seasonal_payer
INV12002339,B012,B012-C1095,Electronics Client 095,Electronics & Electricals,30,101523.66,2025-04-20,2025-05-20,closed,2025-05-27,37,7,False,False,seasonal_payer
INV12002340,B012,B012-C1095,Electronics Client 095,Electronics & Electricals,30,78491.01,2025-04-26,2025-05-26,closed,2025-06-11,46,16,False,False,seasonal_payer
INV12002341,B012,B012-C1095,Electronics Client 095,Electronics & Electricals,30,55331.14,2025-05-12,2025-06-11,closed,2025-06-15,34,4,False,False,seasonal_payer
INV12002342,B012,B012-C1095,Electronics Client 095,Electronics & Electricals,30,76106.68,2025-05-14,2025-06-13,closed,2025-06-27,44,14,False,False,seasonal_payer
INV12002343,B012,B012-C1095,Electronics Client 095,Electronics & Electricals,30,176192.7,2025-06-02,2025-07-02,closed,2025-07-18,46,16,False,False,seasonal_payer
INV12002344,B012,B012-C1095,Electronics Client 095,Electronics & Electricals,30,69255.31,2025-06-11,2025-07-11,open,,,,False,False,seasonal_payer
INV12002345,B012,B012-C1095,Electronics Client 095,Electronics & Electricals,30,87025.01,2025-06-12,2025-07-12,closed,2025-07-30,48,18,False,False,seasonal_payer
INV12002346,B012,B012-C1095,Electronics Client 095,Electronics & Electricals,30,138662.27,2025-07-04,2025-08-03,closed,2025-08-13,40,10,False,False,seasonal_payer
INV12002347,B012,B012-C1095,Electronics Client 095,Electronics & Electricals,30,96599.77,2025-10-06,2025-11-05,closed,2025-11-17,42,12,False,False,seasonal_payer
INV12002348,B012,B012-C1095,Electronics Client 095,Electronics & Electricals,30,121860.37,2026-02-14,2026-03-16,closed,2026-03-24,38,8,False,False,seasonal_payer
INV12002349,B012,B012-C1095,Electronics Client 095,Electronics & Electricals,30,147399.84,2026-05-30,2026-06-29,closed,2026-07-14,45,15,False,False,seasonal_payer
INV12002350,B012,B012-C1095,Electronics Client 095,Electronics & Electricals,30,125266.86,2026-07-03,2026-08-02,closed,2026-08-11,39,9,False,False,seasonal_payer
INV12002351,B012,B012-C1095,Electronics Client 095,Electronics & Electricals,30,84728.07,2026-07-15,2026-08-14,closed,2026-08-30,46,16,False,False,seasonal_payer
INV12002352,B012,B012-C1095,Electronics Client 095,Electronics & Electricals,30,83058.81,2026-08-22,2026-09-21,open,,,,False,False,seasonal_payer
INV12002353,B012,B012-C1096,Retail Client 096,Retail & Distribution,45,64807.87,2024-06-16,2024-07-31,closed,2024-07-30,44,-1,False,False,average_payer
INV12002354,B012,B012-C1096,Retail Client 096,Retail & Distribution,45,77681.01,2024-07-22,2024-09-05,closed,2024-09-09,49,4,False,False,average_payer
INV12002355,B012,B012-C1096,Retail Client 096,Retail & Distribution,45,47495.49,2024-08-01,2024-09-15,closed,2024-09-12,42,-3,False,False,average_payer
INV12002356,B012,B012-C1096,Retail Client 096,Retail & Distribution,45,91840.74,2024-08-14,2024-09-28,open,,,,False,False,average_payer
INV12002357,B012,B012-C1096,Retail Client 096,Retail & Distribution,45,56743.65,2025-02-04,2025-03-21,closed,2025-04-02,57,12,False,False,average_payer
INV12002358,B012,B012-C1096,Retail Client 096,Retail & Distribution,45,43131.75,2025-02-28,2025-04-14,closed,2025-04-16,47,2,False,False,average_payer
INV12002359,B012,B012-C1096,Retail Client 096,Retail & Distribution,45,50061.66,2025-06-01,2025-07-16,closed,2025-07-24,53,8,False,False,average_payer
INV12002360,B012,B012-C1096,Retail Client 096,Retail & Distribution,45,67062.9,2025-07-10,2025-08-24,closed,2025-08-29,50,5,False,False,average_payer
INV12002361,B012,B012-C1096,Retail Client 096,Retail & Distribution,45,709230.01,2025-09-16,2025-10-31,closed,2025-11-03,48,3,False,True,average_payer
INV12002362,B012,B012-C1096,Retail Client 096,Retail & Distribution,45,52371.42,2025-11-13,2025-12-28,closed,2026-01-01,49,4,False,False,average_payer
INV12002363,B012,B012-C1096,Retail Client 096,Retail & Distribution,45,52722.32,2026-02-20,2026-04-06,closed,2026-04-12,51,6,False,False,average_payer
INV12002364,B012,B012-C1096,Retail Client 096,Retail & Distribution,45,49479.35,2026-03-02,2026-04-16,closed,2026-04-19,48,3,False,False,average_payer
INV12002365,B012,B012-C1096,Retail Client 096,Retail & Distribution,45,87778.3,2026-05-11,2026-06-25,closed,2026-06-26,46,1,False,False,average_payer
INV12002366,B012,B012-C1096,Retail Client 096,Retail & Distribution,45,56038.6,2026-05-19,2026-07-03,closed,2026-07-14,56,11,False,False,average_payer
INV12002367,B012,B012-C1096,Retail Client 096,Retail & Distribution,45,45713.23,2026-05-24,2026-07-08,closed,2026-07-12,49,4,False,False,average_payer
INV12002368,B012,B012-C1096,Retail Client 096,Retail & Distribution,45,77020.03,2026-07-30,2026-09-13,open,,,,False,False,average_payer
INV12002369,B012,B012-C1097,Retail Client 097,Retail & Distribution,30,21026.85,2024-09-25,2024-10-25,closed,2024-10-27,32,2,False,False,prompt_payer
INV12002370,B012,B012-C1097,Retail Client 097,Retail & Distribution,30,19624.12,2024-11-06,2024-12-06,closed,2024-12-04,28,-2,False,False,prompt_payer
INV12002371,B012,B012-C1097,Retail Client 097,Retail & Distribution,30,13261.76,2024-11-11,2024-12-11,closed,2024-12-10,29,-1,False,False,prompt_payer
INV12002372,B012,B012-C1097,Retail Client 097,Retail & Distribution,30,18283.25,2025-02-10,2025-03-12,closed,2025-03-17,35,5,False,False,prompt_payer
INV12002373,B012,B012-C1097,Retail Client 097,Retail & Distribution,30,24647.94,2025-04-12,2025-05-12,closed,2025-05-16,34,4,False,False,prompt_payer
INV12002374,B012,B012-C1097,Retail Client 097,Retail & Distribution,30,18047.65,2025-04-20,2025-05-20,closed,2025-05-14,24,-6,False,False,prompt_payer
INV12002375,B012,B012-C1097,Retail Client 097,Retail & Distribution,30,13659.47,2025-06-28,2025-07-28,closed,2025-08-02,35,5,False,False,prompt_payer
INV12002376,B012,B012-C1097,Retail Client 097,Retail & Distribution,30,17891.81,2025-07-13,2025-08-12,closed,2025-08-16,34,4,False,False,prompt_payer
INV12002377,B012,B012-C1097,Retail Client 097,Retail & Distribution,30,14146.69,2025-10-31,2025-11-30,closed,2025-12-02,32,2,False,False,prompt_payer
INV12002378,B012,B012-C1097,Retail Client 097,Retail & Distribution,30,26597.87,2025-12-09,2026-01-08,closed,2026-01-14,36,6,False,False,prompt_payer
INV12002379,B012,B012-C1097,Retail Client 097,Retail & Distribution,30,21855.49,2026-01-08,2026-02-07,closed,2026-02-08,31,1,False,False,prompt_payer
INV12002380,B012,B012-C1097,Retail Client 097,Retail & Distribution,30,13710.65,2026-06-09,2026-07-09,closed,2026-07-09,30,0,False,False,prompt_payer
INV12002381,B012,B012-C1097,Retail Client 097,Retail & Distribution,30,28520.08,2026-06-29,2026-07-29,closed,2026-08-03,35,5,False,False,prompt_payer
INV12002382,B012,B012-C1098,Construction Client 098,Construction & Infra,15,341139.85,2024-05-01,2024-05-16,closed,2024-05-15,14,-1,False,False,average_payer
INV12002383,B012,B012-C1098,Construction Client 098,Construction & Infra,15,826282.2,2024-05-27,2024-06-11,closed,2024-06-20,24,9,False,False,average_payer
INV12002384,B012,B012-C1098,Construction Client 098,Construction & Infra,15,442220.93,2024-06-03,2024-06-18,closed,2024-06-28,25,10,False,False,average_payer
INV12002385,B012,B012-C1098,Construction Client 098,Construction & Infra,15,383192.81,2024-06-09,2024-06-24,closed,2024-06-20,11,-4,False,False,average_payer
INV12002386,B012,B012-C1098,Construction Client 098,Construction & Infra,15,486134.05,2024-06-18,2024-07-03,closed,2024-07-11,23,8,False,False,average_payer
INV12002387,B012,B012-C1098,Construction Client 098,Construction & Infra,15,444687.99,2024-08-26,2024-09-10,closed,2024-09-16,21,6,False,False,average_payer
INV12002388,B012,B012-C1098,Construction Client 098,Construction & Infra,15,594568.54,2024-09-19,2024-10-04,closed,2024-10-13,24,9,False,False,average_payer
INV12002389,B012,B012-C1098,Construction Client 098,Construction & Infra,15,545749.77,2024-10-09,2024-10-24,closed,2024-10-22,13,-2,False,False,average_payer
INV12002390,B012,B012-C1098,Construction Client 098,Construction & Infra,15,1983240.44,2024-10-21,2024-11-05,closed,2024-11-14,24,9,False,True,average_payer
INV12002391,B012,B012-C1098,Construction Client 098,Construction & Infra,15,2164224.48,2024-12-14,2024-12-29,closed,2025-01-06,23,8,False,True,average_payer
INV12002392,B012,B012-C1098,Construction Client 098,Construction & Infra,15,570417.38,2025-05-08,2025-05-23,closed,2025-06-01,24,9,False,False,average_payer
INV12002393,B012,B012-C1098,Construction Client 098,Construction & Infra,15,438234.95,2025-05-14,2025-05-29,closed,2025-06-03,20,5,True,False,average_payer
INV12002394,B012,B012-C1098,Construction Client 098,Construction & Infra,15,353392.24,2025-05-27,2025-06-11,closed,2025-06-12,16,1,False,False,average_payer
INV12002395,B012,B012-C1098,Construction Client 098,Construction & Infra,15,423314.52,2025-07-21,2025-08-05,closed,2025-08-15,25,10,False,False,average_payer
INV12002396,B012,B012-C1098,Construction Client 098,Construction & Infra,15,692294.08,2025-07-22,2025-08-06,closed,2025-08-11,20,5,False,False,average_payer
INV12002397,B012,B012-C1098,Construction Client 098,Construction & Infra,15,321982.74,2025-08-02,2025-08-17,closed,2025-08-27,25,10,False,False,average_payer
INV12002398,B012,B012-C1098,Construction Client 098,Construction & Infra,15,509706.54,2025-08-26,2025-09-10,closed,2025-09-19,24,9,False,False,average_payer
INV12002399,B012,B012-C1098,Construction Client 098,Construction & Infra,15,816848.37,2025-09-02,2025-09-17,closed,2025-09-21,19,4,False,False,average_payer
INV12002400,B012,B012-C1098,Construction Client 098,Construction & Infra,15,765389.74,2025-12-15,2025-12-30,closed,2026-01-03,19,4,False,False,average_payer
INV12002401,B012,B012-C1098,Construction Client 098,Construction & Infra,15,650560.82,2026-02-20,2026-03-07,closed,2026-03-08,16,1,False,False,average_payer
INV12002402,B012,B012-C1098,Construction Client 098,Construction & Infra,15,775126.75,2026-04-29,2026-05-14,disputed_open,,,,False,False,average_payer
INV12002403,B012,B012-C1098,Construction Client 098,Construction & Infra,15,317073.73,2026-05-17,2026-06-01,closed,2026-05-31,14,-1,False,False,average_payer
INV12002404,B012,B012-C1098,Construction Client 098,Construction & Infra,15,451464.76,2026-05-28,2026-06-12,closed,2026-06-16,19,4,False,False,average_payer
INV12002405,B012,B012-C1098,Construction Client 098,Construction & Infra,15,651300.16,2026-06-22,2026-07-07,closed,2026-07-08,16,1,True,False,average_payer
INV12002406,B012,B012-C1098,Construction Client 098,Construction & Infra,15,530947.12,2026-07-26,2026-08-10,closed,2026-08-11,16,1,False,False,average_payer
INV12002407,B012,B012-C1099,Construction Client 099,Construction & Infra,45,43569.26,2024-05-16,2024-06-30,closed,2024-07-17,62,17,False,False,erratic_payer
INV12002408,B012,B012-C1099,Construction Client 099,Construction & Infra,45,88506.53,2024-07-14,2024-08-28,closed,2024-11-23,132,87,False,False,erratic_payer
INV12002409,B012,B012-C1099,Construction Client 099,Construction & Infra,45,75938.95,2024-07-23,2024-09-06,closed,2024-10-02,71,26,False,False,erratic_payer
INV12002410,B012,B012-C1099,Construction Client 099,Construction & Infra,45,65760.24,2024-07-27,2024-09-10,closed,2024-09-09,44,-1,False,False,erratic_payer
INV12002411,B012,B012-C1099,Construction Client 099,Construction & Infra,45,61784.29,2024-09-15,2024-10-30,closed,2024-10-26,41,-4,False,False,erratic_payer
INV12002412,B012,B012-C1099,Construction Client 099,Construction & Infra,45,194860.47,2024-10-05,2024-11-19,closed,2024-11-29,55,10,False,True,erratic_payer
INV12002413,B012,B012-C1099,Construction Client 099,Construction & Infra,45,53412.55,2024-11-29,2025-01-13,closed,2025-01-22,54,9,False,False,erratic_payer
INV12002414,B012,B012-C1099,Construction Client 099,Construction & Infra,45,68971.74,2024-11-29,2025-01-13,closed,2025-01-20,52,7,False,False,erratic_payer
INV12002415,B012,B012-C1099,Construction Client 099,Construction & Infra,45,78709.16,2025-02-24,2025-04-10,closed,2025-04-23,58,13,False,False,erratic_payer
INV12002416,B012,B012-C1099,Construction Client 099,Construction & Infra,45,70665.09,2025-05-26,2025-07-10,closed,2025-07-24,59,14,False,False,erratic_payer
INV12002417,B012,B012-C1099,Construction Client 099,Construction & Infra,45,60649.43,2025-07-05,2025-08-19,closed,2025-08-25,51,6,False,False,erratic_payer
INV12002418,B012,B012-C1099,Construction Client 099,Construction & Infra,45,75729.3,2025-09-13,2025-10-28,closed,2025-10-29,46,1,False,False,erratic_payer
INV12002419,B012,B012-C1099,Construction Client 099,Construction & Infra,45,50825.5,2025-10-03,2025-11-17,closed,2025-12-30,88,43,False,False,erratic_payer
INV12002420,B012,B012-C1099,Construction Client 099,Construction & Infra,45,92371.46,2025-11-02,2025-12-17,closed,2026-01-29,88,43,False,False,erratic_payer
INV12002421,B012,B012-C1099,Construction Client 099,Construction & Infra,45,111095.12,2026-02-20,2026-04-06,closed,2026-04-22,61,16,False,False,erratic_payer
INV12002422,B012,B012-C1099,Construction Client 099,Construction & Infra,45,85474.6,2026-02-21,2026-04-07,closed,2026-04-08,46,1,False,False,erratic_payer
INV12002423,B012,B012-C1099,Construction Client 099,Construction & Infra,45,48580.99,2026-03-06,2026-04-20,closed,2026-04-17,42,-3,False,False,erratic_payer
INV12002424,B012,B012-C1099,Construction Client 099,Construction & Infra,45,69764.61,2026-03-22,2026-05-06,closed,2026-08-03,134,89,False,False,erratic_payer
INV12002425,B012,B012-C1099,Construction Client 099,Construction & Infra,45,41730.35,2026-04-21,2026-06-05,closed,2026-05-03,12,-33,False,False,erratic_payer
INV12002426,B012,B012-C1099,Construction Client 099,Construction & Infra,45,48808.02,2026-05-14,2026-06-28,closed,2026-07-13,60,15,False,False,erratic_payer
INV12002427,B012,B012-C1099,Construction Client 099,Construction & Infra,45,68713.64,2026-07-13,2026-08-27,closed,2026-09-01,50,5,False,False,erratic_payer
INV12002428,B012,B012-C1100,Pharma Client 100,Pharma & Healthcare,60,54677.89,2024-05-29,2024-07-28,closed,2024-07-25,57,-3,False,False,prompt_payer
INV12002429,B012,B012-C1100,Pharma Client 100,Pharma & Healthcare,60,48126.41,2024-07-06,2024-09-04,closed,2024-08-27,52,-8,False,False,prompt_payer
INV12002430,B012,B012-C1100,Pharma Client 100,Pharma & Healthcare,60,48925.78,2024-07-31,2024-09-29,closed,2024-09-28,59,-1,False,False,prompt_payer
INV12002431,B012,B012-C1100,Pharma Client 100,Pharma & Healthcare,60,48919.48,2024-09-28,2024-11-27,closed,2024-11-24,57,-3,False,False,prompt_payer
INV12002432,B012,B012-C1100,Pharma Client 100,Pharma & Healthcare,60,59968.3,2024-10-07,2024-12-06,closed,2024-12-06,60,0,False,False,prompt_payer
INV12002433,B012,B012-C1100,Pharma Client 100,Pharma & Healthcare,60,62379.43,2024-12-18,2025-02-16,closed,2025-02-12,56,-4,False,False,prompt_payer
INV12002434,B012,B012-C1100,Pharma Client 100,Pharma & Healthcare,60,87211.37,2024-12-19,2025-02-17,closed,2025-02-14,57,-3,False,False,prompt_payer
INV12002435,B012,B012-C1100,Pharma Client 100,Pharma & Healthcare,60,83843.02,2025-03-05,2025-05-04,closed,2025-05-01,57,-3,False,False,prompt_payer
INV12002436,B012,B012-C1100,Pharma Client 100,Pharma & Healthcare,60,60321.5,2025-04-14,2025-06-13,closed,2025-06-08,55,-5,False,False,prompt_payer
INV12002437,B012,B012-C1100,Pharma Client 100,Pharma & Healthcare,60,108810.39,2025-04-20,2025-06-19,closed,2025-06-19,60,0,False,False,prompt_payer
INV12002438,B012,B012-C1100,Pharma Client 100,Pharma & Healthcare,60,68119.53,2025-05-26,2025-07-25,closed,2025-07-26,61,1,False,False,prompt_payer
INV12002439,B012,B012-C1100,Pharma Client 100,Pharma & Healthcare,60,58581.64,2025-06-01,2025-07-31,closed,2025-08-07,67,7,False,False,prompt_payer
INV12002440,B012,B012-C1100,Pharma Client 100,Pharma & Healthcare,60,32159.03,2025-06-21,2025-08-20,closed,2025-08-19,59,-1,False,False,prompt_payer
INV12002441,B012,B012-C1100,Pharma Client 100,Pharma & Healthcare,60,66083.16,2025-07-03,2025-09-01,closed,2025-08-31,59,-1,False,False,prompt_payer
INV12002442,B012,B012-C1100,Pharma Client 100,Pharma & Healthcare,60,71246.83,2025-08-26,2025-10-25,closed,2025-10-26,61,1,False,False,prompt_payer
INV12002443,B012,B012-C1100,Pharma Client 100,Pharma & Healthcare,60,55606.63,2025-10-10,2025-12-09,closed,2025-12-10,61,1,False,False,prompt_payer
INV12002444,B012,B012-C1100,Pharma Client 100,Pharma & Healthcare,60,62276.27,2025-10-26,2025-12-25,closed,2025-12-21,56,-4,False,False,prompt_payer
INV12002445,B012,B012-C1100,Pharma Client 100,Pharma & Healthcare,60,387574.02,2025-11-28,2026-01-27,closed,2026-01-25,58,-2,True,True,prompt_payer
INV12002446,B012,B012-C1100,Pharma Client 100,Pharma & Healthcare,60,62865.6,2026-01-02,2026-03-03,closed,2026-03-04,61,1,False,False,prompt_payer
INV12002447,B012,B012-C1100,Pharma Client 100,Pharma & Healthcare,60,55416.04,2026-02-14,2026-04-15,closed,2026-04-15,60,0,False,False,prompt_payer
INV12002448,B012,B012-C1100,Pharma Client 100,Pharma & Healthcare,60,84667.97,2026-02-26,2026-04-27,closed,2026-04-30,63,3,False,False,prompt_payer
INV12002449,B012,B012-C1100,Pharma Client 100,Pharma & Healthcare,60,70122.3,2026-05-30,2026-07-29,closed,2026-07-27,58,-2,False,False,prompt_payer
INV12002450,B012,B012-C1100,Pharma Client 100,Pharma & Healthcare,60,95018.94,2026-06-02,2026-08-01,closed,2026-07-30,58,-2,False,False,prompt_payer
INV12002451,B012,B012-C1100,Pharma Client 100,Pharma & Healthcare,60,66489.67,2026-06-26,2026-08-25,closed,2026-08-26,61,1,False,False,prompt_payer
INV12002452,B012,B012-C1100,Pharma Client 100,Pharma & Healthcare,60,37505.84,2026-07-28,2026-09-26,open,,,,False,False,prompt_payer
INV12002453,B012,B012-C1100,Pharma Client 100,Pharma & Healthcare,60,84399.13,2026-07-28,2026-09-26,open,,,,False,False,prompt_payer
INV12002454,B012,B012-C1101,IT Client 101,IT & Business Services,30,267745.73,2024-04-28,2024-05-28,closed,2024-06-11,44,14,False,False,average_payer
INV12002455,B012,B012-C1101,IT Client 101,IT & Business Services,30,140910.79,2024-04-29,2024-05-29,closed,2024-06-05,37,7,False,False,average_payer
INV12002456,B012,B012-C1101,IT Client 101,IT & Business Services,30,291314.43,2024-06-04,2024-07-04,closed,2024-07-06,32,2,False,False,average_payer
INV12002457,B012,B012-C1101,IT Client 101,IT & Business Services,30,233052.51,2024-07-18,2024-08-17,closed,2024-08-28,41,11,False,False,average_payer
INV12002458,B012,B012-C1101,IT Client 101,IT & Business Services,30,127219.4,2024-07-31,2024-08-30,closed,2024-09-12,43,13,False,False,average_payer
INV12002459,B012,B012-C1101,IT Client 101,IT & Business Services,30,193487.99,2024-08-05,2024-09-04,closed,2024-09-18,44,14,False,False,average_payer
INV12002460,B012,B012-C1101,IT Client 101,IT & Business Services,30,250139.94,2024-10-18,2024-11-17,closed,2024-11-22,35,5,False,False,average_payer
INV12002461,B012,B012-C1101,IT Client 101,IT & Business Services,30,211512.59,2024-10-30,2024-11-29,closed,2024-12-18,49,19,False,False,average_payer
INV12002462,B012,B012-C1101,IT Client 101,IT & Business Services,30,239982.68,2024-11-15,2024-12-15,closed,2024-12-20,35,5,False,False,average_payer
INV12002463,B012,B012-C1101,IT Client 101,IT & Business Services,30,136671.56,2025-01-23,2025-02-22,closed,2025-03-06,42,12,False,False,average_payer
INV12002464,B012,B012-C1101,IT Client 101,IT & Business Services,30,186529.01,2025-03-18,2025-04-17,closed,2025-04-20,33,3,False,False,average_payer
INV12002465,B012,B012-C1101,IT Client 101,IT & Business Services,30,222206.07,2025-04-08,2025-05-08,closed,2025-04-30,22,-8,False,False,average_payer
INV12002466,B012,B012-C1101,IT Client 101,IT & Business Services,30,201388.96,2025-04-12,2025-05-12,closed,2025-05-17,35,5,False,False,average_payer
INV12002467,B012,B012-C1101,IT Client 101,IT & Business Services,30,269344.04,2025-04-14,2025-05-14,closed,2025-05-26,42,12,False,False,average_payer
INV12002468,B012,B012-C1101,IT Client 101,IT & Business Services,30,238385.62,2025-04-20,2025-05-20,closed,2025-05-25,35,5,False,False,average_payer
INV12002469,B012,B012-C1101,IT Client 101,IT & Business Services,30,475206.19,2025-06-22,2025-07-22,closed,2025-07-28,36,6,False,True,average_payer
INV12002470,B012,B012-C1101,IT Client 101,IT & Business Services,30,130781.77,2025-07-14,2025-08-13,closed,2025-08-10,27,-3,False,False,average_payer
INV12002471,B012,B012-C1101,IT Client 101,IT & Business Services,30,181330.09,2025-08-01,2025-08-31,closed,2025-09-04,34,4,False,False,average_payer
INV12002472,B012,B012-C1101,IT Client 101,IT & Business Services,30,262216.14,2025-08-22,2025-09-21,closed,2025-10-08,47,17,False,False,average_payer
INV12002473,B012,B012-C1101,IT Client 101,IT & Business Services,30,148399.01,2025-10-13,2025-11-12,closed,2025-11-18,36,6,False,False,average_payer
INV12002474,B012,B012-C1101,IT Client 101,IT & Business Services,30,275898.67,2025-11-06,2025-12-06,closed,2025-12-10,34,4,False,False,average_payer
INV12002475,B012,B012-C1101,IT Client 101,IT & Business Services,30,213624.51,2025-12-10,2026-01-09,closed,2026-01-16,37,7,False,False,average_payer
INV12002476,B012,B012-C1101,IT Client 101,IT & Business Services,30,244623.45,2026-01-04,2026-02-03,closed,2026-02-13,40,10,False,False,average_payer
INV12002477,B012,B012-C1101,IT Client 101,IT & Business Services,30,288033.46,2026-01-14,2026-02-13,closed,2026-02-21,38,8,False,False,average_payer
INV12002478,B012,B012-C1101,IT Client 101,IT & Business Services,30,234814.09,2026-01-21,2026-02-20,closed,2026-02-18,28,-2,False,False,average_payer
INV12002479,B012,B012-C1101,IT Client 101,IT & Business Services,30,183626.35,2026-02-12,2026-03-14,closed,2026-03-17,33,3,False,False,average_payer
INV12002480,B012,B012-C1101,IT Client 101,IT & Business Services,30,260607.78,2026-04-23,2026-05-23,closed,2026-06-02,40,10,False,False,average_payer
INV12002481,B012,B012-C1101,IT Client 101,IT & Business Services,30,306328.13,2026-05-23,2026-06-22,closed,2026-06-30,38,8,False,False,average_payer
INV12002482,B012,B012-C1101,IT Client 101,IT & Business Services,30,177086.52,2026-08-08,2026-09-07,disputed_open,,,,False,False,average_payer
INV12002483,B012,B012-C1102,FMCG Client 102,FMCG & Food Processing,30,7090.53,2024-04-11,2024-05-11,closed,2024-05-23,42,12,False,False,deteriorating_payer
INV12002484,B012,B012-C1102,FMCG Client 102,FMCG & Food Processing,30,3452.73,2024-04-27,2024-05-27,closed,2024-06-05,39,9,False,False,deteriorating_payer
INV12002485,B012,B012-C1102,FMCG Client 102,FMCG & Food Processing,30,3826.68,2024-05-23,2024-06-22,closed,2024-07-19,57,27,False,False,deteriorating_payer
INV12002486,B012,B012-C1102,FMCG Client 102,FMCG & Food Processing,30,6868.86,2024-08-04,2024-09-03,closed,2024-10-15,72,42,False,False,deteriorating_payer
INV12002487,B012,B012-C1102,FMCG Client 102,FMCG & Food Processing,30,8435.65,2024-08-27,2024-09-26,closed,2024-10-24,58,28,False,False,deteriorating_payer
INV12002488,B012,B012-C1102,FMCG Client 102,FMCG & Food Processing,30,8366.39,2024-09-22,2024-10-22,closed,2024-11-13,52,22,False,False,deteriorating_payer
INV12002489,B012,B012-C1102,FMCG Client 102,FMCG & Food Processing,30,33843.75,2024-11-21,2024-12-21,closed,2024-12-22,31,1,False,True,deteriorating_payer
INV12002490,B012,B012-C1102,FMCG Client 102,FMCG & Food Processing,30,6694.48,2024-12-16,2025-01-15,closed,2025-02-16,62,32,False,False,deteriorating_payer
INV12002491,B012,B012-C1102,FMCG Client 102,FMCG & Food Processing,30,3983.42,2025-01-09,2025-02-08,closed,2025-03-13,63,33,False,False,deteriorating_payer
INV12002492,B012,B012-C1102,FMCG Client 102,FMCG & Food Processing,30,6940.7,2025-02-03,2025-03-05,closed,2025-03-09,34,4,False,False,deteriorating_payer
INV12002493,B012,B012-C1102,FMCG Client 102,FMCG & Food Processing,30,9967.79,2025-03-24,2025-04-23,closed,2025-06-03,71,41,False,False,deteriorating_payer
INV12002494,B012,B012-C1102,FMCG Client 102,FMCG & Food Processing,30,4266.54,2025-03-25,2025-04-24,closed,2025-05-25,61,31,False,False,deteriorating_payer
INV12002495,B012,B012-C1102,FMCG Client 102,FMCG & Food Processing,30,4606.38,2025-04-04,2025-05-04,closed,2025-05-03,29,-1,False,False,deteriorating_payer
INV12002496,B012,B012-C1102,FMCG Client 102,FMCG & Food Processing,30,6520.59,2025-04-12,2025-05-12,closed,2025-06-06,55,25,False,False,deteriorating_payer
INV12002497,B012,B012-C1102,FMCG Client 102,FMCG & Food Processing,30,4610.35,2025-05-08,2025-06-07,closed,2025-07-08,61,31,False,False,deteriorating_payer
INV12002498,B012,B012-C1102,FMCG Client 102,FMCG & Food Processing,30,3834.55,2025-07-02,2025-08-01,closed,2025-08-20,49,19,False,False,deteriorating_payer
INV12002499,B012,B012-C1102,FMCG Client 102,FMCG & Food Processing,30,4558.92,2025-07-31,2025-08-30,closed,2025-10-02,63,33,False,False,deteriorating_payer
INV12002500,B012,B012-C1102,FMCG Client 102,FMCG & Food Processing,30,6983.12,2025-09-14,2025-10-14,closed,2025-11-21,68,38,False,False,deteriorating_payer
INV12002501,B012,B012-C1102,FMCG Client 102,FMCG & Food Processing,30,5443.62,2025-09-29,2025-10-29,closed,2025-12-05,67,37,False,False,deteriorating_payer
INV12002502,B012,B012-C1102,FMCG Client 102,FMCG & Food Processing,30,5328.66,2025-11-19,2025-12-19,closed,2026-01-08,50,20,False,False,deteriorating_payer
INV12002503,B012,B012-C1102,FMCG Client 102,FMCG & Food Processing,30,5910.45,2026-01-20,2026-02-19,closed,2026-03-25,64,34,False,False,deteriorating_payer
INV12002504,B012,B012-C1102,FMCG Client 102,FMCG & Food Processing,30,7536.5,2026-01-29,2026-02-28,closed,2026-04-05,66,36,False,False,deteriorating_payer
INV12002505,B012,B012-C1102,FMCG Client 102,FMCG & Food Processing,30,4529.94,2026-02-05,2026-03-07,closed,2026-04-14,68,38,False,False,deteriorating_payer
INV12002506,B012,B012-C1102,FMCG Client 102,FMCG & Food Processing,30,4450.1,2026-04-02,2026-05-02,closed,2026-05-26,54,24,False,False,deteriorating_payer
INV12002507,B012,B012-C1102,FMCG Client 102,FMCG & Food Processing,30,9453.52,2026-05-07,2026-06-06,closed,2026-07-29,83,53,False,False,deteriorating_payer
INV12002508,B012,B012-C1102,FMCG Client 102,FMCG & Food Processing,30,6401.5,2026-06-29,2026-07-29,closed,2026-08-28,60,30,False,False,deteriorating_payer
INV12002509,B012,B012-C1102,FMCG Client 102,FMCG & Food Processing,30,5824.79,2026-07-09,2026-08-08,open,,,,False,False,deteriorating_payer
INV12002510,B012,B012-C1102,FMCG Client 102,FMCG & Food Processing,30,10902.67,2026-08-22,2026-09-21,disputed_open,,,,False,False,deteriorating_payer
INV12002511,B012,B012-C1103,Textiles Client 103,Textiles & Apparel,15,138279.73,2024-03-18,2024-04-02,closed,2024-05-12,55,40,False,False,erratic_payer
INV12002512,B012,B012-C1103,Textiles Client 103,Textiles & Apparel,15,159933.56,2024-03-28,2024-04-12,closed,2024-04-22,25,10,False,False,erratic_payer
INV12002513,B012,B012-C1103,Textiles Client 103,Textiles & Apparel,15,86701.01,2024-03-30,2024-04-14,closed,2024-04-30,31,16,False,False,erratic_payer
INV12002514,B012,B012-C1103,Textiles Client 103,Textiles & Apparel,15,427675.14,2024-05-10,2024-05-25,closed,2024-06-07,28,13,False,False,erratic_payer
INV12002515,B012,B012-C1103,Textiles Client 103,Textiles & Apparel,15,98879.86,2024-06-03,2024-06-18,closed,2024-06-20,17,2,False,False,erratic_payer
INV12002516,B012,B012-C1103,Textiles Client 103,Textiles & Apparel,15,185631.43,2024-06-04,2024-06-19,open,,,,False,False,erratic_payer
INV12002517,B012,B012-C1103,Textiles Client 103,Textiles & Apparel,15,131747.53,2024-06-15,2024-06-30,closed,2024-06-22,7,-8,False,False,erratic_payer
INV12002518,B012,B012-C1103,Textiles Client 103,Textiles & Apparel,15,196476.2,2024-06-27,2024-07-12,closed,2024-07-29,32,17,False,False,erratic_payer
INV12002519,B012,B012-C1103,Textiles Client 103,Textiles & Apparel,15,158616.32,2024-07-11,2024-07-26,closed,2024-07-29,18,3,False,False,erratic_payer
INV12002520,B012,B012-C1103,Textiles Client 103,Textiles & Apparel,15,386817.19,2024-07-15,2024-07-30,open,,,,False,True,erratic_payer
INV12002521,B012,B012-C1103,Textiles Client 103,Textiles & Apparel,15,181053.15,2024-07-20,2024-08-04,closed,2024-08-08,19,4,False,False,erratic_payer
INV12002522,B012,B012-C1103,Textiles Client 103,Textiles & Apparel,15,151422.43,2024-10-02,2024-10-17,closed,2024-12-03,62,47,False,False,erratic_payer
INV12002523,B012,B012-C1103,Textiles Client 103,Textiles & Apparel,15,830995.64,2024-10-13,2024-10-28,closed,2024-11-15,33,18,False,True,erratic_payer
INV12002524,B012,B012-C1103,Textiles Client 103,Textiles & Apparel,15,218418.88,2024-11-02,2024-11-17,closed,2024-12-01,29,14,False,False,erratic_payer
INV12002525,B012,B012-C1103,Textiles Client 103,Textiles & Apparel,15,172184.58,2024-11-17,2024-12-02,closed,2025-03-06,109,94,False,False,erratic_payer
INV12002526,B012,B012-C1103,Textiles Client 103,Textiles & Apparel,15,175611.53,2025-01-01,2025-01-16,closed,2025-01-20,19,4,True,False,erratic_payer
INV12002527,B012,B012-C1103,Textiles Client 103,Textiles & Apparel,15,226088.55,2025-01-09,2025-01-24,closed,2025-02-08,30,15,False,False,erratic_payer
INV12002528,B012,B012-C1103,Textiles Client 103,Textiles & Apparel,15,178038.79,2025-01-21,2025-02-05,closed,2025-02-17,27,12,False,False,erratic_payer
INV12002529,B012,B012-C1103,Textiles Client 103,Textiles & Apparel,15,144887.6,2025-02-22,2025-03-09,closed,2025-03-03,9,-6,False,False,erratic_payer
INV12002530,B012,B012-C1103,Textiles Client 103,Textiles & Apparel,15,281267.42,2025-02-26,2025-03-13,closed,2025-04-05,38,23,False,False,erratic_payer
INV12002531,B012,B012-C1103,Textiles Client 103,Textiles & Apparel,15,226616.69,2025-03-02,2025-03-17,closed,2025-03-15,13,-2,False,False,erratic_payer
INV12002532,B012,B012-C1103,Textiles Client 103,Textiles & Apparel,15,220109.88,2025-04-13,2025-04-28,closed,2025-05-07,24,9,False,False,erratic_payer
INV12002533,B012,B012-C1103,Textiles Client 103,Textiles & Apparel,15,137218.27,2025-04-21,2025-05-06,closed,2025-05-17,26,11,False,False,erratic_payer
INV12002534,B012,B012-C1103,Textiles Client 103,Textiles & Apparel,15,103913.97,2025-04-25,2025-05-10,closed,2025-05-13,18,3,False,False,erratic_payer
INV12002535,B012,B012-C1103,Textiles Client 103,Textiles & Apparel,15,206331.0,2025-05-30,2025-06-14,closed,2025-06-19,20,5,False,False,erratic_payer
INV12002536,B012,B012-C1103,Textiles Client 103,Textiles & Apparel,15,149665.77,2025-06-02,2025-06-17,closed,2025-06-27,25,10,False,False,erratic_payer
INV12002537,B012,B012-C1103,Textiles Client 103,Textiles & Apparel,15,290762.94,2025-06-17,2025-07-02,closed,2025-07-08,21,6,False,False,erratic_payer
INV12002538,B012,B012-C1103,Textiles Client 103,Textiles & Apparel,15,233905.72,2025-06-23,2025-07-08,closed,2025-07-17,24,9,False,False,erratic_payer
INV12002539,B012,B012-C1103,Textiles Client 103,Textiles & Apparel,15,194605.5,2025-07-30,2025-08-14,open,,,,False,False,erratic_payer
INV12002540,B012,B012-C1103,Textiles Client 103,Textiles & Apparel,15,203231.61,2025-09-13,2025-09-28,closed,2025-10-11,28,13,False,False,erratic_payer
INV12002541,B012,B012-C1103,Textiles Client 103,Textiles & Apparel,15,316249.48,2025-09-29,2025-10-14,closed,2025-10-23,24,9,False,False,erratic_payer
INV12002542,B012,B012-C1103,Textiles Client 103,Textiles & Apparel,15,230577.64,2025-10-25,2025-11-09,closed,2025-11-17,23,8,False,False,erratic_payer
INV12002543,B012,B012-C1103,Textiles Client 103,Textiles & Apparel,15,142097.52,2025-11-08,2025-11-23,closed,2025-12-08,30,15,False,False,erratic_payer
INV12002544,B012,B012-C1103,Textiles Client 103,Textiles & Apparel,15,158261.74,2025-12-06,2025-12-21,closed,2026-01-03,28,13,False,False,erratic_payer
INV12002545,B012,B012-C1103,Textiles Client 103,Textiles & Apparel,15,133637.55,2025-12-30,2026-01-14,closed,2026-01-14,15,0,False,False,erratic_payer
INV12002546,B012,B012-C1103,Textiles Client 103,Textiles & Apparel,15,129807.1,2026-01-03,2026-01-18,closed,2026-02-18,46,31,False,False,erratic_payer
INV12002547,B012,B012-C1103,Textiles Client 103,Textiles & Apparel,15,185914.75,2026-01-05,2026-01-20,closed,2026-01-24,19,4,False,False,erratic_payer
INV12002548,B012,B012-C1103,Textiles Client 103,Textiles & Apparel,15,140459.39,2026-01-05,2026-01-20,closed,2026-01-29,24,9,False,False,erratic_payer
INV12002549,B012,B012-C1103,Textiles Client 103,Textiles & Apparel,15,179752.16,2026-01-08,2026-01-23,closed,2026-01-14,6,-9,False,False,erratic_payer
INV12002550,B012,B012-C1103,Textiles Client 103,Textiles & Apparel,15,180142.44,2026-02-19,2026-03-06,closed,2026-04-18,58,43,False,False,erratic_payer
INV12002551,B012,B012-C1103,Textiles Client 103,Textiles & Apparel,15,218121.93,2026-02-27,2026-03-14,closed,2026-04-10,42,27,False,False,erratic_payer
INV12002552,B012,B012-C1103,Textiles Client 103,Textiles & Apparel,15,780884.95,2026-03-13,2026-03-28,closed,2026-04-04,22,7,False,True,erratic_payer
INV12002553,B012,B012-C1103,Textiles Client 103,Textiles & Apparel,15,205609.98,2026-03-26,2026-04-10,closed,2026-05-11,46,31,False,False,erratic_payer
INV12002554,B012,B012-C1103,Textiles Client 103,Textiles & Apparel,15,183555.41,2026-04-13,2026-04-28,closed,2026-05-04,21,6,False,False,erratic_payer
INV12002555,B012,B012-C1103,Textiles Client 103,Textiles & Apparel,15,179054.15,2026-05-09,2026-05-24,closed,2026-06-14,36,21,False,False,erratic_payer
INV12002556,B012,B012-C1103,Textiles Client 103,Textiles & Apparel,15,270721.39,2026-06-02,2026-06-17,closed,2026-06-28,26,11,False,False,erratic_payer
INV12002557,B012,B012-C1103,Textiles Client 103,Textiles & Apparel,15,247100.14,2026-07-15,2026-07-30,closed,2026-08-11,27,12,False,False,erratic_payer
INV12002558,B012,B012-C1103,Textiles Client 103,Textiles & Apparel,15,173059.19,2026-07-18,2026-08-02,closed,2026-08-04,17,2,False,False,erratic_payer
INV12002559,B012,B012-C1103,Textiles Client 103,Textiles & Apparel,15,194658.29,2026-08-02,2026-08-17,closed,2026-08-21,19,4,False,False,erratic_payer
INV12002560,B012,B012-C1103,Textiles Client 103,Textiles & Apparel,15,117888.91,2026-08-10,2026-08-25,closed,2026-08-30,20,5,False,False,erratic_payer
INV12002561,B012,B012-C1104,Retail Client 104,Retail & Distribution,30,63698.73,2024-04-29,2024-05-29,closed,2024-07-06,68,38,False,False,erratic_payer
INV12002562,B012,B012-C1104,Retail Client 104,Retail & Distribution,30,35595.35,2024-05-24,2024-06-23,closed,2024-06-24,31,1,False,False,erratic_payer
INV12002563,B012,B012-C1104,Retail Client 104,Retail & Distribution,30,72289.12,2024-06-03,2024-07-03,closed,2024-08-11,69,39,False,False,erratic_payer
INV12002564,B012,B012-C1104,Retail Client 104,Retail & Distribution,30,34778.4,2024-06-07,2024-07-07,closed,2024-07-23,46,16,True,False,erratic_payer
INV12002565,B012,B012-C1104,Retail Client 104,Retail & Distribution,30,37163.11,2024-06-16,2024-07-16,closed,2024-07-09,23,-7,True,False,erratic_payer
INV12002566,B012,B012-C1104,Retail Client 104,Retail & Distribution,30,41178.43,2024-08-24,2024-09-23,closed,2024-10-01,38,8,False,False,erratic_payer
INV12002567,B012,B012-C1104,Retail Client 104,Retail & Distribution,30,55706.48,2024-10-08,2024-11-07,closed,2024-11-10,33,3,False,False,erratic_payer
INV12002568,B012,B012-C1104,Retail Client 104,Retail & Distribution,30,58628.33,2024-10-10,2024-11-09,closed,2024-11-12,33,3,False,False,erratic_payer
INV12002569,B012,B012-C1104,Retail Client 104,Retail & Distribution,30,103930.56,2024-12-19,2025-01-18,closed,2025-01-26,38,8,False,True,erratic_payer
INV12002570,B012,B012-C1104,Retail Client 104,Retail & Distribution,30,38119.39,2025-01-07,2025-02-06,closed,2025-01-30,23,-7,False,False,erratic_payer
INV12002571,B012,B012-C1104,Retail Client 104,Retail & Distribution,30,23273.29,2025-02-02,2025-03-04,closed,2025-03-08,34,4,False,False,erratic_payer
INV12002572,B012,B012-C1104,Retail Client 104,Retail & Distribution,30,28674.78,2025-02-08,2025-03-10,closed,2025-03-22,42,12,False,False,erratic_payer
INV12002573,B012,B012-C1104,Retail Client 104,Retail & Distribution,30,45870.84,2025-02-09,2025-03-11,closed,2025-03-19,38,8,False,False,erratic_payer
INV12002574,B012,B012-C1104,Retail Client 104,Retail & Distribution,30,36065.65,2025-03-28,2025-04-27,closed,2025-04-27,30,0,False,False,erratic_payer
INV12002575,B012,B012-C1104,Retail Client 104,Retail & Distribution,30,33427.97,2025-04-19,2025-05-19,closed,2025-05-25,36,6,False,False,erratic_payer
INV12002576,B012,B012-C1104,Retail Client 104,Retail & Distribution,30,50684.63,2025-05-01,2025-05-31,disputed_open,,,,False,False,erratic_payer
INV12002577,B012,B012-C1104,Retail Client 104,Retail & Distribution,30,32521.4,2025-05-28,2025-06-27,closed,2025-07-07,40,10,False,False,erratic_payer
INV12002578,B012,B012-C1104,Retail Client 104,Retail & Distribution,30,41173.59,2025-06-01,2025-07-01,closed,2025-07-11,40,10,False,False,erratic_payer
INV12002579,B012,B012-C1104,Retail Client 104,Retail & Distribution,30,27739.39,2025-07-19,2025-08-18,closed,2025-09-05,48,18,False,False,erratic_payer
INV12002580,B012,B012-C1104,Retail Client 104,Retail & Distribution,30,27948.88,2025-07-20,2025-08-19,closed,2025-08-23,34,4,False,False,erratic_payer
INV12002581,B012,B012-C1104,Retail Client 104,Retail & Distribution,30,57874.95,2025-08-09,2025-09-08,closed,2025-09-18,40,10,False,False,erratic_payer
INV12002582,B012,B012-C1104,Retail Client 104,Retail & Distribution,30,38618.38,2025-09-09,2025-10-09,closed,2025-12-29,111,81,False,False,erratic_payer
INV12002583,B012,B012-C1104,Retail Client 104,Retail & Distribution,30,62677.68,2025-10-29,2025-11-28,closed,2025-12-02,34,4,False,False,erratic_payer
INV12002584,B012,B012-C1104,Retail Client 104,Retail & Distribution,30,42681.14,2025-12-28,2026-01-27,closed,2026-01-26,29,-1,False,False,erratic_payer
INV12002585,B012,B012-C1104,Retail Client 104,Retail & Distribution,30,57431.9,2026-01-08,2026-02-07,closed,2026-02-14,37,7,False,False,erratic_payer
INV12002586,B012,B012-C1104,Retail Client 104,Retail & Distribution,30,54537.37,2026-02-19,2026-03-21,closed,2026-03-22,31,1,False,False,erratic_payer
INV12002587,B012,B012-C1104,Retail Client 104,Retail & Distribution,30,49321.57,2026-03-16,2026-04-15,closed,2026-04-21,36,6,False,False,erratic_payer
INV12002588,B012,B012-C1104,Retail Client 104,Retail & Distribution,30,40095.09,2026-03-24,2026-04-23,closed,2026-05-01,38,8,False,False,erratic_payer
INV12002589,B012,B012-C1104,Retail Client 104,Retail & Distribution,30,55529.38,2026-03-26,2026-04-25,closed,2026-05-01,36,6,False,False,erratic_payer
INV12002590,B012,B012-C1104,Retail Client 104,Retail & Distribution,30,22689.33,2026-04-17,2026-05-17,closed,2026-05-17,30,0,False,False,erratic_payer
INV12002591,B012,B012-C1104,Retail Client 104,Retail & Distribution,30,48184.74,2026-05-21,2026-06-20,closed,2026-06-14,24,-6,False,False,erratic_payer
INV12002592,B012,B012-C1104,Retail Client 104,Retail & Distribution,30,43340.55,2026-06-16,2026-07-16,closed,2026-07-10,24,-6,False,False,erratic_payer
INV12002593,B012,B012-C1104,Retail Client 104,Retail & Distribution,30,22984.0,2026-08-07,2026-09-06,open,,,,False,False,erratic_payer
INV12002594,B012,B012-C1105,Textiles Client 105,Textiles & Apparel,45,61715.7,2024-05-04,2024-06-18,closed,2024-06-16,43,-2,False,False,deteriorating_payer
INV12002595,B012,B012-C1105,Textiles Client 105,Textiles & Apparel,45,41249.11,2024-08-14,2024-09-28,closed,2024-11-04,82,37,False,False,deteriorating_payer
INV12002596,B012,B012-C1105,Textiles Client 105,Textiles & Apparel,45,69554.17,2024-11-08,2024-12-23,closed,2024-12-21,43,-2,False,False,deteriorating_payer
INV12002597,B012,B012-C1105,Textiles Client 105,Textiles & Apparel,45,45352.4,2024-12-27,2025-02-10,closed,2025-03-06,69,24,False,False,deteriorating_payer
INV12002598,B012,B012-C1105,Textiles Client 105,Textiles & Apparel,45,47958.37,2025-03-13,2025-04-27,closed,2025-05-14,62,17,False,False,deteriorating_payer
INV12002599,B012,B012-C1105,Textiles Client 105,Textiles & Apparel,45,74341.77,2025-04-07,2025-05-22,open,,,,False,False,deteriorating_payer
INV12002600,B012,B012-C1105,Textiles Client 105,Textiles & Apparel,45,100827.03,2025-07-01,2025-08-15,closed,2025-08-22,52,7,False,False,deteriorating_payer
INV12002601,B012,B012-C1105,Textiles Client 105,Textiles & Apparel,45,52812.28,2025-08-29,2025-10-13,closed,2025-10-11,43,-2,False,False,deteriorating_payer
INV12002602,B012,B012-C1105,Textiles Client 105,Textiles & Apparel,45,40620.44,2025-10-07,2025-11-21,closed,2025-11-25,49,4,False,False,deteriorating_payer
INV12002603,B012,B012-C1105,Textiles Client 105,Textiles & Apparel,45,40997.6,2025-11-01,2025-12-16,closed,2026-01-11,71,26,False,False,deteriorating_payer
INV12002604,B012,B012-C1105,Textiles Client 105,Textiles & Apparel,45,56321.19,2025-12-24,2026-02-07,closed,2026-02-05,43,-2,False,False,deteriorating_payer
INV12002605,B012,B012-C1105,Textiles Client 105,Textiles & Apparel,45,32619.84,2025-12-29,2026-02-12,closed,2026-02-27,60,15,False,False,deteriorating_payer
INV12002606,B012,B012-C1105,Textiles Client 105,Textiles & Apparel,45,89078.08,2026-01-13,2026-02-27,closed,2026-04-18,95,50,False,False,deteriorating_payer
INV12002607,B012,B012-C1105,Textiles Client 105,Textiles & Apparel,45,63523.28,2026-01-24,2026-03-10,closed,2026-05-04,100,55,False,False,deteriorating_payer
INV12002608,B012,B012-C1105,Textiles Client 105,Textiles & Apparel,45,55580.69,2026-02-22,2026-04-08,closed,2026-06-04,102,57,False,False,deteriorating_payer
INV12002609,B012,B012-C1105,Textiles Client 105,Textiles & Apparel,45,71651.93,2026-07-01,2026-08-15,open,,,,False,False,deteriorating_payer
INV12002610,B012,B012-C1105,Textiles Client 105,Textiles & Apparel,45,39179.38,2026-07-01,2026-08-15,open,,,,False,False,deteriorating_payer
INV12002611,B012,B012-C1105,Textiles Client 105,Textiles & Apparel,45,43127.91,2026-08-03,2026-09-17,open,,,,False,False,deteriorating_payer
INV12002612,B012,B012-C1105,Textiles Client 105,Textiles & Apparel,45,57743.2,2026-08-13,2026-09-27,disputed_open,,,,False,False,deteriorating_payer
INV12002613,B012,B012-C1105,Textiles Client 105,Textiles & Apparel,45,50649.14,2026-08-15,2026-09-29,open,,,,False,False,deteriorating_payer
INV12002614,B012,B012-C1106,IT Client 106,IT & Business Services,30,1057269.54,2024-04-09,2024-05-09,closed,2024-05-11,32,2,False,True,average_payer
INV12002615,B012,B012-C1106,IT Client 106,IT & Business Services,30,198716.93,2024-04-15,2024-05-15,closed,2024-05-12,27,-3,False,False,average_payer
INV12002616,B012,B012-C1106,IT Client 106,IT & Business Services,30,191384.17,2024-05-10,2024-06-09,closed,2024-06-23,44,14,False,False,average_payer
INV12002617,B012,B012-C1106,IT Client 106,IT & Business Services,30,156395.29,2024-06-20,2024-07-20,closed,2024-07-26,36,6,False,False,average_payer
INV12002618,B012,B012-C1106,IT Client 106,IT & Business Services,30,141536.08,2024-08-08,2024-09-07,closed,2024-08-27,19,-11,False,False,average_payer
INV12002619,B012,B012-C1106,IT Client 106,IT & Business Services,30,153626.56,2024-12-28,2025-01-27,closed,2025-02-10,44,14,False,False,average_payer
INV12002620,B012,B012-C1106,IT Client 106,IT & Business Services,30,183084.6,2025-01-01,2025-01-31,closed,2025-02-13,43,13,False,False,average_payer
INV12002621,B012,B012-C1106,IT Client 106,IT & Business Services,30,173049.96,2025-01-05,2025-02-04,closed,2025-02-14,40,10,False,False,average_payer
INV12002622,B012,B012-C1106,IT Client 106,IT & Business Services,30,236381.61,2025-02-16,2025-03-18,closed,2025-03-28,40,10,False,False,average_payer
INV12002623,B012,B012-C1106,IT Client 106,IT & Business Services,30,266042.5,2025-05-17,2025-06-16,closed,2025-06-18,32,2,False,False,average_payer
INV12002624,B012,B012-C1106,IT Client 106,IT & Business Services,30,104834.79,2025-08-01,2025-08-31,closed,2025-09-15,45,15,False,False,average_payer
INV12002625,B012,B012-C1106,IT Client 106,IT & Business Services,30,189627.06,2025-12-25,2026-01-24,closed,2026-02-03,40,10,False,False,average_payer
INV12002626,B012,B012-C1106,IT Client 106,IT & Business Services,30,219757.86,2026-01-13,2026-02-12,closed,2026-02-23,41,11,False,False,average_payer
INV12002627,B012,B012-C1106,IT Client 106,IT & Business Services,30,216390.69,2026-02-04,2026-03-06,closed,2026-03-06,30,0,False,False,average_payer
INV12002628,B012,B012-C1106,IT Client 106,IT & Business Services,30,190908.2,2026-03-09,2026-04-08,closed,2026-04-17,39,9,False,False,average_payer
INV12002629,B012,B012-C1106,IT Client 106,IT & Business Services,30,170883.11,2026-06-02,2026-07-02,closed,2026-07-11,39,9,False,False,average_payer
INV12002630,B012,B012-C1106,IT Client 106,IT & Business Services,30,587521.54,2026-06-28,2026-07-28,closed,2026-07-30,32,2,False,True,average_payer
INV12002631,B012,B012-C1107,Auto Client 107,Auto Components,45,23824.6,2024-04-16,2024-05-31,closed,2024-06-01,46,1,True,False,prompt_payer
INV12002632,B012,B012-C1107,Auto Client 107,Auto Components,45,20016.85,2024-06-02,2024-07-17,closed,2024-07-18,46,1,False,False,prompt_payer
INV12002633,B012,B012-C1107,Auto Client 107,Auto Components,45,12060.95,2024-07-09,2024-08-23,closed,2024-08-24,46,1,True,False,prompt_payer
INV12002634,B012,B012-C1107,Auto Client 107,Auto Components,45,38208.88,2024-07-15,2024-08-29,closed,2024-08-30,46,1,False,False,prompt_payer
INV12002635,B012,B012-C1107,Auto Client 107,Auto Components,45,18613.81,2024-09-14,2024-10-29,closed,2024-10-29,45,0,False,False,prompt_payer
INV12002636,B012,B012-C1107,Auto Client 107,Auto Components,45,19550.77,2024-09-24,2024-11-08,closed,2024-11-05,42,-3,False,False,prompt_payer
INV12002637,B012,B012-C1107,Auto Client 107,Auto Components,45,19415.89,2024-10-24,2024-12-08,closed,2024-12-08,45,0,False,False,prompt_payer
INV12002638,B012,B012-C1107,Auto Client 107,Auto Components,45,17748.86,2024-11-30,2025-01-14,closed,2025-01-16,47,2,False,False,prompt_payer
INV12002639,B012,B012-C1107,Auto Client 107,Auto Components,45,24129.5,2024-12-30,2025-02-13,closed,2025-02-07,39,-6,False,False,prompt_payer
INV12002640,B012,B012-C1107,Auto Client 107,Auto Components,45,15407.85,2025-03-11,2025-04-25,closed,2025-04-30,50,5,True,False,prompt_payer
INV12002641,B012,B012-C1107,Auto Client 107,Auto Components,45,19781.03,2025-03-14,2025-04-28,closed,2025-04-30,47,2,False,False,prompt_payer
INV12002642,B012,B012-C1107,Auto Client 107,Auto Components,45,19369.01,2025-04-15,2025-05-30,closed,2025-06-01,47,2,False,False,prompt_payer
INV12002643,B012,B012-C1107,Auto Client 107,Auto Components,45,59464.22,2025-05-04,2025-06-18,closed,2025-06-19,46,1,False,True,prompt_payer
INV12002644,B012,B012-C1107,Auto Client 107,Auto Components,45,25577.46,2025-07-18,2025-09-01,closed,2025-08-26,39,-6,False,False,prompt_payer
INV12002645,B012,B012-C1107,Auto Client 107,Auto Components,45,20782.28,2025-09-26,2025-11-10,closed,2025-11-13,48,3,False,False,prompt_payer
INV12002646,B012,B012-C1107,Auto Client 107,Auto Components,45,125299.84,2025-10-21,2025-12-05,closed,2025-12-05,45,0,False,True,prompt_payer
INV12002647,B012,B012-C1107,Auto Client 107,Auto Components,45,20792.6,2025-10-25,2025-12-09,closed,2025-12-08,44,-1,False,False,prompt_payer
INV12002648,B012,B012-C1107,Auto Client 107,Auto Components,45,11753.34,2025-11-10,2025-12-25,open,,,,False,False,prompt_payer
INV12002649,B012,B012-C1107,Auto Client 107,Auto Components,45,14409.09,2025-11-25,2026-01-09,closed,2026-01-03,39,-6,False,False,prompt_payer
INV12002650,B012,B012-C1107,Auto Client 107,Auto Components,45,28345.64,2026-05-02,2026-06-16,closed,2026-06-13,42,-3,False,False,prompt_payer
INV12002651,B012,B012-C1107,Auto Client 107,Auto Components,45,7998.29,2026-05-17,2026-07-01,closed,2026-07-04,48,3,False,False,prompt_payer
INV12002652,B012,B012-C1107,Auto Client 107,Auto Components,45,14817.64,2026-06-04,2026-07-19,open,,,,False,False,prompt_payer
INV12002653,B012,B012-C1107,Auto Client 107,Auto Components,45,30712.99,2026-06-12,2026-07-27,closed,2026-07-23,41,-4,False,False,prompt_payer
INV12002654,B012,B012-C1107,Auto Client 107,Auto Components,45,28788.01,2026-06-24,2026-08-08,closed,2026-08-05,42,-3,False,False,prompt_payer
INV12002655,B012,B012-C1107,Auto Client 107,Auto Components,45,12098.56,2026-08-03,2026-09-17,open,,,,False,False,prompt_payer
INV12002656,B012,B012-C1108,Metal Client 108,Metal & Engineering,45,413409.88,2024-04-09,2024-05-24,closed,2024-06-08,60,15,False,False,seasonal_payer
INV12002657,B012,B012-C1108,Metal Client 108,Metal & Engineering,45,153340.58,2024-07-06,2024-08-20,closed,2024-08-14,39,-6,False,False,seasonal_payer
INV12002658,B012,B012-C1108,Metal Client 108,Metal & Engineering,45,174253.43,2024-07-15,2024-08-29,closed,2024-08-23,39,-6,False,False,seasonal_payer
INV12002659,B012,B012-C1108,Metal Client 108,Metal & Engineering,45,206383.76,2024-07-19,2024-09-02,closed,2024-09-08,51,6,False,False,seasonal_payer
INV12002660,B012,B012-C1108,Metal Client 108,Metal & Engineering,45,231096.97,2024-09-25,2024-11-09,closed,2024-11-10,46,1,False,False,seasonal_payer
INV12002661,B012,B012-C1108,Metal Client 108,Metal & Engineering,45,194717.46,2024-10-11,2024-11-25,closed,2024-12-03,53,8,False,False,seasonal_payer
INV12002662,B012,B012-C1108,Metal Client 108,Metal & Engineering,45,311071.84,2024-10-22,2024-12-06,closed,2024-12-08,47,2,False,False,seasonal_payer
INV12002663,B012,B012-C1108,Metal Client 108,Metal & Engineering,45,380333.45,2024-11-08,2024-12-23,closed,2025-01-01,54,9,False,False,seasonal_payer
INV12002664,B012,B012-C1108,Metal Client 108,Metal & Engineering,45,297240.59,2024-11-12,2024-12-27,closed,2025-01-07,56,11,False,False,seasonal_payer
INV12002665,B012,B012-C1108,Metal Client 108,Metal & Engineering,45,199048.07,2025-10-12,2025-11-26,closed,2025-12-02,51,6,False,False,seasonal_payer
INV12002666,B012,B012-C1108,Metal Client 108,Metal & Engineering,45,129470.77,2025-10-14,2025-11-28,closed,2025-12-03,50,5,False,False,seasonal_payer
INV12002667,B012,B012-C1108,Metal Client 108,Metal & Engineering,45,217204.66,2025-12-24,2026-02-07,closed,2026-02-18,56,11,False,False,seasonal_payer
INV12002668,B012,B012-C1108,Metal Client 108,Metal & Engineering,45,229791.89,2026-02-08,2026-03-25,closed,2026-04-10,61,16,False,False,seasonal_payer
INV12002669,B012,B012-C1108,Metal Client 108,Metal & Engineering,45,221456.26,2026-05-03,2026-06-17,closed,2026-06-25,53,8,False,False,seasonal_payer
INV12002670,B012,B012-C1108,Metal Client 108,Metal & Engineering,45,193915.66,2026-05-17,2026-07-01,closed,2026-07-13,57,12,False,False,seasonal_payer
INV12002671,B012,B012-C1108,Metal Client 108,Metal & Engineering,45,145556.36,2026-07-16,2026-08-30,closed,2026-08-25,40,-5,False,False,seasonal_payer
INV12002672,B012,B012-C1108,Metal Client 108,Metal & Engineering,45,176192.07,2026-07-18,2026-09-01,closed,2026-09-01,45,0,True,False,seasonal_payer
INV12002673,B012,B012-C1109,Auto Client 109,Auto Components,30,313913.46,2024-03-17,2024-04-16,closed,2024-05-22,66,36,False,True,improving_payer
INV12002674,B012,B012-C1109,Auto Client 109,Auto Components,30,76260.51,2024-03-19,2024-04-18,closed,2024-05-11,53,23,False,False,improving_payer
INV12002675,B012,B012-C1109,Auto Client 109,Auto Components,30,74040.74,2024-03-21,2024-04-20,closed,2024-05-21,61,31,False,False,improving_payer
INV12002676,B012,B012-C1109,Auto Client 109,Auto Components,30,78449.13,2024-06-30,2024-07-30,closed,2024-08-27,58,28,False,False,improving_payer
INV12002677,B012,B012-C1109,Auto Client 109,Auto Components,30,116959.55,2024-07-07,2024-08-06,closed,2024-10-01,86,56,False,False,improving_payer
INV12002678,B012,B012-C1109,Auto Client 109,Auto Components,30,54796.33,2024-08-04,2024-09-03,closed,2024-09-26,53,23,False,False,improving_payer
INV12002679,B012,B012-C1109,Auto Client 109,Auto Components,30,86652.0,2024-09-24,2024-10-24,closed,2024-11-22,59,29,False,False,improving_payer
INV12002680,B012,B012-C1109,Auto Client 109,Auto Components,30,63099.83,2024-10-06,2024-11-05,closed,2024-12-09,64,34,False,False,improving_payer
INV12002681,B012,B012-C1109,Auto Client 109,Auto Components,30,104758.75,2024-12-04,2025-01-03,closed,2025-02-09,67,37,True,False,improving_payer
INV12002682,B012,B012-C1109,Auto Client 109,Auto Components,30,58496.89,2024-12-05,2025-01-04,closed,2025-02-03,60,30,False,False,improving_payer
INV12002683,B012,B012-C1109,Auto Client 109,Auto Components,30,52222.28,2024-12-10,2025-01-09,closed,2025-02-14,66,36,False,False,improving_payer
INV12002684,B012,B012-C1109,Auto Client 109,Auto Components,30,57925.25,2024-12-12,2025-01-11,closed,2025-02-18,68,38,False,False,improving_payer
INV12002685,B012,B012-C1109,Auto Client 109,Auto Components,30,71114.21,2024-12-17,2025-01-16,closed,2025-02-07,52,22,True,False,improving_payer
INV12002686,B012,B012-C1109,Auto Client 109,Auto Components,30,79222.01,2025-01-24,2025-02-23,closed,2025-03-22,57,27,False,False,improving_payer
INV12002687,B012,B012-C1109,Auto Client 109,Auto Components,30,41402.78,2025-02-04,2025-03-06,closed,2025-03-28,52,22,False,False,improving_payer
INV12002688,B012,B012-C1109,Auto Client 109,Auto Components,30,95849.74,2025-02-11,2025-03-13,closed,2025-04-12,60,30,False,False,improving_payer
INV12002689,B012,B012-C1109,Auto Client 109,Auto Components,30,63281.82,2025-02-21,2025-03-23,closed,2025-04-24,62,32,False,False,improving_payer
INV12002690,B012,B012-C1109,Auto Client 109,Auto Components,30,64971.16,2025-02-25,2025-03-27,closed,2025-05-01,65,35,False,False,improving_payer
INV12002691,B012,B012-C1109,Auto Client 109,Auto Components,30,58738.37,2025-03-02,2025-04-01,closed,2025-04-21,50,20,False,False,improving_payer
INV12002692,B012,B012-C1109,Auto Client 109,Auto Components,30,115546.45,2025-05-25,2025-06-24,closed,2025-07-21,57,27,False,False,improving_payer
INV12002693,B012,B012-C1109,Auto Client 109,Auto Components,30,41408.53,2025-06-02,2025-07-02,closed,2025-07-28,56,26,False,False,improving_payer
INV12002694,B012,B012-C1109,Auto Client 109,Auto Components,30,45599.38,2025-06-05,2025-07-05,closed,2025-07-29,54,24,False,False,improving_payer
INV12002695,B012,B012-C1109,Auto Client 109,Auto Components,30,198626.2,2025-06-17,2025-07-17,closed,2025-07-20,33,3,False,True,improving_payer
INV12002696,B012,B012-C1109,Auto Client 109,Auto Components,30,58462.93,2025-07-22,2025-08-21,closed,2025-09-14,54,24,False,False,improving_payer
INV12002697,B012,B012-C1109,Auto Client 109,Auto Components,30,93989.64,2025-09-21,2025-10-21,closed,2025-11-07,47,17,False,False,improving_payer
INV12002698,B012,B012-C1109,Auto Client 109,Auto Components,30,61454.28,2025-09-24,2025-10-24,closed,2025-11-27,64,34,False,False,improving_payer
INV12002699,B012,B012-C1109,Auto Client 109,Auto Components,30,56577.28,2025-09-27,2025-10-27,closed,2025-11-10,44,14,False,False,improving_payer
INV12002700,B012,B012-C1109,Auto Client 109,Auto Components,30,91599.92,2025-10-06,2025-11-05,closed,2025-11-18,43,13,False,False,improving_payer
INV12002701,B012,B012-C1109,Auto Client 109,Auto Components,30,92136.88,2025-11-01,2025-12-01,closed,2025-12-29,58,28,False,False,improving_payer
INV12002702,B012,B012-C1109,Auto Client 109,Auto Components,30,70212.78,2025-12-07,2026-01-06,closed,2026-01-21,45,15,False,False,improving_payer
INV12002703,B012,B012-C1109,Auto Client 109,Auto Components,30,67794.33,2026-02-13,2026-03-15,closed,2026-03-28,43,13,False,False,improving_payer
INV12002704,B012,B012-C1109,Auto Client 109,Auto Components,30,71309.62,2026-02-13,2026-03-15,closed,2026-03-10,25,-5,False,False,improving_payer
INV12002705,B012,B012-C1109,Auto Client 109,Auto Components,30,107068.26,2026-04-03,2026-05-03,closed,2026-05-02,29,-1,False,False,improving_payer
INV12002706,B012,B012-C1109,Auto Client 109,Auto Components,30,51703.42,2026-06-13,2026-07-13,closed,2026-07-08,25,-5,False,False,improving_payer
INV12002707,B012,B012-C1109,Auto Client 109,Auto Components,30,57949.27,2026-08-06,2026-09-05,open,,,,False,False,improving_payer
INV12002708,B012,B012-C1109,Auto Client 109,Auto Components,30,67478.07,2026-08-12,2026-09-11,open,,,,False,False,improving_payer
INV12002709,B012,B012-C1109,Auto Client 109,Auto Components,30,43011.57,2026-08-15,2026-09-14,disputed_open,,,,False,False,improving_payer
INV12002710,B012,B012-C1109,Auto Client 109,Auto Components,30,76644.62,2026-08-30,2026-09-29,disputed_open,,,,False,False,improving_payer
INV12002711,B012,B012-C1110,FMCG Client 110,FMCG & Food Processing,45,48732.67,2024-03-21,2024-05-05,closed,2024-05-22,62,17,False,False,erratic_payer
INV12002712,B012,B012-C1110,FMCG Client 110,FMCG & Food Processing,45,43967.01,2024-03-25,2024-05-09,closed,2024-05-08,44,-1,False,False,erratic_payer
INV12002713,B012,B012-C1110,FMCG Client 110,FMCG & Food Processing,45,67112.62,2024-04-04,2024-05-19,closed,2024-05-28,54,9,False,False,erratic_payer
INV12002714,B012,B012-C1110,FMCG Client 110,FMCG & Food Processing,45,46497.81,2024-05-05,2024-06-19,closed,2024-07-01,57,12,False,False,erratic_payer
INV12002715,B012,B012-C1110,FMCG Client 110,FMCG & Food Processing,45,64917.83,2024-06-19,2024-08-03,closed,2024-09-12,85,40,False,False,erratic_payer
INV12002716,B012,B012-C1110,FMCG Client 110,FMCG & Food Processing,45,82756.9,2024-07-01,2024-08-15,closed,2024-08-17,47,2,False,False,erratic_payer
INV12002717,B012,B012-C1110,FMCG Client 110,FMCG & Food Processing,45,57912.89,2024-07-03,2024-08-17,closed,2024-08-25,53,8,False,False,erratic_payer
INV12002718,B012,B012-C1110,FMCG Client 110,FMCG & Food Processing,45,63157.11,2024-07-08,2024-08-22,closed,2024-08-27,50,5,False,False,erratic_payer
INV12002719,B012,B012-C1110,FMCG Client 110,FMCG & Food Processing,45,84888.58,2024-07-09,2024-08-23,closed,2024-08-19,41,-4,True,False,erratic_payer
INV12002720,B012,B012-C1110,FMCG Client 110,FMCG & Food Processing,45,111318.14,2024-09-06,2024-10-21,closed,2024-11-01,56,11,False,False,erratic_payer
INV12002721,B012,B012-C1110,FMCG Client 110,FMCG & Food Processing,45,108708.65,2024-09-11,2024-10-26,closed,2024-11-08,58,13,False,False,erratic_payer
INV12002722,B012,B012-C1110,FMCG Client 110,FMCG & Food Processing,45,73914.45,2024-09-24,2024-11-08,closed,2024-11-12,49,4,False,False,erratic_payer
INV12002723,B012,B012-C1110,FMCG Client 110,FMCG & Food Processing,45,94700.26,2024-10-28,2024-12-12,closed,2024-11-06,9,-36,False,False,erratic_payer
INV12002724,B012,B012-C1110,FMCG Client 110,FMCG & Food Processing,45,67105.67,2024-11-05,2024-12-20,closed,2025-01-04,60,15,False,False,erratic_payer
INV12002725,B012,B012-C1110,FMCG Client 110,FMCG & Food Processing,45,63072.83,2024-11-12,2024-12-27,open,,,,False,False,erratic_payer
INV12002726,B012,B012-C1110,FMCG Client 110,FMCG & Food Processing,45,93615.78,2024-12-31,2025-02-14,closed,2025-02-24,55,10,False,False,erratic_payer
INV12002727,B012,B012-C1110,FMCG Client 110,FMCG & Food Processing,45,56575.7,2025-01-09,2025-02-23,closed,2025-03-06,56,11,False,False,erratic_payer
INV12002728,B012,B012-C1110,FMCG Client 110,FMCG & Food Processing,45,54004.88,2025-01-14,2025-02-28,closed,2025-02-28,45,0,False,False,erratic_payer
INV12002729,B012,B012-C1110,FMCG Client 110,FMCG & Food Processing,45,63446.12,2025-05-08,2025-06-22,closed,2025-08-22,106,61,False,False,erratic_payer
INV12002730,B012,B012-C1110,FMCG Client 110,FMCG & Food Processing,45,62057.79,2025-05-17,2025-07-01,closed,2025-06-23,37,-8,False,False,erratic_payer
INV12002731,B012,B012-C1110,FMCG Client 110,FMCG & Food Processing,45,98634.32,2025-05-22,2025-07-06,closed,2025-07-10,49,4,False,False,erratic_payer
INV12002732,B012,B012-C1110,FMCG Client 110,FMCG & Food Processing,45,53083.36,2025-05-29,2025-07-13,closed,2025-08-05,68,23,False,False,erratic_payer
INV12002733,B012,B012-C1110,FMCG Client 110,FMCG & Food Processing,45,69222.18,2025-07-11,2025-08-25,closed,2025-09-06,57,12,False,False,erratic_payer
INV12002734,B012,B012-C1110,FMCG Client 110,FMCG & Food Processing,45,56537.38,2025-07-22,2025-09-05,closed,2025-09-14,54,9,False,False,erratic_payer
INV12002735,B012,B012-C1110,FMCG Client 110,FMCG & Food Processing,45,50104.02,2025-08-15,2025-09-29,closed,2025-10-08,54,9,False,False,erratic_payer
INV12002736,B012,B012-C1110,FMCG Client 110,FMCG & Food Processing,45,60279.32,2025-09-17,2025-11-01,closed,2025-11-20,64,19,False,False,erratic_payer
INV12002737,B012,B012-C1110,FMCG Client 110,FMCG & Food Processing,45,50169.98,2025-11-01,2025-12-16,closed,2026-01-24,84,39,False,False,erratic_payer
INV12002738,B012,B012-C1110,FMCG Client 110,FMCG & Food Processing,45,90367.21,2025-12-21,2026-02-04,closed,2026-02-13,54,9,False,False,erratic_payer
INV12002739,B012,B012-C1110,FMCG Client 110,FMCG & Food Processing,45,379834.68,2025-12-23,2026-02-06,closed,2026-02-07,46,1,False,True,erratic_payer
INV12002740,B012,B012-C1110,FMCG Client 110,FMCG & Food Processing,45,43181.57,2026-01-03,2026-02-17,closed,2026-02-19,47,2,False,False,erratic_payer
INV12002741,B012,B012-C1110,FMCG Client 110,FMCG & Food Processing,45,75866.08,2026-01-05,2026-02-19,closed,2026-03-03,57,12,False,False,erratic_payer
INV12002742,B012,B012-C1110,FMCG Client 110,FMCG & Food Processing,45,271436.05,2026-01-21,2026-03-07,closed,2026-03-23,61,16,False,True,erratic_payer
INV12002743,B012,B012-C1110,FMCG Client 110,FMCG & Food Processing,45,68842.23,2026-01-21,2026-03-07,closed,2026-04-11,80,35,False,False,erratic_payer
INV12002744,B012,B012-C1110,FMCG Client 110,FMCG & Food Processing,45,47248.97,2026-03-10,2026-04-24,closed,2026-04-19,40,-5,False,False,erratic_payer
INV12002745,B012,B012-C1110,FMCG Client 110,FMCG & Food Processing,45,63054.81,2026-03-31,2026-05-15,closed,2026-06-13,74,29,False,False,erratic_payer
INV12002746,B012,B012-C1110,FMCG Client 110,FMCG & Food Processing,45,69231.19,2026-04-07,2026-05-22,closed,2026-06-16,70,25,False,False,erratic_payer
INV12002747,B012,B012-C1110,FMCG Client 110,FMCG & Food Processing,45,88993.38,2026-05-06,2026-06-20,closed,2026-06-27,52,7,False,False,erratic_payer
INV12002748,B012,B012-C1110,FMCG Client 110,FMCG & Food Processing,45,63362.36,2026-05-15,2026-06-29,closed,2026-07-09,55,10,False,False,erratic_payer
INV12002749,B012,B012-C1110,FMCG Client 110,FMCG & Food Processing,45,57409.67,2026-06-14,2026-07-29,open,,,,False,False,erratic_payer
INV12002750,B012,B012-C1110,FMCG Client 110,FMCG & Food Processing,45,83911.68,2026-07-03,2026-08-17,closed,2026-08-10,38,-7,False,False,erratic_payer
INV12002751,B012,B012-C1110,FMCG Client 110,FMCG & Food Processing,45,56009.38,2026-08-04,2026-09-18,open,,,,False,False,erratic_payer
INV12002752,B012,B012-C1110,FMCG Client 110,FMCG & Food Processing,45,96626.44,2026-08-30,2026-10-14,open,,,,False,True,erratic_payer
INV12002753,B012,B012-C1111,Chemicals Client 111,Chemicals & Plastics,30,593034.37,2024-04-06,2024-05-06,closed,2024-05-17,41,11,False,True,deteriorating_payer
INV12002754,B012,B012-C1111,Chemicals Client 111,Chemicals & Plastics,30,176493.84,2024-05-08,2024-06-07,closed,2024-06-07,30,0,False,False,deteriorating_payer
INV12002755,B012,B012-C1111,Chemicals Client 111,Chemicals & Plastics,30,176681.97,2024-06-08,2024-07-08,closed,2024-07-17,39,9,False,False,deteriorating_payer
INV12002756,B012,B012-C1111,Chemicals Client 111,Chemicals & Plastics,30,170872.25,2024-07-08,2024-08-07,closed,2024-08-18,41,11,True,False,deteriorating_payer
INV12002757,B012,B012-C1111,Chemicals Client 111,Chemicals & Plastics,30,223365.71,2024-07-23,2024-08-22,closed,2024-08-29,37,7,False,False,deteriorating_payer
INV12002758,B012,B012-C1111,Chemicals Client 111,Chemicals & Plastics,30,217314.62,2024-10-29,2024-11-28,closed,2024-11-26,28,-2,False,False,deteriorating_payer
INV12002759,B012,B012-C1111,Chemicals Client 111,Chemicals & Plastics,30,398147.42,2024-11-20,2024-12-20,closed,2025-01-10,51,21,False,True,deteriorating_payer
INV12002760,B012,B012-C1111,Chemicals Client 111,Chemicals & Plastics,30,255947.85,2025-01-07,2025-02-06,closed,2025-03-08,60,30,False,False,deteriorating_payer
INV12002761,B012,B012-C1111,Chemicals Client 111,Chemicals & Plastics,30,287763.51,2025-01-25,2025-02-24,closed,2025-03-29,63,33,False,False,deteriorating_payer
INV12002762,B012,B012-C1111,Chemicals Client 111,Chemicals & Plastics,30,148001.04,2025-02-11,2025-03-13,closed,2025-03-22,39,9,False,False,deteriorating_payer
INV12002763,B012,B012-C1111,Chemicals Client 111,Chemicals & Plastics,30,160042.79,2025-04-23,2025-05-23,closed,2025-06-18,56,26,False,False,deteriorating_payer
INV12002764,B012,B012-C1111,Chemicals Client 111,Chemicals & Plastics,30,145122.33,2025-05-01,2025-05-31,closed,2025-06-19,49,19,False,False,deteriorating_payer
INV12002765,B012,B012-C1111,Chemicals Client 111,Chemicals & Plastics,30,174006.73,2025-06-12,2025-07-12,closed,2025-08-10,59,29,False,False,deteriorating_payer
INV12002766,B012,B012-C1111,Chemicals Client 111,Chemicals & Plastics,30,260929.16,2025-07-06,2025-08-05,closed,2025-09-15,71,41,False,False,deteriorating_payer
INV12002767,B012,B012-C1111,Chemicals Client 111,Chemicals & Plastics,30,167335.91,2025-08-29,2025-09-28,closed,2025-10-22,54,24,False,False,deteriorating_payer
INV12002768,B012,B012-C1111,Chemicals Client 111,Chemicals & Plastics,30,129297.82,2025-11-04,2025-12-04,closed,2026-01-07,64,34,False,False,deteriorating_payer
INV12002769,B012,B012-C1111,Chemicals Client 111,Chemicals & Plastics,30,126688.66,2025-12-07,2026-01-06,closed,2026-02-09,64,34,True,False,deteriorating_payer
INV12002770,B012,B012-C1111,Chemicals Client 111,Chemicals & Plastics,30,636460.69,2025-12-11,2026-01-10,closed,2026-02-15,66,36,False,True,deteriorating_payer
INV12002771,B012,B012-C1111,Chemicals Client 111,Chemicals & Plastics,30,171487.42,2025-12-28,2026-01-27,closed,2026-02-27,61,31,False,False,deteriorating_payer
INV12002772,B012,B012-C1111,Chemicals Client 111,Chemicals & Plastics,30,103127.84,2026-01-02,2026-02-01,closed,2026-03-21,78,48,False,False,deteriorating_payer
INV12002773,B012,B012-C1111,Chemicals Client 111,Chemicals & Plastics,30,162897.37,2026-01-20,2026-02-19,closed,2026-04-19,89,59,False,False,deteriorating_payer
INV12002774,B012,B012-C1111,Chemicals Client 111,Chemicals & Plastics,30,205950.79,2026-02-20,2026-03-22,closed,2026-04-11,50,20,False,False,deteriorating_payer
INV12002775,B012,B012-C1111,Chemicals Client 111,Chemicals & Plastics,30,94618.52,2026-07-21,2026-08-20,disputed_open,,,,False,False,deteriorating_payer
INV12002776,B012,B012-C1112,IT Client 112,IT & Business Services,30,63848.81,2024-04-09,2024-05-09,closed,2024-06-05,57,27,False,False,improving_payer
INV12002777,B012,B012-C1112,IT Client 112,IT & Business Services,30,98214.78,2024-04-17,2024-05-17,closed,2024-06-09,53,23,False,False,improving_payer
INV12002778,B012,B012-C1112,IT Client 112,IT & Business Services,30,86059.55,2024-05-23,2024-06-22,closed,2024-07-20,58,28,False,False,improving_payer
INV12002779,B012,B012-C1112,IT Client 112,IT & Business Services,30,90564.44,2024-05-24,2024-06-23,closed,2024-08-01,69,39,False,False,improving_payer
INV12002780,B012,B012-C1112,IT Client 112,IT & Business Services,30,121269.2,2024-07-13,2024-08-12,closed,2024-09-30,79,49,False,False,improving_payer
INV12002781,B012,B012-C1112,IT Client 112,IT & Business Services,30,97333.53,2024-07-15,2024-08-14,closed,2024-09-21,68,38,False,False,improving_payer
INV12002782,B012,B012-C1112,IT Client 112,IT & Business Services,30,142006.3,2024-07-20,2024-08-19,closed,2024-09-21,63,33,True,False,improving_payer
INV12002783,B012,B012-C1112,IT Client 112,IT & Business Services,30,146782.46,2024-08-07,2024-09-06,closed,2024-09-28,52,22,False,False,improving_payer
INV12002784,B012,B012-C1112,IT Client 112,IT & Business Services,30,115268.71,2024-08-23,2024-09-22,closed,2024-10-17,55,25,False,False,improving_payer
INV12002785,B012,B012-C1112,IT Client 112,IT & Business Services,30,108811.0,2024-09-07,2024-10-07,closed,2024-11-18,72,42,False,False,improving_payer
INV12002786,B012,B012-C1112,IT Client 112,IT & Business Services,30,113046.94,2024-11-06,2024-12-06,closed,2025-01-02,57,27,False,False,improving_payer
INV12002787,B012,B012-C1112,IT Client 112,IT & Business Services,30,83807.97,2025-01-09,2025-02-08,closed,2025-03-14,64,34,False,False,improving_payer
INV12002788,B012,B012-C1112,IT Client 112,IT & Business Services,30,59372.35,2025-01-09,2025-02-08,closed,2025-02-28,50,20,False,False,improving_payer
INV12002789,B012,B012-C1112,IT Client 112,IT & Business Services,30,133599.17,2025-01-31,2025-03-02,closed,2025-03-30,58,28,False,False,improving_payer
INV12002790,B012,B012-C1112,IT Client 112,IT & Business Services,30,50256.39,2025-02-05,2025-03-07,closed,2025-04-05,59,29,False,False,improving_payer
INV12002791,B012,B012-C1112,IT Client 112,IT & Business Services,30,92995.27,2025-02-11,2025-03-13,closed,2025-04-07,55,25,False,False,improving_payer
INV12002792,B012,B012-C1112,IT Client 112,IT & Business Services,30,96148.07,2025-03-21,2025-04-20,closed,2025-05-12,52,22,False,False,improving_payer
INV12002793,B012,B012-C1112,IT Client 112,IT & Business Services,30,83997.31,2025-03-30,2025-04-29,closed,2025-05-12,43,13,False,False,improving_payer
INV12002794,B012,B012-C1112,IT Client 112,IT & Business Services,30,81242.3,2025-06-01,2025-07-01,closed,2025-07-14,43,13,False,False,improving_payer
INV12002795,B012,B012-C1112,IT Client 112,IT & Business Services,30,86353.77,2025-06-10,2025-07-10,closed,2025-07-08,28,-2,False,False,improving_payer
INV12002796,B012,B012-C1112,IT Client 112,IT & Business Services,30,85286.38,2025-06-18,2025-07-18,closed,2025-08-06,49,19,False,False,improving_payer
INV12002797,B012,B012-C1112,IT Client 112,IT & Business Services,30,128411.14,2025-08-17,2025-09-16,closed,2025-10-17,61,31,False,False,improving_payer
INV12002798,B012,B012-C1112,IT Client 112,IT & Business Services,30,176236.25,2025-08-22,2025-09-21,closed,2025-09-30,39,9,False,False,improving_payer
INV12002799,B012,B012-C1112,IT Client 112,IT & Business Services,30,131422.7,2025-08-30,2025-09-29,closed,2025-10-06,37,7,False,False,improving_payer
INV12002800,B012,B012-C1112,IT Client 112,IT & Business Services,30,159435.43,2025-10-21,2025-11-20,closed,2025-12-01,41,11,False,False,improving_payer
INV12002801,B012,B012-C1112,IT Client 112,IT & Business Services,30,101948.91,2025-11-14,2025-12-14,closed,2025-12-28,44,14,False,False,improving_payer
INV12002802,B012,B012-C1112,IT Client 112,IT & Business Services,30,69416.24,2025-12-22,2026-01-21,closed,2026-02-02,42,12,False,False,improving_payer
INV12002803,B012,B012-C1112,IT Client 112,IT & Business Services,30,143828.62,2025-12-23,2026-01-22,closed,2026-02-15,54,24,False,False,improving_payer
INV12002804,B012,B012-C1112,IT Client 112,IT & Business Services,30,110764.84,2025-12-26,2026-01-25,closed,2026-02-10,46,16,False,False,improving_payer
INV12002805,B012,B012-C1112,IT Client 112,IT & Business Services,30,383086.15,2026-01-09,2026-02-08,closed,2026-02-20,42,12,False,True,improving_payer
INV12002806,B012,B012-C1112,IT Client 112,IT & Business Services,30,292348.53,2026-02-13,2026-03-15,closed,2026-03-23,38,8,False,True,improving_payer
INV12002807,B012,B012-C1112,IT Client 112,IT & Business Services,30,151531.3,2026-02-18,2026-03-20,closed,2026-03-29,39,9,False,False,improving_payer
INV12002808,B012,B012-C1112,IT Client 112,IT & Business Services,30,122978.87,2026-02-26,2026-03-28,closed,2026-03-25,27,-3,False,False,improving_payer
INV12002809,B012,B012-C1112,IT Client 112,IT & Business Services,30,179452.58,2026-05-11,2026-06-10,closed,2026-06-21,41,11,False,False,improving_payer
INV12002810,B012,B012-C1112,IT Client 112,IT & Business Services,30,120131.3,2026-05-18,2026-06-17,closed,2026-07-07,50,20,False,False,improving_payer
INV12002811,B012,B012-C1112,IT Client 112,IT & Business Services,30,93794.02,2026-06-14,2026-07-14,closed,2026-07-09,25,-5,False,False,improving_payer
INV12002812,B012,B012-C1112,IT Client 112,IT & Business Services,30,110074.49,2026-07-18,2026-08-17,closed,2026-08-19,32,2,False,False,improving_payer
INV12002813,B012,B012-C1112,IT Client 112,IT & Business Services,30,170196.75,2026-08-26,2026-09-25,open,,,,False,False,improving_payer
INV12002814,B012,B012-C1112,IT Client 112,IT & Business Services,30,173957.71,2026-09-01,2026-10-01,open,,,,False,False,improving_payer
INV12002815,B012,B012-C1113,Retail Client 113,Retail & Distribution,30,162421.7,2024-04-05,2024-05-05,closed,2024-05-17,42,12,False,False,deteriorating_payer
INV12002816,B012,B012-C1113,Retail Client 113,Retail & Distribution,30,67256.42,2024-07-01,2024-07-31,closed,2024-08-03,33,3,False,False,deteriorating_payer
INV12002817,B012,B012-C1113,Retail Client 113,Retail & Distribution,30,250848.08,2024-08-06,2024-09-05,closed,2024-09-07,32,2,False,False,deteriorating_payer
INV12002818,B012,B012-C1113,Retail Client 113,Retail & Distribution,30,197695.03,2024-09-29,2024-10-29,closed,2024-10-27,28,-2,False,False,deteriorating_payer
INV12002819,B012,B012-C1113,Retail Client 113,Retail & Distribution,30,231898.94,2025-01-12,2025-02-11,closed,2025-03-06,53,23,False,False,deteriorating_payer
INV12002820,B012,B012-C1113,Retail Client 113,Retail & Distribution,30,163300.86,2025-01-25,2025-02-24,closed,2025-03-09,43,13,False,False,deteriorating_payer
INV12002821,B012,B012-C1113,Retail Client 113,Retail & Distribution,30,136992.82,2025-03-07,2025-04-06,closed,2025-04-29,53,23,False,False,deteriorating_payer
INV12002822,B012,B012-C1113,Retail Client 113,Retail & Distribution,30,97181.81,2025-04-01,2025-05-01,closed,2025-06-01,61,31,False,False,deteriorating_payer
INV12002823,B012,B012-C1113,Retail Client 113,Retail & Distribution,30,128217.31,2025-04-26,2025-05-26,closed,2025-06-07,42,12,True,False,deteriorating_payer
INV12002824,B012,B012-C1113,Retail Client 113,Retail & Distribution,30,185060.11,2025-05-21,2025-06-20,closed,2025-07-26,66,36,False,False,deteriorating_payer
INV12002825,B012,B012-C1113,Retail Client 113,Retail & Distribution,30,179829.07,2025-05-29,2025-06-28,closed,2025-08-06,69,39,False,False,deteriorating_payer
INV12002826,B012,B012-C1113,Retail Client 113,Retail & Distribution,30,159914.63,2025-05-31,2025-06-30,closed,2025-08-21,82,52,False,False,deteriorating_payer
INV12002827,B012,B012-C1113,Retail Client 113,Retail & Distribution,30,120805.95,2026-02-06,2026-03-08,closed,2026-03-06,28,-2,False,False,deteriorating_payer
INV12002828,B012,B012-C1113,Retail Client 113,Retail & Distribution,30,215301.22,2026-02-12,2026-03-14,closed,2026-03-25,41,11,False,False,deteriorating_payer
INV12002829,B012,B012-C1113,Retail Client 113,Retail & Distribution,30,195156.36,2026-02-16,2026-03-18,closed,2026-03-25,37,7,False,False,deteriorating_payer
INV12002830,B012,B012-C1113,Retail Client 113,Retail & Distribution,30,530296.78,2026-02-17,2026-03-19,closed,2026-05-08,80,50,False,True,deteriorating_payer
INV12002831,B012,B012-C1113,Retail Client 113,Retail & Distribution,30,212472.05,2026-04-25,2026-05-25,closed,2026-06-22,58,28,False,False,deteriorating_payer
INV12002832,B012,B012-C1114,Chemicals Client 114,Chemicals & Plastics,60,117190.57,2024-03-22,2024-05-21,closed,2024-06-05,75,15,False,False,average_payer
INV12002833,B012,B012-C1114,Chemicals Client 114,Chemicals & Plastics,60,97530.15,2024-03-25,2024-05-24,closed,2024-05-27,63,3,False,False,average_payer
INV12002834,B012,B012-C1114,Chemicals Client 114,Chemicals & Plastics,60,95310.38,2024-05-17,2024-07-16,closed,2024-07-25,69,9,False,False,average_payer
INV12002835,B012,B012-C1114,Chemicals Client 114,Chemicals & Plastics,60,679848.56,2024-06-29,2024-08-28,closed,2024-09-08,71,11,False,True,average_payer
INV12002836,B012,B012-C1114,Chemicals Client 114,Chemicals & Plastics,60,62356.39,2024-07-01,2024-08-30,closed,2024-09-04,65,5,False,False,average_payer
INV12002837,B012,B012-C1114,Chemicals Client 114,Chemicals & Plastics,60,57207.82,2024-08-31,2024-10-30,closed,2024-11-05,66,6,False,False,average_payer
INV12002838,B012,B012-C1114,Chemicals Client 114,Chemicals & Plastics,60,102651.51,2024-09-27,2024-11-26,closed,2024-11-29,63,3,False,False,average_payer
INV12002839,B012,B012-C1114,Chemicals Client 114,Chemicals & Plastics,60,111280.55,2025-01-03,2025-03-04,closed,2025-03-11,67,7,False,False,average_payer
INV12002840,B012,B012-C1114,Chemicals Client 114,Chemicals & Plastics,60,90023.87,2025-01-22,2025-03-23,closed,2025-03-25,62,2,False,False,average_payer
INV12002841,B012,B012-C1114,Chemicals Client 114,Chemicals & Plastics,60,572718.37,2025-01-30,2025-03-31,closed,2025-04-05,65,5,False,True,average_payer
INV12002842,B012,B012-C1114,Chemicals Client 114,Chemicals & Plastics,60,98167.49,2025-02-06,2025-04-07,closed,2025-04-17,70,10,False,False,average_payer
INV12002843,B012,B012-C1114,Chemicals Client 114,Chemicals & Plastics,60,95422.89,2025-03-08,2025-05-07,closed,2025-05-26,79,19,False,False,average_payer
INV12002844,B012,B012-C1114,Chemicals Client 114,Chemicals & Plastics,60,110587.49,2025-04-28,2025-06-27,closed,2025-06-24,57,-3,False,False,average_payer
INV12002845,B012,B012-C1114,Chemicals Client 114,Chemicals & Plastics,60,110600.0,2025-05-09,2025-07-08,closed,2025-07-11,63,3,False,False,average_payer
INV12002846,B012,B012-C1114,Chemicals Client 114,Chemicals & Plastics,60,86147.73,2025-06-27,2025-08-26,closed,2025-08-30,64,4,True,False,average_payer
INV12002847,B012,B012-C1114,Chemicals Client 114,Chemicals & Plastics,60,118488.22,2025-07-04,2025-09-02,closed,2025-08-31,58,-2,False,False,average_payer
INV12002848,B012,B012-C1114,Chemicals Client 114,Chemicals & Plastics,60,115255.47,2025-08-29,2025-10-28,closed,2025-11-06,69,9,False,False,average_payer
INV12002849,B012,B012-C1114,Chemicals Client 114,Chemicals & Plastics,60,125555.98,2025-09-11,2025-11-10,closed,2025-11-11,61,1,False,False,average_payer
INV12002850,B012,B012-C1114,Chemicals Client 114,Chemicals & Plastics,60,99463.38,2025-10-23,2025-12-22,closed,2025-12-26,64,4,False,False,average_payer
INV12002851,B012,B012-C1114,Chemicals Client 114,Chemicals & Plastics,60,106491.33,2025-11-13,2026-01-12,closed,2026-01-22,70,10,False,False,average_payer
INV12002852,B012,B012-C1114,Chemicals Client 114,Chemicals & Plastics,60,69657.24,2026-01-12,2026-03-13,closed,2026-03-21,68,8,False,False,average_payer
INV12002853,B012,B012-C1114,Chemicals Client 114,Chemicals & Plastics,60,97702.06,2026-01-23,2026-03-24,closed,2026-03-29,65,5,False,False,average_payer
INV12002854,B012,B012-C1114,Chemicals Client 114,Chemicals & Plastics,60,47255.3,2026-01-28,2026-03-29,closed,2026-04-04,66,6,False,False,average_payer
INV12002855,B012,B012-C1114,Chemicals Client 114,Chemicals & Plastics,60,60409.59,2026-02-16,2026-04-17,closed,2026-05-09,82,22,False,False,average_payer
INV12002856,B012,B012-C1114,Chemicals Client 114,Chemicals & Plastics,60,588620.87,2026-02-18,2026-04-19,closed,2026-04-19,60,0,True,True,average_payer
INV12002857,B012,B012-C1114,Chemicals Client 114,Chemicals & Plastics,60,196968.3,2026-03-31,2026-05-30,closed,2026-06-14,75,15,False,False,average_payer
INV12002858,B012,B012-C1114,Chemicals Client 114,Chemicals & Plastics,60,63241.86,2026-04-06,2026-06-05,closed,2026-06-14,69,9,False,False,average_payer
INV12002859,B012,B012-C1114,Chemicals Client 114,Chemicals & Plastics,60,66905.44,2026-05-24,2026-07-23,closed,2026-08-12,80,20,False,False,average_payer
INV12002860,B012,B012-C1114,Chemicals Client 114,Chemicals & Plastics,60,129863.52,2026-06-28,2026-08-27,closed,2026-08-30,63,3,False,False,average_payer
INV12002861,B012,B012-C1114,Chemicals Client 114,Chemicals & Plastics,60,76677.3,2026-08-19,2026-10-18,open,,,,False,False,average_payer
INV12002862,B012,B012-C1115,Retail Client 115,Retail & Distribution,60,125470.05,2024-03-31,2024-05-30,closed,2024-05-30,60,0,False,False,deteriorating_payer
INV12002863,B012,B012-C1115,Retail Client 115,Retail & Distribution,60,274984.36,2025-05-25,2025-07-24,closed,2025-08-07,74,14,False,False,deteriorating_payer
INV12002864,B012,B012-C1115,Retail Client 115,Retail & Distribution,60,164154.11,2025-06-27,2025-08-26,closed,2025-09-05,70,10,False,False,deteriorating_payer
INV12002865,B012,B012-C1115,Retail Client 115,Retail & Distribution,60,75030.33,2025-08-06,2025-10-05,closed,2025-11-04,90,30,False,False,deteriorating_payer
INV12002866,B012,B012-C1115,Retail Client 115,Retail & Distribution,60,88508.45,2026-08-15,2026-10-14,open,,,,False,False,deteriorating_payer
INV12002867,B012,B012-C1116,Construction Client 116,Construction & Infra,60,33405.78,2024-05-09,2024-07-08,closed,2024-07-06,58,-2,False,False,deteriorating_payer
INV12002868,B012,B012-C1116,Construction Client 116,Construction & Infra,60,82032.63,2024-06-13,2024-08-12,closed,2024-08-19,67,7,False,False,deteriorating_payer
INV12002869,B012,B012-C1116,Construction Client 116,Construction & Infra,60,75299.62,2024-06-18,2024-08-17,closed,2024-09-07,81,21,False,False,deteriorating_payer
INV12002870,B012,B012-C1116,Construction Client 116,Construction & Infra,60,74683.99,2024-06-20,2024-08-19,closed,2024-09-14,86,26,False,False,deteriorating_payer
INV12002871,B012,B012-C1116,Construction Client 116,Construction & Infra,60,145245.19,2024-09-02,2024-11-01,closed,2024-12-07,96,36,False,False,deteriorating_payer
INV12002872,B012,B012-C1116,Construction Client 116,Construction & Infra,60,77194.29,2024-09-16,2024-11-15,closed,2024-11-29,74,14,False,False,deteriorating_payer
INV12002873,B012,B012-C1116,Construction Client 116,Construction & Infra,60,57216.26,2024-10-29,2024-12-28,closed,2025-01-22,85,25,False,False,deteriorating_payer
INV12002874,B012,B012-C1116,Construction Client 116,Construction & Infra,60,63536.62,2025-02-21,2025-04-22,closed,2025-05-17,85,25,False,False,deteriorating_payer
INV12002875,B012,B012-C1116,Construction Client 116,Construction & Infra,60,78910.63,2025-04-08,2025-06-07,closed,2025-07-10,93,33,False,False,deteriorating_payer
INV12002876,B012,B012-C1116,Construction Client 116,Construction & Infra,60,99295.86,2025-08-20,2025-10-19,closed,2025-10-20,61,1,False,False,deteriorating_payer
INV12002877,B012,B012-C1116,Construction Client 116,Construction & Infra,60,660442.87,2025-09-06,2025-11-05,closed,2025-11-17,72,12,False,True,deteriorating_payer
INV12002878,B012,B012-C1116,Construction Client 116,Construction & Infra,60,44474.74,2025-10-24,2025-12-23,closed,2026-01-01,69,9,False,False,deteriorating_payer
INV12002879,B012,B012-C1116,Construction Client 116,Construction & Infra,60,88522.59,2025-10-28,2025-12-27,closed,2026-02-08,103,43,False,False,deteriorating_payer
INV12002880,B012,B012-C1116,Construction Client 116,Construction & Infra,60,102872.95,2025-11-18,2026-01-17,closed,2026-01-30,73,13,False,False,deteriorating_payer
INV12002881,B012,B012-C1116,Construction Client 116,Construction & Infra,60,134136.51,2025-12-05,2026-02-03,closed,2026-02-24,81,21,False,False,deteriorating_payer
INV12002882,B012,B012-C1116,Construction Client 116,Construction & Infra,60,84435.96,2025-12-10,2026-02-08,closed,2026-03-11,91,31,False,False,deteriorating_payer
INV12002883,B012,B012-C1116,Construction Client 116,Construction & Infra,60,132802.71,2025-12-18,2026-02-16,closed,2026-03-16,88,28,False,False,deteriorating_payer
INV12002884,B012,B012-C1116,Construction Client 116,Construction & Infra,60,58206.8,2026-01-19,2026-03-20,closed,2026-04-30,101,41,False,False,deteriorating_payer
INV12002885,B012,B012-C1116,Construction Client 116,Construction & Infra,60,63936.35,2026-02-06,2026-04-07,closed,2026-05-09,92,32,False,False,deteriorating_payer
INV12002886,B012,B012-C1116,Construction Client 116,Construction & Infra,60,119672.6,2026-02-06,2026-04-07,closed,2026-05-13,96,36,False,False,deteriorating_payer
INV12002887,B012,B012-C1116,Construction Client 116,Construction & Infra,60,69522.16,2026-03-06,2026-05-05,closed,2026-06-16,102,42,False,False,deteriorating_payer
INV12002888,B012,B012-C1116,Construction Client 116,Construction & Infra,60,76383.24,2026-05-26,2026-07-25,open,,,,False,False,deteriorating_payer
INV12002889,B012,B012-C1116,Construction Client 116,Construction & Infra,60,148238.38,2026-06-18,2026-08-17,open,,,,False,False,deteriorating_payer
INV12002890,B012,B012-C1116,Construction Client 116,Construction & Infra,60,88110.5,2026-07-24,2026-09-22,open,,,,False,False,deteriorating_payer
INV12002891,B012,B012-C1116,Construction Client 116,Construction & Infra,60,131987.94,2026-08-12,2026-10-11,open,,,,False,False,deteriorating_payer
INV12002892,B012,B012-C1117,Pharma Client 117,Pharma & Healthcare,45,125645.93,2024-03-28,2024-05-12,closed,2024-05-16,49,4,False,False,average_payer
INV12002893,B012,B012-C1117,Pharma Client 117,Pharma & Healthcare,45,169821.06,2024-04-04,2024-05-19,closed,2024-05-24,50,5,True,False,average_payer
INV12002894,B012,B012-C1117,Pharma Client 117,Pharma & Healthcare,45,103193.67,2024-04-24,2024-06-08,closed,2024-06-12,49,4,False,False,average_payer
INV12002895,B012,B012-C1117,Pharma Client 117,Pharma & Healthcare,45,132777.67,2024-05-10,2024-06-24,closed,2024-06-19,40,-5,False,False,average_payer
INV12002896,B012,B012-C1117,Pharma Client 117,Pharma & Healthcare,45,39583.78,2024-05-26,2024-07-10,closed,2024-07-16,51,6,False,False,average_payer
INV12002897,B012,B012-C1117,Pharma Client 117,Pharma & Healthcare,45,63106.37,2024-06-21,2024-08-05,closed,2024-08-05,45,0,False,False,average_payer
INV12002898,B012,B012-C1117,Pharma Client 117,Pharma & Healthcare,45,101323.68,2024-07-02,2024-08-16,closed,2024-08-30,59,14,False,False,average_payer
INV12002899,B012,B012-C1117,Pharma Client 117,Pharma & Healthcare,45,81158.97,2024-07-04,2024-08-18,closed,2024-08-22,49,4,False,False,average_payer
INV12002900,B012,B012-C1117,Pharma Client 117,Pharma & Healthcare,45,195247.27,2024-07-17,2024-08-31,closed,2024-09-07,52,7,False,False,average_payer
INV12002901,B012,B012-C1117,Pharma Client 117,Pharma & Healthcare,45,216184.01,2024-07-20,2024-09-03,closed,2024-09-05,47,2,False,False,average_payer
INV12002902,B012,B012-C1117,Pharma Client 117,Pharma & Healthcare,45,132184.76,2024-07-25,2024-09-08,closed,2024-09-19,56,11,False,False,average_payer
INV12002903,B012,B012-C1117,Pharma Client 117,Pharma & Healthcare,45,97480.09,2024-08-06,2024-09-20,closed,2024-09-26,51,6,False,False,average_payer
INV12002904,B012,B012-C1117,Pharma Client 117,Pharma & Healthcare,45,144426.02,2024-09-22,2024-11-06,closed,2024-11-03,42,-3,False,False,average_payer
INV12002905,B012,B012-C1117,Pharma Client 117,Pharma & Healthcare,45,495824.92,2024-09-30,2024-11-14,closed,2024-11-24,55,10,False,True,average_payer
INV12002906,B012,B012-C1117,Pharma Client 117,Pharma & Healthcare,45,76738.05,2024-11-03,2024-12-18,closed,2024-12-25,52,7,False,False,average_payer
INV12002907,B012,B012-C1117,Pharma Client 117,Pharma & Healthcare,45,109174.29,2024-11-24,2025-01-08,closed,2025-01-12,49,4,False,False,average_payer
INV12002908,B012,B012-C1117,Pharma Client 117,Pharma & Healthcare,45,133780.98,2024-11-29,2025-01-13,closed,2025-01-04,36,-9,False,False,average_payer
INV12002909,B012,B012-C1117,Pharma Client 117,Pharma & Healthcare,45,111641.43,2024-12-28,2025-02-11,closed,2025-02-26,60,15,False,False,average_payer
INV12002910,B012,B012-C1117,Pharma Client 117,Pharma & Healthcare,45,148471.45,2025-01-05,2025-02-19,closed,2025-02-22,48,3,False,False,average_payer
INV12002911,B012,B012-C1117,Pharma Client 117,Pharma & Healthcare,45,143126.52,2025-01-06,2025-02-20,closed,2025-03-07,60,15,False,False,average_payer
INV12002912,B012,B012-C1117,Pharma Client 117,Pharma & Healthcare,45,75946.26,2025-01-06,2025-02-20,closed,2025-02-27,52,7,False,False,average_payer
INV12002913,B012,B012-C1117,Pharma Client 117,Pharma & Healthcare,45,126170.35,2025-01-08,2025-02-22,closed,2025-02-27,50,5,False,False,average_payer
INV12002914,B012,B012-C1117,Pharma Client 117,Pharma & Healthcare,45,145598.99,2025-01-27,2025-03-13,closed,2025-03-23,55,10,False,False,average_payer
INV12002915,B012,B012-C1117,Pharma Client 117,Pharma & Healthcare,45,126862.46,2025-02-12,2025-03-29,closed,2025-04-04,51,6,False,False,average_payer
INV12002916,B012,B012-C1117,Pharma Client 117,Pharma & Healthcare,45,137521.5,2025-02-16,2025-04-02,closed,2025-04-18,61,16,False,False,average_payer
INV12002917,B012,B012-C1117,Pharma Client 117,Pharma & Healthcare,45,133409.44,2025-03-05,2025-04-19,closed,2025-04-24,50,5,False,False,average_payer
INV12002918,B012,B012-C1117,Pharma Client 117,Pharma & Healthcare,45,228492.24,2025-03-27,2025-05-11,closed,2025-05-21,55,10,False,False,average_payer
INV12002919,B012,B012-C1117,Pharma Client 117,Pharma & Healthcare,45,130349.16,2025-04-27,2025-06-11,closed,2025-06-15,49,4,False,False,average_payer
INV12002920,B012,B012-C1117,Pharma Client 117,Pharma & Healthcare,45,121739.75,2025-05-14,2025-06-28,closed,2025-07-12,59,14,False,False,average_payer
INV12002921,B012,B012-C1117,Pharma Client 117,Pharma & Healthcare,45,124652.57,2025-06-03,2025-07-18,closed,2025-07-16,43,-2,False,False,average_payer
INV12002922,B012,B012-C1117,Pharma Client 117,Pharma & Healthcare,45,110386.75,2025-06-17,2025-08-01,closed,2025-08-02,46,1,False,False,average_payer
INV12002923,B012,B012-C1117,Pharma Client 117,Pharma & Healthcare,45,151173.98,2025-07-12,2025-08-26,closed,2025-08-31,50,5,False,False,average_payer
INV12002924,B012,B012-C1117,Pharma Client 117,Pharma & Healthcare,45,81550.97,2025-07-28,2025-09-11,closed,2025-09-21,55,10,False,False,average_payer
INV12002925,B012,B012-C1117,Pharma Client 117,Pharma & Healthcare,45,870711.51,2025-07-31,2025-09-14,closed,2025-09-20,51,6,False,True,average_payer
INV12002926,B012,B012-C1117,Pharma Client 117,Pharma & Healthcare,45,80772.88,2025-08-10,2025-09-24,closed,2025-09-18,39,-6,False,False,average_payer
INV12002927,B012,B012-C1117,Pharma Client 117,Pharma & Healthcare,45,103873.54,2025-09-14,2025-10-29,closed,2025-11-14,61,16,False,False,average_payer
INV12002928,B012,B012-C1117,Pharma Client 117,Pharma & Healthcare,45,128697.93,2025-11-01,2025-12-16,closed,2025-12-21,50,5,False,False,average_payer
INV12002929,B012,B012-C1117,Pharma Client 117,Pharma & Healthcare,45,96794.01,2025-11-09,2025-12-24,closed,2026-01-05,57,12,False,False,average_payer
INV12002930,B012,B012-C1117,Pharma Client 117,Pharma & Healthcare,45,155220.7,2025-11-13,2025-12-28,closed,2026-01-11,59,14,False,False,average_payer
INV12002931,B012,B012-C1117,Pharma Client 117,Pharma & Healthcare,45,116713.91,2025-12-01,2026-01-15,closed,2026-01-18,48,3,False,False,average_payer
INV12002932,B012,B012-C1117,Pharma Client 117,Pharma & Healthcare,45,116205.26,2025-12-16,2026-01-30,closed,2026-02-19,65,20,False,False,average_payer
INV12002933,B012,B012-C1117,Pharma Client 117,Pharma & Healthcare,45,63400.89,2026-01-18,2026-03-04,closed,2026-03-16,57,12,False,False,average_payer
INV12002934,B012,B012-C1117,Pharma Client 117,Pharma & Healthcare,45,126237.54,2026-01-22,2026-03-08,closed,2026-03-13,50,5,False,False,average_payer
INV12002935,B012,B012-C1117,Pharma Client 117,Pharma & Healthcare,45,113180.28,2026-01-30,2026-03-16,closed,2026-03-19,48,3,False,False,average_payer
INV12002936,B012,B012-C1117,Pharma Client 117,Pharma & Healthcare,45,118200.04,2026-02-22,2026-04-08,closed,2026-04-20,57,12,False,False,average_payer
INV12002937,B012,B012-C1117,Pharma Client 117,Pharma & Healthcare,45,88832.73,2026-02-23,2026-04-09,closed,2026-04-15,51,6,False,False,average_payer
INV12002938,B012,B012-C1117,Pharma Client 117,Pharma & Healthcare,45,109300.23,2026-03-18,2026-05-02,closed,2026-05-14,57,12,False,False,average_payer
INV12002939,B012,B012-C1117,Pharma Client 117,Pharma & Healthcare,45,138400.42,2026-03-27,2026-05-11,closed,2026-05-13,47,2,False,False,average_payer
INV12002940,B012,B012-C1117,Pharma Client 117,Pharma & Healthcare,45,140202.36,2026-05-06,2026-06-20,closed,2026-06-26,51,6,False,False,average_payer
INV12002941,B012,B012-C1117,Pharma Client 117,Pharma & Healthcare,45,186716.92,2026-06-13,2026-07-28,closed,2026-07-27,44,-1,False,False,average_payer
INV12002942,B012,B012-C1117,Pharma Client 117,Pharma & Healthcare,45,143798.83,2026-06-17,2026-08-01,open,,,,False,False,average_payer
INV12002943,B012,B012-C1117,Pharma Client 117,Pharma & Healthcare,45,115186.74,2026-08-06,2026-09-20,disputed_open,,,,False,False,average_payer
INV12002944,B012,B012-C1117,Pharma Client 117,Pharma & Healthcare,45,106002.01,2026-08-07,2026-09-21,disputed_open,,,,False,False,average_payer
INV12002945,B012,B012-C1117,Pharma Client 117,Pharma & Healthcare,45,135204.2,2026-08-11,2026-09-25,open,,,,False,False,average_payer
INV12002946,B012,B012-C1118,Pharma Client 118,Pharma & Healthcare,60,223057.12,2024-03-16,2024-05-15,closed,2024-05-14,59,-1,False,False,prompt_payer
INV12002947,B012,B012-C1118,Pharma Client 118,Pharma & Healthcare,60,235672.94,2024-03-30,2024-05-29,closed,2024-05-28,59,-1,False,False,prompt_payer
INV12002948,B012,B012-C1118,Pharma Client 118,Pharma & Healthcare,60,119281.01,2024-06-19,2024-08-18,closed,2024-08-19,61,1,False,False,prompt_payer
INV12002949,B012,B012-C1118,Pharma Client 118,Pharma & Healthcare,60,154864.32,2024-07-16,2024-09-14,closed,2024-09-16,62,2,False,False,prompt_payer
INV12002950,B012,B012-C1118,Pharma Client 118,Pharma & Healthcare,60,167624.07,2024-07-30,2024-09-28,closed,2024-10-01,63,3,False,False,prompt_payer
INV12002951,B012,B012-C1118,Pharma Client 118,Pharma & Healthcare,60,199818.87,2024-09-03,2024-11-02,closed,2024-11-03,61,1,False,False,prompt_payer
INV12002952,B012,B012-C1118,Pharma Client 118,Pharma & Healthcare,60,125460.1,2024-10-12,2024-12-11,closed,2024-12-06,55,-5,False,False,prompt_payer
INV12002953,B012,B012-C1118,Pharma Client 118,Pharma & Healthcare,60,169120.06,2025-01-04,2025-03-05,closed,2025-03-07,62,2,False,False,prompt_payer
INV12002954,B012,B012-C1118,Pharma Client 118,Pharma & Healthcare,60,187628.49,2025-01-29,2025-03-30,closed,2025-03-31,61,1,False,False,prompt_payer
INV12002955,B012,B012-C1118,Pharma Client 118,Pharma & Healthcare,60,161573.65,2025-02-05,2025-04-06,closed,2025-04-02,56,-4,False,False,prompt_payer
INV12002956,B012,B012-C1118,Pharma Client 118,Pharma & Healthcare,60,219873.11,2025-02-18,2025-04-19,closed,2025-04-17,58,-2,False,False,prompt_payer
INV12002957,B012,B012-C1118,Pharma Client 118,Pharma & Healthcare,60,136707.36,2025-03-06,2025-05-05,closed,2025-05-03,58,-2,False,False,prompt_payer
INV12002958,B012,B012-C1118,Pharma Client 118,Pharma & Healthcare,60,224861.59,2025-03-07,2025-05-06,closed,2025-05-02,56,-4,False,False,prompt_payer
INV12002959,B012,B012-C1118,Pharma Client 118,Pharma & Healthcare,60,259706.14,2025-03-09,2025-05-08,closed,2025-05-07,59,-1,False,False,prompt_payer
INV12002960,B012,B012-C1118,Pharma Client 118,Pharma & Healthcare,60,160768.53,2025-06-06,2025-08-05,closed,2025-08-04,59,-1,False,False,prompt_payer
INV12002961,B012,B012-C1118,Pharma Client 118,Pharma & Healthcare,60,217086.13,2025-07-11,2025-09-09,closed,2025-09-01,52,-8,False,False,prompt_payer
INV12002962,B012,B012-C1118,Pharma Client 118,Pharma & Healthcare,60,170000.86,2025-09-04,2025-11-03,closed,2025-11-07,64,4,False,False,prompt_payer
INV12002963,B012,B012-C1118,Pharma Client 118,Pharma & Healthcare,60,213451.5,2025-09-06,2025-11-05,closed,2025-11-08,63,3,False,False,prompt_payer
INV12002964,B012,B012-C1118,Pharma Client 118,Pharma & Healthcare,60,213311.34,2025-10-19,2025-12-18,closed,2025-12-17,59,-1,False,False,prompt_payer
INV12002965,B012,B012-C1118,Pharma Client 118,Pharma & Healthcare,60,150610.29,2025-10-23,2025-12-22,closed,2025-12-29,67,7,False,False,prompt_payer
INV12002966,B012,B012-C1118,Pharma Client 118,Pharma & Healthcare,60,226547.13,2025-10-30,2025-12-29,closed,2025-12-30,61,1,False,False,prompt_payer
INV12002967,B012,B012-C1118,Pharma Client 118,Pharma & Healthcare,60,188225.77,2025-11-14,2026-01-13,closed,2026-01-17,64,4,False,False,prompt_payer
INV12002968,B012,B012-C1118,Pharma Client 118,Pharma & Healthcare,60,428890.8,2025-12-06,2026-02-04,closed,2026-02-01,57,-3,False,True,prompt_payer
INV12002969,B012,B012-C1118,Pharma Client 118,Pharma & Healthcare,60,292710.76,2025-12-31,2026-03-01,closed,2026-03-04,63,3,False,False,prompt_payer
INV12002970,B012,B012-C1118,Pharma Client 118,Pharma & Healthcare,60,146599.89,2026-02-08,2026-04-09,closed,2026-04-09,60,0,False,False,prompt_payer
INV12002971,B012,B012-C1118,Pharma Client 118,Pharma & Healthcare,60,140929.76,2026-02-13,2026-04-14,closed,2026-04-08,54,-6,False,False,prompt_payer
INV12002972,B012,B012-C1118,Pharma Client 118,Pharma & Healthcare,60,159240.02,2026-02-25,2026-04-26,closed,2026-04-21,55,-5,False,False,prompt_payer
INV12002973,B012,B012-C1118,Pharma Client 118,Pharma & Healthcare,60,264181.04,2026-03-04,2026-05-03,closed,2026-05-05,62,2,False,False,prompt_payer
INV12002974,B012,B012-C1118,Pharma Client 118,Pharma & Healthcare,60,121664.12,2026-04-01,2026-05-31,closed,2026-06-08,68,8,False,False,prompt_payer
INV12002975,B012,B012-C1118,Pharma Client 118,Pharma & Healthcare,60,218291.14,2026-04-01,2026-05-31,closed,2026-05-24,53,-7,False,False,prompt_payer
INV12002976,B012,B012-C1118,Pharma Client 118,Pharma & Healthcare,60,228168.0,2026-04-16,2026-06-15,closed,2026-06-13,58,-2,False,False,prompt_payer
INV12002977,B012,B012-C1118,Pharma Client 118,Pharma & Healthcare,60,153203.03,2026-05-10,2026-07-09,closed,2026-07-07,58,-2,False,False,prompt_payer
INV12002978,B012,B012-C1118,Pharma Client 118,Pharma & Healthcare,60,206677.02,2026-05-20,2026-07-19,closed,2026-07-22,63,3,False,False,prompt_payer
INV12002979,B012,B012-C1118,Pharma Client 118,Pharma & Healthcare,60,108039.24,2026-07-24,2026-09-22,open,,,,False,False,prompt_payer
INV12002980,B012,B012-C1119,Pharma Client 119,Pharma & Healthcare,60,169650.4,2024-06-12,2024-08-11,closed,2024-08-13,62,2,False,False,average_payer
INV12002981,B012,B012-C1119,Pharma Client 119,Pharma & Healthcare,60,134803.68,2024-08-15,2024-10-14,closed,2024-10-29,75,15,False,False,average_payer
INV12002982,B012,B012-C1119,Pharma Client 119,Pharma & Healthcare,60,93054.08,2024-10-04,2024-12-03,closed,2024-12-15,72,12,False,False,average_payer
INV12002983,B012,B012-C1119,Pharma Client 119,Pharma & Healthcare,60,72729.7,2025-02-18,2025-04-19,closed,2025-04-25,66,6,False,False,average_payer
INV12002984,B012,B012-C1119,Pharma Client 119,Pharma & Healthcare,60,123667.31,2025-04-02,2025-06-01,closed,2025-06-08,67,7,False,False,average_payer
INV12002985,B012,B012-C1119,Pharma Client 119,Pharma & Healthcare,60,49953.71,2025-07-02,2025-08-31,closed,2025-08-30,59,-1,False,False,average_payer
INV12002986,B012,B012-C1119,Pharma Client 119,Pharma & Healthcare,60,68361.32,2025-10-15,2025-12-14,closed,2025-12-24,70,10,False,False,average_payer
INV12002987,B012,B012-C1119,Pharma Client 119,Pharma & Healthcare,60,59864.45,2026-01-09,2026-03-10,closed,2026-03-15,65,5,False,False,average_payer
INV12002988,B012,B012-C1120,Pharma Client 120,Pharma & Healthcare,45,294011.61,2024-04-21,2024-06-05,closed,2024-06-03,43,-2,False,False,average_payer
INV12002989,B012,B012-C1120,Pharma Client 120,Pharma & Healthcare,45,406752.31,2024-06-06,2024-07-21,closed,2024-07-27,51,6,False,False,average_payer
INV12002990,B012,B012-C1120,Pharma Client 120,Pharma & Healthcare,45,257976.0,2024-06-17,2024-08-01,closed,2024-08-06,50,5,False,False,average_payer
INV12002991,B012,B012-C1120,Pharma Client 120,Pharma & Healthcare,45,314011.74,2024-06-28,2024-08-12,closed,2024-08-19,52,7,False,False,average_payer
INV12002992,B012,B012-C1120,Pharma Client 120,Pharma & Healthcare,45,293173.33,2024-07-23,2024-09-06,closed,2024-09-20,59,14,False,False,average_payer
INV12002993,B012,B012-C1120,Pharma Client 120,Pharma & Healthcare,45,222085.8,2024-08-15,2024-09-29,closed,2024-10-08,54,9,False,False,average_payer
INV12002994,B012,B012-C1120,Pharma Client 120,Pharma & Healthcare,45,164046.38,2024-08-19,2024-10-03,closed,2024-10-07,49,4,False,False,average_payer
INV12002995,B012,B012-C1120,Pharma Client 120,Pharma & Healthcare,45,278070.04,2024-10-05,2024-11-19,closed,2024-11-27,53,8,False,False,average_payer
INV12002996,B012,B012-C1120,Pharma Client 120,Pharma & Healthcare,45,407928.88,2024-10-12,2024-11-26,closed,2024-11-27,46,1,False,False,average_payer
INV12002997,B012,B012-C1120,Pharma Client 120,Pharma & Healthcare,45,216014.25,2025-03-06,2025-04-20,closed,2025-04-26,51,6,False,False,average_payer
INV12002998,B012,B012-C1120,Pharma Client 120,Pharma & Healthcare,45,213746.53,2025-03-08,2025-04-22,closed,2025-04-28,51,6,False,False,average_payer
INV12002999,B012,B012-C1120,Pharma Client 120,Pharma & Healthcare,45,191335.26,2025-04-13,2025-05-28,closed,2025-05-27,44,-1,False,False,average_payer
INV12003000,B012,B012-C1120,Pharma Client 120,Pharma & Healthcare,45,1303496.49,2025-04-14,2025-05-29,closed,2025-05-31,47,2,False,True,average_payer
INV12003001,B012,B012-C1120,Pharma Client 120,Pharma & Healthcare,45,244407.23,2025-04-29,2025-06-13,closed,2025-06-05,37,-8,False,False,average_payer
INV12003002,B012,B012-C1120,Pharma Client 120,Pharma & Healthcare,45,467892.98,2025-05-14,2025-06-28,closed,2025-06-27,44,-1,False,False,average_payer
INV12003003,B012,B012-C1120,Pharma Client 120,Pharma & Healthcare,45,211039.15,2025-05-26,2025-07-10,closed,2025-07-10,45,0,False,False,average_payer
INV12003004,B012,B012-C1120,Pharma Client 120,Pharma & Healthcare,45,249681.52,2025-06-11,2025-07-26,closed,2025-07-23,42,-3,False,False,average_payer
INV12003005,B012,B012-C1120,Pharma Client 120,Pharma & Healthcare,45,219960.51,2025-06-24,2025-08-08,closed,2025-08-11,48,3,False,False,average_payer
INV12003006,B012,B012-C1120,Pharma Client 120,Pharma & Healthcare,45,187807.81,2025-07-20,2025-09-03,closed,2025-09-09,51,6,False,False,average_payer
INV12003007,B012,B012-C1120,Pharma Client 120,Pharma & Healthcare,45,1299045.83,2025-08-26,2025-10-10,closed,2025-10-13,48,3,False,True,average_payer
INV12003008,B012,B012-C1120,Pharma Client 120,Pharma & Healthcare,45,259324.83,2025-08-30,2025-10-14,closed,2025-10-11,42,-3,False,False,average_payer
INV12003009,B012,B012-C1120,Pharma Client 120,Pharma & Healthcare,45,265125.5,2025-12-10,2026-01-24,closed,2026-02-07,59,14,False,False,average_payer
INV12003010,B012,B012-C1120,Pharma Client 120,Pharma & Healthcare,45,133695.37,2025-12-13,2026-01-27,closed,2026-02-13,62,17,False,False,average_payer
INV12003011,B012,B012-C1120,Pharma Client 120,Pharma & Healthcare,45,157897.8,2026-01-02,2026-02-16,closed,2026-02-19,48,3,False,False,average_payer
INV12003012,B012,B012-C1120,Pharma Client 120,Pharma & Healthcare,45,230036.9,2026-01-13,2026-02-27,closed,2026-02-23,41,-4,False,False,average_payer
INV12003013,B012,B012-C1120,Pharma Client 120,Pharma & Healthcare,45,163621.67,2026-01-31,2026-03-17,closed,2026-03-24,52,7,False,False,average_payer
INV12003014,B012,B012-C1120,Pharma Client 120,Pharma & Healthcare,45,114614.96,2026-03-23,2026-05-07,closed,2026-04-25,33,-12,False,False,average_payer
INV12003015,B012,B012-C1120,Pharma Client 120,Pharma & Healthcare,45,312094.04,2026-04-12,2026-05-27,closed,2026-05-25,43,-2,False,False,average_payer
INV12003016,B012,B012-C1120,Pharma Client 120,Pharma & Healthcare,45,203081.29,2026-04-17,2026-06-01,closed,2026-06-01,45,0,False,False,average_payer
INV12003017,B012,B012-C1120,Pharma Client 120,Pharma & Healthcare,45,298356.21,2026-06-22,2026-08-06,closed,2026-08-08,47,2,False,False,average_payer
INV12003018,B012,B012-C1120,Pharma Client 120,Pharma & Healthcare,45,261245.91,2026-08-04,2026-09-18,disputed_open,,,,False,False,average_payer
INV12003019,B012,B012-C1120,Pharma Client 120,Pharma & Healthcare,45,254557.49,2026-08-05,2026-09-19,open,,,,False,False,average_payer
INV12003020,B012,B012-C1120,Pharma Client 120,Pharma & Healthcare,45,238375.87,2026-08-09,2026-09-23,open,,,,False,False,average_payer
INV12003021,B012,B012-C1121,Retail Client 121,Retail & Distribution,60,70598.57,2024-04-05,2024-06-04,closed,2024-06-23,79,19,False,False,average_payer
INV12003022,B012,B012-C1121,Retail Client 121,Retail & Distribution,60,66912.95,2024-05-05,2024-07-04,closed,2024-07-21,77,17,False,False,average_payer
INV12003023,B012,B012-C1121,Retail Client 121,Retail & Distribution,60,97136.61,2024-05-23,2024-07-22,closed,2024-07-29,67,7,False,False,average_payer
INV12003024,B012,B012-C1121,Retail Client 121,Retail & Distribution,60,41785.39,2024-07-16,2024-09-14,closed,2024-09-17,63,3,False,False,average_payer
INV12003025,B012,B012-C1121,Retail Client 121,Retail & Distribution,60,65476.53,2024-08-20,2024-10-19,closed,2024-10-30,71,11,False,False,average_payer
INV12003026,B012,B012-C1121,Retail Client 121,Retail & Distribution,60,36476.46,2024-08-23,2024-10-22,closed,2024-11-04,73,13,False,False,average_payer
INV12003027,B012,B012-C1121,Retail Client 121,Retail & Distribution,60,61877.51,2024-09-30,2024-11-29,closed,2024-11-28,59,-1,False,False,average_payer
INV12003028,B012,B012-C1121,Retail Client 121,Retail & Distribution,60,182483.07,2024-11-04,2025-01-03,closed,2024-12-29,55,-5,False,True,average_payer
INV12003029,B012,B012-C1121,Retail Client 121,Retail & Distribution,60,79606.75,2024-12-13,2025-02-11,closed,2025-02-14,63,3,False,False,average_payer
INV12003030,B012,B012-C1121,Retail Client 121,Retail & Distribution,60,48639.85,2024-12-14,2025-02-12,closed,2025-02-26,74,14,False,False,average_payer
INV12003031,B012,B012-C1121,Retail Client 121,Retail & Distribution,60,74516.43,2024-12-16,2025-02-14,closed,2025-02-16,62,2,False,False,average_payer
INV12003032,B012,B012-C1121,Retail Client 121,Retail & Distribution,60,77042.02,2025-01-02,2025-03-03,closed,2025-03-11,68,8,False,False,average_payer
INV12003033,B012,B012-C1121,Retail Client 121,Retail & Distribution,60,47018.39,2025-01-22,2025-03-23,closed,2025-03-26,63,3,False,False,average_payer
INV12003034,B012,B012-C1121,Retail Client 121,Retail & Distribution,60,49604.41,2025-01-23,2025-03-24,closed,2025-03-26,62,2,False,False,average_payer
INV12003035,B012,B012-C1121,Retail Client 121,Retail & Distribution,60,52170.85,2025-02-24,2025-04-25,closed,2025-05-09,74,14,False,False,average_payer
INV12003036,B012,B012-C1121,Retail Client 121,Retail & Distribution,60,39811.95,2025-02-24,2025-04-25,closed,2025-04-16,51,-9,False,False,average_payer
INV12003037,B012,B012-C1121,Retail Client 121,Retail & Distribution,60,49863.58,2025-03-14,2025-05-13,closed,2025-05-23,70,10,False,False,average_payer
INV12003038,B012,B012-C1121,Retail Client 121,Retail & Distribution,60,74258.72,2025-05-18,2025-07-17,closed,2025-07-22,65,5,False,False,average_payer
INV12003039,B012,B012-C1121,Retail Client 121,Retail & Distribution,60,75679.32,2025-05-31,2025-07-30,closed,2025-08-07,68,8,False,False,average_payer
INV12003040,B012,B012-C1121,Retail Client 121,Retail & Distribution,60,52668.2,2025-06-08,2025-08-07,closed,2025-08-15,68,8,False,False,average_payer
INV12003041,B012,B012-C1121,Retail Client 121,Retail & Distribution,60,75524.73,2025-06-13,2025-08-12,closed,2025-08-15,63,3,False,False,average_payer
INV12003042,B012,B012-C1121,Retail Client 121,Retail & Distribution,60,84236.49,2025-06-20,2025-08-19,closed,2025-08-14,55,-5,False,False,average_payer
INV12003043,B012,B012-C1121,Retail Client 121,Retail & Distribution,60,38531.24,2025-07-10,2025-09-08,closed,2025-09-18,70,10,False,False,average_payer
INV12003044,B012,B012-C1121,Retail Client 121,Retail & Distribution,60,60592.9,2025-07-21,2025-09-19,closed,2025-09-22,63,3,False,False,average_payer
INV12003045,B012,B012-C1121,Retail Client 121,Retail & Distribution,60,55658.13,2025-07-24,2025-09-22,closed,2025-10-08,76,16,False,False,average_payer
INV12003046,B012,B012-C1121,Retail Client 121,Retail & Distribution,60,63378.1,2025-08-04,2025-10-03,closed,2025-10-07,64,4,False,False,average_payer
INV12003047,B012,B012-C1121,Retail Client 121,Retail & Distribution,60,120396.56,2025-08-26,2025-10-25,closed,2025-10-28,63,3,False,False,average_payer
INV12003048,B012,B012-C1121,Retail Client 121,Retail & Distribution,60,134375.55,2025-08-30,2025-10-29,closed,2025-11-08,70,10,False,False,average_payer
INV12003049,B012,B012-C1121,Retail Client 121,Retail & Distribution,60,42026.31,2025-09-27,2025-11-26,closed,2025-11-27,61,1,False,False,average_payer
INV12003050,B012,B012-C1121,Retail Client 121,Retail & Distribution,60,120173.6,2025-10-07,2025-12-06,closed,2025-12-06,60,0,False,False,average_payer
INV12003051,B012,B012-C1121,Retail Client 121,Retail & Distribution,60,86835.7,2025-11-19,2026-01-18,closed,2026-01-27,69,9,False,False,average_payer
INV12003052,B012,B012-C1121,Retail Client 121,Retail & Distribution,60,53208.73,2025-12-07,2026-02-05,closed,2026-02-27,82,22,False,False,average_payer
INV12003053,B012,B012-C1121,Retail Client 121,Retail & Distribution,60,41776.81,2025-12-17,2026-02-15,closed,2026-02-18,63,3,False,False,average_payer
INV12003054,B012,B012-C1121,Retail Client 121,Retail & Distribution,60,51525.76,2026-01-25,2026-03-26,closed,2026-04-05,70,10,False,False,average_payer
INV12003055,B012,B012-C1121,Retail Client 121,Retail & Distribution,60,78591.29,2026-01-30,2026-03-31,closed,2026-03-28,57,-3,False,False,average_payer
INV12003056,B012,B012-C1121,Retail Client 121,Retail & Distribution,60,113595.93,2026-04-09,2026-06-08,closed,2026-06-22,74,14,False,False,average_payer
INV12003057,B012,B012-C1121,Retail Client 121,Retail & Distribution,60,38532.38,2026-04-09,2026-06-08,closed,2026-06-17,69,9,False,False,average_payer
INV12003058,B012,B012-C1121,Retail Client 121,Retail & Distribution,60,68851.86,2026-04-10,2026-06-09,closed,2026-06-09,60,0,False,False,average_payer
INV12003059,B012,B012-C1121,Retail Client 121,Retail & Distribution,60,56954.76,2026-05-16,2026-07-15,closed,2026-07-14,59,-1,False,False,average_payer
INV12003060,B012,B012-C1121,Retail Client 121,Retail & Distribution,60,48370.36,2026-05-24,2026-07-23,closed,2026-07-30,67,7,False,False,average_payer
INV12003061,B012,B012-C1121,Retail Client 121,Retail & Distribution,60,42254.54,2026-06-02,2026-08-01,closed,2026-08-07,66,6,False,False,average_payer
INV12003062,B012,B012-C1121,Retail Client 121,Retail & Distribution,60,60197.65,2026-06-26,2026-08-25,closed,2026-08-29,64,4,False,False,average_payer
INV12003063,B012,B012-C1121,Retail Client 121,Retail & Distribution,60,60219.21,2026-08-11,2026-10-10,open,,,,False,False,average_payer
INV12003064,B012,B012-C1121,Retail Client 121,Retail & Distribution,60,51268.96,2026-08-17,2026-10-16,open,,,,False,False,average_payer
INV12003065,B012,B012-C1121,Retail Client 121,Retail & Distribution,60,85415.06,2026-08-27,2026-10-26,open,,,,False,False,average_payer
INV12003066,B012,B012-C1122,Metal Client 122,Metal & Engineering,30,663086.53,2024-06-04,2024-07-04,closed,2024-07-21,47,17,False,False,improving_payer
INV12003067,B012,B012-C1122,Metal Client 122,Metal & Engineering,30,662847.05,2024-08-04,2024-09-03,closed,2024-10-13,70,40,False,False,improving_payer
INV12003068,B012,B012-C1122,Metal Client 122,Metal & Engineering,30,1784258.94,2024-12-15,2025-01-14,closed,2025-02-25,72,42,False,True,improving_payer
INV12003069,B012,B012-C1122,Metal Client 122,Metal & Engineering,30,526411.36,2024-12-20,2025-01-19,closed,2025-02-16,58,28,False,False,improving_payer
INV12003070,B012,B012-C1122,Metal Client 122,Metal & Engineering,30,626875.1,2025-02-02,2025-03-04,closed,2025-03-30,56,26,False,False,improving_payer
INV12003071,B012,B012-C1122,Metal Client 122,Metal & Engineering,30,496319.01,2025-04-01,2025-05-01,closed,2025-05-18,47,17,False,False,improving_payer
INV12003072,B012,B012-C1122,Metal Client 122,Metal & Engineering,30,611733.13,2025-05-14,2025-06-13,closed,2025-07-05,52,22,False,False,improving_payer
INV12003073,B012,B012-C1122,Metal Client 122,Metal & Engineering,30,447324.25,2025-06-20,2025-07-20,closed,2025-08-24,65,35,False,False,improving_payer
INV12003074,B012,B012-C1122,Metal Client 122,Metal & Engineering,30,371353.09,2025-06-22,2025-07-22,closed,2025-08-09,48,18,False,False,improving_payer
INV12003075,B012,B012-C1122,Metal Client 122,Metal & Engineering,30,443845.85,2025-08-27,2025-09-26,closed,2025-10-23,57,27,False,False,improving_payer
INV12003076,B012,B012-C1122,Metal Client 122,Metal & Engineering,30,460821.84,2025-09-01,2025-10-01,closed,2025-10-20,49,19,False,False,improving_payer
INV12003077,B012,B012-C1122,Metal Client 122,Metal & Engineering,30,456815.01,2025-09-06,2025-10-06,closed,2025-11-11,66,36,False,False,improving_payer
INV12003078,B012,B012-C1122,Metal Client 122,Metal & Engineering,30,711609.4,2025-09-25,2025-10-25,closed,2025-11-16,52,22,False,False,improving_payer
INV12003079,B012,B012-C1122,Metal Client 122,Metal & Engineering,30,588909.62,2025-10-07,2025-11-06,closed,2025-11-12,36,6,False,False,improving_payer
INV12003080,B012,B012-C1122,Metal Client 122,Metal & Engineering,30,799635.82,2025-11-23,2025-12-23,closed,2026-01-07,45,15,False,False,improving_payer
INV12003081,B012,B012-C1122,Metal Client 122,Metal & Engineering,30,370117.09,2025-12-12,2026-01-11,closed,2026-01-18,37,7,False,False,improving_payer
INV12003082,B012,B012-C1122,Metal Client 122,Metal & Engineering,30,519634.2,2026-02-02,2026-03-04,closed,2026-03-20,46,16,False,False,improving_payer
INV12003083,B012,B012-C1122,Metal Client 122,Metal & Engineering,30,456632.23,2026-04-08,2026-05-08,closed,2026-05-27,49,19,False,False,improving_payer
INV12003084,B012,B012-C1122,Metal Client 122,Metal & Engineering,30,363788.13,2026-04-19,2026-05-19,closed,2026-05-22,33,3,False,False,improving_payer
INV12003085,B012,B012-C1122,Metal Client 122,Metal & Engineering,30,409373.74,2026-05-19,2026-06-18,closed,2026-06-16,28,-2,False,False,improving_payer
INV12003086,B012,B012-C1122,Metal Client 122,Metal & Engineering,30,624438.06,2026-06-13,2026-07-13,closed,2026-07-28,45,15,False,False,improving_payer
INV12003087,B012,B012-C1122,Metal Client 122,Metal & Engineering,30,842369.35,2026-08-01,2026-08-31,open,,,,False,False,improving_payer
INV12003088,B012,B012-C1123,IT Client 123,IT & Business Services,45,208278.27,2024-03-21,2024-05-05,closed,2024-06-15,86,41,False,False,improving_payer
INV12003089,B012,B012-C1123,IT Client 123,IT & Business Services,45,194667.99,2024-05-06,2024-06-20,closed,2024-08-07,93,48,False,False,improving_payer
INV12003090,B012,B012-C1123,IT Client 123,IT & Business Services,45,195920.05,2024-05-12,2024-06-26,closed,2024-07-29,78,33,False,False,improving_payer
INV12003091,B012,B012-C1123,IT Client 123,IT & Business Services,45,205740.54,2024-06-23,2024-08-07,closed,2024-09-11,80,35,True,False,improving_payer
INV12003092,B012,B012-C1123,IT Client 123,IT & Business Services,45,344117.63,2024-07-07,2024-08-21,closed,2024-09-17,72,27,True,False,improving_payer
INV12003093,B012,B012-C1123,IT Client 123,IT & Business Services,45,201091.7,2024-09-23,2024-11-07,closed,2024-12-12,80,35,False,False,improving_payer
INV12003094,B012,B012-C1123,IT Client 123,IT & Business Services,45,231868.51,2024-09-28,2024-11-12,closed,2024-12-03,66,21,False,False,improving_payer
INV12003095,B012,B012-C1123,IT Client 123,IT & Business Services,45,122019.64,2024-10-16,2024-11-30,closed,2024-12-05,50,5,False,False,improving_payer
INV12003096,B012,B012-C1123,IT Client 123,IT & Business Services,45,123672.88,2024-10-21,2024-12-05,closed,2025-01-13,84,39,False,False,improving_payer
INV12003097,B012,B012-C1123,IT Client 123,IT & Business Services,45,153406.68,2024-10-25,2024-12-09,closed,2025-01-14,81,36,False,False,improving_payer
INV12003098,B012,B012-C1123,IT Client 123,IT & Business Services,45,200891.58,2024-10-26,2024-12-10,closed,2025-01-19,85,40,False,False,improving_payer
INV12003099,B012,B012-C1123,IT Client 123,IT & Business Services,45,133104.63,2024-11-29,2025-01-13,closed,2025-01-23,55,10,False,False,improving_payer
INV12003100,B012,B012-C1123,IT Client 123,IT & Business Services,45,163439.05,2024-12-14,2025-01-28,closed,2025-03-01,77,32,False,False,improving_payer
INV12003101,B012,B012-C1123,IT Client 123,IT & Business Services,45,124014.69,2024-12-14,2025-01-28,closed,2025-03-02,78,33,False,False,improving_payer
INV12003102,B012,B012-C1123,IT Client 123,IT & Business Services,45,370593.93,2025-01-17,2025-03-03,closed,2025-03-23,65,20,False,False,improving_payer
INV12003103,B012,B012-C1123,IT Client 123,IT & Business Services,45,184371.2,2025-02-01,2025-03-18,closed,2025-04-12,70,25,False,False,improving_payer
INV12003104,B012,B012-C1123,IT Client 123,IT & Business Services,45,717556.44,2025-02-10,2025-03-27,closed,2025-04-05,54,9,False,True,improving_payer
INV12003105,B012,B012-C1123,IT Client 123,IT & Business Services,45,212872.57,2025-03-12,2025-04-26,closed,2025-05-02,51,6,False,False,improving_payer
INV12003106,B012,B012-C1123,IT Client 123,IT & Business Services,45,709890.2,2025-03-28,2025-05-12,closed,2025-05-24,57,12,False,True,improving_payer
INV12003107,B012,B012-C1123,IT Client 123,IT & Business Services,45,188006.61,2025-05-31,2025-07-15,closed,2025-07-26,56,11,False,False,improving_payer
INV12003108,B012,B012-C1123,IT Client 123,IT & Business Services,45,232058.95,2025-06-24,2025-08-08,closed,2025-08-22,59,14,False,False,improving_payer
INV12003109,B012,B012-C1123,IT Client 123,IT & Business Services,45,144179.16,2025-07-09,2025-08-23,closed,2025-09-16,69,24,False,False,improving_payer
INV12003110,B012,B012-C1123,IT Client 123,IT & Business Services,45,140913.52,2025-09-08,2025-10-23,closed,2025-11-01,54,9,False,False,improving_payer
INV12003111,B012,B012-C1123,IT Client 123,IT & Business Services,45,215821.87,2025-09-29,2025-11-13,closed,2025-11-30,62,17,False,False,improving_payer
INV12003112,B012,B012-C1123,IT Client 123,IT & Business Services,45,870376.54,2025-10-22,2025-12-06,closed,2025-12-29,68,23,False,True,improving_payer
INV12003113,B012,B012-C1123,IT Client 123,IT & Business Services,45,285565.23,2025-12-08,2026-01-22,closed,2026-02-05,59,14,True,False,improving_payer
INV12003114,B012,B012-C1123,IT Client 123,IT & Business Services,45,178134.2,2026-02-11,2026-03-28,closed,2026-04-16,64,19,False,False,improving_payer
INV12003115,B012,B012-C1123,IT Client 123,IT & Business Services,45,259046.16,2026-04-26,2026-06-10,closed,2026-06-16,51,6,False,False,improving_payer
INV12003116,B012,B012-C1123,IT Client 123,IT & Business Services,45,127358.94,2026-04-29,2026-06-13,closed,2026-06-22,54,9,False,False,improving_payer
INV12003117,B012,B012-C1123,IT Client 123,IT & Business Services,45,253064.45,2026-05-28,2026-07-12,closed,2026-07-14,47,2,False,False,improving_payer
INV12003118,B012,B012-C1123,IT Client 123,IT & Business Services,45,202600.38,2026-08-01,2026-09-15,open,,,,False,False,improving_payer
INV12003119,B012,B012-C1124,Construction Client 124,Construction & Infra,30,149425.36,2024-04-02,2024-05-02,closed,2024-05-08,36,6,False,False,erratic_payer
INV12003120,B012,B012-C1124,Construction Client 124,Construction & Infra,30,153496.73,2024-04-08,2024-05-08,closed,2024-05-12,34,4,False,False,erratic_payer
INV12003121,B012,B012-C1124,Construction Client 124,Construction & Infra,30,175585.1,2024-06-23,2024-07-23,closed,2024-07-20,27,-3,False,False,erratic_payer
INV12003122,B012,B012-C1124,Construction Client 124,Construction & Infra,30,233743.13,2024-08-26,2024-09-25,closed,2024-10-03,38,8,False,False,erratic_payer
INV12003123,B012,B012-C1124,Construction Client 124,Construction & Infra,30,133276.6,2024-09-08,2024-10-08,closed,2024-10-10,32,2,False,False,erratic_payer
INV12003124,B012,B012-C1124,Construction Client 124,Construction & Infra,30,79520.18,2024-09-26,2024-10-26,closed,2024-10-23,27,-3,False,False,erratic_payer
INV12003125,B012,B012-C1124,Construction Client 124,Construction & Infra,30,128087.17,2024-11-15,2024-12-15,closed,2025-01-09,55,25,False,False,erratic_payer
INV12003126,B012,B012-C1124,Construction Client 124,Construction & Infra,30,1161650.46,2024-12-12,2025-01-11,closed,2025-01-21,40,10,False,True,erratic_payer
INV12003127,B012,B012-C1124,Construction Client 124,Construction & Infra,30,208620.04,2025-01-08,2025-02-07,closed,2025-02-16,39,9,False,False,erratic_payer
INV12003128,B012,B012-C1124,Construction Client 124,Construction & Infra,30,206319.5,2025-01-22,2025-02-21,closed,2025-03-07,44,14,False,False,erratic_payer
INV12003129,B012,B012-C1124,Construction Client 124,Construction & Infra,30,203646.27,2025-01-29,2025-02-28,closed,2025-03-21,51,21,False,False,erratic_payer
INV12003130,B012,B012-C1124,Construction Client 124,Construction & Infra,30,259277.46,2025-05-25,2025-06-24,closed,2025-06-30,36,6,False,False,erratic_payer
INV12003131,B012,B012-C1124,Construction Client 124,Construction & Infra,30,117201.92,2025-06-16,2025-07-16,closed,2025-08-02,47,17,False,False,erratic_payer
INV12003132,B012,B012-C1124,Construction Client 124,Construction & Infra,30,112154.38,2025-06-22,2025-07-22,closed,2025-07-26,34,4,False,False,erratic_payer
INV12003133,B012,B012-C1124,Construction Client 124,Construction & Infra,30,121231.83,2025-08-06,2025-09-05,closed,2025-09-07,32,2,False,False,erratic_payer
INV12003134,B012,B012-C1124,Construction Client 124,Construction & Infra,30,122564.58,2025-08-07,2025-09-06,closed,2025-12-16,131,101,False,False,erratic_payer
INV12003135,B012,B012-C1124,Construction Client 124,Construction & Infra,30,164293.44,2025-11-19,2025-12-19,closed,2026-01-15,57,27,False,False,erratic_payer
INV12003136,B012,B012-C1124,Construction Client 124,Construction & Infra,30,183869.58,2025-11-22,2025-12-22,closed,2026-01-05,44,14,False,False,erratic_payer
INV12003137,B012,B012-C1124,Construction Client 124,Construction & Infra,30,124256.05,2025-12-25,2026-01-24,closed,2026-02-06,43,13,False,False,erratic_payer
INV12003138,B012,B012-C1124,Construction Client 124,Construction & Infra,30,156347.78,2025-12-30,2026-01-29,closed,2026-01-27,28,-2,False,False,erratic_payer
INV12003139,B012,B012-C1124,Construction Client 124,Construction & Infra,30,183631.85,2026-01-20,2026-02-19,closed,2026-03-19,58,28,False,False,erratic_payer
INV12003140,B012,B012-C1124,Construction Client 124,Construction & Infra,30,230279.76,2026-02-28,2026-03-30,closed,2026-04-07,38,8,False,False,erratic_payer
INV12003141,B012,B012-C1124,Construction Client 124,Construction & Infra,30,156323.62,2026-03-25,2026-04-24,closed,2026-05-31,67,37,False,False,erratic_payer
INV12003142,B012,B012-C1124,Construction Client 124,Construction & Infra,30,175746.79,2026-03-28,2026-04-27,closed,2026-05-04,37,7,False,False,erratic_payer
INV12003143,B012,B012-C1124,Construction Client 124,Construction & Infra,30,173182.34,2026-07-31,2026-08-30,open,,,,False,False,erratic_payer
INV12003144,B012,B012-C1124,Construction Client 124,Construction & Infra,30,112483.37,2026-08-02,2026-09-01,open,,,,False,False,erratic_payer
INV12003145,B012,B012-C1124,Construction Client 124,Construction & Infra,30,161162.3,2026-08-25,2026-09-24,open,,,,False,False,erratic_payer
INV12003146,B012,B012-C1124,Construction Client 124,Construction & Infra,30,239746.49,2026-08-27,2026-09-26,open,,,,False,False,erratic_payer
INV12003147,B012,B012-C1125,Textiles Client 125,Textiles & Apparel,45,39940.46,2024-03-21,2024-05-05,closed,2024-05-01,41,-4,False,False,erratic_payer
INV12003148,B012,B012-C1125,Textiles Client 125,Textiles & Apparel,45,65191.71,2024-05-02,2024-06-16,closed,2024-07-05,64,19,False,False,erratic_payer
INV12003149,B012,B012-C1125,Textiles Client 125,Textiles & Apparel,45,39929.11,2024-07-27,2024-09-10,closed,2024-12-14,140,95,False,False,erratic_payer
INV12003150,B012,B012-C1125,Textiles Client 125,Textiles & Apparel,45,67796.27,2024-07-29,2024-09-12,closed,2024-08-29,31,-14,False,False,erratic_payer
INV12003151,B012,B012-C1125,Textiles Client 125,Textiles & Apparel,45,57679.06,2024-08-16,2024-09-30,closed,2024-10-20,65,20,False,False,erratic_payer
INV12003152,B012,B012-C1125,Textiles Client 125,Textiles & Apparel,45,47658.68,2024-10-18,2024-12-02,closed,2024-12-05,48,3,False,False,erratic_payer
INV12003153,B012,B012-C1125,Textiles Client 125,Textiles & Apparel,45,99784.31,2025-01-08,2025-02-22,closed,2025-02-15,38,-7,False,False,erratic_payer
INV12003154,B012,B012-C1125,Textiles Client 125,Textiles & Apparel,45,54414.14,2025-02-12,2025-03-29,closed,2025-04-06,53,8,False,False,erratic_payer
INV12003155,B012,B012-C1125,Textiles Client 125,Textiles & Apparel,45,78750.74,2025-03-03,2025-04-17,closed,2025-04-13,41,-4,False,False,erratic_payer
INV12003156,B012,B012-C1125,Textiles Client 125,Textiles & Apparel,45,58232.6,2025-04-09,2025-05-24,closed,2025-05-12,33,-12,False,False,erratic_payer
INV12003157,B012,B012-C1125,Textiles Client 125,Textiles & Apparel,45,44782.81,2025-11-17,2026-01-01,closed,2026-01-12,56,11,False,False,erratic_payer
INV12003158,B012,B012-C1125,Textiles Client 125,Textiles & Apparel,45,27080.2,2025-12-12,2026-01-26,disputed_open,,,,False,False,erratic_payer
INV12003159,B012,B012-C1125,Textiles Client 125,Textiles & Apparel,45,45965.98,2025-12-21,2026-02-04,closed,2026-01-31,41,-4,False,False,erratic_payer
INV12003160,B012,B012-C1125,Textiles Client 125,Textiles & Apparel,45,323630.26,2025-12-28,2026-02-11,closed,2026-03-03,65,20,False,True,erratic_payer
INV12003161,B012,B012-C1125,Textiles Client 125,Textiles & Apparel,45,55990.17,2025-12-30,2026-02-13,closed,2026-02-27,59,14,False,False,erratic_payer
INV12003162,B012,B012-C1125,Textiles Client 125,Textiles & Apparel,45,52884.91,2026-08-03,2026-09-17,disputed_open,,,,False,False,erratic_payer
INV12003163,B012,B012-C1125,Textiles Client 125,Textiles & Apparel,45,65948.87,2026-08-09,2026-09-23,open,,,,False,False,erratic_payer
INV12003164,B012,B012-C1126,Pharma Client 126,Pharma & Healthcare,45,134452.68,2024-04-23,2024-06-07,closed,2024-06-10,48,3,False,False,seasonal_payer
INV12003165,B012,B012-C1126,Pharma Client 126,Pharma & Healthcare,45,205904.21,2024-05-01,2024-06-15,closed,2024-07-05,65,20,False,False,seasonal_payer
INV12003166,B012,B012-C1126,Pharma Client 126,Pharma & Healthcare,45,298867.02,2024-05-27,2024-07-11,closed,2024-07-16,50,5,False,False,seasonal_payer
INV12003167,B012,B012-C1126,Pharma Client 126,Pharma & Healthcare,45,160255.54,2024-07-06,2024-08-20,closed,2024-09-09,65,20,False,False,seasonal_payer
INV12003168,B012,B012-C1126,Pharma Client 126,Pharma & Healthcare,45,120649.28,2024-08-04,2024-09-18,closed,2024-10-01,58,13,False,False,seasonal_payer
INV12003169,B012,B012-C1126,Pharma Client 126,Pharma & Healthcare,45,97570.28,2024-09-13,2024-10-28,closed,2024-10-23,40,-5,False,False,seasonal_payer
INV12003170,B012,B012-C1126,Pharma Client 126,Pharma & Healthcare,45,751541.37,2024-09-22,2024-11-06,closed,2024-11-10,49,4,False,True,seasonal_payer
INV12003171,B012,B012-C1126,Pharma Client 126,Pharma & Healthcare,45,217274.9,2024-10-16,2024-11-30,disputed_open,,,,False,False,seasonal_payer
INV12003172,B012,B012-C1126,Pharma Client 126,Pharma & Healthcare,45,104954.39,2024-11-04,2024-12-19,closed,2025-01-01,58,13,False,False,seasonal_payer
INV12003173,B012,B012-C1126,Pharma Client 126,Pharma & Healthcare,45,200437.63,2025-04-12,2025-05-27,closed,2025-06-07,56,11,False,False,seasonal_payer
INV12003174,B012,B012-C1126,Pharma Client 126,Pharma & Healthcare,45,269334.64,2025-06-15,2025-07-30,closed,2025-08-06,52,7,False,False,seasonal_payer
INV12003175,B012,B012-C1126,Pharma Client 126,Pharma & Healthcare,45,124943.45,2025-10-08,2025-11-22,closed,2025-11-25,48,3,False,False,seasonal_payer
INV12003176,B012,B012-C1126,Pharma Client 126,Pharma & Healthcare,45,145846.69,2025-10-19,2025-12-03,closed,2025-12-04,46,1,False,False,seasonal_payer
INV12003177,B012,B012-C1126,Pharma Client 126,Pharma & Healthcare,45,197753.24,2025-10-22,2025-12-06,closed,2025-12-08,47,2,False,False,seasonal_payer
INV12003178,B012,B012-C1126,Pharma Client 126,Pharma & Healthcare,45,117798.28,2025-12-09,2026-01-23,closed,2026-02-02,55,10,False,False,seasonal_payer
INV12003179,B012,B012-C1126,Pharma Client 126,Pharma & Healthcare,45,130697.58,2026-01-30,2026-03-16,closed,2026-03-30,59,14,False,False,seasonal_payer
INV12003180,B012,B012-C1126,Pharma Client 126,Pharma & Healthcare,45,192829.6,2026-06-15,2026-07-30,closed,2026-08-01,47,2,False,False,seasonal_payer
INV12003181,B012,B012-C1126,Pharma Client 126,Pharma & Healthcare,45,246110.99,2026-07-04,2026-08-18,closed,2026-08-22,49,4,False,False,seasonal_payer
INV12003182,B012,B012-C1126,Pharma Client 126,Pharma & Healthcare,45,821605.04,2026-07-19,2026-09-02,open,,,,False,True,seasonal_payer
INV12003183,B012,B012-C1127,Retail Client 127,Retail & Distribution,45,67486.38,2024-03-21,2024-05-05,closed,2024-06-14,85,40,False,False,improving_payer
INV12003184,B012,B012-C1127,Retail Client 127,Retail & Distribution,45,55323.4,2024-03-22,2024-05-06,closed,2024-06-14,84,39,False,False,improving_payer
INV12003185,B012,B012-C1127,Retail Client 127,Retail & Distribution,45,39670.8,2024-04-14,2024-05-29,closed,2024-06-27,74,29,False,False,improving_payer
INV12003186,B012,B012-C1127,Retail Client 127,Retail & Distribution,45,35438.68,2024-07-02,2024-08-16,closed,2024-09-22,82,37,False,False,improving_payer
INV12003187,B012,B012-C1127,Retail Client 127,Retail & Distribution,45,35662.53,2024-07-18,2024-09-01,closed,2024-10-02,76,31,False,False,improving_payer
INV12003188,B012,B012-C1127,Retail Client 127,Retail & Distribution,45,23559.45,2024-11-30,2025-01-14,closed,2025-02-15,77,32,False,False,improving_payer
INV12003189,B012,B012-C1127,Retail Client 127,Retail & Distribution,45,31259.24,2025-01-10,2025-02-24,closed,2025-03-10,59,14,False,False,improving_payer
INV12003190,B012,B012-C1127,Retail Client 127,Retail & Distribution,45,44288.87,2025-02-07,2025-03-24,closed,2025-04-15,67,22,False,False,improving_payer
INV12003191,B012,B012-C1127,Retail Client 127,Retail & Distribution,45,37677.45,2025-02-23,2025-04-09,closed,2025-05-13,79,34,False,False,improving_payer
INV12003192,B012,B012-C1127,Retail Client 127,Retail & Distribution,45,30522.98,2025-05-13,2025-06-27,closed,2025-07-10,58,13,False,False,improving_payer
INV12003193,B012,B012-C1127,Retail Client 127,Retail & Distribution,45,17435.92,2025-05-25,2025-07-09,closed,2025-08-06,73,28,False,False,improving_payer
INV12003194,B012,B012-C1127,Retail Client 127,Retail & Distribution,45,47863.96,2025-06-03,2025-07-18,closed,2025-08-01,59,14,False,False,improving_payer
INV12003195,B012,B012-C1127,Retail Client 127,Retail & Distribution,45,19940.95,2025-06-24,2025-08-08,closed,2025-09-21,89,44,False,False,improving_payer
INV12003196,B012,B012-C1127,Retail Client 127,Retail & Distribution,45,52291.27,2025-07-23,2025-09-06,closed,2025-09-30,69,24,False,False,improving_payer
INV12003197,B012,B012-C1127,Retail Client 127,Retail & Distribution,45,41518.79,2025-08-11,2025-09-25,closed,2025-10-21,71,26,False,False,improving_payer
INV12003198,B012,B012-C1127,Retail Client 127,Retail & Distribution,45,16853.26,2025-08-16,2025-09-30,closed,2025-10-14,59,14,False,False,improving_payer
INV12003199,B012,B012-C1127,Retail Client 127,Retail & Distribution,45,20909.49,2025-08-26,2025-10-10,closed,2025-10-25,60,15,False,False,improving_payer
INV12003200,B012,B012-C1127,Retail Client 127,Retail & Distribution,45,215506.78,2026-02-28,2026-04-14,closed,2026-04-23,54,9,False,True,improving_payer
INV12003201,B012,B012-C1127,Retail Client 127,Retail & Distribution,45,37869.82,2026-04-21,2026-06-05,closed,2026-06-25,65,20,False,False,improving_payer
INV12003202,B012,B012-C1127,Retail Client 127,Retail & Distribution,45,21840.77,2026-06-02,2026-07-17,closed,2026-08-05,64,19,False,False,improving_payer
INV12003203,B012,B012-C1127,Retail Client 127,Retail & Distribution,45,24854.86,2026-06-13,2026-07-28,closed,2026-08-03,51,6,False,False,improving_payer
INV12003204,B012,B012-C1127,Retail Client 127,Retail & Distribution,45,32027.79,2026-07-13,2026-08-27,closed,2026-08-26,44,-1,False,False,improving_payer
INV12003205,B012,B012-C1127,Retail Client 127,Retail & Distribution,45,33391.91,2026-07-23,2026-09-06,open,,,,False,False,improving_payer
INV12003206,B012,B012-C1127,Retail Client 127,Retail & Distribution,45,27254.56,2026-08-02,2026-09-16,open,,,,False,False,improving_payer
INV12003207,B012,B012-C1127,Retail Client 127,Retail & Distribution,45,29922.19,2026-08-04,2026-09-18,open,,,,False,False,improving_payer
INV12003208,B012,B012-C1127,Retail Client 127,Retail & Distribution,45,38357.88,2026-08-09,2026-09-23,disputed_open,,,,False,False,improving_payer
INV12003209,B012,B012-C1127,Retail Client 127,Retail & Distribution,45,29193.76,2026-08-27,2026-10-11,open,,,,False,False,improving_payer
INV12003210,B012,B012-C1128,Retail Client 128,Retail & Distribution,30,178480.03,2024-05-06,2024-06-05,closed,2024-06-10,35,5,False,False,seasonal_payer
INV12003211,B012,B012-C1128,Retail Client 128,Retail & Distribution,30,110909.12,2024-05-09,2024-06-08,closed,2024-06-26,48,18,False,False,seasonal_payer
INV12003212,B012,B012-C1128,Retail Client 128,Retail & Distribution,30,129181.89,2024-05-21,2024-06-20,closed,2024-07-09,49,19,False,False,seasonal_payer
INV12003213,B012,B012-C1128,Retail Client 128,Retail & Distribution,30,134357.38,2024-06-01,2024-07-01,closed,2024-07-15,44,14,False,False,seasonal_payer
INV12003214,B012,B012-C1128,Retail Client 128,Retail & Distribution,30,126287.91,2024-09-02,2024-10-02,closed,2024-10-04,32,2,False,False,seasonal_payer
INV12003215,B012,B012-C1128,Retail Client 128,Retail & Distribution,30,139021.52,2024-09-08,2024-10-08,closed,2024-10-14,36,6,False,False,seasonal_payer
INV12003216,B012,B012-C1128,Retail Client 128,Retail & Distribution,30,139361.8,2024-10-15,2024-11-14,closed,2024-11-19,35,5,False,False,seasonal_payer
INV12003217,B012,B012-C1128,Retail Client 128,Retail & Distribution,30,240151.12,2024-11-11,2024-12-11,closed,2024-12-15,34,4,False,False,seasonal_payer
INV12003218,B012,B012-C1128,Retail Client 128,Retail & Distribution,30,85997.34,2024-11-27,2024-12-27,closed,2024-12-23,26,-4,False,False,seasonal_payer
INV12003219,B012,B012-C1128,Retail Client 128,Retail & Distribution,30,187920.19,2024-12-04,2025-01-03,closed,2025-01-08,35,5,False,False,seasonal_payer
INV12003220,B012,B012-C1128,Retail Client 128,Retail & Distribution,30,169939.17,2024-12-15,2025-01-14,closed,2025-01-17,33,3,False,False,seasonal_payer
INV12003221,B012,B012-C1128,Retail Client 128,Retail & Distribution,30,188655.06,2025-02-09,2025-03-11,closed,2025-03-18,37,7,False,False,seasonal_payer
INV12003222,B012,B012-C1128,Retail Client 128,Retail & Distribution,30,722941.69,2025-03-05,2025-04-04,closed,2025-04-15,41,11,False,True,seasonal_payer
INV12003223,B012,B012-C1128,Retail Client 128,Retail & Distribution,30,121547.55,2025-04-16,2025-05-16,closed,2025-05-28,42,12,False,False,seasonal_payer
INV12003224,B012,B012-C1128,Retail Client 128,Retail & Distribution,30,174589.25,2025-04-21,2025-05-21,closed,2025-05-30,39,9,False,False,seasonal_payer
INV12003225,B012,B012-C1128,Retail Client 128,Retail & Distribution,30,198277.67,2025-05-06,2025-06-05,closed,2025-06-20,45,15,False,False,seasonal_payer
INV12003226,B012,B012-C1128,Retail Client 128,Retail & Distribution,30,122277.08,2025-05-10,2025-06-09,closed,2025-06-23,44,14,False,False,seasonal_payer
INV12003227,B012,B012-C1128,Retail Client 128,Retail & Distribution,30,112250.95,2025-07-03,2025-08-02,closed,2025-08-21,49,19,False,False,seasonal_payer
INV12003228,B012,B012-C1128,Retail Client 128,Retail & Distribution,30,205034.0,2025-08-07,2025-09-06,closed,2025-09-04,28,-2,False,False,seasonal_payer
INV12003229,B012,B012-C1128,Retail Client 128,Retail & Distribution,30,118565.73,2025-08-17,2025-09-16,closed,2025-09-25,39,9,False,False,seasonal_payer
INV12003230,B012,B012-C1128,Retail Client 128,Retail & Distribution,30,168454.95,2025-08-19,2025-09-18,closed,2025-09-21,33,3,False,False,seasonal_payer
INV12003231,B012,B012-C1128,Retail Client 128,Retail & Distribution,30,115969.09,2025-09-09,2025-10-09,closed,2025-10-14,35,5,False,False,seasonal_payer
INV12003232,B012,B012-C1128,Retail Client 128,Retail & Distribution,30,245142.82,2025-09-20,2025-10-20,closed,2025-10-20,30,0,False,False,seasonal_payer
INV12003233,B012,B012-C1128,Retail Client 128,Retail & Distribution,30,114875.61,2025-10-02,2025-11-01,closed,2025-11-02,31,1,False,False,seasonal_payer
INV12003234,B012,B012-C1128,Retail Client 128,Retail & Distribution,30,357840.7,2025-11-30,2025-12-30,closed,2025-12-31,31,1,False,True,seasonal_payer
INV12003235,B012,B012-C1128,Retail Client 128,Retail & Distribution,30,246580.99,2025-12-29,2026-01-28,closed,2026-02-09,42,12,False,False,seasonal_payer
INV12003236,B012,B012-C1128,Retail Client 128,Retail & Distribution,30,174888.87,2026-01-26,2026-02-25,closed,2026-03-08,41,11,False,False,seasonal_payer
INV12003237,B012,B012-C1128,Retail Client 128,Retail & Distribution,30,629363.59,2026-02-01,2026-03-03,closed,2026-03-14,41,11,True,True,seasonal_payer
INV12003238,B012,B012-C1128,Retail Client 128,Retail & Distribution,30,89711.61,2026-02-05,2026-03-07,closed,2026-03-27,50,20,False,False,seasonal_payer
INV12003239,B012,B012-C1128,Retail Client 128,Retail & Distribution,30,121497.5,2026-03-27,2026-04-26,closed,2026-05-08,42,12,True,False,seasonal_payer
INV12003240,B012,B012-C1128,Retail Client 128,Retail & Distribution,30,99670.51,2026-04-18,2026-05-18,closed,2026-05-31,43,13,False,False,seasonal_payer
INV12003241,B012,B012-C1128,Retail Client 128,Retail & Distribution,30,96604.94,2026-06-13,2026-07-13,closed,2026-07-17,34,4,False,False,seasonal_payer
INV12003242,B012,B012-C1128,Retail Client 128,Retail & Distribution,30,154657.61,2026-07-07,2026-08-06,closed,2026-08-15,39,9,False,False,seasonal_payer
INV12003243,B012,B012-C1128,Retail Client 128,Retail & Distribution,30,311584.55,2026-08-30,2026-09-29,open,,,,False,False,seasonal_payer
INV12003244,B012,B012-C1129,Metal Client 129,Metal & Engineering,45,45263.05,2024-04-11,2024-05-26,open,,,,False,False,seasonal_payer
INV12003245,B012,B012-C1129,Metal Client 129,Metal & Engineering,45,23766.21,2024-07-21,2024-09-04,closed,2024-09-15,56,11,False,False,seasonal_payer
INV12003246,B012,B012-C1129,Metal Client 129,Metal & Engineering,45,53122.81,2024-07-21,2024-09-04,closed,2024-09-04,45,0,False,False,seasonal_payer
INV12003247,B012,B012-C1129,Metal Client 129,Metal & Engineering,45,50629.44,2024-09-30,2024-11-14,closed,2024-11-19,50,5,False,False,seasonal_payer
INV12003248,B012,B012-C1129,Metal Client 129,Metal & Engineering,45,23171.85,2024-10-13,2024-11-27,closed,2024-12-03,51,6,False,False,seasonal_payer
INV12003249,B012,B012-C1129,Metal Client 129,Metal & Engineering,45,66140.27,2024-11-28,2025-01-12,closed,2025-01-28,61,16,False,False,seasonal_payer
INV12003250,B012,B012-C1129,Metal Client 129,Metal & Engineering,45,46895.35,2024-12-29,2025-02-12,closed,2025-02-23,56,11,False,False,seasonal_payer
INV12003251,B012,B012-C1129,Metal Client 129,Metal & Engineering,45,42138.08,2025-01-18,2025-03-04,closed,2025-03-06,47,2,False,False,seasonal_payer
INV12003252,B012,B012-C1129,Metal Client 129,Metal & Engineering,45,162938.86,2025-06-10,2025-07-25,closed,2025-08-04,55,10,False,True,seasonal_payer
INV12003253,B012,B012-C1129,Metal Client 129,Metal & Engineering,45,106994.12,2025-07-15,2025-08-29,closed,2025-08-28,44,-1,False,True,seasonal_payer
INV12003254,B012,B012-C1129,Metal Client 129,Metal & Engineering,45,26045.05,2025-08-04,2025-09-18,closed,2025-09-17,44,-1,False,False,seasonal_payer
INV12003255,B012,B012-C1129,Metal Client 129,Metal & Engineering,45,26526.69,2025-08-08,2025-09-22,closed,2025-09-25,48,3,False,False,seasonal_payer
INV12003256,B012,B012-C1129,Metal Client 129,Metal & Engineering,45,38052.05,2025-08-15,2025-09-29,closed,2025-09-29,45,0,False,False,seasonal_payer
INV12003257,B012,B012-C1129,Metal Client 129,Metal & Engineering,45,28096.43,2025-09-07,2025-10-22,closed,2025-10-29,52,7,False,False,seasonal_payer
INV12003258,B012,B012-C1129,Metal Client 129,Metal & Engineering,45,31020.67,2025-09-20,2025-11-04,closed,2025-11-01,42,-3,False,False,seasonal_payer
INV12003259,B012,B012-C1129,Metal Client 129,Metal & Engineering,45,34933.54,2025-10-01,2025-11-15,closed,2025-11-14,44,-1,False,False,seasonal_payer
INV12003260,B012,B012-C1129,Metal Client 129,Metal & Engineering,45,43143.16,2025-11-10,2025-12-25,closed,2026-01-10,61,16,False,False,seasonal_payer
INV12003261,B012,B012-C1129,Metal Client 129,Metal & Engineering,45,59902.91,2026-02-05,2026-03-22,closed,2026-04-10,64,19,False,False,seasonal_payer
INV12003262,B012,B012-C1129,Metal Client 129,Metal & Engineering,45,24900.6,2026-07-06,2026-08-20,closed,2026-08-24,49,4,True,False,seasonal_payer
INV12003263,B012,B012-C1130,Pharma Client 130,Pharma & Healthcare,30,26779.55,2024-06-05,2024-07-05,closed,2024-07-11,36,6,False,False,average_payer
INV12003264,B012,B012-C1130,Pharma Client 130,Pharma & Healthcare,30,21627.09,2024-06-20,2024-07-20,closed,2024-07-20,30,0,False,False,average_payer
INV12003265,B012,B012-C1130,Pharma Client 130,Pharma & Healthcare,30,26373.95,2024-10-28,2024-11-27,closed,2024-12-11,44,14,False,False,average_payer
INV12003266,B012,B012-C1130,Pharma Client 130,Pharma & Healthcare,30,27465.33,2025-03-21,2025-04-20,closed,2025-05-02,42,12,False,False,average_payer
INV12003267,B012,B012-C1130,Pharma Client 130,Pharma & Healthcare,30,45897.33,2025-04-15,2025-05-15,closed,2025-05-12,27,-3,False,False,average_payer
INV12003268,B012,B012-C1130,Pharma Client 130,Pharma & Healthcare,30,33038.78,2025-04-16,2025-05-16,closed,2025-05-26,40,10,False,False,average_payer
INV12003269,B012,B012-C1130,Pharma Client 130,Pharma & Healthcare,30,33722.21,2025-08-04,2025-09-03,closed,2025-09-02,29,-1,False,False,average_payer
INV12003270,B012,B012-C1130,Pharma Client 130,Pharma & Healthcare,30,24818.68,2025-09-29,2025-10-29,closed,2025-11-03,35,5,False,False,average_payer
INV12003271,B012,B012-C1130,Pharma Client 130,Pharma & Healthcare,30,44949.18,2025-10-22,2025-11-21,closed,2025-12-09,48,18,False,False,average_payer
INV12003272,B012,B012-C1130,Pharma Client 130,Pharma & Healthcare,30,21948.66,2025-12-03,2026-01-02,closed,2026-01-10,38,8,False,False,average_payer
INV12003273,B012,B012-C1130,Pharma Client 130,Pharma & Healthcare,30,43638.12,2025-12-23,2026-01-22,closed,2026-02-07,46,16,False,False,average_payer
INV12003274,B012,B012-C1130,Pharma Client 130,Pharma & Healthcare,30,34355.15,2026-02-19,2026-03-21,closed,2026-03-28,37,7,False,False,average_payer
INV12003275,B012,B012-C1130,Pharma Client 130,Pharma & Healthcare,30,19315.55,2026-03-04,2026-04-03,closed,2026-04-13,40,10,False,False,average_payer
INV12003276,B012,B012-C1130,Pharma Client 130,Pharma & Healthcare,30,42481.06,2026-08-17,2026-09-16,open,,,,False,False,average_payer
INV12003277,B012,B012-C1131,Pharma Client 131,Pharma & Healthcare,45,225130.98,2024-03-17,2024-05-01,closed,2024-05-01,45,0,False,False,prompt_payer
INV12003278,B012,B012-C1131,Pharma Client 131,Pharma & Healthcare,45,113990.63,2024-03-25,2024-05-09,closed,2024-05-11,47,2,False,False,prompt_payer
INV12003279,B012,B012-C1131,Pharma Client 131,Pharma & Healthcare,45,245441.46,2024-04-15,2024-05-30,closed,2024-06-01,47,2,False,False,prompt_payer
INV12003280,B012,B012-C1131,Pharma Client 131,Pharma & Healthcare,45,269450.19,2024-04-22,2024-06-06,closed,2024-06-07,46,1,False,False,prompt_payer
INV12003281,B012,B012-C1131,Pharma Client 131,Pharma & Healthcare,45,124940.57,2024-06-07,2024-07-22,closed,2024-07-17,40,-5,False,False,prompt_payer
INV12003282,B012,B012-C1131,Pharma Client 131,Pharma & Healthcare,45,266640.64,2024-06-24,2024-08-08,closed,2024-07-31,37,-8,False,False,prompt_payer
INV12003283,B012,B012-C1131,Pharma Client 131,Pharma & Healthcare,45,318212.95,2024-07-29,2024-09-12,closed,2024-09-10,43,-2,False,False,prompt_payer
INV12003284,B012,B012-C1131,Pharma Client 131,Pharma & Healthcare,45,218797.7,2024-08-22,2024-10-06,closed,2024-10-07,46,1,False,False,prompt_payer
INV12003285,B012,B012-C1131,Pharma Client 131,Pharma & Healthcare,45,263388.66,2024-09-18,2024-11-02,closed,2024-11-02,45,0,False,False,prompt_payer
INV12003286,B012,B012-C1131,Pharma Client 131,Pharma & Healthcare,45,226060.8,2025-01-28,2025-03-14,closed,2025-03-13,44,-1,False,False,prompt_payer
INV12003287,B012,B012-C1131,Pharma Client 131,Pharma & Healthcare,45,199205.03,2025-02-03,2025-03-20,closed,2025-03-25,50,5,False,False,prompt_payer
INV12003288,B012,B012-C1131,Pharma Client 131,Pharma & Healthcare,45,372195.76,2025-02-04,2025-03-21,closed,2025-03-18,42,-3,False,False,prompt_payer
INV12003289,B012,B012-C1131,Pharma Client 131,Pharma & Healthcare,45,289402.24,2025-02-09,2025-03-26,closed,2025-03-27,46,1,False,False,prompt_payer
INV12003290,B012,B012-C1131,Pharma Client 131,Pharma & Healthcare,45,205260.06,2025-03-12,2025-04-26,closed,2025-04-23,42,-3,False,False,prompt_payer
INV12003291,B012,B012-C1131,Pharma Client 131,Pharma & Healthcare,45,289286.88,2025-03-18,2025-05-02,closed,2025-04-30,43,-2,False,False,prompt_payer
INV12003292,B012,B012-C1131,Pharma Client 131,Pharma & Healthcare,45,258715.85,2025-04-01,2025-05-16,closed,2025-05-16,45,0,False,False,prompt_payer
INV12003293,B012,B012-C1131,Pharma Client 131,Pharma & Healthcare,45,252734.19,2025-04-27,2025-06-11,closed,2025-06-11,45,0,False,False,prompt_payer
INV12003294,B012,B012-C1131,Pharma Client 131,Pharma & Healthcare,45,208296.34,2025-05-03,2025-06-17,closed,2025-06-17,45,0,False,False,prompt_payer
INV12003295,B012,B012-C1131,Pharma Client 131,Pharma & Healthcare,45,161836.26,2025-05-13,2025-06-27,closed,2025-06-25,43,-2,False,False,prompt_payer
INV12003296,B012,B012-C1131,Pharma Client 131,Pharma & Healthcare,45,581069.53,2025-05-28,2025-07-12,closed,2025-07-14,47,2,False,False,prompt_payer
INV12003297,B012,B012-C1131,Pharma Client 131,Pharma & Healthcare,45,173882.3,2025-05-30,2025-07-14,closed,2025-07-20,51,6,False,False,prompt_payer
INV12003298,B012,B012-C1131,Pharma Client 131,Pharma & Healthcare,45,189128.27,2025-06-14,2025-07-29,closed,2025-07-31,47,2,False,False,prompt_payer
INV12003299,B012,B012-C1131,Pharma Client 131,Pharma & Healthcare,45,252453.67,2025-06-18,2025-08-02,closed,2025-08-02,45,0,False,False,prompt_payer
INV12003300,B012,B012-C1131,Pharma Client 131,Pharma & Healthcare,45,247094.12,2025-08-23,2025-10-07,closed,2025-10-06,44,-1,False,False,prompt_payer
INV12003301,B012,B012-C1131,Pharma Client 131,Pharma & Healthcare,45,156402.04,2025-08-24,2025-10-08,closed,2025-10-06,43,-2,False,False,prompt_payer
INV12003302,B012,B012-C1131,Pharma Client 131,Pharma & Healthcare,45,159379.19,2026-03-06,2026-04-20,closed,2026-04-23,48,3,False,False,prompt_payer
INV12003303,B012,B012-C1131,Pharma Client 131,Pharma & Healthcare,45,202296.77,2026-04-29,2026-06-13,closed,2026-06-09,41,-4,False,False,prompt_payer
INV12003304,B012,B012-C1131,Pharma Client 131,Pharma & Healthcare,45,198247.64,2026-05-16,2026-06-30,closed,2026-07-05,50,5,False,False,prompt_payer
INV12003305,B012,B012-C1132,Textiles Client 132,Textiles & Apparel,30,5222.59,2024-03-26,2024-04-25,closed,2024-05-10,45,15,True,False,erratic_payer
INV12003306,B012,B012-C1132,Textiles Client 132,Textiles & Apparel,30,3412.9,2024-04-11,2024-05-11,closed,2024-05-14,33,3,False,False,erratic_payer
INV12003307,B012,B012-C1132,Textiles Client 132,Textiles & Apparel,30,4808.8,2024-04-18,2024-05-18,closed,2024-05-17,29,-1,False,False,erratic_payer
INV12003308,B012,B012-C1132,Textiles Client 132,Textiles & Apparel,30,3839.99,2024-04-19,2024-05-19,closed,2024-06-02,44,14,False,False,erratic_payer
INV12003309,B012,B012-C1132,Textiles Client 132,Textiles & Apparel,30,3858.71,2024-05-07,2024-06-06,closed,2024-06-18,42,12,False,False,erratic_payer
INV12003310,B012,B012-C1132,Textiles Client 132,Textiles & Apparel,30,4981.76,2024-05-08,2024-06-07,closed,2024-06-24,47,17,False,False,erratic_payer
INV12003311,B012,B012-C1132,Textiles Client 132,Textiles & Apparel,30,3370.62,2024-05-30,2024-06-29,closed,2024-08-31,93,63,False,False,erratic_payer
INV12003312,B012,B012-C1132,Textiles Client 132,Textiles & Apparel,30,3942.27,2024-06-17,2024-07-17,closed,2024-08-30,74,44,False,False,erratic_payer
INV12003313,B012,B012-C1132,Textiles Client 132,Textiles & Apparel,30,9420.86,2024-07-20,2024-08-19,closed,2024-08-16,27,-3,False,False,erratic_payer
INV12003314,B012,B012-C1132,Textiles Client 132,Textiles & Apparel,30,9515.05,2024-08-12,2024-09-11,closed,2024-09-13,32,2,False,False,erratic_payer
INV12003315,B012,B012-C1132,Textiles Client 132,Textiles & Apparel,30,5411.39,2024-10-23,2024-11-22,closed,2024-12-19,57,27,False,False,erratic_payer
INV12003316,B012,B012-C1132,Textiles Client 132,Textiles & Apparel,30,6554.21,2024-11-02,2024-12-02,closed,2024-12-12,40,10,False,False,erratic_payer
INV12003317,B012,B012-C1132,Textiles Client 132,Textiles & Apparel,30,3377.71,2024-11-14,2024-12-14,closed,2024-12-26,42,12,False,False,erratic_payer
INV12003318,B012,B012-C1132,Textiles Client 132,Textiles & Apparel,30,5895.6,2024-12-26,2025-01-25,closed,2025-01-27,32,2,False,False,erratic_payer
INV12003319,B012,B012-C1132,Textiles Client 132,Textiles & Apparel,30,5433.29,2025-01-13,2025-02-12,closed,2025-02-14,32,2,False,False,erratic_payer
INV12003320,B012,B012-C1132,Textiles Client 132,Textiles & Apparel,30,3437.34,2025-01-17,2025-02-16,closed,2025-02-14,28,-2,False,False,erratic_payer
INV12003321,B012,B012-C1132,Textiles Client 132,Textiles & Apparel,30,3623.43,2025-02-04,2025-03-06,closed,2025-03-15,39,9,False,False,erratic_payer
INV12003322,B012,B012-C1132,Textiles Client 132,Textiles & Apparel,30,7298.75,2025-03-17,2025-04-16,closed,2025-04-19,33,3,False,False,erratic_payer
INV12003323,B012,B012-C1132,Textiles Client 132,Textiles & Apparel,30,21125.66,2025-04-18,2025-05-18,closed,2025-05-13,25,-5,True,True,erratic_payer
INV12003324,B012,B012-C1132,Textiles Client 132,Textiles & Apparel,30,5554.35,2025-04-18,2025-05-18,open,,,,False,False,erratic_payer
INV12003325,B012,B012-C1132,Textiles Client 132,Textiles & Apparel,30,6635.91,2025-05-12,2025-06-11,closed,2025-06-03,22,-8,False,False,erratic_payer
INV12003326,B012,B012-C1132,Textiles Client 132,Textiles & Apparel,30,7573.78,2025-05-14,2025-06-13,closed,2025-06-11,28,-2,False,False,erratic_payer
INV12003327,B012,B012-C1132,Textiles Client 132,Textiles & Apparel,30,7796.64,2025-05-16,2025-06-15,closed,2025-06-16,31,1,False,False,erratic_payer
INV12003328,B012,B012-C1132,Textiles Client 132,Textiles & Apparel,30,7055.51,2025-06-17,2025-07-17,open,,,,False,False,erratic_payer
INV12003329,B012,B012-C1132,Textiles Client 132,Textiles & Apparel,30,4551.93,2025-07-01,2025-07-31,closed,2025-08-04,34,4,False,False,erratic_payer
INV12003330,B012,B012-C1132,Textiles Client 132,Textiles & Apparel,30,5191.61,2025-07-13,2025-08-12,closed,2025-08-31,49,19,False,False,erratic_payer
INV12003331,B012,B012-C1132,Textiles Client 132,Textiles & Apparel,30,10417.26,2025-07-30,2025-08-29,closed,2025-09-04,36,6,False,False,erratic_payer
INV12003332,B012,B012-C1132,Textiles Client 132,Textiles & Apparel,30,6298.31,2025-08-23,2025-09-22,closed,2025-09-13,21,-9,False,False,erratic_payer
INV12003333,B012,B012-C1132,Textiles Client 132,Textiles & Apparel,30,5736.24,2025-08-29,2025-09-28,disputed_open,,,,False,False,erratic_payer
INV12003334,B012,B012-C1132,Textiles Client 132,Textiles & Apparel,30,4172.01,2025-10-01,2025-10-31,closed,2025-10-29,28,-2,False,False,erratic_payer
INV12003335,B012,B012-C1132,Textiles Client 132,Textiles & Apparel,30,9598.05,2025-11-10,2025-12-10,closed,2025-12-20,40,10,False,False,erratic_payer
INV12003336,B012,B012-C1132,Textiles Client 132,Textiles & Apparel,30,3498.0,2025-11-11,2025-12-11,closed,2025-12-17,36,6,False,False,erratic_payer
INV12003337,B012,B012-C1132,Textiles Client 132,Textiles & Apparel,30,4751.05,2025-11-18,2025-12-18,closed,2025-12-08,20,-10,False,False,erratic_payer
INV12003338,B012,B012-C1132,Textiles Client 132,Textiles & Apparel,30,3944.29,2025-12-10,2026-01-09,closed,2026-01-13,34,4,False,False,erratic_payer
INV12003339,B012,B012-C1132,Textiles Client 132,Textiles & Apparel,30,5227.3,2025-12-19,2026-01-18,closed,2026-01-23,35,5,False,False,erratic_payer
INV12003340,B012,B012-C1132,Textiles Client 132,Textiles & Apparel,30,4497.65,2025-12-28,2026-01-27,closed,2026-01-28,31,1,False,False,erratic_payer
INV12003341,B012,B012-C1132,Textiles Client 132,Textiles & Apparel,30,21143.1,2026-01-16,2026-02-15,closed,2026-02-17,32,2,False,True,erratic_payer
INV12003342,B012,B012-C1132,Textiles Client 132,Textiles & Apparel,30,5354.11,2026-02-08,2026-03-10,closed,2026-03-10,30,0,False,False,erratic_payer
INV12003343,B012,B012-C1132,Textiles Client 132,Textiles & Apparel,30,5133.3,2026-03-03,2026-04-02,closed,2026-04-06,34,4,False,False,erratic_payer
INV12003344,B012,B012-C1132,Textiles Client 132,Textiles & Apparel,30,5677.32,2026-03-21,2026-04-20,closed,2026-05-12,52,22,False,False,erratic_payer
INV12003345,B012,B012-C1132,Textiles Client 132,Textiles & Apparel,30,6830.91,2026-04-03,2026-05-03,closed,2026-05-11,38,8,False,False,erratic_payer
INV12003346,B012,B012-C1132,Textiles Client 132,Textiles & Apparel,30,4891.06,2026-04-22,2026-05-22,closed,2026-06-03,42,12,False,False,erratic_payer
INV12003347,B012,B012-C1132,Textiles Client 132,Textiles & Apparel,30,6479.88,2026-04-26,2026-05-26,closed,2026-05-29,33,3,False,False,erratic_payer
INV12003348,B012,B012-C1132,Textiles Client 132,Textiles & Apparel,30,3352.47,2026-05-12,2026-06-11,closed,2026-06-22,41,11,False,False,erratic_payer
INV12003349,B012,B012-C1132,Textiles Client 132,Textiles & Apparel,30,4340.93,2026-05-30,2026-06-29,closed,2026-07-01,32,2,False,False,erratic_payer
INV12003350,B012,B012-C1132,Textiles Client 132,Textiles & Apparel,30,6683.46,2026-07-14,2026-08-13,open,,,,False,False,erratic_payer
INV12003351,B012,B012-C1132,Textiles Client 132,Textiles & Apparel,30,4193.69,2026-08-06,2026-09-05,open,,,,False,False,erratic_payer
INV12003352,B012,B012-C1133,Construction Client 133,Construction & Infra,45,113113.17,2024-05-10,2024-06-24,closed,2024-08-22,104,59,False,False,erratic_payer
INV12003353,B012,B012-C1133,Construction Client 133,Construction & Infra,45,89574.74,2024-05-22,2024-07-06,closed,2024-07-04,43,-2,False,False,erratic_payer
INV12003354,B012,B012-C1133,Construction Client 133,Construction & Infra,45,76966.91,2024-10-24,2024-12-08,closed,2024-12-18,55,10,False,False,erratic_payer
INV12003355,B012,B012-C1133,Construction Client 133,Construction & Infra,45,464411.66,2024-12-26,2025-02-09,open,,,,False,True,erratic_payer
INV12003356,B012,B012-C1133,Construction Client 133,Construction & Infra,45,75470.25,2025-06-22,2025-08-06,closed,2025-08-05,44,-1,False,False,erratic_payer
INV12003357,B012,B012-C1133,Construction Client 133,Construction & Infra,45,131549.34,2025-07-24,2025-09-07,open,,,,False,False,erratic_payer
INV12003358,B012,B012-C1133,Construction Client 133,Construction & Infra,45,65566.2,2025-10-21,2025-12-05,closed,2025-12-13,53,8,False,False,erratic_payer
INV12003359,B012,B012-C1133,Construction Client 133,Construction & Infra,45,66091.51,2026-01-11,2026-02-25,open,,,,False,False,erratic_payer
INV12003360,B012,B012-C1133,Construction Client 133,Construction & Infra,45,76601.78,2026-07-08,2026-08-22,open,,,,False,False,erratic_payer
INV12003361,B012,B012-C1133,Construction Client 133,Construction & Infra,45,74126.7,2026-07-15,2026-08-29,closed,2026-09-02,49,4,False,False,erratic_payer
INV12003362,B012,B012-C1134,Retail Client 134,Retail & Distribution,15,63149.62,2024-03-22,2024-04-06,closed,2024-04-10,19,4,False,False,average_payer
INV12003363,B012,B012-C1134,Retail Client 134,Retail & Distribution,15,85117.11,2024-04-18,2024-05-03,closed,2024-05-14,26,11,False,False,average_payer
INV12003364,B012,B012-C1134,Retail Client 134,Retail & Distribution,15,109799.76,2024-05-11,2024-05-26,closed,2024-06-11,31,16,False,False,average_payer
INV12003365,B012,B012-C1134,Retail Client 134,Retail & Distribution,15,70510.35,2024-07-04,2024-07-19,closed,2024-07-27,23,8,False,False,average_payer
INV12003366,B012,B012-C1134,Retail Client 134,Retail & Distribution,15,82567.95,2024-07-18,2024-08-02,closed,2024-08-14,27,12,False,False,average_payer
INV12003367,B012,B012-C1134,Retail Client 134,Retail & Distribution,15,85495.84,2024-08-04,2024-08-19,closed,2024-08-18,14,-1,False,False,average_payer
INV12003368,B012,B012-C1134,Retail Client 134,Retail & Distribution,15,74808.48,2024-08-11,2024-08-26,closed,2024-08-25,14,-1,False,False,average_payer
INV12003369,B012,B012-C1134,Retail Client 134,Retail & Distribution,15,77488.95,2024-09-03,2024-09-18,closed,2024-09-22,19,4,False,False,average_payer
INV12003370,B012,B012-C1134,Retail Client 134,Retail & Distribution,15,72384.7,2024-09-13,2024-09-28,closed,2024-10-10,27,12,False,False,average_payer
INV12003371,B012,B012-C1134,Retail Client 134,Retail & Distribution,15,73435.02,2024-09-20,2024-10-05,closed,2024-10-14,24,9,False,False,average_payer
INV12003372,B012,B012-C1134,Retail Client 134,Retail & Distribution,15,48511.45,2024-10-07,2024-10-22,closed,2024-10-15,8,-7,False,False,average_payer
INV12003373,B012,B012-C1134,Retail Client 134,Retail & Distribution,15,299086.61,2024-10-29,2024-11-13,closed,2024-11-22,24,9,False,True,average_payer
INV12003374,B012,B012-C1134,Retail Client 134,Retail & Distribution,15,68918.51,2024-11-11,2024-11-26,closed,2024-11-25,14,-1,False,False,average_payer
INV12003375,B012,B012-C1134,Retail Client 134,Retail & Distribution,15,86123.31,2024-11-18,2024-12-03,open,,,,False,False,average_payer
INV12003376,B012,B012-C1134,Retail Client 134,Retail & Distribution,15,110595.78,2024-12-05,2024-12-20,closed,2025-01-01,27,12,False,False,average_payer
INV12003377,B012,B012-C1134,Retail Client 134,Retail & Distribution,15,60610.69,2025-03-06,2025-03-21,closed,2025-04-02,27,12,False,False,average_payer
INV12003378,B012,B012-C1134,Retail Client 134,Retail & Distribution,15,55366.54,2025-03-14,2025-03-29,closed,2025-04-03,20,5,False,False,average_payer
INV12003379,B012,B012-C1134,Retail Client 134,Retail & Distribution,15,383794.51,2025-03-19,2025-04-03,closed,2025-04-06,18,3,False,True,average_payer
INV12003380,B012,B012-C1134,Retail Client 134,Retail & Distribution,15,148554.95,2025-03-30,2025-04-14,closed,2025-04-10,11,-4,False,False,average_payer
INV12003381,B012,B012-C1134,Retail Client 134,Retail & Distribution,15,96078.4,2025-03-31,2025-04-15,closed,2025-04-19,19,4,False,False,average_payer
INV12003382,B012,B012-C1134,Retail Client 134,Retail & Distribution,15,78085.38,2025-05-02,2025-05-17,closed,2025-05-28,26,11,False,False,average_payer
INV12003383,B012,B012-C1134,Retail Client 134,Retail & Distribution,15,46175.26,2025-06-23,2025-07-08,closed,2025-06-28,5,-10,False,False,average_payer
INV12003384,B012,B012-C1134,Retail Client 134,Retail & Distribution,15,76551.67,2025-07-23,2025-08-07,closed,2025-08-06,14,-1,False,False,average_payer
INV12003385,B012,B012-C1134,Retail Client 134,Retail & Distribution,15,63243.0,2025-08-02,2025-08-17,closed,2025-08-22,20,5,False,False,average_payer
INV12003386,B012,B012-C1134,Retail Client 134,Retail & Distribution,15,70944.27,2025-09-28,2025-10-13,closed,2025-10-19,21,6,False,False,average_payer
INV12003387,B012,B012-C1134,Retail Client 134,Retail & Distribution,15,61647.94,2025-11-27,2025-12-12,closed,2025-12-14,17,2,True,False,average_payer
INV12003388,B012,B012-C1134,Retail Client 134,Retail & Distribution,15,60769.73,2025-12-31,2026-01-15,closed,2026-01-26,26,11,False,False,average_payer
INV12003389,B012,B012-C1134,Retail Client 134,Retail & Distribution,15,66167.0,2026-01-26,2026-02-10,closed,2026-02-09,14,-1,False,False,average_payer
INV12003390,B012,B012-C1134,Retail Client 134,Retail & Distribution,15,49139.98,2026-02-21,2026-03-08,closed,2026-03-16,23,8,False,False,average_payer
INV12003391,B012,B012-C1134,Retail Client 134,Retail & Distribution,15,82866.34,2026-03-22,2026-04-06,closed,2026-04-02,11,-4,False,False,average_payer
INV12003392,B012,B012-C1134,Retail Client 134,Retail & Distribution,15,240520.75,2026-04-08,2026-04-23,closed,2026-04-17,9,-6,False,True,average_payer
INV12003393,B012,B012-C1134,Retail Client 134,Retail & Distribution,15,49833.24,2026-04-29,2026-05-14,closed,2026-05-26,27,12,False,False,average_payer
INV12003394,B012,B012-C1134,Retail Client 134,Retail & Distribution,15,56115.08,2026-05-05,2026-05-20,closed,2026-05-19,14,-1,False,False,average_payer
INV12003395,B012,B012-C1134,Retail Client 134,Retail & Distribution,15,158542.64,2026-06-11,2026-06-26,closed,2026-06-28,17,2,False,False,average_payer
INV12003396,B012,B012-C1134,Retail Client 134,Retail & Distribution,15,115848.26,2026-06-25,2026-07-10,closed,2026-07-14,19,4,True,False,average_payer
INV12003397,B012,B012-C1134,Retail Client 134,Retail & Distribution,15,75635.25,2026-07-13,2026-07-28,closed,2026-07-26,13,-2,False,False,average_payer
INV12003398,B012,B012-C1134,Retail Client 134,Retail & Distribution,15,40886.94,2026-07-20,2026-08-04,closed,2026-07-28,8,-7,False,False,average_payer
INV12003399,B012,B012-C1134,Retail Client 134,Retail & Distribution,15,149538.75,2026-07-30,2026-08-14,closed,2026-08-24,25,10,False,False,average_payer
INV12003400,B012,B012-C1135,Textiles Client 135,Textiles & Apparel,30,72123.92,2024-12-04,2025-01-03,closed,2025-02-04,62,32,False,False,chronic_late_payer
INV12003401,B012,B012-C1135,Textiles Client 135,Textiles & Apparel,30,140404.18,2025-02-03,2025-03-05,closed,2025-04-13,69,39,False,False,chronic_late_payer
INV12003402,B012,B012-C1135,Textiles Client 135,Textiles & Apparel,30,71271.14,2025-03-04,2025-04-03,closed,2025-04-29,56,26,False,False,chronic_late_payer
INV12003403,B012,B012-C1135,Textiles Client 135,Textiles & Apparel,30,80602.09,2025-07-02,2025-08-01,closed,2025-09-01,61,31,False,False,chronic_late_payer
INV12003404,B012,B012-C1135,Textiles Client 135,Textiles & Apparel,30,67044.54,2025-09-23,2025-10-23,closed,2025-11-09,47,17,False,False,chronic_late_payer
INV12003405,B012,B012-C1136,Chemicals Client 136,Chemicals & Plastics,15,204633.68,2024-04-12,2024-04-27,closed,2024-05-05,23,8,False,False,seasonal_payer
INV12003406,B012,B012-C1136,Chemicals Client 136,Chemicals & Plastics,15,269708.21,2024-06-20,2024-07-05,closed,2024-07-06,16,1,False,False,seasonal_payer
INV12003407,B012,B012-C1136,Chemicals Client 136,Chemicals & Plastics,15,183225.85,2024-07-23,2024-08-07,closed,2024-08-11,19,4,False,False,seasonal_payer
INV12003408,B012,B012-C1136,Chemicals Client 136,Chemicals & Plastics,15,686676.78,2024-07-31,2024-08-15,closed,2024-08-16,16,1,False,True,seasonal_payer
INV12003409,B012,B012-C1136,Chemicals Client 136,Chemicals & Plastics,15,277310.57,2024-09-06,2024-09-21,closed,2024-10-09,33,18,False,False,seasonal_payer
INV12003410,B012,B012-C1136,Chemicals Client 136,Chemicals & Plastics,15,205454.41,2024-10-21,2024-11-05,closed,2024-11-14,24,9,False,False,seasonal_payer
INV12003411,B012,B012-C1136,Chemicals Client 136,Chemicals & Plastics,15,202208.28,2024-11-28,2024-12-13,closed,2024-12-26,28,13,False,False,seasonal_payer
INV12003412,B012,B012-C1136,Chemicals Client 136,Chemicals & Plastics,15,198340.49,2025-01-16,2025-01-31,closed,2025-02-05,20,5,False,False,seasonal_payer
INV12003413,B012,B012-C1136,Chemicals Client 136,Chemicals & Plastics,15,388899.58,2025-01-19,2025-02-03,closed,2025-02-15,27,12,False,False,seasonal_payer
INV12003414,B012,B012-C1136,Chemicals Client 136,Chemicals & Plastics,15,352998.01,2025-01-31,2025-02-15,closed,2025-03-04,32,17,False,False,seasonal_payer
INV12003415,B012,B012-C1136,Chemicals Client 136,Chemicals & Plastics,15,228874.45,2025-06-20,2025-07-05,closed,2025-07-17,27,12,False,False,seasonal_payer
INV12003416,B012,B012-C1136,Chemicals Client 136,Chemicals & Plastics,15,327512.99,2025-08-30,2025-09-14,closed,2025-09-28,29,14,False,False,seasonal_payer
INV12003417,B012,B012-C1136,Chemicals Client 136,Chemicals & Plastics,15,145175.93,2025-11-17,2025-12-02,closed,2025-12-20,33,18,False,False,seasonal_payer
INV12003418,B012,B012-C1136,Chemicals Client 136,Chemicals & Plastics,15,207145.36,2025-12-17,2026-01-01,closed,2026-01-17,31,16,False,False,seasonal_payer
INV12003419,B012,B012-C1136,Chemicals Client 136,Chemicals & Plastics,15,219772.09,2026-01-10,2026-01-25,closed,2026-02-15,36,21,False,False,seasonal_payer
INV12003420,B012,B012-C1136,Chemicals Client 136,Chemicals & Plastics,15,219466.02,2026-03-11,2026-03-26,closed,2026-03-30,19,4,False,False,seasonal_payer
INV12003421,B012,B012-C1136,Chemicals Client 136,Chemicals & Plastics,15,198370.94,2026-03-13,2026-03-28,closed,2026-04-09,27,12,False,False,seasonal_payer
INV12003422,B012,B012-C1137,Electronics Client 137,Electronics & Electricals,60,28308.22,2024-04-15,2024-06-14,closed,2024-06-09,55,-5,False,False,prompt_payer
INV12003423,B012,B012-C1137,Electronics Client 137,Electronics & Electricals,60,22389.2,2024-07-10,2024-09-08,closed,2024-09-09,61,1,False,False,prompt_payer
INV12003424,B012,B012-C1137,Electronics Client 137,Electronics & Electricals,60,43448.45,2024-08-14,2024-10-13,closed,2024-10-06,53,-7,False,False,prompt_payer
INV12003425,B012,B012-C1137,Electronics Client 137,Electronics & Electricals,60,39034.13,2024-08-15,2024-10-14,closed,2024-10-07,53,-7,False,False,prompt_payer
INV12003426,B012,B012-C1137,Electronics Client 137,Electronics & Electricals,60,39606.8,2024-09-29,2024-11-28,closed,2024-11-28,60,0,False,False,prompt_payer
INV12003427,B012,B012-C1137,Electronics Client 137,Electronics & Electricals,60,45992.24,2024-10-09,2024-12-08,closed,2024-12-09,61,1,False,False,prompt_payer
INV12003428,B012,B012-C1137,Electronics Client 137,Electronics & Electricals,60,20539.03,2024-11-10,2025-01-09,closed,2025-01-13,64,4,False,False,prompt_payer
INV12003429,B012,B012-C1137,Electronics Client 137,Electronics & Electricals,60,27220.19,2024-12-18,2025-02-16,closed,2025-02-21,65,5,False,False,prompt_payer
INV12003430,B012,B012-C1137,Electronics Client 137,Electronics & Electricals,60,37995.05,2025-01-18,2025-03-19,closed,2025-03-20,61,1,False,False,prompt_payer
INV12003431,B012,B012-C1137,Electronics Client 137,Electronics & Electricals,60,14252.31,2025-01-22,2025-03-23,closed,2025-03-21,58,-2,False,False,prompt_payer
INV12003432,B012,B012-C1137,Electronics Client 137,Electronics & Electricals,60,26381.46,2025-01-23,2025-03-24,closed,2025-03-20,56,-4,False,False,prompt_payer
INV12003433,B012,B012-C1137,Electronics Client 137,Electronics & Electricals,60,37640.75,2025-02-05,2025-04-06,closed,2025-04-07,61,1,False,False,prompt_payer
INV12003434,B012,B012-C1137,Electronics Client 137,Electronics & Electricals,60,25905.37,2025-03-23,2025-05-22,closed,2025-05-24,62,2,False,False,prompt_payer
INV12003435,B012,B012-C1137,Electronics Client 137,Electronics & Electricals,60,28435.06,2025-07-10,2025-09-08,closed,2025-09-01,53,-7,False,False,prompt_payer
INV12003436,B012,B012-C1137,Electronics Client 137,Electronics & Electricals,60,41998.98,2025-08-07,2025-10-06,closed,2025-10-09,63,3,False,False,prompt_payer
INV12003437,B012,B012-C1137,Electronics Client 137,Electronics & Electricals,60,36931.44,2025-09-07,2025-11-06,closed,2025-11-12,66,6,False,False,prompt_payer
INV12003438,B012,B012-C1137,Electronics Client 137,Electronics & Electricals,60,88300.96,2025-09-21,2025-11-20,closed,2025-11-16,56,-4,False,True,prompt_payer
INV12003439,B012,B012-C1137,Electronics Client 137,Electronics & Electricals,60,61105.52,2025-10-01,2025-11-30,closed,2025-12-01,61,1,False,False,prompt_payer
INV12003440,B012,B012-C1137,Electronics Client 137,Electronics & Electricals,60,43013.02,2025-10-26,2025-12-25,closed,2025-12-19,54,-6,False,False,prompt_payer
INV12003441,B012,B012-C1137,Electronics Client 137,Electronics & Electricals,60,43567.4,2025-11-07,2026-01-06,closed,2026-01-08,62,2,False,False,prompt_payer
INV12003442,B012,B012-C1137,Electronics Client 137,Electronics & Electricals,60,53230.8,2025-11-18,2026-01-17,closed,2026-01-19,62,2,False,False,prompt_payer
INV12003443,B012,B012-C1137,Electronics Client 137,Electronics & Electricals,60,40869.05,2025-12-04,2026-02-02,closed,2026-01-28,55,-5,False,False,prompt_payer
INV12003444,B012,B012-C1137,Electronics Client 137,Electronics & Electricals,60,18454.52,2026-02-28,2026-04-29,closed,2026-05-01,62,2,False,False,prompt_payer
INV12003445,B012,B012-C1137,Electronics Client 137,Electronics & Electricals,60,22485.53,2026-03-02,2026-05-01,closed,2026-04-26,55,-5,False,False,prompt_payer
INV12003446,B012,B012-C1137,Electronics Client 137,Electronics & Electricals,60,25306.67,2026-03-30,2026-05-29,closed,2026-05-24,55,-5,False,False,prompt_payer
INV12003447,B012,B012-C1138,Pharma Client 138,Pharma & Healthcare,45,93633.51,2024-04-26,2024-06-10,closed,2024-06-17,52,7,False,False,average_payer
INV12003448,B012,B012-C1138,Pharma Client 138,Pharma & Healthcare,45,133607.69,2024-08-14,2024-09-28,closed,2024-09-25,42,-3,False,False,average_payer
INV12003449,B012,B012-C1138,Pharma Client 138,Pharma & Healthcare,45,102314.93,2024-08-26,2024-10-10,closed,2024-10-10,45,0,False,False,average_payer
INV12003450,B012,B012-C1138,Pharma Client 138,Pharma & Healthcare,45,107717.2,2024-09-08,2024-10-23,closed,2024-10-27,49,4,False,False,average_payer
INV12003451,B012,B012-C1138,Pharma Client 138,Pharma & Healthcare,45,86411.85,2024-09-15,2024-10-30,closed,2024-11-01,47,2,False,False,average_payer
INV12003452,B012,B012-C1138,Pharma Client 138,Pharma & Healthcare,45,159485.87,2024-09-16,2024-10-31,closed,2024-11-13,58,13,False,False,average_payer
INV12003453,B012,B012-C1138,Pharma Client 138,Pharma & Healthcare,45,104943.53,2024-09-23,2024-11-07,closed,2024-11-20,58,13,False,False,average_payer
INV12003454,B012,B012-C1138,Pharma Client 138,Pharma & Healthcare,45,152078.69,2024-12-03,2025-01-17,closed,2025-01-23,51,6,False,False,average_payer
INV12003455,B012,B012-C1138,Pharma Client 138,Pharma & Healthcare,45,98132.53,2024-12-22,2025-02-05,closed,2025-02-05,45,0,False,False,average_payer
INV12003456,B012,B012-C1138,Pharma Client 138,Pharma & Healthcare,45,151666.92,2025-01-27,2025-03-13,closed,2025-03-12,44,-1,False,False,average_payer
INV12003457,B012,B012-C1138,Pharma Client 138,Pharma & Healthcare,45,148859.68,2025-02-15,2025-04-01,closed,2025-04-03,47,2,False,False,average_payer
INV12003458,B012,B012-C1138,Pharma Client 138,Pharma & Healthcare,45,124958.99,2025-02-17,2025-04-03,closed,2025-04-11,53,8,False,False,average_payer
INV12003459,B012,B012-C1138,Pharma Client 138,Pharma & Healthcare,45,232752.25,2025-02-26,2025-04-12,closed,2025-04-13,46,1,False,False,average_payer
INV12003460,B012,B012-C1138,Pharma Client 138,Pharma & Healthcare,45,131713.71,2025-02-28,2025-04-14,closed,2025-05-01,62,17,False,False,average_payer
INV12003461,B012,B012-C1138,Pharma Client 138,Pharma & Healthcare,45,104515.99,2025-04-11,2025-05-26,closed,2025-05-25,44,-1,False,False,average_payer
INV12003462,B012,B012-C1138,Pharma Client 138,Pharma & Healthcare,45,129324.62,2025-08-17,2025-10-01,closed,2025-10-05,49,4,False,False,average_payer
INV12003463,B012,B012-C1138,Pharma Client 138,Pharma & Healthcare,45,104129.54,2025-09-21,2025-11-05,closed,2025-11-10,50,5,False,False,average_payer
INV12003464,B012,B012-C1138,Pharma Client 138,Pharma & Healthcare,45,147779.35,2025-10-26,2025-12-10,closed,2025-12-08,43,-2,False,False,average_payer
INV12003465,B012,B012-C1138,Pharma Client 138,Pharma & Healthcare,45,88363.67,2025-12-12,2026-01-26,closed,2026-01-27,46,1,False,False,average_payer
INV12003466,B012,B012-C1138,Pharma Client 138,Pharma & Healthcare,45,113696.62,2026-01-06,2026-02-20,closed,2026-02-17,42,-3,False,False,average_payer
INV12003467,B012,B012-C1138,Pharma Client 138,Pharma & Healthcare,45,77829.25,2026-01-14,2026-02-28,closed,2026-03-15,60,15,False,False,average_payer
INV12003468,B012,B012-C1138,Pharma Client 138,Pharma & Healthcare,45,211392.97,2026-02-12,2026-03-29,closed,2026-03-30,46,1,False,False,average_payer
INV12003469,B012,B012-C1138,Pharma Client 138,Pharma & Healthcare,45,143871.1,2026-02-23,2026-04-09,closed,2026-04-26,62,17,False,False,average_payer
INV12003470,B012,B012-C1138,Pharma Client 138,Pharma & Healthcare,45,177129.96,2026-03-21,2026-05-05,closed,2026-05-14,54,9,False,False,average_payer
INV12003471,B012,B012-C1138,Pharma Client 138,Pharma & Healthcare,45,114987.51,2026-04-07,2026-05-22,closed,2026-05-20,43,-2,False,False,average_payer
INV12003472,B012,B012-C1138,Pharma Client 138,Pharma & Healthcare,45,104848.59,2026-08-01,2026-09-15,open,,,,False,False,average_payer
INV12003473,B012,B012-C1139,Auto Client 139,Auto Components,30,106345.23,2024-03-18,2024-04-17,closed,2024-05-12,55,25,False,False,chronic_late_payer
INV12003474,B012,B012-C1139,Auto Client 139,Auto Components,30,93335.9,2024-03-25,2024-04-24,closed,2024-05-19,55,25,False,False,chronic_late_payer
INV12003475,B012,B012-C1139,Auto Client 139,Auto Components,30,112231.22,2024-03-29,2024-04-28,closed,2024-06-14,77,47,False,False,chronic_late_payer
INV12003476,B012,B012-C1139,Auto Client 139,Auto Components,30,75365.61,2024-08-25,2024-09-24,closed,2024-11-11,78,48,False,False,chronic_late_payer
INV12003477,B012,B012-C1139,Auto Client 139,Auto Components,30,65807.56,2024-08-30,2024-09-29,closed,2024-11-14,76,46,False,False,chronic_late_payer
INV12003478,B012,B012-C1139,Auto Client 139,Auto Components,30,75202.28,2024-10-01,2024-10-31,open,,,,False,False,chronic_late_payer
INV12003479,B012,B012-C1139,Auto Client 139,Auto Components,30,119429.62,2024-10-07,2024-11-06,closed,2024-12-17,71,41,False,False,chronic_late_payer
INV12003480,B012,B012-C1139,Auto Client 139,Auto Components,30,123684.84,2024-10-16,2024-11-15,closed,2024-12-26,71,41,False,False,chronic_late_payer
INV12003481,B012,B012-C1139,Auto Client 139,Auto Components,30,95165.22,2024-11-01,2024-12-01,closed,2024-12-20,49,19,False,False,chronic_late_payer
INV12003482,B012,B012-C1139,Auto Client 139,Auto Components,30,118253.1,2024-11-05,2024-12-05,closed,2025-01-10,66,36,False,False,chronic_late_payer
INV12003483,B012,B012-C1139,Auto Client 139,Auto Components,30,120121.96,2024-12-25,2025-01-24,closed,2025-03-04,69,39,False,False,chronic_late_payer
INV12003484,B012,B012-C1139,Auto Client 139,Auto Components,30,137126.3,2025-01-20,2025-02-19,closed,2025-03-19,58,28,False,False,chronic_late_payer
INV12003485,B012,B012-C1139,Auto Client 139,Auto Components,30,104300.68,2025-02-15,2025-03-17,closed,2025-05-08,82,52,False,False,chronic_late_payer
INV12003486,B012,B012-C1139,Auto Client 139,Auto Components,30,149458.15,2025-02-26,2025-03-28,closed,2025-05-18,81,51,False,False,chronic_late_payer
INV12003487,B012,B012-C1139,Auto Client 139,Auto Components,30,100868.93,2025-03-05,2025-04-04,closed,2025-05-10,66,36,False,False,chronic_late_payer
INV12003488,B012,B012-C1139,Auto Client 139,Auto Components,30,71203.94,2025-03-14,2025-04-13,closed,2025-05-31,78,48,False,False,chronic_late_payer
INV12003489,B012,B012-C1139,Auto Client 139,Auto Components,30,90551.42,2025-03-19,2025-04-18,closed,2025-05-07,49,19,False,False,chronic_late_payer
INV12003490,B012,B012-C1139,Auto Client 139,Auto Components,30,140161.71,2025-04-12,2025-05-12,closed,2025-06-19,68,38,False,False,chronic_late_payer
INV12003491,B012,B012-C1139,Auto Client 139,Auto Components,30,116462.87,2025-07-31,2025-08-30,closed,2025-09-26,57,27,False,False,chronic_late_payer
INV12003492,B012,B012-C1139,Auto Client 139,Auto Components,30,83542.76,2025-08-11,2025-09-10,closed,2025-10-01,51,21,False,False,chronic_late_payer
INV12003493,B012,B012-C1139,Auto Client 139,Auto Components,30,277767.59,2025-08-23,2025-09-22,closed,2025-10-28,66,36,False,False,chronic_late_payer
INV12003494,B012,B012-C1139,Auto Client 139,Auto Components,30,101713.02,2025-09-04,2025-10-04,closed,2025-11-24,81,51,False,False,chronic_late_payer
INV12003495,B012,B012-C1139,Auto Client 139,Auto Components,30,75912.78,2025-09-30,2025-10-30,closed,2025-11-23,54,24,False,False,chronic_late_payer
INV12003496,B012,B012-C1139,Auto Client 139,Auto Components,30,87334.42,2025-10-06,2025-11-05,closed,2025-12-03,58,28,False,False,chronic_late_payer
INV12003497,B012,B012-C1139,Auto Client 139,Auto Components,30,76528.42,2025-11-12,2025-12-12,closed,2026-01-05,54,24,False,False,chronic_late_payer
INV12003498,B012,B012-C1139,Auto Client 139,Auto Components,30,110295.38,2025-11-26,2025-12-26,closed,2026-02-26,92,62,False,False,chronic_late_payer
INV12003499,B012,B012-C1139,Auto Client 139,Auto Components,30,38034.97,2025-11-27,2025-12-27,closed,2026-01-31,65,35,False,False,chronic_late_payer
INV12003500,B012,B012-C1139,Auto Client 139,Auto Components,30,73295.06,2025-12-07,2026-01-06,closed,2026-02-18,73,43,False,False,chronic_late_payer
INV12003501,B012,B012-C1139,Auto Client 139,Auto Components,30,123461.94,2025-12-13,2026-01-12,closed,2026-02-15,64,34,False,False,chronic_late_payer
INV12003502,B012,B012-C1139,Auto Client 139,Auto Components,30,61955.89,2025-12-27,2026-01-26,closed,2026-02-26,61,31,False,False,chronic_late_payer
INV12003503,B012,B012-C1139,Auto Client 139,Auto Components,30,96566.11,2025-12-29,2026-01-28,closed,2026-02-21,54,24,False,False,chronic_late_payer
INV12003504,B012,B012-C1139,Auto Client 139,Auto Components,30,82403.16,2026-01-02,2026-02-01,closed,2026-03-09,66,36,False,False,chronic_late_payer
INV12003505,B012,B012-C1139,Auto Client 139,Auto Components,30,105155.34,2026-01-18,2026-02-17,closed,2026-03-07,48,18,False,False,chronic_late_payer
INV12003506,B012,B012-C1139,Auto Client 139,Auto Components,30,125567.11,2026-03-26,2026-04-25,closed,2026-05-28,63,33,False,False,chronic_late_payer
INV12003507,B012,B012-C1139,Auto Client 139,Auto Components,30,91780.12,2026-04-02,2026-05-02,closed,2026-06-05,64,34,False,False,chronic_late_payer
INV12003508,B012,B012-C1139,Auto Client 139,Auto Components,30,96619.88,2026-04-11,2026-05-11,closed,2026-06-14,64,34,False,False,chronic_late_payer
INV12003509,B012,B012-C1139,Auto Client 139,Auto Components,30,110612.9,2026-05-21,2026-06-20,closed,2026-07-23,63,33,False,False,chronic_late_payer
INV12003510,B012,B012-C1139,Auto Client 139,Auto Components,30,90239.6,2026-06-28,2026-07-28,open,,,,False,False,chronic_late_payer
INV12003511,B012,B012-C1139,Auto Client 139,Auto Components,30,105938.79,2026-07-21,2026-08-20,open,,,,False,False,chronic_late_payer
INV12003512,B012,B012-C1139,Auto Client 139,Auto Components,30,114395.04,2026-07-22,2026-08-21,disputed_open,,,,False,False,chronic_late_payer
INV12003513,B012,B012-C1139,Auto Client 139,Auto Components,30,115988.11,2026-08-29,2026-09-28,open,,,,False,False,chronic_late_payer
INV12003514,B012,B012-C1140,Electronics Client 140,Electronics & Electricals,45,1824207.07,2024-07-05,2024-08-19,open,,,,False,True,cold_start
INV12003515,B012,B012-C1140,Electronics Client 140,Electronics & Electricals,45,332074.49,2025-05-09,2025-06-23,closed,2025-06-28,50,5,False,False,cold_start
INV12003516,B012,B012-C1140,Electronics Client 140,Electronics & Electricals,45,263042.93,2026-03-13,2026-04-27,disputed_open,,,,False,False,cold_start
INV12003517,B012,B012-C1141,Chemicals Client 141,Chemicals & Plastics,30,272938.81,2024-03-17,2024-04-16,closed,2024-04-18,32,2,False,False,average_payer
INV12003518,B012,B012-C1141,Chemicals Client 141,Chemicals & Plastics,30,240500.75,2024-04-14,2024-05-14,closed,2024-05-20,36,6,False,False,average_payer
INV12003519,B012,B012-C1141,Chemicals Client 141,Chemicals & Plastics,30,431482.06,2024-04-16,2024-05-16,closed,2024-05-21,35,5,False,False,average_payer
INV12003520,B012,B012-C1141,Chemicals Client 141,Chemicals & Plastics,30,490111.1,2024-05-03,2024-06-02,closed,2024-06-11,39,9,False,False,average_payer
INV12003521,B012,B012-C1141,Chemicals Client 141,Chemicals & Plastics,30,302034.32,2024-05-07,2024-06-06,closed,2024-06-04,28,-2,False,False,average_payer
INV12003522,B012,B012-C1141,Chemicals Client 141,Chemicals & Plastics,30,346428.69,2024-06-22,2024-07-22,closed,2024-07-27,35,5,False,False,average_payer
INV12003523,B012,B012-C1141,Chemicals Client 141,Chemicals & Plastics,30,251941.32,2024-06-23,2024-07-23,closed,2024-07-16,23,-7,False,False,average_payer
INV12003524,B012,B012-C1141,Chemicals Client 141,Chemicals & Plastics,30,230147.68,2024-07-17,2024-08-16,closed,2024-08-27,41,11,False,False,average_payer
INV12003525,B012,B012-C1141,Chemicals Client 141,Chemicals & Plastics,30,499514.84,2024-07-25,2024-08-24,closed,2024-09-01,38,8,False,False,average_payer
INV12003526,B012,B012-C1141,Chemicals Client 141,Chemicals & Plastics,30,272124.84,2024-08-27,2024-09-26,closed,2024-09-26,30,0,False,False,average_payer
INV12003527,B012,B012-C1141,Chemicals Client 141,Chemicals & Plastics,30,354542.32,2024-09-19,2024-10-19,closed,2024-10-26,37,7,False,False,average_payer
INV12003528,B012,B012-C1141,Chemicals Client 141,Chemicals & Plastics,30,331854.67,2024-10-04,2024-11-03,closed,2024-10-27,23,-7,False,False,average_payer
INV12003529,B012,B012-C1141,Chemicals Client 141,Chemicals & Plastics,30,266432.91,2024-10-25,2024-11-24,closed,2024-12-03,39,9,False,False,average_payer
INV12003530,B012,B012-C1141,Chemicals Client 141,Chemicals & Plastics,30,291224.74,2024-10-27,2024-11-26,closed,2024-12-08,42,12,False,False,average_payer
INV12003531,B012,B012-C1141,Chemicals Client 141,Chemicals & Plastics,30,302225.44,2024-12-28,2025-01-27,closed,2025-01-31,34,4,False,False,average_payer
INV12003532,B012,B012-C1141,Chemicals Client 141,Chemicals & Plastics,30,360985.4,2024-12-31,2025-01-30,closed,2025-02-11,42,12,False,False,average_payer
INV12003533,B012,B012-C1141,Chemicals Client 141,Chemicals & Plastics,30,289964.25,2025-04-04,2025-05-04,closed,2025-05-18,44,14,False,False,average_payer
INV12003534,B012,B012-C1141,Chemicals Client 141,Chemicals & Plastics,30,240451.93,2025-05-01,2025-05-31,closed,2025-06-12,42,12,False,False,average_payer
INV12003535,B012,B012-C1141,Chemicals Client 141,Chemicals & Plastics,30,293633.27,2025-05-14,2025-06-13,closed,2025-07-02,49,19,False,False,average_payer
INV12003536,B012,B012-C1141,Chemicals Client 141,Chemicals & Plastics,30,191104.11,2025-06-26,2025-07-26,closed,2025-08-01,36,6,False,False,average_payer
INV12003537,B012,B012-C1141,Chemicals Client 141,Chemicals & Plastics,30,271485.07,2025-08-01,2025-08-31,closed,2025-09-05,35,5,False,False,average_payer
INV12003538,B012,B012-C1141,Chemicals Client 141,Chemicals & Plastics,30,498564.55,2025-08-05,2025-09-04,closed,2025-09-07,33,3,False,False,average_payer
INV12003539,B012,B012-C1141,Chemicals Client 141,Chemicals & Plastics,30,476539.16,2025-08-25,2025-09-24,open,,,,False,False,average_payer
INV12003540,B012,B012-C1141,Chemicals Client 141,Chemicals & Plastics,30,334348.79,2025-09-13,2025-10-13,closed,2025-10-15,32,2,False,False,average_payer
INV12003541,B012,B012-C1141,Chemicals Client 141,Chemicals & Plastics,30,333123.06,2025-10-11,2025-11-10,closed,2025-11-26,46,16,False,False,average_payer
INV12003542,B012,B012-C1141,Chemicals Client 141,Chemicals & Plastics,30,486348.94,2026-01-30,2026-03-01,closed,2026-03-01,30,0,False,False,average_payer
INV12003543,B012,B012-C1141,Chemicals Client 141,Chemicals & Plastics,30,498840.99,2026-02-02,2026-03-04,closed,2026-03-12,38,8,False,False,average_payer
INV12003544,B012,B012-C1141,Chemicals Client 141,Chemicals & Plastics,30,268116.73,2026-02-03,2026-03-05,closed,2026-03-02,27,-3,False,False,average_payer
INV12003545,B012,B012-C1141,Chemicals Client 141,Chemicals & Plastics,30,193963.78,2026-03-14,2026-04-13,closed,2026-04-15,32,2,False,False,average_payer
INV12003546,B012,B012-C1141,Chemicals Client 141,Chemicals & Plastics,30,1154222.36,2026-04-20,2026-05-20,closed,2026-06-02,43,13,False,True,average_payer
INV12003547,B012,B012-C1141,Chemicals Client 141,Chemicals & Plastics,30,475794.9,2026-04-24,2026-05-24,closed,2026-05-24,30,0,False,False,average_payer
INV12003548,B012,B012-C1141,Chemicals Client 141,Chemicals & Plastics,30,432768.11,2026-05-22,2026-06-21,closed,2026-06-20,29,-1,False,False,average_payer
INV12003549,B012,B012-C1141,Chemicals Client 141,Chemicals & Plastics,30,286153.07,2026-06-17,2026-07-17,closed,2026-07-20,33,3,False,False,average_payer
INV12003550,B012,B012-C1141,Chemicals Client 141,Chemicals & Plastics,30,1534412.27,2026-07-10,2026-08-09,closed,2026-08-08,29,-1,False,True,average_payer
INV12003551,B012,B012-C1141,Chemicals Client 141,Chemicals & Plastics,30,322220.25,2026-07-29,2026-08-28,disputed_open,,,,False,False,average_payer
INV12003552,B012,B012-C1141,Chemicals Client 141,Chemicals & Plastics,30,292420.06,2026-08-24,2026-09-23,open,,,,False,False,average_payer
INV12003553,B012,B012-C1142,Construction Client 142,Construction & Infra,45,34415.15,2024-03-18,2024-05-02,closed,2024-05-17,60,15,False,False,average_payer
INV12003554,B012,B012-C1142,Construction Client 142,Construction & Infra,45,86459.8,2024-06-26,2024-08-10,closed,2024-08-15,50,5,True,False,average_payer
INV12003555,B012,B012-C1142,Construction Client 142,Construction & Infra,45,40818.76,2024-06-29,2024-08-13,closed,2024-08-03,35,-10,False,False,average_payer
INV12003556,B012,B012-C1142,Construction Client 142,Construction & Infra,45,44977.47,2024-07-29,2024-09-12,closed,2024-09-13,46,1,False,False,average_payer
INV12003557,B012,B012-C1142,Construction Client 142,Construction & Infra,45,52655.95,2024-08-04,2024-09-18,closed,2024-10-03,60,15,False,False,average_payer
INV12003558,B012,B012-C1142,Construction Client 142,Construction & Infra,45,60764.93,2024-08-14,2024-09-28,closed,2024-10-02,49,4,False,False,average_payer
INV12003559,B012,B012-C1142,Construction Client 142,Construction & Infra,45,44871.84,2024-08-17,2024-10-01,closed,2024-10-13,57,12,False,False,average_payer
INV12003560,B012,B012-C1142,Construction Client 142,Construction & Infra,45,121591.16,2024-10-26,2024-12-10,closed,2024-12-17,52,7,False,False,average_payer
INV12003561,B012,B012-C1142,Construction Client 142,Construction & Infra,45,62646.49,2024-12-04,2025-01-18,disputed_open,,,,False,False,average_payer
INV12003562,B012,B012-C1142,Construction Client 142,Construction & Infra,45,40240.65,2024-12-07,2025-01-21,closed,2025-01-19,43,-2,False,False,average_payer
INV12003563,B012,B012-C1142,Construction Client 142,Construction & Infra,45,185425.59,2025-06-09,2025-07-24,closed,2025-07-23,44,-1,False,True,average_payer
INV12003564,B012,B012-C1142,Construction Client 142,Construction & Infra,45,79317.68,2025-06-13,2025-07-28,closed,2025-08-01,49,4,False,False,average_payer
INV12003565,B012,B012-C1142,Construction Client 142,Construction & Infra,45,71703.17,2025-06-22,2025-08-06,closed,2025-08-19,58,13,False,False,average_payer
INV12003566,B012,B012-C1142,Construction Client 142,Construction & Infra,45,79268.62,2025-07-01,2025-08-15,closed,2025-08-22,52,7,False,False,average_payer
INV12003567,B012,B012-C1142,Construction Client 142,Construction & Infra,45,98643.65,2025-09-28,2025-11-12,closed,2025-11-16,49,4,False,False,average_payer
INV12003568,B012,B012-C1142,Construction Client 142,Construction & Infra,45,53208.16,2025-11-20,2026-01-04,closed,2026-01-12,53,8,False,False,average_payer
INV12003569,B012,B012-C1142,Construction Client 142,Construction & Infra,45,34031.14,2025-12-11,2026-01-25,closed,2026-02-09,60,15,False,False,average_payer
INV12003570,B012,B012-C1142,Construction Client 142,Construction & Infra,45,45220.55,2026-04-23,2026-06-07,closed,2026-06-07,45,0,False,False,average_payer
INV12003571,B012,B012-C1142,Construction Client 142,Construction & Infra,45,70591.74,2026-04-26,2026-06-10,closed,2026-06-19,54,9,False,False,average_payer
INV12003572,B012,B012-C1142,Construction Client 142,Construction & Infra,45,96680.76,2026-05-09,2026-06-23,closed,2026-06-21,43,-2,False,False,average_payer
INV12003573,B012,B012-C1142,Construction Client 142,Construction & Infra,45,51222.3,2026-05-13,2026-06-27,closed,2026-07-09,57,12,False,False,average_payer
INV12003574,B012,B012-C1142,Construction Client 142,Construction & Infra,45,59981.48,2026-05-16,2026-06-30,closed,2026-07-03,48,3,False,False,average_payer
INV12003575,B012,B012-C1142,Construction Client 142,Construction & Infra,45,42920.16,2026-06-05,2026-07-20,closed,2026-07-22,47,2,False,False,average_payer
INV12003576,B012,B012-C1142,Construction Client 142,Construction & Infra,45,40805.28,2026-06-29,2026-08-13,closed,2026-08-13,45,0,False,False,average_payer
INV12003577,B012,B012-C1142,Construction Client 142,Construction & Infra,45,26730.94,2026-08-03,2026-09-17,disputed_open,,,,False,False,average_payer
INV12003578,B012,B012-C1142,Construction Client 142,Construction & Infra,45,39078.39,2026-08-17,2026-10-01,open,,,,False,False,average_payer
INV12003579,B012,B012-C1142,Construction Client 142,Construction & Infra,45,43920.45,2026-08-30,2026-10-14,open,,,,False,False,average_payer
INV12003580,B012,B012-C1143,Retail Client 143,Retail & Distribution,60,360996.73,2024-05-03,2024-07-02,closed,2024-07-18,76,16,False,True,average_payer
INV12003581,B012,B012-C1143,Retail Client 143,Retail & Distribution,60,103758.77,2024-05-04,2024-07-03,closed,2024-07-05,62,2,False,False,average_payer
INV12003582,B012,B012-C1143,Retail Client 143,Retail & Distribution,60,146572.87,2024-07-25,2024-09-23,closed,2024-10-04,71,11,False,False,average_payer
INV12003583,B012,B012-C1143,Retail Client 143,Retail & Distribution,60,255898.95,2024-08-05,2024-10-04,closed,2024-10-10,66,6,False,False,average_payer
INV12003584,B012,B012-C1143,Retail Client 143,Retail & Distribution,60,74486.99,2024-08-16,2024-10-15,closed,2024-10-14,59,-1,False,False,average_payer
INV12003585,B012,B012-C1143,Retail Client 143,Retail & Distribution,60,76378.75,2024-09-15,2024-11-14,closed,2024-11-20,66,6,False,False,average_payer
INV12003586,B012,B012-C1143,Retail Client 143,Retail & Distribution,60,131850.65,2025-03-03,2025-05-02,closed,2025-05-11,69,9,False,False,average_payer
INV12003587,B012,B012-C1143,Retail Client 143,Retail & Distribution,60,136251.93,2025-05-04,2025-07-03,closed,2025-07-18,75,15,False,False,average_payer
INV12003588,B012,B012-C1143,Retail Client 143,Retail & Distribution,60,119622.49,2025-05-08,2025-07-07,closed,2025-07-20,73,13,False,False,average_payer
INV12003589,B012,B012-C1143,Retail Client 143,Retail & Distribution,60,165178.59,2025-08-21,2025-10-20,closed,2025-10-20,60,0,False,False,average_payer
INV12003590,B012,B012-C1143,Retail Client 143,Retail & Distribution,60,162904.73,2025-09-13,2025-11-12,closed,2025-11-06,54,-6,False,False,average_payer
INV12003591,B012,B012-C1143,Retail Client 143,Retail & Distribution,60,105328.79,2025-09-16,2025-11-15,closed,2025-11-18,63,3,False,False,average_payer
INV12003592,B012,B012-C1143,Retail Client 143,Retail & Distribution,60,247984.76,2025-12-23,2026-02-21,closed,2026-03-03,70,10,False,False,average_payer
INV12003593,B012,B012-C1143,Retail Client 143,Retail & Distribution,60,106891.74,2026-01-19,2026-03-20,closed,2026-03-24,64,4,False,False,average_payer
INV12003594,B012,B012-C1143,Retail Client 143,Retail & Distribution,60,126406.99,2026-01-26,2026-03-27,closed,2026-03-26,59,-1,False,False,average_payer
INV12003595,B012,B012-C1143,Retail Client 143,Retail & Distribution,60,159470.16,2026-01-31,2026-04-01,closed,2026-04-04,63,3,False,False,average_payer
INV12003596,B012,B012-C1143,Retail Client 143,Retail & Distribution,60,149177.26,2026-03-19,2026-05-18,closed,2026-05-11,53,-7,False,False,average_payer
INV12003597,B012,B012-C1143,Retail Client 143,Retail & Distribution,60,139649.98,2026-04-21,2026-06-20,closed,2026-06-26,66,6,False,False,average_payer
INV12003598,B012,B012-C1143,Retail Client 143,Retail & Distribution,60,132024.67,2026-07-09,2026-09-07,open,,,,False,False,average_payer
INV12003599,B012,B012-C1143,Retail Client 143,Retail & Distribution,60,110166.14,2026-07-10,2026-09-08,open,,,,False,False,average_payer
INV12003600,B012,B012-C1144,Pharma Client 144,Pharma & Healthcare,45,97092.56,2024-03-22,2024-05-06,closed,2024-05-14,53,8,True,False,average_payer
INV12003601,B012,B012-C1144,Pharma Client 144,Pharma & Healthcare,45,63273.64,2024-04-03,2024-05-18,closed,2024-05-31,58,13,False,False,average_payer
INV12003602,B012,B012-C1144,Pharma Client 144,Pharma & Healthcare,45,130511.03,2024-04-09,2024-05-24,closed,2024-05-26,47,2,False,False,average_payer
INV12003603,B012,B012-C1144,Pharma Client 144,Pharma & Healthcare,45,101654.44,2024-04-10,2024-05-25,closed,2024-05-31,51,6,False,False,average_payer
INV12003604,B012,B012-C1144,Pharma Client 144,Pharma & Healthcare,45,52661.64,2024-04-22,2024-06-06,closed,2024-06-17,56,11,False,False,average_payer
INV12003605,B012,B012-C1144,Pharma Client 144,Pharma & Healthcare,45,85596.06,2024-05-12,2024-06-26,closed,2024-07-11,60,15,True,False,average_payer
INV12003606,B012,B012-C1144,Pharma Client 144,Pharma & Healthcare,45,86805.71,2024-06-04,2024-07-19,closed,2024-07-25,51,6,False,False,average_payer
INV12003607,B012,B012-C1144,Pharma Client 144,Pharma & Healthcare,45,122670.0,2024-06-28,2024-08-12,open,,,,False,False,average_payer
INV12003608,B012,B012-C1144,Pharma Client 144,Pharma & Healthcare,45,92229.76,2024-07-11,2024-08-25,closed,2024-08-29,49,4,False,False,average_payer
INV12003609,B012,B012-C1144,Pharma Client 144,Pharma & Healthcare,45,112871.13,2024-07-11,2024-08-25,closed,2024-09-04,55,10,False,False,average_payer
INV12003610,B012,B012-C1144,Pharma Client 144,Pharma & Healthcare,45,163852.12,2024-08-27,2024-10-11,closed,2024-10-08,42,-3,False,False,average_payer
INV12003611,B012,B012-C1144,Pharma Client 144,Pharma & Healthcare,45,118837.61,2024-10-19,2024-12-03,closed,2024-12-10,52,7,False,False,average_payer
INV12003612,B012,B012-C1144,Pharma Client 144,Pharma & Healthcare,45,66836.21,2024-11-05,2024-12-20,closed,2024-12-25,50,5,False,False,average_payer
INV12003613,B012,B012-C1144,Pharma Client 144,Pharma & Healthcare,45,87130.11,2024-12-01,2025-01-15,closed,2025-01-24,54,9,False,False,average_payer
INV12003614,B012,B012-C1144,Pharma Client 144,Pharma & Healthcare,45,79130.08,2024-12-11,2025-01-25,closed,2025-01-30,50,5,False,False,average_payer
INV12003615,B012,B012-C1144,Pharma Client 144,Pharma & Healthcare,45,115121.08,2025-02-11,2025-03-28,closed,2025-04-02,50,5,False,False,average_payer
INV12003616,B012,B012-C1144,Pharma Client 144,Pharma & Healthcare,45,103005.62,2025-02-11,2025-03-28,open,,,,False,False,average_payer
INV12003617,B012,B012-C1144,Pharma Client 144,Pharma & Healthcare,45,133574.91,2025-02-19,2025-04-05,closed,2025-04-13,53,8,False,False,average_payer
INV12003618,B012,B012-C1144,Pharma Client 144,Pharma & Healthcare,45,70560.96,2025-11-01,2025-12-16,closed,2025-12-25,54,9,False,False,average_payer
INV12003619,B012,B012-C1144,Pharma Client 144,Pharma & Healthcare,45,92566.8,2025-11-11,2025-12-26,closed,2025-12-19,38,-7,False,False,average_payer
INV12003620,B012,B012-C1144,Pharma Client 144,Pharma & Healthcare,45,104893.53,2025-11-16,2025-12-31,closed,2025-12-31,45,0,False,False,average_payer
INV12003621,B012,B012-C1144,Pharma Client 144,Pharma & Healthcare,45,65490.42,2025-11-28,2026-01-12,closed,2026-01-18,51,6,False,False,average_payer
INV12003622,B012,B012-C1144,Pharma Client 144,Pharma & Healthcare,45,142870.92,2025-12-10,2026-01-24,closed,2026-02-01,53,8,False,False,average_payer
INV12003623,B012,B012-C1144,Pharma Client 144,Pharma & Healthcare,45,70184.28,2026-01-11,2026-02-25,closed,2026-03-02,50,5,False,False,average_payer
INV12003624,B012,B012-C1144,Pharma Client 144,Pharma & Healthcare,45,100884.19,2026-01-23,2026-03-09,closed,2026-03-13,49,4,False,False,average_payer
INV12003625,B012,B012-C1144,Pharma Client 144,Pharma & Healthcare,45,61074.26,2026-03-10,2026-04-24,closed,2026-04-23,44,-1,False,False,average_payer
INV12003626,B012,B012-C1144,Pharma Client 144,Pharma & Healthcare,45,81783.27,2026-03-26,2026-05-10,closed,2026-05-23,58,13,False,False,average_payer
INV12003627,B012,B012-C1144,Pharma Client 144,Pharma & Healthcare,45,72959.68,2026-04-11,2026-05-26,closed,2026-05-21,40,-5,False,False,average_payer
INV12003628,B012,B012-C1144,Pharma Client 144,Pharma & Healthcare,45,74009.47,2026-04-12,2026-05-27,closed,2026-06-02,51,6,False,False,average_payer
INV12003629,B012,B012-C1144,Pharma Client 144,Pharma & Healthcare,45,115356.57,2026-04-23,2026-06-07,closed,2026-06-06,44,-1,False,False,average_payer
INV12003630,B012,B012-C1144,Pharma Client 144,Pharma & Healthcare,45,69529.34,2026-06-18,2026-08-02,closed,2026-08-04,47,2,False,False,average_payer
INV12003631,B012,B012-C1144,Pharma Client 144,Pharma & Healthcare,45,70888.05,2026-07-16,2026-08-30,open,,,,False,False,average_payer
INV12003632,B012,B012-C1144,Pharma Client 144,Pharma & Healthcare,45,62605.69,2026-07-19,2026-09-02,disputed_open,,,,False,False,average_payer
INV12003633,B012,B012-C1144,Pharma Client 144,Pharma & Healthcare,45,46748.87,2026-08-01,2026-09-15,disputed_open,,,,False,False,average_payer
INV12003634,B012,B012-C1145,Retail Client 145,Retail & Distribution,30,168957.57,2024-10-22,2024-11-21,closed,2025-01-03,73,43,False,False,improving_payer
INV12003635,B012,B012-C1145,Retail Client 145,Retail & Distribution,30,142633.8,2025-01-07,2025-02-06,closed,2025-03-16,68,38,False,False,improving_payer
INV12003636,B012,B012-C1145,Retail Client 145,Retail & Distribution,30,149939.37,2025-08-04,2025-09-03,closed,2025-10-08,65,35,False,False,improving_payer
INV12003637,B012,B012-C1145,Retail Client 145,Retail & Distribution,30,167181.22,2025-08-22,2025-09-21,closed,2025-09-27,36,6,False,False,improving_payer
INV12003638,B012,B012-C1145,Retail Client 145,Retail & Distribution,30,215303.02,2025-10-30,2025-11-29,closed,2025-11-24,25,-5,False,False,improving_payer
INV12003639,B012,B012-C1146,IT Client 146,IT & Business Services,45,12910.71,2025-09-14,2025-10-29,closed,2025-11-14,61,16,False,False,cold_start
INV12003640,B012,B012-C1146,IT Client 146,IT & Business Services,45,26944.04,2025-11-11,2025-12-26,closed,2026-01-05,55,10,False,False,cold_start
INV12003641,B012,B012-C1147,Pharma Client 147,Pharma & Healthcare,45,43715.69,2024-04-04,2024-05-19,closed,2024-05-22,48,3,False,False,average_payer
INV12003642,B012,B012-C1147,Pharma Client 147,Pharma & Healthcare,45,32380.64,2024-06-10,2024-07-25,closed,2024-08-10,61,16,False,False,average_payer
INV12003643,B012,B012-C1147,Pharma Client 147,Pharma & Healthcare,45,45538.39,2024-09-28,2024-11-12,closed,2024-11-16,49,4,False,False,average_payer
INV12003644,B012,B012-C1147,Pharma Client 147,Pharma & Healthcare,45,65126.85,2024-11-14,2024-12-29,closed,2025-01-10,57,12,False,False,average_payer
INV12003645,B012,B012-C1147,Pharma Client 147,Pharma & Healthcare,45,56813.11,2024-11-25,2025-01-09,closed,2025-01-26,62,17,False,False,average_payer
INV12003646,B012,B012-C1147,Pharma Client 147,Pharma & Healthcare,45,77074.36,2025-03-03,2025-04-17,closed,2025-04-30,58,13,False,False,average_payer
INV12003647,B012,B012-C1147,Pharma Client 147,Pharma & Healthcare,45,76388.56,2025-03-16,2025-04-30,closed,2025-05-15,60,15,False,False,average_payer
INV12003648,B012,B012-C1147,Pharma Client 147,Pharma & Healthcare,45,36796.56,2025-06-14,2025-07-29,closed,2025-07-29,45,0,False,False,average_payer
INV12003649,B012,B012-C1147,Pharma Client 147,Pharma & Healthcare,45,55734.78,2025-08-03,2025-09-17,closed,2025-09-20,48,3,False,False,average_payer
INV12003650,B012,B012-C1147,Pharma Client 147,Pharma & Healthcare,45,70153.03,2025-09-29,2025-11-13,closed,2025-12-01,63,18,False,False,average_payer
INV12003651,B012,B012-C1147,Pharma Client 147,Pharma & Healthcare,45,60465.28,2025-10-18,2025-12-02,closed,2025-11-23,36,-9,False,False,average_payer
INV12003652,B012,B012-C1147,Pharma Client 147,Pharma & Healthcare,45,37928.54,2025-12-08,2026-01-22,closed,2026-02-03,57,12,False,False,average_payer
INV12003653,B012,B012-C1147,Pharma Client 147,Pharma & Healthcare,45,47948.65,2026-05-22,2026-07-06,closed,2026-07-08,47,2,False,False,average_payer
INV12003654,B012,B012-C1147,Pharma Client 147,Pharma & Healthcare,45,45379.69,2026-07-29,2026-09-12,open,,,,False,False,average_payer
INV12003655,B012,B012-C1148,Retail Client 148,Retail & Distribution,45,36512.92,2024-06-07,2024-07-22,closed,2024-07-28,51,6,False,False,cold_start
INV12003656,B012,B012-C1148,Retail Client 148,Retail & Distribution,45,67069.94,2024-12-28,2025-02-11,closed,2025-02-22,56,11,False,False,cold_start
INV12003657,B012,B012-C1148,Retail Client 148,Retail & Distribution,45,69688.03,2025-05-29,2025-07-13,closed,2025-07-20,52,7,False,False,cold_start
INV12003658,B012,B012-C1149,Electronics Client 149,Electronics & Electricals,30,209968.62,2024-03-17,2024-04-16,closed,2024-04-14,28,-2,False,False,prompt_payer
INV12003659,B012,B012-C1149,Electronics Client 149,Electronics & Electricals,30,163461.63,2024-04-01,2024-05-01,closed,2024-05-05,34,4,False,False,prompt_payer
INV12003660,B012,B012-C1149,Electronics Client 149,Electronics & Electricals,30,187745.71,2024-04-15,2024-05-15,open,,,,False,False,prompt_payer
INV12003661,B012,B012-C1149,Electronics Client 149,Electronics & Electricals,30,170972.37,2024-05-28,2024-06-27,closed,2024-07-02,35,5,False,False,prompt_payer
INV12003662,B012,B012-C1149,Electronics Client 149,Electronics & Electricals,30,190906.22,2024-06-25,2024-07-25,closed,2024-07-27,32,2,False,False,prompt_payer
INV12003663,B012,B012-C1149,Electronics Client 149,Electronics & Electricals,30,162783.34,2024-08-11,2024-09-10,closed,2024-09-16,36,6,False,False,prompt_payer
INV12003664,B012,B012-C1149,Electronics Client 149,Electronics & Electricals,30,130621.76,2024-10-07,2024-11-06,closed,2024-11-05,29,-1,False,False,prompt_payer
INV12003665,B012,B012-C1149,Electronics Client 149,Electronics & Electricals,30,211228.27,2024-10-11,2024-11-10,closed,2024-11-08,28,-2,False,False,prompt_payer
INV12003666,B012,B012-C1149,Electronics Client 149,Electronics & Electricals,30,144785.13,2024-11-12,2024-12-12,closed,2024-12-11,29,-1,False,False,prompt_payer
INV12003667,B012,B012-C1149,Electronics Client 149,Electronics & Electricals,30,210879.41,2024-11-27,2024-12-27,closed,2024-12-27,30,0,False,False,prompt_payer
INV12003668,B012,B012-C1149,Electronics Client 149,Electronics & Electricals,30,118417.81,2024-12-17,2025-01-16,closed,2025-01-19,33,3,False,False,prompt_payer
INV12003669,B012,B012-C1149,Electronics Client 149,Electronics & Electricals,30,215176.57,2025-01-08,2025-02-07,closed,2025-02-09,32,2,False,False,prompt_payer
INV12003670,B012,B012-C1149,Electronics Client 149,Electronics & Electricals,30,243597.85,2025-05-12,2025-06-11,closed,2025-06-18,37,7,False,False,prompt_payer
INV12003671,B012,B012-C1149,Electronics Client 149,Electronics & Electricals,30,119636.82,2025-05-14,2025-06-13,closed,2025-06-17,34,4,False,False,prompt_payer
INV12003672,B012,B012-C1149,Electronics Client 149,Electronics & Electricals,30,186725.22,2025-05-15,2025-06-14,closed,2025-06-13,29,-1,False,False,prompt_payer
INV12003673,B012,B012-C1149,Electronics Client 149,Electronics & Electricals,30,211443.6,2025-06-13,2025-07-13,closed,2025-07-14,31,1,False,False,prompt_payer
INV12003674,B012,B012-C1149,Electronics Client 149,Electronics & Electricals,30,200659.54,2025-06-20,2025-07-20,closed,2025-07-22,32,2,False,False,prompt_payer
INV12003675,B012,B012-C1149,Electronics Client 149,Electronics & Electricals,30,229733.69,2025-06-29,2025-07-29,closed,2025-07-30,31,1,False,False,prompt_payer
INV12003676,B012,B012-C1149,Electronics Client 149,Electronics & Electricals,30,230698.43,2025-07-23,2025-08-22,open,,,,False,False,prompt_payer
INV12003677,B012,B012-C1149,Electronics Client 149,Electronics & Electricals,30,132956.84,2025-08-17,2025-09-16,closed,2025-09-20,34,4,False,False,prompt_payer
INV12003678,B012,B012-C1149,Electronics Client 149,Electronics & Electricals,30,125126.94,2025-09-19,2025-10-19,closed,2025-10-25,36,6,False,False,prompt_payer
INV12003679,B012,B012-C1149,Electronics Client 149,Electronics & Electricals,30,214620.07,2025-09-25,2025-10-25,closed,2025-10-18,23,-7,False,False,prompt_payer
INV12003680,B012,B012-C1149,Electronics Client 149,Electronics & Electricals,30,145482.88,2025-11-06,2025-12-06,closed,2025-12-09,33,3,False,False,prompt_payer
INV12003681,B012,B012-C1149,Electronics Client 149,Electronics & Electricals,30,165983.64,2025-11-20,2025-12-20,closed,2025-12-23,33,3,False,False,prompt_payer
INV12003682,B012,B012-C1149,Electronics Client 149,Electronics & Electricals,30,126358.1,2026-01-04,2026-02-03,closed,2026-02-11,38,8,False,False,prompt_payer
INV12003683,B012,B012-C1149,Electronics Client 149,Electronics & Electricals,30,162251.58,2026-01-10,2026-02-09,closed,2026-02-11,32,2,False,False,prompt_payer
INV12003684,B012,B012-C1149,Electronics Client 149,Electronics & Electricals,30,159277.58,2026-01-24,2026-02-23,closed,2026-02-20,27,-3,False,False,prompt_payer
INV12003685,B012,B012-C1149,Electronics Client 149,Electronics & Electricals,30,162191.7,2026-03-02,2026-04-01,closed,2026-03-29,27,-3,False,False,prompt_payer
INV12003686,B012,B012-C1149,Electronics Client 149,Electronics & Electricals,30,149594.61,2026-03-06,2026-04-05,closed,2026-04-02,27,-3,False,False,prompt_payer
INV12003687,B012,B012-C1149,Electronics Client 149,Electronics & Electricals,30,263418.02,2026-03-17,2026-04-16,closed,2026-04-17,31,1,False,False,prompt_payer
INV12003688,B012,B012-C1149,Electronics Client 149,Electronics & Electricals,30,238435.5,2026-03-30,2026-04-29,closed,2026-05-01,32,2,False,False,prompt_payer
INV12003689,B012,B012-C1149,Electronics Client 149,Electronics & Electricals,30,325109.73,2026-05-04,2026-06-03,closed,2026-05-27,23,-7,False,False,prompt_payer
INV12003690,B012,B012-C1149,Electronics Client 149,Electronics & Electricals,30,197577.41,2026-05-06,2026-06-05,closed,2026-06-14,39,9,False,False,prompt_payer
INV12003691,B012,B012-C1149,Electronics Client 149,Electronics & Electricals,30,202149.11,2026-06-22,2026-07-22,closed,2026-07-22,30,0,False,False,prompt_payer
INV12003692,B012,B012-C1149,Electronics Client 149,Electronics & Electricals,30,198557.65,2026-06-27,2026-07-27,closed,2026-07-29,32,2,False,False,prompt_payer
INV12003693,B012,B012-C1149,Electronics Client 149,Electronics & Electricals,30,158253.27,2026-08-12,2026-09-11,open,,,,False,False,prompt_payer
