invoice_id,business_id,cust_number,customer_name,sector,payment_term_days,invoice_amount,issue_date,due_date,status,actual_paid_date,days_to_payment,delay_vs_due_date,had_partial_payment_flag,is_big_ticket_spike,customer_archetype_TRUE_LABEL
INV13000001,B013,B013-C1001,Pharma Client 001,Pharma & Healthcare,30,23342.28,2024-03-22,2024-04-21,closed,2024-05-12,51,21,False,False,chronic_late_payer
INV13000002,B013,B013-C1001,Pharma Client 001,Pharma & Healthcare,30,33604.89,2024-03-29,2024-04-28,closed,2024-06-17,80,50,False,False,chronic_late_payer
INV13000003,B013,B013-C1001,Pharma Client 001,Pharma & Healthcare,30,176925.18,2024-04-06,2024-05-06,closed,2024-06-22,77,47,False,True,chronic_late_payer
INV13000004,B013,B013-C1001,Pharma Client 001,Pharma & Healthcare,30,61107.0,2024-04-23,2024-05-23,closed,2024-07-12,80,50,True,False,chronic_late_payer
INV13000005,B013,B013-C1001,Pharma Client 001,Pharma & Healthcare,30,38761.88,2024-05-06,2024-06-05,closed,2024-07-31,86,56,False,False,chronic_late_payer
INV13000006,B013,B013-C1001,Pharma Client 001,Pharma & Healthcare,30,60215.8,2024-05-16,2024-06-15,closed,2024-07-16,61,31,False,False,chronic_late_payer
INV13000007,B013,B013-C1001,Pharma Client 001,Pharma & Healthcare,30,26449.16,2024-05-27,2024-06-26,closed,2024-08-01,66,36,False,False,chronic_late_payer
INV13000008,B013,B013-C1001,Pharma Client 001,Pharma & Healthcare,30,39537.22,2024-05-28,2024-06-27,closed,2024-08-28,92,62,False,False,chronic_late_payer
INV13000009,B013,B013-C1001,Pharma Client 001,Pharma & Healthcare,30,40931.04,2024-06-29,2024-07-29,closed,2024-09-19,82,52,False,False,chronic_late_payer
INV13000010,B013,B013-C1001,Pharma Client 001,Pharma & Healthcare,30,30854.86,2024-08-22,2024-09-21,closed,2024-11-09,79,49,False,False,chronic_late_payer
INV13000011,B013,B013-C1001,Pharma Client 001,Pharma & Healthcare,30,31900.68,2024-10-27,2024-11-26,closed,2024-12-13,47,17,False,False,chronic_late_payer
INV13000012,B013,B013-C1001,Pharma Client 001,Pharma & Healthcare,30,52378.27,2024-12-17,2025-01-16,closed,2025-03-18,91,61,False,False,chronic_late_payer
INV13000013,B013,B013-C1001,Pharma Client 001,Pharma & Healthcare,30,47322.62,2024-12-20,2025-01-19,closed,2025-03-02,72,42,False,False,chronic_late_payer
INV13000014,B013,B013-C1001,Pharma Client 001,Pharma & Healthcare,30,57793.9,2025-01-14,2025-02-13,closed,2025-04-02,78,48,False,False,chronic_late_payer
INV13000015,B013,B013-C1001,Pharma Client 001,Pharma & Healthcare,30,22660.9,2025-01-15,2025-02-14,closed,2025-02-28,44,14,False,False,chronic_late_payer
INV13000016,B013,B013-C1001,Pharma Client 001,Pharma & Healthcare,30,69903.17,2025-01-15,2025-02-14,closed,2025-03-26,70,40,False,False,chronic_late_payer
INV13000017,B013,B013-C1001,Pharma Client 001,Pharma & Healthcare,30,76613.11,2025-01-21,2025-02-20,closed,2025-03-06,44,14,False,False,chronic_late_payer
INV13000018,B013,B013-C1001,Pharma Client 001,Pharma & Healthcare,30,84301.04,2025-01-29,2025-02-28,closed,2025-04-15,76,46,False,False,chronic_late_payer
INV13000019,B013,B013-C1001,Pharma Client 001,Pharma & Healthcare,30,42360.62,2025-02-12,2025-03-14,closed,2025-04-19,66,36,False,False,chronic_late_payer
INV13000020,B013,B013-C1001,Pharma Client 001,Pharma & Healthcare,30,34913.99,2025-03-09,2025-04-08,closed,2025-05-17,69,39,False,False,chronic_late_payer
INV13000021,B013,B013-C1001,Pharma Client 001,Pharma & Healthcare,30,51758.66,2025-03-26,2025-04-25,closed,2025-05-17,52,22,False,False,chronic_late_payer
INV13000022,B013,B013-C1001,Pharma Client 001,Pharma & Healthcare,30,45251.47,2025-04-08,2025-05-08,disputed_open,,,,False,False,chronic_late_payer
INV13000023,B013,B013-C1001,Pharma Client 001,Pharma & Healthcare,30,58261.19,2025-05-31,2025-06-30,closed,2025-08-02,63,33,False,False,chronic_late_payer
INV13000024,B013,B013-C1001,Pharma Client 001,Pharma & Healthcare,30,20545.5,2025-05-31,2025-06-30,closed,2025-07-14,44,14,False,False,chronic_late_payer
INV13000025,B013,B013-C1001,Pharma Client 001,Pharma & Healthcare,30,38547.06,2025-06-15,2025-07-15,closed,2025-08-23,69,39,False,False,chronic_late_payer
INV13000026,B013,B013-C1001,Pharma Client 001,Pharma & Healthcare,30,46268.59,2025-06-17,2025-07-17,closed,2025-08-18,62,32,False,False,chronic_late_payer
INV13000027,B013,B013-C1001,Pharma Client 001,Pharma & Healthcare,30,31073.56,2025-06-29,2025-07-29,closed,2025-08-14,46,16,False,False,chronic_late_payer
INV13000028,B013,B013-C1001,Pharma Client 001,Pharma & Healthcare,30,30878.67,2025-07-12,2025-08-11,closed,2025-09-28,78,48,False,False,chronic_late_payer
INV13000029,B013,B013-C1001,Pharma Client 001,Pharma & Healthcare,30,75917.26,2025-08-04,2025-09-03,closed,2025-09-20,47,17,False,False,chronic_late_payer
INV13000030,B013,B013-C1001,Pharma Client 001,Pharma & Healthcare,30,51059.27,2025-08-12,2025-09-11,closed,2025-10-06,55,25,False,False,chronic_late_payer
INV13000031,B013,B013-C1001,Pharma Client 001,Pharma & Healthcare,30,31439.95,2025-08-22,2025-09-21,closed,2025-10-05,44,14,False,False,chronic_late_payer
INV13000032,B013,B013-C1001,Pharma Client 001,Pharma & Healthcare,30,74005.11,2025-08-27,2025-09-26,closed,2025-10-10,44,14,False,False,chronic_late_payer
INV13000033,B013,B013-C1001,Pharma Client 001,Pharma & Healthcare,30,37984.24,2025-08-27,2025-09-26,closed,2025-11-06,71,41,False,False,chronic_late_payer
INV13000034,B013,B013-C1001,Pharma Client 001,Pharma & Healthcare,30,32194.17,2025-09-08,2025-10-08,closed,2025-12-14,97,67,True,False,chronic_late_payer
INV13000035,B013,B013-C1001,Pharma Client 001,Pharma & Healthcare,30,33095.89,2025-10-04,2025-11-03,closed,2025-11-30,57,27,False,False,chronic_late_payer
INV13000036,B013,B013-C1001,Pharma Client 001,Pharma & Healthcare,30,35237.57,2025-10-26,2025-11-25,closed,2025-12-27,62,32,False,False,chronic_late_payer
INV13000037,B013,B013-C1001,Pharma Client 001,Pharma & Healthcare,30,50963.46,2025-11-27,2025-12-27,open,,,,False,False,chronic_late_payer
INV13000038,B013,B013-C1001,Pharma Client 001,Pharma & Healthcare,30,42246.91,2025-11-29,2025-12-29,closed,2026-02-16,79,49,False,False,chronic_late_payer
INV13000039,B013,B013-C1001,Pharma Client 001,Pharma & Healthcare,30,46346.29,2025-11-30,2025-12-30,closed,2026-03-07,97,67,False,False,chronic_late_payer
INV13000040,B013,B013-C1001,Pharma Client 001,Pharma & Healthcare,30,36633.67,2025-12-06,2026-01-05,closed,2026-02-14,70,40,False,False,chronic_late_payer
INV13000041,B013,B013-C1001,Pharma Client 001,Pharma & Healthcare,30,51882.82,2025-12-09,2026-01-08,closed,2026-02-10,63,33,False,False,chronic_late_payer
INV13000042,B013,B013-C1001,Pharma Client 001,Pharma & Healthcare,30,33609.83,2026-01-22,2026-02-21,closed,2026-04-11,79,49,False,False,chronic_late_payer
INV13000043,B013,B013-C1001,Pharma Client 001,Pharma & Healthcare,30,47829.37,2026-02-04,2026-03-06,closed,2026-04-20,75,45,False,False,chronic_late_payer
INV13000044,B013,B013-C1001,Pharma Client 001,Pharma & Healthcare,30,30327.13,2026-02-07,2026-03-09,disputed_open,,,,False,False,chronic_late_payer
INV13000045,B013,B013-C1001,Pharma Client 001,Pharma & Healthcare,30,59972.75,2026-02-17,2026-03-19,closed,2026-04-25,67,37,False,False,chronic_late_payer
INV13000046,B013,B013-C1001,Pharma Client 001,Pharma & Healthcare,30,53628.52,2026-03-04,2026-04-03,closed,2026-04-27,54,24,False,False,chronic_late_payer
INV13000047,B013,B013-C1001,Pharma Client 001,Pharma & Healthcare,30,39790.24,2026-05-09,2026-06-08,closed,2026-07-15,67,37,False,False,chronic_late_payer
INV13000048,B013,B013-C1001,Pharma Client 001,Pharma & Healthcare,30,45768.74,2026-07-16,2026-08-15,closed,2026-09-01,47,17,False,False,chronic_late_payer
INV13000049,B013,B013-C1001,Pharma Client 001,Pharma & Healthcare,30,35896.73,2026-08-07,2026-09-06,open,,,,False,False,chronic_late_payer
INV13000050,B013,B013-C1001,Pharma Client 001,Pharma & Healthcare,30,37848.64,2026-08-13,2026-09-12,open,,,,False,False,chronic_late_payer
INV13000051,B013,B013-C1001,Pharma Client 001,Pharma & Healthcare,30,46320.61,2026-08-15,2026-09-14,open,,,,False,False,chronic_late_payer
INV13000052,B013,B013-C1002,Textiles Client 002,Textiles & Apparel,45,77259.96,2024-03-18,2024-05-02,closed,2024-04-30,43,-2,False,False,prompt_payer
INV13000053,B013,B013-C1002,Textiles Client 002,Textiles & Apparel,45,53948.01,2024-05-19,2024-07-03,closed,2024-07-03,45,0,False,False,prompt_payer
INV13000054,B013,B013-C1002,Textiles Client 002,Textiles & Apparel,45,92525.16,2024-05-23,2024-07-07,closed,2024-07-12,50,5,True,False,prompt_payer
INV13000055,B013,B013-C1002,Textiles Client 002,Textiles & Apparel,45,33723.42,2024-06-03,2024-07-18,closed,2024-07-20,47,2,False,False,prompt_payer
INV13000056,B013,B013-C1002,Textiles Client 002,Textiles & Apparel,45,122983.95,2024-07-16,2024-08-30,closed,2024-08-29,44,-1,False,False,prompt_payer
INV13000057,B013,B013-C1002,Textiles Client 002,Textiles & Apparel,45,104280.91,2024-08-17,2024-10-01,closed,2024-10-06,50,5,False,False,prompt_payer
INV13000058,B013,B013-C1002,Textiles Client 002,Textiles & Apparel,45,257597.85,2024-08-25,2024-10-09,closed,2024-10-05,41,-4,False,True,prompt_payer
INV13000059,B013,B013-C1002,Textiles Client 002,Textiles & Apparel,45,52190.06,2024-09-08,2024-10-23,closed,2024-10-14,36,-9,False,False,prompt_payer
INV13000060,B013,B013-C1002,Textiles Client 002,Textiles & Apparel,45,55812.23,2024-10-13,2024-11-27,closed,2024-11-26,44,-1,False,False,prompt_payer
INV13000061,B013,B013-C1002,Textiles Client 002,Textiles & Apparel,45,50148.2,2024-10-29,2024-12-13,closed,2024-12-13,45,0,True,False,prompt_payer
INV13000062,B013,B013-C1002,Textiles Client 002,Textiles & Apparel,45,121434.67,2024-11-02,2024-12-17,closed,2024-12-18,46,1,False,False,prompt_payer
INV13000063,B013,B013-C1002,Textiles Client 002,Textiles & Apparel,45,49470.44,2024-12-24,2025-02-07,closed,2025-02-01,39,-6,False,False,prompt_payer
INV13000064,B013,B013-C1002,Textiles Client 002,Textiles & Apparel,45,79709.12,2025-01-05,2025-02-19,closed,2025-02-18,44,-1,False,False,prompt_payer
INV13000065,B013,B013-C1002,Textiles Client 002,Textiles & Apparel,45,45506.16,2025-01-06,2025-02-20,closed,2025-02-18,43,-2,False,False,prompt_payer
INV13000066,B013,B013-C1002,Textiles Client 002,Textiles & Apparel,45,72249.24,2025-01-10,2025-02-24,closed,2025-02-28,49,4,False,False,prompt_payer
INV13000067,B013,B013-C1002,Textiles Client 002,Textiles & Apparel,45,82958.58,2025-01-17,2025-03-03,closed,2025-03-06,48,3,False,False,prompt_payer
INV13000068,B013,B013-C1002,Textiles Client 002,Textiles & Apparel,45,63520.87,2025-01-19,2025-03-05,closed,2025-03-05,45,0,False,False,prompt_payer
INV13000069,B013,B013-C1002,Textiles Client 002,Textiles & Apparel,45,101563.51,2025-02-01,2025-03-18,closed,2025-03-14,41,-4,False,False,prompt_payer
INV13000070,B013,B013-C1002,Textiles Client 002,Textiles & Apparel,45,71124.2,2025-02-09,2025-03-26,closed,2025-03-27,46,1,False,False,prompt_payer
INV13000071,B013,B013-C1002,Textiles Client 002,Textiles & Apparel,45,87771.6,2025-03-09,2025-04-23,closed,2025-04-23,45,0,False,False,prompt_payer
INV13000072,B013,B013-C1002,Textiles Client 002,Textiles & Apparel,45,69220.82,2025-03-21,2025-05-05,closed,2025-05-05,45,0,False,False,prompt_payer
INV13000073,B013,B013-C1002,Textiles Client 002,Textiles & Apparel,45,52682.94,2025-03-27,2025-05-11,closed,2025-05-11,45,0,False,False,prompt_payer
INV13000074,B013,B013-C1002,Textiles Client 002,Textiles & Apparel,45,68120.2,2025-05-20,2025-07-04,closed,2025-07-07,48,3,False,False,prompt_payer
INV13000075,B013,B013-C1002,Textiles Client 002,Textiles & Apparel,45,82224.82,2025-06-13,2025-07-28,closed,2025-07-25,42,-3,False,False,prompt_payer
INV13000076,B013,B013-C1002,Textiles Client 002,Textiles & Apparel,45,92824.52,2025-06-13,2025-07-28,closed,2025-07-23,40,-5,False,False,prompt_payer
INV13000077,B013,B013-C1002,Textiles Client 002,Textiles & Apparel,45,61486.0,2025-06-24,2025-08-08,closed,2025-08-09,46,1,False,False,prompt_payer
INV13000078,B013,B013-C1002,Textiles Client 002,Textiles & Apparel,45,54134.39,2025-08-18,2025-10-02,closed,2025-10-04,47,2,False,False,prompt_payer
INV13000079,B013,B013-C1002,Textiles Client 002,Textiles & Apparel,45,66536.42,2025-08-24,2025-10-08,closed,2025-10-08,45,0,False,False,prompt_payer
INV13000080,B013,B013-C1002,Textiles Client 002,Textiles & Apparel,45,58915.47,2025-09-16,2025-10-31,closed,2025-10-25,39,-6,False,False,prompt_payer
INV13000081,B013,B013-C1002,Textiles Client 002,Textiles & Apparel,45,69060.29,2025-09-21,2025-11-05,closed,2025-11-04,44,-1,False,False,prompt_payer
INV13000082,B013,B013-C1002,Textiles Client 002,Textiles & Apparel,45,62870.69,2025-10-23,2025-12-07,closed,2025-12-05,43,-2,False,False,prompt_payer
INV13000083,B013,B013-C1002,Textiles Client 002,Textiles & Apparel,45,78737.03,2025-12-10,2026-01-24,closed,2026-01-24,45,0,False,False,prompt_payer
INV13000084,B013,B013-C1002,Textiles Client 002,Textiles & Apparel,45,86047.76,2025-12-12,2026-01-26,closed,2026-01-26,45,0,False,False,prompt_payer
INV13000085,B013,B013-C1002,Textiles Client 002,Textiles & Apparel,45,52656.8,2026-01-16,2026-03-02,closed,2026-02-26,41,-4,False,False,prompt_payer
INV13000086,B013,B013-C1002,Textiles Client 002,Textiles & Apparel,45,76221.04,2026-02-25,2026-04-11,closed,2026-04-09,43,-2,True,False,prompt_payer
INV13000087,B013,B013-C1002,Textiles Client 002,Textiles & Apparel,45,60466.94,2026-04-18,2026-06-02,closed,2026-05-29,41,-4,False,False,prompt_payer
INV13000088,B013,B013-C1002,Textiles Client 002,Textiles & Apparel,45,94812.57,2026-05-19,2026-07-03,closed,2026-07-02,44,-1,False,False,prompt_payer
INV13000089,B013,B013-C1002,Textiles Client 002,Textiles & Apparel,45,56562.34,2026-05-30,2026-07-14,closed,2026-07-17,48,3,False,False,prompt_payer
INV13000090,B013,B013-C1002,Textiles Client 002,Textiles & Apparel,45,54082.23,2026-05-30,2026-07-14,closed,2026-07-10,41,-4,False,False,prompt_payer
INV13000091,B013,B013-C1002,Textiles Client 002,Textiles & Apparel,45,48161.78,2026-06-05,2026-07-20,closed,2026-07-21,46,1,False,False,prompt_payer
INV13000092,B013,B013-C1003,Pharma Client 003,Pharma & Healthcare,45,79629.14,2024-03-22,2024-05-06,closed,2024-05-21,60,15,False,False,average_payer
INV13000093,B013,B013-C1003,Pharma Client 003,Pharma & Healthcare,45,80740.89,2024-04-09,2024-05-24,closed,2024-05-21,42,-3,False,False,average_payer
INV13000094,B013,B013-C1003,Pharma Client 003,Pharma & Healthcare,45,105867.31,2024-04-18,2024-06-02,closed,2024-06-07,50,5,False,False,average_payer
INV13000095,B013,B013-C1003,Pharma Client 003,Pharma & Healthcare,45,72846.64,2024-04-21,2024-06-05,closed,2024-06-14,54,9,False,False,average_payer
INV13000096,B013,B013-C1003,Pharma Client 003,Pharma & Healthcare,45,118346.68,2024-05-01,2024-06-15,closed,2024-06-09,39,-6,False,False,average_payer
INV13000097,B013,B013-C1003,Pharma Client 003,Pharma & Healthcare,45,108360.82,2024-05-02,2024-06-16,closed,2024-06-27,56,11,False,False,average_payer
INV13000098,B013,B013-C1003,Pharma Client 003,Pharma & Healthcare,45,79170.09,2024-07-02,2024-08-16,closed,2024-08-26,55,10,False,False,average_payer
INV13000099,B013,B013-C1003,Pharma Client 003,Pharma & Healthcare,45,88299.71,2024-07-11,2024-08-25,closed,2024-09-07,58,13,False,False,average_payer
INV13000100,B013,B013-C1003,Pharma Client 003,Pharma & Healthcare,45,79579.92,2024-08-08,2024-09-22,closed,2024-10-04,57,12,False,False,average_payer
INV13000101,B013,B013-C1003,Pharma Client 003,Pharma & Healthcare,45,84018.68,2024-08-24,2024-10-08,closed,2024-10-09,46,1,False,False,average_payer
INV13000102,B013,B013-C1003,Pharma Client 003,Pharma & Healthcare,45,75242.06,2024-09-02,2024-10-17,closed,2024-10-14,42,-3,False,False,average_payer
INV13000103,B013,B013-C1003,Pharma Client 003,Pharma & Healthcare,45,65360.82,2024-10-04,2024-11-18,closed,2024-11-25,52,7,False,False,average_payer
INV13000104,B013,B013-C1003,Pharma Client 003,Pharma & Healthcare,45,72767.92,2024-10-24,2024-12-08,closed,2024-12-16,53,8,False,False,average_payer
INV13000105,B013,B013-C1003,Pharma Client 003,Pharma & Healthcare,45,102059.85,2024-12-30,2025-02-13,closed,2025-03-13,73,28,False,False,average_payer
INV13000106,B013,B013-C1003,Pharma Client 003,Pharma & Healthcare,45,65124.12,2025-01-14,2025-02-28,closed,2025-02-25,42,-3,False,False,average_payer
INV13000107,B013,B013-C1003,Pharma Client 003,Pharma & Healthcare,45,66107.42,2025-02-26,2025-04-12,closed,2025-04-10,43,-2,False,False,average_payer
INV13000108,B013,B013-C1003,Pharma Client 003,Pharma & Healthcare,45,83271.97,2025-03-30,2025-05-14,closed,2025-05-20,51,6,False,False,average_payer
INV13000109,B013,B013-C1003,Pharma Client 003,Pharma & Healthcare,45,157743.43,2025-04-01,2025-05-16,closed,2025-05-18,47,2,False,False,average_payer
INV13000110,B013,B013-C1003,Pharma Client 003,Pharma & Healthcare,45,104416.46,2025-05-28,2025-07-12,closed,2025-07-08,41,-4,False,False,average_payer
INV13000111,B013,B013-C1003,Pharma Client 003,Pharma & Healthcare,45,86275.58,2025-06-04,2025-07-19,closed,2025-07-19,45,0,False,False,average_payer
INV13000112,B013,B013-C1003,Pharma Client 003,Pharma & Healthcare,45,114094.77,2025-06-21,2025-08-05,closed,2025-08-17,57,12,False,False,average_payer
INV13000113,B013,B013-C1003,Pharma Client 003,Pharma & Healthcare,45,353399.05,2025-10-02,2025-11-16,closed,2025-11-21,50,5,False,True,average_payer
INV13000114,B013,B013-C1003,Pharma Client 003,Pharma & Healthcare,45,39862.13,2025-10-14,2025-11-28,closed,2025-12-08,55,10,False,False,average_payer
INV13000115,B013,B013-C1003,Pharma Client 003,Pharma & Healthcare,45,91189.48,2025-10-16,2025-11-30,closed,2025-12-06,51,6,False,False,average_payer
INV13000116,B013,B013-C1003,Pharma Client 003,Pharma & Healthcare,45,108382.04,2025-10-24,2025-12-08,closed,2025-12-29,66,21,False,False,average_payer
INV13000117,B013,B013-C1003,Pharma Client 003,Pharma & Healthcare,45,120624.17,2025-10-24,2025-12-08,closed,2025-12-10,47,2,False,False,average_payer
INV13000118,B013,B013-C1003,Pharma Client 003,Pharma & Healthcare,45,111693.33,2025-11-01,2025-12-16,closed,2025-12-26,55,10,False,False,average_payer
INV13000119,B013,B013-C1003,Pharma Client 003,Pharma & Healthcare,45,112446.7,2025-11-22,2026-01-06,closed,2026-01-08,47,2,False,False,average_payer
INV13000120,B013,B013-C1003,Pharma Client 003,Pharma & Healthcare,45,53216.34,2026-01-07,2026-02-21,closed,2026-02-21,45,0,False,False,average_payer
INV13000121,B013,B013-C1003,Pharma Client 003,Pharma & Healthcare,45,76006.51,2026-01-26,2026-03-12,closed,2026-03-11,44,-1,False,False,average_payer
INV13000122,B013,B013-C1003,Pharma Client 003,Pharma & Healthcare,45,90833.94,2026-02-15,2026-04-01,closed,2026-03-30,43,-2,False,False,average_payer
INV13000123,B013,B013-C1003,Pharma Client 003,Pharma & Healthcare,45,150067.92,2026-02-15,2026-04-01,closed,2026-04-03,47,2,False,False,average_payer
INV13000124,B013,B013-C1003,Pharma Client 003,Pharma & Healthcare,45,71293.67,2026-03-13,2026-04-27,closed,2026-04-28,46,1,False,False,average_payer
INV13000125,B013,B013-C1003,Pharma Client 003,Pharma & Healthcare,45,515809.85,2026-04-02,2026-05-17,closed,2026-05-15,43,-2,False,True,average_payer
INV13000126,B013,B013-C1003,Pharma Client 003,Pharma & Healthcare,45,122590.04,2026-04-20,2026-06-04,closed,2026-06-04,45,0,False,False,average_payer
INV13000127,B013,B013-C1003,Pharma Client 003,Pharma & Healthcare,45,147522.35,2026-05-09,2026-06-23,closed,2026-07-01,53,8,False,False,average_payer
INV13000128,B013,B013-C1003,Pharma Client 003,Pharma & Healthcare,45,112567.19,2026-05-10,2026-06-24,closed,2026-06-22,43,-2,False,False,average_payer
INV13000129,B013,B013-C1003,Pharma Client 003,Pharma & Healthcare,45,138945.11,2026-06-03,2026-07-18,open,,,,False,False,average_payer
INV13000130,B013,B013-C1003,Pharma Client 003,Pharma & Healthcare,45,98808.8,2026-06-09,2026-07-24,closed,2026-08-04,56,11,False,False,average_payer
INV13000131,B013,B013-C1003,Pharma Client 003,Pharma & Healthcare,45,66118.39,2026-06-10,2026-07-25,closed,2026-07-31,51,6,False,False,average_payer
INV13000132,B013,B013-C1003,Pharma Client 003,Pharma & Healthcare,45,59150.83,2026-06-15,2026-07-30,closed,2026-08-03,49,4,False,False,average_payer
INV13000133,B013,B013-C1003,Pharma Client 003,Pharma & Healthcare,45,108145.55,2026-06-23,2026-08-07,closed,2026-08-21,59,14,False,False,average_payer
INV13000134,B013,B013-C1003,Pharma Client 003,Pharma & Healthcare,45,61735.14,2026-07-04,2026-08-18,closed,2026-09-02,60,15,False,False,average_payer
INV13000135,B013,B013-C1003,Pharma Client 003,Pharma & Healthcare,45,152126.48,2026-07-10,2026-08-24,open,,,,False,False,average_payer
INV13000136,B013,B013-C1003,Pharma Client 003,Pharma & Healthcare,45,120424.74,2026-07-18,2026-09-01,open,,,,False,False,average_payer
INV13000137,B013,B013-C1003,Pharma Client 003,Pharma & Healthcare,45,100817.13,2026-08-04,2026-09-18,open,,,,False,False,average_payer
INV13000138,B013,B013-C1003,Pharma Client 003,Pharma & Healthcare,45,81475.4,2026-08-16,2026-09-30,disputed_open,,,,False,False,average_payer
INV13000139,B013,B013-C1003,Pharma Client 003,Pharma & Healthcare,45,89309.56,2026-08-16,2026-09-30,open,,,,False,False,average_payer
INV13000140,B013,B013-C1003,Pharma Client 003,Pharma & Healthcare,45,118665.29,2026-08-20,2026-10-04,disputed_open,,,,False,False,average_payer
INV13000141,B013,B013-C1004,IT Client 004,IT & Business Services,15,100960.1,2024-04-10,2024-04-25,closed,2024-05-10,30,15,False,False,average_payer
INV13000142,B013,B013-C1004,IT Client 004,IT & Business Services,15,304717.07,2024-05-10,2024-05-25,open,,,,False,False,average_payer
INV13000143,B013,B013-C1004,IT Client 004,IT & Business Services,15,99868.37,2024-05-23,2024-06-07,closed,2024-06-11,19,4,False,False,average_payer
INV13000144,B013,B013-C1004,IT Client 004,IT & Business Services,15,115559.32,2024-06-02,2024-06-17,closed,2024-06-27,25,10,False,False,average_payer
INV13000145,B013,B013-C1004,IT Client 004,IT & Business Services,15,119985.55,2024-06-17,2024-07-02,closed,2024-07-13,26,11,False,False,average_payer
INV13000146,B013,B013-C1004,IT Client 004,IT & Business Services,15,212500.13,2024-07-17,2024-08-01,closed,2024-08-07,21,6,False,False,average_payer
INV13000147,B013,B013-C1004,IT Client 004,IT & Business Services,15,134676.15,2024-08-01,2024-08-16,closed,2024-08-25,24,9,False,False,average_payer
INV13000148,B013,B013-C1004,IT Client 004,IT & Business Services,15,90107.62,2024-10-12,2024-10-27,closed,2024-11-11,30,15,False,False,average_payer
INV13000149,B013,B013-C1004,IT Client 004,IT & Business Services,15,164719.24,2024-10-16,2024-10-31,closed,2024-10-26,10,-5,False,False,average_payer
INV13000150,B013,B013-C1004,IT Client 004,IT & Business Services,15,113135.53,2024-10-27,2024-11-11,closed,2024-11-19,23,8,False,False,average_payer
INV13000151,B013,B013-C1004,IT Client 004,IT & Business Services,15,116696.75,2024-11-03,2024-11-18,closed,2024-11-27,24,9,False,False,average_payer
INV13000152,B013,B013-C1004,IT Client 004,IT & Business Services,15,97045.02,2024-11-15,2024-11-30,closed,2024-12-09,24,9,False,False,average_payer
INV13000153,B013,B013-C1004,IT Client 004,IT & Business Services,15,596089.37,2024-12-03,2024-12-18,closed,2024-12-19,16,1,False,True,average_payer
INV13000154,B013,B013-C1004,IT Client 004,IT & Business Services,15,138787.45,2025-01-12,2025-01-27,closed,2025-01-31,19,4,False,False,average_payer
INV13000155,B013,B013-C1004,IT Client 004,IT & Business Services,15,101303.78,2025-01-17,2025-02-01,closed,2025-02-06,20,5,False,False,average_payer
INV13000156,B013,B013-C1004,IT Client 004,IT & Business Services,15,109394.57,2025-02-15,2025-03-02,closed,2025-03-20,33,18,False,False,average_payer
INV13000157,B013,B013-C1004,IT Client 004,IT & Business Services,15,161096.24,2025-04-16,2025-05-01,closed,2025-05-02,16,1,False,False,average_payer
INV13000158,B013,B013-C1004,IT Client 004,IT & Business Services,15,79214.02,2025-05-11,2025-05-26,closed,2025-06-06,26,11,False,False,average_payer
INV13000159,B013,B013-C1004,IT Client 004,IT & Business Services,15,163851.13,2025-05-22,2025-06-06,closed,2025-06-19,28,13,False,False,average_payer
INV13000160,B013,B013-C1004,IT Client 004,IT & Business Services,15,67227.91,2025-06-01,2025-06-16,closed,2025-06-22,21,6,False,False,average_payer
INV13000161,B013,B013-C1004,IT Client 004,IT & Business Services,15,137775.74,2025-06-28,2025-07-13,closed,2025-08-01,34,19,False,False,average_payer
INV13000162,B013,B013-C1004,IT Client 004,IT & Business Services,15,107055.33,2025-06-30,2025-07-15,closed,2025-07-20,20,5,False,False,average_payer
INV13000163,B013,B013-C1004,IT Client 004,IT & Business Services,15,137722.58,2025-07-09,2025-07-24,closed,2025-07-25,16,1,False,False,average_payer
INV13000164,B013,B013-C1004,IT Client 004,IT & Business Services,15,114897.7,2025-07-09,2025-07-24,closed,2025-07-27,18,3,False,False,average_payer
INV13000165,B013,B013-C1004,IT Client 004,IT & Business Services,15,219423.33,2025-07-23,2025-08-07,closed,2025-08-14,22,7,False,False,average_payer
INV13000166,B013,B013-C1004,IT Client 004,IT & Business Services,15,109246.74,2025-08-01,2025-08-16,closed,2025-08-28,27,12,False,False,average_payer
INV13000167,B013,B013-C1004,IT Client 004,IT & Business Services,15,99875.73,2025-09-01,2025-09-16,closed,2025-09-15,14,-1,False,False,average_payer
INV13000168,B013,B013-C1004,IT Client 004,IT & Business Services,15,120279.54,2025-09-27,2025-10-12,closed,2025-10-11,14,-1,False,False,average_payer
INV13000169,B013,B013-C1004,IT Client 004,IT & Business Services,15,87951.47,2025-10-08,2025-10-23,closed,2025-11-05,28,13,False,False,average_payer
INV13000170,B013,B013-C1004,IT Client 004,IT & Business Services,15,72240.21,2025-10-27,2025-11-11,closed,2025-11-21,25,10,False,False,average_payer
INV13000171,B013,B013-C1004,IT Client 004,IT & Business Services,15,100513.41,2025-11-20,2025-12-05,closed,2025-12-07,17,2,False,False,average_payer
INV13000172,B013,B013-C1004,IT Client 004,IT & Business Services,15,110782.31,2025-12-19,2026-01-03,closed,2026-01-01,13,-2,False,False,average_payer
INV13000173,B013,B013-C1004,IT Client 004,IT & Business Services,15,82888.6,2025-12-20,2026-01-04,closed,2025-12-29,9,-6,False,False,average_payer
INV13000174,B013,B013-C1004,IT Client 004,IT & Business Services,15,131366.46,2025-12-23,2026-01-07,closed,2026-01-06,14,-1,False,False,average_payer
INV13000175,B013,B013-C1004,IT Client 004,IT & Business Services,15,100626.65,2026-02-27,2026-03-14,closed,2026-03-25,26,11,False,False,average_payer
INV13000176,B013,B013-C1004,IT Client 004,IT & Business Services,15,162783.66,2026-03-01,2026-03-16,closed,2026-03-18,17,2,False,False,average_payer
INV13000177,B013,B013-C1004,IT Client 004,IT & Business Services,15,138377.41,2026-03-01,2026-03-16,closed,2026-03-30,29,14,False,False,average_payer
INV13000178,B013,B013-C1004,IT Client 004,IT & Business Services,15,56027.78,2026-03-23,2026-04-07,closed,2026-04-14,22,7,True,False,average_payer
INV13000179,B013,B013-C1004,IT Client 004,IT & Business Services,15,119241.12,2026-05-14,2026-05-29,closed,2026-05-26,12,-3,False,False,average_payer
INV13000180,B013,B013-C1004,IT Client 004,IT & Business Services,15,119371.99,2026-05-17,2026-06-01,closed,2026-06-13,27,12,False,False,average_payer
INV13000181,B013,B013-C1004,IT Client 004,IT & Business Services,15,72751.26,2026-05-24,2026-06-08,closed,2026-06-15,22,7,False,False,average_payer
INV13000182,B013,B013-C1004,IT Client 004,IT & Business Services,15,142627.82,2026-07-16,2026-07-31,closed,2026-08-06,21,6,False,False,average_payer
INV13000183,B013,B013-C1004,IT Client 004,IT & Business Services,15,74508.7,2026-08-22,2026-09-06,open,,,,False,False,average_payer
INV13000184,B013,B013-C1005,Retail Client 005,Retail & Distribution,30,61583.51,2024-03-18,2024-04-17,closed,2024-04-30,43,13,False,False,erratic_payer
INV13000185,B013,B013-C1005,Retail Client 005,Retail & Distribution,30,49733.3,2024-03-21,2024-04-20,closed,2024-04-05,15,-15,False,False,erratic_payer
INV13000186,B013,B013-C1005,Retail Client 005,Retail & Distribution,30,126764.74,2024-04-10,2024-05-10,closed,2024-05-16,36,6,False,True,erratic_payer
INV13000187,B013,B013-C1005,Retail Client 005,Retail & Distribution,30,30670.12,2024-04-16,2024-05-16,closed,2024-05-22,36,6,False,False,erratic_payer
INV13000188,B013,B013-C1005,Retail Client 005,Retail & Distribution,30,152782.63,2024-04-17,2024-05-17,closed,2024-05-25,38,8,False,True,erratic_payer
INV13000189,B013,B013-C1005,Retail Client 005,Retail & Distribution,30,76084.52,2024-05-25,2024-06-24,closed,2024-07-06,42,12,False,False,erratic_payer
INV13000190,B013,B013-C1005,Retail Client 005,Retail & Distribution,30,46587.65,2024-06-24,2024-07-24,closed,2024-08-08,45,15,False,False,erratic_payer
INV13000191,B013,B013-C1005,Retail Client 005,Retail & Distribution,30,32686.77,2024-07-27,2024-08-26,closed,2024-09-10,45,15,False,False,erratic_payer
INV13000192,B013,B013-C1005,Retail Client 005,Retail & Distribution,30,45926.8,2024-09-28,2024-10-28,closed,2024-11-06,39,9,False,False,erratic_payer
INV13000193,B013,B013-C1005,Retail Client 005,Retail & Distribution,30,30171.0,2024-11-27,2024-12-27,closed,2025-01-13,47,17,False,False,erratic_payer
INV13000194,B013,B013-C1005,Retail Client 005,Retail & Distribution,30,23264.8,2025-01-12,2025-02-11,closed,2025-02-11,30,0,False,False,erratic_payer
INV13000195,B013,B013-C1005,Retail Client 005,Retail & Distribution,30,42452.13,2025-01-22,2025-02-21,closed,2025-03-02,39,9,False,False,erratic_payer
INV13000196,B013,B013-C1005,Retail Client 005,Retail & Distribution,30,32432.91,2025-01-31,2025-03-02,closed,2025-02-08,8,-22,False,False,erratic_payer
INV13000197,B013,B013-C1005,Retail Client 005,Retail & Distribution,30,59530.76,2025-02-07,2025-03-09,closed,2025-03-20,41,11,False,False,erratic_payer
INV13000198,B013,B013-C1005,Retail Client 005,Retail & Distribution,30,16135.77,2025-02-18,2025-03-20,open,,,,False,False,erratic_payer
INV13000199,B013,B013-C1005,Retail Client 005,Retail & Distribution,30,32594.45,2025-03-25,2025-04-24,closed,2025-05-01,37,7,False,False,erratic_payer
INV13000200,B013,B013-C1005,Retail Client 005,Retail & Distribution,30,40172.04,2025-03-29,2025-04-28,closed,2025-05-04,36,6,False,False,erratic_payer
INV13000201,B013,B013-C1005,Retail Client 005,Retail & Distribution,30,34159.52,2025-05-07,2025-06-06,disputed_open,,,,False,False,erratic_payer
INV13000202,B013,B013-C1005,Retail Client 005,Retail & Distribution,30,37633.24,2025-09-03,2025-10-03,closed,2025-10-10,37,7,False,False,erratic_payer
INV13000203,B013,B013-C1005,Retail Client 005,Retail & Distribution,30,56466.71,2025-10-20,2025-11-19,closed,2025-11-30,41,11,False,False,erratic_payer
INV13000204,B013,B013-C1005,Retail Client 005,Retail & Distribution,30,25003.16,2025-11-09,2025-12-09,closed,2025-12-07,28,-2,False,False,erratic_payer
INV13000205,B013,B013-C1005,Retail Client 005,Retail & Distribution,30,26447.85,2025-11-30,2025-12-30,closed,2026-01-10,41,11,False,False,erratic_payer
INV13000206,B013,B013-C1005,Retail Client 005,Retail & Distribution,30,26330.75,2026-02-01,2026-03-03,closed,2026-02-18,17,-13,False,False,erratic_payer
INV13000207,B013,B013-C1005,Retail Client 005,Retail & Distribution,30,52298.33,2026-02-17,2026-03-19,closed,2026-03-20,31,1,False,False,erratic_payer
INV13000208,B013,B013-C1005,Retail Client 005,Retail & Distribution,30,33375.52,2026-03-07,2026-04-06,closed,2026-04-15,39,9,False,False,erratic_payer
INV13000209,B013,B013-C1005,Retail Client 005,Retail & Distribution,30,39174.9,2026-04-14,2026-05-14,closed,2026-05-23,39,9,False,False,erratic_payer
INV13000210,B013,B013-C1005,Retail Client 005,Retail & Distribution,30,24093.99,2026-04-22,2026-05-22,closed,2026-06-04,43,13,False,False,erratic_payer
INV13000211,B013,B013-C1005,Retail Client 005,Retail & Distribution,30,26538.84,2026-05-03,2026-06-02,closed,2026-06-06,34,4,False,False,erratic_payer
INV13000212,B013,B013-C1005,Retail Client 005,Retail & Distribution,30,35463.34,2026-05-04,2026-06-03,closed,2026-06-04,31,1,False,False,erratic_payer
INV13000213,B013,B013-C1005,Retail Client 005,Retail & Distribution,30,92464.42,2026-05-14,2026-06-13,closed,2026-06-02,19,-11,False,False,erratic_payer
INV13000214,B013,B013-C1005,Retail Client 005,Retail & Distribution,30,30727.99,2026-05-27,2026-06-26,closed,2026-06-27,31,1,False,False,erratic_payer
INV13000215,B013,B013-C1005,Retail Client 005,Retail & Distribution,30,27675.09,2026-05-31,2026-06-30,disputed_open,,,,False,False,erratic_payer
INV13000216,B013,B013-C1005,Retail Client 005,Retail & Distribution,30,49119.06,2026-06-15,2026-07-15,closed,2026-07-29,44,14,False,False,erratic_payer
INV13000217,B013,B013-C1005,Retail Client 005,Retail & Distribution,30,43440.13,2026-06-26,2026-07-26,closed,2026-08-07,42,12,False,False,erratic_payer
INV13000218,B013,B013-C1005,Retail Client 005,Retail & Distribution,30,17058.17,2026-06-27,2026-07-27,closed,2026-08-04,38,8,False,False,erratic_payer
INV13000219,B013,B013-C1005,Retail Client 005,Retail & Distribution,30,42171.56,2026-06-27,2026-07-27,closed,2026-08-11,45,15,False,False,erratic_payer
INV13000220,B013,B013-C1006,Chemicals Client 006,Chemicals & Plastics,30,49741.81,2024-06-07,2024-07-07,closed,2024-07-10,33,3,False,False,seasonal_payer
INV13000221,B013,B013-C1006,Chemicals Client 006,Chemicals & Plastics,30,314278.17,2024-07-25,2024-08-24,closed,2024-08-27,33,3,False,True,seasonal_payer
INV13000222,B013,B013-C1006,Chemicals Client 006,Chemicals & Plastics,30,93051.79,2024-08-15,2024-09-14,closed,2024-09-21,37,7,False,False,seasonal_payer
INV13000223,B013,B013-C1006,Chemicals Client 006,Chemicals & Plastics,30,103266.54,2024-09-04,2024-10-04,closed,2024-10-01,27,-3,False,False,seasonal_payer
INV13000224,B013,B013-C1006,Chemicals Client 006,Chemicals & Plastics,30,109327.62,2024-09-23,2024-10-23,closed,2024-11-04,42,12,False,False,seasonal_payer
INV13000225,B013,B013-C1006,Chemicals Client 006,Chemicals & Plastics,30,59956.96,2024-09-29,2024-10-29,closed,2024-11-01,33,3,False,False,seasonal_payer
INV13000226,B013,B013-C1006,Chemicals Client 006,Chemicals & Plastics,30,90615.87,2024-10-22,2024-11-21,closed,2024-11-19,28,-2,False,False,seasonal_payer
INV13000227,B013,B013-C1006,Chemicals Client 006,Chemicals & Plastics,30,90071.57,2024-12-06,2025-01-05,closed,2025-01-21,46,16,False,False,seasonal_payer
INV13000228,B013,B013-C1006,Chemicals Client 006,Chemicals & Plastics,30,127298.67,2025-01-08,2025-02-07,closed,2025-03-05,56,26,False,False,seasonal_payer
INV13000229,B013,B013-C1006,Chemicals Client 006,Chemicals & Plastics,30,93951.13,2025-01-19,2025-02-18,closed,2025-03-01,41,11,False,False,seasonal_payer
INV13000230,B013,B013-C1006,Chemicals Client 006,Chemicals & Plastics,30,56943.77,2025-04-28,2025-05-28,closed,2025-05-30,32,2,False,False,seasonal_payer
INV13000231,B013,B013-C1006,Chemicals Client 006,Chemicals & Plastics,30,53905.39,2025-06-17,2025-07-17,closed,2025-07-09,22,-8,False,False,seasonal_payer
INV13000232,B013,B013-C1006,Chemicals Client 006,Chemicals & Plastics,30,68003.45,2025-08-05,2025-09-04,closed,2025-08-28,23,-7,False,False,seasonal_payer
INV13000233,B013,B013-C1006,Chemicals Client 006,Chemicals & Plastics,30,160835.7,2025-08-14,2025-09-13,closed,2025-09-18,35,5,False,False,seasonal_payer
INV13000234,B013,B013-C1006,Chemicals Client 006,Chemicals & Plastics,30,76414.07,2025-09-14,2025-10-14,closed,2025-10-15,31,1,False,False,seasonal_payer
INV13000235,B013,B013-C1006,Chemicals Client 006,Chemicals & Plastics,30,58532.34,2025-09-19,2025-10-19,closed,2025-10-28,39,9,False,False,seasonal_payer
INV13000236,B013,B013-C1006,Chemicals Client 006,Chemicals & Plastics,30,84061.19,2025-10-24,2025-11-23,closed,2025-11-28,35,5,False,False,seasonal_payer
INV13000237,B013,B013-C1006,Chemicals Client 006,Chemicals & Plastics,30,107984.48,2025-12-31,2026-01-30,closed,2026-02-16,47,17,False,False,seasonal_payer
INV13000238,B013,B013-C1006,Chemicals Client 006,Chemicals & Plastics,30,89138.61,2026-01-08,2026-02-07,closed,2026-02-17,40,10,False,False,seasonal_payer
INV13000239,B013,B013-C1006,Chemicals Client 006,Chemicals & Plastics,30,73751.47,2026-01-10,2026-02-09,closed,2026-03-03,52,22,False,False,seasonal_payer
INV13000240,B013,B013-C1006,Chemicals Client 006,Chemicals & Plastics,30,133654.4,2026-01-29,2026-02-28,closed,2026-03-11,41,11,False,False,seasonal_payer
INV13000241,B013,B013-C1006,Chemicals Client 006,Chemicals & Plastics,30,111052.61,2026-02-13,2026-03-15,closed,2026-04-10,56,26,False,False,seasonal_payer
INV13000242,B013,B013-C1006,Chemicals Client 006,Chemicals & Plastics,30,114353.68,2026-03-12,2026-04-11,closed,2026-04-19,38,8,False,False,seasonal_payer
INV13000243,B013,B013-C1006,Chemicals Client 006,Chemicals & Plastics,30,58974.7,2026-03-19,2026-04-18,closed,2026-04-26,38,8,False,False,seasonal_payer
INV13000244,B013,B013-C1006,Chemicals Client 006,Chemicals & Plastics,30,63558.29,2026-03-28,2026-04-27,closed,2026-05-16,49,19,False,False,seasonal_payer
INV13000245,B013,B013-C1006,Chemicals Client 006,Chemicals & Plastics,30,64755.64,2026-05-15,2026-06-14,closed,2026-06-29,45,15,False,False,seasonal_payer
INV13000246,B013,B013-C1006,Chemicals Client 006,Chemicals & Plastics,30,77415.3,2026-05-30,2026-06-29,closed,2026-06-28,29,-1,False,False,seasonal_payer
INV13000247,B013,B013-C1006,Chemicals Client 006,Chemicals & Plastics,30,406752.38,2026-06-20,2026-07-20,closed,2026-07-13,23,-7,False,True,seasonal_payer
INV13000248,B013,B013-C1006,Chemicals Client 006,Chemicals & Plastics,30,50944.08,2026-06-23,2026-07-23,closed,2026-08-02,40,10,False,False,seasonal_payer
INV13000249,B013,B013-C1006,Chemicals Client 006,Chemicals & Plastics,30,57262.39,2026-07-02,2026-08-01,closed,2026-08-01,30,0,False,False,seasonal_payer
INV13000250,B013,B013-C1006,Chemicals Client 006,Chemicals & Plastics,30,83412.77,2026-07-27,2026-08-26,closed,2026-08-21,25,-5,False,False,seasonal_payer
INV13000251,B013,B013-C1006,Chemicals Client 006,Chemicals & Plastics,30,89115.42,2026-08-30,2026-09-29,open,,,,False,False,seasonal_payer
INV13000252,B013,B013-C1007,Construction Client 007,Construction & Infra,30,39863.79,2024-04-14,2024-05-14,closed,2024-05-21,37,7,False,False,erratic_payer
INV13000253,B013,B013-C1007,Construction Client 007,Construction & Infra,30,26594.97,2024-04-29,2024-05-29,closed,2024-05-30,31,1,False,False,erratic_payer
INV13000254,B013,B013-C1007,Construction Client 007,Construction & Infra,30,52633.64,2024-05-03,2024-06-02,closed,2024-05-31,28,-2,False,True,erratic_payer
INV13000255,B013,B013-C1007,Construction Client 007,Construction & Infra,30,30397.54,2024-05-21,2024-06-20,closed,2024-08-26,97,67,False,False,erratic_payer
INV13000256,B013,B013-C1007,Construction Client 007,Construction & Infra,30,15456.36,2024-08-11,2024-09-10,closed,2024-09-03,23,-7,False,False,erratic_payer
INV13000257,B013,B013-C1007,Construction Client 007,Construction & Infra,30,20339.38,2024-09-02,2024-10-02,closed,2024-10-08,36,6,False,False,erratic_payer
INV13000258,B013,B013-C1007,Construction Client 007,Construction & Infra,30,29366.37,2024-09-05,2024-10-05,closed,2024-09-26,21,-9,False,False,erratic_payer
INV13000259,B013,B013-C1007,Construction Client 007,Construction & Infra,30,18303.84,2024-10-15,2024-11-14,closed,2024-12-01,47,17,False,False,erratic_payer
INV13000260,B013,B013-C1007,Construction Client 007,Construction & Infra,30,15015.45,2024-10-15,2024-11-14,closed,2024-11-18,34,4,False,False,erratic_payer
INV13000261,B013,B013-C1007,Construction Client 007,Construction & Infra,30,28486.6,2024-11-09,2024-12-09,closed,2024-12-15,36,6,False,False,erratic_payer
INV13000262,B013,B013-C1007,Construction Client 007,Construction & Infra,30,9744.11,2024-11-25,2024-12-25,closed,2025-01-03,39,9,False,False,erratic_payer
INV13000263,B013,B013-C1007,Construction Client 007,Construction & Infra,30,17998.8,2024-12-03,2025-01-02,closed,2025-01-04,32,2,False,False,erratic_payer
INV13000264,B013,B013-C1007,Construction Client 007,Construction & Infra,30,24545.17,2025-02-02,2025-03-04,closed,2025-03-20,46,16,False,False,erratic_payer
INV13000265,B013,B013-C1007,Construction Client 007,Construction & Infra,30,22597.14,2025-03-15,2025-04-14,closed,2025-04-26,42,12,False,False,erratic_payer
INV13000266,B013,B013-C1007,Construction Client 007,Construction & Infra,30,12394.09,2025-03-30,2025-04-29,closed,2025-05-13,44,14,False,False,erratic_payer
INV13000267,B013,B013-C1007,Construction Client 007,Construction & Infra,30,22840.4,2025-04-08,2025-05-08,closed,2025-05-17,39,9,False,False,erratic_payer
INV13000268,B013,B013-C1007,Construction Client 007,Construction & Infra,30,108006.0,2025-04-15,2025-05-15,disputed_open,,,,False,True,erratic_payer
INV13000269,B013,B013-C1007,Construction Client 007,Construction & Infra,30,12256.93,2025-05-06,2025-06-05,closed,2025-06-19,44,14,False,False,erratic_payer
INV13000270,B013,B013-C1007,Construction Client 007,Construction & Infra,30,22968.71,2025-08-03,2025-09-02,closed,2025-08-30,27,-3,False,False,erratic_payer
INV13000271,B013,B013-C1007,Construction Client 007,Construction & Infra,30,24166.98,2025-08-09,2025-09-08,closed,2025-09-06,28,-2,False,False,erratic_payer
INV13000272,B013,B013-C1007,Construction Client 007,Construction & Infra,30,34376.07,2025-09-16,2025-10-16,closed,2025-10-24,38,8,False,False,erratic_payer
INV13000273,B013,B013-C1007,Construction Client 007,Construction & Infra,30,30187.21,2025-10-31,2025-11-30,closed,2026-02-28,120,90,False,False,erratic_payer
INV13000274,B013,B013-C1007,Construction Client 007,Construction & Infra,30,19134.05,2025-11-15,2025-12-15,closed,2025-12-11,26,-4,False,False,erratic_payer
INV13000275,B013,B013-C1007,Construction Client 007,Construction & Infra,30,18665.01,2026-01-08,2026-02-07,closed,2026-02-04,27,-3,False,False,erratic_payer
INV13000276,B013,B013-C1007,Construction Client 007,Construction & Infra,30,26260.81,2026-02-11,2026-03-13,open,,,,False,False,erratic_payer
INV13000277,B013,B013-C1007,Construction Client 007,Construction & Infra,30,13395.49,2026-02-14,2026-03-16,closed,2026-03-31,45,15,False,False,erratic_payer
INV13000278,B013,B013-C1007,Construction Client 007,Construction & Infra,30,32261.09,2026-03-14,2026-04-13,closed,2026-04-12,29,-1,False,False,erratic_payer
INV13000279,B013,B013-C1007,Construction Client 007,Construction & Infra,30,34307.29,2026-03-16,2026-04-15,closed,2026-04-10,25,-5,False,False,erratic_payer
INV13000280,B013,B013-C1007,Construction Client 007,Construction & Infra,30,31536.69,2026-04-06,2026-05-06,closed,2026-04-29,23,-7,False,False,erratic_payer
INV13000281,B013,B013-C1007,Construction Client 007,Construction & Infra,30,21839.37,2026-05-03,2026-06-02,closed,2026-06-08,36,6,False,False,erratic_payer
INV13000282,B013,B013-C1007,Construction Client 007,Construction & Infra,30,19829.31,2026-05-09,2026-06-08,closed,2026-06-05,27,-3,False,False,erratic_payer
INV13000283,B013,B013-C1007,Construction Client 007,Construction & Infra,30,17141.25,2026-08-03,2026-09-02,open,,,,False,False,erratic_payer
INV13000284,B013,B013-C1008,Textiles Client 008,Textiles & Apparel,60,23691.47,2025-08-25,2025-10-24,closed,2025-11-03,70,10,False,False,cold_start
INV13000285,B013,B013-C1008,Textiles Client 008,Textiles & Apparel,60,26405.67,2025-12-27,2026-02-25,closed,2026-02-15,50,-10,False,False,cold_start
INV13000286,B013,B013-C1009,Chemicals Client 009,Chemicals & Plastics,45,92429.41,2024-04-02,2024-05-17,closed,2024-06-04,63,18,False,False,seasonal_payer
INV13000287,B013,B013-C1009,Chemicals Client 009,Chemicals & Plastics,45,104369.19,2024-07-15,2024-08-29,closed,2024-09-11,58,13,True,False,seasonal_payer
INV13000288,B013,B013-C1009,Chemicals Client 009,Chemicals & Plastics,45,91062.71,2024-10-09,2024-11-23,closed,2024-11-20,42,-3,False,False,seasonal_payer
INV13000289,B013,B013-C1009,Chemicals Client 009,Chemicals & Plastics,45,48169.64,2024-12-01,2025-01-15,closed,2025-01-16,46,1,False,False,seasonal_payer
INV13000290,B013,B013-C1009,Chemicals Client 009,Chemicals & Plastics,45,54925.62,2025-03-02,2025-04-16,closed,2025-04-19,48,3,False,False,seasonal_payer
INV13000291,B013,B013-C1009,Chemicals Client 009,Chemicals & Plastics,45,85709.57,2026-06-09,2026-07-24,closed,2026-08-04,56,11,False,False,seasonal_payer
INV13000292,B013,B013-C1010,Auto Client 010,Auto Components,45,11673.46,2024-03-24,2024-05-08,closed,2024-05-11,48,3,False,False,prompt_payer
INV13000293,B013,B013-C1010,Auto Client 010,Auto Components,45,34740.07,2024-11-17,2025-01-01,closed,2025-01-05,49,4,False,True,prompt_payer
INV13000294,B013,B013-C1010,Auto Client 010,Auto Components,45,20653.73,2025-03-10,2025-04-24,closed,2025-04-28,49,4,False,False,prompt_payer
INV13000295,B013,B013-C1010,Auto Client 010,Auto Components,45,25035.83,2025-08-25,2025-10-09,closed,2025-10-11,47,2,False,False,prompt_payer
INV13000296,B013,B013-C1010,Auto Client 010,Auto Components,45,50882.97,2026-01-06,2026-02-20,closed,2026-02-21,46,1,False,True,prompt_payer
INV13000297,B013,B013-C1011,Chemicals Client 011,Chemicals & Plastics,60,65778.11,2024-04-16,2024-06-15,closed,2024-07-18,93,33,False,False,improving_payer
INV13000298,B013,B013-C1011,Chemicals Client 011,Chemicals & Plastics,60,49867.17,2024-04-19,2024-06-18,closed,2024-07-24,96,36,False,False,improving_payer
INV13000299,B013,B013-C1011,Chemicals Client 011,Chemicals & Plastics,60,78715.59,2024-04-19,2024-06-18,closed,2024-07-27,99,39,False,False,improving_payer
INV13000300,B013,B013-C1011,Chemicals Client 011,Chemicals & Plastics,60,68714.56,2024-04-22,2024-06-21,closed,2024-07-10,79,19,False,False,improving_payer
INV13000301,B013,B013-C1011,Chemicals Client 011,Chemicals & Plastics,60,63100.63,2024-04-26,2024-06-25,closed,2024-07-13,78,18,False,False,improving_payer
INV13000302,B013,B013-C1011,Chemicals Client 011,Chemicals & Plastics,60,82256.05,2024-05-31,2024-07-30,closed,2024-08-22,83,23,False,False,improving_payer
INV13000303,B013,B013-C1011,Chemicals Client 011,Chemicals & Plastics,60,85483.88,2024-10-15,2024-12-14,closed,2025-01-16,93,33,False,False,improving_payer
INV13000304,B013,B013-C1011,Chemicals Client 011,Chemicals & Plastics,60,69855.11,2024-10-26,2024-12-25,closed,2025-01-23,89,29,False,False,improving_payer
INV13000305,B013,B013-C1011,Chemicals Client 011,Chemicals & Plastics,60,64082.95,2025-03-04,2025-05-03,closed,2025-05-30,87,27,False,False,improving_payer
INV13000306,B013,B013-C1011,Chemicals Client 011,Chemicals & Plastics,60,78507.41,2025-05-10,2025-07-09,closed,2025-07-11,62,2,False,False,improving_payer
INV13000307,B013,B013-C1011,Chemicals Client 011,Chemicals & Plastics,60,160687.86,2025-05-26,2025-07-25,closed,2025-07-20,55,-5,False,True,improving_payer
INV13000308,B013,B013-C1011,Chemicals Client 011,Chemicals & Plastics,60,55836.79,2025-07-01,2025-08-30,closed,2025-09-12,73,13,False,False,improving_payer
INV13000309,B013,B013-C1011,Chemicals Client 011,Chemicals & Plastics,60,85564.88,2025-07-18,2025-09-16,closed,2025-10-02,76,16,False,False,improving_payer
INV13000310,B013,B013-C1011,Chemicals Client 011,Chemicals & Plastics,60,82407.02,2025-07-20,2025-09-18,closed,2025-10-02,74,14,False,False,improving_payer
INV13000311,B013,B013-C1011,Chemicals Client 011,Chemicals & Plastics,60,87330.97,2025-08-25,2025-10-24,closed,2025-11-09,76,16,False,False,improving_payer
INV13000312,B013,B013-C1011,Chemicals Client 011,Chemicals & Plastics,60,55030.68,2025-09-24,2025-11-23,closed,2025-11-24,61,1,False,False,improving_payer
INV13000313,B013,B013-C1011,Chemicals Client 011,Chemicals & Plastics,60,76701.46,2025-12-05,2026-02-03,closed,2026-03-06,91,31,False,False,improving_payer
INV13000314,B013,B013-C1011,Chemicals Client 011,Chemicals & Plastics,60,54496.28,2026-01-04,2026-03-05,closed,2026-03-03,58,-2,False,False,improving_payer
INV13000315,B013,B013-C1011,Chemicals Client 011,Chemicals & Plastics,60,70595.84,2026-01-28,2026-03-29,closed,2026-04-14,76,16,False,False,improving_payer
INV13000316,B013,B013-C1011,Chemicals Client 011,Chemicals & Plastics,60,81995.35,2026-01-29,2026-03-30,closed,2026-04-18,79,19,False,False,improving_payer
INV13000317,B013,B013-C1011,Chemicals Client 011,Chemicals & Plastics,60,45627.97,2026-03-11,2026-05-10,closed,2026-05-05,55,-5,False,False,improving_payer
INV13000318,B013,B013-C1011,Chemicals Client 011,Chemicals & Plastics,60,69312.7,2026-05-01,2026-06-30,closed,2026-07-01,61,1,False,False,improving_payer
INV13000319,B013,B013-C1011,Chemicals Client 011,Chemicals & Plastics,60,60199.46,2026-06-10,2026-08-09,closed,2026-08-13,64,4,False,False,improving_payer
INV13000320,B013,B013-C1012,Chemicals Client 012,Chemicals & Plastics,30,126654.97,2024-05-15,2024-06-14,closed,2024-06-13,29,-1,True,False,average_payer
INV13000321,B013,B013-C1012,Chemicals Client 012,Chemicals & Plastics,30,108898.0,2024-06-09,2024-07-09,closed,2024-07-08,29,-1,False,False,average_payer
INV13000322,B013,B013-C1012,Chemicals Client 012,Chemicals & Plastics,30,55396.47,2024-07-03,2024-08-02,closed,2024-08-09,37,7,False,False,average_payer
INV13000323,B013,B013-C1012,Chemicals Client 012,Chemicals & Plastics,30,90133.87,2024-08-02,2024-09-01,closed,2024-08-30,28,-2,True,False,average_payer
INV13000324,B013,B013-C1012,Chemicals Client 012,Chemicals & Plastics,30,67144.79,2024-08-26,2024-09-25,closed,2024-10-01,36,6,False,False,average_payer
INV13000325,B013,B013-C1012,Chemicals Client 012,Chemicals & Plastics,30,86982.11,2024-09-02,2024-10-02,closed,2024-10-11,39,9,False,False,average_payer
INV13000326,B013,B013-C1012,Chemicals Client 012,Chemicals & Plastics,30,650864.59,2024-09-24,2024-10-24,closed,2024-10-29,35,5,False,True,average_payer
INV13000327,B013,B013-C1012,Chemicals Client 012,Chemicals & Plastics,30,82804.17,2025-01-06,2025-02-05,closed,2025-02-19,44,14,False,False,average_payer
INV13000328,B013,B013-C1012,Chemicals Client 012,Chemicals & Plastics,30,67098.09,2025-01-29,2025-02-28,closed,2025-03-07,37,7,False,False,average_payer
INV13000329,B013,B013-C1012,Chemicals Client 012,Chemicals & Plastics,30,73474.89,2025-02-14,2025-03-16,closed,2025-03-22,36,6,False,False,average_payer
INV13000330,B013,B013-C1012,Chemicals Client 012,Chemicals & Plastics,30,82824.5,2025-03-25,2025-04-24,closed,2025-04-30,36,6,False,False,average_payer
INV13000331,B013,B013-C1012,Chemicals Client 012,Chemicals & Plastics,30,69218.1,2025-03-29,2025-04-28,closed,2025-04-27,29,-1,False,False,average_payer
INV13000332,B013,B013-C1012,Chemicals Client 012,Chemicals & Plastics,30,96126.43,2025-04-03,2025-05-03,closed,2025-05-13,40,10,False,False,average_payer
INV13000333,B013,B013-C1012,Chemicals Client 012,Chemicals & Plastics,30,86889.55,2025-04-07,2025-05-07,closed,2025-05-12,35,5,False,False,average_payer
INV13000334,B013,B013-C1012,Chemicals Client 012,Chemicals & Plastics,30,151059.45,2025-05-08,2025-06-07,closed,2025-06-11,34,4,False,False,average_payer
INV13000335,B013,B013-C1012,Chemicals Client 012,Chemicals & Plastics,30,49886.56,2025-05-12,2025-06-11,closed,2025-06-17,36,6,True,False,average_payer
INV13000336,B013,B013-C1012,Chemicals Client 012,Chemicals & Plastics,30,66749.73,2025-05-15,2025-06-14,closed,2025-06-21,37,7,False,False,average_payer
INV13000337,B013,B013-C1012,Chemicals Client 012,Chemicals & Plastics,30,70749.97,2025-09-02,2025-10-02,closed,2025-10-12,40,10,False,False,average_payer
INV13000338,B013,B013-C1012,Chemicals Client 012,Chemicals & Plastics,30,84949.24,2025-09-02,2025-10-02,closed,2025-09-30,28,-2,False,False,average_payer
INV13000339,B013,B013-C1012,Chemicals Client 012,Chemicals & Plastics,30,79834.96,2025-10-01,2025-10-31,closed,2025-11-10,40,10,False,False,average_payer
INV13000340,B013,B013-C1012,Chemicals Client 012,Chemicals & Plastics,30,76729.09,2025-12-13,2026-01-12,closed,2026-01-09,27,-3,False,False,average_payer
INV13000341,B013,B013-C1012,Chemicals Client 012,Chemicals & Plastics,30,93816.95,2025-12-22,2026-01-21,closed,2026-01-28,37,7,False,False,average_payer
INV13000342,B013,B013-C1012,Chemicals Client 012,Chemicals & Plastics,30,124481.01,2026-01-19,2026-02-18,closed,2026-02-25,37,7,False,False,average_payer
INV13000343,B013,B013-C1012,Chemicals Client 012,Chemicals & Plastics,30,81479.81,2026-02-07,2026-03-09,closed,2026-03-15,36,6,False,False,average_payer
INV13000344,B013,B013-C1012,Chemicals Client 012,Chemicals & Plastics,30,353176.02,2026-02-18,2026-03-20,closed,2026-04-05,46,16,False,True,average_payer
INV13000345,B013,B013-C1012,Chemicals Client 012,Chemicals & Plastics,30,46521.8,2026-03-06,2026-04-05,closed,2026-04-03,28,-2,False,False,average_payer
INV13000346,B013,B013-C1012,Chemicals Client 012,Chemicals & Plastics,30,49360.51,2026-03-13,2026-04-12,closed,2026-04-22,40,10,False,False,average_payer
INV13000347,B013,B013-C1012,Chemicals Client 012,Chemicals & Plastics,30,49124.03,2026-04-30,2026-05-30,closed,2026-05-29,29,-1,False,False,average_payer
INV13000348,B013,B013-C1012,Chemicals Client 012,Chemicals & Plastics,30,80519.49,2026-06-16,2026-07-16,closed,2026-07-08,22,-8,False,False,average_payer
INV13000349,B013,B013-C1012,Chemicals Client 012,Chemicals & Plastics,30,49039.46,2026-07-24,2026-08-23,closed,2026-08-16,23,-7,False,False,average_payer
INV13000350,B013,B013-C1012,Chemicals Client 012,Chemicals & Plastics,30,86864.63,2026-08-06,2026-09-05,open,,,,False,False,average_payer
INV13000351,B013,B013-C1012,Chemicals Client 012,Chemicals & Plastics,30,83947.91,2026-08-09,2026-09-08,open,,,,False,False,average_payer
INV13000352,B013,B013-C1013,Auto Client 013,Auto Components,30,48475.63,2024-03-23,2024-04-22,closed,2024-05-06,44,14,False,False,erratic_payer
INV13000353,B013,B013-C1013,Auto Client 013,Auto Components,30,40202.34,2024-05-04,2024-06-03,disputed_open,,,,False,False,erratic_payer
INV13000354,B013,B013-C1013,Auto Client 013,Auto Components,30,56161.64,2024-05-31,2024-06-30,closed,2024-07-09,39,9,False,False,erratic_payer
INV13000355,B013,B013-C1013,Auto Client 013,Auto Components,30,49778.18,2024-06-13,2024-07-13,closed,2024-08-02,50,20,False,False,erratic_payer
INV13000356,B013,B013-C1013,Auto Client 013,Auto Components,30,31943.55,2024-07-05,2024-08-04,closed,2024-08-19,45,15,False,False,erratic_payer
INV13000357,B013,B013-C1013,Auto Client 013,Auto Components,30,36717.96,2024-10-15,2024-11-14,closed,2024-11-25,41,11,False,False,erratic_payer
INV13000358,B013,B013-C1013,Auto Client 013,Auto Components,30,67485.8,2024-11-02,2024-12-02,closed,2024-12-04,32,2,False,False,erratic_payer
INV13000359,B013,B013-C1013,Auto Client 013,Auto Components,30,35759.02,2025-01-08,2025-02-07,closed,2025-02-09,32,2,False,False,erratic_payer
INV13000360,B013,B013-C1013,Auto Client 013,Auto Components,30,34311.1,2025-01-15,2025-02-14,closed,2025-02-20,36,6,False,False,erratic_payer
INV13000361,B013,B013-C1013,Auto Client 013,Auto Components,30,31406.43,2025-03-23,2025-04-22,closed,2025-05-05,43,13,False,False,erratic_payer
INV13000362,B013,B013-C1013,Auto Client 013,Auto Components,30,41083.32,2025-04-02,2025-05-02,closed,2025-06-11,70,40,False,False,erratic_payer
INV13000363,B013,B013-C1013,Auto Client 013,Auto Components,30,50596.68,2025-06-28,2025-07-28,closed,2025-08-04,37,7,False,False,erratic_payer
INV13000364,B013,B013-C1013,Auto Client 013,Auto Components,30,31158.26,2025-08-29,2025-09-28,closed,2025-10-04,36,6,False,False,erratic_payer
INV13000365,B013,B013-C1013,Auto Client 013,Auto Components,30,49108.13,2025-08-30,2025-09-29,closed,2025-10-17,48,18,False,False,erratic_payer
INV13000366,B013,B013-C1013,Auto Client 013,Auto Components,30,25620.92,2025-09-04,2025-10-04,closed,2025-10-11,37,7,False,False,erratic_payer
INV13000367,B013,B013-C1013,Auto Client 013,Auto Components,30,37655.52,2025-09-18,2025-10-18,closed,2025-10-26,38,8,False,False,erratic_payer
INV13000368,B013,B013-C1013,Auto Client 013,Auto Components,30,43024.66,2025-09-23,2025-10-23,closed,2025-10-22,29,-1,False,False,erratic_payer
INV13000369,B013,B013-C1013,Auto Client 013,Auto Components,30,38933.4,2025-12-09,2026-01-08,open,,,,False,False,erratic_payer
INV13000370,B013,B013-C1013,Auto Client 013,Auto Components,30,69574.3,2026-02-01,2026-03-03,closed,2026-03-08,35,5,False,False,erratic_payer
INV13000371,B013,B013-C1013,Auto Client 013,Auto Components,30,38882.85,2026-02-13,2026-03-15,closed,2026-03-25,40,10,False,False,erratic_payer
INV13000372,B013,B013-C1013,Auto Client 013,Auto Components,30,47503.65,2026-02-22,2026-03-24,closed,2026-04-12,49,19,False,False,erratic_payer
INV13000373,B013,B013-C1013,Auto Client 013,Auto Components,30,28060.68,2026-03-13,2026-04-12,closed,2026-04-28,46,16,False,False,erratic_payer
INV13000374,B013,B013-C1013,Auto Client 013,Auto Components,30,56329.27,2026-06-21,2026-07-21,closed,2026-08-24,64,34,False,False,erratic_payer
INV13000375,B013,B013-C1013,Auto Client 013,Auto Components,30,44114.28,2026-06-30,2026-07-30,closed,2026-08-03,34,4,False,False,erratic_payer
INV13000376,B013,B013-C1013,Auto Client 013,Auto Components,30,42828.57,2026-08-09,2026-09-08,open,,,,False,False,erratic_payer
INV13000377,B013,B013-C1014,Electronics Client 014,Electronics & Electricals,30,86449.27,2024-03-27,2024-04-26,closed,2024-04-29,33,3,False,False,prompt_payer
INV13000378,B013,B013-C1014,Electronics Client 014,Electronics & Electricals,30,147605.69,2024-05-07,2024-06-06,closed,2024-06-09,33,3,True,False,prompt_payer
INV13000379,B013,B013-C1014,Electronics Client 014,Electronics & Electricals,30,147318.92,2024-06-02,2024-07-02,closed,2024-07-02,30,0,False,False,prompt_payer
INV13000380,B013,B013-C1014,Electronics Client 014,Electronics & Electricals,30,138801.22,2024-06-05,2024-07-05,closed,2024-07-07,32,2,False,False,prompt_payer
INV13000381,B013,B013-C1014,Electronics Client 014,Electronics & Electricals,30,131563.89,2024-06-26,2024-07-26,closed,2024-07-28,32,2,False,False,prompt_payer
INV13000382,B013,B013-C1014,Electronics Client 014,Electronics & Electricals,30,119212.48,2024-07-11,2024-08-10,closed,2024-08-10,30,0,False,False,prompt_payer
INV13000383,B013,B013-C1014,Electronics Client 014,Electronics & Electricals,30,168597.13,2024-07-14,2024-08-13,closed,2024-08-18,35,5,False,False,prompt_payer
INV13000384,B013,B013-C1014,Electronics Client 014,Electronics & Electricals,30,177637.17,2024-07-20,2024-08-19,closed,2024-08-15,26,-4,False,False,prompt_payer
INV13000385,B013,B013-C1014,Electronics Client 014,Electronics & Electricals,30,150684.75,2024-10-18,2024-11-17,closed,2024-11-16,29,-1,False,False,prompt_payer
INV13000386,B013,B013-C1014,Electronics Client 014,Electronics & Electricals,30,197981.92,2024-10-22,2024-11-21,closed,2024-11-22,31,1,False,False,prompt_payer
INV13000387,B013,B013-C1014,Electronics Client 014,Electronics & Electricals,30,307717.58,2024-11-02,2024-12-02,closed,2024-11-27,25,-5,False,False,prompt_payer
INV13000388,B013,B013-C1014,Electronics Client 014,Electronics & Electricals,30,178100.53,2024-12-21,2025-01-20,closed,2025-01-19,29,-1,False,False,prompt_payer
INV13000389,B013,B013-C1014,Electronics Client 014,Electronics & Electricals,30,158071.39,2024-12-26,2025-01-25,closed,2025-01-22,27,-3,False,False,prompt_payer
INV13000390,B013,B013-C1014,Electronics Client 014,Electronics & Electricals,30,123213.21,2024-12-28,2025-01-27,closed,2025-01-31,34,4,False,False,prompt_payer
INV13000391,B013,B013-C1014,Electronics Client 014,Electronics & Electricals,30,125680.29,2025-04-26,2025-05-26,closed,2025-05-24,28,-2,False,False,prompt_payer
INV13000392,B013,B013-C1014,Electronics Client 014,Electronics & Electricals,30,226005.73,2025-04-28,2025-05-28,closed,2025-05-24,26,-4,False,False,prompt_payer
INV13000393,B013,B013-C1014,Electronics Client 014,Electronics & Electricals,30,177122.51,2025-05-30,2025-06-29,closed,2025-06-28,29,-1,False,False,prompt_payer
INV13000394,B013,B013-C1014,Electronics Client 014,Electronics & Electricals,30,102391.1,2025-06-08,2025-07-08,closed,2025-07-11,33,3,False,False,prompt_payer
INV13000395,B013,B013-C1014,Electronics Client 014,Electronics & Electricals,30,175261.86,2025-06-17,2025-07-17,closed,2025-07-17,30,0,False,False,prompt_payer
INV13000396,B013,B013-C1014,Electronics Client 014,Electronics & Electricals,30,103788.63,2025-07-17,2025-08-16,closed,2025-08-21,35,5,False,False,prompt_payer
INV13000397,B013,B013-C1014,Electronics Client 014,Electronics & Electricals,30,114214.82,2025-07-18,2025-08-17,closed,2025-08-15,28,-2,False,False,prompt_payer
INV13000398,B013,B013-C1014,Electronics Client 014,Electronics & Electricals,30,219081.59,2025-08-17,2025-09-16,closed,2025-09-09,23,-7,False,False,prompt_payer
INV13000399,B013,B013-C1014,Electronics Client 014,Electronics & Electricals,30,189253.46,2025-10-06,2025-11-05,closed,2025-11-06,31,1,True,False,prompt_payer
INV13000400,B013,B013-C1014,Electronics Client 014,Electronics & Electricals,30,188875.68,2025-11-28,2025-12-28,closed,2025-12-27,29,-1,False,False,prompt_payer
INV13000401,B013,B013-C1014,Electronics Client 014,Electronics & Electricals,30,87473.35,2025-12-03,2026-01-02,closed,2026-01-03,31,1,False,False,prompt_payer
INV13000402,B013,B013-C1014,Electronics Client 014,Electronics & Electricals,30,192230.93,2025-12-13,2026-01-12,closed,2026-01-16,34,4,False,False,prompt_payer
INV13000403,B013,B013-C1014,Electronics Client 014,Electronics & Electricals,30,230270.08,2025-12-29,2026-01-28,closed,2026-01-29,31,1,False,False,prompt_payer
INV13000404,B013,B013-C1014,Electronics Client 014,Electronics & Electricals,30,127939.13,2026-01-07,2026-02-06,closed,2026-02-05,29,-1,False,False,prompt_payer
INV13000405,B013,B013-C1014,Electronics Client 014,Electronics & Electricals,30,195120.92,2026-02-17,2026-03-19,closed,2026-03-17,28,-2,False,False,prompt_payer
INV13000406,B013,B013-C1014,Electronics Client 014,Electronics & Electricals,30,121520.0,2026-02-23,2026-03-25,closed,2026-03-22,27,-3,False,False,prompt_payer
INV13000407,B013,B013-C1014,Electronics Client 014,Electronics & Electricals,30,605550.16,2026-03-24,2026-04-23,closed,2026-04-22,29,-1,False,True,prompt_payer
INV13000408,B013,B013-C1014,Electronics Client 014,Electronics & Electricals,30,154109.9,2026-04-04,2026-05-04,closed,2026-05-07,33,3,False,False,prompt_payer
INV13000409,B013,B013-C1014,Electronics Client 014,Electronics & Electricals,30,108217.24,2026-05-02,2026-06-01,closed,2026-06-07,36,6,False,False,prompt_payer
INV13000410,B013,B013-C1014,Electronics Client 014,Electronics & Electricals,30,113000.96,2026-05-06,2026-06-05,closed,2026-06-07,32,2,False,False,prompt_payer
INV13000411,B013,B013-C1014,Electronics Client 014,Electronics & Electricals,30,201906.02,2026-07-01,2026-07-31,closed,2026-08-05,35,5,False,False,prompt_payer
INV13000412,B013,B013-C1014,Electronics Client 014,Electronics & Electricals,30,108721.02,2026-08-09,2026-09-08,open,,,,False,False,prompt_payer
INV13000413,B013,B013-C1014,Electronics Client 014,Electronics & Electricals,30,158343.06,2026-08-19,2026-09-18,open,,,,False,False,prompt_payer
INV13000414,B013,B013-C1015,Pharma Client 015,Pharma & Healthcare,30,1240979.14,2024-04-01,2024-05-01,closed,2024-05-07,36,6,False,True,seasonal_payer
INV13000415,B013,B013-C1015,Pharma Client 015,Pharma & Healthcare,30,94514.18,2024-06-12,2024-07-12,closed,2024-07-11,29,-1,False,False,seasonal_payer
INV13000416,B013,B013-C1015,Pharma Client 015,Pharma & Healthcare,30,100465.16,2024-06-24,2024-07-24,closed,2024-08-01,38,8,False,False,seasonal_payer
INV13000417,B013,B013-C1015,Pharma Client 015,Pharma & Healthcare,30,101026.6,2024-07-02,2024-08-01,closed,2024-08-06,35,5,False,False,seasonal_payer
INV13000418,B013,B013-C1015,Pharma Client 015,Pharma & Healthcare,30,72457.29,2024-07-09,2024-08-08,closed,2024-08-05,27,-3,False,False,seasonal_payer
INV13000419,B013,B013-C1015,Pharma Client 015,Pharma & Healthcare,30,121853.24,2024-08-09,2024-09-08,closed,2024-09-26,48,18,False,False,seasonal_payer
INV13000420,B013,B013-C1015,Pharma Client 015,Pharma & Healthcare,30,108285.72,2024-09-24,2024-10-24,closed,2024-11-07,44,14,False,False,seasonal_payer
INV13000421,B013,B013-C1015,Pharma Client 015,Pharma & Healthcare,30,81844.02,2024-09-25,2024-10-25,closed,2024-10-30,35,5,False,False,seasonal_payer
INV13000422,B013,B013-C1015,Pharma Client 015,Pharma & Healthcare,30,129350.4,2024-10-05,2024-11-04,closed,2024-11-25,51,21,False,False,seasonal_payer
INV13000423,B013,B013-C1015,Pharma Client 015,Pharma & Healthcare,30,149034.76,2024-11-06,2024-12-06,closed,2024-12-18,42,12,False,False,seasonal_payer
INV13000424,B013,B013-C1015,Pharma Client 015,Pharma & Healthcare,30,89838.53,2024-11-09,2024-12-09,closed,2024-12-24,45,15,False,False,seasonal_payer
INV13000425,B013,B013-C1015,Pharma Client 015,Pharma & Healthcare,30,113667.94,2025-01-29,2025-02-28,closed,2025-03-14,44,14,False,False,seasonal_payer
INV13000426,B013,B013-C1015,Pharma Client 015,Pharma & Healthcare,30,64465.48,2025-03-03,2025-04-02,closed,2025-04-11,39,9,False,False,seasonal_payer
INV13000427,B013,B013-C1015,Pharma Client 015,Pharma & Healthcare,30,78099.77,2025-03-26,2025-04-25,closed,2025-05-01,36,6,False,False,seasonal_payer
INV13000428,B013,B013-C1015,Pharma Client 015,Pharma & Healthcare,30,145979.16,2025-04-26,2025-05-26,closed,2025-05-21,25,-5,False,False,seasonal_payer
INV13000429,B013,B013-C1015,Pharma Client 015,Pharma & Healthcare,30,84465.73,2025-04-27,2025-05-27,closed,2025-05-28,31,1,False,False,seasonal_payer
INV13000430,B013,B013-C1015,Pharma Client 015,Pharma & Healthcare,30,105919.26,2025-05-12,2025-06-11,closed,2025-06-14,33,3,False,False,seasonal_payer
INV13000431,B013,B013-C1015,Pharma Client 015,Pharma & Healthcare,30,102215.62,2025-05-18,2025-06-17,closed,2025-06-25,38,8,False,False,seasonal_payer
INV13000432,B013,B013-C1015,Pharma Client 015,Pharma & Healthcare,30,97041.65,2025-06-09,2025-07-09,closed,2025-07-07,28,-2,False,False,seasonal_payer
INV13000433,B013,B013-C1015,Pharma Client 015,Pharma & Healthcare,30,106955.24,2025-07-13,2025-08-12,closed,2025-08-15,33,3,False,False,seasonal_payer
INV13000434,B013,B013-C1015,Pharma Client 015,Pharma & Healthcare,30,105893.42,2025-07-15,2025-08-14,closed,2025-08-28,44,14,False,False,seasonal_payer
INV13000435,B013,B013-C1015,Pharma Client 015,Pharma & Healthcare,30,114669.66,2025-07-31,2025-08-30,closed,2025-08-28,28,-2,False,False,seasonal_payer
INV13000436,B013,B013-C1015,Pharma Client 015,Pharma & Healthcare,30,110570.87,2025-08-14,2025-09-13,closed,2025-09-21,38,8,False,False,seasonal_payer
INV13000437,B013,B013-C1015,Pharma Client 015,Pharma & Healthcare,30,112055.06,2025-08-16,2025-09-15,closed,2025-09-17,32,2,False,False,seasonal_payer
INV13000438,B013,B013-C1015,Pharma Client 015,Pharma & Healthcare,30,78329.42,2025-09-16,2025-10-16,closed,2025-10-20,34,4,False,False,seasonal_payer
INV13000439,B013,B013-C1015,Pharma Client 015,Pharma & Healthcare,30,75768.09,2025-11-22,2025-12-22,closed,2025-12-31,39,9,False,False,seasonal_payer
INV13000440,B013,B013-C1015,Pharma Client 015,Pharma & Healthcare,30,149667.52,2025-11-29,2025-12-29,closed,2026-01-17,49,19,False,False,seasonal_payer
INV13000441,B013,B013-C1015,Pharma Client 015,Pharma & Healthcare,30,195910.89,2026-01-05,2026-02-04,closed,2026-02-18,44,14,False,False,seasonal_payer
INV13000442,B013,B013-C1015,Pharma Client 015,Pharma & Healthcare,30,72193.7,2026-02-28,2026-03-30,closed,2026-04-07,38,8,False,False,seasonal_payer
INV13000443,B013,B013-C1015,Pharma Client 015,Pharma & Healthcare,30,105409.22,2026-03-05,2026-04-04,closed,2026-04-12,38,8,True,False,seasonal_payer
INV13000444,B013,B013-C1015,Pharma Client 015,Pharma & Healthcare,30,102405.1,2026-03-19,2026-04-18,closed,2026-04-28,40,10,False,False,seasonal_payer
INV13000445,B013,B013-C1015,Pharma Client 015,Pharma & Healthcare,30,83705.84,2026-04-24,2026-05-24,closed,2026-05-26,32,2,False,False,seasonal_payer
INV13000446,B013,B013-C1015,Pharma Client 015,Pharma & Healthcare,30,121598.92,2026-05-04,2026-06-03,closed,2026-06-07,34,4,False,False,seasonal_payer
INV13000447,B013,B013-C1015,Pharma Client 015,Pharma & Healthcare,30,126038.33,2026-05-10,2026-06-09,closed,2026-06-13,34,4,False,False,seasonal_payer
INV13000448,B013,B013-C1015,Pharma Client 015,Pharma & Healthcare,30,171890.03,2026-05-11,2026-06-10,closed,2026-06-18,38,8,False,False,seasonal_payer
INV13000449,B013,B013-C1015,Pharma Client 015,Pharma & Healthcare,30,77172.86,2026-06-24,2026-07-24,closed,2026-07-29,35,5,False,False,seasonal_payer
INV13000450,B013,B013-C1015,Pharma Client 015,Pharma & Healthcare,30,126886.07,2026-08-13,2026-09-12,open,,,,False,False,seasonal_payer
INV13000451,B013,B013-C1015,Pharma Client 015,Pharma & Healthcare,30,98148.24,2026-09-01,2026-10-01,open,,,,False,False,seasonal_payer
INV13000452,B013,B013-C1016,Retail Client 016,Retail & Distribution,60,185416.51,2025-05-30,2025-07-29,closed,2025-08-05,67,7,False,False,cold_start
INV13000453,B013,B013-C1016,Retail Client 016,Retail & Distribution,60,224624.18,2026-01-05,2026-03-06,closed,2026-03-04,58,-2,False,False,cold_start
INV13000454,B013,B013-C1017,Construction Client 017,Construction & Infra,90,90081.37,2024-08-02,2024-10-31,closed,2024-11-10,100,10,False,False,average_payer
INV13000455,B013,B013-C1017,Construction Client 017,Construction & Infra,90,119067.95,2024-08-20,2024-11-18,closed,2024-11-18,90,0,False,False,average_payer
INV13000456,B013,B013-C1017,Construction Client 017,Construction & Infra,90,84239.27,2025-02-15,2025-05-16,closed,2025-05-19,93,3,False,False,average_payer
INV13000457,B013,B013-C1017,Construction Client 017,Construction & Infra,90,83552.71,2025-02-26,2025-05-27,closed,2025-05-23,86,-4,False,False,average_payer
INV13000458,B013,B013-C1017,Construction Client 017,Construction & Infra,90,134200.82,2025-03-11,2025-06-09,closed,2025-06-23,104,14,False,False,average_payer
INV13000459,B013,B013-C1017,Construction Client 017,Construction & Infra,90,111425.1,2025-04-17,2025-07-16,closed,2025-07-11,85,-5,False,False,average_payer
INV13000460,B013,B013-C1017,Construction Client 017,Construction & Infra,90,69857.68,2025-06-02,2025-08-31,closed,2025-09-14,104,14,False,False,average_payer
INV13000461,B013,B013-C1017,Construction Client 017,Construction & Infra,90,77485.57,2025-08-30,2025-11-28,closed,2025-12-19,111,21,False,False,average_payer
INV13000462,B013,B013-C1017,Construction Client 017,Construction & Infra,90,103950.14,2025-10-06,2026-01-04,closed,2026-01-12,98,8,False,False,average_payer
INV13000463,B013,B013-C1017,Construction Client 017,Construction & Infra,90,117225.98,2026-01-11,2026-04-11,closed,2026-04-16,95,5,False,False,average_payer
INV13000464,B013,B013-C1017,Construction Client 017,Construction & Infra,90,103170.04,2026-01-11,2026-04-11,closed,2026-04-15,94,4,False,False,average_payer
INV13000465,B013,B013-C1017,Construction Client 017,Construction & Infra,90,40943.55,2026-02-18,2026-05-19,closed,2026-06-06,108,18,False,False,average_payer
INV13000466,B013,B013-C1017,Construction Client 017,Construction & Infra,90,62706.29,2026-02-27,2026-05-28,closed,2026-06-05,98,8,False,False,average_payer
INV13000467,B013,B013-C1017,Construction Client 017,Construction & Infra,90,82348.23,2026-04-09,2026-07-08,closed,2026-07-11,93,3,False,False,average_payer
INV13000468,B013,B013-C1017,Construction Client 017,Construction & Infra,90,93029.21,2026-04-28,2026-07-27,closed,2026-08-02,96,6,False,False,average_payer
INV13000469,B013,B013-C1017,Construction Client 017,Construction & Infra,90,91502.78,2026-05-14,2026-08-12,closed,2026-08-30,108,18,False,False,average_payer
INV13000470,B013,B013-C1017,Construction Client 017,Construction & Infra,90,119310.69,2026-08-21,2026-11-19,disputed_open,,,,False,False,average_payer
INV13000471,B013,B013-C1018,Retail Client 018,Retail & Distribution,15,117729.23,2024-03-29,2024-04-13,closed,2024-04-18,20,5,False,False,prompt_payer
INV13000472,B013,B013-C1018,Retail Client 018,Retail & Distribution,15,60431.7,2024-07-01,2024-07-16,closed,2024-07-16,15,0,False,False,prompt_payer
INV13000473,B013,B013-C1018,Retail Client 018,Retail & Distribution,15,60871.11,2024-08-01,2024-08-16,closed,2024-08-20,19,4,False,False,prompt_payer
INV13000474,B013,B013-C1018,Retail Client 018,Retail & Distribution,15,60119.7,2024-09-08,2024-09-23,closed,2024-09-21,13,-2,False,False,prompt_payer
INV13000475,B013,B013-C1018,Retail Client 018,Retail & Distribution,15,89346.05,2024-09-30,2024-10-15,closed,2024-10-15,15,0,False,False,prompt_payer
INV13000476,B013,B013-C1018,Retail Client 018,Retail & Distribution,15,68380.04,2024-11-12,2024-11-27,closed,2024-11-23,11,-4,False,False,prompt_payer
INV13000477,B013,B013-C1018,Retail Client 018,Retail & Distribution,15,95869.88,2024-11-16,2024-12-01,closed,2024-12-03,17,2,False,False,prompt_payer
INV13000478,B013,B013-C1018,Retail Client 018,Retail & Distribution,15,60960.63,2024-12-08,2024-12-23,closed,2024-12-17,9,-6,False,False,prompt_payer
INV13000479,B013,B013-C1018,Retail Client 018,Retail & Distribution,15,65944.55,2025-01-07,2025-01-22,closed,2025-01-16,9,-6,False,False,prompt_payer
INV13000480,B013,B013-C1018,Retail Client 018,Retail & Distribution,15,78501.56,2025-01-17,2025-02-01,closed,2025-01-28,11,-4,False,False,prompt_payer
INV13000481,B013,B013-C1018,Retail Client 018,Retail & Distribution,15,71120.38,2025-01-21,2025-02-05,closed,2025-02-04,14,-1,False,False,prompt_payer
INV13000482,B013,B013-C1018,Retail Client 018,Retail & Distribution,15,54752.62,2025-02-08,2025-02-23,closed,2025-03-01,21,6,False,False,prompt_payer
INV13000483,B013,B013-C1018,Retail Client 018,Retail & Distribution,15,59541.34,2025-03-05,2025-03-20,closed,2025-03-26,21,6,True,False,prompt_payer
INV13000484,B013,B013-C1018,Retail Client 018,Retail & Distribution,15,81087.39,2025-03-08,2025-03-23,closed,2025-03-26,18,3,False,False,prompt_payer
INV13000485,B013,B013-C1018,Retail Client 018,Retail & Distribution,15,195567.02,2025-03-17,2025-04-01,closed,2025-04-01,15,0,False,True,prompt_payer
INV13000486,B013,B013-C1018,Retail Client 018,Retail & Distribution,15,53425.32,2025-03-23,2025-04-07,closed,2025-04-06,14,-1,False,False,prompt_payer
INV13000487,B013,B013-C1018,Retail Client 018,Retail & Distribution,15,70736.85,2025-04-04,2025-04-19,closed,2025-04-21,17,2,False,False,prompt_payer
INV13000488,B013,B013-C1018,Retail Client 018,Retail & Distribution,15,36468.48,2025-04-11,2025-04-26,closed,2025-04-28,17,2,False,False,prompt_payer
INV13000489,B013,B013-C1018,Retail Client 018,Retail & Distribution,15,80436.5,2025-04-20,2025-05-05,closed,2025-05-07,17,2,False,False,prompt_payer
INV13000490,B013,B013-C1018,Retail Client 018,Retail & Distribution,15,87237.29,2025-04-21,2025-05-06,closed,2025-05-07,16,1,False,False,prompt_payer
INV13000491,B013,B013-C1018,Retail Client 018,Retail & Distribution,15,55272.78,2025-05-01,2025-05-16,closed,2025-05-15,14,-1,False,False,prompt_payer
INV13000492,B013,B013-C1018,Retail Client 018,Retail & Distribution,15,82776.41,2025-06-05,2025-06-20,closed,2025-06-18,13,-2,False,False,prompt_payer
INV13000493,B013,B013-C1018,Retail Client 018,Retail & Distribution,15,81125.73,2025-07-21,2025-08-05,closed,2025-08-05,15,0,False,False,prompt_payer
INV13000494,B013,B013-C1018,Retail Client 018,Retail & Distribution,15,82563.75,2025-08-10,2025-08-25,closed,2025-09-01,22,7,False,False,prompt_payer
INV13000495,B013,B013-C1018,Retail Client 018,Retail & Distribution,15,59980.48,2025-08-25,2025-09-09,closed,2025-09-09,15,0,False,False,prompt_payer
INV13000496,B013,B013-C1018,Retail Client 018,Retail & Distribution,15,83670.57,2025-11-02,2025-11-17,closed,2025-11-19,17,2,False,False,prompt_payer
INV13000497,B013,B013-C1018,Retail Client 018,Retail & Distribution,15,56353.72,2025-11-20,2025-12-05,closed,2025-12-06,16,1,False,False,prompt_payer
INV13000498,B013,B013-C1018,Retail Client 018,Retail & Distribution,15,88008.99,2025-12-13,2025-12-28,closed,2026-01-01,19,4,False,False,prompt_payer
INV13000499,B013,B013-C1018,Retail Client 018,Retail & Distribution,15,94792.49,2026-02-14,2026-03-01,closed,2026-03-05,19,4,False,False,prompt_payer
INV13000500,B013,B013-C1018,Retail Client 018,Retail & Distribution,15,52989.05,2026-02-19,2026-03-06,closed,2026-03-07,16,1,False,False,prompt_payer
INV13000501,B013,B013-C1018,Retail Client 018,Retail & Distribution,15,44185.82,2026-02-23,2026-03-10,closed,2026-03-08,13,-2,True,False,prompt_payer
INV13000502,B013,B013-C1018,Retail Client 018,Retail & Distribution,15,82493.64,2026-03-19,2026-04-03,closed,2026-03-26,7,-8,False,False,prompt_payer
INV13000503,B013,B013-C1018,Retail Client 018,Retail & Distribution,15,46246.92,2026-04-02,2026-04-17,closed,2026-04-19,17,2,False,False,prompt_payer
INV13000504,B013,B013-C1018,Retail Client 018,Retail & Distribution,15,42483.95,2026-05-23,2026-06-07,closed,2026-06-04,12,-3,False,False,prompt_payer
INV13000505,B013,B013-C1018,Retail Client 018,Retail & Distribution,15,69636.73,2026-06-04,2026-06-19,closed,2026-06-12,8,-7,False,False,prompt_payer
INV13000506,B013,B013-C1018,Retail Client 018,Retail & Distribution,15,48602.83,2026-07-07,2026-07-22,closed,2026-07-25,18,3,False,False,prompt_payer
INV13000507,B013,B013-C1018,Retail Client 018,Retail & Distribution,15,52312.19,2026-08-27,2026-09-11,open,,,,False,False,prompt_payer
INV13000508,B013,B013-C1019,Pharma Client 019,Pharma & Healthcare,45,12094.65,2024-03-18,2024-05-02,closed,2024-05-22,65,20,False,False,chronic_late_payer
INV13000509,B013,B013-C1019,Pharma Client 019,Pharma & Healthcare,45,10986.13,2024-05-22,2024-07-06,closed,2024-08-15,85,40,False,False,chronic_late_payer
INV13000510,B013,B013-C1019,Pharma Client 019,Pharma & Healthcare,45,21654.25,2024-05-26,2024-07-10,closed,2024-07-29,64,19,False,False,chronic_late_payer
INV13000511,B013,B013-C1019,Pharma Client 019,Pharma & Healthcare,45,14474.23,2024-06-09,2024-07-24,closed,2024-09-06,89,44,False,False,chronic_late_payer
INV13000512,B013,B013-C1019,Pharma Client 019,Pharma & Healthcare,45,16060.56,2024-06-18,2024-08-02,closed,2024-08-31,74,29,False,False,chronic_late_payer
INV13000513,B013,B013-C1019,Pharma Client 019,Pharma & Healthcare,45,14428.55,2024-08-23,2024-10-07,closed,2024-10-31,69,24,False,False,chronic_late_payer
INV13000514,B013,B013-C1019,Pharma Client 019,Pharma & Healthcare,45,17559.69,2024-09-30,2024-11-14,closed,2024-12-15,76,31,False,False,chronic_late_payer
INV13000515,B013,B013-C1019,Pharma Client 019,Pharma & Healthcare,45,21616.98,2024-10-29,2024-12-13,closed,2025-01-23,86,41,False,False,chronic_late_payer
INV13000516,B013,B013-C1019,Pharma Client 019,Pharma & Healthcare,45,19759.56,2024-11-01,2024-12-16,closed,2025-01-04,64,19,False,False,chronic_late_payer
INV13000517,B013,B013-C1019,Pharma Client 019,Pharma & Healthcare,45,23495.48,2024-12-10,2025-01-24,closed,2025-03-02,82,37,False,False,chronic_late_payer
INV13000518,B013,B013-C1019,Pharma Client 019,Pharma & Healthcare,45,21003.42,2025-01-08,2025-02-22,closed,2025-03-25,76,31,False,False,chronic_late_payer
INV13000519,B013,B013-C1019,Pharma Client 019,Pharma & Healthcare,45,14456.75,2025-03-02,2025-04-16,closed,2025-06-03,93,48,False,False,chronic_late_payer
INV13000520,B013,B013-C1019,Pharma Client 019,Pharma & Healthcare,45,22391.11,2025-03-25,2025-05-09,closed,2025-07-15,112,67,False,False,chronic_late_payer
INV13000521,B013,B013-C1019,Pharma Client 019,Pharma & Healthcare,45,44278.67,2025-05-11,2025-06-25,closed,2025-07-09,59,14,False,True,chronic_late_payer
INV13000522,B013,B013-C1019,Pharma Client 019,Pharma & Healthcare,45,16123.65,2025-06-06,2025-07-21,closed,2025-08-18,73,28,False,False,chronic_late_payer
INV13000523,B013,B013-C1019,Pharma Client 019,Pharma & Healthcare,45,17979.7,2025-06-20,2025-08-04,closed,2025-08-30,71,26,False,False,chronic_late_payer
INV13000524,B013,B013-C1019,Pharma Client 019,Pharma & Healthcare,45,20838.03,2025-07-02,2025-08-16,closed,2025-09-16,76,31,False,False,chronic_late_payer
INV13000525,B013,B013-C1019,Pharma Client 019,Pharma & Healthcare,45,15460.28,2025-07-12,2025-08-26,closed,2025-09-09,59,14,False,False,chronic_late_payer
INV13000526,B013,B013-C1019,Pharma Client 019,Pharma & Healthcare,45,23778.7,2025-07-28,2025-09-11,closed,2025-10-16,80,35,False,False,chronic_late_payer
INV13000527,B013,B013-C1019,Pharma Client 019,Pharma & Healthcare,45,17227.62,2025-08-06,2025-09-20,closed,2025-10-29,84,39,False,False,chronic_late_payer
INV13000528,B013,B013-C1019,Pharma Client 019,Pharma & Healthcare,45,14264.16,2025-08-31,2025-10-15,closed,2025-12-27,118,73,False,False,chronic_late_payer
INV13000529,B013,B013-C1019,Pharma Client 019,Pharma & Healthcare,45,26795.98,2025-11-25,2026-01-09,closed,2026-02-01,68,23,False,False,chronic_late_payer
INV13000530,B013,B013-C1019,Pharma Client 019,Pharma & Healthcare,45,22089.76,2025-12-06,2026-01-20,closed,2026-03-01,85,40,False,False,chronic_late_payer
INV13000531,B013,B013-C1019,Pharma Client 019,Pharma & Healthcare,45,15748.19,2026-01-03,2026-02-17,closed,2026-03-24,80,35,False,False,chronic_late_payer
INV13000532,B013,B013-C1019,Pharma Client 019,Pharma & Healthcare,45,20266.87,2026-01-11,2026-02-25,closed,2026-03-20,68,23,False,False,chronic_late_payer
INV13000533,B013,B013-C1019,Pharma Client 019,Pharma & Healthcare,45,12135.9,2026-01-19,2026-03-05,closed,2026-03-20,60,15,True,False,chronic_late_payer
INV13000534,B013,B013-C1019,Pharma Client 019,Pharma & Healthcare,45,17346.27,2026-02-03,2026-03-20,closed,2026-04-14,70,25,False,False,chronic_late_payer
INV13000535,B013,B013-C1019,Pharma Client 019,Pharma & Healthcare,45,10478.95,2026-02-28,2026-04-14,closed,2026-06-07,99,54,False,False,chronic_late_payer
INV13000536,B013,B013-C1019,Pharma Client 019,Pharma & Healthcare,45,18840.08,2026-04-26,2026-06-10,closed,2026-07-24,89,44,False,False,chronic_late_payer
INV13000537,B013,B013-C1019,Pharma Client 019,Pharma & Healthcare,45,20045.0,2026-04-27,2026-06-11,open,,,,False,False,chronic_late_payer
INV13000538,B013,B013-C1019,Pharma Client 019,Pharma & Healthcare,45,19490.26,2026-05-11,2026-06-25,closed,2026-07-31,81,36,False,False,chronic_late_payer
INV13000539,B013,B013-C1019,Pharma Client 019,Pharma & Healthcare,45,24359.4,2026-05-25,2026-07-09,closed,2026-08-17,84,39,False,False,chronic_late_payer
INV13000540,B013,B013-C1019,Pharma Client 019,Pharma & Healthcare,45,9306.13,2026-06-07,2026-07-22,open,,,,False,False,chronic_late_payer
INV13000541,B013,B013-C1019,Pharma Client 019,Pharma & Healthcare,45,28912.9,2026-06-09,2026-07-24,closed,2026-08-16,68,23,False,False,chronic_late_payer
INV13000542,B013,B013-C1019,Pharma Client 019,Pharma & Healthcare,45,24906.5,2026-06-24,2026-08-08,open,,,,False,False,chronic_late_payer
INV13000543,B013,B013-C1019,Pharma Client 019,Pharma & Healthcare,45,17946.25,2026-06-26,2026-08-10,disputed_open,,,,False,False,chronic_late_payer
INV13000544,B013,B013-C1019,Pharma Client 019,Pharma & Healthcare,45,13449.65,2026-07-30,2026-09-13,disputed_open,,,,False,False,chronic_late_payer
INV13000545,B013,B013-C1019,Pharma Client 019,Pharma & Healthcare,45,13206.38,2026-08-04,2026-09-18,open,,,,False,False,chronic_late_payer
INV13000546,B013,B013-C1019,Pharma Client 019,Pharma & Healthcare,45,17259.99,2026-08-22,2026-10-06,open,,,,False,False,chronic_late_payer
INV13000547,B013,B013-C1019,Pharma Client 019,Pharma & Healthcare,45,14309.54,2026-08-29,2026-10-13,open,,,,False,False,chronic_late_payer
INV13000548,B013,B013-C1020,Retail Client 020,Retail & Distribution,45,58224.64,2024-03-17,2024-05-01,disputed_open,,,,False,False,average_payer
INV13000549,B013,B013-C1020,Retail Client 020,Retail & Distribution,45,31739.76,2024-03-19,2024-05-03,closed,2024-04-26,38,-7,False,False,average_payer
INV13000550,B013,B013-C1020,Retail Client 020,Retail & Distribution,45,77633.98,2024-03-20,2024-05-04,open,,,,False,False,average_payer
INV13000551,B013,B013-C1020,Retail Client 020,Retail & Distribution,45,47849.91,2024-04-29,2024-06-13,closed,2024-06-21,53,8,False,False,average_payer
INV13000552,B013,B013-C1020,Retail Client 020,Retail & Distribution,45,35834.74,2024-05-05,2024-06-19,closed,2024-06-21,47,2,False,False,average_payer
INV13000553,B013,B013-C1020,Retail Client 020,Retail & Distribution,45,77503.2,2024-05-31,2024-07-15,closed,2024-07-10,40,-5,False,False,average_payer
INV13000554,B013,B013-C1020,Retail Client 020,Retail & Distribution,45,80608.46,2024-06-04,2024-07-19,closed,2024-07-23,49,4,False,False,average_payer
INV13000555,B013,B013-C1020,Retail Client 020,Retail & Distribution,45,35221.0,2024-06-20,2024-08-04,closed,2024-08-15,56,11,False,False,average_payer
INV13000556,B013,B013-C1020,Retail Client 020,Retail & Distribution,45,35670.81,2024-06-29,2024-08-13,closed,2024-08-20,52,7,False,False,average_payer
INV13000557,B013,B013-C1020,Retail Client 020,Retail & Distribution,45,58811.7,2024-07-30,2024-09-13,closed,2024-09-20,52,7,False,False,average_payer
INV13000558,B013,B013-C1020,Retail Client 020,Retail & Distribution,45,53460.43,2024-08-23,2024-10-07,closed,2024-10-16,54,9,False,False,average_payer
INV13000559,B013,B013-C1020,Retail Client 020,Retail & Distribution,45,88198.22,2024-09-20,2024-11-04,closed,2024-11-09,50,5,False,False,average_payer
INV13000560,B013,B013-C1020,Retail Client 020,Retail & Distribution,45,60860.81,2024-10-09,2024-11-23,closed,2024-12-09,61,16,False,False,average_payer
INV13000561,B013,B013-C1020,Retail Client 020,Retail & Distribution,45,46202.47,2024-11-05,2024-12-20,closed,2024-12-24,49,4,False,False,average_payer
INV13000562,B013,B013-C1020,Retail Client 020,Retail & Distribution,45,95849.65,2024-12-24,2025-02-07,closed,2025-02-01,39,-6,False,False,average_payer
INV13000563,B013,B013-C1020,Retail Client 020,Retail & Distribution,45,40724.85,2025-01-21,2025-03-07,closed,2025-03-13,51,6,False,False,average_payer
INV13000564,B013,B013-C1020,Retail Client 020,Retail & Distribution,45,73011.37,2025-01-27,2025-03-13,closed,2025-03-22,54,9,True,False,average_payer
INV13000565,B013,B013-C1020,Retail Client 020,Retail & Distribution,45,66019.14,2025-01-28,2025-03-14,closed,2025-03-26,57,12,False,False,average_payer
INV13000566,B013,B013-C1020,Retail Client 020,Retail & Distribution,45,36994.09,2025-02-01,2025-03-18,closed,2025-03-20,47,2,False,False,average_payer
INV13000567,B013,B013-C1020,Retail Client 020,Retail & Distribution,45,31958.6,2025-02-27,2025-04-13,closed,2025-04-20,52,7,False,False,average_payer
INV13000568,B013,B013-C1020,Retail Client 020,Retail & Distribution,45,28160.3,2025-03-16,2025-04-30,closed,2025-05-03,48,3,False,False,average_payer
INV13000569,B013,B013-C1020,Retail Client 020,Retail & Distribution,45,53057.42,2025-03-18,2025-05-02,closed,2025-05-02,45,0,True,False,average_payer
INV13000570,B013,B013-C1020,Retail Client 020,Retail & Distribution,45,54800.48,2025-04-10,2025-05-25,closed,2025-05-31,51,6,False,False,average_payer
INV13000571,B013,B013-C1020,Retail Client 020,Retail & Distribution,45,103688.6,2025-05-20,2025-07-04,closed,2025-07-13,54,9,False,False,average_payer
INV13000572,B013,B013-C1020,Retail Client 020,Retail & Distribution,45,42430.78,2025-06-04,2025-07-19,closed,2025-07-27,53,8,False,False,average_payer
INV13000573,B013,B013-C1020,Retail Client 020,Retail & Distribution,45,47021.62,2025-07-25,2025-09-08,closed,2025-09-21,58,13,False,False,average_payer
INV13000574,B013,B013-C1020,Retail Client 020,Retail & Distribution,45,53036.28,2025-08-29,2025-10-13,closed,2025-10-17,49,4,False,False,average_payer
INV13000575,B013,B013-C1020,Retail Client 020,Retail & Distribution,45,49385.39,2025-09-23,2025-11-07,closed,2025-11-05,43,-2,False,False,average_payer
INV13000576,B013,B013-C1020,Retail Client 020,Retail & Distribution,45,52997.64,2025-09-27,2025-11-11,closed,2025-11-23,57,12,False,False,average_payer
INV13000577,B013,B013-C1020,Retail Client 020,Retail & Distribution,45,48796.3,2025-10-21,2025-12-05,closed,2025-12-11,51,6,False,False,average_payer
INV13000578,B013,B013-C1020,Retail Client 020,Retail & Distribution,45,44500.73,2025-12-22,2026-02-05,closed,2026-02-05,45,0,False,False,average_payer
INV13000579,B013,B013-C1020,Retail Client 020,Retail & Distribution,45,51069.84,2026-01-18,2026-03-04,closed,2026-03-16,57,12,False,False,average_payer
INV13000580,B013,B013-C1020,Retail Client 020,Retail & Distribution,45,41683.31,2026-01-19,2026-03-05,closed,2026-03-19,59,14,False,False,average_payer
INV13000581,B013,B013-C1020,Retail Client 020,Retail & Distribution,45,32323.06,2026-03-08,2026-04-22,closed,2026-04-30,53,8,False,False,average_payer
INV13000582,B013,B013-C1020,Retail Client 020,Retail & Distribution,45,58955.02,2026-04-18,2026-06-02,closed,2026-05-27,39,-6,False,False,average_payer
INV13000583,B013,B013-C1020,Retail Client 020,Retail & Distribution,45,42706.26,2026-04-24,2026-06-08,closed,2026-06-20,57,12,False,False,average_payer
INV13000584,B013,B013-C1020,Retail Client 020,Retail & Distribution,45,37587.63,2026-06-08,2026-07-23,closed,2026-07-27,49,4,True,False,average_payer
INV13000585,B013,B013-C1020,Retail Client 020,Retail & Distribution,45,66403.64,2026-06-10,2026-07-25,closed,2026-08-07,58,13,False,False,average_payer
INV13000586,B013,B013-C1020,Retail Client 020,Retail & Distribution,45,43224.59,2026-06-30,2026-08-14,closed,2026-08-03,34,-11,False,False,average_payer
INV13000587,B013,B013-C1020,Retail Client 020,Retail & Distribution,45,38301.04,2026-07-02,2026-08-16,closed,2026-08-31,60,15,False,False,average_payer
INV13000588,B013,B013-C1021,IT Client 021,IT & Business Services,45,181243.64,2024-03-16,2024-04-30,closed,2024-05-18,63,18,False,False,average_payer
INV13000589,B013,B013-C1021,IT Client 021,IT & Business Services,45,353732.01,2024-05-25,2024-07-09,closed,2024-07-01,37,-8,False,False,average_payer
INV13000590,B013,B013-C1021,IT Client 021,IT & Business Services,45,164529.56,2024-05-31,2024-07-15,closed,2024-07-19,49,4,False,False,average_payer
INV13000591,B013,B013-C1021,IT Client 021,IT & Business Services,45,322769.72,2024-06-08,2024-07-23,closed,2024-08-03,56,11,False,False,average_payer
INV13000592,B013,B013-C1021,IT Client 021,IT & Business Services,45,268865.57,2024-09-20,2024-11-04,closed,2024-11-08,49,4,False,False,average_payer
INV13000593,B013,B013-C1021,IT Client 021,IT & Business Services,45,376361.98,2024-09-24,2024-11-08,closed,2024-11-08,45,0,False,False,average_payer
INV13000594,B013,B013-C1021,IT Client 021,IT & Business Services,45,204443.5,2024-10-10,2024-11-24,closed,2024-11-18,39,-6,True,False,average_payer
INV13000595,B013,B013-C1021,IT Client 021,IT & Business Services,45,309489.19,2024-10-24,2024-12-08,closed,2024-12-01,38,-7,False,False,average_payer
INV13000596,B013,B013-C1021,IT Client 021,IT & Business Services,45,232475.78,2024-11-13,2024-12-28,open,,,,False,False,average_payer
INV13000597,B013,B013-C1021,IT Client 021,IT & Business Services,45,449028.11,2024-12-03,2025-01-17,closed,2025-01-22,50,5,False,False,average_payer
INV13000598,B013,B013-C1021,IT Client 021,IT & Business Services,45,411849.23,2024-12-20,2025-02-03,closed,2025-02-07,49,4,False,False,average_payer
INV13000599,B013,B013-C1021,IT Client 021,IT & Business Services,45,254676.68,2024-12-29,2025-02-12,closed,2025-02-10,43,-2,False,False,average_payer
INV13000600,B013,B013-C1021,IT Client 021,IT & Business Services,45,223622.72,2025-01-21,2025-03-07,closed,2025-03-07,45,0,False,False,average_payer
INV13000601,B013,B013-C1021,IT Client 021,IT & Business Services,45,524915.16,2025-01-31,2025-03-17,closed,2025-03-24,52,7,False,False,average_payer
INV13000602,B013,B013-C1021,IT Client 021,IT & Business Services,45,299224.47,2025-02-17,2025-04-03,closed,2025-04-12,54,9,False,False,average_payer
INV13000603,B013,B013-C1021,IT Client 021,IT & Business Services,45,393755.3,2025-04-24,2025-06-08,closed,2025-06-15,52,7,False,False,average_payer
INV13000604,B013,B013-C1021,IT Client 021,IT & Business Services,45,230012.47,2025-05-13,2025-06-27,closed,2025-07-05,53,8,False,False,average_payer
INV13000605,B013,B013-C1021,IT Client 021,IT & Business Services,45,107461.21,2025-05-22,2025-07-06,closed,2025-07-19,58,13,False,False,average_payer
INV13000606,B013,B013-C1021,IT Client 021,IT & Business Services,45,274495.81,2025-06-11,2025-07-26,closed,2025-07-23,42,-3,False,False,average_payer
INV13000607,B013,B013-C1021,IT Client 021,IT & Business Services,45,393493.66,2025-06-27,2025-08-11,closed,2025-08-08,42,-3,False,False,average_payer
INV13000608,B013,B013-C1021,IT Client 021,IT & Business Services,45,251254.95,2025-08-07,2025-09-21,closed,2025-09-30,54,9,False,False,average_payer
INV13000609,B013,B013-C1021,IT Client 021,IT & Business Services,45,233514.0,2025-08-15,2025-09-29,closed,2025-10-06,52,7,False,False,average_payer
INV13000610,B013,B013-C1021,IT Client 021,IT & Business Services,45,274455.55,2025-08-29,2025-10-13,closed,2025-10-16,48,3,False,False,average_payer
INV13000611,B013,B013-C1021,IT Client 021,IT & Business Services,45,186895.02,2025-09-25,2025-11-09,closed,2025-11-27,63,18,False,False,average_payer
INV13000612,B013,B013-C1021,IT Client 021,IT & Business Services,45,1211206.78,2025-09-25,2025-11-09,closed,2025-11-07,43,-2,False,True,average_payer
INV13000613,B013,B013-C1021,IT Client 021,IT & Business Services,45,249502.4,2025-10-29,2025-12-13,closed,2025-12-19,51,6,False,False,average_payer
INV13000614,B013,B013-C1021,IT Client 021,IT & Business Services,45,239607.83,2025-11-14,2025-12-29,closed,2025-12-31,47,2,False,False,average_payer
INV13000615,B013,B013-C1021,IT Client 021,IT & Business Services,45,213529.2,2025-12-12,2026-01-26,closed,2026-02-01,51,6,False,False,average_payer
INV13000616,B013,B013-C1021,IT Client 021,IT & Business Services,45,301195.85,2026-01-08,2026-02-22,closed,2026-02-28,51,6,False,False,average_payer
INV13000617,B013,B013-C1021,IT Client 021,IT & Business Services,45,289943.98,2026-01-16,2026-03-02,closed,2026-03-08,51,6,False,False,average_payer
INV13000618,B013,B013-C1021,IT Client 021,IT & Business Services,45,642921.67,2026-01-25,2026-03-11,closed,2026-03-11,45,0,False,False,average_payer
INV13000619,B013,B013-C1021,IT Client 021,IT & Business Services,45,475566.06,2026-02-08,2026-03-25,closed,2026-03-24,44,-1,False,False,average_payer
INV13000620,B013,B013-C1021,IT Client 021,IT & Business Services,45,195214.12,2026-02-18,2026-04-04,closed,2026-04-18,59,14,False,False,average_payer
INV13000621,B013,B013-C1021,IT Client 021,IT & Business Services,45,181854.96,2026-03-19,2026-05-03,closed,2026-05-03,45,0,False,False,average_payer
INV13000622,B013,B013-C1021,IT Client 021,IT & Business Services,45,224713.04,2026-04-01,2026-05-16,closed,2026-05-23,52,7,False,False,average_payer
INV13000623,B013,B013-C1021,IT Client 021,IT & Business Services,45,258091.73,2026-04-06,2026-05-21,closed,2026-05-23,47,2,False,False,average_payer
INV13000624,B013,B013-C1021,IT Client 021,IT & Business Services,45,334832.04,2026-05-16,2026-06-30,closed,2026-07-09,54,9,False,False,average_payer
INV13000625,B013,B013-C1021,IT Client 021,IT & Business Services,45,218049.78,2026-06-03,2026-07-18,closed,2026-07-23,50,5,False,False,average_payer
INV13000626,B013,B013-C1021,IT Client 021,IT & Business Services,45,172201.23,2026-06-26,2026-08-10,closed,2026-08-19,54,9,False,False,average_payer
INV13000627,B013,B013-C1021,IT Client 021,IT & Business Services,45,352181.96,2026-07-29,2026-09-12,open,,,,False,False,average_payer
INV13000628,B013,B013-C1022,Construction Client 022,Construction & Infra,30,640741.04,2024-03-21,2024-04-20,closed,2024-04-19,29,-1,False,True,erratic_payer
INV13000629,B013,B013-C1022,Construction Client 022,Construction & Infra,30,121047.13,2024-04-24,2024-05-24,closed,2024-05-25,31,1,False,False,erratic_payer
INV13000630,B013,B013-C1022,Construction Client 022,Construction & Infra,30,81897.87,2024-05-15,2024-06-14,open,,,,False,False,erratic_payer
INV13000631,B013,B013-C1022,Construction Client 022,Construction & Infra,30,159780.48,2024-06-04,2024-07-04,closed,2024-07-12,38,8,False,False,erratic_payer
INV13000632,B013,B013-C1022,Construction Client 022,Construction & Infra,30,404712.48,2024-07-25,2024-08-24,closed,2024-09-05,42,12,False,False,erratic_payer
INV13000633,B013,B013-C1022,Construction Client 022,Construction & Infra,30,119751.37,2024-07-28,2024-08-27,closed,2024-08-31,34,4,False,False,erratic_payer
INV13000634,B013,B013-C1022,Construction Client 022,Construction & Infra,30,82174.17,2024-08-02,2024-09-01,closed,2024-09-08,37,7,False,False,erratic_payer
INV13000635,B013,B013-C1022,Construction Client 022,Construction & Infra,30,670095.67,2024-08-04,2024-09-03,closed,2024-09-01,28,-2,False,True,erratic_payer
INV13000636,B013,B013-C1022,Construction Client 022,Construction & Infra,30,200346.89,2024-08-08,2024-09-07,closed,2024-09-17,40,10,False,False,erratic_payer
INV13000637,B013,B013-C1022,Construction Client 022,Construction & Infra,30,156548.64,2024-09-23,2024-10-23,closed,2024-10-24,31,1,False,False,erratic_payer
INV13000638,B013,B013-C1022,Construction Client 022,Construction & Infra,30,140735.64,2024-09-30,2024-10-30,closed,2024-11-18,49,19,False,False,erratic_payer
INV13000639,B013,B013-C1022,Construction Client 022,Construction & Infra,30,256721.43,2024-10-21,2024-11-20,closed,2024-12-01,41,11,False,False,erratic_payer
INV13000640,B013,B013-C1022,Construction Client 022,Construction & Infra,30,185878.72,2024-11-15,2024-12-15,closed,2024-12-20,35,5,False,False,erratic_payer
INV13000641,B013,B013-C1022,Construction Client 022,Construction & Infra,30,91108.53,2025-01-16,2025-02-15,closed,2025-02-09,24,-6,False,False,erratic_payer
INV13000642,B013,B013-C1022,Construction Client 022,Construction & Infra,30,143411.68,2025-01-22,2025-02-21,closed,2025-04-09,77,47,False,False,erratic_payer
INV13000643,B013,B013-C1022,Construction Client 022,Construction & Infra,30,140248.7,2025-01-25,2025-02-24,closed,2025-02-16,22,-8,False,False,erratic_payer
INV13000644,B013,B013-C1022,Construction Client 022,Construction & Infra,30,100855.5,2025-02-02,2025-03-04,closed,2025-05-29,116,86,False,False,erratic_payer
INV13000645,B013,B013-C1022,Construction Client 022,Construction & Infra,30,286339.58,2025-03-28,2025-04-27,closed,2025-04-26,29,-1,False,False,erratic_payer
INV13000646,B013,B013-C1022,Construction Client 022,Construction & Infra,30,202014.81,2025-04-05,2025-05-05,closed,2025-05-19,44,14,False,False,erratic_payer
INV13000647,B013,B013-C1022,Construction Client 022,Construction & Infra,30,90409.17,2025-05-25,2025-06-24,closed,2025-06-22,28,-2,False,False,erratic_payer
INV13000648,B013,B013-C1022,Construction Client 022,Construction & Infra,30,161461.17,2025-06-07,2025-07-07,closed,2025-07-19,42,12,False,False,erratic_payer
INV13000649,B013,B013-C1022,Construction Client 022,Construction & Infra,30,227328.1,2025-06-08,2025-07-08,closed,2025-06-09,1,-29,False,False,erratic_payer
INV13000650,B013,B013-C1022,Construction Client 022,Construction & Infra,30,174789.56,2025-06-21,2025-07-21,closed,2025-07-27,36,6,False,False,erratic_payer
INV13000651,B013,B013-C1022,Construction Client 022,Construction & Infra,30,159793.66,2025-06-27,2025-07-27,closed,2025-08-02,36,6,False,False,erratic_payer
INV13000652,B013,B013-C1022,Construction Client 022,Construction & Infra,30,154309.32,2025-06-28,2025-07-28,closed,2025-08-20,53,23,False,False,erratic_payer
INV13000653,B013,B013-C1022,Construction Client 022,Construction & Infra,30,91328.63,2025-07-09,2025-08-08,closed,2025-07-28,19,-11,False,False,erratic_payer
INV13000654,B013,B013-C1022,Construction Client 022,Construction & Infra,30,142190.67,2025-07-24,2025-08-23,closed,2025-09-08,46,16,False,False,erratic_payer
INV13000655,B013,B013-C1022,Construction Client 022,Construction & Infra,30,139242.37,2025-07-30,2025-08-29,closed,2025-08-05,6,-24,False,False,erratic_payer
INV13000656,B013,B013-C1022,Construction Client 022,Construction & Infra,30,197058.07,2025-09-01,2025-10-01,closed,2025-10-08,37,7,False,False,erratic_payer
INV13000657,B013,B013-C1022,Construction Client 022,Construction & Infra,30,86663.2,2025-12-06,2026-01-05,closed,2026-01-16,41,11,False,False,erratic_payer
INV13000658,B013,B013-C1022,Construction Client 022,Construction & Infra,30,215485.41,2025-12-09,2026-01-08,closed,2025-12-29,20,-10,False,False,erratic_payer
INV13000659,B013,B013-C1022,Construction Client 022,Construction & Infra,30,124543.94,2025-12-11,2026-01-10,closed,2026-01-11,31,1,False,False,erratic_payer
INV13000660,B013,B013-C1022,Construction Client 022,Construction & Infra,30,159759.13,2025-12-20,2026-01-19,closed,2026-01-12,23,-7,False,False,erratic_payer
INV13000661,B013,B013-C1022,Construction Client 022,Construction & Infra,30,135326.14,2025-12-29,2026-01-28,closed,2026-02-18,51,21,False,False,erratic_payer
INV13000662,B013,B013-C1022,Construction Client 022,Construction & Infra,30,147215.42,2026-03-11,2026-04-10,closed,2026-04-21,41,11,False,False,erratic_payer
INV13000663,B013,B013-C1022,Construction Client 022,Construction & Infra,30,109084.92,2026-03-25,2026-04-24,closed,2026-05-29,65,35,False,False,erratic_payer
INV13000664,B013,B013-C1022,Construction Client 022,Construction & Infra,30,153050.44,2026-05-10,2026-06-09,closed,2026-06-22,43,13,False,False,erratic_payer
INV13000665,B013,B013-C1022,Construction Client 022,Construction & Infra,30,99078.68,2026-05-20,2026-06-19,closed,2026-07-02,43,13,False,False,erratic_payer
INV13000666,B013,B013-C1022,Construction Client 022,Construction & Infra,30,134992.08,2026-06-22,2026-07-22,closed,2026-07-25,33,3,False,False,erratic_payer
INV13000667,B013,B013-C1023,Retail Client 023,Retail & Distribution,60,69554.76,2025-03-16,2025-05-15,closed,2025-05-31,76,16,False,False,improving_payer
INV13000668,B013,B013-C1023,Retail Client 023,Retail & Distribution,60,76008.68,2025-03-27,2025-05-26,closed,2025-06-18,83,23,False,False,improving_payer
INV13000669,B013,B013-C1023,Retail Client 023,Retail & Distribution,60,47569.86,2025-09-29,2025-11-28,closed,2025-12-18,80,20,False,False,improving_payer
INV13000670,B013,B013-C1023,Retail Client 023,Retail & Distribution,60,111070.39,2025-11-05,2026-01-04,closed,2026-01-24,80,20,False,False,improving_payer
INV13000671,B013,B013-C1023,Retail Client 023,Retail & Distribution,60,64527.47,2026-01-24,2026-03-25,closed,2026-03-31,66,6,False,False,improving_payer
INV13000672,B013,B013-C1023,Retail Client 023,Retail & Distribution,60,142269.64,2026-08-11,2026-10-10,open,,,,False,False,improving_payer
INV13000673,B013,B013-C1024,Metal Client 024,Metal & Engineering,60,177596.61,2024-04-05,2024-06-04,closed,2024-07-11,97,37,False,False,chronic_late_payer
INV13000674,B013,B013-C1024,Metal Client 024,Metal & Engineering,60,175937.3,2024-05-16,2024-07-15,closed,2024-08-17,93,33,False,False,chronic_late_payer
INV13000675,B013,B013-C1024,Metal Client 024,Metal & Engineering,60,238685.47,2024-07-06,2024-09-04,closed,2024-10-03,89,29,False,False,chronic_late_payer
INV13000676,B013,B013-C1024,Metal Client 024,Metal & Engineering,60,153737.75,2024-08-26,2024-10-25,closed,2024-11-21,87,27,False,False,chronic_late_payer
INV13000677,B013,B013-C1024,Metal Client 024,Metal & Engineering,60,107781.05,2024-09-04,2024-11-03,closed,2024-11-25,82,22,False,False,chronic_late_payer
INV13000678,B013,B013-C1024,Metal Client 024,Metal & Engineering,60,241310.29,2024-09-19,2024-11-18,open,,,,False,False,chronic_late_payer
INV13000679,B013,B013-C1024,Metal Client 024,Metal & Engineering,60,300425.47,2024-09-25,2024-11-24,closed,2024-12-08,74,14,False,False,chronic_late_payer
INV13000680,B013,B013-C1024,Metal Client 024,Metal & Engineering,60,1049552.55,2024-10-28,2024-12-27,closed,2025-02-19,114,54,False,True,chronic_late_payer
INV13000681,B013,B013-C1024,Metal Client 024,Metal & Engineering,60,180797.04,2024-11-27,2025-01-26,closed,2025-02-16,81,21,False,False,chronic_late_payer
INV13000682,B013,B013-C1024,Metal Client 024,Metal & Engineering,60,166087.25,2025-02-01,2025-04-02,closed,2025-05-10,98,38,False,False,chronic_late_payer
INV13000683,B013,B013-C1024,Metal Client 024,Metal & Engineering,60,165777.61,2025-04-27,2025-06-26,closed,2025-07-21,85,25,False,False,chronic_late_payer
INV13000684,B013,B013-C1024,Metal Client 024,Metal & Engineering,60,159687.59,2025-05-30,2025-07-29,closed,2025-08-26,88,28,False,False,chronic_late_payer
INV13000685,B013,B013-C1024,Metal Client 024,Metal & Engineering,60,128158.5,2025-07-14,2025-09-12,closed,2025-10-16,94,34,False,False,chronic_late_payer
INV13000686,B013,B013-C1024,Metal Client 024,Metal & Engineering,60,351467.06,2025-08-11,2025-10-10,closed,2025-11-22,103,43,False,False,chronic_late_payer
INV13000687,B013,B013-C1024,Metal Client 024,Metal & Engineering,60,191967.07,2025-08-22,2025-10-21,closed,2025-11-19,89,29,False,False,chronic_late_payer
INV13000688,B013,B013-C1024,Metal Client 024,Metal & Engineering,60,140927.72,2026-01-24,2026-03-25,closed,2026-04-29,95,35,False,False,chronic_late_payer
INV13000689,B013,B013-C1024,Metal Client 024,Metal & Engineering,60,102347.05,2026-01-24,2026-03-25,closed,2026-04-09,75,15,False,False,chronic_late_payer
INV13000690,B013,B013-C1024,Metal Client 024,Metal & Engineering,60,226482.95,2026-04-07,2026-06-06,closed,2026-06-27,81,21,False,False,chronic_late_payer
INV13000691,B013,B013-C1024,Metal Client 024,Metal & Engineering,60,111762.52,2026-05-13,2026-07-12,closed,2026-08-02,81,21,False,False,chronic_late_payer
INV13000692,B013,B013-C1024,Metal Client 024,Metal & Engineering,60,250886.07,2026-05-18,2026-07-17,open,,,,False,False,chronic_late_payer
INV13000693,B013,B013-C1024,Metal Client 024,Metal & Engineering,60,208911.83,2026-08-13,2026-10-12,open,,,,False,False,chronic_late_payer
INV13000694,B013,B013-C1025,Pharma Client 025,Pharma & Healthcare,15,111052.63,2024-03-20,2024-04-04,closed,2024-03-30,10,-5,False,False,average_payer
INV13000695,B013,B013-C1025,Pharma Client 025,Pharma & Healthcare,15,194699.3,2024-03-21,2024-04-05,closed,2024-04-04,14,-1,False,False,average_payer
INV13000696,B013,B013-C1025,Pharma Client 025,Pharma & Healthcare,15,160371.58,2024-03-26,2024-04-10,closed,2024-04-13,18,3,False,False,average_payer
INV13000697,B013,B013-C1025,Pharma Client 025,Pharma & Healthcare,15,197273.4,2024-04-04,2024-04-19,closed,2024-04-26,22,7,False,False,average_payer
INV13000698,B013,B013-C1025,Pharma Client 025,Pharma & Healthcare,15,101782.58,2024-05-17,2024-06-01,closed,2024-05-23,6,-9,False,False,average_payer
INV13000699,B013,B013-C1025,Pharma Client 025,Pharma & Healthcare,15,104655.4,2024-05-22,2024-06-06,closed,2024-06-07,16,1,False,False,average_payer
INV13000700,B013,B013-C1025,Pharma Client 025,Pharma & Healthcare,15,105194.93,2024-06-04,2024-06-19,closed,2024-06-18,14,-1,False,False,average_payer
INV13000701,B013,B013-C1025,Pharma Client 025,Pharma & Healthcare,15,76506.54,2024-07-12,2024-07-27,closed,2024-08-14,33,18,False,False,average_payer
INV13000702,B013,B013-C1025,Pharma Client 025,Pharma & Healthcare,15,137394.26,2024-08-04,2024-08-19,closed,2024-08-30,26,11,False,False,average_payer
INV13000703,B013,B013-C1025,Pharma Client 025,Pharma & Healthcare,15,93930.57,2024-08-29,2024-09-13,closed,2024-09-19,21,6,False,False,average_payer
INV13000704,B013,B013-C1025,Pharma Client 025,Pharma & Healthcare,15,163295.51,2024-09-25,2024-10-10,closed,2024-10-18,23,8,False,False,average_payer
INV13000705,B013,B013-C1025,Pharma Client 025,Pharma & Healthcare,15,144150.87,2024-10-16,2024-10-31,closed,2024-10-25,9,-6,False,False,average_payer
INV13000706,B013,B013-C1025,Pharma Client 025,Pharma & Healthcare,15,297184.38,2024-11-16,2024-12-01,closed,2024-12-02,16,1,False,False,average_payer
INV13000707,B013,B013-C1025,Pharma Client 025,Pharma & Healthcare,15,99998.77,2024-11-26,2024-12-11,closed,2024-12-13,17,2,False,False,average_payer
INV13000708,B013,B013-C1025,Pharma Client 025,Pharma & Healthcare,15,129540.74,2024-12-02,2024-12-17,closed,2024-12-11,9,-6,False,False,average_payer
INV13000709,B013,B013-C1025,Pharma Client 025,Pharma & Healthcare,15,103915.17,2025-01-06,2025-01-21,closed,2025-02-10,35,20,False,False,average_payer
INV13000710,B013,B013-C1025,Pharma Client 025,Pharma & Healthcare,15,145495.98,2025-01-09,2025-01-24,closed,2025-02-04,26,11,False,False,average_payer
INV13000711,B013,B013-C1025,Pharma Client 025,Pharma & Healthcare,15,77810.47,2025-01-15,2025-01-30,closed,2025-02-08,24,9,False,False,average_payer
INV13000712,B013,B013-C1025,Pharma Client 025,Pharma & Healthcare,15,103952.09,2025-02-16,2025-03-03,closed,2025-03-04,16,1,False,False,average_payer
INV13000713,B013,B013-C1025,Pharma Client 025,Pharma & Healthcare,15,131023.72,2025-02-24,2025-03-11,closed,2025-03-20,24,9,False,False,average_payer
INV13000714,B013,B013-C1025,Pharma Client 025,Pharma & Healthcare,15,127956.44,2025-02-27,2025-03-14,closed,2025-03-25,26,11,False,False,average_payer
INV13000715,B013,B013-C1025,Pharma Client 025,Pharma & Healthcare,15,85392.12,2025-03-06,2025-03-21,closed,2025-03-27,21,6,False,False,average_payer
INV13000716,B013,B013-C1025,Pharma Client 025,Pharma & Healthcare,15,98983.96,2025-04-09,2025-04-24,closed,2025-04-30,21,6,False,False,average_payer
INV13000717,B013,B013-C1025,Pharma Client 025,Pharma & Healthcare,15,492057.5,2025-05-08,2025-05-23,closed,2025-06-10,33,18,False,True,average_payer
INV13000718,B013,B013-C1025,Pharma Client 025,Pharma & Healthcare,15,71768.5,2025-05-18,2025-06-02,closed,2025-06-07,20,5,False,False,average_payer
INV13000719,B013,B013-C1025,Pharma Client 025,Pharma & Healthcare,15,159054.13,2025-05-21,2025-06-05,closed,2025-06-15,25,10,False,False,average_payer
INV13000720,B013,B013-C1025,Pharma Client 025,Pharma & Healthcare,15,201350.7,2025-05-22,2025-06-06,closed,2025-06-19,28,13,False,False,average_payer
INV13000721,B013,B013-C1025,Pharma Client 025,Pharma & Healthcare,15,110339.05,2025-05-24,2025-06-08,closed,2025-06-03,10,-5,False,False,average_payer
INV13000722,B013,B013-C1025,Pharma Client 025,Pharma & Healthcare,15,98802.28,2025-06-05,2025-06-20,closed,2025-06-17,12,-3,False,False,average_payer
INV13000723,B013,B013-C1025,Pharma Client 025,Pharma & Healthcare,15,138065.06,2025-06-06,2025-06-21,closed,2025-06-12,6,-9,False,False,average_payer
INV13000724,B013,B013-C1025,Pharma Client 025,Pharma & Healthcare,15,115504.52,2025-06-20,2025-07-05,closed,2025-07-12,22,7,False,False,average_payer
INV13000725,B013,B013-C1025,Pharma Client 025,Pharma & Healthcare,15,157244.66,2025-07-08,2025-07-23,closed,2025-07-30,22,7,False,False,average_payer
INV13000726,B013,B013-C1025,Pharma Client 025,Pharma & Healthcare,15,95512.03,2025-08-29,2025-09-13,closed,2025-09-14,16,1,False,False,average_payer
INV13000727,B013,B013-C1025,Pharma Client 025,Pharma & Healthcare,15,116765.65,2025-09-21,2025-10-06,closed,2025-10-14,23,8,False,False,average_payer
INV13000728,B013,B013-C1025,Pharma Client 025,Pharma & Healthcare,15,116592.59,2025-09-23,2025-10-08,closed,2025-10-23,30,15,False,False,average_payer
INV13000729,B013,B013-C1025,Pharma Client 025,Pharma & Healthcare,15,153728.78,2025-09-25,2025-10-10,closed,2025-10-04,9,-6,False,False,average_payer
INV13000730,B013,B013-C1025,Pharma Client 025,Pharma & Healthcare,15,130949.63,2025-09-30,2025-10-15,closed,2025-10-10,10,-5,False,False,average_payer
INV13000731,B013,B013-C1025,Pharma Client 025,Pharma & Healthcare,15,83929.08,2025-10-26,2025-11-10,closed,2025-11-12,17,2,False,False,average_payer
INV13000732,B013,B013-C1025,Pharma Client 025,Pharma & Healthcare,15,122143.07,2025-10-27,2025-11-11,closed,2025-11-22,26,11,False,False,average_payer
INV13000733,B013,B013-C1025,Pharma Client 025,Pharma & Healthcare,15,107024.33,2025-12-19,2026-01-03,closed,2026-01-09,21,6,False,False,average_payer
INV13000734,B013,B013-C1025,Pharma Client 025,Pharma & Healthcare,15,174636.59,2026-01-18,2026-02-02,closed,2026-02-13,26,11,False,False,average_payer
INV13000735,B013,B013-C1025,Pharma Client 025,Pharma & Healthcare,15,209492.1,2026-01-21,2026-02-05,closed,2026-02-02,12,-3,False,False,average_payer
INV13000736,B013,B013-C1025,Pharma Client 025,Pharma & Healthcare,15,139066.95,2026-01-22,2026-02-06,closed,2026-02-10,19,4,False,False,average_payer
INV13000737,B013,B013-C1025,Pharma Client 025,Pharma & Healthcare,15,127472.82,2026-03-29,2026-04-13,closed,2026-04-16,18,3,False,False,average_payer
INV13000738,B013,B013-C1025,Pharma Client 025,Pharma & Healthcare,15,91553.98,2026-04-01,2026-04-16,closed,2026-04-20,19,4,True,False,average_payer
INV13000739,B013,B013-C1025,Pharma Client 025,Pharma & Healthcare,15,74690.95,2026-04-05,2026-04-20,closed,2026-04-18,13,-2,False,False,average_payer
INV13000740,B013,B013-C1025,Pharma Client 025,Pharma & Healthcare,15,155539.97,2026-05-17,2026-06-01,closed,2026-06-05,19,4,False,False,average_payer
INV13000741,B013,B013-C1025,Pharma Client 025,Pharma & Healthcare,15,83215.01,2026-06-18,2026-07-03,closed,2026-07-20,32,17,False,False,average_payer
INV13000742,B013,B013-C1025,Pharma Client 025,Pharma & Healthcare,15,91963.18,2026-07-14,2026-07-29,open,,,,False,False,average_payer
INV13000743,B013,B013-C1025,Pharma Client 025,Pharma & Healthcare,15,112059.98,2026-07-17,2026-08-01,closed,2026-08-07,21,6,False,False,average_payer
INV13000744,B013,B013-C1025,Pharma Client 025,Pharma & Healthcare,15,120014.31,2026-07-25,2026-08-09,closed,2026-08-12,18,3,False,False,average_payer
INV13000745,B013,B013-C1025,Pharma Client 025,Pharma & Healthcare,15,159780.84,2026-07-25,2026-08-09,closed,2026-08-19,25,10,False,False,average_payer
INV13000746,B013,B013-C1025,Pharma Client 025,Pharma & Healthcare,15,126569.58,2026-08-09,2026-08-24,open,,,,False,False,average_payer
INV13000747,B013,B013-C1025,Pharma Client 025,Pharma & Healthcare,15,96729.61,2026-08-18,2026-09-02,open,,,,False,False,average_payer
INV13000748,B013,B013-C1026,Chemicals Client 026,Chemicals & Plastics,30,128487.87,2024-05-14,2024-06-13,closed,2024-06-15,32,2,False,False,cold_start
INV13000749,B013,B013-C1026,Chemicals Client 026,Chemicals & Plastics,30,180923.24,2025-06-02,2025-07-02,closed,2025-07-11,39,9,False,False,cold_start
INV13000750,B013,B013-C1027,Electronics Client 027,Electronics & Electricals,30,212305.38,2024-12-15,2025-01-14,closed,2025-01-06,22,-8,False,False,cold_start
INV13000751,B013,B013-C1027,Electronics Client 027,Electronics & Electricals,30,359140.51,2025-04-22,2025-05-22,closed,2025-05-16,24,-6,False,False,cold_start
INV13000752,B013,B013-C1027,Electronics Client 027,Electronics & Electricals,30,272531.07,2025-08-29,2025-09-28,closed,2025-10-13,45,15,False,False,cold_start
INV13000753,B013,B013-C1028,Metal Client 028,Metal & Engineering,15,164049.15,2024-04-21,2024-05-06,closed,2024-04-29,8,-7,False,False,prompt_payer
INV13000754,B013,B013-C1028,Metal Client 028,Metal & Engineering,15,172902.32,2024-06-15,2024-06-30,closed,2024-06-28,13,-2,False,False,prompt_payer
INV13000755,B013,B013-C1028,Metal Client 028,Metal & Engineering,15,141449.49,2024-06-16,2024-07-01,closed,2024-07-03,17,2,False,False,prompt_payer
INV13000756,B013,B013-C1028,Metal Client 028,Metal & Engineering,15,222589.27,2024-06-28,2024-07-13,closed,2024-07-15,17,2,False,False,prompt_payer
INV13000757,B013,B013-C1028,Metal Client 028,Metal & Engineering,15,141855.35,2024-07-02,2024-07-17,closed,2024-07-15,13,-2,False,False,prompt_payer
INV13000758,B013,B013-C1028,Metal Client 028,Metal & Engineering,15,190522.6,2024-08-02,2024-08-17,closed,2024-08-18,16,1,False,False,prompt_payer
INV13000759,B013,B013-C1028,Metal Client 028,Metal & Engineering,15,161802.32,2024-09-06,2024-09-21,closed,2024-09-26,20,5,False,False,prompt_payer
INV13000760,B013,B013-C1028,Metal Client 028,Metal & Engineering,15,213061.06,2024-09-29,2024-10-14,closed,2024-10-16,17,2,False,False,prompt_payer
INV13000761,B013,B013-C1028,Metal Client 028,Metal & Engineering,15,219378.85,2025-06-13,2025-06-28,closed,2025-06-24,11,-4,False,False,prompt_payer
INV13000762,B013,B013-C1028,Metal Client 028,Metal & Engineering,15,125273.91,2025-09-11,2025-09-26,closed,2025-09-22,11,-4,False,False,prompt_payer
INV13000763,B013,B013-C1028,Metal Client 028,Metal & Engineering,15,243874.14,2025-10-13,2025-10-28,closed,2025-10-30,17,2,False,False,prompt_payer
INV13000764,B013,B013-C1028,Metal Client 028,Metal & Engineering,15,118106.7,2026-03-09,2026-03-24,closed,2026-03-27,18,3,False,False,prompt_payer
INV13000765,B013,B013-C1028,Metal Client 028,Metal & Engineering,15,155263.25,2026-04-15,2026-04-30,closed,2026-04-27,12,-3,False,False,prompt_payer
INV13000766,B013,B013-C1028,Metal Client 028,Metal & Engineering,15,161558.08,2026-05-14,2026-05-29,closed,2026-05-29,15,0,False,False,prompt_payer
INV13000767,B013,B013-C1028,Metal Client 028,Metal & Engineering,15,216738.47,2026-06-03,2026-06-18,closed,2026-06-19,16,1,False,False,prompt_payer
INV13000768,B013,B013-C1028,Metal Client 028,Metal & Engineering,15,176422.63,2026-08-23,2026-09-07,open,,,,False,False,prompt_payer
INV13000769,B013,B013-C1029,Textiles Client 029,Textiles & Apparel,45,28038.86,2025-12-19,2026-02-02,closed,2026-02-12,55,10,False,False,cold_start
INV13000770,B013,B013-C1029,Textiles Client 029,Textiles & Apparel,45,53656.32,2026-08-23,2026-10-07,open,,,,False,False,cold_start
INV13000771,B013,B013-C1030,Retail Client 030,Retail & Distribution,45,8211.34,2024-04-15,2024-05-30,closed,2024-07-12,88,43,False,False,improving_payer
INV13000772,B013,B013-C1030,Retail Client 030,Retail & Distribution,45,8855.87,2024-05-13,2024-06-27,closed,2024-07-25,73,28,False,False,improving_payer
INV13000773,B013,B013-C1030,Retail Client 030,Retail & Distribution,45,14307.76,2024-06-18,2024-08-02,closed,2024-09-10,84,39,False,False,improving_payer
INV13000774,B013,B013-C1030,Retail Client 030,Retail & Distribution,45,11077.15,2024-06-24,2024-08-08,closed,2024-09-12,80,35,False,False,improving_payer
INV13000775,B013,B013-C1030,Retail Client 030,Retail & Distribution,45,12114.35,2024-07-19,2024-09-02,closed,2024-09-30,73,28,True,False,improving_payer
INV13000776,B013,B013-C1030,Retail Client 030,Retail & Distribution,45,17772.78,2024-09-06,2024-10-21,closed,2024-11-24,79,34,False,False,improving_payer
INV13000777,B013,B013-C1030,Retail Client 030,Retail & Distribution,45,7755.23,2024-09-10,2024-10-25,closed,2024-12-09,90,45,False,False,improving_payer
INV13000778,B013,B013-C1030,Retail Client 030,Retail & Distribution,45,9601.1,2024-09-29,2024-11-13,closed,2024-11-23,55,10,True,False,improving_payer
INV13000779,B013,B013-C1030,Retail Client 030,Retail & Distribution,45,13285.82,2024-10-07,2024-11-21,closed,2024-12-10,64,19,False,False,improving_payer
INV13000780,B013,B013-C1030,Retail Client 030,Retail & Distribution,45,17593.53,2024-11-03,2024-12-18,closed,2025-01-16,74,29,False,False,improving_payer
INV13000781,B013,B013-C1030,Retail Client 030,Retail & Distribution,45,21500.02,2024-11-06,2024-12-21,closed,2025-01-21,76,31,False,False,improving_payer
INV13000782,B013,B013-C1030,Retail Client 030,Retail & Distribution,45,9198.68,2024-11-21,2025-01-05,closed,2025-02-02,73,28,False,False,improving_payer
INV13000783,B013,B013-C1030,Retail Client 030,Retail & Distribution,45,12565.8,2024-12-29,2025-02-12,closed,2025-03-11,72,27,False,False,improving_payer
INV13000784,B013,B013-C1030,Retail Client 030,Retail & Distribution,45,15608.72,2025-01-07,2025-02-21,closed,2025-03-07,59,14,False,False,improving_payer
INV13000785,B013,B013-C1030,Retail Client 030,Retail & Distribution,45,8538.56,2025-03-01,2025-04-15,closed,2025-05-02,62,17,False,False,improving_payer
INV13000786,B013,B013-C1030,Retail Client 030,Retail & Distribution,45,13027.74,2025-03-23,2025-05-07,closed,2025-06-10,79,34,False,False,improving_payer
INV13000787,B013,B013-C1030,Retail Client 030,Retail & Distribution,45,12843.38,2025-05-03,2025-06-17,closed,2025-06-18,46,1,False,False,improving_payer
INV13000788,B013,B013-C1030,Retail Client 030,Retail & Distribution,45,10078.09,2025-05-09,2025-06-23,closed,2025-07-15,67,22,False,False,improving_payer
INV13000789,B013,B013-C1030,Retail Client 030,Retail & Distribution,45,8689.61,2025-06-27,2025-08-11,closed,2025-09-10,75,30,False,False,improving_payer
INV13000790,B013,B013-C1030,Retail Client 030,Retail & Distribution,45,14103.37,2025-07-14,2025-08-28,closed,2025-09-17,65,20,False,False,improving_payer
INV13000791,B013,B013-C1030,Retail Client 030,Retail & Distribution,45,8767.72,2025-08-03,2025-09-17,closed,2025-10-03,61,16,False,False,improving_payer
INV13000792,B013,B013-C1030,Retail Client 030,Retail & Distribution,45,20898.15,2025-09-19,2025-11-03,closed,2025-11-28,70,25,False,False,improving_payer
INV13000793,B013,B013-C1030,Retail Client 030,Retail & Distribution,45,8740.86,2025-09-21,2025-11-05,closed,2025-11-24,64,19,False,False,improving_payer
INV13000794,B013,B013-C1030,Retail Client 030,Retail & Distribution,45,8393.59,2025-10-19,2025-12-03,closed,2025-12-30,72,27,False,False,improving_payer
INV13000795,B013,B013-C1030,Retail Client 030,Retail & Distribution,45,28331.48,2025-10-31,2025-12-15,closed,2025-12-29,59,14,False,False,improving_payer
INV13000796,B013,B013-C1030,Retail Client 030,Retail & Distribution,45,12491.57,2025-11-17,2026-01-01,closed,2025-12-31,44,-1,False,False,improving_payer
INV13000797,B013,B013-C1030,Retail Client 030,Retail & Distribution,45,10941.9,2025-11-22,2026-01-06,closed,2026-01-10,49,4,False,False,improving_payer
INV13000798,B013,B013-C1030,Retail Client 030,Retail & Distribution,45,7916.39,2025-12-23,2026-02-06,closed,2026-02-09,48,3,False,False,improving_payer
INV13000799,B013,B013-C1030,Retail Client 030,Retail & Distribution,45,8845.97,2026-01-16,2026-03-02,closed,2026-03-12,55,10,False,False,improving_payer
INV13000800,B013,B013-C1030,Retail Client 030,Retail & Distribution,45,10257.48,2026-02-13,2026-03-30,closed,2026-04-13,59,14,False,False,improving_payer
INV13000801,B013,B013-C1030,Retail Client 030,Retail & Distribution,45,8975.92,2026-03-28,2026-05-12,closed,2026-05-19,52,7,False,False,improving_payer
INV13000802,B013,B013-C1030,Retail Client 030,Retail & Distribution,45,11877.62,2026-05-04,2026-06-18,closed,2026-06-29,56,11,False,False,improving_payer
INV13000803,B013,B013-C1030,Retail Client 030,Retail & Distribution,45,7809.6,2026-06-21,2026-08-05,closed,2026-08-07,47,2,False,False,improving_payer
INV13000804,B013,B013-C1030,Retail Client 030,Retail & Distribution,45,7786.56,2026-09-01,2026-10-16,open,,,,False,False,improving_payer
INV13000805,B013,B013-C1031,Retail Client 031,Retail & Distribution,30,58110.37,2024-03-17,2024-04-16,closed,2024-04-18,32,2,False,False,seasonal_payer
INV13000806,B013,B013-C1031,Retail Client 031,Retail & Distribution,30,57387.59,2024-03-29,2024-04-28,closed,2024-05-11,43,13,False,False,seasonal_payer
INV13000807,B013,B013-C1031,Retail Client 031,Retail & Distribution,30,59874.51,2024-04-20,2024-05-20,closed,2024-06-06,47,17,False,False,seasonal_payer
INV13000808,B013,B013-C1031,Retail Client 031,Retail & Distribution,30,37914.25,2024-04-24,2024-05-24,closed,2024-06-02,39,9,False,False,seasonal_payer
INV13000809,B013,B013-C1031,Retail Client 031,Retail & Distribution,30,66726.3,2024-05-16,2024-06-15,closed,2024-07-08,53,23,False,False,seasonal_payer
INV13000810,B013,B013-C1031,Retail Client 031,Retail & Distribution,30,46863.96,2024-06-01,2024-07-01,closed,2024-07-09,38,8,False,False,seasonal_payer
INV13000811,B013,B013-C1031,Retail Client 031,Retail & Distribution,30,63224.3,2024-06-08,2024-07-08,closed,2024-07-23,45,15,False,False,seasonal_payer
INV13000812,B013,B013-C1031,Retail Client 031,Retail & Distribution,30,69392.12,2024-07-29,2024-08-28,closed,2024-09-03,36,6,False,False,seasonal_payer
INV13000813,B013,B013-C1031,Retail Client 031,Retail & Distribution,30,42807.33,2024-08-01,2024-08-31,closed,2024-09-08,38,8,False,False,seasonal_payer
INV13000814,B013,B013-C1031,Retail Client 031,Retail & Distribution,30,48832.11,2024-09-23,2024-10-23,closed,2024-11-03,41,11,False,False,seasonal_payer
INV13000815,B013,B013-C1031,Retail Client 031,Retail & Distribution,30,32202.09,2024-10-06,2024-11-05,open,,,,False,False,seasonal_payer
INV13000816,B013,B013-C1031,Retail Client 031,Retail & Distribution,30,60371.69,2024-10-11,2024-11-10,closed,2024-11-22,42,12,False,False,seasonal_payer
INV13000817,B013,B013-C1031,Retail Client 031,Retail & Distribution,30,52110.63,2025-03-07,2025-04-06,closed,2025-04-20,44,14,False,False,seasonal_payer
INV13000818,B013,B013-C1031,Retail Client 031,Retail & Distribution,30,71001.55,2025-03-09,2025-04-08,closed,2025-04-10,32,2,False,False,seasonal_payer
INV13000819,B013,B013-C1031,Retail Client 031,Retail & Distribution,30,48156.05,2025-03-31,2025-04-30,closed,2025-05-07,37,7,False,False,seasonal_payer
INV13000820,B013,B013-C1031,Retail Client 031,Retail & Distribution,30,65840.03,2025-05-12,2025-06-11,closed,2025-06-17,36,6,False,False,seasonal_payer
INV13000821,B013,B013-C1031,Retail Client 031,Retail & Distribution,30,82860.52,2025-05-15,2025-06-14,closed,2025-06-21,37,7,False,False,seasonal_payer
INV13000822,B013,B013-C1031,Retail Client 031,Retail & Distribution,30,50865.9,2025-06-05,2025-07-05,closed,2025-07-22,47,17,False,False,seasonal_payer
INV13000823,B013,B013-C1031,Retail Client 031,Retail & Distribution,30,45913.44,2025-06-08,2025-07-08,closed,2025-07-30,52,22,False,False,seasonal_payer
INV13000824,B013,B013-C1031,Retail Client 031,Retail & Distribution,30,56806.79,2025-07-12,2025-08-11,closed,2025-08-24,43,13,False,False,seasonal_payer
INV13000825,B013,B013-C1031,Retail Client 031,Retail & Distribution,30,69462.67,2025-07-23,2025-08-22,closed,2025-09-09,48,18,False,False,seasonal_payer
INV13000826,B013,B013-C1031,Retail Client 031,Retail & Distribution,30,45552.28,2025-08-05,2025-09-04,closed,2025-09-05,31,1,False,False,seasonal_payer
INV13000827,B013,B013-C1031,Retail Client 031,Retail & Distribution,30,107238.39,2025-08-07,2025-09-06,closed,2025-09-27,51,21,False,False,seasonal_payer
INV13000828,B013,B013-C1031,Retail Client 031,Retail & Distribution,30,429528.74,2025-08-15,2025-09-14,closed,2025-09-12,28,-2,False,True,seasonal_payer
INV13000829,B013,B013-C1031,Retail Client 031,Retail & Distribution,30,64469.47,2025-08-31,2025-09-30,closed,2025-10-04,34,4,False,False,seasonal_payer
INV13000830,B013,B013-C1031,Retail Client 031,Retail & Distribution,30,35658.68,2025-09-06,2025-10-06,closed,2025-10-24,48,18,False,False,seasonal_payer
INV13000831,B013,B013-C1031,Retail Client 031,Retail & Distribution,30,126539.33,2025-09-08,2025-10-08,closed,2025-10-17,39,9,False,False,seasonal_payer
INV13000832,B013,B013-C1031,Retail Client 031,Retail & Distribution,30,59587.25,2025-10-15,2025-11-14,closed,2025-11-17,33,3,False,False,seasonal_payer
INV13000833,B013,B013-C1031,Retail Client 031,Retail & Distribution,30,49524.85,2025-11-05,2025-12-05,closed,2025-12-11,36,6,False,False,seasonal_payer
INV13000834,B013,B013-C1031,Retail Client 031,Retail & Distribution,30,50905.97,2025-11-06,2025-12-06,closed,2025-12-18,42,12,False,False,seasonal_payer
INV13000835,B013,B013-C1031,Retail Client 031,Retail & Distribution,30,53116.84,2025-11-07,2025-12-07,closed,2025-12-06,29,-1,False,False,seasonal_payer
INV13000836,B013,B013-C1031,Retail Client 031,Retail & Distribution,30,49500.07,2025-12-30,2026-01-29,closed,2026-01-22,23,-7,True,False,seasonal_payer
INV13000837,B013,B013-C1031,Retail Client 031,Retail & Distribution,30,59351.46,2026-01-23,2026-02-22,closed,2026-02-24,32,2,True,False,seasonal_payer
INV13000838,B013,B013-C1031,Retail Client 031,Retail & Distribution,30,54252.83,2026-03-23,2026-04-22,closed,2026-04-27,35,5,False,False,seasonal_payer
INV13000839,B013,B013-C1031,Retail Client 031,Retail & Distribution,30,67332.8,2026-03-24,2026-04-23,closed,2026-04-28,35,5,False,False,seasonal_payer
INV13000840,B013,B013-C1031,Retail Client 031,Retail & Distribution,30,59234.66,2026-05-11,2026-06-10,closed,2026-06-25,45,15,False,False,seasonal_payer
INV13000841,B013,B013-C1031,Retail Client 031,Retail & Distribution,30,73285.88,2026-05-29,2026-06-28,closed,2026-07-12,44,14,False,False,seasonal_payer
INV13000842,B013,B013-C1031,Retail Client 031,Retail & Distribution,30,50372.16,2026-06-13,2026-07-13,closed,2026-07-26,43,13,False,False,seasonal_payer
INV13000843,B013,B013-C1031,Retail Client 031,Retail & Distribution,30,33424.95,2026-06-14,2026-07-14,closed,2026-07-27,43,13,False,False,seasonal_payer
INV13000844,B013,B013-C1031,Retail Client 031,Retail & Distribution,30,53277.38,2026-07-02,2026-08-01,closed,2026-08-20,49,19,False,False,seasonal_payer
INV13000845,B013,B013-C1031,Retail Client 031,Retail & Distribution,30,371975.91,2026-07-06,2026-08-05,closed,2026-08-12,37,7,False,True,seasonal_payer
INV13000846,B013,B013-C1031,Retail Client 031,Retail & Distribution,30,97557.9,2026-07-18,2026-08-17,closed,2026-08-29,42,12,False,False,seasonal_payer
INV13000847,B013,B013-C1031,Retail Client 031,Retail & Distribution,30,75705.92,2026-07-18,2026-08-17,closed,2026-08-29,42,12,False,False,seasonal_payer
INV13000848,B013,B013-C1031,Retail Client 031,Retail & Distribution,30,47876.61,2026-07-22,2026-08-21,open,,,,False,False,seasonal_payer
INV13000849,B013,B013-C1031,Retail Client 031,Retail & Distribution,30,47062.59,2026-08-05,2026-09-04,open,,,,False,False,seasonal_payer
INV13000850,B013,B013-C1031,Retail Client 031,Retail & Distribution,30,42806.4,2026-08-07,2026-09-06,open,,,,False,False,seasonal_payer
INV13000851,B013,B013-C1032,Pharma Client 032,Pharma & Healthcare,30,178920.51,2025-03-14,2025-04-13,closed,2025-04-27,44,14,False,False,cold_start
INV13000852,B013,B013-C1032,Pharma Client 032,Pharma & Healthcare,30,151560.93,2025-07-25,2025-08-24,closed,2025-09-08,45,15,False,False,cold_start
INV13000853,B013,B013-C1033,Metal Client 033,Metal & Engineering,30,119855.56,2024-04-03,2024-05-03,closed,2024-05-07,34,4,False,False,average_payer
INV13000854,B013,B013-C1033,Metal Client 033,Metal & Engineering,30,116410.22,2024-04-04,2024-05-04,closed,2024-05-09,35,5,False,False,average_payer
INV13000855,B013,B013-C1033,Metal Client 033,Metal & Engineering,30,144671.66,2024-04-12,2024-05-12,closed,2024-05-20,38,8,False,False,average_payer
INV13000856,B013,B013-C1033,Metal Client 033,Metal & Engineering,30,90149.89,2024-05-03,2024-06-02,closed,2024-06-25,53,23,False,False,average_payer
INV13000857,B013,B013-C1033,Metal Client 033,Metal & Engineering,30,100002.99,2024-06-05,2024-07-05,closed,2024-07-08,33,3,False,False,average_payer
INV13000858,B013,B013-C1033,Metal Client 033,Metal & Engineering,30,169156.91,2024-06-15,2024-07-15,closed,2024-07-13,28,-2,False,False,average_payer
INV13000859,B013,B013-C1033,Metal Client 033,Metal & Engineering,30,112151.33,2024-09-05,2024-10-05,closed,2024-10-18,43,13,False,False,average_payer
INV13000860,B013,B013-C1033,Metal Client 033,Metal & Engineering,30,102927.32,2024-09-16,2024-10-16,closed,2024-10-26,40,10,False,False,average_payer
INV13000861,B013,B013-C1033,Metal Client 033,Metal & Engineering,30,89508.28,2024-09-19,2024-10-19,closed,2024-10-24,35,5,False,False,average_payer
INV13000862,B013,B013-C1033,Metal Client 033,Metal & Engineering,30,138322.72,2024-09-29,2024-10-29,closed,2024-11-03,35,5,False,False,average_payer
INV13000863,B013,B013-C1033,Metal Client 033,Metal & Engineering,30,175484.65,2024-10-29,2024-11-28,closed,2024-12-08,40,10,False,False,average_payer
INV13000864,B013,B013-C1033,Metal Client 033,Metal & Engineering,30,142047.72,2024-10-29,2024-11-28,closed,2024-12-04,36,6,False,False,average_payer
INV13000865,B013,B013-C1033,Metal Client 033,Metal & Engineering,30,103793.31,2024-11-05,2024-12-05,closed,2024-12-13,38,8,False,False,average_payer
INV13000866,B013,B013-C1033,Metal Client 033,Metal & Engineering,30,416984.13,2024-11-10,2024-12-10,closed,2024-12-20,40,10,False,True,average_payer
INV13000867,B013,B013-C1033,Metal Client 033,Metal & Engineering,30,155194.07,2024-11-24,2024-12-24,closed,2025-01-01,38,8,False,False,average_payer
INV13000868,B013,B013-C1033,Metal Client 033,Metal & Engineering,30,107228.11,2025-01-09,2025-02-08,closed,2025-02-20,42,12,True,False,average_payer
INV13000869,B013,B013-C1033,Metal Client 033,Metal & Engineering,30,127978.49,2025-01-20,2025-02-19,closed,2025-03-07,46,16,False,False,average_payer
INV13000870,B013,B013-C1033,Metal Client 033,Metal & Engineering,30,132143.56,2025-02-08,2025-03-10,closed,2025-03-20,40,10,False,False,average_payer
INV13000871,B013,B013-C1033,Metal Client 033,Metal & Engineering,30,154907.49,2025-02-17,2025-03-19,closed,2025-03-25,36,6,False,False,average_payer
INV13000872,B013,B013-C1033,Metal Client 033,Metal & Engineering,30,120224.89,2025-04-14,2025-05-14,closed,2025-05-19,35,5,True,False,average_payer
INV13000873,B013,B013-C1033,Metal Client 033,Metal & Engineering,30,129519.77,2025-04-15,2025-05-15,closed,2025-06-01,47,17,False,False,average_payer
INV13000874,B013,B013-C1033,Metal Client 033,Metal & Engineering,30,196345.72,2025-05-09,2025-06-08,closed,2025-06-18,40,10,False,False,average_payer
INV13000875,B013,B013-C1033,Metal Client 033,Metal & Engineering,30,132196.49,2025-05-18,2025-06-17,closed,2025-06-24,37,7,False,False,average_payer
INV13000876,B013,B013-C1033,Metal Client 033,Metal & Engineering,30,109475.04,2025-06-03,2025-07-03,closed,2025-07-03,30,0,False,False,average_payer
INV13000877,B013,B013-C1033,Metal Client 033,Metal & Engineering,30,178436.97,2025-06-21,2025-07-21,closed,2025-07-21,30,0,False,False,average_payer
INV13000878,B013,B013-C1033,Metal Client 033,Metal & Engineering,30,133831.09,2025-07-25,2025-08-24,closed,2025-09-03,40,10,False,False,average_payer
INV13000879,B013,B013-C1033,Metal Client 033,Metal & Engineering,30,94022.14,2025-08-24,2025-09-23,closed,2025-09-21,28,-2,False,False,average_payer
INV13000880,B013,B013-C1033,Metal Client 033,Metal & Engineering,30,184169.07,2025-08-27,2025-09-26,closed,2025-10-02,36,6,False,False,average_payer
INV13000881,B013,B013-C1033,Metal Client 033,Metal & Engineering,30,93733.89,2025-08-27,2025-09-26,closed,2025-10-04,38,8,False,False,average_payer
INV13000882,B013,B013-C1033,Metal Client 033,Metal & Engineering,30,105229.38,2025-09-11,2025-10-11,disputed_open,,,,False,False,average_payer
INV13000883,B013,B013-C1033,Metal Client 033,Metal & Engineering,30,262300.66,2025-11-19,2025-12-19,closed,2025-12-18,29,-1,False,False,average_payer
INV13000884,B013,B013-C1033,Metal Client 033,Metal & Engineering,30,110901.31,2025-11-24,2025-12-24,closed,2026-01-04,41,11,False,False,average_payer
INV13000885,B013,B013-C1033,Metal Client 033,Metal & Engineering,30,115787.18,2025-11-26,2025-12-26,closed,2025-12-27,31,1,False,False,average_payer
INV13000886,B013,B013-C1033,Metal Client 033,Metal & Engineering,30,119246.73,2026-01-30,2026-03-01,closed,2026-03-11,40,10,False,False,average_payer
INV13000887,B013,B013-C1033,Metal Client 033,Metal & Engineering,30,106552.48,2026-02-01,2026-03-03,closed,2026-02-28,27,-3,False,False,average_payer
INV13000888,B013,B013-C1033,Metal Client 033,Metal & Engineering,30,121058.46,2026-02-18,2026-03-20,closed,2026-03-24,34,4,True,False,average_payer
INV13000889,B013,B013-C1033,Metal Client 033,Metal & Engineering,30,97253.63,2026-02-28,2026-03-30,closed,2026-04-10,41,11,False,False,average_payer
INV13000890,B013,B013-C1033,Metal Client 033,Metal & Engineering,30,123004.88,2026-03-11,2026-04-10,closed,2026-04-08,28,-2,False,False,average_payer
INV13000891,B013,B013-C1033,Metal Client 033,Metal & Engineering,30,92714.46,2026-03-28,2026-04-27,closed,2026-04-15,18,-12,False,False,average_payer
INV13000892,B013,B013-C1033,Metal Client 033,Metal & Engineering,30,192146.36,2026-07-08,2026-08-07,closed,2026-08-31,54,24,False,False,average_payer
INV13000893,B013,B013-C1033,Metal Client 033,Metal & Engineering,30,146126.11,2026-07-10,2026-08-09,closed,2026-08-13,34,4,False,False,average_payer
INV13000894,B013,B013-C1033,Metal Client 033,Metal & Engineering,30,109693.94,2026-07-24,2026-08-23,closed,2026-08-29,36,6,False,False,average_payer
INV13000895,B013,B013-C1033,Metal Client 033,Metal & Engineering,30,115936.47,2026-08-24,2026-09-23,disputed_open,,,,False,False,average_payer
INV13000896,B013,B013-C1034,Retail Client 034,Retail & Distribution,30,24097.94,2024-03-27,2024-04-26,closed,2024-05-05,39,9,False,False,average_payer
INV13000897,B013,B013-C1034,Retail Client 034,Retail & Distribution,30,42780.74,2024-05-15,2024-06-14,closed,2024-06-10,26,-4,False,False,average_payer
INV13000898,B013,B013-C1034,Retail Client 034,Retail & Distribution,30,37275.04,2024-05-21,2024-06-20,closed,2024-06-24,34,4,False,False,average_payer
INV13000899,B013,B013-C1034,Retail Client 034,Retail & Distribution,30,161708.43,2024-05-31,2024-06-30,closed,2024-07-03,33,3,True,True,average_payer
INV13000900,B013,B013-C1034,Retail Client 034,Retail & Distribution,30,33926.15,2024-07-29,2024-08-28,closed,2024-09-05,38,8,False,False,average_payer
INV13000901,B013,B013-C1034,Retail Client 034,Retail & Distribution,30,46091.26,2024-09-04,2024-10-04,closed,2024-10-10,36,6,False,False,average_payer
INV13000902,B013,B013-C1034,Retail Client 034,Retail & Distribution,30,66148.46,2024-09-11,2024-10-11,closed,2024-10-13,32,2,False,False,average_payer
INV13000903,B013,B013-C1034,Retail Client 034,Retail & Distribution,30,44741.01,2024-12-01,2024-12-31,closed,2025-01-07,37,7,False,False,average_payer
INV13000904,B013,B013-C1034,Retail Client 034,Retail & Distribution,30,48718.78,2024-12-17,2025-01-16,closed,2025-01-25,39,9,False,False,average_payer
INV13000905,B013,B013-C1034,Retail Client 034,Retail & Distribution,30,62437.7,2024-12-23,2025-01-22,closed,2025-01-25,33,3,False,False,average_payer
INV13000906,B013,B013-C1034,Retail Client 034,Retail & Distribution,30,43690.87,2024-12-29,2025-01-28,closed,2025-02-08,41,11,False,False,average_payer
INV13000907,B013,B013-C1034,Retail Client 034,Retail & Distribution,30,30805.66,2025-01-24,2025-02-23,closed,2025-02-24,31,1,False,False,average_payer
INV13000908,B013,B013-C1034,Retail Client 034,Retail & Distribution,30,30513.46,2025-03-13,2025-04-12,closed,2025-04-23,41,11,False,False,average_payer
INV13000909,B013,B013-C1034,Retail Client 034,Retail & Distribution,30,59722.14,2025-04-11,2025-05-11,closed,2025-05-13,32,2,False,False,average_payer
INV13000910,B013,B013-C1034,Retail Client 034,Retail & Distribution,30,49373.51,2025-05-06,2025-06-05,closed,2025-06-01,26,-4,False,False,average_payer
INV13000911,B013,B013-C1034,Retail Client 034,Retail & Distribution,30,56737.12,2025-05-16,2025-06-15,closed,2025-06-09,24,-6,True,False,average_payer
INV13000912,B013,B013-C1034,Retail Client 034,Retail & Distribution,30,42301.14,2025-05-24,2025-06-23,closed,2025-06-23,30,0,False,False,average_payer
INV13000913,B013,B013-C1034,Retail Client 034,Retail & Distribution,30,38627.2,2025-06-06,2025-07-06,closed,2025-07-18,42,12,False,False,average_payer
INV13000914,B013,B013-C1034,Retail Client 034,Retail & Distribution,30,53635.3,2025-06-26,2025-07-26,closed,2025-07-27,31,1,False,False,average_payer
INV13000915,B013,B013-C1034,Retail Client 034,Retail & Distribution,30,25036.96,2025-07-29,2025-08-28,closed,2025-09-01,34,4,False,False,average_payer
INV13000916,B013,B013-C1034,Retail Client 034,Retail & Distribution,30,62547.05,2025-08-25,2025-09-24,closed,2025-09-29,35,5,False,False,average_payer
INV13000917,B013,B013-C1034,Retail Client 034,Retail & Distribution,30,51876.21,2025-09-26,2025-10-26,closed,2025-10-29,33,3,False,False,average_payer
INV13000918,B013,B013-C1034,Retail Client 034,Retail & Distribution,30,27321.76,2025-10-25,2025-11-24,closed,2025-11-23,29,-1,False,False,average_payer
INV13000919,B013,B013-C1034,Retail Client 034,Retail & Distribution,30,41344.19,2025-11-12,2025-12-12,closed,2025-12-22,40,10,False,False,average_payer
INV13000920,B013,B013-C1034,Retail Client 034,Retail & Distribution,30,32610.46,2026-01-15,2026-02-14,closed,2026-02-20,36,6,False,False,average_payer
INV13000921,B013,B013-C1034,Retail Client 034,Retail & Distribution,30,55736.74,2026-03-02,2026-04-01,closed,2026-04-05,34,4,False,False,average_payer
INV13000922,B013,B013-C1034,Retail Client 034,Retail & Distribution,30,56491.74,2026-03-19,2026-04-18,closed,2026-04-09,21,-9,False,False,average_payer
INV13000923,B013,B013-C1034,Retail Client 034,Retail & Distribution,30,41158.57,2026-03-30,2026-04-29,closed,2026-04-29,30,0,False,False,average_payer
INV13000924,B013,B013-C1034,Retail Client 034,Retail & Distribution,30,28300.49,2026-04-10,2026-05-10,closed,2026-05-16,36,6,False,False,average_payer
INV13000925,B013,B013-C1034,Retail Client 034,Retail & Distribution,30,45453.37,2026-04-12,2026-05-12,closed,2026-05-19,37,7,False,False,average_payer
INV13000926,B013,B013-C1034,Retail Client 034,Retail & Distribution,30,39400.7,2026-04-22,2026-05-22,closed,2026-05-27,35,5,False,False,average_payer
INV13000927,B013,B013-C1034,Retail Client 034,Retail & Distribution,30,49500.22,2026-04-27,2026-05-27,closed,2026-05-31,34,4,False,False,average_payer
INV13000928,B013,B013-C1034,Retail Client 034,Retail & Distribution,30,49890.04,2026-05-18,2026-06-17,closed,2026-06-19,32,2,True,False,average_payer
INV13000929,B013,B013-C1034,Retail Client 034,Retail & Distribution,30,40645.59,2026-06-21,2026-07-21,closed,2026-07-21,30,0,False,False,average_payer
INV13000930,B013,B013-C1034,Retail Client 034,Retail & Distribution,30,45242.01,2026-08-31,2026-09-30,open,,,,False,False,average_payer
INV13000931,B013,B013-C1035,Construction Client 035,Construction & Infra,45,201788.17,2024-03-17,2024-05-01,closed,2024-06-02,77,32,False,False,improving_payer
INV13000932,B013,B013-C1035,Construction Client 035,Construction & Infra,45,146204.44,2024-06-01,2024-07-16,closed,2024-08-30,90,45,False,False,improving_payer
INV13000933,B013,B013-C1035,Construction Client 035,Construction & Infra,45,150797.86,2024-07-01,2024-08-15,closed,2024-09-15,76,31,False,False,improving_payer
INV13000934,B013,B013-C1035,Construction Client 035,Construction & Infra,45,728188.05,2024-08-18,2024-10-02,closed,2024-10-17,60,15,False,True,improving_payer
INV13000935,B013,B013-C1035,Construction Client 035,Construction & Infra,45,222178.31,2024-10-05,2024-11-19,closed,2024-12-02,58,13,False,False,improving_payer
INV13000936,B013,B013-C1035,Construction Client 035,Construction & Infra,45,147983.94,2024-12-11,2025-01-25,closed,2025-03-10,89,44,False,False,improving_payer
INV13000937,B013,B013-C1035,Construction Client 035,Construction & Infra,45,149355.69,2025-01-22,2025-03-08,closed,2025-04-05,73,28,True,False,improving_payer
INV13000938,B013,B013-C1035,Construction Client 035,Construction & Infra,45,181274.36,2025-06-11,2025-07-26,closed,2025-08-30,80,35,False,False,improving_payer
INV13000939,B013,B013-C1035,Construction Client 035,Construction & Infra,45,151343.44,2025-06-15,2025-07-30,closed,2025-08-31,77,32,False,False,improving_payer
INV13000940,B013,B013-C1035,Construction Client 035,Construction & Infra,45,1091213.47,2025-08-09,2025-09-23,closed,2025-10-02,54,9,False,True,improving_payer
INV13000941,B013,B013-C1035,Construction Client 035,Construction & Infra,45,223966.61,2025-10-23,2025-12-07,closed,2025-12-21,59,14,False,False,improving_payer
INV13000942,B013,B013-C1035,Construction Client 035,Construction & Infra,45,234066.34,2025-11-11,2025-12-26,closed,2025-12-21,40,-5,False,False,improving_payer
INV13000943,B013,B013-C1035,Construction Client 035,Construction & Infra,45,172550.3,2025-12-21,2026-02-04,closed,2026-02-06,47,2,False,False,improving_payer
INV13000944,B013,B013-C1035,Construction Client 035,Construction & Infra,45,211543.1,2026-01-01,2026-02-15,closed,2026-03-05,63,18,False,False,improving_payer
INV13000945,B013,B013-C1035,Construction Client 035,Construction & Infra,45,790888.19,2026-03-11,2026-04-25,closed,2026-05-05,55,10,False,True,improving_payer
INV13000946,B013,B013-C1035,Construction Client 035,Construction & Infra,45,267528.81,2026-04-28,2026-06-12,closed,2026-06-15,48,3,False,False,improving_payer
INV13000947,B013,B013-C1035,Construction Client 035,Construction & Infra,45,172557.4,2026-06-22,2026-08-06,closed,2026-08-21,60,15,False,False,improving_payer
INV13000948,B013,B013-C1035,Construction Client 035,Construction & Infra,45,131573.78,2026-07-20,2026-09-03,disputed_open,,,,False,False,improving_payer
INV13000949,B013,B013-C1036,Construction Client 036,Construction & Infra,30,46221.31,2024-04-05,2024-05-05,closed,2024-05-03,28,-2,False,False,prompt_payer
INV13000950,B013,B013-C1036,Construction Client 036,Construction & Infra,30,57594.78,2024-04-26,2024-05-26,closed,2024-06-05,40,10,False,False,prompt_payer
INV13000951,B013,B013-C1036,Construction Client 036,Construction & Infra,30,51835.74,2024-06-21,2024-07-21,closed,2024-07-21,30,0,False,False,prompt_payer
INV13000952,B013,B013-C1036,Construction Client 036,Construction & Infra,30,63827.24,2024-06-22,2024-07-22,closed,2024-07-27,35,5,False,False,prompt_payer
INV13000953,B013,B013-C1036,Construction Client 036,Construction & Infra,30,40911.27,2024-06-29,2024-07-29,closed,2024-07-30,31,1,False,False,prompt_payer
INV13000954,B013,B013-C1036,Construction Client 036,Construction & Infra,30,85345.18,2024-07-31,2024-08-30,closed,2024-09-01,32,2,False,False,prompt_payer
INV13000955,B013,B013-C1036,Construction Client 036,Construction & Infra,30,95589.58,2024-09-03,2024-10-03,closed,2024-10-09,36,6,False,False,prompt_payer
INV13000956,B013,B013-C1036,Construction Client 036,Construction & Infra,30,74047.58,2024-09-23,2024-10-23,closed,2024-10-19,26,-4,False,False,prompt_payer
INV13000957,B013,B013-C1036,Construction Client 036,Construction & Infra,30,80905.45,2024-09-27,2024-10-27,closed,2024-10-24,27,-3,False,False,prompt_payer
INV13000958,B013,B013-C1036,Construction Client 036,Construction & Infra,30,52717.6,2024-10-13,2024-11-12,closed,2024-11-11,29,-1,False,False,prompt_payer
INV13000959,B013,B013-C1036,Construction Client 036,Construction & Infra,30,102997.12,2024-11-10,2024-12-10,closed,2024-12-19,39,9,False,False,prompt_payer
INV13000960,B013,B013-C1036,Construction Client 036,Construction & Infra,30,103320.36,2024-11-25,2024-12-25,closed,2024-12-25,30,0,False,False,prompt_payer
INV13000961,B013,B013-C1036,Construction Client 036,Construction & Infra,30,166916.17,2024-12-19,2025-01-18,closed,2025-01-20,32,2,False,True,prompt_payer
INV13000962,B013,B013-C1036,Construction Client 036,Construction & Infra,30,41471.84,2025-01-21,2025-02-20,closed,2025-02-18,28,-2,True,False,prompt_payer
INV13000963,B013,B013-C1036,Construction Client 036,Construction & Infra,30,99463.75,2025-01-31,2025-03-02,closed,2025-03-07,35,5,False,False,prompt_payer
INV13000964,B013,B013-C1036,Construction Client 036,Construction & Infra,30,76183.09,2025-02-17,2025-03-19,closed,2025-03-18,29,-1,False,False,prompt_payer
INV13000965,B013,B013-C1036,Construction Client 036,Construction & Infra,30,52412.02,2025-04-11,2025-05-11,closed,2025-05-09,28,-2,False,False,prompt_payer
INV13000966,B013,B013-C1036,Construction Client 036,Construction & Infra,30,66523.99,2025-04-27,2025-05-27,closed,2025-05-25,28,-2,False,False,prompt_payer
INV13000967,B013,B013-C1036,Construction Client 036,Construction & Infra,30,62889.17,2025-06-16,2025-07-16,closed,2025-07-17,31,1,False,False,prompt_payer
INV13000968,B013,B013-C1036,Construction Client 036,Construction & Infra,30,55985.87,2025-07-18,2025-08-17,closed,2025-08-18,31,1,False,False,prompt_payer
INV13000969,B013,B013-C1036,Construction Client 036,Construction & Infra,30,50915.98,2025-07-19,2025-08-18,closed,2025-08-15,27,-3,False,False,prompt_payer
INV13000970,B013,B013-C1036,Construction Client 036,Construction & Infra,30,64389.55,2025-09-09,2025-10-09,closed,2025-10-03,24,-6,False,False,prompt_payer
INV13000971,B013,B013-C1036,Construction Client 036,Construction & Infra,30,86217.36,2025-09-14,2025-10-14,closed,2025-10-14,30,0,False,False,prompt_payer
INV13000972,B013,B013-C1036,Construction Client 036,Construction & Infra,30,46301.07,2025-10-21,2025-11-20,closed,2025-11-17,27,-3,False,False,prompt_payer
INV13000973,B013,B013-C1036,Construction Client 036,Construction & Infra,30,55586.05,2025-11-10,2025-12-10,closed,2025-12-07,27,-3,False,False,prompt_payer
INV13000974,B013,B013-C1036,Construction Client 036,Construction & Infra,30,58833.37,2025-12-26,2026-01-25,closed,2026-01-26,31,1,False,False,prompt_payer
INV13000975,B013,B013-C1036,Construction Client 036,Construction & Infra,30,43761.97,2026-02-27,2026-03-29,closed,2026-03-23,24,-6,False,False,prompt_payer
INV13000976,B013,B013-C1036,Construction Client 036,Construction & Infra,30,103518.0,2026-04-07,2026-05-07,closed,2026-05-02,25,-5,False,False,prompt_payer
INV13000977,B013,B013-C1036,Construction Client 036,Construction & Infra,30,42790.46,2026-05-19,2026-06-18,closed,2026-06-25,37,7,False,False,prompt_payer
INV13000978,B013,B013-C1036,Construction Client 036,Construction & Infra,30,84571.2,2026-06-06,2026-07-06,closed,2026-07-07,31,1,False,False,prompt_payer
INV13000979,B013,B013-C1036,Construction Client 036,Construction & Infra,30,101794.08,2026-06-07,2026-07-07,closed,2026-07-06,29,-1,False,False,prompt_payer
INV13000980,B013,B013-C1036,Construction Client 036,Construction & Infra,30,56224.87,2026-06-23,2026-07-23,closed,2026-07-27,34,4,False,False,prompt_payer
INV13000981,B013,B013-C1037,Metal Client 037,Metal & Engineering,30,73986.2,2024-03-17,2024-04-16,closed,2024-04-15,29,-1,False,False,average_payer
INV13000982,B013,B013-C1037,Metal Client 037,Metal & Engineering,30,75121.06,2024-03-18,2024-04-17,closed,2024-04-20,33,3,False,False,average_payer
INV13000983,B013,B013-C1037,Metal Client 037,Metal & Engineering,30,88879.92,2024-04-07,2024-05-07,closed,2024-04-30,23,-7,False,False,average_payer
INV13000984,B013,B013-C1037,Metal Client 037,Metal & Engineering,30,133544.84,2024-04-11,2024-05-11,closed,2024-05-10,29,-1,False,False,average_payer
INV13000985,B013,B013-C1037,Metal Client 037,Metal & Engineering,30,109139.67,2024-06-24,2024-07-24,closed,2024-08-05,42,12,False,False,average_payer
INV13000986,B013,B013-C1037,Metal Client 037,Metal & Engineering,30,104008.35,2024-06-26,2024-07-26,closed,2024-08-14,49,19,False,False,average_payer
INV13000987,B013,B013-C1037,Metal Client 037,Metal & Engineering,30,76644.5,2024-09-04,2024-10-04,closed,2024-10-14,40,10,False,False,average_payer
INV13000988,B013,B013-C1037,Metal Client 037,Metal & Engineering,30,100918.48,2024-12-22,2025-01-21,closed,2025-02-01,41,11,True,False,average_payer
INV13000989,B013,B013-C1037,Metal Client 037,Metal & Engineering,30,130323.0,2025-01-13,2025-02-12,closed,2025-02-16,34,4,False,False,average_payer
INV13000990,B013,B013-C1037,Metal Client 037,Metal & Engineering,30,110298.7,2025-01-28,2025-02-27,closed,2025-03-02,33,3,False,False,average_payer
INV13000991,B013,B013-C1037,Metal Client 037,Metal & Engineering,30,465389.44,2025-02-05,2025-03-07,closed,2025-02-28,23,-7,False,True,average_payer
INV13000992,B013,B013-C1037,Metal Client 037,Metal & Engineering,30,77305.09,2025-02-16,2025-03-18,closed,2025-03-10,22,-8,False,False,average_payer
INV13000993,B013,B013-C1037,Metal Client 037,Metal & Engineering,30,127770.32,2025-03-12,2025-04-11,closed,2025-04-16,35,5,False,False,average_payer
INV13000994,B013,B013-C1037,Metal Client 037,Metal & Engineering,30,86865.66,2025-03-31,2025-04-30,closed,2025-05-17,47,17,False,False,average_payer
INV13000995,B013,B013-C1037,Metal Client 037,Metal & Engineering,30,90683.96,2025-04-05,2025-05-05,closed,2025-05-07,32,2,False,False,average_payer
INV13000996,B013,B013-C1037,Metal Client 037,Metal & Engineering,30,95566.84,2025-04-24,2025-05-24,closed,2025-05-23,29,-1,False,False,average_payer
INV13000997,B013,B013-C1037,Metal Client 037,Metal & Engineering,30,133693.58,2025-05-15,2025-06-14,closed,2025-06-25,41,11,False,False,average_payer
INV13000998,B013,B013-C1037,Metal Client 037,Metal & Engineering,30,121123.04,2025-05-16,2025-06-15,closed,2025-06-14,29,-1,False,False,average_payer
INV13000999,B013,B013-C1037,Metal Client 037,Metal & Engineering,30,96071.36,2025-06-03,2025-07-03,closed,2025-07-08,35,5,False,False,average_payer
INV13001000,B013,B013-C1037,Metal Client 037,Metal & Engineering,30,93341.33,2025-09-20,2025-10-20,closed,2025-10-18,28,-2,False,False,average_payer
INV13001001,B013,B013-C1037,Metal Client 037,Metal & Engineering,30,69410.49,2025-11-02,2025-12-02,closed,2025-12-10,38,8,False,False,average_payer
INV13001002,B013,B013-C1037,Metal Client 037,Metal & Engineering,30,90985.18,2026-01-23,2026-02-22,closed,2026-03-05,41,11,False,False,average_payer
INV13001003,B013,B013-C1037,Metal Client 037,Metal & Engineering,30,103504.11,2026-03-06,2026-04-05,closed,2026-04-18,43,13,False,False,average_payer
INV13001004,B013,B013-C1037,Metal Client 037,Metal & Engineering,30,105555.39,2026-03-17,2026-04-16,closed,2026-04-29,43,13,False,False,average_payer
INV13001005,B013,B013-C1037,Metal Client 037,Metal & Engineering,30,110157.13,2026-04-12,2026-05-12,closed,2026-05-19,37,7,False,False,average_payer
INV13001006,B013,B013-C1037,Metal Client 037,Metal & Engineering,30,80982.73,2026-04-28,2026-05-28,closed,2026-06-02,35,5,False,False,average_payer
INV13001007,B013,B013-C1037,Metal Client 037,Metal & Engineering,30,122887.43,2026-04-30,2026-05-30,closed,2026-05-30,30,0,False,False,average_payer
INV13001008,B013,B013-C1037,Metal Client 037,Metal & Engineering,30,207510.73,2026-05-05,2026-06-04,closed,2026-06-08,34,4,False,False,average_payer
INV13001009,B013,B013-C1037,Metal Client 037,Metal & Engineering,30,119589.26,2026-07-09,2026-08-08,closed,2026-08-06,28,-2,False,False,average_payer
INV13001010,B013,B013-C1037,Metal Client 037,Metal & Engineering,30,117174.91,2026-08-08,2026-09-07,open,,,,False,False,average_payer
INV13001011,B013,B013-C1038,Retail Client 038,Retail & Distribution,30,95258.47,2024-06-15,2024-07-15,closed,2024-07-18,33,3,False,False,prompt_payer
INV13001012,B013,B013-C1038,Retail Client 038,Retail & Distribution,30,107309.63,2024-06-27,2024-07-27,closed,2024-07-19,22,-8,False,False,prompt_payer
INV13001013,B013,B013-C1038,Retail Client 038,Retail & Distribution,30,76943.88,2024-07-22,2024-08-21,closed,2024-08-24,33,3,False,False,prompt_payer
INV13001014,B013,B013-C1038,Retail Client 038,Retail & Distribution,30,57950.3,2024-07-22,2024-08-21,closed,2024-08-14,23,-7,False,False,prompt_payer
INV13001015,B013,B013-C1038,Retail Client 038,Retail & Distribution,30,108653.3,2024-07-23,2024-08-22,closed,2024-08-21,29,-1,False,False,prompt_payer
INV13001016,B013,B013-C1038,Retail Client 038,Retail & Distribution,30,77791.37,2024-07-28,2024-08-27,closed,2024-08-27,30,0,False,False,prompt_payer
INV13001017,B013,B013-C1038,Retail Client 038,Retail & Distribution,30,43511.18,2024-09-15,2024-10-15,closed,2024-10-08,23,-7,False,False,prompt_payer
INV13001018,B013,B013-C1038,Retail Client 038,Retail & Distribution,30,154886.24,2024-10-10,2024-11-09,closed,2024-11-13,34,4,False,False,prompt_payer
INV13001019,B013,B013-C1038,Retail Client 038,Retail & Distribution,30,80684.61,2024-10-13,2024-11-12,closed,2024-11-16,34,4,False,False,prompt_payer
INV13001020,B013,B013-C1038,Retail Client 038,Retail & Distribution,30,221618.93,2024-10-16,2024-11-15,closed,2024-11-13,28,-2,False,False,prompt_payer
INV13001021,B013,B013-C1038,Retail Client 038,Retail & Distribution,30,84076.39,2024-10-25,2024-11-24,closed,2024-11-21,27,-3,False,False,prompt_payer
INV13001022,B013,B013-C1038,Retail Client 038,Retail & Distribution,30,97561.87,2024-10-29,2024-11-28,closed,2024-11-23,25,-5,False,False,prompt_payer
INV13001023,B013,B013-C1038,Retail Client 038,Retail & Distribution,30,78098.92,2024-11-03,2024-12-03,closed,2024-12-03,30,0,False,False,prompt_payer
INV13001024,B013,B013-C1038,Retail Client 038,Retail & Distribution,30,90225.72,2024-12-03,2025-01-02,open,,,,False,False,prompt_payer
INV13001025,B013,B013-C1038,Retail Client 038,Retail & Distribution,30,107031.81,2025-01-19,2025-02-18,closed,2025-02-20,32,2,False,False,prompt_payer
INV13001026,B013,B013-C1038,Retail Client 038,Retail & Distribution,30,158640.62,2025-02-17,2025-03-19,closed,2025-03-17,28,-2,False,False,prompt_payer
INV13001027,B013,B013-C1038,Retail Client 038,Retail & Distribution,30,137093.17,2025-02-25,2025-03-27,closed,2025-03-29,32,2,False,False,prompt_payer
INV13001028,B013,B013-C1038,Retail Client 038,Retail & Distribution,30,391772.57,2025-03-25,2025-04-24,closed,2025-04-23,29,-1,False,True,prompt_payer
INV13001029,B013,B013-C1038,Retail Client 038,Retail & Distribution,30,126907.06,2025-04-13,2025-05-13,closed,2025-05-11,28,-2,False,False,prompt_payer
INV13001030,B013,B013-C1038,Retail Client 038,Retail & Distribution,30,82747.9,2025-05-26,2025-06-25,closed,2025-06-24,29,-1,False,False,prompt_payer
INV13001031,B013,B013-C1038,Retail Client 038,Retail & Distribution,30,122968.72,2025-06-19,2025-07-19,closed,2025-07-19,30,0,False,False,prompt_payer
INV13001032,B013,B013-C1038,Retail Client 038,Retail & Distribution,30,98374.33,2025-07-10,2025-08-09,closed,2025-08-14,35,5,False,False,prompt_payer
INV13001033,B013,B013-C1038,Retail Client 038,Retail & Distribution,30,101106.61,2025-07-28,2025-08-27,closed,2025-08-25,28,-2,False,False,prompt_payer
INV13001034,B013,B013-C1038,Retail Client 038,Retail & Distribution,30,53310.55,2025-09-04,2025-10-04,closed,2025-10-02,28,-2,False,False,prompt_payer
INV13001035,B013,B013-C1038,Retail Client 038,Retail & Distribution,30,102012.32,2025-10-31,2025-11-30,closed,2025-11-30,30,0,False,False,prompt_payer
INV13001036,B013,B013-C1038,Retail Client 038,Retail & Distribution,30,131468.12,2025-11-06,2025-12-06,closed,2025-12-02,26,-4,False,False,prompt_payer
INV13001037,B013,B013-C1038,Retail Client 038,Retail & Distribution,30,134368.12,2025-11-12,2025-12-12,closed,2025-12-06,24,-6,False,False,prompt_payer
INV13001038,B013,B013-C1038,Retail Client 038,Retail & Distribution,30,64438.33,2025-12-31,2026-01-30,closed,2026-02-04,35,5,False,False,prompt_payer
INV13001039,B013,B013-C1038,Retail Client 038,Retail & Distribution,30,119481.11,2026-01-05,2026-02-04,closed,2026-01-29,24,-6,False,False,prompt_payer
INV13001040,B013,B013-C1038,Retail Client 038,Retail & Distribution,30,103618.55,2026-02-13,2026-03-15,closed,2026-03-18,33,3,False,False,prompt_payer
INV13001041,B013,B013-C1038,Retail Client 038,Retail & Distribution,30,81730.9,2026-03-10,2026-04-09,closed,2026-04-08,29,-1,False,False,prompt_payer
INV13001042,B013,B013-C1038,Retail Client 038,Retail & Distribution,30,155868.06,2026-03-13,2026-04-12,closed,2026-04-09,27,-3,False,False,prompt_payer
INV13001043,B013,B013-C1038,Retail Client 038,Retail & Distribution,30,85565.4,2026-03-30,2026-04-29,closed,2026-04-29,30,0,False,False,prompt_payer
INV13001044,B013,B013-C1038,Retail Client 038,Retail & Distribution,30,107244.38,2026-07-08,2026-08-07,closed,2026-08-06,29,-1,False,False,prompt_payer
INV13001045,B013,B013-C1038,Retail Client 038,Retail & Distribution,30,111077.84,2026-08-22,2026-09-21,disputed_open,,,,False,False,prompt_payer
INV13001046,B013,B013-C1038,Retail Client 038,Retail & Distribution,30,102039.67,2026-08-29,2026-09-28,disputed_open,,,,False,False,prompt_payer
INV13001047,B013,B013-C1039,Textiles Client 039,Textiles & Apparel,45,160212.2,2024-06-14,2024-07-29,closed,2024-07-28,44,-1,False,False,average_payer
INV13001048,B013,B013-C1039,Textiles Client 039,Textiles & Apparel,45,230817.54,2024-06-24,2024-08-08,closed,2024-07-27,33,-12,False,False,average_payer
INV13001049,B013,B013-C1039,Textiles Client 039,Textiles & Apparel,45,645491.15,2024-07-29,2024-09-12,closed,2024-09-14,47,2,False,True,average_payer
INV13001050,B013,B013-C1039,Textiles Client 039,Textiles & Apparel,45,187139.8,2024-08-14,2024-09-28,closed,2024-10-15,62,17,False,False,average_payer
INV13001051,B013,B013-C1039,Textiles Client 039,Textiles & Apparel,45,155758.16,2024-08-30,2024-10-14,closed,2024-10-17,48,3,False,False,average_payer
INV13001052,B013,B013-C1039,Textiles Client 039,Textiles & Apparel,45,373150.37,2024-09-02,2024-10-17,closed,2024-10-20,48,3,False,False,average_payer
INV13001053,B013,B013-C1039,Textiles Client 039,Textiles & Apparel,45,276066.07,2024-09-17,2024-11-01,closed,2024-11-07,51,6,False,False,average_payer
INV13001054,B013,B013-C1039,Textiles Client 039,Textiles & Apparel,45,233908.72,2024-09-20,2024-11-04,closed,2024-11-13,54,9,False,False,average_payer
INV13001055,B013,B013-C1039,Textiles Client 039,Textiles & Apparel,45,281750.71,2024-10-29,2024-12-13,closed,2024-12-20,52,7,False,False,average_payer
INV13001056,B013,B013-C1039,Textiles Client 039,Textiles & Apparel,45,235562.27,2024-11-08,2024-12-23,closed,2024-12-28,50,5,False,False,average_payer
INV13001057,B013,B013-C1039,Textiles Client 039,Textiles & Apparel,45,279489.61,2024-11-21,2025-01-05,closed,2025-01-17,57,12,False,False,average_payer
INV13001058,B013,B013-C1039,Textiles Client 039,Textiles & Apparel,45,259275.88,2025-01-07,2025-02-21,closed,2025-02-20,44,-1,False,False,average_payer
INV13001059,B013,B013-C1039,Textiles Client 039,Textiles & Apparel,45,215993.36,2025-01-15,2025-03-01,closed,2025-03-15,59,14,False,False,average_payer
INV13001060,B013,B013-C1039,Textiles Client 039,Textiles & Apparel,45,209676.97,2025-01-17,2025-03-03,closed,2025-03-01,43,-2,False,False,average_payer
INV13001061,B013,B013-C1039,Textiles Client 039,Textiles & Apparel,45,149815.45,2025-01-20,2025-03-06,closed,2025-02-22,33,-12,False,False,average_payer
INV13001062,B013,B013-C1039,Textiles Client 039,Textiles & Apparel,45,181110.73,2025-01-22,2025-03-08,closed,2025-03-28,65,20,False,False,average_payer
INV13001063,B013,B013-C1039,Textiles Client 039,Textiles & Apparel,45,168595.36,2025-01-26,2025-03-12,closed,2025-03-15,48,3,False,False,average_payer
INV13001064,B013,B013-C1039,Textiles Client 039,Textiles & Apparel,45,138803.67,2025-02-07,2025-03-24,closed,2025-03-21,42,-3,False,False,average_payer
INV13001065,B013,B013-C1039,Textiles Client 039,Textiles & Apparel,45,256594.68,2025-02-11,2025-03-28,closed,2025-04-01,49,4,False,False,average_payer
INV13001066,B013,B013-C1039,Textiles Client 039,Textiles & Apparel,45,230272.08,2025-02-22,2025-04-08,closed,2025-04-12,49,4,False,False,average_payer
INV13001067,B013,B013-C1039,Textiles Client 039,Textiles & Apparel,45,216962.08,2025-03-30,2025-05-14,closed,2025-05-12,43,-2,False,False,average_payer
INV13001068,B013,B013-C1039,Textiles Client 039,Textiles & Apparel,45,212102.54,2025-04-02,2025-05-17,closed,2025-05-17,45,0,False,False,average_payer
INV13001069,B013,B013-C1039,Textiles Client 039,Textiles & Apparel,45,225890.0,2025-04-29,2025-06-13,closed,2025-06-18,50,5,False,False,average_payer
INV13001070,B013,B013-C1039,Textiles Client 039,Textiles & Apparel,45,225782.7,2025-05-04,2025-06-18,closed,2025-06-22,49,4,False,False,average_payer
INV13001071,B013,B013-C1039,Textiles Client 039,Textiles & Apparel,45,108086.2,2025-07-22,2025-09-05,closed,2025-08-31,40,-5,False,False,average_payer
INV13001072,B013,B013-C1039,Textiles Client 039,Textiles & Apparel,45,186563.87,2025-07-28,2025-09-11,closed,2025-09-13,47,2,False,False,average_payer
INV13001073,B013,B013-C1039,Textiles Client 039,Textiles & Apparel,45,236406.84,2025-08-21,2025-10-05,closed,2025-10-14,54,9,False,False,average_payer
INV13001074,B013,B013-C1039,Textiles Client 039,Textiles & Apparel,45,535455.95,2025-09-02,2025-10-17,closed,2025-10-22,50,5,False,False,average_payer
INV13001075,B013,B013-C1039,Textiles Client 039,Textiles & Apparel,45,329511.91,2025-09-14,2025-10-29,closed,2025-11-05,52,7,False,False,average_payer
INV13001076,B013,B013-C1039,Textiles Client 039,Textiles & Apparel,45,238535.11,2025-09-26,2025-11-10,closed,2025-11-21,56,11,False,False,average_payer
INV13001077,B013,B013-C1039,Textiles Client 039,Textiles & Apparel,45,190571.27,2025-10-02,2025-11-16,closed,2025-11-18,47,2,False,False,average_payer
INV13001078,B013,B013-C1039,Textiles Client 039,Textiles & Apparel,45,249332.54,2025-10-10,2025-11-24,closed,2025-12-06,57,12,False,False,average_payer
INV13001079,B013,B013-C1039,Textiles Client 039,Textiles & Apparel,45,108596.88,2025-10-17,2025-12-01,closed,2025-12-18,62,17,False,False,average_payer
INV13001080,B013,B013-C1039,Textiles Client 039,Textiles & Apparel,45,216604.88,2025-10-23,2025-12-07,closed,2025-12-03,41,-4,False,False,average_payer
INV13001081,B013,B013-C1039,Textiles Client 039,Textiles & Apparel,45,411055.77,2025-11-03,2025-12-18,closed,2025-12-26,53,8,False,False,average_payer
INV13001082,B013,B013-C1039,Textiles Client 039,Textiles & Apparel,45,295700.2,2025-11-26,2026-01-10,closed,2026-01-15,50,5,False,False,average_payer
INV13001083,B013,B013-C1039,Textiles Client 039,Textiles & Apparel,45,183473.34,2025-11-27,2026-01-11,closed,2026-01-14,48,3,False,False,average_payer
INV13001084,B013,B013-C1039,Textiles Client 039,Textiles & Apparel,45,185987.4,2025-12-05,2026-01-19,closed,2026-01-23,49,4,False,False,average_payer
INV13001085,B013,B013-C1039,Textiles Client 039,Textiles & Apparel,45,247750.77,2025-12-08,2026-01-22,closed,2026-01-26,49,4,False,False,average_payer
INV13001086,B013,B013-C1039,Textiles Client 039,Textiles & Apparel,45,228358.5,2025-12-30,2026-02-13,closed,2026-02-25,57,12,False,False,average_payer
INV13001087,B013,B013-C1039,Textiles Client 039,Textiles & Apparel,45,195449.71,2026-01-14,2026-02-28,closed,2026-02-26,43,-2,False,False,average_payer
INV13001088,B013,B013-C1039,Textiles Client 039,Textiles & Apparel,45,231948.33,2026-02-28,2026-04-14,closed,2026-05-03,64,19,False,False,average_payer
INV13001089,B013,B013-C1039,Textiles Client 039,Textiles & Apparel,45,212530.63,2026-03-17,2026-05-01,closed,2026-04-25,39,-6,False,False,average_payer
INV13001090,B013,B013-C1039,Textiles Client 039,Textiles & Apparel,45,282250.02,2026-03-18,2026-05-02,closed,2026-04-22,35,-10,False,False,average_payer
INV13001091,B013,B013-C1039,Textiles Client 039,Textiles & Apparel,45,242614.85,2026-03-28,2026-05-12,closed,2026-05-15,48,3,False,False,average_payer
INV13001092,B013,B013-C1039,Textiles Client 039,Textiles & Apparel,45,178965.0,2026-04-20,2026-06-04,closed,2026-06-11,52,7,False,False,average_payer
INV13001093,B013,B013-C1039,Textiles Client 039,Textiles & Apparel,45,290499.7,2026-04-28,2026-06-12,closed,2026-06-22,55,10,False,False,average_payer
INV13001094,B013,B013-C1039,Textiles Client 039,Textiles & Apparel,45,174774.24,2026-05-09,2026-06-23,closed,2026-06-30,52,7,False,False,average_payer
INV13001095,B013,B013-C1039,Textiles Client 039,Textiles & Apparel,45,162064.1,2026-08-11,2026-09-25,open,,,,False,False,average_payer
INV13001096,B013,B013-C1039,Textiles Client 039,Textiles & Apparel,45,237018.46,2026-08-28,2026-10-12,open,,,,False,False,average_payer
INV13001097,B013,B013-C1040,Metal Client 040,Metal & Engineering,60,39240.04,2024-03-27,2024-05-26,closed,2024-06-24,89,29,False,False,improving_payer
INV13001098,B013,B013-C1040,Metal Client 040,Metal & Engineering,60,64103.22,2024-04-01,2024-05-31,closed,2024-07-03,93,33,False,False,improving_payer
INV13001099,B013,B013-C1040,Metal Client 040,Metal & Engineering,60,75587.17,2024-04-10,2024-06-09,closed,2024-07-16,97,37,False,False,improving_payer
INV13001100,B013,B013-C1040,Metal Client 040,Metal & Engineering,60,46384.38,2024-05-03,2024-07-02,closed,2024-08-10,99,39,False,False,improving_payer
INV13001101,B013,B013-C1040,Metal Client 040,Metal & Engineering,60,150692.57,2024-07-21,2024-09-19,closed,2024-10-30,101,41,False,True,improving_payer
INV13001102,B013,B013-C1040,Metal Client 040,Metal & Engineering,60,75957.94,2024-08-06,2024-10-05,closed,2024-11-07,93,33,False,False,improving_payer
INV13001103,B013,B013-C1040,Metal Client 040,Metal & Engineering,60,60805.52,2024-08-14,2024-10-13,closed,2024-11-06,84,24,False,False,improving_payer
INV13001104,B013,B013-C1040,Metal Client 040,Metal & Engineering,60,35042.99,2024-08-17,2024-10-16,closed,2024-11-24,99,39,False,False,improving_payer
INV13001105,B013,B013-C1040,Metal Client 040,Metal & Engineering,60,57591.4,2024-10-31,2024-12-30,closed,2025-02-07,99,39,False,False,improving_payer
INV13001106,B013,B013-C1040,Metal Client 040,Metal & Engineering,60,39464.25,2024-11-24,2025-01-23,closed,2025-02-28,96,36,False,False,improving_payer
INV13001107,B013,B013-C1040,Metal Client 040,Metal & Engineering,60,35468.72,2024-12-16,2025-02-14,closed,2025-03-19,93,33,False,False,improving_payer
INV13001108,B013,B013-C1040,Metal Client 040,Metal & Engineering,60,43024.06,2025-01-15,2025-03-16,closed,2025-04-16,91,31,False,False,improving_payer
INV13001109,B013,B013-C1040,Metal Client 040,Metal & Engineering,60,46082.18,2025-01-25,2025-03-26,closed,2025-04-29,94,34,False,False,improving_payer
INV13001110,B013,B013-C1040,Metal Client 040,Metal & Engineering,60,57676.99,2025-02-19,2025-04-20,closed,2025-05-12,82,22,False,False,improving_payer
INV13001111,B013,B013-C1040,Metal Client 040,Metal & Engineering,60,62008.28,2025-03-01,2025-04-30,closed,2025-06-02,93,33,False,False,improving_payer
INV13001112,B013,B013-C1040,Metal Client 040,Metal & Engineering,60,42896.47,2025-05-06,2025-07-05,closed,2025-07-30,85,25,False,False,improving_payer
INV13001113,B013,B013-C1040,Metal Client 040,Metal & Engineering,60,71107.64,2025-05-13,2025-07-12,closed,2025-08-08,87,27,False,False,improving_payer
INV13001114,B013,B013-C1040,Metal Client 040,Metal & Engineering,60,41090.82,2025-06-01,2025-07-31,closed,2025-08-18,78,18,False,False,improving_payer
INV13001115,B013,B013-C1040,Metal Client 040,Metal & Engineering,60,52268.54,2025-06-08,2025-08-07,closed,2025-08-14,67,7,False,False,improving_payer
INV13001116,B013,B013-C1040,Metal Client 040,Metal & Engineering,60,45526.72,2025-06-13,2025-08-12,closed,2025-09-10,89,29,False,False,improving_payer
INV13001117,B013,B013-C1040,Metal Client 040,Metal & Engineering,60,54519.12,2025-06-28,2025-08-27,closed,2025-09-30,94,34,False,False,improving_payer
INV13001118,B013,B013-C1040,Metal Client 040,Metal & Engineering,60,49155.44,2025-06-29,2025-08-28,closed,2025-09-25,88,28,False,False,improving_payer
INV13001119,B013,B013-C1040,Metal Client 040,Metal & Engineering,60,34982.62,2025-07-18,2025-09-16,closed,2025-10-08,82,22,False,False,improving_payer
INV13001120,B013,B013-C1040,Metal Client 040,Metal & Engineering,60,63927.34,2025-07-18,2025-09-16,closed,2025-10-05,79,19,False,False,improving_payer
INV13001121,B013,B013-C1040,Metal Client 040,Metal & Engineering,60,126447.95,2025-08-04,2025-10-03,closed,2025-10-20,77,17,False,False,improving_payer
INV13001122,B013,B013-C1040,Metal Client 040,Metal & Engineering,60,95614.13,2025-08-13,2025-10-12,closed,2025-10-23,71,11,False,False,improving_payer
INV13001123,B013,B013-C1040,Metal Client 040,Metal & Engineering,60,45178.6,2025-08-31,2025-10-30,closed,2025-11-17,78,18,False,False,improving_payer
INV13001124,B013,B013-C1040,Metal Client 040,Metal & Engineering,60,36568.14,2025-10-04,2025-12-03,closed,2025-12-31,88,28,False,False,improving_payer
INV13001125,B013,B013-C1040,Metal Client 040,Metal & Engineering,60,42448.71,2025-10-16,2025-12-15,closed,2025-12-28,73,13,False,False,improving_payer
INV13001126,B013,B013-C1040,Metal Client 040,Metal & Engineering,60,51528.02,2025-10-31,2025-12-30,closed,2026-01-22,83,23,False,False,improving_payer
INV13001127,B013,B013-C1040,Metal Client 040,Metal & Engineering,60,72057.06,2025-11-05,2026-01-04,closed,2026-01-18,74,14,False,False,improving_payer
INV13001128,B013,B013-C1040,Metal Client 040,Metal & Engineering,60,34073.1,2025-11-22,2026-01-21,closed,2026-02-09,79,19,False,False,improving_payer
INV13001129,B013,B013-C1040,Metal Client 040,Metal & Engineering,60,31504.97,2025-12-06,2026-02-04,closed,2026-03-05,89,29,False,False,improving_payer
INV13001130,B013,B013-C1040,Metal Client 040,Metal & Engineering,60,49630.77,2025-12-06,2026-02-04,closed,2026-02-22,78,18,False,False,improving_payer
INV13001131,B013,B013-C1040,Metal Client 040,Metal & Engineering,60,83232.66,2025-12-14,2026-02-12,closed,2026-02-19,67,7,False,False,improving_payer
INV13001132,B013,B013-C1040,Metal Client 040,Metal & Engineering,60,51682.23,2025-12-17,2026-02-15,open,,,,False,False,improving_payer
INV13001133,B013,B013-C1040,Metal Client 040,Metal & Engineering,60,51025.98,2026-01-16,2026-03-17,closed,2026-03-14,57,-3,False,False,improving_payer
INV13001134,B013,B013-C1040,Metal Client 040,Metal & Engineering,60,75584.76,2026-01-17,2026-03-18,closed,2026-03-26,68,8,False,False,improving_payer
INV13001135,B013,B013-C1040,Metal Client 040,Metal & Engineering,60,51154.24,2026-01-22,2026-03-23,closed,2026-03-27,64,4,False,False,improving_payer
INV13001136,B013,B013-C1040,Metal Client 040,Metal & Engineering,60,65390.37,2026-02-02,2026-04-03,closed,2026-04-19,76,16,False,False,improving_payer
INV13001137,B013,B013-C1040,Metal Client 040,Metal & Engineering,60,83283.79,2026-04-28,2026-06-27,closed,2026-07-02,65,5,True,False,improving_payer
INV13001138,B013,B013-C1040,Metal Client 040,Metal & Engineering,60,61850.37,2026-05-08,2026-07-07,closed,2026-07-18,71,11,False,False,improving_payer
INV13001139,B013,B013-C1040,Metal Client 040,Metal & Engineering,60,93436.19,2026-05-08,2026-07-07,closed,2026-07-12,65,5,False,False,improving_payer
INV13001140,B013,B013-C1040,Metal Client 040,Metal & Engineering,60,48874.93,2026-06-14,2026-08-13,closed,2026-08-24,71,11,False,False,improving_payer
INV13001141,B013,B013-C1040,Metal Client 040,Metal & Engineering,60,34822.83,2026-07-12,2026-09-10,open,,,,False,False,improving_payer
INV13001142,B013,B013-C1040,Metal Client 040,Metal & Engineering,60,71553.01,2026-08-01,2026-09-30,disputed_open,,,,False,False,improving_payer
INV13001143,B013,B013-C1040,Metal Client 040,Metal & Engineering,60,57276.92,2026-08-12,2026-10-11,open,,,,False,False,improving_payer
INV13001144,B013,B013-C1040,Metal Client 040,Metal & Engineering,60,51961.26,2026-08-14,2026-10-13,disputed_open,,,,False,False,improving_payer
INV13001145,B013,B013-C1041,Chemicals Client 041,Chemicals & Plastics,45,860619.64,2024-07-18,2024-09-01,closed,2024-09-01,45,0,False,False,cold_start
INV13001146,B013,B013-C1041,Chemicals Client 041,Chemicals & Plastics,45,411598.26,2025-01-10,2025-02-24,closed,2025-03-09,58,13,False,False,cold_start
INV13001147,B013,B013-C1041,Chemicals Client 041,Chemicals & Plastics,45,1009833.28,2026-04-09,2026-05-24,closed,2026-06-16,68,23,False,False,cold_start
INV13001148,B013,B013-C1042,Chemicals Client 042,Chemicals & Plastics,30,128415.2,2024-03-29,2024-04-28,closed,2024-05-01,33,3,False,False,average_payer
INV13001149,B013,B013-C1042,Chemicals Client 042,Chemicals & Plastics,30,661047.01,2024-04-13,2024-05-13,closed,2024-05-27,44,14,False,True,average_payer
INV13001150,B013,B013-C1042,Chemicals Client 042,Chemicals & Plastics,30,174922.24,2024-05-01,2024-05-31,closed,2024-06-02,32,2,False,False,average_payer
INV13001151,B013,B013-C1042,Chemicals Client 042,Chemicals & Plastics,30,185621.84,2024-05-07,2024-06-06,closed,2024-06-10,34,4,False,False,average_payer
INV13001152,B013,B013-C1042,Chemicals Client 042,Chemicals & Plastics,30,223374.63,2024-07-07,2024-08-06,closed,2024-08-18,42,12,False,False,average_payer
INV13001153,B013,B013-C1042,Chemicals Client 042,Chemicals & Plastics,30,147979.35,2024-07-31,2024-08-30,closed,2024-09-05,36,6,False,False,average_payer
INV13001154,B013,B013-C1042,Chemicals Client 042,Chemicals & Plastics,30,238514.41,2024-08-02,2024-09-01,open,,,,False,False,average_payer
INV13001155,B013,B013-C1042,Chemicals Client 042,Chemicals & Plastics,30,130247.86,2024-08-31,2024-09-30,closed,2024-10-02,32,2,False,False,average_payer
INV13001156,B013,B013-C1042,Chemicals Client 042,Chemicals & Plastics,30,96311.81,2024-10-17,2024-11-16,closed,2024-11-24,38,8,False,False,average_payer
INV13001157,B013,B013-C1042,Chemicals Client 042,Chemicals & Plastics,30,230532.52,2024-10-30,2024-11-29,closed,2024-12-08,39,9,False,False,average_payer
INV13001158,B013,B013-C1042,Chemicals Client 042,Chemicals & Plastics,30,88588.24,2024-11-12,2024-12-12,closed,2024-12-15,33,3,False,False,average_payer
INV13001159,B013,B013-C1042,Chemicals Client 042,Chemicals & Plastics,30,168369.2,2024-12-13,2025-01-12,closed,2025-01-19,37,7,False,False,average_payer
INV13001160,B013,B013-C1042,Chemicals Client 042,Chemicals & Plastics,30,166725.59,2024-12-31,2025-01-30,closed,2025-01-24,24,-6,False,False,average_payer
INV13001161,B013,B013-C1042,Chemicals Client 042,Chemicals & Plastics,30,99789.85,2025-01-31,2025-03-02,closed,2025-03-08,36,6,False,False,average_payer
INV13001162,B013,B013-C1042,Chemicals Client 042,Chemicals & Plastics,30,137397.82,2025-02-19,2025-03-21,closed,2025-04-03,43,13,False,False,average_payer
INV13001163,B013,B013-C1042,Chemicals Client 042,Chemicals & Plastics,30,110380.91,2025-03-09,2025-04-08,closed,2025-03-31,22,-8,False,False,average_payer
INV13001164,B013,B013-C1042,Chemicals Client 042,Chemicals & Plastics,30,167264.18,2025-04-07,2025-05-07,closed,2025-05-11,34,4,False,False,average_payer
INV13001165,B013,B013-C1042,Chemicals Client 042,Chemicals & Plastics,30,148468.05,2025-05-05,2025-06-04,closed,2025-06-20,46,16,False,False,average_payer
INV13001166,B013,B013-C1042,Chemicals Client 042,Chemicals & Plastics,30,191437.23,2025-06-15,2025-07-15,closed,2025-07-09,24,-6,False,False,average_payer
INV13001167,B013,B013-C1042,Chemicals Client 042,Chemicals & Plastics,30,146303.05,2025-07-05,2025-08-04,closed,2025-08-09,35,5,False,False,average_payer
INV13001168,B013,B013-C1042,Chemicals Client 042,Chemicals & Plastics,30,308152.83,2025-10-01,2025-10-31,closed,2025-11-02,32,2,False,False,average_payer
INV13001169,B013,B013-C1042,Chemicals Client 042,Chemicals & Plastics,30,418281.93,2025-12-21,2026-01-20,closed,2026-01-31,41,11,True,False,average_payer
INV13001170,B013,B013-C1042,Chemicals Client 042,Chemicals & Plastics,30,622669.97,2026-01-10,2026-02-09,closed,2026-02-14,35,5,True,True,average_payer
INV13001171,B013,B013-C1042,Chemicals Client 042,Chemicals & Plastics,30,126949.81,2026-02-01,2026-03-03,closed,2026-03-13,40,10,False,False,average_payer
INV13001172,B013,B013-C1042,Chemicals Client 042,Chemicals & Plastics,30,124049.71,2026-02-27,2026-03-29,closed,2026-03-29,30,0,False,False,average_payer
INV13001173,B013,B013-C1042,Chemicals Client 042,Chemicals & Plastics,30,530204.36,2026-05-13,2026-06-12,closed,2026-06-25,43,13,False,True,average_payer
INV13001174,B013,B013-C1042,Chemicals Client 042,Chemicals & Plastics,30,172566.04,2026-06-24,2026-07-24,closed,2026-07-26,32,2,False,False,average_payer
INV13001175,B013,B013-C1042,Chemicals Client 042,Chemicals & Plastics,30,97708.16,2026-08-06,2026-09-05,open,,,,False,False,average_payer
INV13001176,B013,B013-C1042,Chemicals Client 042,Chemicals & Plastics,30,205530.63,2026-08-15,2026-09-14,open,,,,False,False,average_payer
INV13001177,B013,B013-C1043,Pharma Client 043,Pharma & Healthcare,45,63194.93,2024-03-21,2024-05-05,closed,2024-05-10,50,5,False,False,seasonal_payer
INV13001178,B013,B013-C1043,Pharma Client 043,Pharma & Healthcare,45,67590.16,2024-04-16,2024-05-31,closed,2024-05-31,45,0,True,False,seasonal_payer
INV13001179,B013,B013-C1043,Pharma Client 043,Pharma & Healthcare,45,62430.71,2024-04-23,2024-06-07,closed,2024-06-19,57,12,False,False,seasonal_payer
INV13001180,B013,B013-C1043,Pharma Client 043,Pharma & Healthcare,45,72674.69,2024-05-04,2024-06-18,closed,2024-07-05,62,17,False,False,seasonal_payer
INV13001181,B013,B013-C1043,Pharma Client 043,Pharma & Healthcare,45,79780.84,2024-06-12,2024-07-27,closed,2024-08-11,60,15,False,False,seasonal_payer
INV13001182,B013,B013-C1043,Pharma Client 043,Pharma & Healthcare,45,86863.48,2024-06-19,2024-08-03,closed,2024-08-10,52,7,False,False,seasonal_payer
INV13001183,B013,B013-C1043,Pharma Client 043,Pharma & Healthcare,45,82752.48,2024-06-23,2024-08-07,closed,2024-08-20,58,13,False,False,seasonal_payer
INV13001184,B013,B013-C1043,Pharma Client 043,Pharma & Healthcare,45,88094.3,2024-07-01,2024-08-15,closed,2024-09-04,65,20,False,False,seasonal_payer
INV13001185,B013,B013-C1043,Pharma Client 043,Pharma & Healthcare,45,61571.61,2024-07-27,2024-09-10,closed,2024-09-17,52,7,False,False,seasonal_payer
INV13001186,B013,B013-C1043,Pharma Client 043,Pharma & Healthcare,45,54280.82,2024-09-26,2024-11-10,closed,2024-11-09,44,-1,False,False,seasonal_payer
INV13001187,B013,B013-C1043,Pharma Client 043,Pharma & Healthcare,45,130803.19,2024-10-02,2024-11-16,closed,2024-11-16,45,0,False,False,seasonal_payer
INV13001188,B013,B013-C1043,Pharma Client 043,Pharma & Healthcare,45,41129.25,2024-10-05,2024-11-19,closed,2024-11-23,49,4,False,False,seasonal_payer
INV13001189,B013,B013-C1043,Pharma Client 043,Pharma & Healthcare,45,69629.2,2024-10-14,2024-11-28,closed,2024-11-20,37,-8,False,False,seasonal_payer
INV13001190,B013,B013-C1043,Pharma Client 043,Pharma & Healthcare,45,44388.06,2024-10-22,2024-12-06,closed,2024-11-30,39,-6,False,False,seasonal_payer
INV13001191,B013,B013-C1043,Pharma Client 043,Pharma & Healthcare,45,74613.04,2024-10-22,2024-12-06,closed,2024-12-03,42,-3,False,False,seasonal_payer
INV13001192,B013,B013-C1043,Pharma Client 043,Pharma & Healthcare,45,81048.21,2024-12-19,2025-02-02,closed,2025-01-30,42,-3,False,False,seasonal_payer
INV13001193,B013,B013-C1043,Pharma Client 043,Pharma & Healthcare,45,70176.18,2024-12-19,2025-02-02,closed,2025-02-06,49,4,False,False,seasonal_payer
INV13001194,B013,B013-C1043,Pharma Client 043,Pharma & Healthcare,45,54282.25,2025-01-09,2025-02-23,closed,2025-03-05,55,10,False,False,seasonal_payer
INV13001195,B013,B013-C1043,Pharma Client 043,Pharma & Healthcare,45,60977.6,2025-02-12,2025-03-29,closed,2025-04-05,52,7,False,False,seasonal_payer
INV13001196,B013,B013-C1043,Pharma Client 043,Pharma & Healthcare,45,102688.7,2025-03-16,2025-04-30,closed,2025-04-22,37,-8,False,False,seasonal_payer
INV13001197,B013,B013-C1043,Pharma Client 043,Pharma & Healthcare,45,53453.24,2025-03-18,2025-05-02,closed,2025-05-13,56,11,False,False,seasonal_payer
INV13001198,B013,B013-C1043,Pharma Client 043,Pharma & Healthcare,45,57559.93,2025-03-21,2025-05-05,closed,2025-05-19,59,14,False,False,seasonal_payer
INV13001199,B013,B013-C1043,Pharma Client 043,Pharma & Healthcare,45,77366.85,2025-05-29,2025-07-13,closed,2025-07-26,58,13,False,False,seasonal_payer
INV13001200,B013,B013-C1043,Pharma Client 043,Pharma & Healthcare,45,33043.69,2025-06-18,2025-08-02,closed,2025-08-20,63,18,False,False,seasonal_payer
INV13001201,B013,B013-C1043,Pharma Client 043,Pharma & Healthcare,45,85314.23,2025-07-19,2025-09-02,closed,2025-09-11,54,9,False,False,seasonal_payer
INV13001202,B013,B013-C1043,Pharma Client 043,Pharma & Healthcare,45,67399.05,2025-08-03,2025-09-17,closed,2025-10-01,59,14,False,False,seasonal_payer
INV13001203,B013,B013-C1043,Pharma Client 043,Pharma & Healthcare,45,109253.45,2025-08-10,2025-09-24,closed,2025-10-05,56,11,False,True,seasonal_payer
INV13001204,B013,B013-C1043,Pharma Client 043,Pharma & Healthcare,45,58128.54,2025-08-24,2025-10-08,closed,2025-10-16,53,8,False,False,seasonal_payer
INV13001205,B013,B013-C1043,Pharma Client 043,Pharma & Healthcare,45,55232.34,2025-09-07,2025-10-22,closed,2025-10-23,46,1,False,False,seasonal_payer
INV13001206,B013,B013-C1043,Pharma Client 043,Pharma & Healthcare,45,96878.39,2025-10-14,2025-11-28,closed,2025-12-07,54,9,False,False,seasonal_payer
INV13001207,B013,B013-C1043,Pharma Client 043,Pharma & Healthcare,45,111434.78,2025-10-21,2025-12-05,closed,2025-12-09,49,4,False,False,seasonal_payer
INV13001208,B013,B013-C1043,Pharma Client 043,Pharma & Healthcare,45,76013.68,2025-12-08,2026-01-22,closed,2026-01-29,52,7,False,False,seasonal_payer
INV13001209,B013,B013-C1043,Pharma Client 043,Pharma & Healthcare,45,48671.15,2025-12-19,2026-02-02,closed,2026-02-09,52,7,False,False,seasonal_payer
INV13001210,B013,B013-C1043,Pharma Client 043,Pharma & Healthcare,45,104829.46,2025-12-25,2026-02-08,closed,2026-02-07,44,-1,False,False,seasonal_payer
INV13001211,B013,B013-C1043,Pharma Client 043,Pharma & Healthcare,45,93756.5,2026-02-09,2026-03-26,closed,2026-04-02,52,7,False,False,seasonal_payer
INV13001212,B013,B013-C1043,Pharma Client 043,Pharma & Healthcare,45,54101.06,2026-02-13,2026-03-30,closed,2026-04-06,52,7,False,False,seasonal_payer
INV13001213,B013,B013-C1043,Pharma Client 043,Pharma & Healthcare,45,76872.86,2026-02-26,2026-04-12,closed,2026-04-17,50,5,False,False,seasonal_payer
INV13001214,B013,B013-C1043,Pharma Client 043,Pharma & Healthcare,45,249201.2,2026-03-23,2026-05-07,closed,2026-05-13,51,6,False,True,seasonal_payer
INV13001215,B013,B013-C1043,Pharma Client 043,Pharma & Healthcare,45,58925.89,2026-04-02,2026-05-17,closed,2026-05-31,59,14,False,False,seasonal_payer
INV13001216,B013,B013-C1043,Pharma Client 043,Pharma & Healthcare,45,48517.16,2026-05-12,2026-06-26,closed,2026-07-15,64,19,False,False,seasonal_payer
INV13001217,B013,B013-C1043,Pharma Client 043,Pharma & Healthcare,45,82379.67,2026-06-06,2026-07-21,closed,2026-07-23,47,2,False,False,seasonal_payer
INV13001218,B013,B013-C1043,Pharma Client 043,Pharma & Healthcare,45,70725.26,2026-06-13,2026-07-28,closed,2026-08-17,65,20,False,False,seasonal_payer
INV13001219,B013,B013-C1043,Pharma Client 043,Pharma & Healthcare,45,58644.39,2026-08-22,2026-10-06,disputed_open,,,,False,False,seasonal_payer
INV13001220,B013,B013-C1043,Pharma Client 043,Pharma & Healthcare,45,77422.98,2026-08-25,2026-10-09,open,,,,False,False,seasonal_payer
INV13001221,B013,B013-C1043,Pharma Client 043,Pharma & Healthcare,45,93286.91,2026-08-30,2026-10-14,open,,,,False,False,seasonal_payer
INV13001222,B013,B013-C1043,Pharma Client 043,Pharma & Healthcare,45,41418.85,2026-08-31,2026-10-15,open,,,,False,False,seasonal_payer
INV13001223,B013,B013-C1044,Chemicals Client 044,Chemicals & Plastics,30,40686.51,2024-03-23,2024-04-22,closed,2024-04-19,27,-3,False,False,average_payer
INV13001224,B013,B013-C1044,Chemicals Client 044,Chemicals & Plastics,30,54529.69,2024-03-31,2024-04-30,closed,2024-05-16,46,16,False,False,average_payer
INV13001225,B013,B013-C1044,Chemicals Client 044,Chemicals & Plastics,30,60657.62,2024-04-03,2024-05-03,closed,2024-05-11,38,8,False,False,average_payer
INV13001226,B013,B013-C1044,Chemicals Client 044,Chemicals & Plastics,30,72526.11,2024-05-25,2024-06-24,closed,2024-07-06,42,12,False,False,average_payer
INV13001227,B013,B013-C1044,Chemicals Client 044,Chemicals & Plastics,30,72324.64,2024-05-29,2024-06-28,closed,2024-06-23,25,-5,False,False,average_payer
INV13001228,B013,B013-C1044,Chemicals Client 044,Chemicals & Plastics,30,77332.4,2024-06-27,2024-07-27,closed,2024-07-25,28,-2,False,False,average_payer
INV13001229,B013,B013-C1044,Chemicals Client 044,Chemicals & Plastics,30,59588.29,2024-07-07,2024-08-06,closed,2024-08-14,38,8,False,False,average_payer
INV13001230,B013,B013-C1044,Chemicals Client 044,Chemicals & Plastics,30,39555.47,2024-07-08,2024-08-07,closed,2024-08-11,34,4,False,False,average_payer
INV13001231,B013,B013-C1044,Chemicals Client 044,Chemicals & Plastics,30,47734.26,2024-07-09,2024-08-08,closed,2024-08-09,31,1,False,False,average_payer
INV13001232,B013,B013-C1044,Chemicals Client 044,Chemicals & Plastics,30,47789.67,2024-08-02,2024-09-01,closed,2024-08-27,25,-5,True,False,average_payer
INV13001233,B013,B013-C1044,Chemicals Client 044,Chemicals & Plastics,30,58362.82,2024-08-10,2024-09-09,closed,2024-09-18,39,9,False,False,average_payer
INV13001234,B013,B013-C1044,Chemicals Client 044,Chemicals & Plastics,30,77091.03,2024-09-25,2024-10-25,closed,2024-10-31,36,6,False,False,average_payer
INV13001235,B013,B013-C1044,Chemicals Client 044,Chemicals & Plastics,30,134308.65,2024-10-04,2024-11-03,closed,2024-11-11,38,8,False,False,average_payer
INV13001236,B013,B013-C1044,Chemicals Client 044,Chemicals & Plastics,30,94872.13,2025-01-07,2025-02-06,closed,2025-02-11,35,5,False,False,average_payer
INV13001237,B013,B013-C1044,Chemicals Client 044,Chemicals & Plastics,30,65988.82,2025-01-10,2025-02-09,closed,2025-02-08,29,-1,False,False,average_payer
INV13001238,B013,B013-C1044,Chemicals Client 044,Chemicals & Plastics,30,31625.93,2025-02-17,2025-03-19,closed,2025-03-19,30,0,False,False,average_payer
INV13001239,B013,B013-C1044,Chemicals Client 044,Chemicals & Plastics,30,44007.19,2025-02-25,2025-03-27,closed,2025-04-09,43,13,False,False,average_payer
INV13001240,B013,B013-C1044,Chemicals Client 044,Chemicals & Plastics,30,84376.66,2025-04-08,2025-05-08,closed,2025-05-22,44,14,False,False,average_payer
INV13001241,B013,B013-C1044,Chemicals Client 044,Chemicals & Plastics,30,97317.62,2025-05-02,2025-06-01,closed,2025-05-30,28,-2,False,False,average_payer
INV13001242,B013,B013-C1044,Chemicals Client 044,Chemicals & Plastics,30,80357.95,2025-05-06,2025-06-05,closed,2025-05-24,18,-12,False,False,average_payer
INV13001243,B013,B013-C1044,Chemicals Client 044,Chemicals & Plastics,30,46023.09,2025-05-09,2025-06-08,closed,2025-06-07,29,-1,False,False,average_payer
INV13001244,B013,B013-C1044,Chemicals Client 044,Chemicals & Plastics,30,85899.63,2025-05-13,2025-06-12,closed,2025-06-23,41,11,False,False,average_payer
INV13001245,B013,B013-C1044,Chemicals Client 044,Chemicals & Plastics,30,76616.57,2025-05-21,2025-06-20,closed,2025-07-02,42,12,False,False,average_payer
INV13001246,B013,B013-C1044,Chemicals Client 044,Chemicals & Plastics,30,83723.36,2025-07-06,2025-08-05,closed,2025-08-08,33,3,False,False,average_payer
INV13001247,B013,B013-C1044,Chemicals Client 044,Chemicals & Plastics,30,58005.29,2025-07-15,2025-08-14,closed,2025-08-16,32,2,False,False,average_payer
INV13001248,B013,B013-C1044,Chemicals Client 044,Chemicals & Plastics,30,59914.93,2025-08-13,2025-09-12,closed,2025-09-14,32,2,False,False,average_payer
INV13001249,B013,B013-C1044,Chemicals Client 044,Chemicals & Plastics,30,49969.84,2025-08-25,2025-09-24,closed,2025-10-03,39,9,False,False,average_payer
INV13001250,B013,B013-C1044,Chemicals Client 044,Chemicals & Plastics,30,183529.83,2025-09-26,2025-10-26,closed,2025-11-02,37,7,True,True,average_payer
INV13001251,B013,B013-C1044,Chemicals Client 044,Chemicals & Plastics,30,97591.37,2025-10-02,2025-11-01,closed,2025-10-29,27,-3,False,False,average_payer
INV13001252,B013,B013-C1044,Chemicals Client 044,Chemicals & Plastics,30,61456.56,2025-11-01,2025-12-01,closed,2025-12-06,35,5,False,False,average_payer
INV13001253,B013,B013-C1044,Chemicals Client 044,Chemicals & Plastics,30,87079.96,2025-11-08,2025-12-08,closed,2025-12-10,32,2,False,False,average_payer
INV13001254,B013,B013-C1044,Chemicals Client 044,Chemicals & Plastics,30,109088.81,2025-12-01,2025-12-31,closed,2026-01-05,35,5,False,False,average_payer
INV13001255,B013,B013-C1044,Chemicals Client 044,Chemicals & Plastics,30,54933.74,2026-01-08,2026-02-07,closed,2026-02-18,41,11,False,False,average_payer
INV13001256,B013,B013-C1044,Chemicals Client 044,Chemicals & Plastics,30,51786.01,2026-02-07,2026-03-09,closed,2026-03-07,28,-2,False,False,average_payer
INV13001257,B013,B013-C1044,Chemicals Client 044,Chemicals & Plastics,30,54174.66,2026-03-24,2026-04-23,closed,2026-05-05,42,12,False,False,average_payer
INV13001258,B013,B013-C1044,Chemicals Client 044,Chemicals & Plastics,30,81433.73,2026-04-08,2026-05-08,closed,2026-05-11,33,3,False,False,average_payer
INV13001259,B013,B013-C1044,Chemicals Client 044,Chemicals & Plastics,30,35693.16,2026-05-10,2026-06-09,closed,2026-06-29,50,20,False,False,average_payer
INV13001260,B013,B013-C1044,Chemicals Client 044,Chemicals & Plastics,30,87386.66,2026-06-06,2026-07-06,closed,2026-07-15,39,9,False,False,average_payer
INV13001261,B013,B013-C1044,Chemicals Client 044,Chemicals & Plastics,30,72649.78,2026-06-26,2026-07-26,closed,2026-07-23,27,-3,False,False,average_payer
INV13001262,B013,B013-C1044,Chemicals Client 044,Chemicals & Plastics,30,71544.2,2026-07-14,2026-08-13,closed,2026-08-15,32,2,False,False,average_payer
INV13001263,B013,B013-C1044,Chemicals Client 044,Chemicals & Plastics,30,58526.48,2026-08-13,2026-09-12,open,,,,False,False,average_payer
INV13001264,B013,B013-C1045,Retail Client 045,Retail & Distribution,60,108894.35,2024-04-15,2024-06-14,closed,2024-06-17,63,3,False,False,prompt_payer
INV13001265,B013,B013-C1045,Retail Client 045,Retail & Distribution,60,133003.0,2024-04-23,2024-06-22,closed,2024-06-24,62,2,False,False,prompt_payer
INV13001266,B013,B013-C1045,Retail Client 045,Retail & Distribution,60,131128.4,2024-05-17,2024-07-16,closed,2024-07-15,59,-1,False,False,prompt_payer
INV13001267,B013,B013-C1045,Retail Client 045,Retail & Distribution,60,88290.26,2024-06-29,2024-08-28,closed,2024-08-28,60,0,False,False,prompt_payer
INV13001268,B013,B013-C1045,Retail Client 045,Retail & Distribution,60,194420.34,2024-07-02,2024-08-31,closed,2024-09-02,62,2,False,False,prompt_payer
INV13001269,B013,B013-C1045,Retail Client 045,Retail & Distribution,60,110773.63,2024-07-10,2024-09-08,closed,2024-09-09,61,1,False,False,prompt_payer
INV13001270,B013,B013-C1045,Retail Client 045,Retail & Distribution,60,102465.42,2024-07-30,2024-09-28,closed,2024-09-28,60,0,False,False,prompt_payer
INV13001271,B013,B013-C1045,Retail Client 045,Retail & Distribution,60,89300.99,2024-08-04,2024-10-03,closed,2024-09-28,55,-5,False,False,prompt_payer
INV13001272,B013,B013-C1045,Retail Client 045,Retail & Distribution,60,221988.97,2024-08-31,2024-10-30,closed,2024-11-04,65,5,False,False,prompt_payer
INV13001273,B013,B013-C1045,Retail Client 045,Retail & Distribution,60,208282.15,2024-10-16,2024-12-15,closed,2024-12-14,59,-1,False,False,prompt_payer
INV13001274,B013,B013-C1045,Retail Client 045,Retail & Distribution,60,90442.64,2024-10-27,2024-12-26,closed,2024-12-29,63,3,False,False,prompt_payer
INV13001275,B013,B013-C1045,Retail Client 045,Retail & Distribution,60,93993.24,2024-11-17,2025-01-16,closed,2025-01-18,62,2,False,False,prompt_payer
INV13001276,B013,B013-C1045,Retail Client 045,Retail & Distribution,60,162749.28,2024-12-07,2025-02-05,closed,2025-02-01,56,-4,False,False,prompt_payer
INV13001277,B013,B013-C1045,Retail Client 045,Retail & Distribution,60,89750.68,2024-12-08,2025-02-06,closed,2025-02-06,60,0,False,False,prompt_payer
INV13001278,B013,B013-C1045,Retail Client 045,Retail & Distribution,60,192476.09,2024-12-11,2025-02-09,closed,2025-02-05,56,-4,False,False,prompt_payer
INV13001279,B013,B013-C1045,Retail Client 045,Retail & Distribution,60,65748.14,2024-12-27,2025-02-25,closed,2025-02-25,60,0,False,False,prompt_payer
INV13001280,B013,B013-C1045,Retail Client 045,Retail & Distribution,60,114509.42,2025-01-02,2025-03-03,closed,2025-03-04,61,1,False,False,prompt_payer
INV13001281,B013,B013-C1045,Retail Client 045,Retail & Distribution,60,168359.17,2025-02-26,2025-04-27,closed,2025-04-30,63,3,False,False,prompt_payer
INV13001282,B013,B013-C1045,Retail Client 045,Retail & Distribution,60,153527.4,2025-03-03,2025-05-02,closed,2025-04-29,57,-3,False,False,prompt_payer
INV13001283,B013,B013-C1045,Retail Client 045,Retail & Distribution,60,118965.01,2025-06-03,2025-08-02,closed,2025-08-02,60,0,False,False,prompt_payer
INV13001284,B013,B013-C1045,Retail Client 045,Retail & Distribution,60,115911.34,2025-06-08,2025-08-07,disputed_open,,,,False,False,prompt_payer
INV13001285,B013,B013-C1045,Retail Client 045,Retail & Distribution,60,150077.04,2025-08-06,2025-10-05,closed,2025-10-05,60,0,False,False,prompt_payer
INV13001286,B013,B013-C1045,Retail Client 045,Retail & Distribution,60,117216.35,2025-11-13,2026-01-12,closed,2026-01-14,62,2,False,False,prompt_payer
INV13001287,B013,B013-C1045,Retail Client 045,Retail & Distribution,60,86216.25,2025-12-09,2026-02-07,disputed_open,,,,False,False,prompt_payer
INV13001288,B013,B013-C1045,Retail Client 045,Retail & Distribution,60,80265.28,2025-12-28,2026-02-26,closed,2026-02-24,58,-2,False,False,prompt_payer
INV13001289,B013,B013-C1045,Retail Client 045,Retail & Distribution,60,203821.37,2026-01-15,2026-03-16,closed,2026-03-12,56,-4,False,False,prompt_payer
INV13001290,B013,B013-C1045,Retail Client 045,Retail & Distribution,60,116628.23,2026-01-22,2026-03-23,closed,2026-03-20,57,-3,False,False,prompt_payer
INV13001291,B013,B013-C1045,Retail Client 045,Retail & Distribution,60,130181.36,2026-02-06,2026-04-07,closed,2026-04-12,65,5,False,False,prompt_payer
INV13001292,B013,B013-C1045,Retail Client 045,Retail & Distribution,60,123514.15,2026-04-06,2026-06-05,closed,2026-06-08,63,3,False,False,prompt_payer
INV13001293,B013,B013-C1045,Retail Client 045,Retail & Distribution,60,180004.69,2026-05-03,2026-07-02,closed,2026-07-06,64,4,False,False,prompt_payer
INV13001294,B013,B013-C1045,Retail Client 045,Retail & Distribution,60,103966.92,2026-06-05,2026-08-04,closed,2026-07-31,56,-4,False,False,prompt_payer
INV13001295,B013,B013-C1045,Retail Client 045,Retail & Distribution,60,458822.05,2026-06-09,2026-08-08,closed,2026-08-12,64,4,False,True,prompt_payer
INV13001296,B013,B013-C1045,Retail Client 045,Retail & Distribution,60,135600.07,2026-06-28,2026-08-27,open,,,,False,False,prompt_payer
INV13001297,B013,B013-C1045,Retail Client 045,Retail & Distribution,60,201961.38,2026-08-12,2026-10-11,disputed_open,,,,False,False,prompt_payer
INV13001298,B013,B013-C1045,Retail Client 045,Retail & Distribution,60,116505.67,2026-08-28,2026-10-27,open,,,,False,False,prompt_payer
INV13001299,B013,B013-C1046,IT Client 046,IT & Business Services,30,142490.3,2024-04-15,2024-05-15,closed,2024-05-25,40,10,False,False,average_payer
INV13001300,B013,B013-C1046,IT Client 046,IT & Business Services,30,392540.32,2024-07-08,2024-08-07,closed,2024-09-03,57,27,False,False,average_payer
INV13001301,B013,B013-C1046,IT Client 046,IT & Business Services,30,227830.56,2024-07-19,2024-08-18,closed,2024-08-20,32,2,False,False,average_payer
INV13001302,B013,B013-C1046,IT Client 046,IT & Business Services,30,251258.98,2024-08-08,2024-09-07,closed,2024-09-14,37,7,False,False,average_payer
INV13001303,B013,B013-C1046,IT Client 046,IT & Business Services,30,196342.02,2024-11-30,2024-12-30,closed,2025-01-03,34,4,False,False,average_payer
INV13001304,B013,B013-C1046,IT Client 046,IT & Business Services,30,238809.63,2024-12-14,2025-01-13,closed,2025-01-31,48,18,False,False,average_payer
INV13001305,B013,B013-C1046,IT Client 046,IT & Business Services,30,408923.58,2025-01-20,2025-02-19,closed,2025-02-20,31,1,False,True,average_payer
INV13001306,B013,B013-C1046,IT Client 046,IT & Business Services,30,107501.25,2025-03-09,2025-04-08,closed,2025-04-16,38,8,False,False,average_payer
INV13001307,B013,B013-C1046,IT Client 046,IT & Business Services,30,161358.96,2025-03-12,2025-04-11,closed,2025-04-30,49,19,False,False,average_payer
INV13001308,B013,B013-C1046,IT Client 046,IT & Business Services,30,262722.35,2025-03-31,2025-04-30,closed,2025-05-09,39,9,False,False,average_payer
INV13001309,B013,B013-C1046,IT Client 046,IT & Business Services,30,246332.79,2025-04-05,2025-05-05,closed,2025-05-03,28,-2,False,False,average_payer
INV13001310,B013,B013-C1046,IT Client 046,IT & Business Services,30,287353.55,2025-04-17,2025-05-17,closed,2025-05-24,37,7,False,False,average_payer
INV13001311,B013,B013-C1046,IT Client 046,IT & Business Services,30,258037.92,2025-04-21,2025-05-21,closed,2025-05-21,30,0,False,False,average_payer
INV13001312,B013,B013-C1046,IT Client 046,IT & Business Services,30,284902.12,2025-04-28,2025-05-28,closed,2025-06-02,35,5,False,False,average_payer
INV13001313,B013,B013-C1046,IT Client 046,IT & Business Services,30,373303.71,2025-05-01,2025-05-31,closed,2025-06-11,41,11,False,False,average_payer
INV13001314,B013,B013-C1046,IT Client 046,IT & Business Services,30,155827.28,2025-05-08,2025-06-07,closed,2025-06-07,30,0,False,False,average_payer
INV13001315,B013,B013-C1046,IT Client 046,IT & Business Services,30,324357.56,2025-05-16,2025-06-15,closed,2025-06-17,32,2,False,False,average_payer
INV13001316,B013,B013-C1046,IT Client 046,IT & Business Services,30,242120.55,2025-06-06,2025-07-06,closed,2025-07-06,30,0,False,False,average_payer
INV13001317,B013,B013-C1046,IT Client 046,IT & Business Services,30,195154.12,2025-07-08,2025-08-07,closed,2025-08-07,30,0,False,False,average_payer
INV13001318,B013,B013-C1046,IT Client 046,IT & Business Services,30,252835.34,2025-07-08,2025-08-07,closed,2025-08-12,35,5,False,False,average_payer
INV13001319,B013,B013-C1046,IT Client 046,IT & Business Services,30,173102.26,2025-07-09,2025-08-08,closed,2025-08-21,43,13,False,False,average_payer
INV13001320,B013,B013-C1046,IT Client 046,IT & Business Services,30,224247.04,2025-07-19,2025-08-18,closed,2025-08-25,37,7,False,False,average_payer
INV13001321,B013,B013-C1046,IT Client 046,IT & Business Services,30,253579.59,2025-07-30,2025-08-29,closed,2025-09-05,37,7,False,False,average_payer
INV13001322,B013,B013-C1046,IT Client 046,IT & Business Services,30,197566.0,2025-08-15,2025-09-14,closed,2025-09-24,40,10,False,False,average_payer
INV13001323,B013,B013-C1046,IT Client 046,IT & Business Services,30,306116.57,2026-01-03,2026-02-02,closed,2026-01-31,28,-2,False,False,average_payer
INV13001324,B013,B013-C1046,IT Client 046,IT & Business Services,30,154031.55,2026-01-22,2026-02-21,closed,2026-02-26,35,5,False,False,average_payer
INV13001325,B013,B013-C1046,IT Client 046,IT & Business Services,30,203256.71,2026-02-28,2026-03-30,closed,2026-04-05,36,6,False,False,average_payer
INV13001326,B013,B013-C1046,IT Client 046,IT & Business Services,30,296314.4,2026-03-23,2026-04-22,closed,2026-04-28,36,6,False,False,average_payer
INV13001327,B013,B013-C1046,IT Client 046,IT & Business Services,30,154878.21,2026-03-26,2026-04-25,closed,2026-05-07,42,12,False,False,average_payer
INV13001328,B013,B013-C1046,IT Client 046,IT & Business Services,30,218249.48,2026-03-29,2026-04-28,open,,,,False,False,average_payer
INV13001329,B013,B013-C1046,IT Client 046,IT & Business Services,30,145398.7,2026-04-01,2026-05-01,closed,2026-05-16,45,15,False,False,average_payer
INV13001330,B013,B013-C1046,IT Client 046,IT & Business Services,30,306506.61,2026-05-07,2026-06-06,closed,2026-05-30,23,-7,False,False,average_payer
INV13001331,B013,B013-C1046,IT Client 046,IT & Business Services,30,230834.13,2026-07-24,2026-08-23,closed,2026-08-28,35,5,False,False,average_payer
INV13001332,B013,B013-C1046,IT Client 046,IT & Business Services,30,215339.46,2026-08-14,2026-09-13,open,,,,False,False,average_payer
INV13001333,B013,B013-C1047,Chemicals Client 047,Chemicals & Plastics,15,121357.01,2025-05-18,2025-06-02,closed,2025-06-01,14,-1,True,False,cold_start
INV13001334,B013,B013-C1047,Chemicals Client 047,Chemicals & Plastics,15,278135.8,2026-01-22,2026-02-06,closed,2026-02-13,22,7,False,True,cold_start
INV13001335,B013,B013-C1048,Retail Client 048,Retail & Distribution,30,45870.31,2025-02-25,2025-03-27,closed,2025-04-12,46,16,False,False,cold_start
INV13001336,B013,B013-C1048,Retail Client 048,Retail & Distribution,30,78199.53,2025-05-21,2025-06-20,closed,2025-06-17,27,-3,False,False,cold_start
INV13001337,B013,B013-C1049,Textiles Client 049,Textiles & Apparel,45,49540.03,2024-03-26,2024-05-10,closed,2024-05-21,56,11,False,False,deteriorating_payer
INV13001338,B013,B013-C1049,Textiles Client 049,Textiles & Apparel,45,26970.46,2024-03-27,2024-05-11,closed,2024-06-02,67,22,False,False,deteriorating_payer
INV13001339,B013,B013-C1049,Textiles Client 049,Textiles & Apparel,45,41293.35,2024-04-24,2024-06-08,closed,2024-06-08,45,0,False,False,deteriorating_payer
INV13001340,B013,B013-C1049,Textiles Client 049,Textiles & Apparel,45,61420.91,2024-05-03,2024-06-17,closed,2024-06-15,43,-2,False,False,deteriorating_payer
INV13001341,B013,B013-C1049,Textiles Client 049,Textiles & Apparel,45,114989.06,2024-07-19,2024-09-02,closed,2024-09-01,44,-1,False,True,deteriorating_payer
INV13001342,B013,B013-C1049,Textiles Client 049,Textiles & Apparel,45,28624.27,2024-08-30,2024-10-14,closed,2024-11-14,76,31,False,False,deteriorating_payer
INV13001343,B013,B013-C1049,Textiles Client 049,Textiles & Apparel,45,21650.45,2024-09-08,2024-10-23,closed,2024-12-07,90,45,False,False,deteriorating_payer
INV13001344,B013,B013-C1049,Textiles Client 049,Textiles & Apparel,45,39000.42,2024-09-16,2024-10-31,closed,2024-10-30,44,-1,False,False,deteriorating_payer
INV13001345,B013,B013-C1049,Textiles Client 049,Textiles & Apparel,45,42280.02,2024-10-11,2024-11-25,closed,2024-12-25,75,30,False,False,deteriorating_payer
INV13001346,B013,B013-C1049,Textiles Client 049,Textiles & Apparel,45,42033.15,2024-12-10,2025-01-24,closed,2025-02-27,79,34,False,False,deteriorating_payer
INV13001347,B013,B013-C1049,Textiles Client 049,Textiles & Apparel,45,53585.07,2024-12-14,2025-01-28,closed,2025-02-16,64,19,False,False,deteriorating_payer
INV13001348,B013,B013-C1049,Textiles Client 049,Textiles & Apparel,45,40757.42,2024-12-26,2025-02-09,closed,2025-02-10,46,1,False,False,deteriorating_payer
INV13001349,B013,B013-C1049,Textiles Client 049,Textiles & Apparel,45,39615.38,2025-01-03,2025-02-17,closed,2025-03-03,59,14,False,False,deteriorating_payer
INV13001350,B013,B013-C1049,Textiles Client 049,Textiles & Apparel,45,32137.12,2025-01-17,2025-03-03,closed,2025-03-10,52,7,False,False,deteriorating_payer
INV13001351,B013,B013-C1049,Textiles Client 049,Textiles & Apparel,45,21441.38,2025-02-17,2025-04-03,closed,2025-04-29,71,26,False,False,deteriorating_payer
INV13001352,B013,B013-C1049,Textiles Client 049,Textiles & Apparel,45,217151.52,2025-02-17,2025-04-03,closed,2025-04-27,69,24,False,True,deteriorating_payer
INV13001353,B013,B013-C1049,Textiles Client 049,Textiles & Apparel,45,66680.16,2025-03-03,2025-04-17,closed,2025-05-08,66,21,False,True,deteriorating_payer
INV13001354,B013,B013-C1049,Textiles Client 049,Textiles & Apparel,45,40607.4,2025-05-01,2025-06-15,closed,2025-06-27,57,12,False,False,deteriorating_payer
INV13001355,B013,B013-C1049,Textiles Client 049,Textiles & Apparel,45,34091.64,2025-05-04,2025-06-18,closed,2025-06-28,55,10,False,False,deteriorating_payer
INV13001356,B013,B013-C1049,Textiles Client 049,Textiles & Apparel,45,23793.22,2025-05-06,2025-06-20,closed,2025-07-09,64,19,False,False,deteriorating_payer
INV13001357,B013,B013-C1049,Textiles Client 049,Textiles & Apparel,45,15751.9,2025-05-28,2025-07-12,closed,2025-08-05,69,24,False,False,deteriorating_payer
INV13001358,B013,B013-C1049,Textiles Client 049,Textiles & Apparel,45,38676.9,2025-06-09,2025-07-24,closed,2025-07-22,43,-2,False,False,deteriorating_payer
INV13001359,B013,B013-C1049,Textiles Client 049,Textiles & Apparel,45,69649.48,2025-07-19,2025-09-02,closed,2025-09-30,73,28,False,False,deteriorating_payer
INV13001360,B013,B013-C1049,Textiles Client 049,Textiles & Apparel,45,34913.62,2025-08-05,2025-09-19,closed,2025-10-08,64,19,False,False,deteriorating_payer
INV13001361,B013,B013-C1049,Textiles Client 049,Textiles & Apparel,45,38448.33,2025-08-09,2025-09-23,closed,2025-10-26,78,33,False,False,deteriorating_payer
INV13001362,B013,B013-C1049,Textiles Client 049,Textiles & Apparel,45,28214.13,2025-10-05,2025-11-19,closed,2025-12-11,67,22,False,False,deteriorating_payer
INV13001363,B013,B013-C1049,Textiles Client 049,Textiles & Apparel,45,102667.74,2025-10-07,2025-11-21,closed,2025-12-23,77,32,False,True,deteriorating_payer
INV13001364,B013,B013-C1049,Textiles Client 049,Textiles & Apparel,45,53857.84,2025-10-08,2025-11-22,closed,2025-12-16,69,24,False,False,deteriorating_payer
INV13001365,B013,B013-C1049,Textiles Client 049,Textiles & Apparel,45,23787.92,2025-12-03,2026-01-17,closed,2026-02-20,79,34,False,False,deteriorating_payer
INV13001366,B013,B013-C1049,Textiles Client 049,Textiles & Apparel,45,57572.62,2026-01-20,2026-03-06,closed,2026-04-05,75,30,False,False,deteriorating_payer
INV13001367,B013,B013-C1049,Textiles Client 049,Textiles & Apparel,45,41447.31,2026-03-15,2026-04-29,closed,2026-06-11,88,43,False,False,deteriorating_payer
INV13001368,B013,B013-C1049,Textiles Client 049,Textiles & Apparel,45,32544.56,2026-04-27,2026-06-11,closed,2026-07-17,81,36,False,False,deteriorating_payer
INV13001369,B013,B013-C1049,Textiles Client 049,Textiles & Apparel,45,23352.67,2026-05-15,2026-06-29,closed,2026-08-06,83,38,False,False,deteriorating_payer
INV13001370,B013,B013-C1049,Textiles Client 049,Textiles & Apparel,45,29524.11,2026-05-17,2026-07-01,closed,2026-08-17,92,47,False,False,deteriorating_payer
INV13001371,B013,B013-C1049,Textiles Client 049,Textiles & Apparel,45,43014.71,2026-05-22,2026-07-06,closed,2026-08-23,93,48,False,False,deteriorating_payer
INV13001372,B013,B013-C1049,Textiles Client 049,Textiles & Apparel,45,42632.69,2026-06-02,2026-07-17,closed,2026-08-23,82,37,False,False,deteriorating_payer
INV13001373,B013,B013-C1049,Textiles Client 049,Textiles & Apparel,45,19233.48,2026-06-29,2026-08-13,closed,2026-08-30,62,17,False,False,deteriorating_payer
INV13001374,B013,B013-C1049,Textiles Client 049,Textiles & Apparel,45,56181.18,2026-07-03,2026-08-17,open,,,,False,False,deteriorating_payer
INV13001375,B013,B013-C1049,Textiles Client 049,Textiles & Apparel,45,37747.95,2026-07-12,2026-08-26,open,,,,False,False,deteriorating_payer
INV13001376,B013,B013-C1049,Textiles Client 049,Textiles & Apparel,45,35116.48,2026-07-29,2026-09-12,open,,,,False,False,deteriorating_payer
INV13001377,B013,B013-C1049,Textiles Client 049,Textiles & Apparel,45,25641.01,2026-07-30,2026-09-13,open,,,,False,False,deteriorating_payer
INV13001378,B013,B013-C1049,Textiles Client 049,Textiles & Apparel,45,23847.59,2026-08-01,2026-09-15,open,,,,False,False,deteriorating_payer
INV13001379,B013,B013-C1049,Textiles Client 049,Textiles & Apparel,45,34549.81,2026-08-06,2026-09-20,open,,,,False,False,deteriorating_payer
INV13001380,B013,B013-C1049,Textiles Client 049,Textiles & Apparel,45,47771.05,2026-08-10,2026-09-24,disputed_open,,,,False,False,deteriorating_payer
INV13001381,B013,B013-C1049,Textiles Client 049,Textiles & Apparel,45,26275.62,2026-08-21,2026-10-05,open,,,,False,False,deteriorating_payer
INV13001382,B013,B013-C1049,Textiles Client 049,Textiles & Apparel,45,45477.19,2026-08-26,2026-10-10,disputed_open,,,,False,False,deteriorating_payer
INV13001383,B013,B013-C1049,Textiles Client 049,Textiles & Apparel,45,38239.69,2026-08-29,2026-10-13,open,,,,False,False,deteriorating_payer
INV13001384,B013,B013-C1050,Pharma Client 050,Pharma & Healthcare,45,413279.2,2024-06-27,2024-08-11,closed,2024-08-23,57,12,False,False,erratic_payer
INV13001385,B013,B013-C1050,Pharma Client 050,Pharma & Healthcare,45,232285.84,2024-07-03,2024-08-17,closed,2024-09-02,61,16,False,False,erratic_payer
INV13001386,B013,B013-C1050,Pharma Client 050,Pharma & Healthcare,45,327013.06,2024-08-09,2024-09-23,closed,2024-09-24,46,1,False,False,erratic_payer
INV13001387,B013,B013-C1050,Pharma Client 050,Pharma & Healthcare,45,369726.24,2024-08-20,2024-10-04,closed,2024-11-10,82,37,False,False,erratic_payer
INV13001388,B013,B013-C1050,Pharma Client 050,Pharma & Healthcare,45,286011.86,2024-09-06,2024-10-21,closed,2024-10-29,53,8,False,False,erratic_payer
INV13001389,B013,B013-C1050,Pharma Client 050,Pharma & Healthcare,45,267481.0,2024-09-16,2024-10-31,closed,2024-11-02,47,2,False,False,erratic_payer
INV13001390,B013,B013-C1050,Pharma Client 050,Pharma & Healthcare,45,215651.13,2024-11-10,2024-12-25,closed,2024-12-25,45,0,False,False,erratic_payer
INV13001391,B013,B013-C1050,Pharma Client 050,Pharma & Healthcare,45,346516.16,2024-11-22,2025-01-06,closed,2025-01-21,60,15,False,False,erratic_payer
INV13001392,B013,B013-C1050,Pharma Client 050,Pharma & Healthcare,45,639900.68,2025-01-26,2025-03-12,closed,2025-05-10,104,59,False,True,erratic_payer
INV13001393,B013,B013-C1050,Pharma Client 050,Pharma & Healthcare,45,235693.92,2025-03-07,2025-04-21,closed,2025-04-21,45,0,False,False,erratic_payer
INV13001394,B013,B013-C1050,Pharma Client 050,Pharma & Healthcare,45,380578.49,2025-03-18,2025-05-02,closed,2025-05-11,54,9,False,False,erratic_payer
INV13001395,B013,B013-C1050,Pharma Client 050,Pharma & Healthcare,45,198326.11,2025-04-19,2025-06-03,closed,2025-06-11,53,8,True,False,erratic_payer
INV13001396,B013,B013-C1050,Pharma Client 050,Pharma & Healthcare,45,384780.48,2025-05-06,2025-06-20,closed,2025-06-23,48,3,False,False,erratic_payer
INV13001397,B013,B013-C1050,Pharma Client 050,Pharma & Healthcare,45,178751.45,2025-05-24,2025-07-08,closed,2025-07-22,59,14,False,False,erratic_payer
INV13001398,B013,B013-C1050,Pharma Client 050,Pharma & Healthcare,45,439727.12,2025-06-01,2025-07-16,disputed_open,,,,False,False,erratic_payer
INV13001399,B013,B013-C1050,Pharma Client 050,Pharma & Healthcare,45,274809.44,2025-06-29,2025-08-13,closed,2025-12-26,180,135,False,False,erratic_payer
INV13001400,B013,B013-C1050,Pharma Client 050,Pharma & Healthcare,45,259272.87,2025-08-10,2025-09-24,closed,2025-10-05,56,11,False,False,erratic_payer
INV13001401,B013,B013-C1050,Pharma Client 050,Pharma & Healthcare,45,345072.95,2025-08-16,2025-09-30,closed,2025-10-09,54,9,False,False,erratic_payer
INV13001402,B013,B013-C1050,Pharma Client 050,Pharma & Healthcare,45,191554.21,2025-10-28,2025-12-12,closed,2026-01-01,65,20,False,False,erratic_payer
INV13001403,B013,B013-C1050,Pharma Client 050,Pharma & Healthcare,45,426530.3,2026-01-31,2026-03-17,closed,2026-03-25,53,8,False,False,erratic_payer
INV13001404,B013,B013-C1050,Pharma Client 050,Pharma & Healthcare,45,330622.67,2026-02-04,2026-03-21,closed,2026-02-17,13,-32,True,False,erratic_payer
INV13001405,B013,B013-C1050,Pharma Client 050,Pharma & Healthcare,45,332070.86,2026-05-31,2026-07-15,closed,2026-07-15,45,0,False,False,erratic_payer
INV13001406,B013,B013-C1050,Pharma Client 050,Pharma & Healthcare,45,1861754.14,2026-06-30,2026-08-14,closed,2026-08-25,56,11,False,True,erratic_payer
INV13001407,B013,B013-C1050,Pharma Client 050,Pharma & Healthcare,45,928022.16,2026-07-30,2026-09-13,open,,,,False,True,erratic_payer
INV13001408,B013,B013-C1050,Pharma Client 050,Pharma & Healthcare,45,207564.71,2026-07-31,2026-09-14,closed,2026-08-28,28,-17,False,False,erratic_payer
INV13001409,B013,B013-C1051,Textiles Client 051,Textiles & Apparel,60,36451.17,2024-04-07,2024-06-06,closed,2024-06-13,67,7,False,False,erratic_payer
INV13001410,B013,B013-C1051,Textiles Client 051,Textiles & Apparel,60,31418.96,2024-05-05,2024-07-04,closed,2024-07-04,60,0,False,False,erratic_payer
INV13001411,B013,B013-C1051,Textiles Client 051,Textiles & Apparel,60,38610.89,2024-05-30,2024-07-29,closed,2024-08-02,64,4,False,False,erratic_payer
INV13001412,B013,B013-C1051,Textiles Client 051,Textiles & Apparel,60,46383.65,2024-06-06,2024-08-05,closed,2024-10-18,134,74,False,False,erratic_payer
INV13001413,B013,B013-C1051,Textiles Client 051,Textiles & Apparel,60,27624.81,2024-07-14,2024-09-12,closed,2024-08-17,34,-26,False,False,erratic_payer
INV13001414,B013,B013-C1051,Textiles Client 051,Textiles & Apparel,60,53489.59,2024-08-09,2024-10-08,closed,2024-10-11,63,3,False,False,erratic_payer
INV13001415,B013,B013-C1051,Textiles Client 051,Textiles & Apparel,60,63684.88,2024-08-16,2024-10-15,closed,2024-12-09,115,55,False,False,erratic_payer
INV13001416,B013,B013-C1051,Textiles Client 051,Textiles & Apparel,60,27744.14,2024-08-24,2024-10-23,closed,2024-10-23,60,0,False,False,erratic_payer
INV13001417,B013,B013-C1051,Textiles Client 051,Textiles & Apparel,60,52986.19,2024-09-12,2024-11-11,closed,2024-11-14,63,3,False,False,erratic_payer
INV13001418,B013,B013-C1051,Textiles Client 051,Textiles & Apparel,60,47704.33,2024-09-21,2024-11-20,closed,2024-11-13,53,-7,False,False,erratic_payer
INV13001419,B013,B013-C1051,Textiles Client 051,Textiles & Apparel,60,20382.27,2024-09-24,2024-11-23,closed,2024-11-20,57,-3,False,False,erratic_payer
INV13001420,B013,B013-C1051,Textiles Client 051,Textiles & Apparel,60,66493.48,2024-10-22,2024-12-21,closed,2025-01-26,96,36,False,False,erratic_payer
INV13001421,B013,B013-C1051,Textiles Client 051,Textiles & Apparel,60,23022.72,2024-11-21,2025-01-20,closed,2025-01-23,63,3,False,False,erratic_payer
INV13001422,B013,B013-C1051,Textiles Client 051,Textiles & Apparel,60,43140.44,2024-12-26,2025-02-24,closed,2025-03-06,70,10,False,False,erratic_payer
INV13001423,B013,B013-C1051,Textiles Client 051,Textiles & Apparel,60,68276.96,2025-01-08,2025-03-09,closed,2025-03-06,57,-3,False,False,erratic_payer
INV13001424,B013,B013-C1051,Textiles Client 051,Textiles & Apparel,60,35077.17,2025-01-25,2025-03-26,closed,2025-03-30,64,4,False,False,erratic_payer
INV13001425,B013,B013-C1051,Textiles Client 051,Textiles & Apparel,60,28400.0,2025-02-05,2025-04-06,closed,2025-04-11,65,5,False,False,erratic_payer
INV13001426,B013,B013-C1051,Textiles Client 051,Textiles & Apparel,60,24721.27,2025-02-10,2025-04-11,closed,2025-04-11,60,0,False,False,erratic_payer
INV13001427,B013,B013-C1051,Textiles Client 051,Textiles & Apparel,60,24732.87,2025-03-28,2025-05-27,closed,2025-05-25,58,-2,False,False,erratic_payer
INV13001428,B013,B013-C1051,Textiles Client 051,Textiles & Apparel,60,38278.3,2025-03-31,2025-05-30,closed,2025-06-09,70,10,False,False,erratic_payer
INV13001429,B013,B013-C1051,Textiles Client 051,Textiles & Apparel,60,35093.39,2025-05-17,2025-07-16,closed,2025-07-28,72,12,False,False,erratic_payer
INV13001430,B013,B013-C1051,Textiles Client 051,Textiles & Apparel,60,62686.75,2025-06-07,2025-08-06,closed,2025-08-20,74,14,False,False,erratic_payer
INV13001431,B013,B013-C1051,Textiles Client 051,Textiles & Apparel,60,21681.47,2025-06-08,2025-08-07,closed,2025-08-07,60,0,False,False,erratic_payer
INV13001432,B013,B013-C1051,Textiles Client 051,Textiles & Apparel,60,32832.41,2025-06-12,2025-08-11,closed,2025-11-04,145,85,False,False,erratic_payer
INV13001433,B013,B013-C1051,Textiles Client 051,Textiles & Apparel,60,26684.58,2025-06-15,2025-08-14,closed,2025-08-26,72,12,True,False,erratic_payer
INV13001434,B013,B013-C1051,Textiles Client 051,Textiles & Apparel,60,48916.29,2025-06-16,2025-08-15,closed,2025-08-17,62,2,False,False,erratic_payer
INV13001435,B013,B013-C1051,Textiles Client 051,Textiles & Apparel,60,30782.81,2025-06-26,2025-08-25,closed,2025-08-25,60,0,False,False,erratic_payer
INV13001436,B013,B013-C1051,Textiles Client 051,Textiles & Apparel,60,39181.36,2025-06-27,2025-08-26,closed,2025-08-27,61,1,False,False,erratic_payer
INV13001437,B013,B013-C1051,Textiles Client 051,Textiles & Apparel,60,28379.11,2025-07-10,2025-09-08,closed,2025-09-24,76,16,False,False,erratic_payer
INV13001438,B013,B013-C1051,Textiles Client 051,Textiles & Apparel,60,18966.5,2025-07-10,2025-09-08,closed,2025-09-14,66,6,False,False,erratic_payer
INV13001439,B013,B013-C1051,Textiles Client 051,Textiles & Apparel,60,42493.65,2025-08-09,2025-10-08,closed,2025-10-09,61,1,False,False,erratic_payer
INV13001440,B013,B013-C1051,Textiles Client 051,Textiles & Apparel,60,26428.59,2025-08-11,2025-10-10,closed,2025-10-21,71,11,False,False,erratic_payer
INV13001441,B013,B013-C1051,Textiles Client 051,Textiles & Apparel,60,26507.79,2025-08-14,2025-10-13,closed,2025-10-01,48,-12,False,False,erratic_payer
INV13001442,B013,B013-C1051,Textiles Client 051,Textiles & Apparel,60,158508.95,2025-09-18,2025-11-17,closed,2025-11-28,71,11,False,True,erratic_payer
INV13001443,B013,B013-C1051,Textiles Client 051,Textiles & Apparel,60,35144.88,2025-09-23,2025-11-22,closed,2025-11-26,64,4,False,False,erratic_payer
INV13001444,B013,B013-C1051,Textiles Client 051,Textiles & Apparel,60,28537.22,2025-09-25,2025-11-24,closed,2025-11-08,44,-16,False,False,erratic_payer
INV13001445,B013,B013-C1051,Textiles Client 051,Textiles & Apparel,60,52028.59,2025-10-17,2025-12-16,closed,2026-02-13,119,59,False,False,erratic_payer
INV13001446,B013,B013-C1051,Textiles Client 051,Textiles & Apparel,60,32824.56,2025-11-10,2026-01-09,closed,2026-04-03,144,84,False,False,erratic_payer
INV13001447,B013,B013-C1051,Textiles Client 051,Textiles & Apparel,60,44536.42,2025-12-18,2026-02-16,closed,2026-02-21,65,5,False,False,erratic_payer
INV13001448,B013,B013-C1051,Textiles Client 051,Textiles & Apparel,60,89962.95,2026-01-06,2026-03-07,closed,2026-03-10,63,3,False,True,erratic_payer
INV13001449,B013,B013-C1051,Textiles Client 051,Textiles & Apparel,60,29936.9,2026-01-11,2026-03-12,closed,2026-02-27,47,-13,False,False,erratic_payer
INV13001450,B013,B013-C1051,Textiles Client 051,Textiles & Apparel,60,46675.31,2026-01-27,2026-03-28,closed,2026-05-21,114,54,False,False,erratic_payer
INV13001451,B013,B013-C1051,Textiles Client 051,Textiles & Apparel,60,23266.68,2026-01-29,2026-03-30,closed,2026-03-31,61,1,False,False,erratic_payer
INV13001452,B013,B013-C1051,Textiles Client 051,Textiles & Apparel,60,19583.63,2026-03-06,2026-05-05,closed,2026-05-07,62,2,False,False,erratic_payer
INV13001453,B013,B013-C1051,Textiles Client 051,Textiles & Apparel,60,28847.44,2026-03-19,2026-05-18,closed,2026-05-19,61,1,False,False,erratic_payer
INV13001454,B013,B013-C1051,Textiles Client 051,Textiles & Apparel,60,27164.29,2026-04-19,2026-06-18,closed,2026-06-27,69,9,False,False,erratic_payer
INV13001455,B013,B013-C1051,Textiles Client 051,Textiles & Apparel,60,37828.96,2026-05-03,2026-07-02,closed,2026-08-30,119,59,False,False,erratic_payer
INV13001456,B013,B013-C1051,Textiles Client 051,Textiles & Apparel,60,44398.23,2026-05-26,2026-07-25,closed,2026-06-21,26,-34,False,False,erratic_payer
INV13001457,B013,B013-C1051,Textiles Client 051,Textiles & Apparel,60,33179.1,2026-07-07,2026-09-05,closed,2026-08-29,53,-7,False,False,erratic_payer
INV13001458,B013,B013-C1051,Textiles Client 051,Textiles & Apparel,60,42277.87,2026-07-08,2026-09-06,open,,,,False,False,erratic_payer
INV13001459,B013,B013-C1051,Textiles Client 051,Textiles & Apparel,60,27681.3,2026-07-26,2026-09-24,open,,,,False,False,erratic_payer
INV13001460,B013,B013-C1051,Textiles Client 051,Textiles & Apparel,60,22809.15,2026-08-02,2026-10-01,disputed_open,,,,False,False,erratic_payer
INV13001461,B013,B013-C1051,Textiles Client 051,Textiles & Apparel,60,29796.91,2026-08-14,2026-10-13,open,,,,False,False,erratic_payer
INV13001462,B013,B013-C1051,Textiles Client 051,Textiles & Apparel,60,46844.69,2026-08-19,2026-10-18,disputed_open,,,,False,False,erratic_payer
INV13001463,B013,B013-C1052,Retail Client 052,Retail & Distribution,30,37757.53,2024-05-06,2024-06-05,closed,2024-06-07,32,2,False,False,prompt_payer
INV13001464,B013,B013-C1052,Retail Client 052,Retail & Distribution,30,47959.02,2024-05-12,2024-06-11,closed,2024-06-07,26,-4,False,False,prompt_payer
INV13001465,B013,B013-C1052,Retail Client 052,Retail & Distribution,30,70794.72,2024-05-12,2024-06-11,closed,2024-06-17,36,6,False,False,prompt_payer
INV13001466,B013,B013-C1052,Retail Client 052,Retail & Distribution,30,60443.11,2024-10-20,2024-11-19,closed,2024-11-21,32,2,False,False,prompt_payer
INV13001467,B013,B013-C1052,Retail Client 052,Retail & Distribution,30,54516.13,2025-03-06,2025-04-05,closed,2025-03-28,22,-8,False,False,prompt_payer
INV13001468,B013,B013-C1052,Retail Client 052,Retail & Distribution,30,68645.06,2025-06-06,2025-07-06,closed,2025-07-12,36,6,False,False,prompt_payer
INV13001469,B013,B013-C1052,Retail Client 052,Retail & Distribution,30,55791.14,2025-07-19,2025-08-18,closed,2025-08-20,32,2,False,False,prompt_payer
INV13001470,B013,B013-C1052,Retail Client 052,Retail & Distribution,30,51543.1,2025-07-30,2025-08-29,closed,2025-08-29,30,0,False,False,prompt_payer
INV13001471,B013,B013-C1052,Retail Client 052,Retail & Distribution,30,50726.64,2025-09-03,2025-10-03,closed,2025-10-03,30,0,False,False,prompt_payer
INV13001472,B013,B013-C1052,Retail Client 052,Retail & Distribution,30,44645.27,2025-09-27,2025-10-27,closed,2025-10-24,27,-3,False,False,prompt_payer
INV13001473,B013,B013-C1052,Retail Client 052,Retail & Distribution,30,38495.12,2025-10-30,2025-11-29,closed,2025-11-29,30,0,False,False,prompt_payer
INV13001474,B013,B013-C1052,Retail Client 052,Retail & Distribution,30,54268.5,2025-12-04,2026-01-03,closed,2026-01-04,31,1,False,False,prompt_payer
INV13001475,B013,B013-C1052,Retail Client 052,Retail & Distribution,30,61689.82,2025-12-30,2026-01-29,closed,2026-01-31,32,2,False,False,prompt_payer
INV13001476,B013,B013-C1052,Retail Client 052,Retail & Distribution,30,61673.62,2026-04-16,2026-05-16,closed,2026-05-15,29,-1,False,False,prompt_payer
INV13001477,B013,B013-C1052,Retail Client 052,Retail & Distribution,30,98812.75,2026-07-08,2026-08-07,closed,2026-08-08,31,1,False,False,prompt_payer
INV13001478,B013,B013-C1052,Retail Client 052,Retail & Distribution,30,69379.92,2026-07-08,2026-08-07,closed,2026-08-13,36,6,False,False,prompt_payer
INV13001479,B013,B013-C1052,Retail Client 052,Retail & Distribution,30,34420.28,2026-08-23,2026-09-22,open,,,,False,False,prompt_payer
INV13001480,B013,B013-C1053,FMCG Client 053,FMCG & Food Processing,45,4803.65,2024-05-06,2024-06-20,closed,2024-06-21,46,1,False,False,average_payer
INV13001481,B013,B013-C1053,FMCG Client 053,FMCG & Food Processing,45,5365.4,2024-05-10,2024-06-24,disputed_open,,,,False,False,average_payer
INV13001482,B013,B013-C1053,FMCG Client 053,FMCG & Food Processing,45,8456.56,2024-06-10,2024-07-25,closed,2024-07-23,43,-2,False,False,average_payer
INV13001483,B013,B013-C1053,FMCG Client 053,FMCG & Food Processing,45,6204.78,2024-07-16,2024-08-30,closed,2024-09-12,58,13,False,False,average_payer
INV13001484,B013,B013-C1053,FMCG Client 053,FMCG & Food Processing,45,5715.81,2024-08-07,2024-09-21,closed,2024-09-15,39,-6,False,False,average_payer
INV13001485,B013,B013-C1053,FMCG Client 053,FMCG & Food Processing,45,9643.72,2024-08-08,2024-09-22,closed,2024-09-15,38,-7,False,False,average_payer
INV13001486,B013,B013-C1053,FMCG Client 053,FMCG & Food Processing,45,12216.98,2024-08-18,2024-10-02,closed,2024-10-15,58,13,False,False,average_payer
INV13001487,B013,B013-C1053,FMCG Client 053,FMCG & Food Processing,45,27180.19,2024-09-20,2024-11-04,closed,2024-11-10,51,6,False,True,average_payer
INV13001488,B013,B013-C1053,FMCG Client 053,FMCG & Food Processing,45,5622.84,2024-11-21,2025-01-05,closed,2025-01-10,50,5,False,False,average_payer
INV13001489,B013,B013-C1053,FMCG Client 053,FMCG & Food Processing,45,6989.14,2024-12-08,2025-01-22,closed,2025-01-30,53,8,False,False,average_payer
INV13001490,B013,B013-C1053,FMCG Client 053,FMCG & Food Processing,45,11188.55,2024-12-25,2025-02-08,closed,2025-01-29,35,-10,False,False,average_payer
INV13001491,B013,B013-C1053,FMCG Client 053,FMCG & Food Processing,45,21928.66,2025-02-23,2025-04-09,closed,2025-04-16,52,7,False,False,average_payer
INV13001492,B013,B013-C1053,FMCG Client 053,FMCG & Food Processing,45,34575.8,2025-03-18,2025-05-02,closed,2025-05-05,48,3,False,True,average_payer
INV13001493,B013,B013-C1053,FMCG Client 053,FMCG & Food Processing,45,9367.78,2025-03-28,2025-05-12,closed,2025-05-07,40,-5,False,False,average_payer
INV13001494,B013,B013-C1053,FMCG Client 053,FMCG & Food Processing,45,11423.19,2025-04-08,2025-05-23,closed,2025-05-29,51,6,False,False,average_payer
INV13001495,B013,B013-C1053,FMCG Client 053,FMCG & Food Processing,45,10470.83,2025-04-16,2025-05-31,closed,2025-06-06,51,6,False,False,average_payer
INV13001496,B013,B013-C1053,FMCG Client 053,FMCG & Food Processing,45,5685.51,2025-04-25,2025-06-09,closed,2025-06-15,51,6,False,False,average_payer
INV13001497,B013,B013-C1053,FMCG Client 053,FMCG & Food Processing,45,10353.88,2025-05-28,2025-07-12,closed,2025-07-22,55,10,False,False,average_payer
INV13001498,B013,B013-C1053,FMCG Client 053,FMCG & Food Processing,45,14466.22,2025-05-31,2025-07-15,closed,2025-07-18,48,3,False,False,average_payer
INV13001499,B013,B013-C1053,FMCG Client 053,FMCG & Food Processing,45,8016.65,2025-07-14,2025-08-28,closed,2025-08-31,48,3,False,False,average_payer
INV13001500,B013,B013-C1053,FMCG Client 053,FMCG & Food Processing,45,9671.3,2025-09-06,2025-10-21,open,,,,False,False,average_payer
INV13001501,B013,B013-C1053,FMCG Client 053,FMCG & Food Processing,45,27807.65,2025-09-10,2025-10-25,closed,2025-10-31,51,6,False,True,average_payer
INV13001502,B013,B013-C1053,FMCG Client 053,FMCG & Food Processing,45,7463.98,2025-09-15,2025-10-30,closed,2025-11-06,52,7,False,False,average_payer
INV13001503,B013,B013-C1053,FMCG Client 053,FMCG & Food Processing,45,6223.12,2025-11-24,2026-01-08,closed,2026-01-23,60,15,False,False,average_payer
INV13001504,B013,B013-C1053,FMCG Client 053,FMCG & Food Processing,45,6999.83,2025-12-03,2026-01-17,closed,2026-01-31,59,14,True,False,average_payer
INV13001505,B013,B013-C1053,FMCG Client 053,FMCG & Food Processing,45,6997.41,2025-12-06,2026-01-20,closed,2026-01-21,46,1,False,False,average_payer
INV13001506,B013,B013-C1053,FMCG Client 053,FMCG & Food Processing,45,4958.96,2026-03-10,2026-04-24,closed,2026-05-08,59,14,False,False,average_payer
INV13001507,B013,B013-C1053,FMCG Client 053,FMCG & Food Processing,45,10160.81,2026-04-07,2026-05-22,closed,2026-05-17,40,-5,False,False,average_payer
INV13001508,B013,B013-C1053,FMCG Client 053,FMCG & Food Processing,45,7631.38,2026-05-12,2026-06-26,closed,2026-06-25,44,-1,False,False,average_payer
INV13001509,B013,B013-C1053,FMCG Client 053,FMCG & Food Processing,45,5986.65,2026-05-29,2026-07-13,closed,2026-07-22,54,9,False,False,average_payer
INV13001510,B013,B013-C1053,FMCG Client 053,FMCG & Food Processing,45,7014.39,2026-06-06,2026-07-21,closed,2026-08-01,56,11,False,False,average_payer
INV13001511,B013,B013-C1053,FMCG Client 053,FMCG & Food Processing,45,9026.26,2026-08-14,2026-09-28,open,,,,False,False,average_payer
INV13001512,B013,B013-C1053,FMCG Client 053,FMCG & Food Processing,45,6657.37,2026-09-01,2026-10-16,open,,,,False,False,average_payer
INV13001513,B013,B013-C1054,Auto Client 054,Auto Components,30,132432.14,2024-03-19,2024-04-18,closed,2024-04-25,37,7,False,False,average_payer
INV13001514,B013,B013-C1054,Auto Client 054,Auto Components,30,133956.85,2024-03-22,2024-04-21,closed,2024-04-22,31,1,False,False,average_payer
INV13001515,B013,B013-C1054,Auto Client 054,Auto Components,30,493281.86,2024-03-23,2024-04-22,closed,2024-05-08,46,16,True,True,average_payer
INV13001516,B013,B013-C1054,Auto Client 054,Auto Components,30,87849.46,2024-04-08,2024-05-08,closed,2024-05-14,36,6,False,False,average_payer
INV13001517,B013,B013-C1054,Auto Client 054,Auto Components,30,72313.83,2024-04-18,2024-05-18,closed,2024-05-22,34,4,False,False,average_payer
INV13001518,B013,B013-C1054,Auto Client 054,Auto Components,30,104328.09,2024-05-04,2024-06-03,closed,2024-06-07,34,4,False,False,average_payer
INV13001519,B013,B013-C1054,Auto Client 054,Auto Components,30,73576.57,2024-05-27,2024-06-26,closed,2024-06-30,34,4,False,False,average_payer
INV13001520,B013,B013-C1054,Auto Client 054,Auto Components,30,45398.37,2024-06-11,2024-07-11,closed,2024-07-09,28,-2,False,False,average_payer
INV13001521,B013,B013-C1054,Auto Client 054,Auto Components,30,60141.63,2024-07-16,2024-08-15,closed,2024-08-16,31,1,False,False,average_payer
INV13001522,B013,B013-C1054,Auto Client 054,Auto Components,30,78978.77,2024-07-30,2024-08-29,closed,2024-09-07,39,9,True,False,average_payer
INV13001523,B013,B013-C1054,Auto Client 054,Auto Components,30,92840.53,2024-08-23,2024-09-22,closed,2024-09-24,32,2,False,False,average_payer
INV13001524,B013,B013-C1054,Auto Client 054,Auto Components,30,100493.75,2024-09-04,2024-10-04,closed,2024-10-12,38,8,False,False,average_payer
INV13001525,B013,B013-C1054,Auto Client 054,Auto Components,30,93938.64,2024-10-07,2024-11-06,closed,2024-11-16,40,10,False,False,average_payer
INV13001526,B013,B013-C1054,Auto Client 054,Auto Components,30,58934.94,2024-12-10,2025-01-09,closed,2025-01-07,28,-2,False,False,average_payer
INV13001527,B013,B013-C1054,Auto Client 054,Auto Components,30,39494.24,2025-01-19,2025-02-18,closed,2025-02-22,34,4,False,False,average_payer
INV13001528,B013,B013-C1054,Auto Client 054,Auto Components,30,154731.62,2025-02-06,2025-03-08,closed,2025-03-20,42,12,False,False,average_payer
INV13001529,B013,B013-C1054,Auto Client 054,Auto Components,30,88014.24,2025-02-21,2025-03-23,closed,2025-04-06,44,14,False,False,average_payer
INV13001530,B013,B013-C1054,Auto Client 054,Auto Components,30,384486.87,2025-04-10,2025-05-10,closed,2025-05-06,26,-4,False,True,average_payer
INV13001531,B013,B013-C1054,Auto Client 054,Auto Components,30,92820.91,2025-05-02,2025-06-01,closed,2025-06-15,44,14,False,False,average_payer
INV13001532,B013,B013-C1054,Auto Client 054,Auto Components,30,533971.76,2025-05-07,2025-06-06,closed,2025-06-16,40,10,False,True,average_payer
INV13001533,B013,B013-C1054,Auto Client 054,Auto Components,30,76065.78,2025-05-11,2025-06-10,closed,2025-06-14,34,4,False,False,average_payer
INV13001534,B013,B013-C1054,Auto Client 054,Auto Components,30,62592.69,2025-05-25,2025-06-24,closed,2025-07-08,44,14,False,False,average_payer
INV13001535,B013,B013-C1054,Auto Client 054,Auto Components,30,69585.24,2025-06-11,2025-07-11,closed,2025-07-16,35,5,False,False,average_payer
INV13001536,B013,B013-C1054,Auto Client 054,Auto Components,30,113572.24,2025-06-17,2025-07-17,closed,2025-07-25,38,8,False,False,average_payer
INV13001537,B013,B013-C1054,Auto Client 054,Auto Components,30,154166.5,2025-06-22,2025-07-22,closed,2025-07-30,38,8,False,False,average_payer
INV13001538,B013,B013-C1054,Auto Client 054,Auto Components,30,59197.74,2025-07-09,2025-08-08,closed,2025-08-11,33,3,False,False,average_payer
INV13001539,B013,B013-C1054,Auto Client 054,Auto Components,30,92462.83,2025-07-25,2025-08-24,closed,2025-08-28,34,4,False,False,average_payer
INV13001540,B013,B013-C1054,Auto Client 054,Auto Components,30,67814.34,2025-07-30,2025-08-29,closed,2025-09-08,40,10,False,False,average_payer
INV13001541,B013,B013-C1054,Auto Client 054,Auto Components,30,51105.14,2025-08-15,2025-09-14,closed,2025-09-10,26,-4,False,False,average_payer
INV13001542,B013,B013-C1054,Auto Client 054,Auto Components,30,133389.26,2025-09-01,2025-10-01,closed,2025-10-08,37,7,False,False,average_payer
INV13001543,B013,B013-C1054,Auto Client 054,Auto Components,30,101472.14,2025-09-28,2025-10-28,closed,2025-11-04,37,7,False,False,average_payer
INV13001544,B013,B013-C1054,Auto Client 054,Auto Components,30,83034.76,2025-10-04,2025-11-03,closed,2025-11-19,46,16,False,False,average_payer
INV13001545,B013,B013-C1054,Auto Client 054,Auto Components,30,81160.66,2025-11-23,2025-12-23,closed,2025-12-19,26,-4,False,False,average_payer
INV13001546,B013,B013-C1054,Auto Client 054,Auto Components,30,174353.17,2026-01-29,2026-02-28,closed,2026-03-22,52,22,False,False,average_payer
INV13001547,B013,B013-C1054,Auto Client 054,Auto Components,30,128191.08,2026-03-22,2026-04-21,closed,2026-05-02,41,11,False,False,average_payer
INV13001548,B013,B013-C1054,Auto Client 054,Auto Components,30,79351.05,2026-03-28,2026-04-27,closed,2026-05-04,37,7,False,False,average_payer
INV13001549,B013,B013-C1054,Auto Client 054,Auto Components,30,72751.1,2026-04-07,2026-05-07,closed,2026-05-13,36,6,False,False,average_payer
INV13001550,B013,B013-C1054,Auto Client 054,Auto Components,30,95570.96,2026-06-02,2026-07-02,open,,,,False,False,average_payer
INV13001551,B013,B013-C1054,Auto Client 054,Auto Components,30,134837.86,2026-06-24,2026-07-24,closed,2026-08-05,42,12,False,False,average_payer
INV13001552,B013,B013-C1054,Auto Client 054,Auto Components,30,75950.81,2026-07-07,2026-08-06,closed,2026-08-05,29,-1,False,False,average_payer
INV13001553,B013,B013-C1054,Auto Client 054,Auto Components,30,91658.41,2026-07-17,2026-08-16,closed,2026-08-15,29,-1,False,False,average_payer
INV13001554,B013,B013-C1055,IT Client 055,IT & Business Services,45,171303.48,2024-04-05,2024-05-20,closed,2024-05-19,44,-1,False,False,prompt_payer
INV13001555,B013,B013-C1055,IT Client 055,IT & Business Services,45,106208.29,2024-05-15,2024-06-29,closed,2024-06-27,43,-2,False,False,prompt_payer
INV13001556,B013,B013-C1055,IT Client 055,IT & Business Services,45,89830.6,2024-05-16,2024-06-30,closed,2024-06-29,44,-1,False,False,prompt_payer
INV13001557,B013,B013-C1055,IT Client 055,IT & Business Services,45,125876.39,2024-06-06,2024-07-21,closed,2024-07-25,49,4,True,False,prompt_payer
INV13001558,B013,B013-C1055,IT Client 055,IT & Business Services,45,117789.44,2024-06-08,2024-07-23,closed,2024-07-23,45,0,False,False,prompt_payer
INV13001559,B013,B013-C1055,IT Client 055,IT & Business Services,45,253761.9,2024-07-16,2024-08-30,closed,2024-09-02,48,3,False,False,prompt_payer
INV13001560,B013,B013-C1055,IT Client 055,IT & Business Services,45,110423.52,2024-09-30,2024-11-14,closed,2024-11-12,43,-2,False,False,prompt_payer
INV13001561,B013,B013-C1055,IT Client 055,IT & Business Services,45,149408.21,2024-11-10,2024-12-25,closed,2024-12-28,48,3,False,False,prompt_payer
INV13001562,B013,B013-C1055,IT Client 055,IT & Business Services,45,166321.89,2024-11-22,2025-01-06,closed,2024-12-29,37,-8,False,False,prompt_payer
INV13001563,B013,B013-C1055,IT Client 055,IT & Business Services,45,895044.21,2024-12-05,2025-01-19,closed,2025-01-20,46,1,False,True,prompt_payer
INV13001564,B013,B013-C1055,IT Client 055,IT & Business Services,45,175460.74,2025-01-07,2025-02-21,closed,2025-02-23,47,2,False,False,prompt_payer
INV13001565,B013,B013-C1055,IT Client 055,IT & Business Services,45,216967.81,2025-01-15,2025-03-01,closed,2025-03-04,48,3,False,False,prompt_payer
INV13001566,B013,B013-C1055,IT Client 055,IT & Business Services,45,104014.77,2025-05-18,2025-07-02,closed,2025-07-03,46,1,False,False,prompt_payer
INV13001567,B013,B013-C1055,IT Client 055,IT & Business Services,45,118861.31,2025-05-22,2025-07-06,closed,2025-07-10,49,4,False,False,prompt_payer
INV13001568,B013,B013-C1055,IT Client 055,IT & Business Services,45,124851.37,2025-06-13,2025-07-28,closed,2025-07-31,48,3,False,False,prompt_payer
INV13001569,B013,B013-C1055,IT Client 055,IT & Business Services,45,272389.69,2025-08-09,2025-09-23,closed,2025-09-18,40,-5,False,False,prompt_payer
INV13001570,B013,B013-C1055,IT Client 055,IT & Business Services,45,171870.28,2025-08-23,2025-10-07,closed,2025-10-12,50,5,False,False,prompt_payer
INV13001571,B013,B013-C1055,IT Client 055,IT & Business Services,45,124757.75,2025-09-25,2025-11-09,closed,2025-11-06,42,-3,False,False,prompt_payer
INV13001572,B013,B013-C1055,IT Client 055,IT & Business Services,45,174472.89,2025-10-09,2025-11-23,closed,2025-11-29,51,6,False,False,prompt_payer
INV13001573,B013,B013-C1055,IT Client 055,IT & Business Services,45,217778.89,2025-12-07,2026-01-21,closed,2026-01-24,48,3,False,False,prompt_payer
INV13001574,B013,B013-C1055,IT Client 055,IT & Business Services,45,207439.92,2026-01-22,2026-03-08,open,,,,False,False,prompt_payer
INV13001575,B013,B013-C1055,IT Client 055,IT & Business Services,45,236684.77,2026-03-06,2026-04-20,closed,2026-04-27,52,7,False,False,prompt_payer
INV13001576,B013,B013-C1055,IT Client 055,IT & Business Services,45,145828.17,2026-04-13,2026-05-28,closed,2026-05-22,39,-6,False,False,prompt_payer
INV13001577,B013,B013-C1055,IT Client 055,IT & Business Services,45,192252.96,2026-05-06,2026-06-20,closed,2026-06-18,43,-2,False,False,prompt_payer
INV13001578,B013,B013-C1055,IT Client 055,IT & Business Services,45,129228.28,2026-05-15,2026-06-29,closed,2026-07-05,51,6,False,False,prompt_payer
INV13001579,B013,B013-C1055,IT Client 055,IT & Business Services,45,304778.54,2026-06-16,2026-07-31,closed,2026-08-03,48,3,False,False,prompt_payer
INV13001580,B013,B013-C1056,Construction Client 056,Construction & Infra,15,68114.93,2024-06-22,2024-07-07,closed,2024-07-05,13,-2,False,False,average_payer
INV13001581,B013,B013-C1056,Construction Client 056,Construction & Infra,15,125865.88,2024-07-30,2024-08-14,closed,2024-08-24,25,10,False,False,average_payer
INV13001582,B013,B013-C1056,Construction Client 056,Construction & Infra,15,97800.57,2024-10-01,2024-10-16,closed,2024-10-22,21,6,False,False,average_payer
INV13001583,B013,B013-C1056,Construction Client 056,Construction & Infra,15,89106.67,2024-11-12,2024-11-27,closed,2024-11-28,16,1,False,False,average_payer
INV13001584,B013,B013-C1056,Construction Client 056,Construction & Infra,15,74904.71,2025-01-09,2025-01-24,closed,2025-02-06,28,13,False,False,average_payer
INV13001585,B013,B013-C1056,Construction Client 056,Construction & Infra,15,92120.51,2025-04-22,2025-05-07,closed,2025-05-11,19,4,False,False,average_payer
INV13001586,B013,B013-C1056,Construction Client 056,Construction & Infra,15,77324.16,2025-05-11,2025-05-26,closed,2025-06-07,27,12,False,False,average_payer
INV13001587,B013,B013-C1056,Construction Client 056,Construction & Infra,15,47927.2,2025-06-04,2025-06-19,closed,2025-06-26,22,7,False,False,average_payer
INV13001588,B013,B013-C1056,Construction Client 056,Construction & Infra,15,80405.59,2025-07-14,2025-07-29,closed,2025-08-03,20,5,False,False,average_payer
INV13001589,B013,B013-C1056,Construction Client 056,Construction & Infra,15,89750.66,2025-07-24,2025-08-08,closed,2025-08-10,17,2,False,False,average_payer
INV13001590,B013,B013-C1056,Construction Client 056,Construction & Infra,15,80523.02,2025-08-02,2025-08-17,closed,2025-08-19,17,2,False,False,average_payer
INV13001591,B013,B013-C1056,Construction Client 056,Construction & Infra,15,69613.01,2025-08-12,2025-08-27,closed,2025-09-03,22,7,False,False,average_payer
INV13001592,B013,B013-C1056,Construction Client 056,Construction & Infra,15,102443.91,2025-08-14,2025-08-29,closed,2025-09-09,26,11,False,False,average_payer
INV13001593,B013,B013-C1056,Construction Client 056,Construction & Infra,15,95610.41,2025-08-16,2025-08-31,closed,2025-09-01,16,1,False,False,average_payer
INV13001594,B013,B013-C1056,Construction Client 056,Construction & Infra,15,110278.21,2025-10-21,2025-11-05,closed,2025-11-16,26,11,False,False,average_payer
INV13001595,B013,B013-C1056,Construction Client 056,Construction & Infra,15,138156.47,2026-01-28,2026-02-12,closed,2026-02-20,23,8,False,False,average_payer
INV13001596,B013,B013-C1056,Construction Client 056,Construction & Infra,15,183912.42,2026-01-29,2026-02-13,closed,2026-02-08,10,-5,False,False,average_payer
INV13001597,B013,B013-C1056,Construction Client 056,Construction & Infra,15,106402.79,2026-04-25,2026-05-10,closed,2026-04-30,5,-10,False,False,average_payer
INV13001598,B013,B013-C1056,Construction Client 056,Construction & Infra,15,114248.65,2026-06-01,2026-06-16,closed,2026-06-14,13,-2,False,False,average_payer
INV13001599,B013,B013-C1056,Construction Client 056,Construction & Infra,15,86976.58,2026-06-05,2026-06-20,closed,2026-06-21,16,1,False,False,average_payer
INV13001600,B013,B013-C1056,Construction Client 056,Construction & Infra,15,115240.32,2026-06-27,2026-07-12,closed,2026-07-19,22,7,False,False,average_payer
INV13001601,B013,B013-C1056,Construction Client 056,Construction & Infra,15,58631.17,2026-07-13,2026-07-28,closed,2026-08-06,24,9,False,False,average_payer
INV13001602,B013,B013-C1056,Construction Client 056,Construction & Infra,15,109555.15,2026-07-19,2026-08-03,closed,2026-08-08,20,5,False,False,average_payer
INV13001603,B013,B013-C1056,Construction Client 056,Construction & Infra,15,148365.89,2026-07-19,2026-08-03,closed,2026-08-04,16,1,False,False,average_payer
INV13001604,B013,B013-C1057,Electronics Client 057,Electronics & Electricals,30,315349.91,2024-03-29,2024-04-28,closed,2024-05-01,33,3,False,False,seasonal_payer
INV13001605,B013,B013-C1057,Electronics Client 057,Electronics & Electricals,30,491873.54,2024-04-30,2024-05-30,closed,2024-06-12,43,13,False,False,seasonal_payer
INV13001606,B013,B013-C1057,Electronics Client 057,Electronics & Electricals,30,446341.16,2024-05-10,2024-06-09,closed,2024-06-26,47,17,False,False,seasonal_payer
INV13001607,B013,B013-C1057,Electronics Client 057,Electronics & Electricals,30,652360.6,2024-05-31,2024-06-30,closed,2024-07-14,44,14,False,False,seasonal_payer
INV13001608,B013,B013-C1057,Electronics Client 057,Electronics & Electricals,30,465184.75,2024-07-01,2024-07-31,closed,2024-08-20,50,20,False,False,seasonal_payer
INV13001609,B013,B013-C1057,Electronics Client 057,Electronics & Electricals,30,507646.41,2024-09-19,2024-10-19,closed,2024-10-28,39,9,False,False,seasonal_payer
INV13001610,B013,B013-C1057,Electronics Client 057,Electronics & Electricals,30,527093.55,2024-12-11,2025-01-10,closed,2025-01-12,32,2,False,False,seasonal_payer
INV13001611,B013,B013-C1057,Electronics Client 057,Electronics & Electricals,30,516728.34,2025-03-16,2025-04-15,closed,2025-04-26,41,11,False,False,seasonal_payer
INV13001612,B013,B013-C1057,Electronics Client 057,Electronics & Electricals,30,356611.73,2025-03-29,2025-04-28,closed,2025-05-11,43,13,False,False,seasonal_payer
INV13001613,B013,B013-C1057,Electronics Client 057,Electronics & Electricals,30,271739.0,2025-05-23,2025-06-22,closed,2025-07-08,46,16,False,False,seasonal_payer
INV13001614,B013,B013-C1057,Electronics Client 057,Electronics & Electricals,30,332087.74,2025-07-07,2025-08-06,closed,2025-08-27,51,21,False,False,seasonal_payer
INV13001615,B013,B013-C1057,Electronics Client 057,Electronics & Electricals,30,3373665.22,2025-07-23,2025-08-22,closed,2025-09-03,42,12,False,True,seasonal_payer
INV13001616,B013,B013-C1057,Electronics Client 057,Electronics & Electricals,30,414174.46,2025-07-28,2025-08-27,closed,2025-09-12,46,16,False,False,seasonal_payer
INV13001617,B013,B013-C1057,Electronics Client 057,Electronics & Electricals,30,436241.42,2025-10-08,2025-11-07,closed,2025-11-21,44,14,False,False,seasonal_payer
INV13001618,B013,B013-C1057,Electronics Client 057,Electronics & Electricals,30,558838.56,2025-11-11,2025-12-11,closed,2025-12-16,35,5,False,False,seasonal_payer
INV13001619,B013,B013-C1057,Electronics Client 057,Electronics & Electricals,30,344567.99,2025-12-01,2025-12-31,closed,2025-12-26,25,-5,False,False,seasonal_payer
INV13001620,B013,B013-C1057,Electronics Client 057,Electronics & Electricals,30,288743.29,2025-12-21,2026-01-20,closed,2026-01-19,29,-1,False,False,seasonal_payer
INV13001621,B013,B013-C1057,Electronics Client 057,Electronics & Electricals,30,544187.77,2026-01-15,2026-02-14,closed,2026-02-28,44,14,False,False,seasonal_payer
INV13001622,B013,B013-C1057,Electronics Client 057,Electronics & Electricals,30,556433.02,2026-03-12,2026-04-11,closed,2026-05-02,51,21,False,False,seasonal_payer
INV13001623,B013,B013-C1057,Electronics Client 057,Electronics & Electricals,30,329336.27,2026-03-28,2026-04-27,closed,2026-05-16,49,19,False,False,seasonal_payer
INV13001624,B013,B013-C1057,Electronics Client 057,Electronics & Electricals,30,603479.28,2026-04-24,2026-05-24,closed,2026-06-07,44,14,False,False,seasonal_payer
INV13001625,B013,B013-C1057,Electronics Client 057,Electronics & Electricals,30,528837.2,2026-05-28,2026-06-27,closed,2026-07-08,41,11,False,False,seasonal_payer
INV13001626,B013,B013-C1057,Electronics Client 057,Electronics & Electricals,30,413705.47,2026-06-05,2026-07-05,closed,2026-07-18,43,13,False,False,seasonal_payer
INV13001627,B013,B013-C1057,Electronics Client 057,Electronics & Electricals,30,308119.4,2026-06-26,2026-07-26,closed,2026-08-09,44,14,False,False,seasonal_payer
INV13001628,B013,B013-C1057,Electronics Client 057,Electronics & Electricals,30,442902.8,2026-07-20,2026-08-19,closed,2026-08-29,40,10,True,False,seasonal_payer
INV13001629,B013,B013-C1057,Electronics Client 057,Electronics & Electricals,30,686653.78,2026-08-05,2026-09-04,open,,,,False,False,seasonal_payer
INV13001630,B013,B013-C1058,Textiles Client 058,Textiles & Apparel,30,3179.87,2024-03-30,2024-04-29,closed,2024-04-27,28,-2,False,False,average_payer
INV13001631,B013,B013-C1058,Textiles Client 058,Textiles & Apparel,30,8932.4,2024-04-04,2024-05-04,closed,2024-05-07,33,3,False,True,average_payer
INV13001632,B013,B013-C1058,Textiles Client 058,Textiles & Apparel,30,2702.63,2024-04-08,2024-05-08,closed,2024-05-07,29,-1,False,False,average_payer
INV13001633,B013,B013-C1058,Textiles Client 058,Textiles & Apparel,30,2645.23,2024-06-22,2024-07-22,closed,2024-07-19,27,-3,False,False,average_payer
INV13001634,B013,B013-C1058,Textiles Client 058,Textiles & Apparel,30,6087.57,2024-09-03,2024-10-03,closed,2024-10-13,40,10,False,False,average_payer
INV13001635,B013,B013-C1058,Textiles Client 058,Textiles & Apparel,30,3926.29,2024-09-13,2024-10-13,closed,2024-10-07,24,-6,False,False,average_payer
INV13001636,B013,B013-C1058,Textiles Client 058,Textiles & Apparel,30,2888.44,2024-11-06,2024-12-06,closed,2024-12-09,33,3,False,False,average_payer
INV13001637,B013,B013-C1058,Textiles Client 058,Textiles & Apparel,30,3429.35,2024-11-07,2024-12-07,closed,2024-12-11,34,4,False,False,average_payer
INV13001638,B013,B013-C1058,Textiles Client 058,Textiles & Apparel,30,5908.33,2024-11-16,2024-12-16,closed,2024-12-09,23,-7,False,False,average_payer
INV13001639,B013,B013-C1058,Textiles Client 058,Textiles & Apparel,30,5896.74,2024-12-04,2025-01-03,closed,2025-01-05,32,2,False,False,average_payer
INV13001640,B013,B013-C1058,Textiles Client 058,Textiles & Apparel,30,3992.76,2025-01-23,2025-02-22,closed,2025-03-07,43,13,False,False,average_payer
INV13001641,B013,B013-C1058,Textiles Client 058,Textiles & Apparel,30,2412.59,2025-02-17,2025-03-19,closed,2025-04-09,51,21,False,False,average_payer
INV13001642,B013,B013-C1058,Textiles Client 058,Textiles & Apparel,30,4015.69,2025-03-26,2025-04-25,closed,2025-04-30,35,5,False,False,average_payer
INV13001643,B013,B013-C1058,Textiles Client 058,Textiles & Apparel,30,4211.99,2025-04-10,2025-05-10,closed,2025-05-24,44,14,False,False,average_payer
INV13001644,B013,B013-C1058,Textiles Client 058,Textiles & Apparel,30,4524.23,2025-04-23,2025-05-23,closed,2025-06-09,47,17,False,False,average_payer
INV13001645,B013,B013-C1058,Textiles Client 058,Textiles & Apparel,30,6989.84,2025-05-04,2025-06-03,closed,2025-06-11,38,8,False,False,average_payer
INV13001646,B013,B013-C1058,Textiles Client 058,Textiles & Apparel,30,3887.82,2025-05-23,2025-06-22,closed,2025-06-29,37,7,False,False,average_payer
INV13001647,B013,B013-C1058,Textiles Client 058,Textiles & Apparel,30,4217.85,2025-07-05,2025-08-04,closed,2025-08-23,49,19,False,False,average_payer
INV13001648,B013,B013-C1058,Textiles Client 058,Textiles & Apparel,30,3097.92,2025-08-14,2025-09-13,closed,2025-09-06,23,-7,True,False,average_payer
INV13001649,B013,B013-C1058,Textiles Client 058,Textiles & Apparel,30,2613.17,2025-08-17,2025-09-16,closed,2025-09-22,36,6,False,False,average_payer
INV13001650,B013,B013-C1058,Textiles Client 058,Textiles & Apparel,30,2641.29,2025-08-25,2025-09-24,closed,2025-09-28,34,4,False,False,average_payer
INV13001651,B013,B013-C1058,Textiles Client 058,Textiles & Apparel,30,3796.1,2025-09-19,2025-10-19,disputed_open,,,,False,False,average_payer
INV13001652,B013,B013-C1058,Textiles Client 058,Textiles & Apparel,30,2584.55,2025-12-04,2026-01-03,closed,2026-01-14,41,11,False,False,average_payer
INV13001653,B013,B013-C1058,Textiles Client 058,Textiles & Apparel,30,24229.4,2025-12-09,2026-01-08,closed,2026-01-09,31,1,False,True,average_payer
INV13001654,B013,B013-C1058,Textiles Client 058,Textiles & Apparel,30,4112.49,2025-12-14,2026-01-13,closed,2026-01-12,29,-1,False,False,average_payer
INV13001655,B013,B013-C1058,Textiles Client 058,Textiles & Apparel,30,3605.87,2025-12-18,2026-01-17,closed,2026-01-28,41,11,False,False,average_payer
INV13001656,B013,B013-C1058,Textiles Client 058,Textiles & Apparel,30,3609.07,2025-12-21,2026-01-20,closed,2026-01-29,39,9,False,False,average_payer
INV13001657,B013,B013-C1058,Textiles Client 058,Textiles & Apparel,30,3462.31,2026-01-11,2026-02-10,closed,2026-02-11,31,1,False,False,average_payer
INV13001658,B013,B013-C1058,Textiles Client 058,Textiles & Apparel,30,3340.71,2026-04-14,2026-05-14,closed,2026-05-21,37,7,False,False,average_payer
INV13001659,B013,B013-C1058,Textiles Client 058,Textiles & Apparel,30,4256.47,2026-04-23,2026-05-23,closed,2026-05-23,30,0,False,False,average_payer
INV13001660,B013,B013-C1058,Textiles Client 058,Textiles & Apparel,30,3702.75,2026-05-21,2026-06-20,closed,2026-06-29,39,9,False,False,average_payer
INV13001661,B013,B013-C1058,Textiles Client 058,Textiles & Apparel,30,4532.84,2026-05-24,2026-06-23,closed,2026-06-30,37,7,False,False,average_payer
INV13001662,B013,B013-C1058,Textiles Client 058,Textiles & Apparel,30,4360.94,2026-05-26,2026-06-25,closed,2026-07-05,40,10,False,False,average_payer
INV13001663,B013,B013-C1058,Textiles Client 058,Textiles & Apparel,30,4278.5,2026-05-27,2026-06-26,closed,2026-06-22,26,-4,False,False,average_payer
INV13001664,B013,B013-C1058,Textiles Client 058,Textiles & Apparel,30,3811.8,2026-07-09,2026-08-08,closed,2026-08-24,46,16,False,False,average_payer
INV13001665,B013,B013-C1058,Textiles Client 058,Textiles & Apparel,30,3604.41,2026-08-22,2026-09-21,open,,,,False,False,average_payer
INV13001666,B013,B013-C1059,Auto Client 059,Auto Components,15,157234.64,2024-04-25,2024-05-10,closed,2024-05-10,15,0,False,False,prompt_payer
INV13001667,B013,B013-C1059,Auto Client 059,Auto Components,15,246746.04,2024-04-27,2024-05-12,closed,2024-05-12,15,0,False,False,prompt_payer
INV13001668,B013,B013-C1059,Auto Client 059,Auto Components,15,215180.51,2024-05-05,2024-05-20,closed,2024-05-23,18,3,False,False,prompt_payer
INV13001669,B013,B013-C1059,Auto Client 059,Auto Components,15,279854.95,2024-05-30,2024-06-14,closed,2024-06-14,15,0,False,False,prompt_payer
INV13001670,B013,B013-C1059,Auto Client 059,Auto Components,15,239712.57,2024-06-05,2024-06-20,closed,2024-06-23,18,3,False,False,prompt_payer
INV13001671,B013,B013-C1059,Auto Client 059,Auto Components,15,178352.23,2024-08-10,2024-08-25,closed,2024-08-27,17,2,False,False,prompt_payer
INV13001672,B013,B013-C1059,Auto Client 059,Auto Components,15,194427.67,2024-09-04,2024-09-19,closed,2024-09-17,13,-2,False,False,prompt_payer
INV13001673,B013,B013-C1059,Auto Client 059,Auto Components,15,217884.37,2024-09-11,2024-09-26,closed,2024-09-26,15,0,False,False,prompt_payer
INV13001674,B013,B013-C1059,Auto Client 059,Auto Components,15,189736.81,2024-09-15,2024-09-30,closed,2024-10-05,20,5,False,False,prompt_payer
INV13001675,B013,B013-C1059,Auto Client 059,Auto Components,15,198975.24,2024-11-04,2024-11-19,closed,2024-11-28,24,9,False,False,prompt_payer
INV13001676,B013,B013-C1059,Auto Client 059,Auto Components,15,281705.72,2024-11-07,2024-11-22,closed,2024-11-19,12,-3,False,False,prompt_payer
INV13001677,B013,B013-C1059,Auto Client 059,Auto Components,15,255849.65,2024-11-19,2024-12-04,closed,2024-11-30,11,-4,False,False,prompt_payer
INV13001678,B013,B013-C1059,Auto Client 059,Auto Components,15,267756.94,2025-02-28,2025-03-15,closed,2025-03-20,20,5,False,False,prompt_payer
INV13001679,B013,B013-C1059,Auto Client 059,Auto Components,15,141444.72,2025-03-08,2025-03-23,closed,2025-03-30,22,7,False,False,prompt_payer
INV13001680,B013,B013-C1059,Auto Client 059,Auto Components,15,291211.97,2025-03-30,2025-04-14,closed,2025-04-16,17,2,False,False,prompt_payer
INV13001681,B013,B013-C1059,Auto Client 059,Auto Components,15,276344.13,2025-04-27,2025-05-12,closed,2025-05-17,20,5,False,False,prompt_payer
INV13001682,B013,B013-C1059,Auto Client 059,Auto Components,15,189834.64,2025-06-20,2025-07-05,closed,2025-07-05,15,0,False,False,prompt_payer
INV13001683,B013,B013-C1059,Auto Client 059,Auto Components,15,104510.6,2025-07-06,2025-07-21,closed,2025-07-23,17,2,False,False,prompt_payer
INV13001684,B013,B013-C1059,Auto Client 059,Auto Components,15,475685.58,2025-07-13,2025-07-28,closed,2025-07-29,16,1,False,False,prompt_payer
INV13001685,B013,B013-C1059,Auto Client 059,Auto Components,15,177888.76,2025-09-16,2025-10-01,closed,2025-09-30,14,-1,False,False,prompt_payer
INV13001686,B013,B013-C1059,Auto Client 059,Auto Components,15,150226.77,2025-10-02,2025-10-17,closed,2025-10-18,16,1,False,False,prompt_payer
INV13001687,B013,B013-C1059,Auto Client 059,Auto Components,15,188401.15,2025-10-24,2025-11-08,closed,2025-11-04,11,-4,False,False,prompt_payer
INV13001688,B013,B013-C1059,Auto Client 059,Auto Components,15,225026.02,2025-11-08,2025-11-23,closed,2025-11-28,20,5,False,False,prompt_payer
INV13001689,B013,B013-C1059,Auto Client 059,Auto Components,15,224678.86,2025-11-23,2025-12-08,closed,2025-12-12,19,4,False,False,prompt_payer
INV13001690,B013,B013-C1059,Auto Client 059,Auto Components,15,253091.01,2026-01-15,2026-01-30,closed,2026-01-30,15,0,False,False,prompt_payer
INV13001691,B013,B013-C1059,Auto Client 059,Auto Components,15,320300.72,2026-01-20,2026-02-04,closed,2026-02-03,14,-1,False,False,prompt_payer
INV13001692,B013,B013-C1059,Auto Client 059,Auto Components,15,913230.24,2026-03-19,2026-04-03,closed,2026-04-02,14,-1,False,True,prompt_payer
INV13001693,B013,B013-C1059,Auto Client 059,Auto Components,15,242247.39,2026-05-09,2026-05-24,closed,2026-05-26,17,2,False,False,prompt_payer
INV13001694,B013,B013-C1059,Auto Client 059,Auto Components,15,183770.73,2026-07-22,2026-08-06,closed,2026-08-05,14,-1,False,False,prompt_payer
INV13001695,B013,B013-C1060,Construction Client 060,Construction & Infra,60,103518.18,2024-04-23,2024-06-22,closed,2024-07-09,77,17,False,False,seasonal_payer
INV13001696,B013,B013-C1060,Construction Client 060,Construction & Infra,60,163103.23,2024-04-30,2024-06-29,closed,2024-07-12,73,13,False,False,seasonal_payer
INV13001697,B013,B013-C1060,Construction Client 060,Construction & Infra,60,76534.28,2024-05-10,2024-07-09,closed,2024-07-25,76,16,False,False,seasonal_payer
INV13001698,B013,B013-C1060,Construction Client 060,Construction & Infra,60,92764.38,2024-07-24,2024-09-22,closed,2024-10-01,69,9,False,False,seasonal_payer
INV13001699,B013,B013-C1060,Construction Client 060,Construction & Infra,60,149417.03,2024-08-01,2024-09-30,closed,2024-10-27,87,27,False,False,seasonal_payer
INV13001700,B013,B013-C1060,Construction Client 060,Construction & Infra,60,84594.25,2024-09-03,2024-11-02,closed,2024-11-13,71,11,False,False,seasonal_payer
INV13001701,B013,B013-C1060,Construction Client 060,Construction & Infra,60,90314.25,2024-09-04,2024-11-03,closed,2024-11-07,64,4,False,False,seasonal_payer
INV13001702,B013,B013-C1060,Construction Client 060,Construction & Infra,60,150363.91,2024-09-18,2024-11-17,closed,2024-11-23,66,6,False,False,seasonal_payer
INV13001703,B013,B013-C1060,Construction Client 060,Construction & Infra,60,131409.99,2024-09-25,2024-11-24,closed,2024-12-01,67,7,False,False,seasonal_payer
INV13001704,B013,B013-C1060,Construction Client 060,Construction & Infra,60,132896.45,2024-10-05,2024-12-04,closed,2024-12-08,64,4,False,False,seasonal_payer
INV13001705,B013,B013-C1060,Construction Client 060,Construction & Infra,60,167806.29,2024-11-19,2025-01-18,closed,2025-01-16,58,-2,False,False,seasonal_payer
INV13001706,B013,B013-C1060,Construction Client 060,Construction & Infra,60,79276.4,2025-01-23,2025-03-24,closed,2025-03-25,61,1,True,False,seasonal_payer
INV13001707,B013,B013-C1060,Construction Client 060,Construction & Infra,60,184480.41,2025-02-16,2025-04-17,closed,2025-04-28,71,11,False,False,seasonal_payer
INV13001708,B013,B013-C1060,Construction Client 060,Construction & Infra,60,154895.68,2025-02-19,2025-04-20,closed,2025-05-04,74,14,False,False,seasonal_payer
INV13001709,B013,B013-C1060,Construction Client 060,Construction & Infra,60,75726.38,2025-05-06,2025-07-05,closed,2025-07-20,75,15,False,False,seasonal_payer
INV13001710,B013,B013-C1060,Construction Client 060,Construction & Infra,60,66499.48,2025-05-13,2025-07-12,closed,2025-07-22,70,10,False,False,seasonal_payer
INV13001711,B013,B013-C1060,Construction Client 060,Construction & Infra,60,48605.92,2025-06-24,2025-08-23,closed,2025-08-31,68,8,False,False,seasonal_payer
INV13001712,B013,B013-C1060,Construction Client 060,Construction & Infra,60,134022.85,2025-07-10,2025-09-08,closed,2025-09-15,67,7,False,False,seasonal_payer
INV13001713,B013,B013-C1060,Construction Client 060,Construction & Infra,60,117779.92,2025-07-25,2025-09-23,closed,2025-10-12,79,19,False,False,seasonal_payer
INV13001714,B013,B013-C1060,Construction Client 060,Construction & Infra,60,101986.01,2025-07-30,2025-09-28,closed,2025-10-02,64,4,False,False,seasonal_payer
INV13001715,B013,B013-C1060,Construction Client 060,Construction & Infra,60,108231.35,2025-08-05,2025-10-04,closed,2025-10-02,58,-2,False,False,seasonal_payer
INV13001716,B013,B013-C1060,Construction Client 060,Construction & Infra,60,77234.74,2025-08-16,2025-10-15,closed,2025-10-21,66,6,False,False,seasonal_payer
INV13001717,B013,B013-C1060,Construction Client 060,Construction & Infra,60,96813.47,2025-08-30,2025-10-29,closed,2025-11-03,65,5,False,False,seasonal_payer
INV13001718,B013,B013-C1060,Construction Client 060,Construction & Infra,60,72661.11,2025-10-02,2025-12-01,closed,2025-12-05,64,4,False,False,seasonal_payer
INV13001719,B013,B013-C1060,Construction Client 060,Construction & Infra,60,135520.43,2025-10-16,2025-12-15,closed,2025-12-24,69,9,True,False,seasonal_payer
INV13001720,B013,B013-C1060,Construction Client 060,Construction & Infra,60,78881.59,2025-11-14,2026-01-13,open,,,,False,False,seasonal_payer
INV13001721,B013,B013-C1060,Construction Client 060,Construction & Infra,60,72455.81,2025-11-24,2026-01-23,closed,2026-01-24,61,1,False,False,seasonal_payer
INV13001722,B013,B013-C1060,Construction Client 060,Construction & Infra,60,127815.32,2025-12-21,2026-02-19,closed,2026-02-20,61,1,False,False,seasonal_payer
INV13001723,B013,B013-C1060,Construction Client 060,Construction & Infra,60,60406.1,2025-12-23,2026-02-21,closed,2026-02-18,57,-3,False,False,seasonal_payer
INV13001724,B013,B013-C1060,Construction Client 060,Construction & Infra,60,132591.76,2025-12-28,2026-02-26,closed,2026-03-04,66,6,False,False,seasonal_payer
INV13001725,B013,B013-C1060,Construction Client 060,Construction & Infra,60,77494.29,2026-01-19,2026-03-20,open,,,,False,False,seasonal_payer
INV13001726,B013,B013-C1060,Construction Client 060,Construction & Infra,60,97742.82,2026-01-22,2026-03-23,closed,2026-04-03,71,11,False,False,seasonal_payer
INV13001727,B013,B013-C1060,Construction Client 060,Construction & Infra,60,88051.45,2026-02-02,2026-04-03,closed,2026-04-09,66,6,False,False,seasonal_payer
INV13001728,B013,B013-C1060,Construction Client 060,Construction & Infra,60,82014.65,2026-03-14,2026-05-13,closed,2026-05-29,76,16,False,False,seasonal_payer
INV13001729,B013,B013-C1060,Construction Client 060,Construction & Infra,60,105104.03,2026-03-30,2026-05-29,closed,2026-06-16,78,18,False,False,seasonal_payer
INV13001730,B013,B013-C1060,Construction Client 060,Construction & Infra,60,103572.56,2026-04-09,2026-06-08,closed,2026-06-25,77,17,False,False,seasonal_payer
INV13001731,B013,B013-C1060,Construction Client 060,Construction & Infra,60,394069.18,2026-04-22,2026-06-21,closed,2026-07-03,72,12,False,True,seasonal_payer
INV13001732,B013,B013-C1060,Construction Client 060,Construction & Infra,60,83567.32,2026-05-12,2026-07-11,closed,2026-08-06,86,26,False,False,seasonal_payer
INV13001733,B013,B013-C1060,Construction Client 060,Construction & Infra,60,93651.55,2026-06-02,2026-08-01,closed,2026-08-20,79,19,False,False,seasonal_payer
INV13001734,B013,B013-C1060,Construction Client 060,Construction & Infra,60,135513.32,2026-06-14,2026-08-13,closed,2026-08-18,65,5,False,False,seasonal_payer
INV13001735,B013,B013-C1060,Construction Client 060,Construction & Infra,60,89221.11,2026-07-22,2026-09-20,open,,,,False,False,seasonal_payer
INV13001736,B013,B013-C1060,Construction Client 060,Construction & Infra,60,135806.58,2026-07-24,2026-09-22,open,,,,False,False,seasonal_payer
INV13001737,B013,B013-C1060,Construction Client 060,Construction & Infra,60,104132.92,2026-07-28,2026-09-26,open,,,,False,False,seasonal_payer
INV13001738,B013,B013-C1061,IT Client 061,IT & Business Services,30,26525.36,2024-04-07,2024-05-07,closed,2024-05-06,29,-1,False,False,average_payer
INV13001739,B013,B013-C1061,IT Client 061,IT & Business Services,30,32092.93,2024-04-16,2024-05-16,closed,2024-05-24,38,8,False,False,average_payer
INV13001740,B013,B013-C1061,IT Client 061,IT & Business Services,30,24164.61,2024-04-17,2024-05-17,closed,2024-05-31,44,14,False,False,average_payer
INV13001741,B013,B013-C1061,IT Client 061,IT & Business Services,30,20771.24,2024-06-01,2024-07-01,closed,2024-07-02,31,1,False,False,average_payer
INV13001742,B013,B013-C1061,IT Client 061,IT & Business Services,30,34303.76,2024-07-06,2024-08-05,closed,2024-08-02,27,-3,False,False,average_payer
INV13001743,B013,B013-C1061,IT Client 061,IT & Business Services,30,31170.66,2024-07-10,2024-08-09,closed,2024-08-02,23,-7,False,False,average_payer
INV13001744,B013,B013-C1061,IT Client 061,IT & Business Services,30,27471.58,2024-07-12,2024-08-11,closed,2024-08-17,36,6,False,False,average_payer
INV13001745,B013,B013-C1061,IT Client 061,IT & Business Services,30,24058.32,2024-08-06,2024-09-05,closed,2024-09-11,36,6,False,False,average_payer
INV13001746,B013,B013-C1061,IT Client 061,IT & Business Services,30,43169.32,2024-08-16,2024-09-15,closed,2024-09-15,30,0,False,False,average_payer
INV13001747,B013,B013-C1061,IT Client 061,IT & Business Services,30,23366.72,2024-09-03,2024-10-03,closed,2024-10-05,32,2,False,False,average_payer
INV13001748,B013,B013-C1061,IT Client 061,IT & Business Services,30,17427.18,2024-09-27,2024-10-27,closed,2024-10-25,28,-2,False,False,average_payer
INV13001749,B013,B013-C1061,IT Client 061,IT & Business Services,30,35718.04,2024-10-22,2024-11-21,closed,2024-12-04,43,13,False,False,average_payer
INV13001750,B013,B013-C1061,IT Client 061,IT & Business Services,30,25400.76,2024-12-11,2025-01-10,closed,2025-01-16,36,6,False,False,average_payer
INV13001751,B013,B013-C1061,IT Client 061,IT & Business Services,30,32575.96,2025-02-27,2025-03-29,closed,2025-04-11,43,13,False,False,average_payer
INV13001752,B013,B013-C1061,IT Client 061,IT & Business Services,30,43037.53,2025-03-22,2025-04-21,closed,2025-04-23,32,2,False,False,average_payer
INV13001753,B013,B013-C1061,IT Client 061,IT & Business Services,30,23084.59,2025-04-17,2025-05-17,closed,2025-06-05,49,19,False,False,average_payer
INV13001754,B013,B013-C1061,IT Client 061,IT & Business Services,30,21925.09,2025-04-22,2025-05-22,closed,2025-06-01,40,10,False,False,average_payer
INV13001755,B013,B013-C1061,IT Client 061,IT & Business Services,30,19367.86,2025-04-24,2025-05-24,closed,2025-06-01,38,8,False,False,average_payer
INV13001756,B013,B013-C1061,IT Client 061,IT & Business Services,30,21375.52,2025-05-19,2025-06-18,closed,2025-06-27,39,9,False,False,average_payer
INV13001757,B013,B013-C1061,IT Client 061,IT & Business Services,30,17152.99,2025-06-26,2025-07-26,closed,2025-07-24,28,-2,True,False,average_payer
INV13001758,B013,B013-C1061,IT Client 061,IT & Business Services,30,25938.33,2025-08-12,2025-09-11,closed,2025-09-20,39,9,False,False,average_payer
INV13001759,B013,B013-C1061,IT Client 061,IT & Business Services,30,29767.39,2025-11-13,2025-12-13,closed,2025-12-18,35,5,False,False,average_payer
INV13001760,B013,B013-C1061,IT Client 061,IT & Business Services,30,24542.97,2025-12-15,2026-01-14,closed,2026-01-23,39,9,False,False,average_payer
INV13001761,B013,B013-C1061,IT Client 061,IT & Business Services,30,26214.46,2025-12-21,2026-01-20,closed,2026-01-23,33,3,False,False,average_payer
INV13001762,B013,B013-C1061,IT Client 061,IT & Business Services,30,184857.0,2026-01-15,2026-02-14,closed,2026-02-20,36,6,False,True,average_payer
INV13001763,B013,B013-C1061,IT Client 061,IT & Business Services,30,38274.25,2026-02-24,2026-03-26,closed,2026-03-30,34,4,False,False,average_payer
INV13001764,B013,B013-C1061,IT Client 061,IT & Business Services,30,37817.29,2026-05-07,2026-06-06,closed,2026-06-11,35,5,False,False,average_payer
INV13001765,B013,B013-C1061,IT Client 061,IT & Business Services,30,22521.79,2026-05-12,2026-06-11,open,,,,False,False,average_payer
INV13001766,B013,B013-C1061,IT Client 061,IT & Business Services,30,30249.75,2026-05-12,2026-06-11,closed,2026-06-27,46,16,False,False,average_payer
INV13001767,B013,B013-C1061,IT Client 061,IT & Business Services,30,20234.25,2026-06-23,2026-07-23,closed,2026-07-28,35,5,False,False,average_payer
INV13001768,B013,B013-C1061,IT Client 061,IT & Business Services,30,27500.14,2026-07-22,2026-08-21,closed,2026-08-26,35,5,False,False,average_payer
INV13001769,B013,B013-C1061,IT Client 061,IT & Business Services,30,40335.16,2026-07-31,2026-08-30,open,,,,False,False,average_payer
INV13001770,B013,B013-C1061,IT Client 061,IT & Business Services,30,48502.9,2026-08-23,2026-09-22,disputed_open,,,,False,False,average_payer
INV13001771,B013,B013-C1062,Pharma Client 062,Pharma & Healthcare,30,35301.91,2024-05-17,2024-06-16,closed,2024-06-15,29,-1,False,False,prompt_payer
INV13001772,B013,B013-C1062,Pharma Client 062,Pharma & Healthcare,30,55507.75,2024-07-23,2024-08-22,closed,2024-08-21,29,-1,False,False,prompt_payer
INV13001773,B013,B013-C1062,Pharma Client 062,Pharma & Healthcare,30,41313.95,2024-10-10,2024-11-09,closed,2024-11-06,27,-3,False,False,prompt_payer
INV13001774,B013,B013-C1062,Pharma Client 062,Pharma & Healthcare,30,67207.67,2024-11-05,2024-12-05,closed,2024-12-06,31,1,False,False,prompt_payer
INV13001775,B013,B013-C1062,Pharma Client 062,Pharma & Healthcare,30,31126.29,2024-11-16,2024-12-16,closed,2024-12-14,28,-2,False,False,prompt_payer
INV13001776,B013,B013-C1062,Pharma Client 062,Pharma & Healthcare,30,192901.46,2024-12-02,2025-01-01,closed,2024-12-28,26,-4,False,True,prompt_payer
INV13001777,B013,B013-C1062,Pharma Client 062,Pharma & Healthcare,30,34113.66,2025-02-14,2025-03-16,closed,2025-03-16,30,0,False,False,prompt_payer
INV13001778,B013,B013-C1062,Pharma Client 062,Pharma & Healthcare,30,35264.9,2025-02-15,2025-03-17,closed,2025-03-15,28,-2,False,False,prompt_payer
INV13001779,B013,B013-C1062,Pharma Client 062,Pharma & Healthcare,30,23093.14,2025-04-10,2025-05-10,closed,2025-05-13,33,3,False,False,prompt_payer
INV13001780,B013,B013-C1062,Pharma Client 062,Pharma & Healthcare,30,42177.95,2025-05-03,2025-06-02,closed,2025-06-06,34,4,False,False,prompt_payer
INV13001781,B013,B013-C1062,Pharma Client 062,Pharma & Healthcare,30,73920.81,2025-05-04,2025-06-03,closed,2025-06-02,29,-1,False,False,prompt_payer
INV13001782,B013,B013-C1062,Pharma Client 062,Pharma & Healthcare,30,158351.17,2025-05-16,2025-06-15,closed,2025-06-12,27,-3,False,True,prompt_payer
INV13001783,B013,B013-C1062,Pharma Client 062,Pharma & Healthcare,30,40414.28,2025-06-14,2025-07-14,closed,2025-07-06,22,-8,False,False,prompt_payer
INV13001784,B013,B013-C1062,Pharma Client 062,Pharma & Healthcare,30,19647.68,2025-06-23,2025-07-23,closed,2025-07-16,23,-7,False,False,prompt_payer
INV13001785,B013,B013-C1062,Pharma Client 062,Pharma & Healthcare,30,66964.6,2025-07-28,2025-08-27,closed,2025-08-25,28,-2,False,False,prompt_payer
INV13001786,B013,B013-C1062,Pharma Client 062,Pharma & Healthcare,30,52226.92,2025-08-13,2025-09-12,closed,2025-09-14,32,2,False,False,prompt_payer
INV13001787,B013,B013-C1062,Pharma Client 062,Pharma & Healthcare,30,36252.52,2025-08-13,2025-09-12,closed,2025-09-12,30,0,False,False,prompt_payer
INV13001788,B013,B013-C1062,Pharma Client 062,Pharma & Healthcare,30,32030.39,2025-09-04,2025-10-04,disputed_open,,,,False,False,prompt_payer
INV13001789,B013,B013-C1062,Pharma Client 062,Pharma & Healthcare,30,29760.45,2025-09-18,2025-10-18,closed,2025-10-20,32,2,False,False,prompt_payer
INV13001790,B013,B013-C1062,Pharma Client 062,Pharma & Healthcare,30,37610.69,2025-10-26,2025-11-25,closed,2025-12-01,36,6,False,False,prompt_payer
INV13001791,B013,B013-C1062,Pharma Client 062,Pharma & Healthcare,30,35103.65,2026-01-02,2026-02-01,closed,2026-01-27,25,-5,False,False,prompt_payer
INV13001792,B013,B013-C1062,Pharma Client 062,Pharma & Healthcare,30,34830.48,2026-01-21,2026-02-20,closed,2026-02-16,26,-4,False,False,prompt_payer
INV13001793,B013,B013-C1062,Pharma Client 062,Pharma & Healthcare,30,43284.46,2026-01-25,2026-02-24,closed,2026-02-26,32,2,False,False,prompt_payer
INV13001794,B013,B013-C1062,Pharma Client 062,Pharma & Healthcare,30,19430.29,2026-03-08,2026-04-07,closed,2026-04-04,27,-3,False,False,prompt_payer
INV13001795,B013,B013-C1062,Pharma Client 062,Pharma & Healthcare,30,42727.33,2026-03-16,2026-04-15,closed,2026-04-16,31,1,False,False,prompt_payer
INV13001796,B013,B013-C1062,Pharma Client 062,Pharma & Healthcare,30,48365.9,2026-04-06,2026-05-06,closed,2026-05-06,30,0,False,False,prompt_payer
INV13001797,B013,B013-C1062,Pharma Client 062,Pharma & Healthcare,30,36731.62,2026-04-08,2026-05-08,closed,2026-05-08,30,0,False,False,prompt_payer
INV13001798,B013,B013-C1062,Pharma Client 062,Pharma & Healthcare,30,57781.98,2026-04-17,2026-05-17,closed,2026-05-15,28,-2,False,False,prompt_payer
INV13001799,B013,B013-C1062,Pharma Client 062,Pharma & Healthcare,30,37416.69,2026-05-05,2026-06-04,closed,2026-05-30,25,-5,False,False,prompt_payer
INV13001800,B013,B013-C1062,Pharma Client 062,Pharma & Healthcare,30,34918.46,2026-05-08,2026-06-07,closed,2026-06-07,30,0,False,False,prompt_payer
INV13001801,B013,B013-C1062,Pharma Client 062,Pharma & Healthcare,30,35282.53,2026-05-21,2026-06-20,closed,2026-06-13,23,-7,False,False,prompt_payer
INV13001802,B013,B013-C1062,Pharma Client 062,Pharma & Healthcare,30,50124.98,2026-06-08,2026-07-08,closed,2026-07-13,35,5,False,False,prompt_payer
INV13001803,B013,B013-C1062,Pharma Client 062,Pharma & Healthcare,30,59513.02,2026-06-20,2026-07-20,closed,2026-07-19,29,-1,False,False,prompt_payer
INV13001804,B013,B013-C1062,Pharma Client 062,Pharma & Healthcare,30,44664.59,2026-07-10,2026-08-09,closed,2026-08-13,34,4,True,False,prompt_payer
INV13001805,B013,B013-C1062,Pharma Client 062,Pharma & Healthcare,30,32964.33,2026-08-15,2026-09-14,disputed_open,,,,False,False,prompt_payer
INV13001806,B013,B013-C1062,Pharma Client 062,Pharma & Healthcare,30,104570.28,2026-08-15,2026-09-14,open,,,,False,False,prompt_payer
INV13001807,B013,B013-C1063,IT Client 063,IT & Business Services,30,333534.34,2024-05-27,2024-06-26,closed,2024-06-29,33,3,False,False,seasonal_payer
INV13001808,B013,B013-C1063,IT Client 063,IT & Business Services,30,1121505.39,2024-07-04,2024-08-03,closed,2024-08-08,35,5,False,True,seasonal_payer
INV13001809,B013,B013-C1063,IT Client 063,IT & Business Services,30,167898.36,2024-08-03,2024-09-02,open,,,,False,False,seasonal_payer
INV13001810,B013,B013-C1063,IT Client 063,IT & Business Services,30,193970.33,2024-08-27,2024-09-26,closed,2024-10-02,36,6,False,False,seasonal_payer
INV13001811,B013,B013-C1063,IT Client 063,IT & Business Services,30,150734.41,2024-10-07,2024-11-06,closed,2024-11-26,50,20,False,False,seasonal_payer
INV13001812,B013,B013-C1063,IT Client 063,IT & Business Services,30,299385.29,2024-11-19,2024-12-19,closed,2025-01-04,46,16,False,False,seasonal_payer
INV13001813,B013,B013-C1063,IT Client 063,IT & Business Services,30,173851.27,2024-12-19,2025-01-18,closed,2025-01-25,37,7,False,False,seasonal_payer
INV13001814,B013,B013-C1063,IT Client 063,IT & Business Services,30,403941.23,2025-01-16,2025-02-15,closed,2025-02-14,29,-1,False,False,seasonal_payer
INV13001815,B013,B013-C1063,IT Client 063,IT & Business Services,30,338964.78,2025-02-23,2025-03-25,closed,2025-03-29,34,4,False,False,seasonal_payer
INV13001816,B013,B013-C1063,IT Client 063,IT & Business Services,30,268355.62,2025-05-28,2025-06-27,closed,2025-07-13,46,16,False,False,seasonal_payer
INV13001817,B013,B013-C1063,IT Client 063,IT & Business Services,30,1272743.36,2025-07-16,2025-08-15,closed,2025-08-27,42,12,False,True,seasonal_payer
INV13001818,B013,B013-C1063,IT Client 063,IT & Business Services,30,274001.08,2025-08-15,2025-09-14,closed,2025-09-23,39,9,False,False,seasonal_payer
INV13001819,B013,B013-C1063,IT Client 063,IT & Business Services,30,293307.92,2025-08-24,2025-09-23,closed,2025-09-28,35,5,False,False,seasonal_payer
INV13001820,B013,B013-C1063,IT Client 063,IT & Business Services,30,245284.25,2025-09-23,2025-10-23,closed,2025-10-25,32,2,False,False,seasonal_payer
INV13001821,B013,B013-C1063,IT Client 063,IT & Business Services,30,403512.65,2025-10-01,2025-10-31,closed,2025-11-07,37,7,False,False,seasonal_payer
INV13001822,B013,B013-C1063,IT Client 063,IT & Business Services,30,179327.3,2025-12-14,2026-01-13,closed,2026-01-22,39,9,False,False,seasonal_payer
INV13001823,B013,B013-C1063,IT Client 063,IT & Business Services,30,147330.72,2026-03-12,2026-04-11,closed,2026-04-08,27,-3,False,False,seasonal_payer
INV13001824,B013,B013-C1063,IT Client 063,IT & Business Services,30,259898.83,2026-04-26,2026-05-26,closed,2026-06-12,47,17,False,False,seasonal_payer
INV13001825,B013,B013-C1063,IT Client 063,IT & Business Services,30,612529.2,2026-05-11,2026-06-10,closed,2026-06-27,47,17,False,False,seasonal_payer
INV13001826,B013,B013-C1063,IT Client 063,IT & Business Services,30,282400.36,2026-05-13,2026-06-12,closed,2026-06-30,48,18,False,False,seasonal_payer
INV13001827,B013,B013-C1063,IT Client 063,IT & Business Services,30,201938.41,2026-05-14,2026-06-13,closed,2026-06-12,29,-1,False,False,seasonal_payer
INV13001828,B013,B013-C1064,IT Client 064,IT & Business Services,60,2184188.12,2024-03-18,2024-05-17,closed,2024-05-17,60,0,False,False,prompt_payer
INV13001829,B013,B013-C1064,IT Client 064,IT & Business Services,60,2504607.38,2024-04-03,2024-06-02,closed,2024-06-03,61,1,False,False,prompt_payer
INV13001830,B013,B013-C1064,IT Client 064,IT & Business Services,60,1137951.13,2024-05-11,2024-07-10,closed,2024-07-08,58,-2,False,False,prompt_payer
INV13001831,B013,B013-C1064,IT Client 064,IT & Business Services,60,1935052.55,2024-06-17,2024-08-16,closed,2024-08-15,59,-1,False,False,prompt_payer
INV13001832,B013,B013-C1064,IT Client 064,IT & Business Services,60,1880941.82,2024-07-20,2024-09-18,closed,2024-09-15,57,-3,False,False,prompt_payer
INV13001833,B013,B013-C1064,IT Client 064,IT & Business Services,60,3051495.05,2024-07-31,2024-09-29,closed,2024-09-27,58,-2,False,False,prompt_payer
INV13001834,B013,B013-C1064,IT Client 064,IT & Business Services,60,1257640.72,2024-08-17,2024-10-16,closed,2024-10-21,65,5,False,False,prompt_payer
INV13001835,B013,B013-C1064,IT Client 064,IT & Business Services,60,1145039.23,2024-08-25,2024-10-24,closed,2024-10-30,66,6,False,False,prompt_payer
INV13001836,B013,B013-C1064,IT Client 064,IT & Business Services,60,1474247.33,2024-09-01,2024-10-31,closed,2024-11-02,62,2,False,False,prompt_payer
INV13001837,B013,B013-C1064,IT Client 064,IT & Business Services,60,1178554.94,2024-09-22,2024-11-21,closed,2024-11-25,64,4,False,False,prompt_payer
INV13001838,B013,B013-C1064,IT Client 064,IT & Business Services,60,983798.06,2024-10-11,2024-12-10,closed,2024-12-11,61,1,False,False,prompt_payer
INV13001839,B013,B013-C1064,IT Client 064,IT & Business Services,60,847728.71,2024-10-16,2024-12-15,closed,2024-12-12,57,-3,False,False,prompt_payer
INV13001840,B013,B013-C1064,IT Client 064,IT & Business Services,60,1679420.46,2024-10-16,2024-12-15,closed,2024-12-16,61,1,False,False,prompt_payer
INV13001841,B013,B013-C1064,IT Client 064,IT & Business Services,60,2128465.7,2024-10-31,2024-12-30,closed,2024-12-28,58,-2,False,False,prompt_payer
INV13001842,B013,B013-C1064,IT Client 064,IT & Business Services,60,1807497.21,2024-11-19,2025-01-18,closed,2025-01-19,61,1,False,False,prompt_payer
INV13001843,B013,B013-C1064,IT Client 064,IT & Business Services,60,1786623.59,2024-12-09,2025-02-07,closed,2025-02-11,64,4,False,False,prompt_payer
INV13001844,B013,B013-C1064,IT Client 064,IT & Business Services,60,1752291.23,2024-12-31,2025-03-01,closed,2025-03-02,61,1,False,False,prompt_payer
INV13001845,B013,B013-C1064,IT Client 064,IT & Business Services,60,3182031.26,2025-01-10,2025-03-11,closed,2025-03-12,61,1,False,False,prompt_payer
INV13001846,B013,B013-C1064,IT Client 064,IT & Business Services,60,1727508.65,2025-01-12,2025-03-13,closed,2025-03-14,61,1,False,False,prompt_payer
INV13001847,B013,B013-C1064,IT Client 064,IT & Business Services,60,1507317.23,2025-02-11,2025-04-12,closed,2025-04-12,60,0,False,False,prompt_payer
INV13001848,B013,B013-C1064,IT Client 064,IT & Business Services,60,974040.63,2025-02-11,2025-04-12,closed,2025-04-13,61,1,False,False,prompt_payer
INV13001849,B013,B013-C1064,IT Client 064,IT & Business Services,60,1646071.25,2025-02-15,2025-04-16,closed,2025-04-09,53,-7,True,False,prompt_payer
INV13001850,B013,B013-C1064,IT Client 064,IT & Business Services,60,1092795.55,2025-02-18,2025-04-19,closed,2025-04-24,65,5,False,False,prompt_payer
INV13001851,B013,B013-C1064,IT Client 064,IT & Business Services,60,1566749.9,2025-04-08,2025-06-07,closed,2025-06-06,59,-1,False,False,prompt_payer
INV13001852,B013,B013-C1064,IT Client 064,IT & Business Services,60,1912869.98,2025-04-12,2025-06-11,closed,2025-06-15,64,4,False,False,prompt_payer
INV13001853,B013,B013-C1064,IT Client 064,IT & Business Services,60,2067102.75,2025-04-18,2025-06-17,closed,2025-06-16,59,-1,False,False,prompt_payer
INV13001854,B013,B013-C1064,IT Client 064,IT & Business Services,60,2611751.12,2025-04-20,2025-06-19,open,,,,False,False,prompt_payer
INV13001855,B013,B013-C1064,IT Client 064,IT & Business Services,60,2596780.2,2025-04-22,2025-06-21,closed,2025-06-19,58,-2,False,False,prompt_payer
INV13001856,B013,B013-C1064,IT Client 064,IT & Business Services,60,1134907.72,2025-06-06,2025-08-05,closed,2025-08-05,60,0,False,False,prompt_payer
INV13001857,B013,B013-C1064,IT Client 064,IT & Business Services,60,1913571.69,2025-06-25,2025-08-24,closed,2025-08-28,64,4,False,False,prompt_payer
INV13001858,B013,B013-C1064,IT Client 064,IT & Business Services,60,1546189.46,2025-07-09,2025-09-07,closed,2025-09-05,58,-2,False,False,prompt_payer
INV13001859,B013,B013-C1064,IT Client 064,IT & Business Services,60,2623101.11,2025-08-06,2025-10-05,closed,2025-10-01,56,-4,False,False,prompt_payer
INV13001860,B013,B013-C1064,IT Client 064,IT & Business Services,60,2399755.67,2025-09-06,2025-11-05,closed,2025-11-06,61,1,False,False,prompt_payer
INV13001861,B013,B013-C1064,IT Client 064,IT & Business Services,60,2041689.43,2025-09-11,2025-11-10,closed,2025-11-17,67,7,False,False,prompt_payer
INV13001862,B013,B013-C1064,IT Client 064,IT & Business Services,60,1481492.51,2025-10-03,2025-12-02,closed,2025-11-30,58,-2,False,False,prompt_payer
INV13001863,B013,B013-C1064,IT Client 064,IT & Business Services,60,2651327.06,2025-10-22,2025-12-21,closed,2025-12-12,51,-9,False,False,prompt_payer
INV13001864,B013,B013-C1064,IT Client 064,IT & Business Services,60,1955893.36,2025-10-25,2025-12-24,closed,2025-12-23,59,-1,False,False,prompt_payer
INV13001865,B013,B013-C1064,IT Client 064,IT & Business Services,60,2428473.72,2025-10-30,2025-12-29,closed,2025-12-28,59,-1,False,False,prompt_payer
INV13001866,B013,B013-C1064,IT Client 064,IT & Business Services,60,1419961.65,2025-12-18,2026-02-16,closed,2026-02-14,58,-2,False,False,prompt_payer
INV13001867,B013,B013-C1064,IT Client 064,IT & Business Services,60,2064012.54,2025-12-24,2026-02-22,closed,2026-02-25,63,3,False,False,prompt_payer
INV13001868,B013,B013-C1064,IT Client 064,IT & Business Services,60,1455980.66,2025-12-26,2026-02-24,closed,2026-02-18,54,-6,False,False,prompt_payer
INV13001869,B013,B013-C1064,IT Client 064,IT & Business Services,60,1690149.23,2025-12-27,2026-02-25,closed,2026-02-24,59,-1,False,False,prompt_payer
INV13001870,B013,B013-C1064,IT Client 064,IT & Business Services,60,2577405.55,2026-01-15,2026-03-16,closed,2026-03-16,60,0,False,False,prompt_payer
INV13001871,B013,B013-C1064,IT Client 064,IT & Business Services,60,1623964.72,2026-01-28,2026-03-29,closed,2026-04-02,64,4,False,False,prompt_payer
INV13001872,B013,B013-C1064,IT Client 064,IT & Business Services,60,2472192.84,2026-02-10,2026-04-11,closed,2026-04-10,59,-1,False,False,prompt_payer
INV13001873,B013,B013-C1064,IT Client 064,IT & Business Services,60,1872266.2,2026-02-24,2026-04-25,open,,,,False,False,prompt_payer
INV13001874,B013,B013-C1064,IT Client 064,IT & Business Services,60,2794316.58,2026-03-28,2026-05-27,closed,2026-05-29,62,2,False,False,prompt_payer
INV13001875,B013,B013-C1064,IT Client 064,IT & Business Services,60,2034622.14,2026-04-04,2026-06-03,closed,2026-06-03,60,0,False,False,prompt_payer
INV13001876,B013,B013-C1064,IT Client 064,IT & Business Services,60,2122384.78,2026-05-01,2026-06-30,closed,2026-07-02,62,2,False,False,prompt_payer
INV13001877,B013,B013-C1064,IT Client 064,IT & Business Services,60,1465728.06,2026-05-17,2026-07-16,closed,2026-07-15,59,-1,False,False,prompt_payer
INV13001878,B013,B013-C1064,IT Client 064,IT & Business Services,60,2090087.06,2026-06-18,2026-08-17,closed,2026-08-14,57,-3,False,False,prompt_payer
INV13001879,B013,B013-C1064,IT Client 064,IT & Business Services,60,1963852.25,2026-06-23,2026-08-22,closed,2026-08-21,59,-1,False,False,prompt_payer
INV13001880,B013,B013-C1064,IT Client 064,IT & Business Services,60,2755951.98,2026-06-30,2026-08-29,closed,2026-08-29,60,0,False,False,prompt_payer
INV13001881,B013,B013-C1064,IT Client 064,IT & Business Services,60,3564656.21,2026-08-04,2026-10-03,open,,,,False,False,prompt_payer
INV13001882,B013,B013-C1065,FMCG Client 065,FMCG & Food Processing,60,33102.11,2024-05-01,2024-06-30,closed,2024-06-29,59,-1,False,False,erratic_payer
INV13001883,B013,B013-C1065,FMCG Client 065,FMCG & Food Processing,60,22851.52,2024-05-09,2024-07-08,closed,2024-07-15,67,7,False,False,erratic_payer
INV13001884,B013,B013-C1065,FMCG Client 065,FMCG & Food Processing,60,24112.34,2024-05-24,2024-07-23,closed,2024-07-16,53,-7,False,False,erratic_payer
INV13001885,B013,B013-C1065,FMCG Client 065,FMCG & Food Processing,60,18042.23,2024-09-24,2024-11-23,closed,2024-11-29,66,6,False,False,erratic_payer
INV13001886,B013,B013-C1065,FMCG Client 065,FMCG & Food Processing,60,12179.1,2024-10-18,2024-12-17,closed,2024-12-13,56,-4,False,False,erratic_payer
INV13001887,B013,B013-C1065,FMCG Client 065,FMCG & Food Processing,60,14409.78,2024-12-06,2025-02-04,closed,2025-03-25,109,49,False,False,erratic_payer
INV13001888,B013,B013-C1065,FMCG Client 065,FMCG & Food Processing,60,23509.73,2024-12-09,2025-02-07,closed,2025-02-08,61,1,False,False,erratic_payer
INV13001889,B013,B013-C1065,FMCG Client 065,FMCG & Food Processing,60,17950.16,2025-02-16,2025-04-17,disputed_open,,,,False,False,erratic_payer
INV13001890,B013,B013-C1065,FMCG Client 065,FMCG & Food Processing,60,15269.79,2025-02-25,2025-04-26,closed,2025-07-20,145,85,True,False,erratic_payer
INV13001891,B013,B013-C1065,FMCG Client 065,FMCG & Food Processing,60,20947.66,2025-04-09,2025-06-08,closed,2025-06-13,65,5,False,False,erratic_payer
INV13001892,B013,B013-C1065,FMCG Client 065,FMCG & Food Processing,60,11601.25,2025-04-12,2025-06-11,closed,2025-06-29,78,18,False,False,erratic_payer
INV13001893,B013,B013-C1065,FMCG Client 065,FMCG & Food Processing,60,13998.22,2025-04-19,2025-06-18,closed,2025-07-01,73,13,False,False,erratic_payer
INV13001894,B013,B013-C1065,FMCG Client 065,FMCG & Food Processing,60,80430.2,2025-05-05,2025-07-04,closed,2025-07-05,61,1,False,True,erratic_payer
INV13001895,B013,B013-C1065,FMCG Client 065,FMCG & Food Processing,60,29326.26,2025-07-01,2025-08-30,closed,2025-08-28,58,-2,False,False,erratic_payer
INV13001896,B013,B013-C1065,FMCG Client 065,FMCG & Food Processing,60,24830.92,2025-07-27,2025-09-25,closed,2025-10-14,79,19,False,False,erratic_payer
INV13001897,B013,B013-C1065,FMCG Client 065,FMCG & Food Processing,60,29746.76,2025-08-11,2025-10-10,closed,2025-10-17,67,7,False,False,erratic_payer
INV13001898,B013,B013-C1065,FMCG Client 065,FMCG & Food Processing,60,14662.12,2025-10-18,2025-12-17,closed,2025-12-26,69,9,False,False,erratic_payer
INV13001899,B013,B013-C1065,FMCG Client 065,FMCG & Food Processing,60,12240.25,2025-10-18,2025-12-17,closed,2025-12-23,66,6,False,False,erratic_payer
INV13001900,B013,B013-C1065,FMCG Client 065,FMCG & Food Processing,60,17257.79,2025-10-28,2025-12-27,closed,2026-02-05,100,40,False,False,erratic_payer
INV13001901,B013,B013-C1065,FMCG Client 065,FMCG & Food Processing,60,14231.82,2025-11-08,2026-01-07,closed,2026-01-08,61,1,False,False,erratic_payer
INV13001902,B013,B013-C1065,FMCG Client 065,FMCG & Food Processing,60,21635.94,2025-11-25,2026-01-24,open,,,,False,False,erratic_payer
INV13001903,B013,B013-C1065,FMCG Client 065,FMCG & Food Processing,60,12031.71,2025-11-28,2026-01-27,closed,2026-02-08,72,12,False,False,erratic_payer
INV13001904,B013,B013-C1065,FMCG Client 065,FMCG & Food Processing,60,12925.11,2025-12-24,2026-02-22,closed,2026-02-25,63,3,False,False,erratic_payer
INV13001905,B013,B013-C1065,FMCG Client 065,FMCG & Food Processing,60,17116.14,2026-01-11,2026-03-12,disputed_open,,,,False,False,erratic_payer
INV13001906,B013,B013-C1065,FMCG Client 065,FMCG & Food Processing,60,32024.75,2026-02-18,2026-04-19,closed,2026-04-21,62,2,False,False,erratic_payer
INV13001907,B013,B013-C1065,FMCG Client 065,FMCG & Food Processing,60,18146.54,2026-02-22,2026-04-23,closed,2026-06-14,112,52,False,False,erratic_payer
INV13001908,B013,B013-C1065,FMCG Client 065,FMCG & Food Processing,60,15339.76,2026-03-11,2026-05-10,closed,2026-05-11,61,1,False,False,erratic_payer
INV13001909,B013,B013-C1065,FMCG Client 065,FMCG & Food Processing,60,14663.6,2026-05-17,2026-07-16,closed,2026-07-11,55,-5,False,False,erratic_payer
INV13001910,B013,B013-C1065,FMCG Client 065,FMCG & Food Processing,60,26086.75,2026-07-30,2026-09-28,open,,,,False,False,erratic_payer
INV13001911,B013,B013-C1065,FMCG Client 065,FMCG & Food Processing,60,17082.15,2026-08-08,2026-10-07,disputed_open,,,,False,False,erratic_payer
INV13001912,B013,B013-C1065,FMCG Client 065,FMCG & Food Processing,60,12371.22,2026-08-10,2026-10-09,open,,,,False,False,erratic_payer
INV13001913,B013,B013-C1066,IT Client 066,IT & Business Services,30,381275.47,2024-04-25,2024-05-25,closed,2024-06-22,58,28,False,True,chronic_late_payer
INV13001914,B013,B013-C1066,IT Client 066,IT & Business Services,30,107146.67,2024-05-19,2024-06-18,closed,2024-08-18,91,61,False,False,chronic_late_payer
INV13001915,B013,B013-C1066,IT Client 066,IT & Business Services,30,149596.65,2024-05-19,2024-06-18,closed,2024-07-02,44,14,False,False,chronic_late_payer
INV13001916,B013,B013-C1066,IT Client 066,IT & Business Services,30,57468.17,2024-07-11,2024-08-10,closed,2024-08-24,44,14,False,False,chronic_late_payer
INV13001917,B013,B013-C1066,IT Client 066,IT & Business Services,30,45576.62,2024-08-17,2024-09-16,closed,2024-10-03,47,17,False,False,chronic_late_payer
INV13001918,B013,B013-C1066,IT Client 066,IT & Business Services,30,70010.48,2024-09-20,2024-10-20,closed,2024-11-16,57,27,False,False,chronic_late_payer
INV13001919,B013,B013-C1066,IT Client 066,IT & Business Services,30,66973.0,2024-10-05,2024-11-04,closed,2024-12-16,72,42,False,False,chronic_late_payer
INV13001920,B013,B013-C1066,IT Client 066,IT & Business Services,30,107002.88,2024-10-09,2024-11-08,closed,2024-12-04,56,26,False,False,chronic_late_payer
INV13001921,B013,B013-C1066,IT Client 066,IT & Business Services,30,98190.77,2024-11-11,2024-12-11,closed,2025-02-04,85,55,False,False,chronic_late_payer
INV13001922,B013,B013-C1066,IT Client 066,IT & Business Services,30,73077.5,2024-12-09,2025-01-08,closed,2025-03-05,86,56,False,False,chronic_late_payer
INV13001923,B013,B013-C1066,IT Client 066,IT & Business Services,30,104019.01,2024-12-31,2025-01-30,closed,2025-03-15,74,44,False,False,chronic_late_payer
INV13001924,B013,B013-C1066,IT Client 066,IT & Business Services,30,61883.22,2025-03-02,2025-04-01,closed,2025-04-16,45,15,False,False,chronic_late_payer
INV13001925,B013,B013-C1066,IT Client 066,IT & Business Services,30,79527.97,2025-03-12,2025-04-11,closed,2025-06-02,82,52,False,False,chronic_late_payer
INV13001926,B013,B013-C1066,IT Client 066,IT & Business Services,30,50840.66,2025-04-14,2025-05-14,closed,2025-06-10,57,27,False,False,chronic_late_payer
INV13001927,B013,B013-C1066,IT Client 066,IT & Business Services,30,52126.68,2025-04-21,2025-05-21,closed,2025-06-29,69,39,False,False,chronic_late_payer
INV13001928,B013,B013-C1066,IT Client 066,IT & Business Services,30,77090.48,2025-04-22,2025-05-22,closed,2025-07-14,83,53,False,False,chronic_late_payer
INV13001929,B013,B013-C1066,IT Client 066,IT & Business Services,30,75137.63,2025-04-22,2025-05-22,closed,2025-06-22,61,31,False,False,chronic_late_payer
INV13001930,B013,B013-C1066,IT Client 066,IT & Business Services,30,66087.19,2025-05-07,2025-06-06,closed,2025-07-05,59,29,False,False,chronic_late_payer
INV13001931,B013,B013-C1066,IT Client 066,IT & Business Services,30,105084.97,2025-06-17,2025-07-17,closed,2025-08-23,67,37,False,False,chronic_late_payer
INV13001932,B013,B013-C1066,IT Client 066,IT & Business Services,30,91537.45,2025-08-26,2025-09-25,closed,2025-10-17,52,22,False,False,chronic_late_payer
INV13001933,B013,B013-C1066,IT Client 066,IT & Business Services,30,103268.75,2025-09-30,2025-10-30,closed,2025-11-26,57,27,False,False,chronic_late_payer
INV13001934,B013,B013-C1066,IT Client 066,IT & Business Services,30,257764.58,2025-11-06,2025-12-06,closed,2026-01-26,81,51,False,True,chronic_late_payer
INV13001935,B013,B013-C1066,IT Client 066,IT & Business Services,30,120230.17,2026-01-08,2026-02-07,closed,2026-03-13,64,34,False,False,chronic_late_payer
INV13001936,B013,B013-C1066,IT Client 066,IT & Business Services,30,71710.08,2026-02-13,2026-03-15,closed,2026-05-13,89,59,False,False,chronic_late_payer
INV13001937,B013,B013-C1066,IT Client 066,IT & Business Services,30,96422.83,2026-03-17,2026-04-16,closed,2026-05-18,62,32,False,False,chronic_late_payer
INV13001938,B013,B013-C1066,IT Client 066,IT & Business Services,30,87783.81,2026-03-26,2026-04-25,closed,2026-06-15,81,51,False,False,chronic_late_payer
INV13001939,B013,B013-C1066,IT Client 066,IT & Business Services,30,66201.92,2026-06-22,2026-07-22,open,,,,False,False,chronic_late_payer
INV13001940,B013,B013-C1066,IT Client 066,IT & Business Services,30,98955.61,2026-06-27,2026-07-27,closed,2026-08-22,56,26,False,False,chronic_late_payer
INV13001941,B013,B013-C1066,IT Client 066,IT & Business Services,30,58968.66,2026-06-30,2026-07-30,disputed_open,,,,False,False,chronic_late_payer
INV13001942,B013,B013-C1066,IT Client 066,IT & Business Services,30,99476.39,2026-07-05,2026-08-04,open,,,,False,False,chronic_late_payer
INV13001943,B013,B013-C1066,IT Client 066,IT & Business Services,30,113538.84,2026-08-10,2026-09-09,open,,,,False,False,chronic_late_payer
INV13001944,B013,B013-C1066,IT Client 066,IT & Business Services,30,110220.06,2026-08-12,2026-09-11,open,,,,False,False,chronic_late_payer
INV13001945,B013,B013-C1066,IT Client 066,IT & Business Services,30,93082.51,2026-08-31,2026-09-30,disputed_open,,,,False,False,chronic_late_payer
INV13001946,B013,B013-C1067,Chemicals Client 067,Chemicals & Plastics,45,44169.17,2024-03-17,2024-05-01,closed,2024-05-02,46,1,False,False,deteriorating_payer
INV13001947,B013,B013-C1067,Chemicals Client 067,Chemicals & Plastics,45,32088.34,2024-04-01,2024-05-16,closed,2024-05-14,43,-2,False,False,deteriorating_payer
INV13001948,B013,B013-C1067,Chemicals Client 067,Chemicals & Plastics,45,27560.26,2024-04-02,2024-05-17,closed,2024-05-18,46,1,False,False,deteriorating_payer
INV13001949,B013,B013-C1067,Chemicals Client 067,Chemicals & Plastics,45,27898.33,2024-05-14,2024-06-28,closed,2024-07-23,70,25,False,False,deteriorating_payer
INV13001950,B013,B013-C1067,Chemicals Client 067,Chemicals & Plastics,45,28920.99,2024-05-14,2024-06-28,closed,2024-07-18,65,20,False,False,deteriorating_payer
INV13001951,B013,B013-C1067,Chemicals Client 067,Chemicals & Plastics,45,41589.87,2024-09-17,2024-11-01,closed,2024-11-16,60,15,False,False,deteriorating_payer
INV13001952,B013,B013-C1067,Chemicals Client 067,Chemicals & Plastics,45,46423.94,2024-10-19,2024-12-03,closed,2024-12-27,69,24,False,False,deteriorating_payer
INV13001953,B013,B013-C1067,Chemicals Client 067,Chemicals & Plastics,45,43004.0,2024-11-05,2024-12-20,closed,2024-12-18,43,-2,False,False,deteriorating_payer
INV13001954,B013,B013-C1067,Chemicals Client 067,Chemicals & Plastics,45,21337.22,2024-11-11,2024-12-26,closed,2025-01-21,71,26,False,False,deteriorating_payer
INV13001955,B013,B013-C1067,Chemicals Client 067,Chemicals & Plastics,45,37220.33,2024-11-14,2024-12-29,closed,2025-01-07,54,9,False,False,deteriorating_payer
INV13001956,B013,B013-C1067,Chemicals Client 067,Chemicals & Plastics,45,23243.9,2024-12-05,2025-01-19,closed,2025-02-01,58,13,False,False,deteriorating_payer
INV13001957,B013,B013-C1067,Chemicals Client 067,Chemicals & Plastics,45,27166.37,2024-12-19,2025-02-02,closed,2025-02-11,54,9,False,False,deteriorating_payer
INV13001958,B013,B013-C1067,Chemicals Client 067,Chemicals & Plastics,45,15807.21,2025-01-29,2025-03-15,closed,2025-03-31,61,16,False,False,deteriorating_payer
INV13001959,B013,B013-C1067,Chemicals Client 067,Chemicals & Plastics,45,19167.79,2025-02-19,2025-04-05,closed,2025-05-17,87,42,False,False,deteriorating_payer
INV13001960,B013,B013-C1067,Chemicals Client 067,Chemicals & Plastics,45,36323.89,2025-03-11,2025-04-25,closed,2025-05-13,63,18,False,False,deteriorating_payer
INV13001961,B013,B013-C1067,Chemicals Client 067,Chemicals & Plastics,45,23538.29,2025-03-16,2025-04-30,closed,2025-06-02,78,33,False,False,deteriorating_payer
INV13001962,B013,B013-C1067,Chemicals Client 067,Chemicals & Plastics,45,20894.0,2025-03-31,2025-05-15,closed,2025-05-13,43,-2,False,False,deteriorating_payer
INV13001963,B013,B013-C1067,Chemicals Client 067,Chemicals & Plastics,45,145808.73,2025-04-25,2025-06-09,closed,2025-07-12,78,33,False,True,deteriorating_payer
INV13001964,B013,B013-C1067,Chemicals Client 067,Chemicals & Plastics,45,15651.81,2025-08-04,2025-09-18,closed,2025-10-30,87,42,False,False,deteriorating_payer
INV13001965,B013,B013-C1067,Chemicals Client 067,Chemicals & Plastics,45,21172.86,2025-10-10,2025-11-24,closed,2025-12-15,66,21,False,False,deteriorating_payer
INV13001966,B013,B013-C1067,Chemicals Client 067,Chemicals & Plastics,45,28617.27,2025-11-10,2025-12-25,closed,2026-01-10,61,16,False,False,deteriorating_payer
INV13001967,B013,B013-C1067,Chemicals Client 067,Chemicals & Plastics,45,68853.45,2025-12-15,2026-01-29,closed,2026-02-26,73,28,False,False,deteriorating_payer
INV13001968,B013,B013-C1067,Chemicals Client 067,Chemicals & Plastics,45,18501.34,2025-12-31,2026-02-14,closed,2026-02-18,49,4,False,False,deteriorating_payer
INV13001969,B013,B013-C1067,Chemicals Client 067,Chemicals & Plastics,45,21663.31,2026-01-07,2026-02-21,closed,2026-02-24,48,3,False,False,deteriorating_payer
INV13001970,B013,B013-C1067,Chemicals Client 067,Chemicals & Plastics,45,36625.54,2026-01-12,2026-02-26,closed,2026-03-14,61,16,False,False,deteriorating_payer
INV13001971,B013,B013-C1067,Chemicals Client 067,Chemicals & Plastics,45,39962.58,2026-01-13,2026-02-27,closed,2026-04-06,83,38,False,False,deteriorating_payer
INV13001972,B013,B013-C1067,Chemicals Client 067,Chemicals & Plastics,45,34542.71,2026-01-29,2026-03-15,closed,2026-04-10,71,26,False,False,deteriorating_payer
INV13001973,B013,B013-C1067,Chemicals Client 067,Chemicals & Plastics,45,34649.91,2026-02-16,2026-04-02,closed,2026-05-25,98,53,False,False,deteriorating_payer
INV13001974,B013,B013-C1067,Chemicals Client 067,Chemicals & Plastics,45,35004.8,2026-03-06,2026-04-20,closed,2026-05-23,78,33,False,False,deteriorating_payer
INV13001975,B013,B013-C1067,Chemicals Client 067,Chemicals & Plastics,45,35368.17,2026-05-29,2026-07-13,closed,2026-08-14,77,32,False,False,deteriorating_payer
INV13001976,B013,B013-C1067,Chemicals Client 067,Chemicals & Plastics,45,28596.58,2026-08-07,2026-09-21,open,,,,False,False,deteriorating_payer
INV13001977,B013,B013-C1067,Chemicals Client 067,Chemicals & Plastics,45,28180.09,2026-08-11,2026-09-25,disputed_open,,,,False,False,deteriorating_payer
INV13001978,B013,B013-C1067,Chemicals Client 067,Chemicals & Plastics,45,17602.42,2026-08-31,2026-10-15,disputed_open,,,,False,False,deteriorating_payer
INV13001979,B013,B013-C1068,IT Client 068,IT & Business Services,30,85649.91,2024-08-02,2024-09-01,closed,2024-09-13,42,12,False,False,average_payer
INV13001980,B013,B013-C1068,IT Client 068,IT & Business Services,30,50837.25,2024-08-26,2024-09-25,closed,2024-09-27,32,2,False,False,average_payer
INV13001981,B013,B013-C1068,IT Client 068,IT & Business Services,30,97410.21,2024-10-12,2024-11-11,closed,2024-11-22,41,11,False,False,average_payer
INV13001982,B013,B013-C1068,IT Client 068,IT & Business Services,30,90868.02,2024-10-28,2024-11-27,closed,2024-12-03,36,6,False,False,average_payer
INV13001983,B013,B013-C1068,IT Client 068,IT & Business Services,30,37088.71,2025-01-01,2025-01-31,closed,2025-02-12,42,12,False,False,average_payer
INV13001984,B013,B013-C1068,IT Client 068,IT & Business Services,30,85728.97,2025-02-03,2025-03-05,closed,2025-02-24,21,-9,False,False,average_payer
INV13001985,B013,B013-C1068,IT Client 068,IT & Business Services,30,85227.18,2025-03-06,2025-04-05,closed,2025-04-16,41,11,False,False,average_payer
INV13001986,B013,B013-C1068,IT Client 068,IT & Business Services,30,136251.46,2025-03-12,2025-04-11,closed,2025-04-08,27,-3,False,False,average_payer
INV13001987,B013,B013-C1068,IT Client 068,IT & Business Services,30,60029.41,2025-03-13,2025-04-12,closed,2025-04-11,29,-1,False,False,average_payer
INV13001988,B013,B013-C1068,IT Client 068,IT & Business Services,30,92663.37,2025-03-29,2025-04-28,closed,2025-05-11,43,13,False,False,average_payer
INV13001989,B013,B013-C1068,IT Client 068,IT & Business Services,30,145643.05,2025-04-09,2025-05-09,closed,2025-05-23,44,14,False,False,average_payer
INV13001990,B013,B013-C1068,IT Client 068,IT & Business Services,30,66265.63,2025-04-19,2025-05-19,closed,2025-05-28,39,9,False,False,average_payer
INV13001991,B013,B013-C1068,IT Client 068,IT & Business Services,30,204330.76,2025-04-21,2025-05-21,closed,2025-05-30,39,9,False,False,average_payer
INV13001992,B013,B013-C1068,IT Client 068,IT & Business Services,30,106125.8,2025-05-10,2025-06-09,closed,2025-06-24,45,15,False,False,average_payer
INV13001993,B013,B013-C1068,IT Client 068,IT & Business Services,30,76902.26,2025-05-22,2025-06-21,closed,2025-06-20,29,-1,False,False,average_payer
INV13001994,B013,B013-C1068,IT Client 068,IT & Business Services,30,343340.57,2025-06-04,2025-07-04,closed,2025-07-07,33,3,False,True,average_payer
INV13001995,B013,B013-C1068,IT Client 068,IT & Business Services,30,97969.58,2025-08-01,2025-08-31,closed,2025-09-13,43,13,False,False,average_payer
INV13001996,B013,B013-C1068,IT Client 068,IT & Business Services,30,70714.08,2025-08-02,2025-09-01,closed,2025-09-02,31,1,False,False,average_payer
INV13001997,B013,B013-C1068,IT Client 068,IT & Business Services,30,72850.49,2025-09-30,2025-10-30,closed,2025-11-15,46,16,False,False,average_payer
INV13001998,B013,B013-C1068,IT Client 068,IT & Business Services,30,70268.27,2025-10-26,2025-11-25,closed,2025-11-18,23,-7,False,False,average_payer
INV13001999,B013,B013-C1068,IT Client 068,IT & Business Services,30,56298.9,2025-11-02,2025-12-02,closed,2025-12-12,40,10,False,False,average_payer
INV13002000,B013,B013-C1068,IT Client 068,IT & Business Services,30,97990.14,2026-02-09,2026-03-11,closed,2026-03-16,35,5,False,False,average_payer
INV13002001,B013,B013-C1068,IT Client 068,IT & Business Services,30,64872.9,2026-05-02,2026-06-01,closed,2026-06-06,35,5,False,False,average_payer
INV13002002,B013,B013-C1068,IT Client 068,IT & Business Services,30,67556.31,2026-05-20,2026-06-19,closed,2026-07-11,52,22,False,False,average_payer
INV13002003,B013,B013-C1068,IT Client 068,IT & Business Services,30,63055.76,2026-06-20,2026-07-20,closed,2026-07-26,36,6,False,False,average_payer
INV13002004,B013,B013-C1068,IT Client 068,IT & Business Services,30,98535.49,2026-08-15,2026-09-14,open,,,,False,False,average_payer
INV13002005,B013,B013-C1068,IT Client 068,IT & Business Services,30,57815.67,2026-08-22,2026-09-21,open,,,,False,False,average_payer
INV13002006,B013,B013-C1069,Chemicals Client 069,Chemicals & Plastics,30,1004203.95,2024-03-20,2024-04-19,closed,2024-04-30,41,11,False,True,average_payer
INV13002007,B013,B013-C1069,Chemicals Client 069,Chemicals & Plastics,30,156049.53,2024-07-22,2024-08-21,closed,2024-08-30,39,9,False,False,average_payer
INV13002008,B013,B013-C1069,Chemicals Client 069,Chemicals & Plastics,30,174100.03,2024-09-26,2024-10-26,closed,2024-11-01,36,6,False,False,average_payer
INV13002009,B013,B013-C1069,Chemicals Client 069,Chemicals & Plastics,30,138033.65,2024-10-12,2024-11-11,closed,2024-11-19,38,8,False,False,average_payer
INV13002010,B013,B013-C1069,Chemicals Client 069,Chemicals & Plastics,30,114186.61,2024-10-13,2024-11-12,closed,2024-11-12,30,0,False,False,average_payer
INV13002011,B013,B013-C1069,Chemicals Client 069,Chemicals & Plastics,30,158294.14,2024-10-23,2024-11-22,closed,2024-11-22,30,0,False,False,average_payer
INV13002012,B013,B013-C1069,Chemicals Client 069,Chemicals & Plastics,30,126801.09,2024-10-23,2024-11-22,closed,2024-11-25,33,3,False,False,average_payer
INV13002013,B013,B013-C1069,Chemicals Client 069,Chemicals & Plastics,30,141889.4,2024-11-06,2024-12-06,closed,2024-12-14,38,8,False,False,average_payer
INV13002014,B013,B013-C1069,Chemicals Client 069,Chemicals & Plastics,30,182327.98,2024-11-11,2024-12-11,closed,2024-12-10,29,-1,False,False,average_payer
INV13002015,B013,B013-C1069,Chemicals Client 069,Chemicals & Plastics,30,130862.08,2024-11-11,2024-12-11,closed,2024-12-02,21,-9,False,False,average_payer
INV13002016,B013,B013-C1069,Chemicals Client 069,Chemicals & Plastics,30,185865.52,2024-11-26,2024-12-26,closed,2025-01-05,40,10,False,False,average_payer
INV13002017,B013,B013-C1069,Chemicals Client 069,Chemicals & Plastics,30,129089.3,2024-12-02,2025-01-01,closed,2025-01-19,48,18,False,False,average_payer
INV13002018,B013,B013-C1069,Chemicals Client 069,Chemicals & Plastics,30,137178.49,2024-12-06,2025-01-05,closed,2025-01-12,37,7,False,False,average_payer
INV13002019,B013,B013-C1069,Chemicals Client 069,Chemicals & Plastics,30,82672.53,2025-01-08,2025-02-07,closed,2025-02-15,38,8,False,False,average_payer
INV13002020,B013,B013-C1069,Chemicals Client 069,Chemicals & Plastics,30,126436.34,2025-01-10,2025-02-09,closed,2025-02-08,29,-1,False,False,average_payer
INV13002021,B013,B013-C1069,Chemicals Client 069,Chemicals & Plastics,30,145751.71,2025-01-12,2025-02-11,closed,2025-02-08,27,-3,False,False,average_payer
INV13002022,B013,B013-C1069,Chemicals Client 069,Chemicals & Plastics,30,173635.42,2025-01-13,2025-02-12,closed,2025-02-12,30,0,False,False,average_payer
INV13002023,B013,B013-C1069,Chemicals Client 069,Chemicals & Plastics,30,123029.04,2025-04-18,2025-05-18,closed,2025-05-31,43,13,False,False,average_payer
INV13002024,B013,B013-C1069,Chemicals Client 069,Chemicals & Plastics,30,107597.66,2025-04-18,2025-05-18,closed,2025-05-17,29,-1,False,False,average_payer
INV13002025,B013,B013-C1069,Chemicals Client 069,Chemicals & Plastics,30,159643.85,2025-05-24,2025-06-23,closed,2025-06-28,35,5,False,False,average_payer
INV13002026,B013,B013-C1069,Chemicals Client 069,Chemicals & Plastics,30,261897.67,2025-06-02,2025-07-02,closed,2025-07-12,40,10,False,False,average_payer
INV13002027,B013,B013-C1069,Chemicals Client 069,Chemicals & Plastics,30,169436.54,2025-06-20,2025-07-20,closed,2025-07-21,31,1,False,False,average_payer
INV13002028,B013,B013-C1069,Chemicals Client 069,Chemicals & Plastics,30,79889.98,2025-07-18,2025-08-17,closed,2025-08-25,38,8,False,False,average_payer
INV13002029,B013,B013-C1069,Chemicals Client 069,Chemicals & Plastics,30,128422.93,2025-09-01,2025-10-01,closed,2025-10-02,31,1,False,False,average_payer
INV13002030,B013,B013-C1069,Chemicals Client 069,Chemicals & Plastics,30,130124.64,2025-10-16,2025-11-15,closed,2025-11-08,23,-7,False,False,average_payer
INV13002031,B013,B013-C1069,Chemicals Client 069,Chemicals & Plastics,30,348468.69,2025-10-23,2025-11-22,closed,2025-11-29,37,7,False,True,average_payer
INV13002032,B013,B013-C1069,Chemicals Client 069,Chemicals & Plastics,30,384929.68,2025-11-05,2025-12-05,closed,2025-12-09,34,4,False,False,average_payer
INV13002033,B013,B013-C1069,Chemicals Client 069,Chemicals & Plastics,30,101592.14,2025-12-13,2026-01-12,closed,2026-01-24,42,12,False,False,average_payer
INV13002034,B013,B013-C1069,Chemicals Client 069,Chemicals & Plastics,30,199011.97,2026-02-21,2026-03-23,closed,2026-03-24,31,1,False,False,average_payer
INV13002035,B013,B013-C1069,Chemicals Client 069,Chemicals & Plastics,30,182870.12,2026-03-22,2026-04-21,closed,2026-04-27,36,6,False,False,average_payer
INV13002036,B013,B013-C1069,Chemicals Client 069,Chemicals & Plastics,30,766257.3,2026-04-12,2026-05-12,closed,2026-05-12,30,0,False,True,average_payer
INV13002037,B013,B013-C1069,Chemicals Client 069,Chemicals & Plastics,30,133100.48,2026-04-22,2026-05-22,closed,2026-06-05,44,14,False,False,average_payer
INV13002038,B013,B013-C1069,Chemicals Client 069,Chemicals & Plastics,30,179870.67,2026-04-28,2026-05-28,closed,2026-05-27,29,-1,False,False,average_payer
INV13002039,B013,B013-C1069,Chemicals Client 069,Chemicals & Plastics,30,182808.55,2026-06-08,2026-07-08,closed,2026-07-17,39,9,False,False,average_payer
INV13002040,B013,B013-C1069,Chemicals Client 069,Chemicals & Plastics,30,107513.16,2026-06-22,2026-07-22,closed,2026-07-19,27,-3,False,False,average_payer
INV13002041,B013,B013-C1069,Chemicals Client 069,Chemicals & Plastics,30,228540.1,2026-08-02,2026-09-01,open,,,,False,False,average_payer
INV13002042,B013,B013-C1069,Chemicals Client 069,Chemicals & Plastics,30,178372.16,2026-08-10,2026-09-09,open,,,,False,False,average_payer
INV13002043,B013,B013-C1069,Chemicals Client 069,Chemicals & Plastics,30,160021.78,2026-08-18,2026-09-17,open,,,,False,False,average_payer
INV13002044,B013,B013-C1069,Chemicals Client 069,Chemicals & Plastics,30,122764.32,2026-08-27,2026-09-26,disputed_open,,,,False,False,average_payer
INV13002045,B013,B013-C1070,Chemicals Client 070,Chemicals & Plastics,60,140257.58,2025-03-23,2025-05-22,closed,2025-05-29,67,7,True,False,cold_start
INV13002046,B013,B013-C1070,Chemicals Client 070,Chemicals & Plastics,60,89199.38,2025-09-19,2025-11-18,closed,2025-11-09,51,-9,False,False,cold_start
INV13002047,B013,B013-C1071,Retail Client 071,Retail & Distribution,30,27915.01,2024-04-18,2024-05-18,closed,2024-05-22,34,4,False,False,average_payer
INV13002048,B013,B013-C1071,Retail Client 071,Retail & Distribution,30,17426.43,2024-05-10,2024-06-09,closed,2024-06-12,33,3,False,False,average_payer
INV13002049,B013,B013-C1071,Retail Client 071,Retail & Distribution,30,26279.45,2024-06-03,2024-07-03,closed,2024-06-25,22,-8,False,False,average_payer
INV13002050,B013,B013-C1071,Retail Client 071,Retail & Distribution,30,25315.47,2024-07-05,2024-08-04,closed,2024-08-08,34,4,False,False,average_payer
INV13002051,B013,B013-C1071,Retail Client 071,Retail & Distribution,30,21774.82,2024-07-11,2024-08-10,closed,2024-08-19,39,9,False,False,average_payer
INV13002052,B013,B013-C1071,Retail Client 071,Retail & Distribution,30,23683.46,2024-07-30,2024-08-29,closed,2024-09-09,41,11,False,False,average_payer
INV13002053,B013,B013-C1071,Retail Client 071,Retail & Distribution,30,103169.71,2024-09-27,2024-10-27,closed,2024-11-06,40,10,False,True,average_payer
INV13002054,B013,B013-C1071,Retail Client 071,Retail & Distribution,30,36462.73,2024-11-09,2024-12-09,closed,2025-01-01,53,23,False,False,average_payer
INV13002055,B013,B013-C1071,Retail Client 071,Retail & Distribution,30,103657.78,2024-11-13,2024-12-13,closed,2024-12-20,37,7,False,True,average_payer
INV13002056,B013,B013-C1071,Retail Client 071,Retail & Distribution,30,18237.6,2024-12-02,2025-01-01,closed,2025-01-18,47,17,False,False,average_payer
INV13002057,B013,B013-C1071,Retail Client 071,Retail & Distribution,30,28242.29,2024-12-05,2025-01-04,closed,2025-01-21,47,17,False,False,average_payer
INV13002058,B013,B013-C1071,Retail Client 071,Retail & Distribution,30,28142.55,2024-12-30,2025-01-29,closed,2025-01-27,28,-2,False,False,average_payer
INV13002059,B013,B013-C1071,Retail Client 071,Retail & Distribution,30,26654.6,2025-01-11,2025-02-10,closed,2025-02-16,36,6,False,False,average_payer
INV13002060,B013,B013-C1071,Retail Client 071,Retail & Distribution,30,44460.7,2025-01-14,2025-02-13,closed,2025-02-22,39,9,False,False,average_payer
INV13002061,B013,B013-C1071,Retail Client 071,Retail & Distribution,30,31066.87,2025-02-16,2025-03-18,closed,2025-03-19,31,1,False,False,average_payer
INV13002062,B013,B013-C1071,Retail Client 071,Retail & Distribution,30,47937.23,2025-04-04,2025-05-04,closed,2025-05-18,44,14,True,False,average_payer
INV13002063,B013,B013-C1071,Retail Client 071,Retail & Distribution,30,19098.1,2025-04-15,2025-05-15,closed,2025-05-10,25,-5,False,False,average_payer
INV13002064,B013,B013-C1071,Retail Client 071,Retail & Distribution,30,41816.87,2025-05-12,2025-06-11,closed,2025-06-27,46,16,False,False,average_payer
INV13002065,B013,B013-C1071,Retail Client 071,Retail & Distribution,30,28023.88,2025-05-13,2025-06-12,closed,2025-06-06,24,-6,False,False,average_payer
INV13002066,B013,B013-C1071,Retail Client 071,Retail & Distribution,30,59863.43,2025-05-26,2025-06-25,closed,2025-06-28,33,3,False,False,average_payer
INV13002067,B013,B013-C1071,Retail Client 071,Retail & Distribution,30,34959.25,2025-06-17,2025-07-17,closed,2025-07-24,37,7,False,False,average_payer
INV13002068,B013,B013-C1071,Retail Client 071,Retail & Distribution,30,24852.91,2025-06-21,2025-07-21,closed,2025-08-03,43,13,False,False,average_payer
INV13002069,B013,B013-C1071,Retail Client 071,Retail & Distribution,30,26790.9,2025-06-27,2025-07-27,closed,2025-08-01,35,5,False,False,average_payer
INV13002070,B013,B013-C1071,Retail Client 071,Retail & Distribution,30,24883.01,2025-07-09,2025-08-08,closed,2025-08-06,28,-2,False,False,average_payer
INV13002071,B013,B013-C1071,Retail Client 071,Retail & Distribution,30,27204.55,2025-11-04,2025-12-04,closed,2025-12-08,34,4,False,False,average_payer
INV13002072,B013,B013-C1071,Retail Client 071,Retail & Distribution,30,50495.32,2025-11-14,2025-12-14,closed,2026-01-01,48,18,False,False,average_payer
INV13002073,B013,B013-C1071,Retail Client 071,Retail & Distribution,30,27700.8,2025-11-20,2025-12-20,closed,2025-12-23,33,3,False,False,average_payer
INV13002074,B013,B013-C1071,Retail Client 071,Retail & Distribution,30,21417.21,2025-11-20,2025-12-20,closed,2025-12-28,38,8,False,False,average_payer
INV13002075,B013,B013-C1071,Retail Client 071,Retail & Distribution,30,53886.08,2025-11-30,2025-12-30,closed,2026-01-02,33,3,False,False,average_payer
INV13002076,B013,B013-C1071,Retail Client 071,Retail & Distribution,30,26021.83,2026-01-09,2026-02-08,closed,2026-02-25,47,17,False,False,average_payer
INV13002077,B013,B013-C1071,Retail Client 071,Retail & Distribution,30,30301.8,2026-03-08,2026-04-07,closed,2026-04-08,31,1,False,False,average_payer
INV13002078,B013,B013-C1071,Retail Client 071,Retail & Distribution,30,18994.6,2026-03-09,2026-04-08,closed,2026-04-18,40,10,False,False,average_payer
INV13002079,B013,B013-C1071,Retail Client 071,Retail & Distribution,30,28699.16,2026-05-20,2026-06-19,closed,2026-06-23,34,4,False,False,average_payer
INV13002080,B013,B013-C1071,Retail Client 071,Retail & Distribution,30,15229.2,2026-05-28,2026-06-27,closed,2026-07-09,42,12,False,False,average_payer
INV13002081,B013,B013-C1071,Retail Client 071,Retail & Distribution,30,172977.74,2026-06-01,2026-07-01,closed,2026-07-08,37,7,False,True,average_payer
INV13002082,B013,B013-C1071,Retail Client 071,Retail & Distribution,30,43249.68,2026-06-03,2026-07-03,closed,2026-07-15,42,12,False,False,average_payer
INV13002083,B013,B013-C1071,Retail Client 071,Retail & Distribution,30,29762.98,2026-07-10,2026-08-09,closed,2026-08-13,34,4,False,False,average_payer
INV13002084,B013,B013-C1072,Textiles Client 072,Textiles & Apparel,45,137845.66,2024-03-17,2024-05-01,closed,2024-04-23,37,-8,False,False,average_payer
INV13002085,B013,B013-C1072,Textiles Client 072,Textiles & Apparel,45,111891.77,2024-03-25,2024-05-09,closed,2024-05-24,60,15,False,False,average_payer
INV13002086,B013,B013-C1072,Textiles Client 072,Textiles & Apparel,45,114612.13,2024-03-28,2024-05-12,closed,2024-05-21,54,9,False,False,average_payer
INV13002087,B013,B013-C1072,Textiles Client 072,Textiles & Apparel,45,95666.99,2024-07-01,2024-08-15,closed,2024-08-15,45,0,False,False,average_payer
INV13002088,B013,B013-C1072,Textiles Client 072,Textiles & Apparel,45,172358.13,2024-07-16,2024-08-30,closed,2024-09-08,54,9,False,False,average_payer
INV13002089,B013,B013-C1072,Textiles Client 072,Textiles & Apparel,45,147528.41,2024-11-13,2024-12-28,closed,2025-01-08,56,11,False,False,average_payer
INV13002090,B013,B013-C1072,Textiles Client 072,Textiles & Apparel,45,219593.25,2025-02-24,2025-04-10,closed,2025-04-14,49,4,False,False,average_payer
INV13002091,B013,B013-C1072,Textiles Client 072,Textiles & Apparel,45,240426.86,2025-03-17,2025-05-01,closed,2025-05-10,54,9,False,False,average_payer
INV13002092,B013,B013-C1072,Textiles Client 072,Textiles & Apparel,45,88776.65,2025-03-31,2025-05-15,closed,2025-05-18,48,3,False,False,average_payer
INV13002093,B013,B013-C1072,Textiles Client 072,Textiles & Apparel,45,157823.59,2025-06-05,2025-07-20,closed,2025-07-11,36,-9,False,False,average_payer
INV13002094,B013,B013-C1072,Textiles Client 072,Textiles & Apparel,45,129008.29,2025-08-09,2025-09-23,closed,2025-10-07,59,14,False,False,average_payer
INV13002095,B013,B013-C1072,Textiles Client 072,Textiles & Apparel,45,162186.71,2025-08-19,2025-10-03,closed,2025-10-04,46,1,False,False,average_payer
INV13002096,B013,B013-C1072,Textiles Client 072,Textiles & Apparel,45,124551.98,2025-08-25,2025-10-09,closed,2025-10-04,40,-5,False,False,average_payer
INV13002097,B013,B013-C1072,Textiles Client 072,Textiles & Apparel,45,189698.78,2025-09-09,2025-10-24,closed,2025-11-05,57,12,False,False,average_payer
INV13002098,B013,B013-C1072,Textiles Client 072,Textiles & Apparel,45,205189.08,2025-09-15,2025-10-30,closed,2025-11-06,52,7,False,False,average_payer
INV13002099,B013,B013-C1072,Textiles Client 072,Textiles & Apparel,45,130471.74,2025-10-14,2025-11-28,closed,2025-11-24,41,-4,False,False,average_payer
INV13002100,B013,B013-C1072,Textiles Client 072,Textiles & Apparel,45,175952.43,2025-10-23,2025-12-07,closed,2025-12-06,44,-1,False,False,average_payer
INV13002101,B013,B013-C1072,Textiles Client 072,Textiles & Apparel,45,197153.21,2026-01-12,2026-02-26,closed,2026-02-26,45,0,False,False,average_payer
INV13002102,B013,B013-C1072,Textiles Client 072,Textiles & Apparel,45,153799.73,2026-03-26,2026-05-10,closed,2026-05-08,43,-2,False,False,average_payer
INV13002103,B013,B013-C1072,Textiles Client 072,Textiles & Apparel,45,184836.89,2026-04-24,2026-06-08,closed,2026-06-13,50,5,False,False,average_payer
INV13002104,B013,B013-C1072,Textiles Client 072,Textiles & Apparel,45,114537.9,2026-04-27,2026-06-11,closed,2026-06-14,48,3,False,False,average_payer
INV13002105,B013,B013-C1072,Textiles Client 072,Textiles & Apparel,45,131962.23,2026-05-28,2026-07-12,closed,2026-07-17,50,5,False,False,average_payer
INV13002106,B013,B013-C1072,Textiles Client 072,Textiles & Apparel,45,114390.08,2026-06-21,2026-08-05,closed,2026-08-11,51,6,False,False,average_payer
INV13002107,B013,B013-C1072,Textiles Client 072,Textiles & Apparel,45,159769.11,2026-07-13,2026-08-27,closed,2026-08-31,49,4,False,False,average_payer
INV13002108,B013,B013-C1072,Textiles Client 072,Textiles & Apparel,45,162244.18,2026-08-25,2026-10-09,open,,,,False,False,average_payer
INV13002109,B013,B013-C1073,Retail Client 073,Retail & Distribution,30,195354.21,2024-06-07,2024-07-07,closed,2024-07-27,50,20,False,False,erratic_payer
INV13002110,B013,B013-C1073,Retail Client 073,Retail & Distribution,30,477010.27,2025-02-15,2025-03-17,closed,2025-04-03,47,17,False,True,erratic_payer
INV13002111,B013,B013-C1073,Retail Client 073,Retail & Distribution,30,147645.13,2025-04-26,2025-05-26,closed,2025-05-25,29,-1,False,False,erratic_payer
INV13002112,B013,B013-C1073,Retail Client 073,Retail & Distribution,30,95406.72,2025-05-02,2025-06-01,closed,2025-05-31,29,-1,False,False,erratic_payer
INV13002113,B013,B013-C1073,Retail Client 073,Retail & Distribution,30,190911.2,2025-07-14,2025-08-13,closed,2025-08-25,42,12,False,False,erratic_payer
INV13002114,B013,B013-C1073,Retail Client 073,Retail & Distribution,30,135381.62,2025-09-21,2025-10-21,closed,2025-10-23,32,2,False,False,erratic_payer
INV13002115,B013,B013-C1073,Retail Client 073,Retail & Distribution,30,177911.6,2025-10-25,2025-11-24,closed,2025-12-24,60,30,False,False,erratic_payer
INV13002116,B013,B013-C1073,Retail Client 073,Retail & Distribution,30,130695.0,2026-01-01,2026-01-31,closed,2026-02-09,39,9,False,False,erratic_payer
INV13002117,B013,B013-C1073,Retail Client 073,Retail & Distribution,30,134800.41,2026-03-31,2026-04-30,closed,2026-05-10,40,10,False,False,erratic_payer
INV13002118,B013,B013-C1073,Retail Client 073,Retail & Distribution,30,118188.33,2026-06-17,2026-07-17,closed,2026-07-27,40,10,False,False,erratic_payer
INV13002119,B013,B013-C1073,Retail Client 073,Retail & Distribution,30,139994.96,2026-08-12,2026-09-11,open,,,,False,False,erratic_payer
INV13002120,B013,B013-C1074,Electronics Client 074,Electronics & Electricals,15,71286.87,2024-04-12,2024-04-27,closed,2024-04-24,12,-3,False,False,average_payer
INV13002121,B013,B013-C1074,Electronics Client 074,Electronics & Electricals,15,49200.12,2024-09-26,2024-10-11,closed,2024-10-19,23,8,False,False,average_payer
INV13002122,B013,B013-C1074,Electronics Client 074,Electronics & Electricals,15,34641.74,2024-12-14,2024-12-29,closed,2024-12-30,16,1,True,False,average_payer
INV13002123,B013,B013-C1074,Electronics Client 074,Electronics & Electricals,15,69524.48,2025-01-14,2025-01-29,closed,2025-02-11,28,13,False,False,average_payer
INV13002124,B013,B013-C1074,Electronics Client 074,Electronics & Electricals,15,40871.93,2025-01-19,2025-02-03,closed,2025-01-31,12,-3,False,False,average_payer
INV13002125,B013,B013-C1074,Electronics Client 074,Electronics & Electricals,15,55813.32,2025-02-27,2025-03-14,closed,2025-03-22,23,8,False,False,average_payer
INV13002126,B013,B013-C1074,Electronics Client 074,Electronics & Electricals,15,69155.75,2025-03-13,2025-03-28,closed,2025-04-02,20,5,False,False,average_payer
INV13002127,B013,B013-C1074,Electronics Client 074,Electronics & Electricals,15,65910.79,2025-03-26,2025-04-10,closed,2025-04-10,15,0,False,False,average_payer
INV13002128,B013,B013-C1074,Electronics Client 074,Electronics & Electricals,15,62972.51,2025-04-11,2025-04-26,closed,2025-05-05,24,9,False,False,average_payer
INV13002129,B013,B013-C1074,Electronics Client 074,Electronics & Electricals,15,289862.37,2025-04-20,2025-05-05,closed,2025-05-23,33,18,True,True,average_payer
INV13002130,B013,B013-C1074,Electronics Client 074,Electronics & Electricals,15,202358.39,2025-06-02,2025-06-17,closed,2025-06-22,20,5,False,True,average_payer
INV13002131,B013,B013-C1074,Electronics Client 074,Electronics & Electricals,15,71864.68,2025-08-14,2025-08-29,closed,2025-09-02,19,4,False,False,average_payer
INV13002132,B013,B013-C1074,Electronics Client 074,Electronics & Electricals,15,21262.78,2025-09-19,2025-10-04,closed,2025-10-11,22,7,False,False,average_payer
INV13002133,B013,B013-C1074,Electronics Client 074,Electronics & Electricals,15,250744.51,2025-09-28,2025-10-13,closed,2025-10-09,11,-4,False,True,average_payer
INV13002134,B013,B013-C1074,Electronics Client 074,Electronics & Electricals,15,42473.53,2025-10-23,2025-11-07,closed,2025-11-10,18,3,False,False,average_payer
INV13002135,B013,B013-C1074,Electronics Client 074,Electronics & Electricals,15,31023.1,2025-12-02,2025-12-17,closed,2025-12-21,19,4,False,False,average_payer
INV13002136,B013,B013-C1074,Electronics Client 074,Electronics & Electricals,15,84152.76,2026-02-26,2026-03-13,closed,2026-03-17,19,4,False,False,average_payer
INV13002137,B013,B013-C1074,Electronics Client 074,Electronics & Electricals,15,85739.93,2026-03-15,2026-03-30,closed,2026-04-05,21,6,False,False,average_payer
INV13002138,B013,B013-C1074,Electronics Client 074,Electronics & Electricals,15,62155.01,2026-03-30,2026-04-14,closed,2026-04-29,30,15,False,False,average_payer
INV13002139,B013,B013-C1074,Electronics Client 074,Electronics & Electricals,15,36609.25,2026-06-01,2026-06-16,closed,2026-06-22,21,6,False,False,average_payer
INV13002140,B013,B013-C1074,Electronics Client 074,Electronics & Electricals,15,34579.36,2026-07-18,2026-08-02,closed,2026-08-12,25,10,False,False,average_payer
INV13002141,B013,B013-C1075,Chemicals Client 075,Chemicals & Plastics,30,224249.16,2024-03-26,2024-04-25,closed,2024-05-07,42,12,False,False,average_payer
INV13002142,B013,B013-C1075,Chemicals Client 075,Chemicals & Plastics,30,149351.43,2024-03-29,2024-04-28,closed,2024-05-03,35,5,False,False,average_payer
INV13002143,B013,B013-C1075,Chemicals Client 075,Chemicals & Plastics,30,196663.81,2024-04-07,2024-05-07,closed,2024-05-09,32,2,False,False,average_payer
INV13002144,B013,B013-C1075,Chemicals Client 075,Chemicals & Plastics,30,340422.7,2024-06-27,2024-07-27,closed,2024-07-20,23,-7,False,False,average_payer
INV13002145,B013,B013-C1075,Chemicals Client 075,Chemicals & Plastics,30,692551.83,2024-08-02,2024-09-01,closed,2024-09-14,43,13,False,True,average_payer
INV13002146,B013,B013-C1075,Chemicals Client 075,Chemicals & Plastics,30,362354.47,2024-08-06,2024-09-05,closed,2024-09-05,30,0,False,False,average_payer
INV13002147,B013,B013-C1075,Chemicals Client 075,Chemicals & Plastics,30,358233.76,2024-08-15,2024-09-14,closed,2024-09-22,38,8,False,False,average_payer
INV13002148,B013,B013-C1075,Chemicals Client 075,Chemicals & Plastics,30,253582.04,2024-08-28,2024-09-27,closed,2024-10-08,41,11,False,False,average_payer
INV13002149,B013,B013-C1075,Chemicals Client 075,Chemicals & Plastics,30,316532.82,2024-09-11,2024-10-11,closed,2024-10-17,36,6,False,False,average_payer
INV13002150,B013,B013-C1075,Chemicals Client 075,Chemicals & Plastics,30,295124.61,2024-09-23,2024-10-23,closed,2024-10-27,34,4,False,False,average_payer
INV13002151,B013,B013-C1075,Chemicals Client 075,Chemicals & Plastics,30,318650.35,2024-10-01,2024-10-31,closed,2024-11-17,47,17,False,False,average_payer
INV13002152,B013,B013-C1075,Chemicals Client 075,Chemicals & Plastics,30,308546.16,2024-10-10,2024-11-09,closed,2024-11-11,32,2,False,False,average_payer
INV13002153,B013,B013-C1075,Chemicals Client 075,Chemicals & Plastics,30,249225.93,2024-10-16,2024-11-15,closed,2024-11-26,41,11,False,False,average_payer
INV13002154,B013,B013-C1075,Chemicals Client 075,Chemicals & Plastics,30,137015.08,2024-10-17,2024-11-16,closed,2024-11-29,43,13,False,False,average_payer
INV13002155,B013,B013-C1075,Chemicals Client 075,Chemicals & Plastics,30,248177.84,2024-10-30,2024-11-29,closed,2024-12-15,46,16,False,False,average_payer
INV13002156,B013,B013-C1075,Chemicals Client 075,Chemicals & Plastics,30,277168.01,2024-12-09,2025-01-08,closed,2025-01-05,27,-3,True,False,average_payer
INV13002157,B013,B013-C1075,Chemicals Client 075,Chemicals & Plastics,30,160950.91,2024-12-11,2025-01-10,closed,2025-01-09,29,-1,False,False,average_payer
INV13002158,B013,B013-C1075,Chemicals Client 075,Chemicals & Plastics,30,220704.73,2025-01-05,2025-02-04,closed,2025-02-15,41,11,False,False,average_payer
INV13002159,B013,B013-C1075,Chemicals Client 075,Chemicals & Plastics,30,229104.39,2025-02-04,2025-03-06,closed,2025-03-09,33,3,False,False,average_payer
INV13002160,B013,B013-C1075,Chemicals Client 075,Chemicals & Plastics,30,212709.47,2025-02-12,2025-03-14,closed,2025-03-25,41,11,False,False,average_payer
INV13002161,B013,B013-C1075,Chemicals Client 075,Chemicals & Plastics,30,354005.3,2025-03-08,2025-04-07,closed,2025-04-04,27,-3,False,False,average_payer
INV13002162,B013,B013-C1075,Chemicals Client 075,Chemicals & Plastics,30,476341.24,2025-03-14,2025-04-13,closed,2025-04-23,40,10,False,False,average_payer
INV13002163,B013,B013-C1075,Chemicals Client 075,Chemicals & Plastics,30,307328.58,2025-03-15,2025-04-14,closed,2025-04-12,28,-2,False,False,average_payer
INV13002164,B013,B013-C1075,Chemicals Client 075,Chemicals & Plastics,30,168521.41,2025-03-22,2025-04-21,closed,2025-04-10,19,-11,False,False,average_payer
INV13002165,B013,B013-C1075,Chemicals Client 075,Chemicals & Plastics,30,1650898.53,2025-04-20,2025-05-20,closed,2025-05-23,33,3,False,True,average_payer
INV13002166,B013,B013-C1075,Chemicals Client 075,Chemicals & Plastics,30,250195.53,2025-06-04,2025-07-04,closed,2025-07-09,35,5,False,False,average_payer
INV13002167,B013,B013-C1075,Chemicals Client 075,Chemicals & Plastics,30,508274.72,2025-06-27,2025-07-27,closed,2025-07-30,33,3,False,False,average_payer
INV13002168,B013,B013-C1075,Chemicals Client 075,Chemicals & Plastics,30,331187.08,2025-07-13,2025-08-12,closed,2025-08-13,31,1,False,False,average_payer
INV13002169,B013,B013-C1075,Chemicals Client 075,Chemicals & Plastics,30,312689.99,2025-07-15,2025-08-14,closed,2025-08-22,38,8,False,False,average_payer
INV13002170,B013,B013-C1075,Chemicals Client 075,Chemicals & Plastics,30,216428.37,2025-09-05,2025-10-05,closed,2025-10-12,37,7,False,False,average_payer
INV13002171,B013,B013-C1075,Chemicals Client 075,Chemicals & Plastics,30,322951.88,2025-10-10,2025-11-09,closed,2025-11-16,37,7,False,False,average_payer
INV13002172,B013,B013-C1075,Chemicals Client 075,Chemicals & Plastics,30,269236.34,2025-10-12,2025-11-11,closed,2025-11-20,39,9,False,False,average_payer
INV13002173,B013,B013-C1075,Chemicals Client 075,Chemicals & Plastics,30,159592.33,2025-12-01,2025-12-31,open,,,,False,False,average_payer
INV13002174,B013,B013-C1075,Chemicals Client 075,Chemicals & Plastics,30,440705.37,2025-12-03,2026-01-02,closed,2026-01-08,36,6,False,False,average_payer
INV13002175,B013,B013-C1075,Chemicals Client 075,Chemicals & Plastics,30,196313.48,2025-12-13,2026-01-12,closed,2026-01-18,36,6,False,False,average_payer
INV13002176,B013,B013-C1075,Chemicals Client 075,Chemicals & Plastics,30,391870.23,2025-12-27,2026-01-26,closed,2026-01-26,30,0,False,False,average_payer
INV13002177,B013,B013-C1075,Chemicals Client 075,Chemicals & Plastics,30,420819.64,2026-01-07,2026-02-06,closed,2026-02-21,45,15,False,False,average_payer
INV13002178,B013,B013-C1075,Chemicals Client 075,Chemicals & Plastics,30,274863.31,2026-01-24,2026-02-23,closed,2026-03-08,43,13,False,False,average_payer
INV13002179,B013,B013-C1075,Chemicals Client 075,Chemicals & Plastics,30,322852.74,2026-02-09,2026-03-11,closed,2026-03-21,40,10,False,False,average_payer
INV13002180,B013,B013-C1075,Chemicals Client 075,Chemicals & Plastics,30,184032.94,2026-02-12,2026-03-14,closed,2026-03-25,41,11,False,False,average_payer
INV13002181,B013,B013-C1075,Chemicals Client 075,Chemicals & Plastics,30,177895.39,2026-02-25,2026-03-27,closed,2026-03-22,25,-5,True,False,average_payer
INV13002182,B013,B013-C1075,Chemicals Client 075,Chemicals & Plastics,30,216405.75,2026-03-05,2026-04-04,closed,2026-04-09,35,5,False,False,average_payer
INV13002183,B013,B013-C1075,Chemicals Client 075,Chemicals & Plastics,30,336683.0,2026-03-19,2026-04-18,closed,2026-04-14,26,-4,False,False,average_payer
INV13002184,B013,B013-C1075,Chemicals Client 075,Chemicals & Plastics,30,202194.79,2026-04-01,2026-05-01,closed,2026-05-07,36,6,False,False,average_payer
INV13002185,B013,B013-C1075,Chemicals Client 075,Chemicals & Plastics,30,305118.69,2026-04-07,2026-05-07,closed,2026-05-10,33,3,False,False,average_payer
INV13002186,B013,B013-C1075,Chemicals Client 075,Chemicals & Plastics,30,323539.57,2026-04-13,2026-05-13,closed,2026-05-17,34,4,False,False,average_payer
INV13002187,B013,B013-C1075,Chemicals Client 075,Chemicals & Plastics,30,1287156.3,2026-05-24,2026-06-23,closed,2026-07-01,38,8,False,True,average_payer
INV13002188,B013,B013-C1075,Chemicals Client 075,Chemicals & Plastics,30,358455.96,2026-06-10,2026-07-10,closed,2026-07-20,40,10,False,False,average_payer
INV13002189,B013,B013-C1075,Chemicals Client 075,Chemicals & Plastics,30,119105.52,2026-07-03,2026-08-02,closed,2026-08-15,43,13,False,False,average_payer
INV13002190,B013,B013-C1075,Chemicals Client 075,Chemicals & Plastics,30,225839.35,2026-07-04,2026-08-03,closed,2026-08-08,35,5,False,False,average_payer
INV13002191,B013,B013-C1075,Chemicals Client 075,Chemicals & Plastics,30,286160.79,2026-07-10,2026-08-09,closed,2026-08-15,36,6,False,False,average_payer
INV13002192,B013,B013-C1075,Chemicals Client 075,Chemicals & Plastics,30,288230.1,2026-07-12,2026-08-11,closed,2026-08-22,41,11,False,False,average_payer
INV13002193,B013,B013-C1075,Chemicals Client 075,Chemicals & Plastics,30,313996.32,2026-07-30,2026-08-29,disputed_open,,,,False,False,average_payer
INV13002194,B013,B013-C1075,Chemicals Client 075,Chemicals & Plastics,30,1220420.07,2026-08-03,2026-09-02,closed,2026-08-29,26,-4,False,True,average_payer
INV13002195,B013,B013-C1076,Retail Client 076,Retail & Distribution,60,107419.5,2024-06-19,2024-08-18,closed,2024-09-06,79,19,True,False,seasonal_payer
INV13002196,B013,B013-C1076,Retail Client 076,Retail & Distribution,60,85860.85,2024-10-12,2024-12-11,closed,2024-12-15,64,4,True,False,seasonal_payer
INV13002197,B013,B013-C1076,Retail Client 076,Retail & Distribution,60,78502.09,2024-11-14,2025-01-13,closed,2025-01-06,53,-7,False,False,seasonal_payer
INV13002198,B013,B013-C1076,Retail Client 076,Retail & Distribution,60,59946.13,2025-02-19,2025-04-20,closed,2025-04-25,65,5,False,False,seasonal_payer
INV13002199,B013,B013-C1076,Retail Client 076,Retail & Distribution,60,77532.24,2025-11-27,2026-01-26,closed,2026-01-26,60,0,False,False,seasonal_payer
INV13002200,B013,B013-C1077,Electronics Client 077,Electronics & Electricals,30,59674.75,2025-01-23,2025-02-22,closed,2025-03-02,38,8,False,False,cold_start
INV13002201,B013,B013-C1077,Electronics Client 077,Electronics & Electricals,30,42134.3,2025-08-23,2025-09-22,closed,2025-09-18,26,-4,False,False,cold_start
INV13002202,B013,B013-C1078,Retail Client 078,Retail & Distribution,30,126157.39,2025-03-22,2025-04-21,disputed_open,,,,False,False,cold_start
INV13002203,B013,B013-C1078,Retail Client 078,Retail & Distribution,30,167082.46,2025-05-10,2025-06-09,closed,2025-06-12,33,3,False,False,cold_start
INV13002204,B013,B013-C1078,Retail Client 078,Retail & Distribution,30,591714.14,2026-03-05,2026-04-04,closed,2026-04-02,28,-2,False,True,cold_start
INV13002205,B013,B013-C1079,Chemicals Client 079,Chemicals & Plastics,30,46044.32,2024-09-04,2024-10-04,closed,2024-10-04,30,0,True,False,prompt_payer
INV13002206,B013,B013-C1079,Chemicals Client 079,Chemicals & Plastics,30,49987.33,2024-09-20,2024-10-20,closed,2024-10-21,31,1,False,False,prompt_payer
INV13002207,B013,B013-C1079,Chemicals Client 079,Chemicals & Plastics,30,40647.59,2024-11-11,2024-12-11,closed,2024-12-09,28,-2,False,False,prompt_payer
INV13002208,B013,B013-C1079,Chemicals Client 079,Chemicals & Plastics,30,44081.08,2025-07-15,2025-08-14,closed,2025-08-17,33,3,False,False,prompt_payer
INV13002209,B013,B013-C1079,Chemicals Client 079,Chemicals & Plastics,30,32653.78,2025-08-01,2025-08-31,closed,2025-08-27,26,-4,False,False,prompt_payer
INV13002210,B013,B013-C1079,Chemicals Client 079,Chemicals & Plastics,30,66344.05,2025-09-04,2025-10-04,closed,2025-10-03,29,-1,False,True,prompt_payer
INV13002211,B013,B013-C1079,Chemicals Client 079,Chemicals & Plastics,30,46135.7,2025-12-25,2026-01-24,closed,2026-01-16,22,-8,False,False,prompt_payer
INV13002212,B013,B013-C1079,Chemicals Client 079,Chemicals & Plastics,30,33741.48,2026-03-09,2026-04-08,closed,2026-04-11,33,3,False,False,prompt_payer
INV13002213,B013,B013-C1079,Chemicals Client 079,Chemicals & Plastics,30,47255.8,2026-05-13,2026-06-12,closed,2026-06-08,26,-4,False,False,prompt_payer
INV13002214,B013,B013-C1079,Chemicals Client 079,Chemicals & Plastics,30,36087.69,2026-05-15,2026-06-14,closed,2026-06-14,30,0,False,False,prompt_payer
INV13002215,B013,B013-C1080,Auto Client 080,Auto Components,60,159518.21,2024-04-24,2024-06-23,closed,2024-06-23,60,0,False,False,deteriorating_payer
INV13002216,B013,B013-C1080,Auto Client 080,Auto Components,60,236569.16,2024-05-15,2024-07-14,closed,2024-07-16,62,2,False,False,deteriorating_payer
INV13002217,B013,B013-C1080,Auto Client 080,Auto Components,60,82053.15,2024-06-20,2024-08-19,closed,2024-09-01,73,13,False,False,deteriorating_payer
INV13002218,B013,B013-C1080,Auto Client 080,Auto Components,60,103790.42,2024-08-05,2024-10-04,closed,2024-10-18,74,14,False,False,deteriorating_payer
INV13002219,B013,B013-C1080,Auto Client 080,Auto Components,60,134915.54,2024-09-04,2024-11-03,closed,2024-11-04,61,1,False,False,deteriorating_payer
INV13002220,B013,B013-C1080,Auto Client 080,Auto Components,60,149462.4,2024-11-05,2025-01-04,closed,2025-01-14,70,10,False,False,deteriorating_payer
INV13002221,B013,B013-C1080,Auto Client 080,Auto Components,60,145325.66,2024-11-08,2025-01-07,closed,2025-01-09,62,2,False,False,deteriorating_payer
INV13002222,B013,B013-C1080,Auto Client 080,Auto Components,60,184902.09,2024-11-15,2025-01-14,closed,2025-01-15,61,1,False,False,deteriorating_payer
INV13002223,B013,B013-C1080,Auto Client 080,Auto Components,60,191864.99,2025-01-10,2025-03-11,closed,2025-04-06,86,26,False,False,deteriorating_payer
INV13002224,B013,B013-C1080,Auto Client 080,Auto Components,60,162099.87,2025-02-09,2025-04-10,closed,2025-04-30,80,20,False,False,deteriorating_payer
INV13002225,B013,B013-C1080,Auto Client 080,Auto Components,60,171673.62,2025-02-27,2025-04-28,closed,2025-06-11,104,44,False,False,deteriorating_payer
INV13002226,B013,B013-C1080,Auto Client 080,Auto Components,60,110664.53,2025-03-25,2025-05-24,closed,2025-06-12,79,19,False,False,deteriorating_payer
INV13002227,B013,B013-C1080,Auto Client 080,Auto Components,60,125593.46,2025-05-10,2025-07-09,closed,2025-07-18,69,9,False,False,deteriorating_payer
INV13002228,B013,B013-C1080,Auto Client 080,Auto Components,60,101119.43,2025-05-13,2025-07-12,closed,2025-08-09,88,28,False,False,deteriorating_payer
INV13002229,B013,B013-C1080,Auto Client 080,Auto Components,60,88990.14,2025-06-01,2025-07-31,closed,2025-08-20,80,20,False,False,deteriorating_payer
INV13002230,B013,B013-C1080,Auto Client 080,Auto Components,60,78915.08,2025-08-07,2025-10-06,closed,2025-10-31,85,25,False,False,deteriorating_payer
INV13002231,B013,B013-C1080,Auto Client 080,Auto Components,60,97872.84,2025-08-29,2025-10-28,closed,2025-11-17,80,20,False,False,deteriorating_payer
INV13002232,B013,B013-C1080,Auto Client 080,Auto Components,60,153425.93,2025-08-30,2025-10-29,closed,2025-12-11,103,43,False,False,deteriorating_payer
INV13002233,B013,B013-C1080,Auto Client 080,Auto Components,60,167293.32,2026-01-05,2026-03-06,closed,2026-04-21,106,46,True,False,deteriorating_payer
INV13002234,B013,B013-C1080,Auto Client 080,Auto Components,60,139483.72,2026-01-17,2026-03-18,closed,2026-04-13,86,26,False,False,deteriorating_payer
INV13002235,B013,B013-C1080,Auto Client 080,Auto Components,60,135648.48,2026-03-11,2026-05-10,closed,2026-05-17,67,7,False,False,deteriorating_payer
INV13002236,B013,B013-C1080,Auto Client 080,Auto Components,60,131884.5,2026-04-11,2026-06-10,closed,2026-07-23,103,43,False,False,deteriorating_payer
INV13002237,B013,B013-C1080,Auto Client 080,Auto Components,60,434323.08,2026-04-17,2026-06-16,closed,2026-08-16,121,61,False,True,deteriorating_payer
INV13002238,B013,B013-C1080,Auto Client 080,Auto Components,60,121610.1,2026-04-22,2026-06-21,closed,2026-07-20,89,29,False,False,deteriorating_payer
INV13002239,B013,B013-C1080,Auto Client 080,Auto Components,60,181986.54,2026-04-24,2026-06-23,closed,2026-08-21,119,59,False,False,deteriorating_payer
INV13002240,B013,B013-C1080,Auto Client 080,Auto Components,60,459020.17,2026-05-01,2026-06-30,closed,2026-07-30,90,30,False,True,deteriorating_payer
INV13002241,B013,B013-C1080,Auto Client 080,Auto Components,60,143957.95,2026-07-01,2026-08-30,open,,,,False,False,deteriorating_payer
INV13002242,B013,B013-C1081,FMCG Client 081,FMCG & Food Processing,30,13211.83,2024-03-26,2024-04-25,closed,2024-05-05,40,10,False,False,average_payer
INV13002243,B013,B013-C1081,FMCG Client 081,FMCG & Food Processing,30,22639.58,2024-03-26,2024-04-25,closed,2024-04-27,32,2,False,False,average_payer
INV13002244,B013,B013-C1081,FMCG Client 081,FMCG & Food Processing,30,21720.88,2024-04-11,2024-05-11,closed,2024-05-07,26,-4,False,False,average_payer
INV13002245,B013,B013-C1081,FMCG Client 081,FMCG & Food Processing,30,38844.28,2024-05-10,2024-06-09,closed,2024-06-05,26,-4,False,False,average_payer
INV13002246,B013,B013-C1081,FMCG Client 081,FMCG & Food Processing,30,16624.54,2024-05-14,2024-06-13,closed,2024-06-23,40,10,False,False,average_payer
INV13002247,B013,B013-C1081,FMCG Client 081,FMCG & Food Processing,30,25748.04,2024-06-06,2024-07-06,closed,2024-07-09,33,3,False,False,average_payer
INV13002248,B013,B013-C1081,FMCG Client 081,FMCG & Food Processing,30,18133.11,2024-06-21,2024-07-21,closed,2024-07-31,40,10,False,False,average_payer
INV13002249,B013,B013-C1081,FMCG Client 081,FMCG & Food Processing,30,16221.03,2024-07-16,2024-08-15,closed,2024-08-11,26,-4,False,False,average_payer
INV13002250,B013,B013-C1081,FMCG Client 081,FMCG & Food Processing,30,42416.25,2024-07-25,2024-08-24,closed,2024-08-23,29,-1,False,False,average_payer
INV13002251,B013,B013-C1081,FMCG Client 081,FMCG & Food Processing,30,11913.46,2024-08-10,2024-09-09,closed,2024-09-26,47,17,False,False,average_payer
INV13002252,B013,B013-C1081,FMCG Client 081,FMCG & Food Processing,30,35156.05,2024-08-22,2024-09-21,closed,2024-10-01,40,10,False,False,average_payer
INV13002253,B013,B013-C1081,FMCG Client 081,FMCG & Food Processing,30,33115.3,2024-08-31,2024-09-30,closed,2024-10-08,38,8,False,False,average_payer
INV13002254,B013,B013-C1081,FMCG Client 081,FMCG & Food Processing,30,16565.21,2024-09-08,2024-10-08,closed,2024-10-10,32,2,False,False,average_payer
INV13002255,B013,B013-C1081,FMCG Client 081,FMCG & Food Processing,30,16531.24,2024-09-17,2024-10-17,closed,2024-10-22,35,5,False,False,average_payer
INV13002256,B013,B013-C1081,FMCG Client 081,FMCG & Food Processing,30,22867.75,2024-09-17,2024-10-17,closed,2024-10-18,31,1,False,False,average_payer
INV13002257,B013,B013-C1081,FMCG Client 081,FMCG & Food Processing,30,17251.02,2024-09-28,2024-10-28,closed,2024-11-03,36,6,False,False,average_payer
INV13002258,B013,B013-C1081,FMCG Client 081,FMCG & Food Processing,30,24278.05,2024-11-30,2024-12-30,closed,2024-12-29,29,-1,False,False,average_payer
INV13002259,B013,B013-C1081,FMCG Client 081,FMCG & Food Processing,30,15833.38,2024-12-21,2025-01-20,closed,2025-02-03,44,14,False,False,average_payer
INV13002260,B013,B013-C1081,FMCG Client 081,FMCG & Food Processing,30,74003.93,2024-12-27,2025-01-26,closed,2025-02-01,36,6,False,True,average_payer
INV13002261,B013,B013-C1081,FMCG Client 081,FMCG & Food Processing,30,13083.76,2025-01-06,2025-02-05,closed,2025-02-25,50,20,False,False,average_payer
INV13002262,B013,B013-C1081,FMCG Client 081,FMCG & Food Processing,30,14995.77,2025-01-16,2025-02-15,closed,2025-03-03,46,16,False,False,average_payer
INV13002263,B013,B013-C1081,FMCG Client 081,FMCG & Food Processing,30,24050.49,2025-02-14,2025-03-16,closed,2025-03-16,30,0,False,False,average_payer
INV13002264,B013,B013-C1081,FMCG Client 081,FMCG & Food Processing,30,12609.06,2025-03-26,2025-04-25,closed,2025-04-23,28,-2,False,False,average_payer
INV13002265,B013,B013-C1081,FMCG Client 081,FMCG & Food Processing,30,15032.21,2025-04-02,2025-05-02,closed,2025-05-13,41,11,False,False,average_payer
INV13002266,B013,B013-C1081,FMCG Client 081,FMCG & Food Processing,30,18236.87,2025-04-17,2025-05-17,closed,2025-05-20,33,3,False,False,average_payer
INV13002267,B013,B013-C1081,FMCG Client 081,FMCG & Food Processing,30,22441.16,2025-05-20,2025-06-19,closed,2025-06-13,24,-6,False,False,average_payer
INV13002268,B013,B013-C1081,FMCG Client 081,FMCG & Food Processing,30,24063.19,2025-05-23,2025-06-22,closed,2025-06-24,32,2,False,False,average_payer
INV13002269,B013,B013-C1081,FMCG Client 081,FMCG & Food Processing,30,16376.13,2025-05-25,2025-06-24,closed,2025-07-07,43,13,False,False,average_payer
INV13002270,B013,B013-C1081,FMCG Client 081,FMCG & Food Processing,30,25617.95,2025-06-12,2025-07-12,closed,2025-07-21,39,9,False,False,average_payer
INV13002271,B013,B013-C1081,FMCG Client 081,FMCG & Food Processing,30,15942.02,2025-06-25,2025-07-25,closed,2025-08-02,38,8,False,False,average_payer
INV13002272,B013,B013-C1081,FMCG Client 081,FMCG & Food Processing,30,34943.07,2025-06-26,2025-07-26,closed,2025-08-05,40,10,False,False,average_payer
INV13002273,B013,B013-C1081,FMCG Client 081,FMCG & Food Processing,30,20033.11,2025-08-19,2025-09-18,closed,2025-10-03,45,15,False,False,average_payer
INV13002274,B013,B013-C1081,FMCG Client 081,FMCG & Food Processing,30,12512.69,2025-08-25,2025-09-24,closed,2025-10-08,44,14,False,False,average_payer
INV13002275,B013,B013-C1081,FMCG Client 081,FMCG & Food Processing,30,18302.96,2025-08-29,2025-09-28,closed,2025-10-15,47,17,False,False,average_payer
INV13002276,B013,B013-C1081,FMCG Client 081,FMCG & Food Processing,30,15764.82,2025-09-02,2025-10-02,open,,,,False,False,average_payer
INV13002277,B013,B013-C1081,FMCG Client 081,FMCG & Food Processing,30,15367.48,2025-09-22,2025-10-22,closed,2025-10-22,30,0,False,False,average_payer
INV13002278,B013,B013-C1081,FMCG Client 081,FMCG & Food Processing,30,16562.48,2025-10-08,2025-11-07,closed,2025-11-09,32,2,False,False,average_payer
INV13002279,B013,B013-C1081,FMCG Client 081,FMCG & Food Processing,30,13521.62,2025-12-17,2026-01-16,closed,2026-01-14,28,-2,True,False,average_payer
INV13002280,B013,B013-C1081,FMCG Client 081,FMCG & Food Processing,30,15623.26,2026-01-22,2026-02-21,closed,2026-02-26,35,5,False,False,average_payer
INV13002281,B013,B013-C1081,FMCG Client 081,FMCG & Food Processing,30,21812.14,2026-02-22,2026-03-24,closed,2026-03-31,37,7,False,False,average_payer
INV13002282,B013,B013-C1081,FMCG Client 081,FMCG & Food Processing,30,16079.88,2026-03-03,2026-04-02,closed,2026-04-05,33,3,False,False,average_payer
INV13002283,B013,B013-C1081,FMCG Client 081,FMCG & Food Processing,30,9218.0,2026-03-08,2026-04-07,closed,2026-04-05,28,-2,False,False,average_payer
INV13002284,B013,B013-C1081,FMCG Client 081,FMCG & Food Processing,30,34896.03,2026-03-12,2026-04-11,closed,2026-04-18,37,7,False,False,average_payer
INV13002285,B013,B013-C1081,FMCG Client 081,FMCG & Food Processing,30,20573.5,2026-03-18,2026-04-17,closed,2026-04-21,34,4,True,False,average_payer
INV13002286,B013,B013-C1081,FMCG Client 081,FMCG & Food Processing,30,19711.97,2026-03-26,2026-04-25,closed,2026-04-29,34,4,False,False,average_payer
INV13002287,B013,B013-C1081,FMCG Client 081,FMCG & Food Processing,30,24393.76,2026-06-15,2026-07-15,closed,2026-07-09,24,-6,False,False,average_payer
INV13002288,B013,B013-C1081,FMCG Client 081,FMCG & Food Processing,30,19334.02,2026-06-23,2026-07-23,closed,2026-07-31,38,8,False,False,average_payer
INV13002289,B013,B013-C1081,FMCG Client 081,FMCG & Food Processing,30,23315.62,2026-07-22,2026-08-21,closed,2026-08-24,33,3,False,False,average_payer
INV13002290,B013,B013-C1081,FMCG Client 081,FMCG & Food Processing,30,20254.46,2026-07-30,2026-08-29,disputed_open,,,,False,False,average_payer
INV13002291,B013,B013-C1081,FMCG Client 081,FMCG & Food Processing,30,24780.67,2026-08-27,2026-09-26,open,,,,False,False,average_payer
INV13002292,B013,B013-C1082,Auto Client 082,Auto Components,30,63535.09,2024-04-06,2024-05-06,closed,2024-05-18,42,12,False,False,erratic_payer
INV13002293,B013,B013-C1082,Auto Client 082,Auto Components,30,48596.23,2024-07-19,2024-08-18,closed,2024-11-17,121,91,False,False,erratic_payer
INV13002294,B013,B013-C1082,Auto Client 082,Auto Components,30,88955.58,2024-10-01,2024-10-31,closed,2024-11-14,44,14,False,False,erratic_payer
INV13002295,B013,B013-C1082,Auto Client 082,Auto Components,30,63656.37,2024-10-03,2024-11-02,closed,2024-11-01,29,-1,False,False,erratic_payer
INV13002296,B013,B013-C1082,Auto Client 082,Auto Components,30,47857.69,2025-02-09,2025-03-11,closed,2025-07-06,147,117,False,False,erratic_payer
INV13002297,B013,B013-C1082,Auto Client 082,Auto Components,30,72138.34,2025-04-02,2025-05-02,closed,2025-05-06,34,4,False,False,erratic_payer
INV13002298,B013,B013-C1082,Auto Client 082,Auto Components,30,108127.06,2025-05-02,2025-06-01,closed,2025-07-31,90,60,False,False,erratic_payer
INV13002299,B013,B013-C1082,Auto Client 082,Auto Components,30,63893.03,2025-08-25,2025-09-24,closed,2025-09-29,35,5,False,False,erratic_payer
INV13002300,B013,B013-C1082,Auto Client 082,Auto Components,30,54333.35,2026-01-17,2026-02-16,closed,2026-02-25,39,9,False,False,erratic_payer
INV13002301,B013,B013-C1082,Auto Client 082,Auto Components,30,50119.27,2026-02-15,2026-03-17,closed,2026-03-24,37,7,False,False,erratic_payer
INV13002302,B013,B013-C1082,Auto Client 082,Auto Components,30,65375.21,2026-06-13,2026-07-13,closed,2026-07-03,20,-10,False,False,erratic_payer
INV13002303,B013,B013-C1083,Chemicals Client 083,Chemicals & Plastics,30,231340.98,2024-04-07,2024-05-07,closed,2024-05-08,31,1,False,False,seasonal_payer
INV13002304,B013,B013-C1083,Chemicals Client 083,Chemicals & Plastics,30,279193.09,2024-07-13,2024-08-12,closed,2024-08-19,37,7,False,False,seasonal_payer
INV13002305,B013,B013-C1083,Chemicals Client 083,Chemicals & Plastics,30,257797.34,2024-09-10,2024-10-10,closed,2024-10-15,35,5,False,False,seasonal_payer
INV13002306,B013,B013-C1083,Chemicals Client 083,Chemicals & Plastics,30,370323.03,2024-09-24,2024-10-24,closed,2024-11-11,48,18,False,False,seasonal_payer
INV13002307,B013,B013-C1083,Chemicals Client 083,Chemicals & Plastics,30,331418.87,2024-11-12,2024-12-12,closed,2024-12-23,41,11,False,False,seasonal_payer
INV13002308,B013,B013-C1083,Chemicals Client 083,Chemicals & Plastics,30,327932.79,2024-11-17,2024-12-17,closed,2024-12-13,26,-4,False,False,seasonal_payer
INV13002309,B013,B013-C1083,Chemicals Client 083,Chemicals & Plastics,30,256063.91,2024-11-23,2024-12-23,closed,2024-12-19,26,-4,False,False,seasonal_payer
INV13002310,B013,B013-C1083,Chemicals Client 083,Chemicals & Plastics,30,671173.57,2025-03-07,2025-04-06,closed,2025-04-04,28,-2,False,False,seasonal_payer
INV13002311,B013,B013-C1083,Chemicals Client 083,Chemicals & Plastics,30,223748.06,2025-03-25,2025-04-24,closed,2025-04-30,36,6,False,False,seasonal_payer
INV13002312,B013,B013-C1083,Chemicals Client 083,Chemicals & Plastics,30,202860.55,2025-07-04,2025-08-03,closed,2025-08-26,53,23,False,False,seasonal_payer
INV13002313,B013,B013-C1083,Chemicals Client 083,Chemicals & Plastics,30,270139.38,2025-07-17,2025-08-16,closed,2025-09-04,49,19,False,False,seasonal_payer
INV13002314,B013,B013-C1083,Chemicals Client 083,Chemicals & Plastics,30,241961.17,2025-08-26,2025-09-25,closed,2025-10-21,56,26,False,False,seasonal_payer
INV13002315,B013,B013-C1083,Chemicals Client 083,Chemicals & Plastics,30,330574.93,2025-10-02,2025-11-01,closed,2025-11-14,43,13,False,False,seasonal_payer
INV13002316,B013,B013-C1083,Chemicals Client 083,Chemicals & Plastics,30,461965.99,2025-10-19,2025-11-18,closed,2025-12-01,43,13,False,False,seasonal_payer
INV13002317,B013,B013-C1083,Chemicals Client 083,Chemicals & Plastics,30,180194.26,2025-12-09,2026-01-08,closed,2026-01-04,26,-4,False,False,seasonal_payer
INV13002318,B013,B013-C1083,Chemicals Client 083,Chemicals & Plastics,30,348338.85,2026-08-12,2026-09-11,open,,,,False,False,seasonal_payer
INV13002319,B013,B013-C1084,Textiles Client 084,Textiles & Apparel,45,55215.47,2024-05-11,2024-06-25,closed,2024-06-25,45,0,False,False,prompt_payer
INV13002320,B013,B013-C1084,Textiles Client 084,Textiles & Apparel,45,40066.87,2024-05-12,2024-06-26,closed,2024-06-22,41,-4,False,False,prompt_payer
INV13002321,B013,B013-C1084,Textiles Client 084,Textiles & Apparel,45,74786.86,2024-08-29,2024-10-13,closed,2024-10-08,40,-5,False,False,prompt_payer
INV13002322,B013,B013-C1084,Textiles Client 084,Textiles & Apparel,45,43239.72,2024-11-08,2024-12-23,closed,2024-12-22,44,-1,False,False,prompt_payer
INV13002323,B013,B013-C1084,Textiles Client 084,Textiles & Apparel,45,148233.13,2024-12-22,2025-02-05,closed,2025-01-30,39,-6,False,True,prompt_payer
INV13002324,B013,B013-C1084,Textiles Client 084,Textiles & Apparel,45,60035.81,2025-10-16,2025-11-30,closed,2025-11-27,42,-3,False,False,prompt_payer
INV13002325,B013,B013-C1084,Textiles Client 084,Textiles & Apparel,45,52995.5,2026-08-01,2026-09-15,open,,,,False,False,prompt_payer
INV13002326,B013,B013-C1084,Textiles Client 084,Textiles & Apparel,45,31892.33,2026-08-11,2026-09-25,open,,,,False,False,prompt_payer
INV13002327,B013,B013-C1085,Textiles Client 085,Textiles & Apparel,30,18506.91,2024-07-01,2024-07-31,closed,2024-08-05,35,5,False,False,average_payer
INV13002328,B013,B013-C1085,Textiles Client 085,Textiles & Apparel,30,27220.4,2024-11-12,2024-12-12,closed,2024-12-12,30,0,False,False,average_payer
INV13002329,B013,B013-C1085,Textiles Client 085,Textiles & Apparel,30,14414.13,2024-12-10,2025-01-09,closed,2025-01-15,36,6,False,False,average_payer
INV13002330,B013,B013-C1085,Textiles Client 085,Textiles & Apparel,30,14116.9,2025-01-08,2025-02-07,closed,2025-02-04,27,-3,False,False,average_payer
INV13002331,B013,B013-C1085,Textiles Client 085,Textiles & Apparel,30,14754.61,2025-02-23,2025-03-25,closed,2025-03-24,29,-1,False,False,average_payer
INV13002332,B013,B013-C1085,Textiles Client 085,Textiles & Apparel,30,14714.06,2025-03-10,2025-04-09,closed,2025-04-18,39,9,False,False,average_payer
INV13002333,B013,B013-C1085,Textiles Client 085,Textiles & Apparel,30,15850.97,2025-12-14,2026-01-13,closed,2026-01-20,37,7,False,False,average_payer
INV13002334,B013,B013-C1085,Textiles Client 085,Textiles & Apparel,30,10616.58,2026-02-08,2026-03-10,closed,2026-03-10,30,0,False,False,average_payer
INV13002335,B013,B013-C1085,Textiles Client 085,Textiles & Apparel,30,10444.02,2026-02-19,2026-03-21,closed,2026-03-19,28,-2,False,False,average_payer
INV13002336,B013,B013-C1085,Textiles Client 085,Textiles & Apparel,30,16275.78,2026-04-04,2026-05-04,closed,2026-05-05,31,1,False,False,average_payer
INV13002337,B013,B013-C1085,Textiles Client 085,Textiles & Apparel,30,13161.23,2026-06-28,2026-07-28,closed,2026-08-02,35,5,False,False,average_payer
INV13002338,B013,B013-C1085,Textiles Client 085,Textiles & Apparel,30,12492.17,2026-07-09,2026-08-08,closed,2026-08-18,40,10,True,False,average_payer
INV13002339,B013,B013-C1085,Textiles Client 085,Textiles & Apparel,30,12284.0,2026-08-12,2026-09-11,open,,,,False,False,average_payer
INV13002340,B013,B013-C1085,Textiles Client 085,Textiles & Apparel,30,10444.65,2026-08-12,2026-09-11,open,,,,False,False,average_payer
INV13002341,B013,B013-C1086,IT Client 086,IT & Business Services,30,98291.14,2024-03-21,2024-04-20,closed,2024-05-03,43,13,False,True,average_payer
INV13002342,B013,B013-C1086,IT Client 086,IT & Business Services,30,19405.55,2024-03-29,2024-04-28,closed,2024-04-27,29,-1,False,False,average_payer
INV13002343,B013,B013-C1086,IT Client 086,IT & Business Services,30,31895.1,2024-04-05,2024-05-05,closed,2024-05-12,37,7,False,False,average_payer
INV13002344,B013,B013-C1086,IT Client 086,IT & Business Services,30,27997.04,2024-04-17,2024-05-17,closed,2024-05-19,32,2,False,False,average_payer
INV13002345,B013,B013-C1086,IT Client 086,IT & Business Services,30,29478.58,2024-04-27,2024-05-27,closed,2024-05-28,31,1,False,False,average_payer
INV13002346,B013,B013-C1086,IT Client 086,IT & Business Services,30,28456.17,2024-05-19,2024-06-18,closed,2024-07-03,45,15,False,False,average_payer
INV13002347,B013,B013-C1086,IT Client 086,IT & Business Services,30,33610.56,2024-05-25,2024-06-24,closed,2024-07-06,42,12,False,False,average_payer
INV13002348,B013,B013-C1086,IT Client 086,IT & Business Services,30,36081.93,2024-07-02,2024-08-01,closed,2024-08-08,37,7,True,False,average_payer
INV13002349,B013,B013-C1086,IT Client 086,IT & Business Services,30,112103.46,2024-08-01,2024-08-31,closed,2024-09-10,40,10,False,True,average_payer
INV13002350,B013,B013-C1086,IT Client 086,IT & Business Services,30,22811.25,2024-08-09,2024-09-08,closed,2024-09-21,43,13,False,False,average_payer
INV13002351,B013,B013-C1086,IT Client 086,IT & Business Services,30,21451.52,2024-08-12,2024-09-11,closed,2024-09-14,33,3,False,False,average_payer
INV13002352,B013,B013-C1086,IT Client 086,IT & Business Services,30,23640.09,2024-08-26,2024-09-25,closed,2024-09-30,35,5,False,False,average_payer
INV13002353,B013,B013-C1086,IT Client 086,IT & Business Services,30,43636.63,2024-11-06,2024-12-06,closed,2024-12-06,30,0,False,False,average_payer
INV13002354,B013,B013-C1086,IT Client 086,IT & Business Services,30,29820.1,2024-11-17,2024-12-17,closed,2024-12-26,39,9,False,False,average_payer
INV13002355,B013,B013-C1086,IT Client 086,IT & Business Services,30,23745.02,2024-11-25,2024-12-25,disputed_open,,,,False,False,average_payer
INV13002356,B013,B013-C1086,IT Client 086,IT & Business Services,30,35036.46,2024-12-02,2025-01-01,closed,2025-01-16,45,15,False,False,average_payer
INV13002357,B013,B013-C1086,IT Client 086,IT & Business Services,30,29918.32,2024-12-23,2025-01-22,closed,2025-01-31,39,9,False,False,average_payer
INV13002358,B013,B013-C1086,IT Client 086,IT & Business Services,30,30894.18,2025-01-06,2025-02-05,closed,2025-02-09,34,4,False,False,average_payer
INV13002359,B013,B013-C1086,IT Client 086,IT & Business Services,30,28612.65,2025-01-13,2025-02-12,closed,2025-02-06,24,-6,False,False,average_payer
INV13002360,B013,B013-C1086,IT Client 086,IT & Business Services,30,42847.84,2025-01-16,2025-02-15,closed,2025-02-19,34,4,False,False,average_payer
INV13002361,B013,B013-C1086,IT Client 086,IT & Business Services,30,28968.3,2025-02-15,2025-03-17,closed,2025-03-22,35,5,False,False,average_payer
INV13002362,B013,B013-C1086,IT Client 086,IT & Business Services,30,23755.08,2025-02-16,2025-03-18,closed,2025-03-26,38,8,False,False,average_payer
INV13002363,B013,B013-C1086,IT Client 086,IT & Business Services,30,24376.69,2025-02-19,2025-03-21,closed,2025-03-20,29,-1,False,False,average_payer
INV13002364,B013,B013-C1086,IT Client 086,IT & Business Services,30,38056.27,2025-04-01,2025-05-01,closed,2025-05-08,37,7,False,False,average_payer
INV13002365,B013,B013-C1086,IT Client 086,IT & Business Services,30,28101.04,2025-04-27,2025-05-27,closed,2025-05-28,31,1,False,False,average_payer
INV13002366,B013,B013-C1086,IT Client 086,IT & Business Services,30,21292.63,2025-06-09,2025-07-09,closed,2025-07-17,38,8,False,False,average_payer
INV13002367,B013,B013-C1086,IT Client 086,IT & Business Services,30,148433.3,2025-07-03,2025-08-02,closed,2025-08-05,33,3,False,True,average_payer
INV13002368,B013,B013-C1086,IT Client 086,IT & Business Services,30,22007.35,2025-07-16,2025-08-15,closed,2025-08-19,34,4,False,False,average_payer
INV13002369,B013,B013-C1086,IT Client 086,IT & Business Services,30,25924.25,2025-07-27,2025-08-26,closed,2025-09-04,39,9,False,False,average_payer
INV13002370,B013,B013-C1086,IT Client 086,IT & Business Services,30,15435.94,2025-08-04,2025-09-03,closed,2025-09-14,41,11,False,False,average_payer
INV13002371,B013,B013-C1086,IT Client 086,IT & Business Services,30,15604.64,2025-08-24,2025-09-23,closed,2025-09-28,35,5,False,False,average_payer
INV13002372,B013,B013-C1086,IT Client 086,IT & Business Services,30,22510.45,2025-08-31,2025-09-30,closed,2025-10-03,33,3,False,False,average_payer
INV13002373,B013,B013-C1086,IT Client 086,IT & Business Services,30,21747.16,2025-09-05,2025-10-05,closed,2025-10-02,27,-3,False,False,average_payer
INV13002374,B013,B013-C1086,IT Client 086,IT & Business Services,30,132778.57,2025-09-13,2025-10-13,closed,2025-10-16,33,3,False,True,average_payer
INV13002375,B013,B013-C1086,IT Client 086,IT & Business Services,30,24655.18,2025-09-14,2025-10-14,closed,2025-10-14,30,0,False,False,average_payer
INV13002376,B013,B013-C1086,IT Client 086,IT & Business Services,30,47987.98,2025-09-18,2025-10-18,closed,2025-11-06,49,19,False,False,average_payer
INV13002377,B013,B013-C1086,IT Client 086,IT & Business Services,30,160616.97,2025-09-21,2025-10-21,closed,2025-10-27,36,6,False,True,average_payer
INV13002378,B013,B013-C1086,IT Client 086,IT & Business Services,30,29511.33,2025-11-13,2025-12-13,closed,2025-12-28,45,15,False,False,average_payer
INV13002379,B013,B013-C1086,IT Client 086,IT & Business Services,30,33538.27,2025-12-25,2026-01-24,closed,2026-01-28,34,4,False,False,average_payer
INV13002380,B013,B013-C1086,IT Client 086,IT & Business Services,30,34079.35,2026-01-31,2026-03-02,closed,2026-03-14,42,12,False,False,average_payer
INV13002381,B013,B013-C1086,IT Client 086,IT & Business Services,30,44171.03,2026-03-02,2026-04-01,closed,2026-03-29,27,-3,False,False,average_payer
INV13002382,B013,B013-C1086,IT Client 086,IT & Business Services,30,19517.38,2026-04-02,2026-05-02,closed,2026-05-15,43,13,False,False,average_payer
INV13002383,B013,B013-C1086,IT Client 086,IT & Business Services,30,48611.71,2026-04-15,2026-05-15,disputed_open,,,,False,False,average_payer
INV13002384,B013,B013-C1086,IT Client 086,IT & Business Services,30,19525.4,2026-05-14,2026-06-13,closed,2026-06-27,44,14,False,False,average_payer
INV13002385,B013,B013-C1086,IT Client 086,IT & Business Services,30,22661.71,2026-05-23,2026-06-22,closed,2026-06-16,24,-6,False,False,average_payer
INV13002386,B013,B013-C1086,IT Client 086,IT & Business Services,30,27581.09,2026-05-29,2026-06-28,closed,2026-07-03,35,5,False,False,average_payer
INV13002387,B013,B013-C1086,IT Client 086,IT & Business Services,30,31499.29,2026-06-12,2026-07-12,closed,2026-07-09,27,-3,True,False,average_payer
INV13002388,B013,B013-C1086,IT Client 086,IT & Business Services,30,30330.32,2026-07-17,2026-08-16,closed,2026-08-18,32,2,False,False,average_payer
INV13002389,B013,B013-C1086,IT Client 086,IT & Business Services,30,47110.51,2026-07-24,2026-08-23,closed,2026-08-29,36,6,False,False,average_payer
INV13002390,B013,B013-C1086,IT Client 086,IT & Business Services,30,30464.81,2026-07-26,2026-08-25,open,,,,False,False,average_payer
INV13002391,B013,B013-C1086,IT Client 086,IT & Business Services,30,26878.26,2026-08-14,2026-09-13,disputed_open,,,,False,False,average_payer
INV13002392,B013,B013-C1086,IT Client 086,IT & Business Services,30,33362.13,2026-08-30,2026-09-29,open,,,,False,False,average_payer
INV13002393,B013,B013-C1087,Construction Client 087,Construction & Infra,30,86119.5,2025-05-30,2025-06-29,closed,2025-07-18,49,19,False,False,cold_start
INV13002394,B013,B013-C1087,Construction Client 087,Construction & Infra,30,96793.85,2025-07-01,2025-07-31,closed,2025-08-16,46,16,False,False,cold_start
INV13002395,B013,B013-C1087,Construction Client 087,Construction & Infra,30,102008.3,2025-07-11,2025-08-10,closed,2025-08-12,32,2,False,False,cold_start
INV13002396,B013,B013-C1088,IT Client 088,IT & Business Services,45,31842.93,2024-03-22,2024-05-06,closed,2024-05-01,40,-5,False,False,average_payer
INV13002397,B013,B013-C1088,IT Client 088,IT & Business Services,45,52044.24,2024-04-03,2024-05-18,closed,2024-05-20,47,2,False,False,average_payer
INV13002398,B013,B013-C1088,IT Client 088,IT & Business Services,45,23536.5,2024-06-06,2024-07-21,closed,2024-07-31,55,10,False,False,average_payer
INV13002399,B013,B013-C1088,IT Client 088,IT & Business Services,45,32459.71,2024-06-24,2024-08-08,closed,2024-08-20,57,12,False,False,average_payer
INV13002400,B013,B013-C1088,IT Client 088,IT & Business Services,45,28144.2,2024-08-23,2024-10-07,closed,2024-09-28,36,-9,False,False,average_payer
INV13002401,B013,B013-C1088,IT Client 088,IT & Business Services,45,22773.04,2024-10-01,2024-11-15,closed,2024-11-20,50,5,False,False,average_payer
INV13002402,B013,B013-C1088,IT Client 088,IT & Business Services,45,44880.85,2024-11-19,2025-01-03,closed,2024-12-29,40,-5,False,False,average_payer
INV13002403,B013,B013-C1088,IT Client 088,IT & Business Services,45,39812.07,2024-12-09,2025-01-23,closed,2025-02-06,59,14,False,False,average_payer
INV13002404,B013,B013-C1088,IT Client 088,IT & Business Services,45,37254.12,2024-12-16,2025-01-30,closed,2025-01-31,46,1,False,False,average_payer
INV13002405,B013,B013-C1088,IT Client 088,IT & Business Services,45,22255.58,2025-01-23,2025-03-09,closed,2025-03-14,50,5,False,False,average_payer
INV13002406,B013,B013-C1088,IT Client 088,IT & Business Services,45,45360.09,2025-01-27,2025-03-13,closed,2025-03-16,48,3,False,False,average_payer
INV13002407,B013,B013-C1088,IT Client 088,IT & Business Services,45,47488.57,2025-02-01,2025-03-18,closed,2025-03-24,51,6,False,False,average_payer
INV13002408,B013,B013-C1088,IT Client 088,IT & Business Services,45,49405.8,2025-02-03,2025-03-20,closed,2025-03-20,45,0,False,False,average_payer
INV13002409,B013,B013-C1088,IT Client 088,IT & Business Services,45,51013.33,2025-02-07,2025-03-24,closed,2025-04-01,53,8,True,False,average_payer
INV13002410,B013,B013-C1088,IT Client 088,IT & Business Services,45,49283.5,2025-03-06,2025-04-20,closed,2025-05-01,56,11,False,False,average_payer
INV13002411,B013,B013-C1088,IT Client 088,IT & Business Services,45,35868.96,2025-05-30,2025-07-14,closed,2025-07-27,58,13,False,False,average_payer
INV13002412,B013,B013-C1088,IT Client 088,IT & Business Services,45,77905.76,2025-06-06,2025-07-21,closed,2025-08-04,59,14,False,False,average_payer
INV13002413,B013,B013-C1088,IT Client 088,IT & Business Services,45,35411.42,2025-06-06,2025-07-21,closed,2025-07-31,55,10,False,False,average_payer
INV13002414,B013,B013-C1088,IT Client 088,IT & Business Services,45,49831.49,2025-07-13,2025-08-27,closed,2025-09-04,53,8,False,False,average_payer
INV13002415,B013,B013-C1088,IT Client 088,IT & Business Services,45,41529.1,2025-08-23,2025-10-07,closed,2025-10-07,45,0,False,False,average_payer
INV13002416,B013,B013-C1088,IT Client 088,IT & Business Services,45,56705.82,2025-09-04,2025-10-19,closed,2025-10-19,45,0,False,False,average_payer
INV13002417,B013,B013-C1088,IT Client 088,IT & Business Services,45,46803.06,2025-12-09,2026-01-23,closed,2026-02-04,57,12,False,False,average_payer
INV13002418,B013,B013-C1088,IT Client 088,IT & Business Services,45,35204.38,2026-01-08,2026-02-22,closed,2026-02-28,51,6,False,False,average_payer
INV13002419,B013,B013-C1088,IT Client 088,IT & Business Services,45,41984.52,2026-01-12,2026-02-26,closed,2026-03-07,54,9,False,False,average_payer
INV13002420,B013,B013-C1088,IT Client 088,IT & Business Services,45,41354.68,2026-02-08,2026-03-25,closed,2026-03-19,39,-6,False,False,average_payer
INV13002421,B013,B013-C1088,IT Client 088,IT & Business Services,45,82704.92,2026-03-09,2026-04-23,closed,2026-04-13,35,-10,False,False,average_payer
INV13002422,B013,B013-C1088,IT Client 088,IT & Business Services,45,26265.99,2026-04-15,2026-05-30,closed,2026-05-27,42,-3,False,False,average_payer
INV13002423,B013,B013-C1088,IT Client 088,IT & Business Services,45,25901.54,2026-04-28,2026-06-12,closed,2026-06-10,43,-2,False,False,average_payer
INV13002424,B013,B013-C1088,IT Client 088,IT & Business Services,45,35709.47,2026-05-08,2026-06-22,closed,2026-06-30,53,8,True,False,average_payer
INV13002425,B013,B013-C1088,IT Client 088,IT & Business Services,45,64367.56,2026-07-19,2026-09-02,closed,2026-09-02,45,0,False,False,average_payer
INV13002426,B013,B013-C1088,IT Client 088,IT & Business Services,45,38795.28,2026-08-02,2026-09-16,open,,,,False,False,average_payer
INV13002427,B013,B013-C1088,IT Client 088,IT & Business Services,45,28271.04,2026-08-25,2026-10-09,open,,,,False,False,average_payer
INV13002428,B013,B013-C1089,Construction Client 089,Construction & Infra,30,70855.13,2024-07-25,2024-08-24,closed,2024-08-26,32,2,False,False,cold_start
INV13002429,B013,B013-C1089,Construction Client 089,Construction & Infra,30,58340.35,2026-05-23,2026-06-22,closed,2026-06-20,28,-2,False,False,cold_start
INV13002430,B013,B013-C1090,Chemicals Client 090,Chemicals & Plastics,30,110531.67,2024-04-13,2024-05-13,closed,2024-05-19,36,6,False,False,prompt_payer
INV13002431,B013,B013-C1090,Chemicals Client 090,Chemicals & Plastics,30,154280.47,2024-04-15,2024-05-15,closed,2024-05-21,36,6,False,False,prompt_payer
INV13002432,B013,B013-C1090,Chemicals Client 090,Chemicals & Plastics,30,343766.83,2024-06-11,2024-07-11,closed,2024-07-07,26,-4,False,True,prompt_payer
INV13002433,B013,B013-C1090,Chemicals Client 090,Chemicals & Plastics,30,47150.01,2024-08-02,2024-09-01,closed,2024-08-28,26,-4,False,False,prompt_payer
INV13002434,B013,B013-C1090,Chemicals Client 090,Chemicals & Plastics,30,80559.3,2024-08-04,2024-09-03,closed,2024-08-31,27,-3,False,False,prompt_payer
INV13002435,B013,B013-C1090,Chemicals Client 090,Chemicals & Plastics,30,53121.42,2024-08-23,2024-09-22,closed,2024-09-26,34,4,False,False,prompt_payer
INV13002436,B013,B013-C1090,Chemicals Client 090,Chemicals & Plastics,30,78929.73,2024-09-20,2024-10-20,closed,2024-10-20,30,0,False,False,prompt_payer
INV13002437,B013,B013-C1090,Chemicals Client 090,Chemicals & Plastics,30,76483.98,2024-10-09,2024-11-08,closed,2024-11-08,30,0,False,False,prompt_payer
INV13002438,B013,B013-C1090,Chemicals Client 090,Chemicals & Plastics,30,98004.92,2024-10-16,2024-11-15,closed,2024-11-16,31,1,False,False,prompt_payer
INV13002439,B013,B013-C1090,Chemicals Client 090,Chemicals & Plastics,30,81668.66,2024-10-18,2024-11-17,closed,2024-11-15,28,-2,False,False,prompt_payer
INV13002440,B013,B013-C1090,Chemicals Client 090,Chemicals & Plastics,30,62358.5,2024-10-27,2024-11-26,closed,2024-11-17,21,-9,False,False,prompt_payer
INV13002441,B013,B013-C1090,Chemicals Client 090,Chemicals & Plastics,30,55171.14,2024-11-08,2024-12-08,closed,2024-12-16,38,8,False,False,prompt_payer
INV13002442,B013,B013-C1090,Chemicals Client 090,Chemicals & Plastics,30,87465.28,2024-11-26,2024-12-26,closed,2024-12-27,31,1,False,False,prompt_payer
INV13002443,B013,B013-C1090,Chemicals Client 090,Chemicals & Plastics,30,126021.33,2024-12-24,2025-01-23,closed,2025-01-27,34,4,False,False,prompt_payer
INV13002444,B013,B013-C1090,Chemicals Client 090,Chemicals & Plastics,30,101377.26,2024-12-24,2025-01-23,closed,2025-01-24,31,1,False,False,prompt_payer
INV13002445,B013,B013-C1090,Chemicals Client 090,Chemicals & Plastics,30,121911.12,2024-12-26,2025-01-25,closed,2025-01-28,33,3,False,False,prompt_payer
INV13002446,B013,B013-C1090,Chemicals Client 090,Chemicals & Plastics,30,72076.23,2025-01-16,2025-02-15,closed,2025-02-16,31,1,False,False,prompt_payer
INV13002447,B013,B013-C1090,Chemicals Client 090,Chemicals & Plastics,30,50583.33,2025-02-03,2025-03-05,closed,2025-03-01,26,-4,False,False,prompt_payer
INV13002448,B013,B013-C1090,Chemicals Client 090,Chemicals & Plastics,30,116988.68,2025-02-15,2025-03-17,closed,2025-03-19,32,2,False,False,prompt_payer
INV13002449,B013,B013-C1090,Chemicals Client 090,Chemicals & Plastics,30,127485.82,2025-02-15,2025-03-17,closed,2025-03-20,33,3,False,False,prompt_payer
INV13002450,B013,B013-C1090,Chemicals Client 090,Chemicals & Plastics,30,54929.02,2025-03-01,2025-03-31,closed,2025-04-02,32,2,False,False,prompt_payer
INV13002451,B013,B013-C1090,Chemicals Client 090,Chemicals & Plastics,30,89360.1,2025-06-14,2025-07-14,closed,2025-07-17,33,3,False,False,prompt_payer
INV13002452,B013,B013-C1090,Chemicals Client 090,Chemicals & Plastics,30,97250.23,2025-06-15,2025-07-15,closed,2025-07-22,37,7,False,False,prompt_payer
INV13002453,B013,B013-C1090,Chemicals Client 090,Chemicals & Plastics,30,126429.04,2025-07-04,2025-08-03,closed,2025-08-06,33,3,False,False,prompt_payer
INV13002454,B013,B013-C1090,Chemicals Client 090,Chemicals & Plastics,30,90634.7,2025-07-26,2025-08-25,closed,2025-08-27,32,2,False,False,prompt_payer
INV13002455,B013,B013-C1090,Chemicals Client 090,Chemicals & Plastics,30,104536.26,2025-10-04,2025-11-03,closed,2025-11-04,31,1,False,False,prompt_payer
INV13002456,B013,B013-C1090,Chemicals Client 090,Chemicals & Plastics,30,99903.5,2025-11-12,2025-12-12,closed,2025-12-11,29,-1,False,False,prompt_payer
INV13002457,B013,B013-C1090,Chemicals Client 090,Chemicals & Plastics,30,111244.61,2025-11-26,2025-12-26,closed,2025-12-27,31,1,False,False,prompt_payer
INV13002458,B013,B013-C1090,Chemicals Client 090,Chemicals & Plastics,30,39665.69,2025-12-04,2026-01-03,closed,2026-01-09,36,6,False,False,prompt_payer
INV13002459,B013,B013-C1090,Chemicals Client 090,Chemicals & Plastics,30,66024.8,2025-12-22,2026-01-21,closed,2026-01-23,32,2,False,False,prompt_payer
INV13002460,B013,B013-C1090,Chemicals Client 090,Chemicals & Plastics,30,75172.17,2026-01-15,2026-02-14,closed,2026-02-20,36,6,False,False,prompt_payer
INV13002461,B013,B013-C1090,Chemicals Client 090,Chemicals & Plastics,30,99242.36,2026-01-31,2026-03-02,closed,2026-02-24,24,-6,False,False,prompt_payer
INV13002462,B013,B013-C1090,Chemicals Client 090,Chemicals & Plastics,30,41483.82,2026-02-26,2026-03-28,closed,2026-03-23,25,-5,False,False,prompt_payer
INV13002463,B013,B013-C1090,Chemicals Client 090,Chemicals & Plastics,30,213597.02,2026-03-10,2026-04-09,closed,2026-04-15,36,6,False,True,prompt_payer
INV13002464,B013,B013-C1090,Chemicals Client 090,Chemicals & Plastics,30,54022.11,2026-03-23,2026-04-22,closed,2026-04-24,32,2,False,False,prompt_payer
INV13002465,B013,B013-C1090,Chemicals Client 090,Chemicals & Plastics,30,110566.14,2026-04-04,2026-05-04,closed,2026-05-06,32,2,False,False,prompt_payer
INV13002466,B013,B013-C1090,Chemicals Client 090,Chemicals & Plastics,30,74672.81,2026-05-09,2026-06-08,closed,2026-06-12,34,4,True,False,prompt_payer
INV13002467,B013,B013-C1090,Chemicals Client 090,Chemicals & Plastics,30,92326.41,2026-05-25,2026-06-24,closed,2026-06-29,35,5,False,False,prompt_payer
INV13002468,B013,B013-C1090,Chemicals Client 090,Chemicals & Plastics,30,105834.63,2026-07-01,2026-07-31,closed,2026-08-01,31,1,False,False,prompt_payer
INV13002469,B013,B013-C1090,Chemicals Client 090,Chemicals & Plastics,30,53590.53,2026-07-05,2026-08-04,closed,2026-07-31,26,-4,False,False,prompt_payer
INV13002470,B013,B013-C1090,Chemicals Client 090,Chemicals & Plastics,30,104557.11,2026-08-16,2026-09-15,open,,,,False,False,prompt_payer
INV13002471,B013,B013-C1090,Chemicals Client 090,Chemicals & Plastics,30,48632.48,2026-08-20,2026-09-19,open,,,,False,False,prompt_payer
INV13002472,B013,B013-C1090,Chemicals Client 090,Chemicals & Plastics,30,91949.71,2026-08-24,2026-09-23,open,,,,False,False,prompt_payer
INV13002473,B013,B013-C1090,Chemicals Client 090,Chemicals & Plastics,30,118425.88,2026-08-30,2026-09-29,disputed_open,,,,False,False,prompt_payer
INV13002474,B013,B013-C1091,Chemicals Client 091,Chemicals & Plastics,45,48482.82,2024-09-01,2024-10-16,closed,2024-10-16,45,0,False,False,cold_start
INV13002475,B013,B013-C1091,Chemicals Client 091,Chemicals & Plastics,45,65953.08,2025-06-08,2025-07-23,closed,2025-08-16,69,24,False,False,cold_start
INV13002476,B013,B013-C1092,Textiles Client 092,Textiles & Apparel,45,8448.74,2025-04-08,2025-05-23,closed,2025-05-13,35,-10,False,False,cold_start
INV13002477,B013,B013-C1092,Textiles Client 092,Textiles & Apparel,45,6707.88,2026-05-28,2026-07-12,closed,2026-07-11,44,-1,False,False,cold_start
INV13002478,B013,B013-C1092,Textiles Client 092,Textiles & Apparel,45,5708.52,2026-06-15,2026-07-30,closed,2026-07-20,35,-10,False,False,cold_start
INV13002479,B013,B013-C1093,Auto Client 093,Auto Components,45,13130.3,2024-03-16,2024-04-30,closed,2024-04-23,38,-7,False,False,prompt_payer
INV13002480,B013,B013-C1093,Auto Client 093,Auto Components,45,11526.8,2024-03-31,2024-05-15,closed,2024-05-15,45,0,False,False,prompt_payer
INV13002481,B013,B013-C1093,Auto Client 093,Auto Components,45,13552.25,2024-04-12,2024-05-27,closed,2024-05-30,48,3,False,False,prompt_payer
INV13002482,B013,B013-C1093,Auto Client 093,Auto Components,45,23834.27,2024-04-19,2024-06-03,closed,2024-06-04,46,1,False,False,prompt_payer
INV13002483,B013,B013-C1093,Auto Client 093,Auto Components,45,10893.42,2024-05-17,2024-07-01,closed,2024-07-04,48,3,False,False,prompt_payer
INV13002484,B013,B013-C1093,Auto Client 093,Auto Components,45,8425.05,2024-06-22,2024-08-06,closed,2024-08-10,49,4,False,False,prompt_payer
INV13002485,B013,B013-C1093,Auto Client 093,Auto Components,45,11981.93,2024-06-28,2024-08-12,closed,2024-08-21,54,9,False,False,prompt_payer
INV13002486,B013,B013-C1093,Auto Client 093,Auto Components,45,14713.38,2024-07-21,2024-09-04,closed,2024-09-09,50,5,False,False,prompt_payer
INV13002487,B013,B013-C1093,Auto Client 093,Auto Components,45,11645.57,2024-09-13,2024-10-28,closed,2024-10-31,48,3,False,False,prompt_payer
INV13002488,B013,B013-C1093,Auto Client 093,Auto Components,45,21633.85,2024-10-21,2024-12-05,closed,2024-11-28,38,-7,False,False,prompt_payer
INV13002489,B013,B013-C1093,Auto Client 093,Auto Components,45,11728.97,2024-12-11,2025-01-25,closed,2025-01-20,40,-5,False,False,prompt_payer
INV13002490,B013,B013-C1093,Auto Client 093,Auto Components,45,9807.53,2024-12-19,2025-02-02,closed,2025-01-31,43,-2,False,False,prompt_payer
INV13002491,B013,B013-C1093,Auto Client 093,Auto Components,45,15361.62,2025-02-13,2025-03-30,closed,2025-03-28,43,-2,False,False,prompt_payer
INV13002492,B013,B013-C1093,Auto Client 093,Auto Components,45,11634.3,2025-06-12,2025-07-27,closed,2025-07-24,42,-3,False,False,prompt_payer
INV13002493,B013,B013-C1093,Auto Client 093,Auto Components,45,10762.25,2025-06-14,2025-07-29,closed,2025-08-04,51,6,False,False,prompt_payer
INV13002494,B013,B013-C1093,Auto Client 093,Auto Components,45,16734.9,2025-07-22,2025-09-05,closed,2025-09-07,47,2,True,False,prompt_payer
INV13002495,B013,B013-C1093,Auto Client 093,Auto Components,45,13525.24,2025-08-05,2025-09-19,closed,2025-09-20,46,1,False,False,prompt_payer
INV13002496,B013,B013-C1093,Auto Client 093,Auto Components,45,14904.66,2025-10-05,2025-11-19,closed,2025-11-18,44,-1,False,False,prompt_payer
INV13002497,B013,B013-C1093,Auto Client 093,Auto Components,45,15037.46,2025-11-13,2025-12-28,closed,2026-01-03,51,6,False,False,prompt_payer
INV13002498,B013,B013-C1093,Auto Client 093,Auto Components,45,13704.25,2026-06-16,2026-07-31,closed,2026-08-09,54,9,False,False,prompt_payer
INV13002499,B013,B013-C1094,IT Client 094,IT & Business Services,90,128222.46,2024-03-18,2024-06-16,closed,2024-06-15,89,-1,False,True,prompt_payer
INV13002500,B013,B013-C1094,IT Client 094,IT & Business Services,90,45777.59,2024-03-18,2024-06-16,closed,2024-06-15,89,-1,False,False,prompt_payer
INV13002501,B013,B013-C1094,IT Client 094,IT & Business Services,90,61970.7,2024-03-19,2024-06-17,closed,2024-06-24,97,7,False,False,prompt_payer
INV13002502,B013,B013-C1094,IT Client 094,IT & Business Services,90,29232.19,2024-03-28,2024-06-26,closed,2024-06-27,91,1,False,False,prompt_payer
INV13002503,B013,B013-C1094,IT Client 094,IT & Business Services,90,23811.55,2024-05-07,2024-08-05,closed,2024-08-04,89,-1,False,False,prompt_payer
INV13002504,B013,B013-C1094,IT Client 094,IT & Business Services,90,37253.21,2024-07-11,2024-10-09,closed,2024-10-15,96,6,True,False,prompt_payer
INV13002505,B013,B013-C1094,IT Client 094,IT & Business Services,90,53338.86,2024-07-15,2024-10-13,closed,2024-10-15,92,2,False,False,prompt_payer
INV13002506,B013,B013-C1094,IT Client 094,IT & Business Services,90,25364.98,2024-09-26,2024-12-25,closed,2024-12-25,90,0,False,False,prompt_payer
INV13002507,B013,B013-C1094,IT Client 094,IT & Business Services,90,170966.93,2024-10-03,2025-01-01,closed,2024-12-31,89,-1,False,True,prompt_payer
INV13002508,B013,B013-C1094,IT Client 094,IT & Business Services,90,38412.06,2024-11-15,2025-02-13,closed,2025-02-11,88,-2,False,False,prompt_payer
INV13002509,B013,B013-C1094,IT Client 094,IT & Business Services,90,39035.62,2025-01-15,2025-04-15,closed,2025-04-09,84,-6,False,False,prompt_payer
INV13002510,B013,B013-C1094,IT Client 094,IT & Business Services,90,31723.64,2025-01-25,2025-04-25,closed,2025-04-24,89,-1,False,False,prompt_payer
INV13002511,B013,B013-C1094,IT Client 094,IT & Business Services,90,57712.93,2025-03-30,2025-06-28,closed,2025-06-23,85,-5,False,False,prompt_payer
INV13002512,B013,B013-C1094,IT Client 094,IT & Business Services,90,37044.87,2025-04-16,2025-07-15,closed,2025-07-20,95,5,False,False,prompt_payer
INV13002513,B013,B013-C1094,IT Client 094,IT & Business Services,90,76785.93,2025-05-24,2025-08-22,closed,2025-08-19,87,-3,False,False,prompt_payer
INV13002514,B013,B013-C1094,IT Client 094,IT & Business Services,90,40892.38,2025-05-27,2025-08-25,closed,2025-08-24,89,-1,False,False,prompt_payer
INV13002515,B013,B013-C1094,IT Client 094,IT & Business Services,90,77235.87,2025-07-21,2025-10-19,closed,2025-10-23,94,4,False,False,prompt_payer
INV13002516,B013,B013-C1094,IT Client 094,IT & Business Services,90,35979.32,2025-08-03,2025-11-01,closed,2025-11-04,93,3,False,False,prompt_payer
INV13002517,B013,B013-C1094,IT Client 094,IT & Business Services,90,23139.26,2025-12-15,2026-03-15,closed,2026-03-21,96,6,False,False,prompt_payer
INV13002518,B013,B013-C1094,IT Client 094,IT & Business Services,90,30103.27,2026-01-12,2026-04-12,closed,2026-04-11,89,-1,False,False,prompt_payer
INV13002519,B013,B013-C1094,IT Client 094,IT & Business Services,90,48664.72,2026-01-13,2026-04-13,closed,2026-04-18,95,5,False,False,prompt_payer
INV13002520,B013,B013-C1094,IT Client 094,IT & Business Services,90,27743.75,2026-03-22,2026-06-20,closed,2026-06-15,85,-5,False,False,prompt_payer
INV13002521,B013,B013-C1094,IT Client 094,IT & Business Services,90,50426.69,2026-04-15,2026-07-14,closed,2026-07-14,90,0,False,False,prompt_payer
INV13002522,B013,B013-C1094,IT Client 094,IT & Business Services,90,46799.65,2026-05-15,2026-08-13,closed,2026-08-16,93,3,False,False,prompt_payer
INV13002523,B013,B013-C1095,Pharma Client 095,Pharma & Healthcare,60,227824.37,2024-03-17,2024-05-16,closed,2024-07-07,112,52,False,False,chronic_late_payer
INV13002524,B013,B013-C1095,Pharma Client 095,Pharma & Healthcare,60,435014.39,2024-03-19,2024-05-18,closed,2024-06-25,98,38,False,False,chronic_late_payer
INV13002525,B013,B013-C1095,Pharma Client 095,Pharma & Healthcare,60,203451.85,2024-04-24,2024-06-23,closed,2024-07-24,91,31,False,False,chronic_late_payer
INV13002526,B013,B013-C1095,Pharma Client 095,Pharma & Healthcare,60,293143.94,2024-06-15,2024-08-14,closed,2024-10-05,112,52,False,False,chronic_late_payer
INV13002527,B013,B013-C1095,Pharma Client 095,Pharma & Healthcare,60,242416.64,2024-08-04,2024-10-03,closed,2024-11-04,92,32,False,False,chronic_late_payer
INV13002528,B013,B013-C1095,Pharma Client 095,Pharma & Healthcare,60,353012.5,2024-08-08,2024-10-07,closed,2024-11-13,97,37,False,False,chronic_late_payer
INV13002529,B013,B013-C1095,Pharma Client 095,Pharma & Healthcare,60,267627.43,2024-08-09,2024-10-08,closed,2024-11-17,100,40,False,False,chronic_late_payer
INV13002530,B013,B013-C1095,Pharma Client 095,Pharma & Healthcare,60,249899.18,2024-08-14,2024-10-13,closed,2024-11-13,91,31,False,False,chronic_late_payer
INV13002531,B013,B013-C1095,Pharma Client 095,Pharma & Healthcare,60,194042.29,2024-09-20,2024-11-19,closed,2024-12-14,85,25,False,False,chronic_late_payer
INV13002532,B013,B013-C1095,Pharma Client 095,Pharma & Healthcare,60,179641.5,2024-09-30,2024-11-29,closed,2025-01-05,97,37,False,False,chronic_late_payer
INV13002533,B013,B013-C1095,Pharma Client 095,Pharma & Healthcare,60,217189.22,2024-09-30,2024-11-29,closed,2025-01-22,114,54,False,False,chronic_late_payer
INV13002534,B013,B013-C1095,Pharma Client 095,Pharma & Healthcare,60,139011.14,2024-10-30,2024-12-29,closed,2025-01-12,74,14,False,False,chronic_late_payer
INV13002535,B013,B013-C1095,Pharma Client 095,Pharma & Healthcare,60,249408.67,2024-11-12,2025-01-11,closed,2025-02-16,96,36,False,False,chronic_late_payer
INV13002536,B013,B013-C1095,Pharma Client 095,Pharma & Healthcare,60,145926.3,2024-11-13,2025-01-12,closed,2025-02-20,99,39,False,False,chronic_late_payer
INV13002537,B013,B013-C1095,Pharma Client 095,Pharma & Healthcare,60,351881.99,2024-12-30,2025-02-28,closed,2025-04-20,111,51,False,False,chronic_late_payer
INV13002538,B013,B013-C1095,Pharma Client 095,Pharma & Healthcare,60,251190.92,2025-01-18,2025-03-19,closed,2025-05-15,117,57,False,False,chronic_late_payer
INV13002539,B013,B013-C1095,Pharma Client 095,Pharma & Healthcare,60,221875.67,2026-01-07,2026-03-08,closed,2026-03-22,74,14,False,False,chronic_late_payer
INV13002540,B013,B013-C1095,Pharma Client 095,Pharma & Healthcare,60,381765.39,2026-04-24,2026-06-23,disputed_open,,,,False,False,chronic_late_payer
INV13002541,B013,B013-C1095,Pharma Client 095,Pharma & Healthcare,60,213783.89,2026-07-28,2026-09-26,open,,,,False,False,chronic_late_payer
INV13002542,B013,B013-C1096,FMCG Client 096,FMCG & Food Processing,60,200931.65,2024-05-25,2024-07-24,closed,2024-07-26,62,2,False,False,average_payer
INV13002543,B013,B013-C1096,FMCG Client 096,FMCG & Food Processing,60,216261.66,2024-05-29,2024-07-28,closed,2024-08-06,69,9,True,False,average_payer
INV13002544,B013,B013-C1096,FMCG Client 096,FMCG & Food Processing,60,152414.1,2024-07-08,2024-09-06,closed,2024-09-06,60,0,False,False,average_payer
INV13002545,B013,B013-C1096,FMCG Client 096,FMCG & Food Processing,60,225921.73,2024-07-10,2024-09-08,closed,2024-09-13,65,5,False,False,average_payer
INV13002546,B013,B013-C1096,FMCG Client 096,FMCG & Food Processing,60,213072.05,2024-07-23,2024-09-21,closed,2024-10-08,77,17,False,False,average_payer
INV13002547,B013,B013-C1096,FMCG Client 096,FMCG & Food Processing,60,152266.3,2024-07-27,2024-09-25,closed,2024-09-27,62,2,False,False,average_payer
INV13002548,B013,B013-C1096,FMCG Client 096,FMCG & Food Processing,60,211842.63,2024-08-11,2024-10-10,closed,2024-10-23,73,13,False,False,average_payer
INV13002549,B013,B013-C1096,FMCG Client 096,FMCG & Food Processing,60,178688.99,2024-09-03,2024-11-02,closed,2024-11-07,65,5,False,False,average_payer
INV13002550,B013,B013-C1096,FMCG Client 096,FMCG & Food Processing,60,114723.61,2024-09-18,2024-11-17,closed,2024-11-30,73,13,False,False,average_payer
INV13002551,B013,B013-C1096,FMCG Client 096,FMCG & Food Processing,60,185483.37,2024-11-03,2025-01-02,closed,2024-12-31,58,-2,False,False,average_payer
INV13002552,B013,B013-C1096,FMCG Client 096,FMCG & Food Processing,60,125626.65,2024-11-21,2025-01-20,closed,2025-01-19,59,-1,False,False,average_payer
INV13002553,B013,B013-C1096,FMCG Client 096,FMCG & Food Processing,60,183298.49,2024-12-24,2025-02-22,closed,2025-02-26,64,4,False,False,average_payer
INV13002554,B013,B013-C1096,FMCG Client 096,FMCG & Food Processing,60,183421.29,2025-01-07,2025-03-08,closed,2025-03-09,61,1,False,False,average_payer
INV13002555,B013,B013-C1096,FMCG Client 096,FMCG & Food Processing,60,280764.58,2025-01-12,2025-03-13,closed,2025-03-20,67,7,False,False,average_payer
INV13002556,B013,B013-C1096,FMCG Client 096,FMCG & Food Processing,60,247617.76,2025-04-06,2025-06-05,closed,2025-06-07,62,2,False,False,average_payer
INV13002557,B013,B013-C1096,FMCG Client 096,FMCG & Food Processing,60,179919.15,2025-05-06,2025-07-05,closed,2025-07-14,69,9,False,False,average_payer
INV13002558,B013,B013-C1096,FMCG Client 096,FMCG & Food Processing,60,236240.46,2025-05-08,2025-07-07,closed,2025-07-14,67,7,False,False,average_payer
INV13002559,B013,B013-C1096,FMCG Client 096,FMCG & Food Processing,60,258706.35,2025-05-19,2025-07-18,closed,2025-07-27,69,9,False,False,average_payer
INV13002560,B013,B013-C1096,FMCG Client 096,FMCG & Food Processing,60,129426.89,2025-06-20,2025-08-19,closed,2025-08-21,62,2,False,False,average_payer
INV13002561,B013,B013-C1096,FMCG Client 096,FMCG & Food Processing,60,277866.14,2025-06-23,2025-08-22,closed,2025-08-28,66,6,False,False,average_payer
INV13002562,B013,B013-C1096,FMCG Client 096,FMCG & Food Processing,60,193909.78,2025-07-10,2025-09-08,closed,2025-09-11,63,3,False,False,average_payer
INV13002563,B013,B013-C1096,FMCG Client 096,FMCG & Food Processing,60,194173.29,2025-07-17,2025-09-15,open,,,,False,False,average_payer
INV13002564,B013,B013-C1096,FMCG Client 096,FMCG & Food Processing,60,372141.53,2025-10-15,2025-12-14,closed,2025-12-09,55,-5,False,False,average_payer
INV13002565,B013,B013-C1096,FMCG Client 096,FMCG & Food Processing,60,174218.12,2025-10-29,2025-12-28,closed,2026-01-01,64,4,False,False,average_payer
INV13002566,B013,B013-C1096,FMCG Client 096,FMCG & Food Processing,60,168357.15,2025-11-08,2026-01-07,closed,2026-01-07,60,0,False,False,average_payer
INV13002567,B013,B013-C1096,FMCG Client 096,FMCG & Food Processing,60,324213.57,2025-12-10,2026-02-08,closed,2026-02-10,62,2,False,False,average_payer
INV13002568,B013,B013-C1096,FMCG Client 096,FMCG & Food Processing,60,195976.34,2025-12-14,2026-02-12,closed,2026-02-13,61,1,False,False,average_payer
INV13002569,B013,B013-C1096,FMCG Client 096,FMCG & Food Processing,60,188344.3,2026-01-05,2026-03-06,closed,2026-03-14,68,8,False,False,average_payer
INV13002570,B013,B013-C1096,FMCG Client 096,FMCG & Food Processing,60,204367.76,2026-01-12,2026-03-13,closed,2026-03-15,62,2,False,False,average_payer
INV13002571,B013,B013-C1096,FMCG Client 096,FMCG & Food Processing,60,225838.94,2026-03-20,2026-05-19,closed,2026-05-22,63,3,False,False,average_payer
INV13002572,B013,B013-C1096,FMCG Client 096,FMCG & Food Processing,60,253954.59,2026-03-31,2026-05-30,closed,2026-06-10,71,11,False,False,average_payer
INV13002573,B013,B013-C1096,FMCG Client 096,FMCG & Food Processing,60,378283.33,2026-05-15,2026-07-14,closed,2026-07-07,53,-7,False,False,average_payer
INV13002574,B013,B013-C1096,FMCG Client 096,FMCG & Food Processing,60,162071.56,2026-06-02,2026-08-01,closed,2026-08-08,67,7,False,False,average_payer
INV13002575,B013,B013-C1096,FMCG Client 096,FMCG & Food Processing,60,216244.1,2026-06-25,2026-08-24,open,,,,False,False,average_payer
INV13002576,B013,B013-C1096,FMCG Client 096,FMCG & Food Processing,60,127154.13,2026-08-21,2026-10-20,open,,,,False,False,average_payer
INV13002577,B013,B013-C1096,FMCG Client 096,FMCG & Food Processing,60,190789.63,2026-08-28,2026-10-27,open,,,,False,False,average_payer
INV13002578,B013,B013-C1097,Pharma Client 097,Pharma & Healthcare,45,62146.04,2024-04-02,2024-05-17,closed,2024-06-29,88,43,False,False,chronic_late_payer
INV13002579,B013,B013-C1097,Pharma Client 097,Pharma & Healthcare,45,42209.71,2024-04-12,2024-05-27,closed,2024-06-25,74,29,False,False,chronic_late_payer
INV13002580,B013,B013-C1097,Pharma Client 097,Pharma & Healthcare,45,344091.4,2024-05-05,2024-06-19,closed,2024-07-21,77,32,False,True,chronic_late_payer
INV13002581,B013,B013-C1097,Pharma Client 097,Pharma & Healthcare,45,59783.18,2024-05-30,2024-07-14,closed,2024-08-14,76,31,False,False,chronic_late_payer
INV13002582,B013,B013-C1097,Pharma Client 097,Pharma & Healthcare,45,72892.72,2024-06-04,2024-07-19,closed,2024-08-15,72,27,False,False,chronic_late_payer
INV13002583,B013,B013-C1097,Pharma Client 097,Pharma & Healthcare,45,67759.7,2024-06-24,2024-08-08,closed,2024-09-06,74,29,False,False,chronic_late_payer
INV13002584,B013,B013-C1097,Pharma Client 097,Pharma & Healthcare,45,70936.01,2024-07-29,2024-09-12,closed,2024-11-21,115,70,False,False,chronic_late_payer
INV13002585,B013,B013-C1097,Pharma Client 097,Pharma & Healthcare,45,60801.99,2024-09-04,2024-10-19,closed,2024-12-01,88,43,False,False,chronic_late_payer
INV13002586,B013,B013-C1097,Pharma Client 097,Pharma & Healthcare,45,70669.84,2024-09-10,2024-10-25,closed,2024-12-16,97,52,False,False,chronic_late_payer
INV13002587,B013,B013-C1097,Pharma Client 097,Pharma & Healthcare,45,272624.09,2024-10-17,2024-12-01,closed,2025-01-19,94,49,False,True,chronic_late_payer
INV13002588,B013,B013-C1097,Pharma Client 097,Pharma & Healthcare,45,66274.32,2024-10-20,2024-12-04,closed,2025-01-01,73,28,False,False,chronic_late_payer
INV13002589,B013,B013-C1097,Pharma Client 097,Pharma & Healthcare,45,70952.39,2024-11-02,2024-12-17,closed,2025-02-07,97,52,False,False,chronic_late_payer
INV13002590,B013,B013-C1097,Pharma Client 097,Pharma & Healthcare,45,45052.91,2024-11-04,2024-12-19,closed,2025-01-31,88,43,False,False,chronic_late_payer
INV13002591,B013,B013-C1097,Pharma Client 097,Pharma & Healthcare,45,51733.69,2024-12-01,2025-01-15,closed,2025-03-11,100,55,False,False,chronic_late_payer
INV13002592,B013,B013-C1097,Pharma Client 097,Pharma & Healthcare,45,55645.06,2024-12-07,2025-01-21,closed,2025-02-19,74,29,False,False,chronic_late_payer
INV13002593,B013,B013-C1097,Pharma Client 097,Pharma & Healthcare,45,54540.12,2025-02-27,2025-04-13,closed,2025-04-30,62,17,False,False,chronic_late_payer
INV13002594,B013,B013-C1097,Pharma Client 097,Pharma & Healthcare,45,98672.87,2025-03-09,2025-04-23,closed,2025-06-10,93,48,False,False,chronic_late_payer
INV13002595,B013,B013-C1097,Pharma Client 097,Pharma & Healthcare,45,33978.08,2025-03-12,2025-04-26,closed,2025-06-02,82,37,False,False,chronic_late_payer
INV13002596,B013,B013-C1097,Pharma Client 097,Pharma & Healthcare,45,89819.43,2025-05-02,2025-06-16,closed,2025-07-12,71,26,False,False,chronic_late_payer
INV13002597,B013,B013-C1097,Pharma Client 097,Pharma & Healthcare,45,49385.85,2025-05-23,2025-07-07,closed,2025-08-18,87,42,False,False,chronic_late_payer
INV13002598,B013,B013-C1097,Pharma Client 097,Pharma & Healthcare,45,95567.77,2025-07-21,2025-09-04,closed,2025-09-29,70,25,False,False,chronic_late_payer
INV13002599,B013,B013-C1097,Pharma Client 097,Pharma & Healthcare,45,117405.28,2025-07-23,2025-09-06,closed,2025-10-08,77,32,True,False,chronic_late_payer
INV13002600,B013,B013-C1097,Pharma Client 097,Pharma & Healthcare,45,74039.77,2025-09-24,2025-11-08,closed,2025-12-04,71,26,False,False,chronic_late_payer
INV13002601,B013,B013-C1097,Pharma Client 097,Pharma & Healthcare,45,93701.93,2025-10-28,2025-12-12,closed,2026-02-12,107,62,False,False,chronic_late_payer
INV13002602,B013,B013-C1097,Pharma Client 097,Pharma & Healthcare,45,34489.0,2025-12-16,2026-01-30,closed,2026-03-18,92,47,False,False,chronic_late_payer
INV13002603,B013,B013-C1097,Pharma Client 097,Pharma & Healthcare,45,95959.89,2026-02-02,2026-03-19,closed,2026-04-22,79,34,False,False,chronic_late_payer
INV13002604,B013,B013-C1097,Pharma Client 097,Pharma & Healthcare,45,68901.18,2026-02-04,2026-03-21,closed,2026-04-19,74,29,False,False,chronic_late_payer
INV13002605,B013,B013-C1097,Pharma Client 097,Pharma & Healthcare,45,58712.91,2026-02-14,2026-03-31,closed,2026-05-20,95,50,False,False,chronic_late_payer
INV13002606,B013,B013-C1097,Pharma Client 097,Pharma & Healthcare,45,65055.07,2026-04-14,2026-05-29,closed,2026-06-14,61,16,False,False,chronic_late_payer
INV13002607,B013,B013-C1097,Pharma Client 097,Pharma & Healthcare,45,76567.61,2026-04-21,2026-06-05,closed,2026-06-19,59,14,False,False,chronic_late_payer
INV13002608,B013,B013-C1097,Pharma Client 097,Pharma & Healthcare,45,81097.48,2026-04-21,2026-06-05,closed,2026-07-14,84,39,False,False,chronic_late_payer
INV13002609,B013,B013-C1097,Pharma Client 097,Pharma & Healthcare,45,56017.79,2026-04-25,2026-06-09,closed,2026-07-13,79,34,False,False,chronic_late_payer
INV13002610,B013,B013-C1097,Pharma Client 097,Pharma & Healthcare,45,70042.12,2026-05-18,2026-07-02,closed,2026-08-26,100,55,False,False,chronic_late_payer
INV13002611,B013,B013-C1097,Pharma Client 097,Pharma & Healthcare,45,70533.62,2026-08-20,2026-10-04,open,,,,False,False,chronic_late_payer
INV13002612,B013,B013-C1097,Pharma Client 097,Pharma & Healthcare,45,57836.2,2026-08-29,2026-10-13,open,,,,False,False,chronic_late_payer
INV13002613,B013,B013-C1098,IT Client 098,IT & Business Services,60,352525.79,2025-08-20,2025-10-19,closed,2025-10-19,60,0,False,False,cold_start
INV13002614,B013,B013-C1098,IT Client 098,IT & Business Services,60,286334.66,2026-02-23,2026-04-24,closed,2026-04-27,63,3,False,False,cold_start
INV13002615,B013,B013-C1099,Retail Client 099,Retail & Distribution,45,21066.97,2024-04-19,2024-06-03,closed,2024-06-02,44,-1,False,False,prompt_payer
INV13002616,B013,B013-C1099,Retail Client 099,Retail & Distribution,45,20079.64,2024-04-28,2024-06-12,closed,2024-06-10,43,-2,False,False,prompt_payer
INV13002617,B013,B013-C1099,Retail Client 099,Retail & Distribution,45,37519.24,2024-05-17,2024-07-01,closed,2024-06-27,41,-4,False,False,prompt_payer
INV13002618,B013,B013-C1099,Retail Client 099,Retail & Distribution,45,26928.1,2024-05-24,2024-07-08,closed,2024-07-06,43,-2,False,False,prompt_payer
INV13002619,B013,B013-C1099,Retail Client 099,Retail & Distribution,45,19511.89,2024-05-29,2024-07-13,closed,2024-07-13,45,0,False,False,prompt_payer
INV13002620,B013,B013-C1099,Retail Client 099,Retail & Distribution,45,14211.53,2024-05-30,2024-07-14,closed,2024-07-13,44,-1,False,False,prompt_payer
INV13002621,B013,B013-C1099,Retail Client 099,Retail & Distribution,45,22508.8,2024-05-31,2024-07-15,closed,2024-07-21,51,6,False,False,prompt_payer
INV13002622,B013,B013-C1099,Retail Client 099,Retail & Distribution,45,25134.5,2024-06-05,2024-07-20,closed,2024-07-18,43,-2,False,False,prompt_payer
INV13002623,B013,B013-C1099,Retail Client 099,Retail & Distribution,45,19414.71,2024-06-10,2024-07-25,closed,2024-07-19,39,-6,False,False,prompt_payer
INV13002624,B013,B013-C1099,Retail Client 099,Retail & Distribution,45,14097.32,2024-06-12,2024-07-27,closed,2024-08-02,51,6,False,False,prompt_payer
INV13002625,B013,B013-C1099,Retail Client 099,Retail & Distribution,45,19663.67,2024-07-02,2024-08-16,closed,2024-08-14,43,-2,False,False,prompt_payer
INV13002626,B013,B013-C1099,Retail Client 099,Retail & Distribution,45,13837.79,2024-08-07,2024-09-21,closed,2024-09-23,47,2,False,False,prompt_payer
INV13002627,B013,B013-C1099,Retail Client 099,Retail & Distribution,45,15099.14,2024-10-11,2024-11-25,closed,2024-11-20,40,-5,False,False,prompt_payer
INV13002628,B013,B013-C1099,Retail Client 099,Retail & Distribution,45,19892.43,2024-10-13,2024-11-27,closed,2024-11-26,44,-1,True,False,prompt_payer
INV13002629,B013,B013-C1099,Retail Client 099,Retail & Distribution,45,14490.71,2024-11-27,2025-01-11,closed,2025-01-15,49,4,False,False,prompt_payer
INV13002630,B013,B013-C1099,Retail Client 099,Retail & Distribution,45,10373.16,2024-12-09,2025-01-23,closed,2025-01-26,48,3,False,False,prompt_payer
INV13002631,B013,B013-C1099,Retail Client 099,Retail & Distribution,45,32766.95,2024-12-12,2025-01-26,closed,2025-01-18,37,-8,False,False,prompt_payer
INV13002632,B013,B013-C1099,Retail Client 099,Retail & Distribution,45,13912.2,2025-01-03,2025-02-17,closed,2025-02-11,39,-6,False,False,prompt_payer
INV13002633,B013,B013-C1099,Retail Client 099,Retail & Distribution,45,17544.44,2025-02-21,2025-04-07,closed,2025-04-11,49,4,False,False,prompt_payer
INV13002634,B013,B013-C1099,Retail Client 099,Retail & Distribution,45,16793.97,2025-03-21,2025-05-05,closed,2025-05-02,42,-3,True,False,prompt_payer
INV13002635,B013,B013-C1099,Retail Client 099,Retail & Distribution,45,14316.33,2025-05-29,2025-07-13,closed,2025-07-15,47,2,False,False,prompt_payer
INV13002636,B013,B013-C1099,Retail Client 099,Retail & Distribution,45,22274.44,2025-05-29,2025-07-13,closed,2025-07-12,44,-1,False,False,prompt_payer
INV13002637,B013,B013-C1099,Retail Client 099,Retail & Distribution,45,21654.67,2025-06-10,2025-07-25,closed,2025-07-21,41,-4,False,False,prompt_payer
INV13002638,B013,B013-C1099,Retail Client 099,Retail & Distribution,45,19884.53,2025-06-23,2025-08-07,closed,2025-08-07,45,0,False,False,prompt_payer
INV13002639,B013,B013-C1099,Retail Client 099,Retail & Distribution,45,25953.77,2025-06-27,2025-08-11,closed,2025-08-10,44,-1,False,False,prompt_payer
INV13002640,B013,B013-C1099,Retail Client 099,Retail & Distribution,45,17276.34,2025-07-18,2025-09-01,closed,2025-09-02,46,1,False,False,prompt_payer
INV13002641,B013,B013-C1099,Retail Client 099,Retail & Distribution,45,23249.58,2025-07-22,2025-09-05,closed,2025-09-02,42,-3,False,False,prompt_payer
INV13002642,B013,B013-C1099,Retail Client 099,Retail & Distribution,45,16471.65,2025-09-02,2025-10-17,closed,2025-10-18,46,1,False,False,prompt_payer
INV13002643,B013,B013-C1099,Retail Client 099,Retail & Distribution,45,25101.76,2025-09-22,2025-11-06,closed,2025-11-04,43,-2,False,False,prompt_payer
INV13002644,B013,B013-C1099,Retail Client 099,Retail & Distribution,45,11674.59,2025-09-23,2025-11-07,closed,2025-11-12,50,5,False,False,prompt_payer
INV13002645,B013,B013-C1099,Retail Client 099,Retail & Distribution,45,17951.29,2025-11-25,2026-01-09,closed,2026-01-07,43,-2,False,False,prompt_payer
INV13002646,B013,B013-C1099,Retail Client 099,Retail & Distribution,45,68949.1,2026-01-04,2026-02-18,closed,2026-02-19,46,1,False,True,prompt_payer
INV13002647,B013,B013-C1099,Retail Client 099,Retail & Distribution,45,13194.37,2026-02-09,2026-03-26,closed,2026-03-23,42,-3,False,False,prompt_payer
INV13002648,B013,B013-C1099,Retail Client 099,Retail & Distribution,45,24598.51,2026-02-21,2026-04-07,closed,2026-04-02,40,-5,False,False,prompt_payer
INV13002649,B013,B013-C1099,Retail Client 099,Retail & Distribution,45,18901.48,2026-02-21,2026-04-07,closed,2026-04-06,44,-1,False,False,prompt_payer
INV13002650,B013,B013-C1099,Retail Client 099,Retail & Distribution,45,92369.08,2026-05-01,2026-06-15,closed,2026-06-10,40,-5,False,True,prompt_payer
INV13002651,B013,B013-C1099,Retail Client 099,Retail & Distribution,45,21463.07,2026-06-14,2026-07-29,closed,2026-07-26,42,-3,False,False,prompt_payer
INV13002652,B013,B013-C1099,Retail Client 099,Retail & Distribution,45,21991.07,2026-06-18,2026-08-02,closed,2026-07-27,39,-6,False,False,prompt_payer
INV13002653,B013,B013-C1099,Retail Client 099,Retail & Distribution,45,14404.86,2026-06-22,2026-08-06,closed,2026-08-03,42,-3,False,False,prompt_payer
INV13002654,B013,B013-C1099,Retail Client 099,Retail & Distribution,45,20743.16,2026-07-06,2026-08-20,closed,2026-08-19,44,-1,False,False,prompt_payer
INV13002655,B013,B013-C1100,Pharma Client 100,Pharma & Healthcare,30,36047.84,2024-03-21,2024-04-20,closed,2024-05-19,59,29,False,False,chronic_late_payer
INV13002656,B013,B013-C1100,Pharma Client 100,Pharma & Healthcare,30,40438.52,2024-03-27,2024-04-26,closed,2024-06-04,69,39,False,False,chronic_late_payer
INV13002657,B013,B013-C1100,Pharma Client 100,Pharma & Healthcare,30,35953.41,2024-04-01,2024-05-01,closed,2024-06-11,71,41,False,False,chronic_late_payer
INV13002658,B013,B013-C1100,Pharma Client 100,Pharma & Healthcare,30,32557.86,2024-04-22,2024-05-22,closed,2024-07-16,85,55,False,False,chronic_late_payer
INV13002659,B013,B013-C1100,Pharma Client 100,Pharma & Healthcare,30,30445.01,2024-04-23,2024-05-23,closed,2024-06-08,46,16,False,False,chronic_late_payer
INV13002660,B013,B013-C1100,Pharma Client 100,Pharma & Healthcare,30,24039.3,2024-05-29,2024-06-28,closed,2024-07-12,44,14,False,False,chronic_late_payer
INV13002661,B013,B013-C1100,Pharma Client 100,Pharma & Healthcare,30,49067.94,2024-07-16,2024-08-15,closed,2024-09-13,59,29,False,False,chronic_late_payer
INV13002662,B013,B013-C1100,Pharma Client 100,Pharma & Healthcare,30,23357.86,2024-07-18,2024-08-17,closed,2024-09-16,60,30,False,False,chronic_late_payer
INV13002663,B013,B013-C1100,Pharma Client 100,Pharma & Healthcare,30,146260.9,2024-07-24,2024-08-23,closed,2024-09-21,59,29,False,True,chronic_late_payer
INV13002664,B013,B013-C1100,Pharma Client 100,Pharma & Healthcare,30,39721.89,2024-07-27,2024-08-26,closed,2024-10-08,73,43,False,False,chronic_late_payer
INV13002665,B013,B013-C1100,Pharma Client 100,Pharma & Healthcare,30,24434.27,2024-08-28,2024-09-27,closed,2024-10-11,44,14,False,False,chronic_late_payer
INV13002666,B013,B013-C1100,Pharma Client 100,Pharma & Healthcare,30,52835.79,2024-10-02,2024-11-01,closed,2024-11-15,44,14,False,False,chronic_late_payer
INV13002667,B013,B013-C1100,Pharma Client 100,Pharma & Healthcare,30,25038.86,2024-11-07,2024-12-07,closed,2024-12-21,44,14,False,False,chronic_late_payer
INV13002668,B013,B013-C1100,Pharma Client 100,Pharma & Healthcare,30,32078.14,2024-11-19,2024-12-19,closed,2025-02-06,79,49,False,False,chronic_late_payer
INV13002669,B013,B013-C1100,Pharma Client 100,Pharma & Healthcare,30,38065.19,2024-11-22,2024-12-22,closed,2025-02-22,92,62,False,False,chronic_late_payer
INV13002670,B013,B013-C1100,Pharma Client 100,Pharma & Healthcare,30,46165.65,2025-01-11,2025-02-10,closed,2025-03-18,66,36,False,False,chronic_late_payer
INV13002671,B013,B013-C1100,Pharma Client 100,Pharma & Healthcare,30,23606.08,2025-01-24,2025-02-23,closed,2025-04-05,71,41,False,False,chronic_late_payer
INV13002672,B013,B013-C1100,Pharma Client 100,Pharma & Healthcare,30,41833.2,2025-02-02,2025-03-04,closed,2025-03-23,49,19,False,False,chronic_late_payer
INV13002673,B013,B013-C1100,Pharma Client 100,Pharma & Healthcare,30,24226.11,2025-02-19,2025-03-21,closed,2025-04-20,60,30,False,False,chronic_late_payer
INV13002674,B013,B013-C1100,Pharma Client 100,Pharma & Healthcare,30,59334.37,2025-04-01,2025-05-01,closed,2025-06-08,68,38,False,False,chronic_late_payer
INV13002675,B013,B013-C1100,Pharma Client 100,Pharma & Healthcare,30,50971.66,2025-04-24,2025-05-24,closed,2025-06-25,62,32,False,False,chronic_late_payer
INV13002676,B013,B013-C1100,Pharma Client 100,Pharma & Healthcare,30,24059.41,2025-04-28,2025-05-28,closed,2025-06-16,49,19,False,False,chronic_late_payer
INV13002677,B013,B013-C1100,Pharma Client 100,Pharma & Healthcare,30,129560.82,2025-04-28,2025-05-28,closed,2025-06-11,44,14,False,True,chronic_late_payer
INV13002678,B013,B013-C1100,Pharma Client 100,Pharma & Healthcare,30,34574.38,2025-05-27,2025-06-26,closed,2025-07-10,44,14,False,False,chronic_late_payer
INV13002679,B013,B013-C1100,Pharma Client 100,Pharma & Healthcare,30,27202.12,2025-06-05,2025-07-05,closed,2025-08-06,62,32,False,False,chronic_late_payer
INV13002680,B013,B013-C1100,Pharma Client 100,Pharma & Healthcare,30,26381.48,2025-08-03,2025-09-02,closed,2025-10-31,89,59,False,False,chronic_late_payer
INV13002681,B013,B013-C1100,Pharma Client 100,Pharma & Healthcare,30,52210.44,2025-09-03,2025-10-03,closed,2025-11-09,67,37,False,False,chronic_late_payer
INV13002682,B013,B013-C1100,Pharma Client 100,Pharma & Healthcare,30,36468.63,2025-09-20,2025-10-20,closed,2025-11-11,52,22,False,False,chronic_late_payer
INV13002683,B013,B013-C1100,Pharma Client 100,Pharma & Healthcare,30,50917.9,2025-10-18,2025-11-17,closed,2026-01-11,85,55,False,False,chronic_late_payer
INV13002684,B013,B013-C1100,Pharma Client 100,Pharma & Healthcare,30,24764.45,2025-12-07,2026-01-06,closed,2026-02-08,63,33,False,False,chronic_late_payer
INV13002685,B013,B013-C1100,Pharma Client 100,Pharma & Healthcare,30,57332.88,2025-12-22,2026-01-21,closed,2026-02-19,59,29,False,False,chronic_late_payer
INV13002686,B013,B013-C1100,Pharma Client 100,Pharma & Healthcare,30,203820.37,2026-01-05,2026-02-04,closed,2026-03-06,60,30,False,True,chronic_late_payer
INV13002687,B013,B013-C1100,Pharma Client 100,Pharma & Healthcare,30,48637.2,2026-03-30,2026-04-29,closed,2026-06-23,85,55,False,False,chronic_late_payer
INV13002688,B013,B013-C1100,Pharma Client 100,Pharma & Healthcare,30,17249.53,2026-04-01,2026-05-01,closed,2026-06-06,66,36,False,False,chronic_late_payer
INV13002689,B013,B013-C1100,Pharma Client 100,Pharma & Healthcare,30,35014.73,2026-04-07,2026-05-07,closed,2026-05-21,44,14,False,False,chronic_late_payer
INV13002690,B013,B013-C1100,Pharma Client 100,Pharma & Healthcare,30,27770.97,2026-04-16,2026-05-16,closed,2026-06-18,63,33,False,False,chronic_late_payer
INV13002691,B013,B013-C1100,Pharma Client 100,Pharma & Healthcare,30,31555.5,2026-04-16,2026-05-16,closed,2026-05-31,45,15,True,False,chronic_late_payer
INV13002692,B013,B013-C1100,Pharma Client 100,Pharma & Healthcare,30,24836.91,2026-05-10,2026-06-09,closed,2026-07-27,78,48,False,False,chronic_late_payer
INV13002693,B013,B013-C1100,Pharma Client 100,Pharma & Healthcare,30,28242.22,2026-06-09,2026-07-09,closed,2026-08-13,65,35,False,False,chronic_late_payer
INV13002694,B013,B013-C1100,Pharma Client 100,Pharma & Healthcare,30,49774.96,2026-06-23,2026-07-23,closed,2026-09-02,71,41,False,False,chronic_late_payer
INV13002695,B013,B013-C1100,Pharma Client 100,Pharma & Healthcare,30,139793.6,2026-07-08,2026-08-07,open,,,,False,True,chronic_late_payer
INV13002696,B013,B013-C1100,Pharma Client 100,Pharma & Healthcare,30,32272.07,2026-07-20,2026-08-19,closed,2026-09-02,44,14,False,False,chronic_late_payer
INV13002697,B013,B013-C1100,Pharma Client 100,Pharma & Healthcare,30,14133.3,2026-08-02,2026-09-01,disputed_open,,,,False,False,chronic_late_payer
INV13002698,B013,B013-C1101,Textiles Client 101,Textiles & Apparel,30,51054.36,2024-04-11,2024-05-11,closed,2024-05-21,40,10,False,False,average_payer
INV13002699,B013,B013-C1101,Textiles Client 101,Textiles & Apparel,30,44215.97,2024-06-04,2024-07-04,closed,2024-07-12,38,8,False,False,average_payer
INV13002700,B013,B013-C1101,Textiles Client 101,Textiles & Apparel,30,46791.85,2024-07-09,2024-08-08,closed,2024-08-15,37,7,False,False,average_payer
INV13002701,B013,B013-C1101,Textiles Client 101,Textiles & Apparel,30,92689.9,2024-07-25,2024-08-24,closed,2024-08-29,35,5,True,False,average_payer
INV13002702,B013,B013-C1101,Textiles Client 101,Textiles & Apparel,30,68753.88,2024-09-12,2024-10-12,closed,2024-09-30,18,-12,False,False,average_payer
INV13002703,B013,B013-C1101,Textiles Client 101,Textiles & Apparel,30,42281.43,2024-10-02,2024-11-01,closed,2024-11-14,43,13,False,False,average_payer
INV13002704,B013,B013-C1101,Textiles Client 101,Textiles & Apparel,30,76820.68,2024-10-14,2024-11-13,closed,2024-11-17,34,4,False,False,average_payer
INV13002705,B013,B013-C1101,Textiles Client 101,Textiles & Apparel,30,53395.13,2024-10-16,2024-11-15,closed,2024-11-15,30,0,False,False,average_payer
INV13002706,B013,B013-C1101,Textiles Client 101,Textiles & Apparel,30,44603.51,2024-10-25,2024-11-24,closed,2024-11-23,29,-1,False,False,average_payer
INV13002707,B013,B013-C1101,Textiles Client 101,Textiles & Apparel,30,154274.53,2024-11-01,2024-12-01,closed,2024-12-10,39,9,False,True,average_payer
INV13002708,B013,B013-C1101,Textiles Client 101,Textiles & Apparel,30,99560.7,2024-11-05,2024-12-05,closed,2024-12-12,37,7,False,False,average_payer
INV13002709,B013,B013-C1101,Textiles Client 101,Textiles & Apparel,30,87172.79,2024-12-05,2025-01-04,closed,2025-01-20,46,16,False,False,average_payer
INV13002710,B013,B013-C1101,Textiles Client 101,Textiles & Apparel,30,113147.41,2025-02-01,2025-03-03,closed,2025-03-12,39,9,False,False,average_payer
INV13002711,B013,B013-C1101,Textiles Client 101,Textiles & Apparel,30,65809.61,2025-04-04,2025-05-04,closed,2025-05-13,39,9,False,False,average_payer
INV13002712,B013,B013-C1101,Textiles Client 101,Textiles & Apparel,30,69798.5,2025-04-23,2025-05-23,closed,2025-05-28,35,5,False,False,average_payer
INV13002713,B013,B013-C1101,Textiles Client 101,Textiles & Apparel,30,63818.84,2025-05-10,2025-06-09,closed,2025-06-12,33,3,False,False,average_payer
INV13002714,B013,B013-C1101,Textiles Client 101,Textiles & Apparel,30,62404.86,2025-05-19,2025-06-18,closed,2025-06-24,36,6,False,False,average_payer
INV13002715,B013,B013-C1101,Textiles Client 101,Textiles & Apparel,30,80743.85,2025-06-01,2025-07-01,closed,2025-07-01,30,0,False,False,average_payer
INV13002716,B013,B013-C1101,Textiles Client 101,Textiles & Apparel,30,42861.48,2025-07-30,2025-08-29,closed,2025-09-02,34,4,False,False,average_payer
INV13002717,B013,B013-C1101,Textiles Client 101,Textiles & Apparel,30,51324.57,2025-08-10,2025-09-09,closed,2025-09-11,32,2,False,False,average_payer
INV13002718,B013,B013-C1101,Textiles Client 101,Textiles & Apparel,30,41617.54,2025-10-05,2025-11-04,closed,2025-11-12,38,8,False,False,average_payer
INV13002719,B013,B013-C1101,Textiles Client 101,Textiles & Apparel,30,45465.75,2025-10-16,2025-11-15,closed,2025-11-17,32,2,False,False,average_payer
INV13002720,B013,B013-C1101,Textiles Client 101,Textiles & Apparel,30,35577.97,2025-11-11,2025-12-11,closed,2025-12-16,35,5,False,False,average_payer
INV13002721,B013,B013-C1101,Textiles Client 101,Textiles & Apparel,30,60733.4,2025-11-30,2025-12-30,closed,2026-01-07,38,8,False,False,average_payer
INV13002722,B013,B013-C1101,Textiles Client 101,Textiles & Apparel,30,56348.97,2026-02-20,2026-03-22,closed,2026-04-03,42,12,False,False,average_payer
INV13002723,B013,B013-C1101,Textiles Client 101,Textiles & Apparel,30,51747.11,2026-03-21,2026-04-20,closed,2026-05-05,45,15,False,False,average_payer
INV13002724,B013,B013-C1101,Textiles Client 101,Textiles & Apparel,30,62682.6,2026-03-30,2026-04-29,closed,2026-05-07,38,8,False,False,average_payer
INV13002725,B013,B013-C1101,Textiles Client 101,Textiles & Apparel,30,96867.18,2026-04-20,2026-05-20,closed,2026-05-15,25,-5,False,False,average_payer
INV13002726,B013,B013-C1101,Textiles Client 101,Textiles & Apparel,30,34538.17,2026-05-07,2026-06-06,closed,2026-06-18,42,12,False,False,average_payer
INV13002727,B013,B013-C1101,Textiles Client 101,Textiles & Apparel,30,127509.56,2026-05-18,2026-06-17,closed,2026-06-16,29,-1,False,False,average_payer
INV13002728,B013,B013-C1101,Textiles Client 101,Textiles & Apparel,30,81551.25,2026-06-23,2026-07-23,closed,2026-08-03,41,11,False,False,average_payer
INV13002729,B013,B013-C1102,Pharma Client 102,Pharma & Healthcare,45,112846.8,2024-04-30,2024-06-14,open,,,,False,False,prompt_payer
INV13002730,B013,B013-C1102,Pharma Client 102,Pharma & Healthcare,45,102620.58,2024-05-11,2024-06-25,closed,2024-07-03,53,8,False,False,prompt_payer
INV13002731,B013,B013-C1102,Pharma Client 102,Pharma & Healthcare,45,134041.0,2024-06-07,2024-07-22,closed,2024-07-20,43,-2,False,False,prompt_payer
INV13002732,B013,B013-C1102,Pharma Client 102,Pharma & Healthcare,45,115955.95,2024-08-05,2024-09-19,closed,2024-09-19,45,0,False,False,prompt_payer
INV13002733,B013,B013-C1102,Pharma Client 102,Pharma & Healthcare,45,118702.62,2024-08-11,2024-09-25,closed,2024-09-28,48,3,False,False,prompt_payer
INV13002734,B013,B013-C1102,Pharma Client 102,Pharma & Healthcare,45,166207.52,2024-08-16,2024-09-30,closed,2024-09-28,43,-2,False,False,prompt_payer
INV13002735,B013,B013-C1102,Pharma Client 102,Pharma & Healthcare,45,105703.25,2024-10-24,2024-12-08,closed,2024-12-05,42,-3,False,False,prompt_payer
INV13002736,B013,B013-C1102,Pharma Client 102,Pharma & Healthcare,45,91444.84,2024-11-20,2025-01-04,closed,2025-01-01,42,-3,False,False,prompt_payer
INV13002737,B013,B013-C1102,Pharma Client 102,Pharma & Healthcare,45,100963.68,2025-01-01,2025-02-15,closed,2025-02-14,44,-1,False,False,prompt_payer
INV13002738,B013,B013-C1102,Pharma Client 102,Pharma & Healthcare,45,425868.35,2025-03-15,2025-04-29,closed,2025-04-22,38,-7,False,True,prompt_payer
INV13002739,B013,B013-C1102,Pharma Client 102,Pharma & Healthcare,45,66450.68,2025-04-09,2025-05-24,closed,2025-05-24,45,0,False,False,prompt_payer
INV13002740,B013,B013-C1102,Pharma Client 102,Pharma & Healthcare,45,106774.09,2025-06-18,2025-08-02,closed,2025-08-04,47,2,False,False,prompt_payer
INV13002741,B013,B013-C1102,Pharma Client 102,Pharma & Healthcare,45,117298.97,2025-06-29,2025-08-13,closed,2025-08-14,46,1,False,False,prompt_payer
INV13002742,B013,B013-C1102,Pharma Client 102,Pharma & Healthcare,45,114080.58,2025-06-30,2025-08-14,closed,2025-08-07,38,-7,False,False,prompt_payer
INV13002743,B013,B013-C1102,Pharma Client 102,Pharma & Healthcare,45,98892.31,2025-08-01,2025-09-15,closed,2025-09-23,53,8,False,False,prompt_payer
INV13002744,B013,B013-C1102,Pharma Client 102,Pharma & Healthcare,45,94950.28,2025-08-18,2025-10-02,closed,2025-10-05,48,3,False,False,prompt_payer
INV13002745,B013,B013-C1102,Pharma Client 102,Pharma & Healthcare,45,112416.4,2025-08-23,2025-10-07,closed,2025-10-09,47,2,False,False,prompt_payer
INV13002746,B013,B013-C1102,Pharma Client 102,Pharma & Healthcare,45,98917.31,2025-09-18,2025-11-02,closed,2025-10-28,40,-5,False,False,prompt_payer
INV13002747,B013,B013-C1102,Pharma Client 102,Pharma & Healthcare,45,140059.35,2025-11-20,2026-01-04,closed,2026-01-02,43,-2,False,False,prompt_payer
INV13002748,B013,B013-C1102,Pharma Client 102,Pharma & Healthcare,45,83675.18,2025-12-05,2026-01-19,closed,2026-01-18,44,-1,False,False,prompt_payer
INV13002749,B013,B013-C1102,Pharma Client 102,Pharma & Healthcare,45,131072.75,2025-12-25,2026-02-08,closed,2026-02-10,47,2,False,False,prompt_payer
INV13002750,B013,B013-C1102,Pharma Client 102,Pharma & Healthcare,45,253565.18,2025-12-27,2026-02-10,closed,2026-02-11,46,1,False,False,prompt_payer
INV13002751,B013,B013-C1102,Pharma Client 102,Pharma & Healthcare,45,115876.16,2026-01-29,2026-03-15,closed,2026-03-12,42,-3,True,False,prompt_payer
INV13002752,B013,B013-C1102,Pharma Client 102,Pharma & Healthcare,45,402462.53,2026-04-26,2026-06-10,closed,2026-06-10,45,0,False,True,prompt_payer
INV13002753,B013,B013-C1102,Pharma Client 102,Pharma & Healthcare,45,108488.59,2026-05-11,2026-06-25,closed,2026-06-27,47,2,False,False,prompt_payer
INV13002754,B013,B013-C1102,Pharma Client 102,Pharma & Healthcare,45,132673.24,2026-05-31,2026-07-15,closed,2026-07-06,36,-9,False,False,prompt_payer
INV13002755,B013,B013-C1102,Pharma Client 102,Pharma & Healthcare,45,135013.85,2026-06-05,2026-07-20,closed,2026-07-22,47,2,False,False,prompt_payer
INV13002756,B013,B013-C1102,Pharma Client 102,Pharma & Healthcare,45,75481.69,2026-07-16,2026-08-30,closed,2026-08-24,39,-6,False,False,prompt_payer
INV13002757,B013,B013-C1102,Pharma Client 102,Pharma & Healthcare,45,119653.21,2026-07-17,2026-08-31,closed,2026-09-01,46,1,False,False,prompt_payer
INV13002758,B013,B013-C1102,Pharma Client 102,Pharma & Healthcare,45,111809.09,2026-08-21,2026-10-05,open,,,,False,False,prompt_payer
INV13002759,B013,B013-C1103,Electronics Client 103,Electronics & Electricals,45,78049.87,2025-03-06,2025-04-20,closed,2025-04-24,49,4,False,False,cold_start
INV13002760,B013,B013-C1103,Electronics Client 103,Electronics & Electricals,45,60744.27,2025-06-11,2025-07-26,closed,2025-07-30,49,4,False,False,cold_start
INV13002761,B013,B013-C1104,Construction Client 104,Construction & Infra,30,49888.05,2024-04-24,2024-05-24,closed,2024-06-06,43,13,False,False,average_payer
INV13002762,B013,B013-C1104,Construction Client 104,Construction & Infra,30,91552.01,2024-06-28,2024-07-28,closed,2024-08-09,42,12,False,False,average_payer
INV13002763,B013,B013-C1104,Construction Client 104,Construction & Infra,30,88984.17,2024-06-29,2024-07-29,closed,2024-08-02,34,4,False,False,average_payer
INV13002764,B013,B013-C1104,Construction Client 104,Construction & Infra,30,56398.37,2024-07-15,2024-08-14,closed,2024-08-09,25,-5,False,False,average_payer
INV13002765,B013,B013-C1104,Construction Client 104,Construction & Infra,30,63752.99,2024-08-28,2024-09-27,closed,2024-09-25,28,-2,False,False,average_payer
INV13002766,B013,B013-C1104,Construction Client 104,Construction & Infra,30,79204.86,2024-10-06,2024-11-05,closed,2024-11-05,30,0,False,False,average_payer
INV13002767,B013,B013-C1104,Construction Client 104,Construction & Infra,30,85121.55,2024-11-08,2024-12-08,closed,2024-12-08,30,0,False,False,average_payer
INV13002768,B013,B013-C1104,Construction Client 104,Construction & Infra,30,93851.36,2025-04-25,2025-05-25,closed,2025-05-29,34,4,False,False,average_payer
INV13002769,B013,B013-C1104,Construction Client 104,Construction & Infra,30,86819.09,2025-05-31,2025-06-30,closed,2025-06-28,28,-2,False,False,average_payer
INV13002770,B013,B013-C1104,Construction Client 104,Construction & Infra,30,62945.91,2025-07-16,2025-08-15,closed,2025-09-01,47,17,False,False,average_payer
INV13002771,B013,B013-C1104,Construction Client 104,Construction & Infra,30,88331.85,2025-07-31,2025-08-30,closed,2025-09-08,39,9,False,False,average_payer
INV13002772,B013,B013-C1104,Construction Client 104,Construction & Infra,30,82775.88,2025-09-23,2025-10-23,closed,2025-10-28,35,5,False,False,average_payer
INV13002773,B013,B013-C1104,Construction Client 104,Construction & Infra,30,82824.83,2025-11-28,2025-12-28,closed,2026-01-04,37,7,False,False,average_payer
INV13002774,B013,B013-C1104,Construction Client 104,Construction & Infra,30,109223.45,2026-01-23,2026-02-22,closed,2026-03-03,39,9,False,False,average_payer
INV13002775,B013,B013-C1104,Construction Client 104,Construction & Infra,30,75511.39,2026-02-02,2026-03-04,closed,2026-03-10,36,6,False,False,average_payer
INV13002776,B013,B013-C1104,Construction Client 104,Construction & Infra,30,77552.73,2026-02-16,2026-03-18,closed,2026-03-28,40,10,False,False,average_payer
INV13002777,B013,B013-C1104,Construction Client 104,Construction & Infra,30,42772.04,2026-04-03,2026-05-03,closed,2026-05-09,36,6,False,False,average_payer
INV13002778,B013,B013-C1104,Construction Client 104,Construction & Infra,30,78802.41,2026-04-13,2026-05-13,closed,2026-05-07,24,-6,False,False,average_payer
INV13002779,B013,B013-C1104,Construction Client 104,Construction & Infra,30,77297.26,2026-04-18,2026-05-18,closed,2026-05-29,41,11,False,False,average_payer
INV13002780,B013,B013-C1104,Construction Client 104,Construction & Infra,30,56585.32,2026-04-28,2026-05-28,disputed_open,,,,False,False,average_payer
INV13002781,B013,B013-C1104,Construction Client 104,Construction & Infra,30,106549.84,2026-08-22,2026-09-21,open,,,,False,False,average_payer
INV13002782,B013,B013-C1105,Textiles Client 105,Textiles & Apparel,45,87190.3,2025-07-04,2025-08-18,closed,2025-08-31,58,13,False,False,cold_start
INV13002783,B013,B013-C1105,Textiles Client 105,Textiles & Apparel,45,144345.23,2025-08-30,2025-10-14,closed,2025-10-23,54,9,False,False,cold_start
INV13002784,B013,B013-C1105,Textiles Client 105,Textiles & Apparel,45,73339.54,2025-09-13,2025-10-28,closed,2025-11-08,56,11,False,False,cold_start
INV13002785,B013,B013-C1106,Pharma Client 106,Pharma & Healthcare,15,42097.76,2024-04-08,2024-04-23,closed,2024-04-27,19,4,False,False,average_payer
INV13002786,B013,B013-C1106,Pharma Client 106,Pharma & Healthcare,15,85215.63,2024-04-09,2024-04-24,closed,2024-04-29,20,5,False,False,average_payer
INV13002787,B013,B013-C1106,Pharma Client 106,Pharma & Healthcare,15,79972.41,2024-05-21,2024-06-05,closed,2024-06-12,22,7,False,False,average_payer
INV13002788,B013,B013-C1106,Pharma Client 106,Pharma & Healthcare,15,92631.24,2024-06-05,2024-06-20,closed,2024-07-03,28,13,False,False,average_payer
INV13002789,B013,B013-C1106,Pharma Client 106,Pharma & Healthcare,15,62313.13,2024-06-25,2024-07-10,closed,2024-07-15,20,5,False,False,average_payer
INV13002790,B013,B013-C1106,Pharma Client 106,Pharma & Healthcare,15,342700.16,2024-06-26,2024-07-11,closed,2024-07-22,26,11,False,True,average_payer
INV13002791,B013,B013-C1106,Pharma Client 106,Pharma & Healthcare,15,82762.59,2024-07-07,2024-07-22,closed,2024-07-25,18,3,False,False,average_payer
INV13002792,B013,B013-C1106,Pharma Client 106,Pharma & Healthcare,15,79904.18,2024-07-21,2024-08-05,closed,2024-08-06,16,1,False,False,average_payer
INV13002793,B013,B013-C1106,Pharma Client 106,Pharma & Healthcare,15,53007.07,2024-08-01,2024-08-16,closed,2024-08-25,24,9,False,False,average_payer
INV13002794,B013,B013-C1106,Pharma Client 106,Pharma & Healthcare,15,118398.14,2024-08-04,2024-08-19,closed,2024-08-17,13,-2,False,False,average_payer
INV13002795,B013,B013-C1106,Pharma Client 106,Pharma & Healthcare,15,106248.37,2024-08-09,2024-08-24,closed,2024-08-30,21,6,False,False,average_payer
INV13002796,B013,B013-C1106,Pharma Client 106,Pharma & Healthcare,15,79053.48,2024-08-26,2024-09-10,closed,2024-09-14,19,4,False,False,average_payer
INV13002797,B013,B013-C1106,Pharma Client 106,Pharma & Healthcare,15,73116.29,2024-09-02,2024-09-17,closed,2024-10-05,33,18,False,False,average_payer
INV13002798,B013,B013-C1106,Pharma Client 106,Pharma & Healthcare,15,73068.13,2024-09-07,2024-09-22,closed,2024-10-03,26,11,False,False,average_payer
INV13002799,B013,B013-C1106,Pharma Client 106,Pharma & Healthcare,15,65071.59,2024-09-16,2024-10-01,closed,2024-10-05,19,4,False,False,average_payer
INV13002800,B013,B013-C1106,Pharma Client 106,Pharma & Healthcare,15,78908.27,2024-10-03,2024-10-18,closed,2024-10-21,18,3,False,False,average_payer
INV13002801,B013,B013-C1106,Pharma Client 106,Pharma & Healthcare,15,70529.66,2025-01-24,2025-02-08,closed,2025-03-02,37,22,False,False,average_payer
INV13002802,B013,B013-C1106,Pharma Client 106,Pharma & Healthcare,15,119436.7,2025-02-23,2025-03-10,closed,2025-03-10,15,0,False,False,average_payer
INV13002803,B013,B013-C1106,Pharma Client 106,Pharma & Healthcare,15,93804.22,2025-03-05,2025-03-20,closed,2025-03-31,26,11,False,False,average_payer
INV13002804,B013,B013-C1106,Pharma Client 106,Pharma & Healthcare,15,108201.86,2025-03-14,2025-03-29,closed,2025-04-01,18,3,False,False,average_payer
INV13002805,B013,B013-C1106,Pharma Client 106,Pharma & Healthcare,15,101199.9,2025-03-23,2025-04-07,closed,2025-04-21,29,14,False,False,average_payer
INV13002806,B013,B013-C1106,Pharma Client 106,Pharma & Healthcare,15,61076.53,2025-04-18,2025-05-03,closed,2025-05-16,28,13,False,False,average_payer
INV13002807,B013,B013-C1106,Pharma Client 106,Pharma & Healthcare,15,71916.51,2025-04-28,2025-05-13,closed,2025-05-15,17,2,False,False,average_payer
INV13002808,B013,B013-C1106,Pharma Client 106,Pharma & Healthcare,15,566032.37,2025-05-01,2025-05-16,closed,2025-05-29,28,13,False,True,average_payer
INV13002809,B013,B013-C1106,Pharma Client 106,Pharma & Healthcare,15,110486.06,2025-05-19,2025-06-03,closed,2025-06-10,22,7,False,False,average_payer
INV13002810,B013,B013-C1106,Pharma Client 106,Pharma & Healthcare,15,107626.48,2025-06-05,2025-06-20,closed,2025-06-29,24,9,False,False,average_payer
INV13002811,B013,B013-C1106,Pharma Client 106,Pharma & Healthcare,15,81946.43,2025-06-14,2025-06-29,closed,2025-07-05,21,6,False,False,average_payer
INV13002812,B013,B013-C1106,Pharma Client 106,Pharma & Healthcare,15,83852.97,2025-08-03,2025-08-18,closed,2025-08-22,19,4,False,False,average_payer
INV13002813,B013,B013-C1106,Pharma Client 106,Pharma & Healthcare,15,90745.72,2025-08-22,2025-09-06,closed,2025-09-06,15,0,False,False,average_payer
INV13002814,B013,B013-C1106,Pharma Client 106,Pharma & Healthcare,15,111484.91,2025-09-10,2025-09-25,closed,2025-09-28,18,3,False,False,average_payer
INV13002815,B013,B013-C1106,Pharma Client 106,Pharma & Healthcare,15,91171.12,2025-09-12,2025-09-27,closed,2025-10-02,20,5,False,False,average_payer
INV13002816,B013,B013-C1106,Pharma Client 106,Pharma & Healthcare,15,69784.53,2025-09-28,2025-10-13,closed,2025-10-10,12,-3,False,False,average_payer
INV13002817,B013,B013-C1106,Pharma Client 106,Pharma & Healthcare,15,117198.44,2025-10-15,2025-10-30,closed,2025-11-05,21,6,False,False,average_payer
INV13002818,B013,B013-C1106,Pharma Client 106,Pharma & Healthcare,15,54873.27,2025-11-04,2025-11-19,closed,2025-11-23,19,4,False,False,average_payer
INV13002819,B013,B013-C1106,Pharma Client 106,Pharma & Healthcare,15,53145.74,2025-11-12,2025-11-27,closed,2025-12-09,27,12,False,False,average_payer
INV13002820,B013,B013-C1106,Pharma Client 106,Pharma & Healthcare,15,61220.4,2025-11-22,2025-12-07,closed,2025-12-13,21,6,False,False,average_payer
INV13002821,B013,B013-C1106,Pharma Client 106,Pharma & Healthcare,15,87305.54,2025-12-13,2025-12-28,closed,2025-12-27,14,-1,True,False,average_payer
INV13002822,B013,B013-C1106,Pharma Client 106,Pharma & Healthcare,15,143658.45,2026-01-26,2026-02-10,closed,2026-02-28,33,18,False,False,average_payer
INV13002823,B013,B013-C1106,Pharma Client 106,Pharma & Healthcare,15,67331.72,2026-03-03,2026-03-18,closed,2026-03-20,17,2,False,False,average_payer
INV13002824,B013,B013-C1106,Pharma Client 106,Pharma & Healthcare,15,94278.16,2026-03-25,2026-04-09,closed,2026-04-18,24,9,False,False,average_payer
INV13002825,B013,B013-C1106,Pharma Client 106,Pharma & Healthcare,15,91547.96,2026-04-02,2026-04-17,closed,2026-05-03,31,16,False,False,average_payer
INV13002826,B013,B013-C1106,Pharma Client 106,Pharma & Healthcare,15,78039.94,2026-04-26,2026-05-11,closed,2026-05-17,21,6,False,False,average_payer
INV13002827,B013,B013-C1106,Pharma Client 106,Pharma & Healthcare,15,66814.58,2026-05-11,2026-05-26,closed,2026-06-09,29,14,False,False,average_payer
INV13002828,B013,B013-C1106,Pharma Client 106,Pharma & Healthcare,15,80990.29,2026-06-19,2026-07-04,closed,2026-07-01,12,-3,False,False,average_payer
INV13002829,B013,B013-C1106,Pharma Client 106,Pharma & Healthcare,15,115160.38,2026-07-03,2026-07-18,closed,2026-07-24,21,6,False,False,average_payer
INV13002830,B013,B013-C1106,Pharma Client 106,Pharma & Healthcare,15,47791.92,2026-08-13,2026-08-28,closed,2026-08-22,9,-6,False,False,average_payer
INV13002831,B013,B013-C1106,Pharma Client 106,Pharma & Healthcare,15,153005.07,2026-08-30,2026-09-14,disputed_open,,,,False,False,average_payer
INV13002832,B013,B013-C1107,Construction Client 107,Construction & Infra,30,117075.95,2024-07-16,2024-08-15,closed,2024-09-13,59,29,False,False,chronic_late_payer
INV13002833,B013,B013-C1107,Construction Client 107,Construction & Infra,30,148605.98,2024-10-29,2024-11-28,closed,2025-01-03,66,36,False,False,chronic_late_payer
INV13002834,B013,B013-C1107,Construction Client 107,Construction & Infra,30,108940.49,2024-11-11,2024-12-11,closed,2025-01-12,62,32,False,False,chronic_late_payer
INV13002835,B013,B013-C1107,Construction Client 107,Construction & Infra,30,504529.64,2024-12-18,2025-01-17,closed,2025-02-18,62,32,False,True,chronic_late_payer
INV13002836,B013,B013-C1107,Construction Client 107,Construction & Infra,30,352516.15,2024-12-29,2025-01-28,closed,2025-02-18,51,21,False,False,chronic_late_payer
INV13002837,B013,B013-C1107,Construction Client 107,Construction & Infra,30,202804.85,2024-12-31,2025-01-30,closed,2025-02-20,51,21,False,False,chronic_late_payer
INV13002838,B013,B013-C1107,Construction Client 107,Construction & Infra,30,84673.66,2025-01-03,2025-02-02,closed,2025-02-25,53,23,False,False,chronic_late_payer
INV13002839,B013,B013-C1107,Construction Client 107,Construction & Infra,30,158299.41,2025-03-18,2025-04-17,disputed_open,,,,False,False,chronic_late_payer
INV13002840,B013,B013-C1107,Construction Client 107,Construction & Infra,30,79718.43,2025-04-22,2025-05-22,closed,2025-06-12,51,21,False,False,chronic_late_payer
INV13002841,B013,B013-C1107,Construction Client 107,Construction & Infra,30,232241.22,2025-05-17,2025-06-16,closed,2025-07-12,56,26,False,False,chronic_late_payer
INV13002842,B013,B013-C1107,Construction Client 107,Construction & Infra,30,142341.79,2025-07-01,2025-07-31,closed,2025-09-09,70,40,False,False,chronic_late_payer
INV13002843,B013,B013-C1107,Construction Client 107,Construction & Infra,30,185205.63,2025-11-01,2025-12-01,disputed_open,,,,False,False,chronic_late_payer
INV13002844,B013,B013-C1107,Construction Client 107,Construction & Infra,30,151335.64,2025-11-04,2025-12-04,closed,2026-01-30,87,57,False,False,chronic_late_payer
INV13002845,B013,B013-C1107,Construction Client 107,Construction & Infra,30,223733.55,2025-11-17,2025-12-17,closed,2026-01-05,49,19,False,False,chronic_late_payer
INV13002846,B013,B013-C1107,Construction Client 107,Construction & Infra,30,161716.37,2026-01-04,2026-02-03,closed,2026-03-24,79,49,False,False,chronic_late_payer
INV13002847,B013,B013-C1107,Construction Client 107,Construction & Infra,30,128576.85,2026-02-04,2026-03-06,closed,2026-03-31,55,25,False,False,chronic_late_payer
INV13002848,B013,B013-C1107,Construction Client 107,Construction & Infra,30,183856.29,2026-03-16,2026-04-15,closed,2026-05-20,65,35,False,False,chronic_late_payer
INV13002849,B013,B013-C1107,Construction Client 107,Construction & Infra,30,178560.83,2026-03-21,2026-04-20,closed,2026-05-04,44,14,False,False,chronic_late_payer
INV13002850,B013,B013-C1107,Construction Client 107,Construction & Infra,30,209055.33,2026-05-02,2026-06-01,closed,2026-06-15,44,14,False,False,chronic_late_payer
INV13002851,B013,B013-C1107,Construction Client 107,Construction & Infra,30,107676.11,2026-05-15,2026-06-14,closed,2026-08-10,87,57,False,False,chronic_late_payer
INV13002852,B013,B013-C1107,Construction Client 107,Construction & Infra,30,137153.9,2026-06-06,2026-07-06,closed,2026-07-30,54,24,False,False,chronic_late_payer
INV13002853,B013,B013-C1107,Construction Client 107,Construction & Infra,30,113965.98,2026-07-27,2026-08-26,open,,,,False,False,chronic_late_payer
INV13002854,B013,B013-C1107,Construction Client 107,Construction & Infra,30,234599.86,2026-08-30,2026-09-29,disputed_open,,,,False,False,chronic_late_payer
INV13002855,B013,B013-C1108,Pharma Client 108,Pharma & Healthcare,45,74356.78,2024-04-24,2024-06-08,closed,2024-06-28,65,20,False,False,chronic_late_payer
INV13002856,B013,B013-C1108,Pharma Client 108,Pharma & Healthcare,45,84553.29,2024-05-07,2024-06-21,closed,2024-07-21,75,30,False,False,chronic_late_payer
INV13002857,B013,B013-C1108,Pharma Client 108,Pharma & Healthcare,45,90593.33,2024-05-10,2024-06-24,closed,2024-07-16,67,22,False,False,chronic_late_payer
INV13002858,B013,B013-C1108,Pharma Client 108,Pharma & Healthcare,45,63564.82,2024-05-14,2024-06-28,closed,2024-07-23,70,25,False,False,chronic_late_payer
INV13002859,B013,B013-C1108,Pharma Client 108,Pharma & Healthcare,45,93769.33,2024-05-15,2024-06-29,closed,2024-08-08,85,40,False,False,chronic_late_payer
INV13002860,B013,B013-C1108,Pharma Client 108,Pharma & Healthcare,45,78463.69,2024-05-30,2024-07-14,closed,2024-08-13,75,30,False,False,chronic_late_payer
INV13002861,B013,B013-C1108,Pharma Client 108,Pharma & Healthcare,45,100690.41,2024-06-03,2024-07-18,closed,2024-08-06,64,19,False,False,chronic_late_payer
INV13002862,B013,B013-C1108,Pharma Client 108,Pharma & Healthcare,45,94286.15,2024-08-20,2024-10-04,closed,2024-11-04,76,31,False,False,chronic_late_payer
INV13002863,B013,B013-C1108,Pharma Client 108,Pharma & Healthcare,45,55444.3,2024-08-26,2024-10-10,closed,2024-11-10,76,31,False,False,chronic_late_payer
INV13002864,B013,B013-C1108,Pharma Client 108,Pharma & Healthcare,45,57245.73,2024-08-28,2024-10-12,closed,2024-11-24,88,43,False,False,chronic_late_payer
INV13002865,B013,B013-C1108,Pharma Client 108,Pharma & Healthcare,45,60409.12,2024-08-29,2024-10-13,closed,2024-10-27,59,14,False,False,chronic_late_payer
INV13002866,B013,B013-C1108,Pharma Client 108,Pharma & Healthcare,45,70225.16,2024-09-16,2024-10-31,closed,2024-11-14,59,14,False,False,chronic_late_payer
INV13002867,B013,B013-C1108,Pharma Client 108,Pharma & Healthcare,45,80708.68,2024-10-22,2024-12-06,open,,,,False,False,chronic_late_payer
INV13002868,B013,B013-C1108,Pharma Client 108,Pharma & Healthcare,45,105451.02,2024-11-21,2025-01-05,closed,2025-01-26,66,21,False,False,chronic_late_payer
INV13002869,B013,B013-C1108,Pharma Client 108,Pharma & Healthcare,45,76196.01,2024-11-22,2025-01-06,closed,2025-01-24,63,18,False,False,chronic_late_payer
INV13002870,B013,B013-C1108,Pharma Client 108,Pharma & Healthcare,45,72834.51,2024-12-18,2025-02-01,closed,2025-03-24,96,51,False,False,chronic_late_payer
INV13002871,B013,B013-C1108,Pharma Client 108,Pharma & Healthcare,45,85305.16,2025-01-17,2025-03-03,closed,2025-03-29,71,26,False,False,chronic_late_payer
INV13002872,B013,B013-C1108,Pharma Client 108,Pharma & Healthcare,45,115022.12,2025-01-30,2025-03-16,closed,2025-05-03,93,48,False,False,chronic_late_payer
INV13002873,B013,B013-C1108,Pharma Client 108,Pharma & Healthcare,45,94379.35,2025-02-01,2025-03-18,closed,2025-04-10,68,23,False,False,chronic_late_payer
INV13002874,B013,B013-C1108,Pharma Client 108,Pharma & Healthcare,45,111525.38,2025-03-17,2025-05-01,closed,2025-05-21,65,20,False,False,chronic_late_payer
INV13002875,B013,B013-C1108,Pharma Client 108,Pharma & Healthcare,45,92680.54,2025-04-05,2025-05-20,open,,,,False,False,chronic_late_payer
INV13002876,B013,B013-C1108,Pharma Client 108,Pharma & Healthcare,45,75830.65,2025-04-27,2025-06-11,closed,2025-07-30,94,49,False,False,chronic_late_payer
INV13002877,B013,B013-C1108,Pharma Client 108,Pharma & Healthcare,45,92527.19,2025-06-10,2025-07-25,closed,2025-08-30,81,36,False,False,chronic_late_payer
INV13002878,B013,B013-C1108,Pharma Client 108,Pharma & Healthcare,45,75528.78,2025-07-26,2025-09-09,closed,2025-10-22,88,43,False,False,chronic_late_payer
INV13002879,B013,B013-C1108,Pharma Client 108,Pharma & Healthcare,45,94342.93,2025-07-30,2025-09-13,closed,2025-11-07,100,55,False,False,chronic_late_payer
INV13002880,B013,B013-C1108,Pharma Client 108,Pharma & Healthcare,45,94497.35,2025-08-13,2025-09-27,closed,2025-11-13,92,47,False,False,chronic_late_payer
INV13002881,B013,B013-C1108,Pharma Client 108,Pharma & Healthcare,45,122094.91,2025-09-13,2025-10-28,closed,2025-11-19,67,22,False,False,chronic_late_payer
INV13002882,B013,B013-C1108,Pharma Client 108,Pharma & Healthcare,45,67932.93,2025-09-23,2025-11-07,closed,2025-12-11,79,34,False,False,chronic_late_payer
INV13002883,B013,B013-C1108,Pharma Client 108,Pharma & Healthcare,45,53752.75,2025-09-26,2025-11-10,closed,2025-11-26,61,16,False,False,chronic_late_payer
INV13002884,B013,B013-C1108,Pharma Client 108,Pharma & Healthcare,45,137846.08,2025-10-02,2025-11-16,closed,2025-12-21,80,35,False,False,chronic_late_payer
INV13002885,B013,B013-C1108,Pharma Client 108,Pharma & Healthcare,45,112197.32,2025-12-03,2026-01-17,closed,2026-03-01,88,43,False,False,chronic_late_payer
INV13002886,B013,B013-C1108,Pharma Client 108,Pharma & Healthcare,45,104103.97,2025-12-12,2026-01-26,closed,2026-03-11,89,44,False,False,chronic_late_payer
INV13002887,B013,B013-C1108,Pharma Client 108,Pharma & Healthcare,45,134534.3,2025-12-13,2026-01-27,open,,,,False,False,chronic_late_payer
INV13002888,B013,B013-C1108,Pharma Client 108,Pharma & Healthcare,45,152609.25,2026-03-01,2026-04-15,closed,2026-05-28,88,43,False,False,chronic_late_payer
INV13002889,B013,B013-C1108,Pharma Client 108,Pharma & Healthcare,45,83680.95,2026-04-13,2026-05-28,closed,2026-07-20,98,53,False,False,chronic_late_payer
INV13002890,B013,B013-C1108,Pharma Client 108,Pharma & Healthcare,45,55948.85,2026-05-03,2026-06-17,closed,2026-08-10,99,54,False,False,chronic_late_payer
INV13002891,B013,B013-C1108,Pharma Client 108,Pharma & Healthcare,45,59430.71,2026-05-18,2026-07-02,closed,2026-08-23,97,52,False,False,chronic_late_payer
INV13002892,B013,B013-C1108,Pharma Client 108,Pharma & Healthcare,45,50857.04,2026-07-06,2026-08-20,open,,,,False,False,chronic_late_payer
INV13002893,B013,B013-C1108,Pharma Client 108,Pharma & Healthcare,45,111048.18,2026-08-11,2026-09-25,open,,,,False,False,chronic_late_payer
INV13002894,B013,B013-C1109,Chemicals Client 109,Chemicals & Plastics,45,246358.18,2024-03-16,2024-04-30,closed,2024-05-16,61,16,False,False,average_payer
INV13002895,B013,B013-C1109,Chemicals Client 109,Chemicals & Plastics,45,130116.86,2024-04-11,2024-05-26,open,,,,False,False,average_payer
INV13002896,B013,B013-C1109,Chemicals Client 109,Chemicals & Plastics,45,159377.95,2024-04-22,2024-06-06,open,,,,False,False,average_payer
INV13002897,B013,B013-C1109,Chemicals Client 109,Chemicals & Plastics,45,179682.49,2024-05-27,2024-07-11,closed,2024-07-17,51,6,False,False,average_payer
INV13002898,B013,B013-C1109,Chemicals Client 109,Chemicals & Plastics,45,157173.05,2024-06-02,2024-07-17,closed,2024-07-15,43,-2,False,False,average_payer
INV13002899,B013,B013-C1109,Chemicals Client 109,Chemicals & Plastics,45,131395.21,2024-06-27,2024-08-11,closed,2024-08-12,46,1,False,False,average_payer
INV13002900,B013,B013-C1109,Chemicals Client 109,Chemicals & Plastics,45,160383.16,2024-08-15,2024-09-29,closed,2024-09-26,42,-3,False,False,average_payer
INV13002901,B013,B013-C1109,Chemicals Client 109,Chemicals & Plastics,45,140970.91,2024-09-02,2024-10-17,closed,2024-10-26,54,9,False,False,average_payer
INV13002902,B013,B013-C1109,Chemicals Client 109,Chemicals & Plastics,45,155354.46,2024-09-02,2024-10-17,closed,2024-10-20,48,3,True,False,average_payer
INV13002903,B013,B013-C1109,Chemicals Client 109,Chemicals & Plastics,45,143689.66,2024-09-11,2024-10-26,closed,2024-11-04,54,9,False,False,average_payer
INV13002904,B013,B013-C1109,Chemicals Client 109,Chemicals & Plastics,45,87380.39,2024-09-24,2024-11-08,closed,2024-11-21,58,13,False,False,average_payer
INV13002905,B013,B013-C1109,Chemicals Client 109,Chemicals & Plastics,45,96055.92,2024-09-26,2024-11-10,closed,2024-11-11,46,1,False,False,average_payer
INV13002906,B013,B013-C1109,Chemicals Client 109,Chemicals & Plastics,45,134751.37,2024-11-27,2025-01-11,closed,2025-01-22,56,11,False,False,average_payer
INV13002907,B013,B013-C1109,Chemicals Client 109,Chemicals & Plastics,45,197394.82,2024-12-25,2025-02-08,closed,2025-02-18,55,10,False,False,average_payer
INV13002908,B013,B013-C1109,Chemicals Client 109,Chemicals & Plastics,45,106393.97,2025-02-01,2025-03-18,closed,2025-03-22,49,4,False,False,average_payer
INV13002909,B013,B013-C1109,Chemicals Client 109,Chemicals & Plastics,45,201681.82,2025-02-16,2025-04-02,closed,2025-04-04,47,2,False,False,average_payer
INV13002910,B013,B013-C1109,Chemicals Client 109,Chemicals & Plastics,45,134129.83,2025-02-27,2025-04-13,closed,2025-04-16,48,3,False,False,average_payer
INV13002911,B013,B013-C1109,Chemicals Client 109,Chemicals & Plastics,45,139160.39,2025-03-07,2025-04-21,closed,2025-04-20,44,-1,False,False,average_payer
INV13002912,B013,B013-C1109,Chemicals Client 109,Chemicals & Plastics,45,179330.93,2025-03-23,2025-05-07,closed,2025-05-17,55,10,False,False,average_payer
INV13002913,B013,B013-C1109,Chemicals Client 109,Chemicals & Plastics,45,119241.25,2025-03-24,2025-05-08,closed,2025-05-11,48,3,False,False,average_payer
INV13002914,B013,B013-C1109,Chemicals Client 109,Chemicals & Plastics,45,122088.7,2025-04-03,2025-05-18,closed,2025-05-21,48,3,False,False,average_payer
INV13002915,B013,B013-C1109,Chemicals Client 109,Chemicals & Plastics,45,173365.35,2025-04-06,2025-05-21,closed,2025-05-26,50,5,False,False,average_payer
INV13002916,B013,B013-C1109,Chemicals Client 109,Chemicals & Plastics,45,136712.08,2025-04-30,2025-06-14,closed,2025-06-24,55,10,False,False,average_payer
INV13002917,B013,B013-C1109,Chemicals Client 109,Chemicals & Plastics,45,93031.15,2025-05-05,2025-06-19,closed,2025-06-20,46,1,False,False,average_payer
INV13002918,B013,B013-C1109,Chemicals Client 109,Chemicals & Plastics,45,172752.27,2025-07-09,2025-08-23,closed,2025-09-06,59,14,False,False,average_payer
INV13002919,B013,B013-C1109,Chemicals Client 109,Chemicals & Plastics,45,116177.33,2025-07-26,2025-09-09,closed,2025-09-21,57,12,False,False,average_payer
INV13002920,B013,B013-C1109,Chemicals Client 109,Chemicals & Plastics,45,120412.49,2025-08-15,2025-09-29,closed,2025-10-15,61,16,False,False,average_payer
INV13002921,B013,B013-C1109,Chemicals Client 109,Chemicals & Plastics,45,244656.22,2025-08-18,2025-10-02,closed,2025-10-07,50,5,False,False,average_payer
INV13002922,B013,B013-C1109,Chemicals Client 109,Chemicals & Plastics,45,175910.97,2025-08-25,2025-10-09,closed,2025-10-05,41,-4,False,False,average_payer
INV13002923,B013,B013-C1109,Chemicals Client 109,Chemicals & Plastics,45,171888.5,2025-09-10,2025-10-25,closed,2025-11-04,55,10,False,False,average_payer
INV13002924,B013,B013-C1109,Chemicals Client 109,Chemicals & Plastics,45,124789.99,2025-09-13,2025-10-28,closed,2025-11-04,52,7,False,False,average_payer
INV13002925,B013,B013-C1109,Chemicals Client 109,Chemicals & Plastics,45,244699.62,2025-09-25,2025-11-09,closed,2025-11-23,59,14,False,False,average_payer
INV13002926,B013,B013-C1109,Chemicals Client 109,Chemicals & Plastics,45,93436.45,2025-10-14,2025-11-28,closed,2025-12-07,54,9,False,False,average_payer
INV13002927,B013,B013-C1109,Chemicals Client 109,Chemicals & Plastics,45,605880.37,2025-11-04,2025-12-19,closed,2025-12-24,50,5,False,True,average_payer
INV13002928,B013,B013-C1109,Chemicals Client 109,Chemicals & Plastics,45,89452.25,2025-11-05,2025-12-20,closed,2025-12-29,54,9,False,False,average_payer
INV13002929,B013,B013-C1109,Chemicals Client 109,Chemicals & Plastics,45,124674.15,2025-11-25,2026-01-09,closed,2026-01-07,43,-2,False,False,average_payer
INV13002930,B013,B013-C1109,Chemicals Client 109,Chemicals & Plastics,45,130429.0,2025-11-28,2026-01-12,closed,2026-01-24,57,12,False,False,average_payer
INV13002931,B013,B013-C1109,Chemicals Client 109,Chemicals & Plastics,45,209987.04,2025-12-08,2026-01-22,closed,2026-01-31,54,9,False,False,average_payer
INV13002932,B013,B013-C1109,Chemicals Client 109,Chemicals & Plastics,45,181310.97,2025-12-17,2026-01-31,closed,2026-02-10,55,10,False,False,average_payer
INV13002933,B013,B013-C1109,Chemicals Client 109,Chemicals & Plastics,45,144687.11,2025-12-21,2026-02-04,closed,2026-02-16,57,12,False,False,average_payer
INV13002934,B013,B013-C1109,Chemicals Client 109,Chemicals & Plastics,45,188201.4,2026-03-01,2026-04-15,closed,2026-04-14,44,-1,False,False,average_payer
INV13002935,B013,B013-C1109,Chemicals Client 109,Chemicals & Plastics,45,116267.89,2026-03-01,2026-04-15,closed,2026-04-30,60,15,False,False,average_payer
INV13002936,B013,B013-C1109,Chemicals Client 109,Chemicals & Plastics,45,195589.97,2026-03-16,2026-04-30,closed,2026-04-29,44,-1,False,False,average_payer
INV13002937,B013,B013-C1109,Chemicals Client 109,Chemicals & Plastics,45,138754.03,2026-04-13,2026-05-28,closed,2026-06-02,50,5,False,False,average_payer
INV13002938,B013,B013-C1109,Chemicals Client 109,Chemicals & Plastics,45,118223.6,2026-04-16,2026-05-31,closed,2026-05-31,45,0,False,False,average_payer
INV13002939,B013,B013-C1109,Chemicals Client 109,Chemicals & Plastics,45,162297.84,2026-04-20,2026-06-04,closed,2026-06-06,47,2,False,False,average_payer
INV13002940,B013,B013-C1109,Chemicals Client 109,Chemicals & Plastics,45,198417.8,2026-04-24,2026-06-08,closed,2026-06-15,52,7,False,False,average_payer
INV13002941,B013,B013-C1109,Chemicals Client 109,Chemicals & Plastics,45,110630.33,2026-06-02,2026-07-17,closed,2026-07-21,49,4,True,False,average_payer
INV13002942,B013,B013-C1109,Chemicals Client 109,Chemicals & Plastics,45,108370.17,2026-09-01,2026-10-16,disputed_open,,,,False,False,average_payer
INV13002943,B013,B013-C1110,Chemicals Client 110,Chemicals & Plastics,30,14662.6,2024-05-09,2024-06-08,closed,2024-06-06,28,-2,False,False,prompt_payer
INV13002944,B013,B013-C1110,Chemicals Client 110,Chemicals & Plastics,30,29028.6,2024-05-13,2024-06-12,closed,2024-06-09,27,-3,False,False,prompt_payer
INV13002945,B013,B013-C1110,Chemicals Client 110,Chemicals & Plastics,30,31359.69,2024-05-26,2024-06-25,closed,2024-06-30,35,5,False,False,prompt_payer
INV13002946,B013,B013-C1110,Chemicals Client 110,Chemicals & Plastics,30,17702.65,2024-06-26,2024-07-26,closed,2024-07-27,31,1,False,False,prompt_payer
INV13002947,B013,B013-C1110,Chemicals Client 110,Chemicals & Plastics,30,40145.81,2024-07-25,2024-08-24,closed,2024-08-19,25,-5,False,False,prompt_payer
INV13002948,B013,B013-C1110,Chemicals Client 110,Chemicals & Plastics,30,42460.52,2024-07-27,2024-08-26,closed,2024-08-27,31,1,False,False,prompt_payer
INV13002949,B013,B013-C1110,Chemicals Client 110,Chemicals & Plastics,30,27638.16,2024-08-22,2024-09-21,closed,2024-09-23,32,2,False,False,prompt_payer
INV13002950,B013,B013-C1110,Chemicals Client 110,Chemicals & Plastics,30,13746.38,2024-10-01,2024-10-31,closed,2024-10-28,27,-3,False,False,prompt_payer
INV13002951,B013,B013-C1110,Chemicals Client 110,Chemicals & Plastics,30,26573.42,2024-10-08,2024-11-07,closed,2024-11-01,24,-6,False,False,prompt_payer
INV13002952,B013,B013-C1110,Chemicals Client 110,Chemicals & Plastics,30,30769.73,2025-01-17,2025-02-16,closed,2025-02-20,34,4,False,False,prompt_payer
INV13002953,B013,B013-C1110,Chemicals Client 110,Chemicals & Plastics,30,42598.01,2025-01-26,2025-02-25,closed,2025-03-01,34,4,False,False,prompt_payer
INV13002954,B013,B013-C1110,Chemicals Client 110,Chemicals & Plastics,30,20521.95,2025-02-21,2025-03-23,closed,2025-03-25,32,2,False,False,prompt_payer
INV13002955,B013,B013-C1110,Chemicals Client 110,Chemicals & Plastics,30,26375.78,2025-02-23,2025-03-25,closed,2025-03-21,26,-4,False,False,prompt_payer
INV13002956,B013,B013-C1110,Chemicals Client 110,Chemicals & Plastics,30,32041.88,2025-03-11,2025-04-10,closed,2025-04-13,33,3,False,False,prompt_payer
INV13002957,B013,B013-C1110,Chemicals Client 110,Chemicals & Plastics,30,18701.22,2025-03-29,2025-04-28,closed,2025-05-02,34,4,False,False,prompt_payer
INV13002958,B013,B013-C1110,Chemicals Client 110,Chemicals & Plastics,30,21512.19,2025-04-11,2025-05-11,closed,2025-05-12,31,1,False,False,prompt_payer
INV13002959,B013,B013-C1110,Chemicals Client 110,Chemicals & Plastics,30,26498.01,2025-04-13,2025-05-13,closed,2025-05-12,29,-1,False,False,prompt_payer
INV13002960,B013,B013-C1110,Chemicals Client 110,Chemicals & Plastics,30,19057.89,2025-05-01,2025-05-31,closed,2025-05-22,21,-9,False,False,prompt_payer
INV13002961,B013,B013-C1110,Chemicals Client 110,Chemicals & Plastics,30,22234.72,2025-05-04,2025-06-03,closed,2025-06-07,34,4,False,False,prompt_payer
INV13002962,B013,B013-C1110,Chemicals Client 110,Chemicals & Plastics,30,29478.75,2025-07-07,2025-08-06,closed,2025-08-03,27,-3,False,False,prompt_payer
INV13002963,B013,B013-C1110,Chemicals Client 110,Chemicals & Plastics,30,26704.7,2025-07-24,2025-08-23,closed,2025-08-22,29,-1,False,False,prompt_payer
INV13002964,B013,B013-C1110,Chemicals Client 110,Chemicals & Plastics,30,27803.57,2025-07-26,2025-08-25,closed,2025-08-20,25,-5,False,False,prompt_payer
INV13002965,B013,B013-C1110,Chemicals Client 110,Chemicals & Plastics,30,24102.03,2025-08-12,2025-09-11,closed,2025-09-07,26,-4,False,False,prompt_payer
INV13002966,B013,B013-C1110,Chemicals Client 110,Chemicals & Plastics,30,14288.63,2025-09-07,2025-10-07,closed,2025-10-08,31,1,False,False,prompt_payer
INV13002967,B013,B013-C1110,Chemicals Client 110,Chemicals & Plastics,30,22377.88,2025-10-09,2025-11-08,closed,2025-11-06,28,-2,False,False,prompt_payer
INV13002968,B013,B013-C1110,Chemicals Client 110,Chemicals & Plastics,30,33321.07,2025-10-15,2025-11-14,closed,2025-11-07,23,-7,False,False,prompt_payer
INV13002969,B013,B013-C1110,Chemicals Client 110,Chemicals & Plastics,30,24513.84,2025-10-23,2025-11-22,closed,2025-11-19,27,-3,False,False,prompt_payer
INV13002970,B013,B013-C1110,Chemicals Client 110,Chemicals & Plastics,30,25539.26,2025-11-17,2025-12-17,closed,2025-12-19,32,2,False,False,prompt_payer
INV13002971,B013,B013-C1110,Chemicals Client 110,Chemicals & Plastics,30,24452.06,2025-11-23,2025-12-23,closed,2025-12-19,26,-4,False,False,prompt_payer
INV13002972,B013,B013-C1110,Chemicals Client 110,Chemicals & Plastics,30,23835.38,2025-12-21,2026-01-20,closed,2026-01-19,29,-1,False,False,prompt_payer
INV13002973,B013,B013-C1110,Chemicals Client 110,Chemicals & Plastics,30,49840.37,2026-01-04,2026-02-03,closed,2026-01-31,27,-3,False,False,prompt_payer
INV13002974,B013,B013-C1110,Chemicals Client 110,Chemicals & Plastics,30,41728.13,2026-01-07,2026-02-06,closed,2026-02-10,34,4,False,False,prompt_payer
INV13002975,B013,B013-C1110,Chemicals Client 110,Chemicals & Plastics,30,14177.68,2026-01-27,2026-02-26,closed,2026-02-22,26,-4,False,False,prompt_payer
INV13002976,B013,B013-C1110,Chemicals Client 110,Chemicals & Plastics,30,24647.94,2026-02-06,2026-03-08,closed,2026-03-10,32,2,False,False,prompt_payer
INV13002977,B013,B013-C1110,Chemicals Client 110,Chemicals & Plastics,30,18387.22,2026-02-28,2026-03-30,disputed_open,,,,False,False,prompt_payer
INV13002978,B013,B013-C1110,Chemicals Client 110,Chemicals & Plastics,30,22344.34,2026-03-12,2026-04-11,closed,2026-04-08,27,-3,False,False,prompt_payer
INV13002979,B013,B013-C1110,Chemicals Client 110,Chemicals & Plastics,30,33016.94,2026-03-30,2026-04-29,closed,2026-04-29,30,0,False,False,prompt_payer
INV13002980,B013,B013-C1110,Chemicals Client 110,Chemicals & Plastics,30,28841.4,2026-04-19,2026-05-19,closed,2026-05-14,25,-5,False,False,prompt_payer
INV13002981,B013,B013-C1110,Chemicals Client 110,Chemicals & Plastics,30,19366.11,2026-04-25,2026-05-25,closed,2026-05-28,33,3,False,False,prompt_payer
INV13002982,B013,B013-C1110,Chemicals Client 110,Chemicals & Plastics,30,25758.48,2026-05-05,2026-06-04,closed,2026-06-07,33,3,False,False,prompt_payer
INV13002983,B013,B013-C1110,Chemicals Client 110,Chemicals & Plastics,30,102405.05,2026-05-19,2026-06-18,closed,2026-06-17,29,-1,False,True,prompt_payer
INV13002984,B013,B013-C1110,Chemicals Client 110,Chemicals & Plastics,30,55654.25,2026-07-01,2026-07-31,closed,2026-08-03,33,3,False,False,prompt_payer
INV13002985,B013,B013-C1110,Chemicals Client 110,Chemicals & Plastics,30,21051.78,2026-08-06,2026-09-05,closed,2026-09-02,27,-3,False,False,prompt_payer
INV13002986,B013,B013-C1110,Chemicals Client 110,Chemicals & Plastics,30,24613.49,2026-08-19,2026-09-18,open,,,,False,False,prompt_payer
INV13002987,B013,B013-C1111,Retail Client 111,Retail & Distribution,45,119029.06,2026-04-03,2026-05-18,closed,2026-06-03,61,16,False,False,cold_start
INV13002988,B013,B013-C1111,Retail Client 111,Retail & Distribution,45,124793.65,2026-04-10,2026-05-25,closed,2026-05-19,39,-6,False,False,cold_start
INV13002989,B013,B013-C1112,Retail Client 112,Retail & Distribution,90,58424.25,2024-05-29,2024-08-27,closed,2024-09-14,108,18,False,False,cold_start
INV13002990,B013,B013-C1112,Retail Client 112,Retail & Distribution,90,88370.99,2025-11-28,2026-02-26,closed,2026-03-20,112,22,False,False,cold_start
INV13002991,B013,B013-C1113,Auto Client 113,Auto Components,45,52495.99,2024-04-29,2024-06-13,closed,2024-06-13,45,0,False,False,deteriorating_payer
INV13002992,B013,B013-C1113,Auto Client 113,Auto Components,45,78749.65,2024-08-04,2024-09-18,closed,2024-09-16,43,-2,False,False,deteriorating_payer
INV13002993,B013,B013-C1113,Auto Client 113,Auto Components,45,64270.81,2024-12-30,2025-02-13,closed,2025-02-26,58,13,False,False,deteriorating_payer
INV13002994,B013,B013-C1113,Auto Client 113,Auto Components,45,61315.06,2025-01-24,2025-03-10,closed,2025-03-28,63,18,False,False,deteriorating_payer
INV13002995,B013,B013-C1113,Auto Client 113,Auto Components,45,46016.51,2025-02-12,2025-03-29,closed,2025-04-17,64,19,False,False,deteriorating_payer
INV13002996,B013,B013-C1113,Auto Client 113,Auto Components,45,63715.06,2025-02-19,2025-04-05,closed,2025-04-15,55,10,False,False,deteriorating_payer
INV13002997,B013,B013-C1113,Auto Client 113,Auto Components,45,56302.46,2025-04-11,2025-05-26,closed,2025-06-11,61,16,False,False,deteriorating_payer
INV13002998,B013,B013-C1113,Auto Client 113,Auto Components,45,73777.98,2025-05-13,2025-06-27,closed,2025-08-26,105,60,False,False,deteriorating_payer
INV13002999,B013,B013-C1113,Auto Client 113,Auto Components,45,42651.39,2025-06-20,2025-08-04,closed,2025-08-28,69,24,False,False,deteriorating_payer
INV13003000,B013,B013-C1113,Auto Client 113,Auto Components,45,57256.82,2025-09-10,2025-10-25,closed,2025-11-21,72,27,False,False,deteriorating_payer
INV13003001,B013,B013-C1113,Auto Client 113,Auto Components,45,43208.15,2025-11-05,2025-12-20,closed,2026-01-03,59,14,False,False,deteriorating_payer
INV13003002,B013,B013-C1113,Auto Client 113,Auto Components,45,44500.5,2025-12-06,2026-01-20,closed,2026-03-01,85,40,False,False,deteriorating_payer
INV13003003,B013,B013-C1113,Auto Client 113,Auto Components,45,57287.89,2026-01-09,2026-02-23,closed,2026-03-25,75,30,False,False,deteriorating_payer
INV13003004,B013,B013-C1113,Auto Client 113,Auto Components,45,40794.56,2026-04-26,2026-06-10,closed,2026-06-21,56,11,False,False,deteriorating_payer
INV13003005,B013,B013-C1113,Auto Client 113,Auto Components,45,59272.38,2026-05-04,2026-06-18,closed,2026-07-30,87,42,False,False,deteriorating_payer
INV13003006,B013,B013-C1113,Auto Client 113,Auto Components,45,97378.82,2026-05-28,2026-07-12,open,,,,False,False,deteriorating_payer
INV13003007,B013,B013-C1114,Metal Client 114,Metal & Engineering,15,27493.88,2024-03-23,2024-04-07,closed,2024-05-08,46,31,False,False,chronic_late_payer
INV13003008,B013,B013-C1114,Metal Client 114,Metal & Engineering,15,80283.85,2024-03-27,2024-04-11,closed,2024-04-25,29,14,False,False,chronic_late_payer
INV13003009,B013,B013-C1114,Metal Client 114,Metal & Engineering,15,43341.97,2024-04-01,2024-04-16,open,,,,False,False,chronic_late_payer
INV13003010,B013,B013-C1114,Metal Client 114,Metal & Engineering,15,35736.74,2024-04-23,2024-05-08,closed,2024-06-01,39,24,False,False,chronic_late_payer
INV13003011,B013,B013-C1114,Metal Client 114,Metal & Engineering,15,42398.32,2024-05-04,2024-05-19,closed,2024-06-09,36,21,False,False,chronic_late_payer
INV13003012,B013,B013-C1114,Metal Client 114,Metal & Engineering,15,32258.19,2024-06-14,2024-06-29,closed,2024-07-31,47,32,False,False,chronic_late_payer
INV13003013,B013,B013-C1114,Metal Client 114,Metal & Engineering,15,32549.05,2024-07-14,2024-07-29,closed,2024-08-23,40,25,False,False,chronic_late_payer
INV13003014,B013,B013-C1114,Metal Client 114,Metal & Engineering,15,60019.24,2024-08-13,2024-08-28,closed,2024-10-05,53,38,False,False,chronic_late_payer
INV13003015,B013,B013-C1114,Metal Client 114,Metal & Engineering,15,39974.34,2024-09-06,2024-09-21,closed,2024-11-04,59,44,False,False,chronic_late_payer
INV13003016,B013,B013-C1114,Metal Client 114,Metal & Engineering,15,25727.72,2024-10-05,2024-10-20,closed,2024-12-02,58,43,False,False,chronic_late_payer
INV13003017,B013,B013-C1114,Metal Client 114,Metal & Engineering,15,53814.19,2024-10-07,2024-10-22,closed,2024-11-27,51,36,False,False,chronic_late_payer
INV13003018,B013,B013-C1114,Metal Client 114,Metal & Engineering,15,25286.17,2024-10-18,2024-11-02,closed,2024-12-17,60,45,False,False,chronic_late_payer
INV13003019,B013,B013-C1114,Metal Client 114,Metal & Engineering,15,38928.5,2024-10-30,2024-11-14,closed,2025-01-03,65,50,False,False,chronic_late_payer
INV13003020,B013,B013-C1114,Metal Client 114,Metal & Engineering,15,29152.88,2024-11-02,2024-11-17,closed,2024-12-20,48,33,False,False,chronic_late_payer
INV13003021,B013,B013-C1114,Metal Client 114,Metal & Engineering,15,51747.86,2024-11-12,2024-11-27,closed,2025-01-06,55,40,False,False,chronic_late_payer
INV13003022,B013,B013-C1114,Metal Client 114,Metal & Engineering,15,45730.53,2024-11-15,2024-11-30,closed,2025-01-22,68,53,False,False,chronic_late_payer
INV13003023,B013,B013-C1114,Metal Client 114,Metal & Engineering,15,34127.49,2024-11-22,2024-12-07,closed,2025-01-10,49,34,False,False,chronic_late_payer
INV13003024,B013,B013-C1114,Metal Client 114,Metal & Engineering,15,38700.86,2024-12-07,2024-12-22,closed,2025-01-27,51,36,False,False,chronic_late_payer
INV13003025,B013,B013-C1114,Metal Client 114,Metal & Engineering,15,28124.58,2025-04-06,2025-04-21,closed,2025-05-05,29,14,False,False,chronic_late_payer
INV13003026,B013,B013-C1114,Metal Client 114,Metal & Engineering,15,26734.64,2025-05-20,2025-06-04,closed,2025-07-19,60,45,False,False,chronic_late_payer
INV13003027,B013,B013-C1114,Metal Client 114,Metal & Engineering,15,65631.72,2025-06-04,2025-06-19,closed,2025-08-12,69,54,False,False,chronic_late_payer
INV13003028,B013,B013-C1114,Metal Client 114,Metal & Engineering,15,37297.44,2025-06-09,2025-06-24,closed,2025-08-04,56,41,False,False,chronic_late_payer
INV13003029,B013,B013-C1114,Metal Client 114,Metal & Engineering,15,46573.91,2025-06-11,2025-06-26,closed,2025-07-30,49,34,False,False,chronic_late_payer
INV13003030,B013,B013-C1114,Metal Client 114,Metal & Engineering,15,28923.7,2025-06-24,2025-07-09,closed,2025-09-06,74,59,False,False,chronic_late_payer
INV13003031,B013,B013-C1114,Metal Client 114,Metal & Engineering,15,34760.11,2025-07-26,2025-08-10,closed,2025-09-14,50,35,False,False,chronic_late_payer
INV13003032,B013,B013-C1114,Metal Client 114,Metal & Engineering,15,30316.16,2025-07-30,2025-08-14,closed,2025-09-29,61,46,False,False,chronic_late_payer
INV13003033,B013,B013-C1114,Metal Client 114,Metal & Engineering,15,27754.58,2025-07-31,2025-08-15,closed,2025-09-21,52,37,False,False,chronic_late_payer
INV13003034,B013,B013-C1114,Metal Client 114,Metal & Engineering,15,33188.71,2025-10-14,2025-10-29,closed,2025-11-30,47,32,False,False,chronic_late_payer
INV13003035,B013,B013-C1114,Metal Client 114,Metal & Engineering,15,40564.39,2026-01-21,2026-02-05,closed,2026-02-27,37,22,False,False,chronic_late_payer
INV13003036,B013,B013-C1114,Metal Client 114,Metal & Engineering,15,26587.46,2026-02-15,2026-03-02,closed,2026-04-18,62,47,False,False,chronic_late_payer
INV13003037,B013,B013-C1114,Metal Client 114,Metal & Engineering,15,63372.21,2026-02-15,2026-03-02,closed,2026-04-03,47,32,False,False,chronic_late_payer
INV13003038,B013,B013-C1114,Metal Client 114,Metal & Engineering,15,25642.4,2026-04-13,2026-04-28,closed,2026-05-28,45,30,False,False,chronic_late_payer
INV13003039,B013,B013-C1114,Metal Client 114,Metal & Engineering,15,25632.83,2026-05-26,2026-06-10,closed,2026-07-24,59,44,False,False,chronic_late_payer
INV13003040,B013,B013-C1114,Metal Client 114,Metal & Engineering,15,46968.92,2026-07-19,2026-08-03,open,,,,False,False,chronic_late_payer
INV13003041,B013,B013-C1114,Metal Client 114,Metal & Engineering,15,21852.46,2026-07-30,2026-08-14,closed,2026-08-28,29,14,False,False,chronic_late_payer
INV13003042,B013,B013-C1114,Metal Client 114,Metal & Engineering,15,63897.5,2026-08-27,2026-09-11,open,,,,False,False,chronic_late_payer
INV13003043,B013,B013-C1115,IT Client 115,IT & Business Services,30,159356.22,2024-04-07,2024-05-07,closed,2024-05-18,41,11,False,False,seasonal_payer
INV13003044,B013,B013-C1115,IT Client 115,IT & Business Services,30,198897.49,2024-05-24,2024-06-23,closed,2024-07-11,48,18,False,False,seasonal_payer
INV13003045,B013,B013-C1115,IT Client 115,IT & Business Services,30,86148.22,2024-05-24,2024-06-23,closed,2024-06-27,34,4,False,False,seasonal_payer
INV13003046,B013,B013-C1115,IT Client 115,IT & Business Services,30,95858.21,2024-07-17,2024-08-16,closed,2024-08-15,29,-1,False,False,seasonal_payer
INV13003047,B013,B013-C1115,IT Client 115,IT & Business Services,30,137253.51,2024-07-28,2024-08-27,closed,2024-08-25,28,-2,False,False,seasonal_payer
INV13003048,B013,B013-C1115,IT Client 115,IT & Business Services,30,168760.97,2024-08-11,2024-09-10,closed,2024-09-12,32,2,False,False,seasonal_payer
INV13003049,B013,B013-C1115,IT Client 115,IT & Business Services,30,122758.48,2024-10-06,2024-11-05,closed,2024-11-21,46,16,False,False,seasonal_payer
INV13003050,B013,B013-C1115,IT Client 115,IT & Business Services,30,140346.18,2024-11-05,2024-12-05,closed,2024-12-18,43,13,False,False,seasonal_payer
INV13003051,B013,B013-C1115,IT Client 115,IT & Business Services,30,597852.26,2024-11-13,2024-12-13,closed,2024-12-18,35,5,False,True,seasonal_payer
INV13003052,B013,B013-C1115,IT Client 115,IT & Business Services,30,148557.03,2024-12-08,2025-01-07,closed,2025-01-24,47,17,False,False,seasonal_payer
INV13003053,B013,B013-C1115,IT Client 115,IT & Business Services,30,107817.25,2024-12-24,2025-01-23,closed,2025-01-29,36,6,False,False,seasonal_payer
INV13003054,B013,B013-C1115,IT Client 115,IT & Business Services,30,136540.01,2025-01-06,2025-02-05,closed,2025-02-14,39,9,False,False,seasonal_payer
INV13003055,B013,B013-C1115,IT Client 115,IT & Business Services,30,165930.58,2025-01-21,2025-02-20,closed,2025-03-14,52,22,False,False,seasonal_payer
INV13003056,B013,B013-C1115,IT Client 115,IT & Business Services,30,154706.7,2025-03-08,2025-04-07,closed,2025-04-24,47,17,False,False,seasonal_payer
INV13003057,B013,B013-C1115,IT Client 115,IT & Business Services,30,155176.28,2025-04-07,2025-05-07,closed,2025-05-20,43,13,False,False,seasonal_payer
INV13003058,B013,B013-C1115,IT Client 115,IT & Business Services,30,227850.69,2025-04-23,2025-05-23,closed,2025-06-12,50,20,False,False,seasonal_payer
INV13003059,B013,B013-C1115,IT Client 115,IT & Business Services,30,436237.18,2025-04-25,2025-05-25,closed,2025-06-11,47,17,False,False,seasonal_payer
INV13003060,B013,B013-C1115,IT Client 115,IT & Business Services,30,255446.25,2025-05-26,2025-06-25,closed,2025-07-08,43,13,False,False,seasonal_payer
INV13003061,B013,B013-C1115,IT Client 115,IT & Business Services,30,242523.97,2025-06-21,2025-07-21,closed,2025-07-18,27,-3,False,False,seasonal_payer
INV13003062,B013,B013-C1115,IT Client 115,IT & Business Services,30,113584.65,2025-07-04,2025-08-03,closed,2025-08-15,42,12,False,False,seasonal_payer
INV13003063,B013,B013-C1115,IT Client 115,IT & Business Services,30,100439.12,2025-08-06,2025-09-05,closed,2025-09-12,37,7,False,False,seasonal_payer
INV13003064,B013,B013-C1115,IT Client 115,IT & Business Services,30,143207.36,2025-08-23,2025-09-22,closed,2025-10-02,40,10,False,False,seasonal_payer
INV13003065,B013,B013-C1115,IT Client 115,IT & Business Services,30,404508.22,2025-08-26,2025-09-25,closed,2025-09-24,29,-1,False,False,seasonal_payer
INV13003066,B013,B013-C1115,IT Client 115,IT & Business Services,30,164648.5,2025-09-12,2025-10-12,closed,2025-10-10,28,-2,False,False,seasonal_payer
INV13003067,B013,B013-C1115,IT Client 115,IT & Business Services,30,120023.74,2025-09-26,2025-10-26,closed,2025-10-30,34,4,False,False,seasonal_payer
INV13003068,B013,B013-C1115,IT Client 115,IT & Business Services,30,167009.22,2025-10-03,2025-11-02,closed,2025-11-03,31,1,False,False,seasonal_payer
INV13003069,B013,B013-C1115,IT Client 115,IT & Business Services,30,156579.43,2025-11-21,2025-12-21,closed,2025-12-31,40,10,False,False,seasonal_payer
INV13003070,B013,B013-C1115,IT Client 115,IT & Business Services,30,167234.02,2026-01-20,2026-02-19,closed,2026-03-04,43,13,False,False,seasonal_payer
INV13003071,B013,B013-C1115,IT Client 115,IT & Business Services,30,203558.67,2026-05-10,2026-06-09,closed,2026-06-14,35,5,True,False,seasonal_payer
INV13003072,B013,B013-C1115,IT Client 115,IT & Business Services,30,157757.2,2026-05-30,2026-06-29,closed,2026-07-14,45,15,False,False,seasonal_payer
INV13003073,B013,B013-C1115,IT Client 115,IT & Business Services,30,286064.78,2026-07-16,2026-08-15,closed,2026-08-14,29,-1,False,False,seasonal_payer
INV13003074,B013,B013-C1115,IT Client 115,IT & Business Services,30,798056.58,2026-08-06,2026-09-05,open,,,,False,True,seasonal_payer
INV13003075,B013,B013-C1116,Chemicals Client 116,Chemicals & Plastics,30,67072.94,2024-03-16,2024-04-15,closed,2024-04-30,45,15,False,False,seasonal_payer
INV13003076,B013,B013-C1116,Chemicals Client 116,Chemicals & Plastics,30,68038.55,2024-03-16,2024-04-15,closed,2024-04-27,42,12,False,False,seasonal_payer
INV13003077,B013,B013-C1116,Chemicals Client 116,Chemicals & Plastics,30,64228.41,2024-04-21,2024-05-21,closed,2024-06-02,42,12,False,False,seasonal_payer
INV13003078,B013,B013-C1116,Chemicals Client 116,Chemicals & Plastics,30,159425.91,2024-06-01,2024-07-01,closed,2024-07-01,30,0,False,False,seasonal_payer
INV13003079,B013,B013-C1116,Chemicals Client 116,Chemicals & Plastics,30,75507.67,2024-07-22,2024-08-21,closed,2024-08-23,32,2,False,False,seasonal_payer
INV13003080,B013,B013-C1116,Chemicals Client 116,Chemicals & Plastics,30,45756.25,2024-08-20,2024-09-19,closed,2024-10-01,42,12,False,False,seasonal_payer
INV13003081,B013,B013-C1116,Chemicals Client 116,Chemicals & Plastics,30,93694.28,2024-09-05,2024-10-05,closed,2024-10-21,46,16,False,False,seasonal_payer
INV13003082,B013,B013-C1116,Chemicals Client 116,Chemicals & Plastics,30,49956.69,2024-09-24,2024-10-24,closed,2024-11-01,38,8,False,False,seasonal_payer
INV13003083,B013,B013-C1116,Chemicals Client 116,Chemicals & Plastics,30,37840.7,2024-10-10,2024-11-09,closed,2024-11-30,51,21,False,False,seasonal_payer
INV13003084,B013,B013-C1116,Chemicals Client 116,Chemicals & Plastics,30,47115.37,2024-12-03,2025-01-02,closed,2025-01-13,41,11,False,False,seasonal_payer
INV13003085,B013,B013-C1116,Chemicals Client 116,Chemicals & Plastics,30,48927.9,2024-12-07,2025-01-06,closed,2025-01-23,47,17,False,False,seasonal_payer
INV13003086,B013,B013-C1116,Chemicals Client 116,Chemicals & Plastics,30,108736.95,2024-12-25,2025-01-24,closed,2025-02-08,45,15,False,False,seasonal_payer
INV13003087,B013,B013-C1116,Chemicals Client 116,Chemicals & Plastics,30,87881.56,2025-01-02,2025-02-01,closed,2025-02-03,32,2,False,False,seasonal_payer
INV13003088,B013,B013-C1116,Chemicals Client 116,Chemicals & Plastics,30,65396.96,2025-01-08,2025-02-07,closed,2025-02-22,45,15,False,False,seasonal_payer
INV13003089,B013,B013-C1116,Chemicals Client 116,Chemicals & Plastics,30,42592.29,2025-01-18,2025-02-17,closed,2025-02-25,38,8,False,False,seasonal_payer
INV13003090,B013,B013-C1116,Chemicals Client 116,Chemicals & Plastics,30,34123.99,2025-01-18,2025-02-17,closed,2025-03-11,52,22,False,False,seasonal_payer
INV13003091,B013,B013-C1116,Chemicals Client 116,Chemicals & Plastics,30,55097.2,2025-02-13,2025-03-15,closed,2025-04-06,52,22,False,False,seasonal_payer
INV13003092,B013,B013-C1116,Chemicals Client 116,Chemicals & Plastics,30,47969.0,2025-02-15,2025-03-17,closed,2025-04-11,55,25,False,False,seasonal_payer
INV13003093,B013,B013-C1116,Chemicals Client 116,Chemicals & Plastics,30,59486.72,2025-02-23,2025-03-25,closed,2025-04-07,43,13,False,False,seasonal_payer
INV13003094,B013,B013-C1116,Chemicals Client 116,Chemicals & Plastics,30,40008.2,2025-03-01,2025-03-31,closed,2025-04-06,36,6,False,False,seasonal_payer
INV13003095,B013,B013-C1116,Chemicals Client 116,Chemicals & Plastics,30,70698.74,2025-03-22,2025-04-21,closed,2025-05-10,49,19,False,False,seasonal_payer
INV13003096,B013,B013-C1116,Chemicals Client 116,Chemicals & Plastics,30,31126.63,2025-03-29,2025-04-28,closed,2025-05-07,39,9,False,False,seasonal_payer
INV13003097,B013,B013-C1116,Chemicals Client 116,Chemicals & Plastics,30,28073.89,2025-03-30,2025-04-29,closed,2025-05-04,35,5,False,False,seasonal_payer
INV13003098,B013,B013-C1116,Chemicals Client 116,Chemicals & Plastics,30,34077.31,2025-04-01,2025-05-01,closed,2025-05-03,32,2,False,False,seasonal_payer
INV13003099,B013,B013-C1116,Chemicals Client 116,Chemicals & Plastics,30,88529.23,2025-04-17,2025-05-17,closed,2025-05-24,37,7,False,False,seasonal_payer
INV13003100,B013,B013-C1116,Chemicals Client 116,Chemicals & Plastics,30,44712.3,2025-04-20,2025-05-20,closed,2025-05-23,33,3,False,False,seasonal_payer
INV13003101,B013,B013-C1116,Chemicals Client 116,Chemicals & Plastics,30,53457.29,2025-05-03,2025-06-02,closed,2025-06-08,36,6,False,False,seasonal_payer
INV13003102,B013,B013-C1116,Chemicals Client 116,Chemicals & Plastics,30,74591.57,2025-05-30,2025-06-29,closed,2025-06-22,23,-7,False,False,seasonal_payer
INV13003103,B013,B013-C1116,Chemicals Client 116,Chemicals & Plastics,30,86045.03,2025-06-11,2025-07-11,closed,2025-07-05,24,-6,False,False,seasonal_payer
INV13003104,B013,B013-C1116,Chemicals Client 116,Chemicals & Plastics,30,56722.44,2025-06-13,2025-07-13,closed,2025-07-22,39,9,False,False,seasonal_payer
INV13003105,B013,B013-C1116,Chemicals Client 116,Chemicals & Plastics,30,94943.8,2025-06-18,2025-07-18,closed,2025-07-25,37,7,False,False,seasonal_payer
INV13003106,B013,B013-C1116,Chemicals Client 116,Chemicals & Plastics,30,53567.27,2025-06-28,2025-07-28,closed,2025-08-01,34,4,False,False,seasonal_payer
INV13003107,B013,B013-C1116,Chemicals Client 116,Chemicals & Plastics,30,55075.27,2025-08-21,2025-09-20,closed,2025-09-16,26,-4,False,False,seasonal_payer
INV13003108,B013,B013-C1116,Chemicals Client 116,Chemicals & Plastics,30,53386.61,2025-09-08,2025-10-08,closed,2025-10-13,35,5,False,False,seasonal_payer
INV13003109,B013,B013-C1116,Chemicals Client 116,Chemicals & Plastics,30,264357.86,2025-09-09,2025-10-09,closed,2025-10-09,30,0,False,True,seasonal_payer
INV13003110,B013,B013-C1116,Chemicals Client 116,Chemicals & Plastics,30,71463.69,2025-09-11,2025-10-11,closed,2025-10-15,34,4,False,False,seasonal_payer
INV13003111,B013,B013-C1116,Chemicals Client 116,Chemicals & Plastics,30,92448.76,2025-10-12,2025-11-11,closed,2025-11-26,45,15,False,False,seasonal_payer
INV13003112,B013,B013-C1116,Chemicals Client 116,Chemicals & Plastics,30,57993.44,2025-11-08,2025-12-08,closed,2025-12-25,47,17,False,False,seasonal_payer
INV13003113,B013,B013-C1116,Chemicals Client 116,Chemicals & Plastics,30,59266.44,2025-11-24,2025-12-24,closed,2026-01-06,43,13,False,False,seasonal_payer
INV13003114,B013,B013-C1116,Chemicals Client 116,Chemicals & Plastics,30,32137.61,2025-11-28,2025-12-28,closed,2026-01-20,53,23,False,False,seasonal_payer
INV13003115,B013,B013-C1116,Chemicals Client 116,Chemicals & Plastics,30,87437.46,2025-12-10,2026-01-09,closed,2026-01-23,44,14,False,False,seasonal_payer
INV13003116,B013,B013-C1116,Chemicals Client 116,Chemicals & Plastics,30,100027.62,2026-01-12,2026-02-11,closed,2026-02-18,37,7,False,False,seasonal_payer
INV13003117,B013,B013-C1116,Chemicals Client 116,Chemicals & Plastics,30,42989.12,2026-02-12,2026-03-14,closed,2026-03-20,36,6,False,False,seasonal_payer
INV13003118,B013,B013-C1116,Chemicals Client 116,Chemicals & Plastics,30,57872.23,2026-05-10,2026-06-09,closed,2026-06-24,45,15,False,False,seasonal_payer
INV13003119,B013,B013-C1116,Chemicals Client 116,Chemicals & Plastics,30,57600.67,2026-05-14,2026-06-13,closed,2026-06-18,35,5,False,False,seasonal_payer
INV13003120,B013,B013-C1116,Chemicals Client 116,Chemicals & Plastics,30,27059.55,2026-05-26,2026-06-25,closed,2026-06-29,34,4,False,False,seasonal_payer
INV13003121,B013,B013-C1116,Chemicals Client 116,Chemicals & Plastics,30,35629.42,2026-05-30,2026-06-29,closed,2026-07-06,37,7,False,False,seasonal_payer
INV13003122,B013,B013-C1116,Chemicals Client 116,Chemicals & Plastics,30,44780.91,2026-06-02,2026-07-02,closed,2026-07-08,36,6,False,False,seasonal_payer
INV13003123,B013,B013-C1116,Chemicals Client 116,Chemicals & Plastics,30,64144.2,2026-06-17,2026-07-17,closed,2026-07-27,40,10,False,False,seasonal_payer
INV13003124,B013,B013-C1116,Chemicals Client 116,Chemicals & Plastics,30,92590.23,2026-07-16,2026-08-15,closed,2026-08-17,32,2,False,False,seasonal_payer
INV13003125,B013,B013-C1117,Retail Client 117,Retail & Distribution,30,23950.09,2024-04-06,2024-05-06,closed,2024-06-19,74,44,False,False,chronic_late_payer
INV13003126,B013,B013-C1117,Retail Client 117,Retail & Distribution,30,45762.79,2024-06-11,2024-07-11,closed,2024-09-10,91,61,False,False,chronic_late_payer
INV13003127,B013,B013-C1117,Retail Client 117,Retail & Distribution,30,58571.99,2024-08-21,2024-09-20,closed,2024-10-07,47,17,False,False,chronic_late_payer
INV13003128,B013,B013-C1117,Retail Client 117,Retail & Distribution,30,47408.99,2024-08-25,2024-09-24,closed,2024-10-22,58,28,False,False,chronic_late_payer
INV13003129,B013,B013-C1117,Retail Client 117,Retail & Distribution,30,76794.46,2024-09-09,2024-10-09,closed,2024-11-18,70,40,False,False,chronic_late_payer
INV13003130,B013,B013-C1117,Retail Client 117,Retail & Distribution,30,42680.51,2024-10-25,2024-11-24,closed,2024-12-12,48,18,False,False,chronic_late_payer
INV13003131,B013,B013-C1117,Retail Client 117,Retail & Distribution,30,68326.87,2025-02-17,2025-03-19,closed,2025-04-18,60,30,False,False,chronic_late_payer
INV13003132,B013,B013-C1117,Retail Client 117,Retail & Distribution,30,40777.07,2025-03-08,2025-04-07,closed,2025-04-21,44,14,False,False,chronic_late_payer
INV13003133,B013,B013-C1117,Retail Client 117,Retail & Distribution,30,37664.28,2025-04-07,2025-05-07,closed,2025-06-01,55,25,False,False,chronic_late_payer
INV13003134,B013,B013-C1117,Retail Client 117,Retail & Distribution,30,34594.62,2025-04-21,2025-05-21,closed,2025-07-12,82,52,False,False,chronic_late_payer
INV13003135,B013,B013-C1117,Retail Client 117,Retail & Distribution,30,46102.19,2025-04-28,2025-05-28,closed,2025-07-08,71,41,False,False,chronic_late_payer
INV13003136,B013,B013-C1117,Retail Client 117,Retail & Distribution,30,71168.5,2025-06-01,2025-07-01,closed,2025-07-23,52,22,False,False,chronic_late_payer
INV13003137,B013,B013-C1117,Retail Client 117,Retail & Distribution,30,36313.81,2025-06-17,2025-07-17,closed,2025-08-18,62,32,False,False,chronic_late_payer
INV13003138,B013,B013-C1117,Retail Client 117,Retail & Distribution,30,53234.52,2025-06-19,2025-07-19,closed,2025-09-03,76,46,False,False,chronic_late_payer
INV13003139,B013,B013-C1117,Retail Client 117,Retail & Distribution,30,51156.71,2025-10-02,2025-11-01,closed,2025-12-11,70,40,False,False,chronic_late_payer
INV13003140,B013,B013-C1117,Retail Client 117,Retail & Distribution,30,34445.08,2025-12-16,2026-01-15,closed,2026-02-09,55,25,False,False,chronic_late_payer
INV13003141,B013,B013-C1117,Retail Client 117,Retail & Distribution,30,36672.5,2026-02-11,2026-03-13,closed,2026-04-13,61,31,False,False,chronic_late_payer
INV13003142,B013,B013-C1117,Retail Client 117,Retail & Distribution,30,48414.25,2026-03-03,2026-04-02,closed,2026-04-16,44,14,False,False,chronic_late_payer
INV13003143,B013,B013-C1117,Retail Client 117,Retail & Distribution,30,27999.77,2026-04-17,2026-05-17,closed,2026-06-26,70,40,False,False,chronic_late_payer
INV13003144,B013,B013-C1117,Retail Client 117,Retail & Distribution,30,48419.06,2026-04-21,2026-05-21,closed,2026-06-04,44,14,False,False,chronic_late_payer
INV13003145,B013,B013-C1117,Retail Client 117,Retail & Distribution,30,24802.12,2026-05-19,2026-06-18,closed,2026-07-26,68,38,False,False,chronic_late_payer
INV13003146,B013,B013-C1117,Retail Client 117,Retail & Distribution,30,37803.45,2026-05-30,2026-06-29,closed,2026-07-23,54,24,False,False,chronic_late_payer
INV13003147,B013,B013-C1117,Retail Client 117,Retail & Distribution,30,34200.74,2026-06-17,2026-07-17,closed,2026-07-31,44,14,False,False,chronic_late_payer
INV13003148,B013,B013-C1117,Retail Client 117,Retail & Distribution,30,85135.38,2026-06-27,2026-07-27,open,,,,False,False,chronic_late_payer
INV13003149,B013,B013-C1117,Retail Client 117,Retail & Distribution,30,62231.26,2026-08-12,2026-09-11,disputed_open,,,,False,False,chronic_late_payer
INV13003150,B013,B013-C1117,Retail Client 117,Retail & Distribution,30,43551.84,2026-08-21,2026-09-20,disputed_open,,,,False,False,chronic_late_payer
INV13003151,B013,B013-C1117,Retail Client 117,Retail & Distribution,30,42803.94,2026-08-28,2026-09-27,open,,,,False,False,chronic_late_payer
INV13003152,B013,B013-C1117,Retail Client 117,Retail & Distribution,30,37270.45,2026-08-29,2026-09-28,open,,,,False,False,chronic_late_payer
INV13003153,B013,B013-C1118,Electronics Client 118,Electronics & Electricals,30,1397042.38,2025-01-24,2025-02-23,closed,2025-03-07,42,12,False,True,average_payer
INV13003154,B013,B013-C1118,Electronics Client 118,Electronics & Electricals,30,299421.23,2025-03-10,2025-04-09,closed,2025-04-17,38,8,False,False,average_payer
INV13003155,B013,B013-C1118,Electronics Client 118,Electronics & Electricals,30,608417.1,2025-03-17,2025-04-16,closed,2025-04-22,36,6,True,False,average_payer
INV13003156,B013,B013-C1118,Electronics Client 118,Electronics & Electricals,30,302318.33,2025-11-02,2025-12-02,closed,2025-12-13,41,11,False,False,average_payer
INV13003157,B013,B013-C1118,Electronics Client 118,Electronics & Electricals,30,180309.91,2026-08-03,2026-09-02,open,,,,False,False,average_payer
INV13003158,B013,B013-C1119,Auto Client 119,Auto Components,30,99005.7,2024-04-08,2024-05-08,closed,2024-05-13,35,5,False,False,cold_start
INV13003159,B013,B013-C1119,Auto Client 119,Auto Components,30,39729.32,2024-07-18,2024-08-17,closed,2024-08-27,40,10,False,False,cold_start
INV13003160,B013,B013-C1119,Auto Client 119,Auto Components,30,68994.42,2025-11-08,2025-12-08,closed,2025-11-30,22,-8,False,False,cold_start
INV13003161,B013,B013-C1120,Retail Client 120,Retail & Distribution,90,286239.41,2024-04-06,2024-07-05,closed,2024-08-01,117,27,False,False,improving_payer
INV13003162,B013,B013-C1120,Retail Client 120,Retail & Distribution,90,330297.6,2024-04-12,2024-07-11,closed,2024-08-23,133,43,False,False,improving_payer
INV13003163,B013,B013-C1120,Retail Client 120,Retail & Distribution,90,373722.8,2024-07-29,2024-10-27,closed,2024-12-04,128,38,False,False,improving_payer
INV13003164,B013,B013-C1120,Retail Client 120,Retail & Distribution,90,1526532.8,2024-08-20,2024-11-18,closed,2024-12-12,114,24,False,True,improving_payer
INV13003165,B013,B013-C1120,Retail Client 120,Retail & Distribution,90,372983.67,2024-09-13,2024-12-12,closed,2025-01-11,120,30,False,False,improving_payer
INV13003166,B013,B013-C1120,Retail Client 120,Retail & Distribution,90,288771.47,2024-09-28,2024-12-27,closed,2025-01-29,123,33,False,False,improving_payer
INV13003167,B013,B013-C1120,Retail Client 120,Retail & Distribution,90,139503.04,2024-10-03,2025-01-01,closed,2025-01-29,118,28,False,False,improving_payer
INV13003168,B013,B013-C1120,Retail Client 120,Retail & Distribution,90,1089726.95,2024-11-18,2025-02-16,closed,2025-02-26,100,10,False,True,improving_payer
INV13003169,B013,B013-C1120,Retail Client 120,Retail & Distribution,90,283187.23,2024-11-25,2025-02-23,closed,2025-03-19,114,24,False,False,improving_payer
INV13003170,B013,B013-C1120,Retail Client 120,Retail & Distribution,90,183736.17,2025-01-03,2025-04-03,closed,2025-05-01,118,28,False,False,improving_payer
INV13003171,B013,B013-C1120,Retail Client 120,Retail & Distribution,90,321280.55,2025-01-04,2025-04-04,closed,2025-05-04,120,30,False,False,improving_payer
INV13003172,B013,B013-C1120,Retail Client 120,Retail & Distribution,90,364665.63,2025-01-24,2025-04-24,closed,2025-05-07,103,13,False,False,improving_payer
INV13003173,B013,B013-C1120,Retail Client 120,Retail & Distribution,90,321133.89,2025-03-14,2025-06-12,closed,2025-06-30,108,18,False,False,improving_payer
INV13003174,B013,B013-C1120,Retail Client 120,Retail & Distribution,90,244206.45,2025-03-19,2025-06-17,closed,2025-07-08,111,21,False,False,improving_payer
INV13003175,B013,B013-C1120,Retail Client 120,Retail & Distribution,90,193309.34,2025-05-04,2025-08-02,closed,2025-08-15,103,13,False,False,improving_payer
INV13003176,B013,B013-C1120,Retail Client 120,Retail & Distribution,90,335966.14,2025-05-16,2025-08-14,closed,2025-09-14,121,31,False,False,improving_payer
INV13003177,B013,B013-C1120,Retail Client 120,Retail & Distribution,90,276071.59,2025-07-02,2025-09-30,closed,2025-10-10,100,10,False,False,improving_payer
INV13003178,B013,B013-C1120,Retail Client 120,Retail & Distribution,90,366538.75,2025-07-20,2025-10-18,closed,2025-10-24,96,6,False,False,improving_payer
INV13003179,B013,B013-C1120,Retail Client 120,Retail & Distribution,90,270629.67,2025-09-23,2025-12-22,closed,2026-02-01,131,41,False,False,improving_payer
INV13003180,B013,B013-C1120,Retail Client 120,Retail & Distribution,90,215944.28,2025-11-09,2026-02-07,closed,2026-02-23,106,16,False,False,improving_payer
INV13003181,B013,B013-C1120,Retail Client 120,Retail & Distribution,90,526456.69,2025-11-16,2026-02-14,closed,2026-03-01,105,15,False,True,improving_payer
INV13003182,B013,B013-C1120,Retail Client 120,Retail & Distribution,90,594824.37,2025-12-04,2026-03-04,closed,2026-03-11,97,7,False,False,improving_payer
INV13003183,B013,B013-C1120,Retail Client 120,Retail & Distribution,90,1164280.13,2026-01-10,2026-04-10,closed,2026-04-30,110,20,False,True,improving_payer
INV13003184,B013,B013-C1120,Retail Client 120,Retail & Distribution,90,313330.21,2026-04-10,2026-07-09,closed,2026-07-18,99,9,False,False,improving_payer
INV13003185,B013,B013-C1120,Retail Client 120,Retail & Distribution,90,285929.9,2026-04-14,2026-07-13,closed,2026-07-21,98,8,False,False,improving_payer
INV13003186,B013,B013-C1120,Retail Client 120,Retail & Distribution,90,233476.07,2026-05-05,2026-08-03,closed,2026-08-13,100,10,False,False,improving_payer
INV13003187,B013,B013-C1120,Retail Client 120,Retail & Distribution,90,280969.39,2026-05-17,2026-08-15,closed,2026-08-12,87,-3,False,False,improving_payer
INV13003188,B013,B013-C1120,Retail Client 120,Retail & Distribution,90,276320.41,2026-05-20,2026-08-18,closed,2026-08-15,87,-3,False,False,improving_payer
INV13003189,B013,B013-C1120,Retail Client 120,Retail & Distribution,90,257697.58,2026-08-20,2026-11-18,open,,,,False,False,improving_payer
INV13003190,B013,B013-C1121,Auto Client 121,Auto Components,45,20449.93,2024-03-30,2024-05-14,closed,2024-05-23,54,9,False,False,seasonal_payer
INV13003191,B013,B013-C1121,Auto Client 121,Auto Components,45,23840.69,2025-02-19,2025-04-05,closed,2025-04-11,51,6,False,False,seasonal_payer
INV13003192,B013,B013-C1121,Auto Client 121,Auto Components,45,26584.14,2025-02-21,2025-04-07,closed,2025-04-21,59,14,False,False,seasonal_payer
INV13003193,B013,B013-C1121,Auto Client 121,Auto Components,45,24563.81,2025-03-17,2025-05-01,closed,2025-05-14,58,13,False,False,seasonal_payer
INV13003194,B013,B013-C1121,Auto Client 121,Auto Components,45,35893.16,2025-06-22,2025-08-06,closed,2025-08-23,62,17,True,False,seasonal_payer
INV13003195,B013,B013-C1121,Auto Client 121,Auto Components,45,23797.28,2025-08-12,2025-09-26,closed,2025-09-29,48,3,False,False,seasonal_payer
INV13003196,B013,B013-C1121,Auto Client 121,Auto Components,45,35891.5,2025-08-16,2025-09-30,closed,2025-10-01,46,1,False,False,seasonal_payer
INV13003197,B013,B013-C1121,Auto Client 121,Auto Components,45,31507.23,2025-09-05,2025-10-20,closed,2025-10-21,46,1,False,False,seasonal_payer
INV13003198,B013,B013-C1121,Auto Client 121,Auto Components,45,32963.32,2025-09-25,2025-11-09,closed,2025-11-20,56,11,False,False,seasonal_payer
INV13003199,B013,B013-C1121,Auto Client 121,Auto Components,45,20197.19,2025-11-20,2026-01-04,closed,2026-01-01,42,-3,False,False,seasonal_payer
INV13003200,B013,B013-C1121,Auto Client 121,Auto Components,45,23006.89,2025-11-25,2026-01-09,closed,2026-01-14,50,5,False,False,seasonal_payer
INV13003201,B013,B013-C1121,Auto Client 121,Auto Components,45,24030.69,2025-12-07,2026-01-21,closed,2026-01-21,45,0,False,False,seasonal_payer
INV13003202,B013,B013-C1121,Auto Client 121,Auto Components,45,25543.11,2026-03-08,2026-04-22,closed,2026-04-26,49,4,False,False,seasonal_payer
INV13003203,B013,B013-C1121,Auto Client 121,Auto Components,45,19459.97,2026-03-10,2026-04-24,closed,2026-05-05,56,11,False,False,seasonal_payer
INV13003204,B013,B013-C1121,Auto Client 121,Auto Components,45,29635.86,2026-03-10,2026-04-24,closed,2026-05-19,70,25,False,False,seasonal_payer
INV13003205,B013,B013-C1121,Auto Client 121,Auto Components,45,19298.52,2026-04-12,2026-05-27,closed,2026-06-14,63,18,False,False,seasonal_payer
INV13003206,B013,B013-C1121,Auto Client 121,Auto Components,45,17225.35,2026-04-30,2026-06-14,closed,2026-07-04,65,20,False,False,seasonal_payer
INV13003207,B013,B013-C1121,Auto Client 121,Auto Components,45,22869.96,2026-06-01,2026-07-16,closed,2026-08-02,62,17,True,False,seasonal_payer
INV13003208,B013,B013-C1121,Auto Client 121,Auto Components,45,24876.12,2026-07-07,2026-08-21,closed,2026-08-14,38,-7,False,False,seasonal_payer
INV13003209,B013,B013-C1121,Auto Client 121,Auto Components,45,14074.31,2026-07-24,2026-09-07,open,,,,False,False,seasonal_payer
INV13003210,B013,B013-C1121,Auto Client 121,Auto Components,45,39979.46,2026-07-25,2026-09-08,open,,,,False,False,seasonal_payer
INV13003211,B013,B013-C1122,Auto Client 122,Auto Components,30,231446.88,2024-04-11,2024-05-11,closed,2024-05-20,39,9,False,False,average_payer
INV13003212,B013,B013-C1122,Auto Client 122,Auto Components,30,223068.47,2024-07-21,2024-08-20,closed,2024-08-28,38,8,False,False,average_payer
INV13003213,B013,B013-C1122,Auto Client 122,Auto Components,30,165674.14,2024-08-27,2024-09-26,closed,2024-09-27,31,1,True,False,average_payer
INV13003214,B013,B013-C1122,Auto Client 122,Auto Components,30,395564.44,2024-09-16,2024-10-16,closed,2024-10-18,32,2,False,False,average_payer
INV13003215,B013,B013-C1122,Auto Client 122,Auto Components,30,241009.22,2024-10-27,2024-11-26,closed,2024-12-07,41,11,False,False,average_payer
INV13003216,B013,B013-C1122,Auto Client 122,Auto Components,30,257442.08,2024-12-03,2025-01-02,closed,2025-01-13,41,11,False,False,average_payer
INV13003217,B013,B013-C1122,Auto Client 122,Auto Components,30,314345.37,2024-12-30,2025-01-29,closed,2025-02-13,45,15,False,False,average_payer
INV13003218,B013,B013-C1122,Auto Client 122,Auto Components,30,336347.85,2024-12-31,2025-01-30,closed,2025-02-09,40,10,True,False,average_payer
INV13003219,B013,B013-C1122,Auto Client 122,Auto Components,30,259010.81,2025-03-08,2025-04-07,closed,2025-04-07,30,0,False,False,average_payer
INV13003220,B013,B013-C1122,Auto Client 122,Auto Components,30,285613.99,2025-03-16,2025-04-15,closed,2025-04-29,44,14,False,False,average_payer
INV13003221,B013,B013-C1122,Auto Client 122,Auto Components,30,413571.92,2025-04-15,2025-05-15,closed,2025-05-20,35,5,False,False,average_payer
INV13003222,B013,B013-C1122,Auto Client 122,Auto Components,30,440825.63,2025-04-30,2025-05-30,closed,2025-05-31,31,1,False,False,average_payer
INV13003223,B013,B013-C1122,Auto Client 122,Auto Components,30,348176.29,2025-05-17,2025-06-16,closed,2025-06-28,42,12,False,False,average_payer
INV13003224,B013,B013-C1122,Auto Client 122,Auto Components,30,368430.07,2025-07-13,2025-08-12,closed,2025-08-20,38,8,False,False,average_payer
INV13003225,B013,B013-C1122,Auto Client 122,Auto Components,30,282502.19,2025-08-31,2025-09-30,closed,2025-09-25,25,-5,False,False,average_payer
INV13003226,B013,B013-C1122,Auto Client 122,Auto Components,30,410468.08,2025-09-14,2025-10-14,closed,2025-10-28,44,14,False,False,average_payer
INV13003227,B013,B013-C1122,Auto Client 122,Auto Components,30,471521.32,2025-10-15,2025-11-14,closed,2025-11-17,33,3,False,False,average_payer
INV13003228,B013,B013-C1122,Auto Client 122,Auto Components,30,576732.98,2025-11-25,2025-12-25,closed,2026-01-13,49,19,False,False,average_payer
INV13003229,B013,B013-C1122,Auto Client 122,Auto Components,30,216538.69,2026-02-10,2026-03-12,closed,2026-03-25,43,13,False,False,average_payer
INV13003230,B013,B013-C1122,Auto Client 122,Auto Components,30,472735.44,2026-03-13,2026-04-12,closed,2026-04-28,46,16,False,False,average_payer
INV13003231,B013,B013-C1122,Auto Client 122,Auto Components,30,470150.26,2026-07-19,2026-08-18,closed,2026-08-26,38,8,False,False,average_payer
INV13003232,B013,B013-C1122,Auto Client 122,Auto Components,30,298898.89,2026-08-05,2026-09-04,open,,,,False,False,average_payer
INV13003233,B013,B013-C1123,Auto Client 123,Auto Components,45,23897.21,2024-07-16,2024-08-30,closed,2024-09-07,53,8,True,False,seasonal_payer
INV13003234,B013,B013-C1123,Auto Client 123,Auto Components,45,27983.54,2024-07-22,2024-09-05,closed,2024-09-23,63,18,False,False,seasonal_payer
INV13003235,B013,B013-C1123,Auto Client 123,Auto Components,45,26793.33,2024-07-29,2024-09-12,closed,2024-10-04,67,22,False,False,seasonal_payer
INV13003236,B013,B013-C1123,Auto Client 123,Auto Components,45,21585.86,2024-08-19,2024-10-03,closed,2024-10-22,64,19,False,False,seasonal_payer
INV13003237,B013,B013-C1123,Auto Client 123,Auto Components,45,25780.75,2024-09-22,2024-11-06,closed,2024-11-15,54,9,False,False,seasonal_payer
INV13003238,B013,B013-C1123,Auto Client 123,Auto Components,45,23493.4,2024-10-04,2024-11-18,closed,2024-11-23,50,5,False,False,seasonal_payer
INV13003239,B013,B013-C1123,Auto Client 123,Auto Components,45,21553.18,2024-10-14,2024-11-28,closed,2024-12-13,60,15,False,False,seasonal_payer
INV13003240,B013,B013-C1123,Auto Client 123,Auto Components,45,24481.17,2024-10-25,2024-12-09,closed,2024-12-16,52,7,False,False,seasonal_payer
INV13003241,B013,B013-C1123,Auto Client 123,Auto Components,45,30067.54,2024-11-05,2024-12-20,closed,2024-12-28,53,8,False,False,seasonal_payer
INV13003242,B013,B013-C1123,Auto Client 123,Auto Components,45,42660.61,2024-11-10,2024-12-25,disputed_open,,,,False,False,seasonal_payer
INV13003243,B013,B013-C1123,Auto Client 123,Auto Components,45,25118.86,2024-11-27,2025-01-11,closed,2025-01-09,43,-2,False,False,seasonal_payer
INV13003244,B013,B013-C1123,Auto Client 123,Auto Components,45,25672.89,2025-01-07,2025-02-21,closed,2025-02-18,42,-3,False,False,seasonal_payer
INV13003245,B013,B013-C1123,Auto Client 123,Auto Components,45,37367.31,2025-01-20,2025-03-06,closed,2025-03-08,47,2,False,False,seasonal_payer
INV13003246,B013,B013-C1123,Auto Client 123,Auto Components,45,42312.7,2025-02-26,2025-04-12,closed,2025-04-20,53,8,False,False,seasonal_payer
INV13003247,B013,B013-C1123,Auto Client 123,Auto Components,45,23656.98,2025-04-05,2025-05-20,closed,2025-05-27,52,7,False,False,seasonal_payer
INV13003248,B013,B013-C1123,Auto Client 123,Auto Components,45,18448.12,2025-09-07,2025-10-22,closed,2025-10-31,54,9,False,False,seasonal_payer
INV13003249,B013,B013-C1123,Auto Client 123,Auto Components,45,41053.43,2025-10-21,2025-12-05,closed,2025-12-10,50,5,False,False,seasonal_payer
INV13003250,B013,B013-C1123,Auto Client 123,Auto Components,45,36126.24,2025-11-19,2026-01-03,closed,2026-01-05,47,2,False,False,seasonal_payer
INV13003251,B013,B013-C1123,Auto Client 123,Auto Components,45,25243.11,2026-04-08,2026-05-23,closed,2026-06-01,54,9,False,False,seasonal_payer
INV13003252,B013,B013-C1123,Auto Client 123,Auto Components,45,25582.47,2026-05-13,2026-06-27,closed,2026-07-13,61,16,False,False,seasonal_payer
INV13003253,B013,B013-C1123,Auto Client 123,Auto Components,45,32520.63,2026-07-01,2026-08-15,closed,2026-08-24,54,9,False,False,seasonal_payer
INV13003254,B013,B013-C1123,Auto Client 123,Auto Components,45,19001.7,2026-07-09,2026-08-23,open,,,,False,False,seasonal_payer
INV13003255,B013,B013-C1124,Metal Client 124,Metal & Engineering,45,73476.94,2024-05-12,2024-06-26,closed,2024-07-03,52,7,False,False,seasonal_payer
INV13003256,B013,B013-C1124,Metal Client 124,Metal & Engineering,45,60736.44,2024-05-27,2024-07-11,closed,2024-07-13,47,2,False,False,seasonal_payer
INV13003257,B013,B013-C1124,Metal Client 124,Metal & Engineering,45,152713.97,2024-08-22,2024-10-06,closed,2024-10-27,66,21,False,False,seasonal_payer
INV13003258,B013,B013-C1124,Metal Client 124,Metal & Engineering,45,59213.72,2024-09-15,2024-10-30,closed,2024-11-08,54,9,False,False,seasonal_payer
INV13003259,B013,B013-C1124,Metal Client 124,Metal & Engineering,45,65901.06,2024-09-29,2024-11-13,closed,2024-11-23,55,10,False,False,seasonal_payer
INV13003260,B013,B013-C1124,Metal Client 124,Metal & Engineering,45,109806.78,2024-10-25,2024-12-09,closed,2024-12-09,45,0,False,False,seasonal_payer
INV13003261,B013,B013-C1124,Metal Client 124,Metal & Engineering,45,65303.83,2024-12-13,2025-01-27,closed,2025-02-02,51,6,False,False,seasonal_payer
INV13003262,B013,B013-C1124,Metal Client 124,Metal & Engineering,45,75660.66,2025-04-02,2025-05-17,closed,2025-05-20,48,3,False,False,seasonal_payer
INV13003263,B013,B013-C1124,Metal Client 124,Metal & Engineering,45,79039.29,2025-05-15,2025-06-29,closed,2025-07-02,48,3,False,False,seasonal_payer
INV13003264,B013,B013-C1124,Metal Client 124,Metal & Engineering,45,89171.35,2025-06-06,2025-07-21,closed,2025-08-01,56,11,False,False,seasonal_payer
INV13003265,B013,B013-C1124,Metal Client 124,Metal & Engineering,45,128180.91,2025-06-21,2025-08-05,closed,2025-08-22,62,17,False,False,seasonal_payer
INV13003266,B013,B013-C1124,Metal Client 124,Metal & Engineering,45,126518.96,2025-09-09,2025-10-24,closed,2025-11-03,55,10,False,False,seasonal_payer
INV13003267,B013,B013-C1124,Metal Client 124,Metal & Engineering,45,61436.35,2026-01-02,2026-02-16,closed,2026-02-12,41,-4,False,False,seasonal_payer
INV13003268,B013,B013-C1124,Metal Client 124,Metal & Engineering,45,95191.83,2026-02-22,2026-04-08,closed,2026-04-18,55,10,False,False,seasonal_payer
INV13003269,B013,B013-C1124,Metal Client 124,Metal & Engineering,45,121125.01,2026-03-06,2026-04-20,closed,2026-04-23,48,3,False,False,seasonal_payer
INV13003270,B013,B013-C1124,Metal Client 124,Metal & Engineering,45,99694.99,2026-03-07,2026-04-21,closed,2026-04-20,44,-1,False,False,seasonal_payer
INV13003271,B013,B013-C1124,Metal Client 124,Metal & Engineering,45,77550.14,2026-03-13,2026-04-27,closed,2026-04-28,46,1,False,False,seasonal_payer
INV13003272,B013,B013-C1124,Metal Client 124,Metal & Engineering,45,104096.03,2026-03-31,2026-05-15,closed,2026-05-27,57,12,False,False,seasonal_payer
INV13003273,B013,B013-C1124,Metal Client 124,Metal & Engineering,45,151428.43,2026-07-07,2026-08-21,open,,,,False,False,seasonal_payer
INV13003274,B013,B013-C1124,Metal Client 124,Metal & Engineering,45,89744.49,2026-07-15,2026-08-29,open,,,,False,False,seasonal_payer
INV13003275,B013,B013-C1124,Metal Client 124,Metal & Engineering,45,57753.3,2026-08-16,2026-09-30,open,,,,False,False,seasonal_payer
INV13003276,B013,B013-C1124,Metal Client 124,Metal & Engineering,45,96944.65,2026-08-25,2026-10-09,open,,,,False,False,seasonal_payer
INV13003277,B013,B013-C1125,IT Client 125,IT & Business Services,30,40877.53,2024-03-26,2024-04-25,closed,2024-04-25,30,0,False,False,average_payer
INV13003278,B013,B013-C1125,IT Client 125,IT & Business Services,30,70135.37,2025-01-22,2025-02-21,closed,2025-02-18,27,-3,False,False,average_payer
INV13003279,B013,B013-C1125,IT Client 125,IT & Business Services,30,71010.98,2025-05-16,2025-06-15,closed,2025-06-22,37,7,False,False,average_payer
INV13003280,B013,B013-C1125,IT Client 125,IT & Business Services,30,62233.64,2025-08-13,2025-09-12,closed,2025-09-11,29,-1,False,False,average_payer
INV13003281,B013,B013-C1125,IT Client 125,IT & Business Services,30,48043.63,2025-10-05,2025-11-04,closed,2025-11-08,34,4,False,False,average_payer
INV13003282,B013,B013-C1125,IT Client 125,IT & Business Services,30,46598.15,2025-10-13,2025-11-12,closed,2025-12-04,52,22,False,False,average_payer
INV13003283,B013,B013-C1125,IT Client 125,IT & Business Services,30,56548.32,2025-11-29,2025-12-29,closed,2026-01-01,33,3,False,False,average_payer
INV13003284,B013,B013-C1125,IT Client 125,IT & Business Services,30,66426.72,2026-05-07,2026-06-06,closed,2026-06-14,38,8,False,False,average_payer
INV13003285,B013,B013-C1125,IT Client 125,IT & Business Services,30,71739.54,2026-07-08,2026-08-07,closed,2026-08-13,36,6,False,False,average_payer
INV13003286,B013,B013-C1126,Construction Client 126,Construction & Infra,45,208886.8,2025-03-09,2025-04-23,closed,2025-04-27,49,4,False,False,cold_start
INV13003287,B013,B013-C1126,Construction Client 126,Construction & Infra,45,165981.54,2026-01-07,2026-02-21,closed,2026-03-03,55,10,False,False,cold_start
INV13003288,B013,B013-C1126,Construction Client 126,Construction & Infra,45,249983.97,2026-06-14,2026-07-29,closed,2026-08-13,60,15,False,False,cold_start
INV13003289,B013,B013-C1127,Textiles Client 127,Textiles & Apparel,30,18284.98,2024-04-03,2024-05-03,closed,2024-05-11,38,8,False,False,average_payer
INV13003290,B013,B013-C1127,Textiles Client 127,Textiles & Apparel,30,25567.79,2024-05-03,2024-06-02,closed,2024-06-04,32,2,False,False,average_payer
INV13003291,B013,B013-C1127,Textiles Client 127,Textiles & Apparel,30,102772.14,2024-05-24,2024-06-23,closed,2024-06-21,28,-2,False,True,average_payer
INV13003292,B013,B013-C1127,Textiles Client 127,Textiles & Apparel,30,11318.01,2024-07-12,2024-08-11,closed,2024-08-30,49,19,False,False,average_payer
INV13003293,B013,B013-C1127,Textiles Client 127,Textiles & Apparel,30,9433.87,2024-07-14,2024-08-13,closed,2024-08-20,37,7,False,False,average_payer
INV13003294,B013,B013-C1127,Textiles Client 127,Textiles & Apparel,30,17042.63,2024-07-27,2024-08-26,closed,2024-08-31,35,5,False,False,average_payer
INV13003295,B013,B013-C1127,Textiles Client 127,Textiles & Apparel,30,20991.07,2024-08-08,2024-09-07,closed,2024-09-11,34,4,False,False,average_payer
INV13003296,B013,B013-C1127,Textiles Client 127,Textiles & Apparel,30,17849.91,2024-11-05,2024-12-05,closed,2024-11-28,23,-7,False,False,average_payer
INV13003297,B013,B013-C1127,Textiles Client 127,Textiles & Apparel,30,43229.31,2025-01-26,2025-02-25,closed,2025-02-26,31,1,False,False,average_payer
INV13003298,B013,B013-C1127,Textiles Client 127,Textiles & Apparel,30,21738.7,2025-01-27,2025-02-26,closed,2025-03-07,39,9,False,False,average_payer
INV13003299,B013,B013-C1127,Textiles Client 127,Textiles & Apparel,30,20391.21,2025-02-07,2025-03-09,closed,2025-03-16,37,7,False,False,average_payer
INV13003300,B013,B013-C1127,Textiles Client 127,Textiles & Apparel,30,13161.97,2025-02-16,2025-03-18,closed,2025-03-17,29,-1,False,False,average_payer
INV13003301,B013,B013-C1127,Textiles Client 127,Textiles & Apparel,30,19299.66,2025-02-16,2025-03-18,closed,2025-03-17,29,-1,False,False,average_payer
INV13003302,B013,B013-C1127,Textiles Client 127,Textiles & Apparel,30,7102.34,2025-02-26,2025-03-28,closed,2025-04-03,36,6,True,False,average_payer
INV13003303,B013,B013-C1127,Textiles Client 127,Textiles & Apparel,30,23490.94,2025-04-22,2025-05-22,closed,2025-06-02,41,11,False,False,average_payer
INV13003304,B013,B013-C1127,Textiles Client 127,Textiles & Apparel,30,16842.67,2025-05-03,2025-06-02,closed,2025-06-13,41,11,False,False,average_payer
INV13003305,B013,B013-C1127,Textiles Client 127,Textiles & Apparel,30,27014.17,2025-05-04,2025-06-03,closed,2025-06-14,41,11,False,False,average_payer
INV13003306,B013,B013-C1127,Textiles Client 127,Textiles & Apparel,30,24250.65,2025-05-29,2025-06-28,closed,2025-07-09,41,11,False,False,average_payer
INV13003307,B013,B013-C1127,Textiles Client 127,Textiles & Apparel,30,8105.93,2025-06-04,2025-07-04,closed,2025-07-13,39,9,False,False,average_payer
INV13003308,B013,B013-C1127,Textiles Client 127,Textiles & Apparel,30,19736.45,2025-07-04,2025-08-03,closed,2025-08-16,43,13,False,False,average_payer
INV13003309,B013,B013-C1127,Textiles Client 127,Textiles & Apparel,30,15954.17,2025-07-11,2025-08-10,closed,2025-08-12,32,2,False,False,average_payer
INV13003310,B013,B013-C1127,Textiles Client 127,Textiles & Apparel,30,22921.36,2025-07-23,2025-08-22,closed,2025-08-26,34,4,False,False,average_payer
INV13003311,B013,B013-C1127,Textiles Client 127,Textiles & Apparel,30,12408.88,2025-10-01,2025-10-31,closed,2025-11-17,47,17,False,False,average_payer
INV13003312,B013,B013-C1127,Textiles Client 127,Textiles & Apparel,30,12747.88,2025-11-05,2025-12-05,closed,2025-12-04,29,-1,False,False,average_payer
INV13003313,B013,B013-C1127,Textiles Client 127,Textiles & Apparel,30,14118.64,2025-11-25,2025-12-25,closed,2025-12-28,33,3,False,False,average_payer
INV13003314,B013,B013-C1127,Textiles Client 127,Textiles & Apparel,30,25957.49,2026-02-01,2026-03-03,closed,2026-03-01,28,-2,False,False,average_payer
INV13003315,B013,B013-C1127,Textiles Client 127,Textiles & Apparel,30,63332.58,2026-02-05,2026-03-07,closed,2026-03-01,24,-6,False,True,average_payer
INV13003316,B013,B013-C1127,Textiles Client 127,Textiles & Apparel,30,17286.16,2026-04-16,2026-05-16,closed,2026-05-25,39,9,False,False,average_payer
INV13003317,B013,B013-C1127,Textiles Client 127,Textiles & Apparel,30,21612.75,2026-04-20,2026-05-20,closed,2026-05-22,32,2,False,False,average_payer
INV13003318,B013,B013-C1127,Textiles Client 127,Textiles & Apparel,30,27401.18,2026-04-24,2026-05-24,closed,2026-05-30,36,6,False,False,average_payer
INV13003319,B013,B013-C1127,Textiles Client 127,Textiles & Apparel,30,14033.29,2026-05-04,2026-06-03,closed,2026-06-12,39,9,False,False,average_payer
INV13003320,B013,B013-C1127,Textiles Client 127,Textiles & Apparel,30,17586.44,2026-06-08,2026-07-08,closed,2026-07-17,39,9,False,False,average_payer
INV13003321,B013,B013-C1127,Textiles Client 127,Textiles & Apparel,30,23137.88,2026-07-12,2026-08-11,closed,2026-08-26,45,15,False,False,average_payer
INV13003322,B013,B013-C1128,Textiles Client 128,Textiles & Apparel,30,14486.52,2024-04-25,2024-05-25,closed,2024-05-18,23,-7,False,False,erratic_payer
INV13003323,B013,B013-C1128,Textiles Client 128,Textiles & Apparel,30,52618.9,2024-04-26,2024-05-26,closed,2024-08-12,108,78,False,False,erratic_payer
INV13003324,B013,B013-C1128,Textiles Client 128,Textiles & Apparel,30,24663.06,2024-05-21,2024-06-20,closed,2024-07-05,45,15,False,False,erratic_payer
INV13003325,B013,B013-C1128,Textiles Client 128,Textiles & Apparel,30,26925.62,2024-06-20,2024-07-20,closed,2024-08-01,42,12,False,False,erratic_payer
INV13003326,B013,B013-C1128,Textiles Client 128,Textiles & Apparel,30,30334.58,2024-06-26,2024-07-26,closed,2024-08-04,39,9,False,False,erratic_payer
INV13003327,B013,B013-C1128,Textiles Client 128,Textiles & Apparel,30,32450.9,2024-06-30,2024-07-30,closed,2024-07-29,29,-1,False,False,erratic_payer
INV13003328,B013,B013-C1128,Textiles Client 128,Textiles & Apparel,30,22589.7,2024-09-10,2024-10-10,closed,2024-10-19,39,9,False,False,erratic_payer
INV13003329,B013,B013-C1128,Textiles Client 128,Textiles & Apparel,30,39385.24,2024-09-28,2024-10-28,closed,2024-10-17,19,-11,False,False,erratic_payer
INV13003330,B013,B013-C1128,Textiles Client 128,Textiles & Apparel,30,21551.55,2024-11-13,2024-12-13,closed,2024-12-23,40,10,False,False,erratic_payer
INV13003331,B013,B013-C1128,Textiles Client 128,Textiles & Apparel,30,26717.75,2024-12-27,2025-01-26,closed,2025-01-25,29,-1,False,False,erratic_payer
INV13003332,B013,B013-C1128,Textiles Client 128,Textiles & Apparel,30,111974.48,2025-01-27,2025-02-26,closed,2025-03-09,41,11,False,True,erratic_payer
INV13003333,B013,B013-C1128,Textiles Client 128,Textiles & Apparel,30,145166.82,2025-01-29,2025-02-28,closed,2025-03-10,40,10,False,True,erratic_payer
INV13003334,B013,B013-C1128,Textiles Client 128,Textiles & Apparel,30,35236.37,2025-05-01,2025-05-31,closed,2025-06-03,33,3,False,False,erratic_payer
INV13003335,B013,B013-C1128,Textiles Client 128,Textiles & Apparel,30,33351.73,2025-05-16,2025-06-15,closed,2025-06-09,24,-6,True,False,erratic_payer
INV13003336,B013,B013-C1128,Textiles Client 128,Textiles & Apparel,30,21845.88,2025-05-20,2025-06-19,closed,2025-06-30,41,11,False,False,erratic_payer
INV13003337,B013,B013-C1128,Textiles Client 128,Textiles & Apparel,30,29428.56,2025-06-22,2025-07-22,closed,2025-08-03,42,12,False,False,erratic_payer
INV13003338,B013,B013-C1128,Textiles Client 128,Textiles & Apparel,30,38844.56,2025-07-03,2025-08-02,closed,2025-07-30,27,-3,False,False,erratic_payer
INV13003339,B013,B013-C1128,Textiles Client 128,Textiles & Apparel,30,24121.97,2025-07-08,2025-08-07,closed,2025-08-09,32,2,False,False,erratic_payer
INV13003340,B013,B013-C1128,Textiles Client 128,Textiles & Apparel,30,30554.36,2025-08-01,2025-08-31,closed,2025-08-28,27,-3,False,False,erratic_payer
INV13003341,B013,B013-C1128,Textiles Client 128,Textiles & Apparel,30,33083.24,2025-09-08,2025-10-08,closed,2025-10-17,39,9,False,False,erratic_payer
INV13003342,B013,B013-C1128,Textiles Client 128,Textiles & Apparel,30,30837.62,2025-11-18,2025-12-18,closed,2025-12-22,34,4,False,False,erratic_payer
INV13003343,B013,B013-C1128,Textiles Client 128,Textiles & Apparel,30,29801.92,2026-02-11,2026-03-13,closed,2026-03-19,36,6,False,False,erratic_payer
INV13003344,B013,B013-C1128,Textiles Client 128,Textiles & Apparel,30,29180.94,2026-02-24,2026-03-26,closed,2026-03-29,33,3,False,False,erratic_payer
INV13003345,B013,B013-C1128,Textiles Client 128,Textiles & Apparel,30,38760.06,2026-04-13,2026-05-13,closed,2026-06-19,67,37,False,False,erratic_payer
INV13003346,B013,B013-C1128,Textiles Client 128,Textiles & Apparel,30,27464.56,2026-04-26,2026-05-26,closed,2026-06-08,43,13,False,False,erratic_payer
INV13003347,B013,B013-C1128,Textiles Client 128,Textiles & Apparel,30,33939.38,2026-06-10,2026-07-10,closed,2026-07-16,36,6,False,False,erratic_payer
INV13003348,B013,B013-C1128,Textiles Client 128,Textiles & Apparel,30,37824.84,2026-06-21,2026-07-21,closed,2026-08-29,69,39,False,False,erratic_payer
INV13003349,B013,B013-C1128,Textiles Client 128,Textiles & Apparel,30,32393.3,2026-07-01,2026-07-31,closed,2026-08-20,50,20,False,False,erratic_payer
INV13003350,B013,B013-C1128,Textiles Client 128,Textiles & Apparel,30,28932.37,2026-07-24,2026-08-23,disputed_open,,,,False,False,erratic_payer
INV13003351,B013,B013-C1128,Textiles Client 128,Textiles & Apparel,30,43579.06,2026-08-12,2026-09-11,open,,,,False,False,erratic_payer
INV13003352,B013,B013-C1129,Pharma Client 129,Pharma & Healthcare,60,80668.93,2024-04-18,2024-06-17,closed,2024-06-23,66,6,False,False,average_payer
INV13003353,B013,B013-C1129,Pharma Client 129,Pharma & Healthcare,60,51431.31,2024-04-27,2024-06-26,closed,2024-06-23,57,-3,False,False,average_payer
INV13003354,B013,B013-C1129,Pharma Client 129,Pharma & Healthcare,60,66973.92,2024-05-15,2024-07-14,closed,2024-07-18,64,4,False,False,average_payer
INV13003355,B013,B013-C1129,Pharma Client 129,Pharma & Healthcare,60,48906.84,2024-08-03,2024-10-02,closed,2024-10-12,70,10,False,False,average_payer
INV13003356,B013,B013-C1129,Pharma Client 129,Pharma & Healthcare,60,82512.57,2025-01-28,2025-03-29,closed,2025-03-29,60,0,False,False,average_payer
INV13003357,B013,B013-C1129,Pharma Client 129,Pharma & Healthcare,60,84086.98,2025-02-15,2025-04-16,closed,2025-04-12,56,-4,True,False,average_payer
INV13003358,B013,B013-C1129,Pharma Client 129,Pharma & Healthcare,60,65299.78,2025-02-24,2025-04-25,closed,2025-04-26,61,1,False,False,average_payer
INV13003359,B013,B013-C1129,Pharma Client 129,Pharma & Healthcare,60,61560.94,2025-05-05,2025-07-04,closed,2025-07-15,71,11,False,False,average_payer
INV13003360,B013,B013-C1129,Pharma Client 129,Pharma & Healthcare,60,58267.67,2025-05-11,2025-07-10,closed,2025-07-20,70,10,False,False,average_payer
INV13003361,B013,B013-C1129,Pharma Client 129,Pharma & Healthcare,60,240963.52,2025-06-23,2025-08-22,closed,2025-09-05,74,14,False,True,average_payer
INV13003362,B013,B013-C1129,Pharma Client 129,Pharma & Healthcare,60,75198.34,2025-06-27,2025-08-26,closed,2025-08-29,63,3,False,False,average_payer
INV13003363,B013,B013-C1129,Pharma Client 129,Pharma & Healthcare,60,80645.2,2025-09-12,2025-11-11,closed,2025-11-13,62,2,False,False,average_payer
INV13003364,B013,B013-C1129,Pharma Client 129,Pharma & Healthcare,60,81794.8,2025-09-24,2025-11-23,closed,2025-12-11,78,18,False,False,average_payer
INV13003365,B013,B013-C1129,Pharma Client 129,Pharma & Healthcare,60,85961.41,2025-10-06,2025-12-05,closed,2025-12-05,60,0,False,False,average_payer
INV13003366,B013,B013-C1129,Pharma Client 129,Pharma & Healthcare,60,112243.17,2025-12-03,2026-02-01,closed,2026-02-10,69,9,False,False,average_payer
INV13003367,B013,B013-C1129,Pharma Client 129,Pharma & Healthcare,60,74176.83,2025-12-31,2026-03-01,closed,2026-03-15,74,14,False,False,average_payer
INV13003368,B013,B013-C1129,Pharma Client 129,Pharma & Healthcare,60,87714.34,2026-01-06,2026-03-07,closed,2026-03-17,70,10,False,False,average_payer
INV13003369,B013,B013-C1129,Pharma Client 129,Pharma & Healthcare,60,140078.39,2026-04-03,2026-06-02,closed,2026-06-03,61,1,False,False,average_payer
INV13003370,B013,B013-C1129,Pharma Client 129,Pharma & Healthcare,60,82989.27,2026-05-21,2026-07-20,closed,2026-07-17,57,-3,False,False,average_payer
INV13003371,B013,B013-C1129,Pharma Client 129,Pharma & Healthcare,60,65508.96,2026-05-25,2026-07-24,closed,2026-07-31,67,7,False,False,average_payer
INV13003372,B013,B013-C1129,Pharma Client 129,Pharma & Healthcare,60,64531.08,2026-06-17,2026-08-16,closed,2026-08-27,71,11,False,False,average_payer
INV13003373,B013,B013-C1129,Pharma Client 129,Pharma & Healthcare,60,70721.21,2026-07-14,2026-09-12,disputed_open,,,,False,False,average_payer
INV13003374,B013,B013-C1130,Chemicals Client 130,Chemicals & Plastics,45,18636.3,2024-04-14,2024-05-29,closed,2024-06-03,50,5,False,False,prompt_payer
INV13003375,B013,B013-C1130,Chemicals Client 130,Chemicals & Plastics,45,134601.55,2024-05-11,2024-06-25,closed,2024-06-19,39,-6,False,True,prompt_payer
INV13003376,B013,B013-C1130,Chemicals Client 130,Chemicals & Plastics,45,19630.57,2024-10-18,2024-12-02,closed,2024-11-29,42,-3,False,False,prompt_payer
INV13003377,B013,B013-C1130,Chemicals Client 130,Chemicals & Plastics,45,33080.42,2024-12-08,2025-01-22,closed,2025-01-19,42,-3,False,False,prompt_payer
INV13003378,B013,B013-C1130,Chemicals Client 130,Chemicals & Plastics,45,20071.1,2024-12-14,2025-01-28,closed,2025-02-01,49,4,False,False,prompt_payer
INV13003379,B013,B013-C1130,Chemicals Client 130,Chemicals & Plastics,45,26568.17,2025-04-25,2025-06-09,closed,2025-06-08,44,-1,False,False,prompt_payer
INV13003380,B013,B013-C1131,FMCG Client 131,FMCG & Food Processing,45,40392.52,2024-07-10,2024-08-24,closed,2024-08-22,43,-2,False,False,prompt_payer
INV13003381,B013,B013-C1131,FMCG Client 131,FMCG & Food Processing,45,56202.55,2024-07-25,2024-09-08,closed,2024-09-11,48,3,False,False,prompt_payer
INV13003382,B013,B013-C1131,FMCG Client 131,FMCG & Food Processing,45,38182.28,2024-08-02,2024-09-16,closed,2024-09-16,45,0,False,False,prompt_payer
INV13003383,B013,B013-C1131,FMCG Client 131,FMCG & Food Processing,45,44895.18,2024-09-07,2024-10-22,closed,2024-10-24,47,2,False,False,prompt_payer
INV13003384,B013,B013-C1131,FMCG Client 131,FMCG & Food Processing,45,52878.14,2024-09-15,2024-10-30,closed,2024-10-28,43,-2,False,False,prompt_payer
INV13003385,B013,B013-C1131,FMCG Client 131,FMCG & Food Processing,45,130018.27,2024-09-23,2024-11-07,closed,2024-10-29,36,-9,False,True,prompt_payer
INV13003386,B013,B013-C1131,FMCG Client 131,FMCG & Food Processing,45,40160.13,2024-11-28,2025-01-12,closed,2025-01-10,43,-2,False,False,prompt_payer
INV13003387,B013,B013-C1131,FMCG Client 131,FMCG & Food Processing,45,60637.83,2024-12-18,2025-02-01,closed,2025-01-28,41,-4,False,False,prompt_payer
INV13003388,B013,B013-C1131,FMCG Client 131,FMCG & Food Processing,45,39466.74,2024-12-23,2025-02-06,closed,2025-02-02,41,-4,False,False,prompt_payer
INV13003389,B013,B013-C1131,FMCG Client 131,FMCG & Food Processing,45,38781.2,2025-01-24,2025-03-10,closed,2025-03-10,45,0,False,False,prompt_payer
INV13003390,B013,B013-C1131,FMCG Client 131,FMCG & Food Processing,45,35735.22,2025-06-07,2025-07-22,closed,2025-07-25,48,3,False,False,prompt_payer
INV13003391,B013,B013-C1131,FMCG Client 131,FMCG & Food Processing,45,68572.55,2025-06-09,2025-07-24,closed,2025-07-28,49,4,False,False,prompt_payer
INV13003392,B013,B013-C1131,FMCG Client 131,FMCG & Food Processing,45,62027.72,2025-08-12,2025-09-26,closed,2025-09-20,39,-6,False,False,prompt_payer
INV13003393,B013,B013-C1131,FMCG Client 131,FMCG & Food Processing,45,41980.14,2025-08-16,2025-09-30,closed,2025-10-05,50,5,False,False,prompt_payer
INV13003394,B013,B013-C1131,FMCG Client 131,FMCG & Food Processing,45,37998.59,2025-09-02,2025-10-17,closed,2025-10-20,48,3,False,False,prompt_payer
INV13003395,B013,B013-C1131,FMCG Client 131,FMCG & Food Processing,45,48754.57,2025-09-19,2025-11-03,closed,2025-11-04,46,1,False,False,prompt_payer
INV13003396,B013,B013-C1131,FMCG Client 131,FMCG & Food Processing,45,100112.68,2025-10-15,2025-11-29,closed,2025-11-29,45,0,False,True,prompt_payer
INV13003397,B013,B013-C1131,FMCG Client 131,FMCG & Food Processing,45,49976.39,2025-10-18,2025-12-02,closed,2025-12-06,49,4,False,False,prompt_payer
INV13003398,B013,B013-C1131,FMCG Client 131,FMCG & Food Processing,45,40550.71,2025-11-03,2025-12-18,closed,2025-12-19,46,1,False,False,prompt_payer
INV13003399,B013,B013-C1131,FMCG Client 131,FMCG & Food Processing,45,193919.52,2025-11-22,2026-01-06,closed,2026-01-08,47,2,False,True,prompt_payer
INV13003400,B013,B013-C1131,FMCG Client 131,FMCG & Food Processing,45,50241.75,2025-12-10,2026-01-24,closed,2026-01-23,44,-1,False,False,prompt_payer
INV13003401,B013,B013-C1131,FMCG Client 131,FMCG & Food Processing,45,45132.71,2026-01-14,2026-02-28,closed,2026-03-05,50,5,False,False,prompt_payer
INV13003402,B013,B013-C1131,FMCG Client 131,FMCG & Food Processing,45,39344.43,2026-01-31,2026-03-17,closed,2026-03-18,46,1,False,False,prompt_payer
INV13003403,B013,B013-C1131,FMCG Client 131,FMCG & Food Processing,45,49579.41,2026-03-11,2026-04-25,closed,2026-04-28,48,3,False,False,prompt_payer
INV13003404,B013,B013-C1131,FMCG Client 131,FMCG & Food Processing,45,99216.46,2026-06-25,2026-08-09,closed,2026-08-08,44,-1,False,False,prompt_payer
INV13003405,B013,B013-C1131,FMCG Client 131,FMCG & Food Processing,45,53334.4,2026-06-26,2026-08-10,closed,2026-08-03,38,-7,False,False,prompt_payer
INV13003406,B013,B013-C1131,FMCG Client 131,FMCG & Food Processing,45,65151.93,2026-08-01,2026-09-15,open,,,,False,False,prompt_payer
INV13003407,B013,B013-C1132,Chemicals Client 132,Chemicals & Plastics,30,75770.67,2024-05-01,2024-05-31,closed,2024-06-08,38,8,False,False,average_payer
INV13003408,B013,B013-C1132,Chemicals Client 132,Chemicals & Plastics,30,91782.61,2024-10-03,2024-11-02,closed,2024-10-27,24,-6,False,False,average_payer
INV13003409,B013,B013-C1132,Chemicals Client 132,Chemicals & Plastics,30,66589.89,2025-11-12,2025-12-12,closed,2025-12-11,29,-1,False,False,average_payer
INV13003410,B013,B013-C1132,Chemicals Client 132,Chemicals & Plastics,30,440565.84,2026-02-23,2026-03-25,closed,2026-04-04,40,10,False,True,average_payer
INV13003411,B013,B013-C1132,Chemicals Client 132,Chemicals & Plastics,30,54133.49,2026-04-03,2026-05-03,closed,2026-05-04,31,1,False,False,average_payer
INV13003412,B013,B013-C1132,Chemicals Client 132,Chemicals & Plastics,30,84484.06,2026-05-21,2026-06-20,closed,2026-07-01,41,11,False,False,average_payer
INV13003413,B013,B013-C1132,Chemicals Client 132,Chemicals & Plastics,30,65614.0,2026-05-23,2026-06-22,closed,2026-06-22,30,0,False,False,average_payer
INV13003414,B013,B013-C1132,Chemicals Client 132,Chemicals & Plastics,30,131549.27,2026-05-28,2026-06-27,closed,2026-06-26,29,-1,False,False,average_payer
