invoice_id,business_id,cust_number,customer_name,sector,payment_term_days,invoice_amount,issue_date,due_date,status,actual_paid_date,days_to_payment,delay_vs_due_date,had_partial_payment_flag,is_big_ticket_spike,customer_archetype_TRUE_LABEL
INV16000001,B016,B016-C1001,Auto Client 001,Auto Components,30,98311.53,2024-07-18,2024-08-17,closed,2024-09-17,61,31,False,True,chronic_late_payer
INV16000002,B016,B016-C1001,Auto Client 001,Auto Components,30,33814.58,2024-07-20,2024-08-19,closed,2024-09-18,60,30,False,False,chronic_late_payer
INV16000003,B016,B016-C1001,Auto Client 001,Auto Components,30,38822.56,2024-11-29,2024-12-29,closed,2025-01-21,53,23,False,False,chronic_late_payer
INV16000004,B016,B016-C1001,Auto Client 001,Auto Components,30,54002.47,2024-12-15,2025-01-14,closed,2025-02-07,54,24,False,False,chronic_late_payer
INV16000005,B016,B016-C1001,Auto Client 001,Auto Components,30,24759.67,2025-02-18,2025-03-20,closed,2025-04-22,63,33,False,False,chronic_late_payer
INV16000006,B016,B016-C1001,Auto Client 001,Auto Components,30,34358.53,2025-07-02,2025-08-01,closed,2025-08-31,60,30,False,False,chronic_late_payer
INV16000007,B016,B016-C1001,Auto Client 001,Auto Components,30,73480.06,2026-02-11,2026-03-13,closed,2026-04-03,51,21,False,False,chronic_late_payer
INV16000008,B016,B016-C1001,Auto Client 001,Auto Components,30,32191.39,2026-08-07,2026-09-06,open,,,,False,False,chronic_late_payer
INV16000009,B016,B016-C1001,Auto Client 001,Auto Components,30,25233.72,2026-08-16,2026-09-15,open,,,,False,False,chronic_late_payer
INV16000010,B016,B016-C1002,Chemicals Client 002,Chemicals & Plastics,45,268929.46,2024-03-18,2024-05-02,closed,2024-04-29,42,-3,False,False,prompt_payer
INV16000011,B016,B016-C1002,Chemicals Client 002,Chemicals & Plastics,45,201134.43,2024-05-29,2024-07-13,closed,2024-07-15,47,2,False,False,prompt_payer
INV16000012,B016,B016-C1002,Chemicals Client 002,Chemicals & Plastics,45,285084.63,2024-07-23,2024-09-06,closed,2024-09-01,40,-5,False,False,prompt_payer
INV16000013,B016,B016-C1002,Chemicals Client 002,Chemicals & Plastics,45,187350.48,2024-09-02,2024-10-17,closed,2024-10-12,40,-5,False,False,prompt_payer
INV16000014,B016,B016-C1002,Chemicals Client 002,Chemicals & Plastics,45,252804.06,2024-12-03,2025-01-17,closed,2025-01-18,46,1,False,False,prompt_payer
INV16000015,B016,B016-C1002,Chemicals Client 002,Chemicals & Plastics,45,151604.17,2024-12-27,2025-02-10,closed,2025-02-11,46,1,False,False,prompt_payer
INV16000016,B016,B016-C1002,Chemicals Client 002,Chemicals & Plastics,45,335872.25,2025-01-08,2025-02-22,closed,2025-02-26,49,4,False,False,prompt_payer
INV16000017,B016,B016-C1002,Chemicals Client 002,Chemicals & Plastics,45,146058.2,2025-01-13,2025-02-27,closed,2025-02-25,43,-2,False,False,prompt_payer
INV16000018,B016,B016-C1002,Chemicals Client 002,Chemicals & Plastics,45,99432.38,2025-01-14,2025-02-28,closed,2025-03-02,47,2,False,False,prompt_payer
INV16000019,B016,B016-C1002,Chemicals Client 002,Chemicals & Plastics,45,216884.42,2025-01-20,2025-03-06,closed,2025-03-02,41,-4,False,False,prompt_payer
INV16000020,B016,B016-C1002,Chemicals Client 002,Chemicals & Plastics,45,181658.01,2025-01-29,2025-03-15,closed,2025-03-20,50,5,False,False,prompt_payer
INV16000021,B016,B016-C1002,Chemicals Client 002,Chemicals & Plastics,45,267191.29,2025-02-20,2025-04-06,closed,2025-04-07,46,1,False,False,prompt_payer
INV16000022,B016,B016-C1002,Chemicals Client 002,Chemicals & Plastics,45,169772.43,2025-03-15,2025-04-29,closed,2025-04-30,46,1,False,False,prompt_payer
INV16000023,B016,B016-C1002,Chemicals Client 002,Chemicals & Plastics,45,371683.51,2025-03-17,2025-05-01,closed,2025-05-03,47,2,False,False,prompt_payer
INV16000024,B016,B016-C1002,Chemicals Client 002,Chemicals & Plastics,45,1144573.58,2025-04-20,2025-06-04,closed,2025-06-02,43,-2,False,True,prompt_payer
INV16000025,B016,B016-C1002,Chemicals Client 002,Chemicals & Plastics,45,219903.56,2025-05-16,2025-06-30,closed,2025-06-29,44,-1,False,False,prompt_payer
INV16000026,B016,B016-C1002,Chemicals Client 002,Chemicals & Plastics,45,298008.33,2025-06-23,2025-08-07,closed,2025-08-09,47,2,False,False,prompt_payer
INV16000027,B016,B016-C1002,Chemicals Client 002,Chemicals & Plastics,45,406515.19,2025-06-26,2025-08-10,closed,2025-08-13,48,3,False,False,prompt_payer
INV16000028,B016,B016-C1002,Chemicals Client 002,Chemicals & Plastics,45,177030.15,2025-09-15,2025-10-30,closed,2025-11-06,52,7,False,False,prompt_payer
INV16000029,B016,B016-C1002,Chemicals Client 002,Chemicals & Plastics,45,228782.89,2025-09-26,2025-11-10,closed,2025-11-07,42,-3,False,False,prompt_payer
INV16000030,B016,B016-C1002,Chemicals Client 002,Chemicals & Plastics,45,164531.37,2025-10-27,2025-12-11,closed,2025-12-07,41,-4,False,False,prompt_payer
INV16000031,B016,B016-C1002,Chemicals Client 002,Chemicals & Plastics,45,122297.36,2025-12-09,2026-01-23,closed,2026-01-25,47,2,False,False,prompt_payer
INV16000032,B016,B016-C1002,Chemicals Client 002,Chemicals & Plastics,45,135344.55,2026-01-05,2026-02-19,closed,2026-02-19,45,0,False,False,prompt_payer
INV16000033,B016,B016-C1002,Chemicals Client 002,Chemicals & Plastics,45,238032.7,2026-01-24,2026-03-10,closed,2026-03-10,45,0,False,False,prompt_payer
INV16000034,B016,B016-C1002,Chemicals Client 002,Chemicals & Plastics,45,172829.03,2026-02-05,2026-03-22,closed,2026-03-28,51,6,False,False,prompt_payer
INV16000035,B016,B016-C1002,Chemicals Client 002,Chemicals & Plastics,45,234070.8,2026-02-11,2026-03-28,closed,2026-03-26,43,-2,False,False,prompt_payer
INV16000036,B016,B016-C1002,Chemicals Client 002,Chemicals & Plastics,45,189228.91,2026-02-26,2026-04-12,closed,2026-04-06,39,-6,False,False,prompt_payer
INV16000037,B016,B016-C1002,Chemicals Client 002,Chemicals & Plastics,45,212676.95,2026-04-24,2026-06-08,closed,2026-06-15,52,7,False,False,prompt_payer
INV16000038,B016,B016-C1002,Chemicals Client 002,Chemicals & Plastics,45,131512.87,2026-05-19,2026-07-03,closed,2026-07-04,46,1,False,False,prompt_payer
INV16000039,B016,B016-C1002,Chemicals Client 002,Chemicals & Plastics,45,149257.48,2026-06-26,2026-08-10,closed,2026-08-09,44,-1,False,False,prompt_payer
INV16000040,B016,B016-C1002,Chemicals Client 002,Chemicals & Plastics,45,296946.38,2026-07-05,2026-08-19,closed,2026-08-15,41,-4,False,False,prompt_payer
INV16000041,B016,B016-C1002,Chemicals Client 002,Chemicals & Plastics,45,172511.17,2026-08-27,2026-10-11,open,,,,False,False,prompt_payer
INV16000042,B016,B016-C1003,Construction Client 003,Construction & Infra,45,78120.79,2024-07-23,2024-09-06,closed,2024-09-04,43,-2,False,False,average_payer
INV16000043,B016,B016-C1003,Construction Client 003,Construction & Infra,45,256731.57,2024-10-11,2024-11-25,closed,2024-12-05,55,10,False,False,average_payer
INV16000044,B016,B016-C1003,Construction Client 003,Construction & Infra,45,119517.58,2024-11-14,2024-12-29,closed,2025-01-03,50,5,False,False,average_payer
INV16000045,B016,B016-C1003,Construction Client 003,Construction & Infra,45,103718.71,2026-03-29,2026-05-13,closed,2026-05-16,48,3,False,False,average_payer
INV16000046,B016,B016-C1003,Construction Client 003,Construction & Infra,45,105671.97,2026-05-10,2026-06-24,closed,2026-07-04,55,10,False,False,average_payer
INV16000047,B016,B016-C1004,Textiles Client 004,Textiles & Apparel,60,18267.7,2024-04-12,2024-06-11,closed,2024-06-01,50,-10,False,False,cold_start
INV16000048,B016,B016-C1004,Textiles Client 004,Textiles & Apparel,60,18443.14,2024-11-27,2025-01-26,closed,2025-01-26,60,0,False,False,cold_start
INV16000049,B016,B016-C1004,Textiles Client 004,Textiles & Apparel,60,39264.26,2025-04-16,2025-06-15,closed,2025-06-14,59,-1,False,False,cold_start
INV16000050,B016,B016-C1005,IT Client 005,IT & Business Services,30,14417.48,2024-03-26,2024-04-25,closed,2024-05-01,36,6,True,False,erratic_payer
INV16000051,B016,B016-C1005,IT Client 005,IT & Business Services,30,20700.45,2024-04-04,2024-05-04,closed,2024-05-29,55,25,False,False,erratic_payer
INV16000052,B016,B016-C1005,IT Client 005,IT & Business Services,30,32341.61,2024-04-22,2024-05-22,closed,2024-05-24,32,2,False,False,erratic_payer
INV16000053,B016,B016-C1005,IT Client 005,IT & Business Services,30,20409.37,2024-06-05,2024-07-05,closed,2024-07-03,28,-2,False,False,erratic_payer
INV16000054,B016,B016-C1005,IT Client 005,IT & Business Services,30,14620.06,2024-08-04,2024-09-03,closed,2024-08-20,16,-14,False,False,erratic_payer
INV16000055,B016,B016-C1005,IT Client 005,IT & Business Services,30,16997.84,2025-02-09,2025-03-11,closed,2025-05-23,103,73,False,False,erratic_payer
INV16000056,B016,B016-C1005,IT Client 005,IT & Business Services,30,16673.43,2025-02-11,2025-03-13,closed,2025-03-31,48,18,False,False,erratic_payer
INV16000057,B016,B016-C1005,IT Client 005,IT & Business Services,30,16395.21,2025-03-14,2025-04-13,closed,2025-04-17,34,4,False,False,erratic_payer
INV16000058,B016,B016-C1005,IT Client 005,IT & Business Services,30,22801.85,2025-05-16,2025-06-15,closed,2025-06-24,39,9,False,False,erratic_payer
INV16000059,B016,B016-C1005,IT Client 005,IT & Business Services,30,19004.28,2025-05-20,2025-06-19,closed,2025-06-28,39,9,False,False,erratic_payer
INV16000060,B016,B016-C1005,IT Client 005,IT & Business Services,30,20001.41,2025-05-29,2025-06-28,closed,2025-07-10,42,12,True,False,erratic_payer
INV16000061,B016,B016-C1005,IT Client 005,IT & Business Services,30,14743.3,2025-06-01,2025-07-01,closed,2025-07-09,38,8,False,False,erratic_payer
INV16000062,B016,B016-C1005,IT Client 005,IT & Business Services,30,41939.02,2025-06-28,2025-07-28,closed,2025-09-28,92,62,False,False,erratic_payer
INV16000063,B016,B016-C1005,IT Client 005,IT & Business Services,30,32236.56,2025-07-28,2025-08-27,closed,2025-09-22,56,26,False,False,erratic_payer
INV16000064,B016,B016-C1005,IT Client 005,IT & Business Services,30,13829.27,2025-09-13,2025-10-13,closed,2026-02-09,149,119,False,False,erratic_payer
INV16000065,B016,B016-C1005,IT Client 005,IT & Business Services,30,14939.26,2025-10-26,2025-11-25,closed,2025-11-29,34,4,False,False,erratic_payer
INV16000066,B016,B016-C1005,IT Client 005,IT & Business Services,30,27806.03,2026-01-10,2026-02-09,closed,2026-02-14,35,5,False,False,erratic_payer
INV16000067,B016,B016-C1005,IT Client 005,IT & Business Services,30,23953.27,2026-02-17,2026-03-19,closed,2026-03-15,26,-4,False,False,erratic_payer
INV16000068,B016,B016-C1005,IT Client 005,IT & Business Services,30,30724.52,2026-03-14,2026-04-13,closed,2026-04-21,38,8,False,False,erratic_payer
INV16000069,B016,B016-C1005,IT Client 005,IT & Business Services,30,37860.39,2026-04-04,2026-05-04,closed,2026-05-05,31,1,False,False,erratic_payer
INV16000070,B016,B016-C1005,IT Client 005,IT & Business Services,30,27310.74,2026-04-16,2026-05-16,closed,2026-05-24,38,8,False,False,erratic_payer
INV16000071,B016,B016-C1005,IT Client 005,IT & Business Services,30,21286.38,2026-05-06,2026-06-05,closed,2026-06-11,36,6,False,False,erratic_payer
INV16000072,B016,B016-C1005,IT Client 005,IT & Business Services,30,27640.61,2026-06-12,2026-07-12,closed,2026-07-12,30,0,False,False,erratic_payer
INV16000073,B016,B016-C1005,IT Client 005,IT & Business Services,30,28611.59,2026-06-19,2026-07-19,closed,2026-08-07,49,19,False,False,erratic_payer
INV16000074,B016,B016-C1005,IT Client 005,IT & Business Services,30,20014.04,2026-07-06,2026-08-05,closed,2026-08-16,41,11,False,False,erratic_payer
INV16000075,B016,B016-C1005,IT Client 005,IT & Business Services,30,12910.32,2026-08-01,2026-08-31,disputed_open,,,,False,False,erratic_payer
INV16000076,B016,B016-C1005,IT Client 005,IT & Business Services,30,25844.87,2026-08-05,2026-09-04,open,,,,False,False,erratic_payer
INV16000077,B016,B016-C1006,Retail Client 006,Retail & Distribution,45,45803.54,2024-04-03,2024-05-18,closed,2024-06-02,60,15,True,False,chronic_late_payer
INV16000078,B016,B016-C1006,Retail Client 006,Retail & Distribution,45,69847.47,2024-04-10,2024-05-25,closed,2024-07-02,83,38,False,False,chronic_late_payer
INV16000079,B016,B016-C1006,Retail Client 006,Retail & Distribution,45,73208.27,2024-05-02,2024-06-16,closed,2024-08-01,91,46,False,False,chronic_late_payer
INV16000080,B016,B016-C1006,Retail Client 006,Retail & Distribution,45,74405.45,2024-07-05,2024-08-19,closed,2024-09-19,76,31,False,False,chronic_late_payer
INV16000081,B016,B016-C1006,Retail Client 006,Retail & Distribution,45,56762.49,2024-07-12,2024-08-26,closed,2024-10-02,82,37,False,False,chronic_late_payer
INV16000082,B016,B016-C1006,Retail Client 006,Retail & Distribution,45,51194.65,2024-07-17,2024-08-31,closed,2024-09-30,75,30,False,False,chronic_late_payer
INV16000083,B016,B016-C1006,Retail Client 006,Retail & Distribution,45,65606.34,2024-07-30,2024-09-13,closed,2024-10-28,90,45,False,False,chronic_late_payer
INV16000084,B016,B016-C1006,Retail Client 006,Retail & Distribution,45,50435.67,2024-08-06,2024-09-20,closed,2024-11-05,91,46,False,False,chronic_late_payer
INV16000085,B016,B016-C1006,Retail Client 006,Retail & Distribution,45,103464.85,2024-08-08,2024-09-22,closed,2024-10-29,82,37,False,False,chronic_late_payer
INV16000086,B016,B016-C1006,Retail Client 006,Retail & Distribution,45,96740.83,2024-10-16,2024-11-30,closed,2025-01-20,96,51,False,False,chronic_late_payer
INV16000087,B016,B016-C1006,Retail Client 006,Retail & Distribution,45,75926.19,2024-10-19,2024-12-03,closed,2025-01-01,74,29,False,False,chronic_late_payer
INV16000088,B016,B016-C1006,Retail Client 006,Retail & Distribution,45,40451.88,2024-10-21,2024-12-05,closed,2024-12-26,66,21,False,False,chronic_late_payer
INV16000089,B016,B016-C1006,Retail Client 006,Retail & Distribution,45,66371.27,2024-10-23,2024-12-07,closed,2024-12-22,60,15,False,False,chronic_late_payer
INV16000090,B016,B016-C1006,Retail Client 006,Retail & Distribution,45,85575.02,2024-10-28,2024-12-12,closed,2025-02-04,99,54,False,False,chronic_late_payer
INV16000091,B016,B016-C1006,Retail Client 006,Retail & Distribution,45,51277.34,2024-11-12,2024-12-27,closed,2025-01-19,68,23,False,False,chronic_late_payer
INV16000092,B016,B016-C1006,Retail Client 006,Retail & Distribution,45,61787.86,2024-11-16,2024-12-31,closed,2025-02-01,77,32,False,False,chronic_late_payer
INV16000093,B016,B016-C1006,Retail Client 006,Retail & Distribution,45,203551.78,2025-01-05,2025-02-19,closed,2025-04-02,87,42,False,True,chronic_late_payer
INV16000094,B016,B016-C1006,Retail Client 006,Retail & Distribution,45,101802.19,2025-01-19,2025-03-05,closed,2025-04-13,84,39,False,False,chronic_late_payer
INV16000095,B016,B016-C1006,Retail Client 006,Retail & Distribution,45,71666.46,2025-03-12,2025-04-26,closed,2025-06-05,85,40,False,False,chronic_late_payer
INV16000096,B016,B016-C1006,Retail Client 006,Retail & Distribution,45,93340.04,2025-03-23,2025-05-07,closed,2025-06-07,76,31,False,False,chronic_late_payer
INV16000097,B016,B016-C1006,Retail Client 006,Retail & Distribution,45,52132.15,2025-04-30,2025-06-14,closed,2025-06-28,59,14,False,False,chronic_late_payer
INV16000098,B016,B016-C1006,Retail Client 006,Retail & Distribution,45,73302.25,2025-05-10,2025-06-24,closed,2025-08-19,101,56,False,False,chronic_late_payer
INV16000099,B016,B016-C1006,Retail Client 006,Retail & Distribution,45,43757.12,2025-05-20,2025-07-04,closed,2025-08-10,82,37,False,False,chronic_late_payer
INV16000100,B016,B016-C1006,Retail Client 006,Retail & Distribution,45,52028.23,2025-05-28,2025-07-12,closed,2025-07-28,61,16,False,False,chronic_late_payer
INV16000101,B016,B016-C1006,Retail Client 006,Retail & Distribution,45,44590.77,2025-06-21,2025-08-05,closed,2025-09-29,100,55,False,False,chronic_late_payer
INV16000102,B016,B016-C1006,Retail Client 006,Retail & Distribution,45,62723.48,2025-07-24,2025-09-07,closed,2025-10-04,72,27,False,False,chronic_late_payer
INV16000103,B016,B016-C1006,Retail Client 006,Retail & Distribution,45,57022.72,2025-08-25,2025-10-09,disputed_open,,,,False,False,chronic_late_payer
INV16000104,B016,B016-C1006,Retail Client 006,Retail & Distribution,45,81618.94,2025-08-26,2025-10-10,closed,2025-12-05,101,56,False,False,chronic_late_payer
INV16000105,B016,B016-C1006,Retail Client 006,Retail & Distribution,45,51229.97,2025-09-08,2025-10-23,closed,2025-12-03,86,41,False,False,chronic_late_payer
INV16000106,B016,B016-C1006,Retail Client 006,Retail & Distribution,45,89651.69,2025-09-09,2025-10-24,disputed_open,,,,False,False,chronic_late_payer
INV16000107,B016,B016-C1006,Retail Client 006,Retail & Distribution,45,64731.06,2025-10-20,2025-12-04,closed,2026-01-07,79,34,False,False,chronic_late_payer
INV16000108,B016,B016-C1006,Retail Client 006,Retail & Distribution,45,50434.1,2025-10-29,2025-12-13,closed,2026-01-04,67,22,False,False,chronic_late_payer
INV16000109,B016,B016-C1006,Retail Client 006,Retail & Distribution,45,54460.94,2025-11-11,2025-12-26,closed,2026-02-04,85,40,False,False,chronic_late_payer
INV16000110,B016,B016-C1006,Retail Client 006,Retail & Distribution,45,91411.01,2026-01-09,2026-02-23,open,,,,False,False,chronic_late_payer
INV16000111,B016,B016-C1006,Retail Client 006,Retail & Distribution,45,41820.52,2026-01-25,2026-03-11,closed,2026-04-01,66,21,False,False,chronic_late_payer
INV16000112,B016,B016-C1006,Retail Client 006,Retail & Distribution,45,80773.3,2026-03-09,2026-04-23,closed,2026-05-24,76,31,False,False,chronic_late_payer
INV16000113,B016,B016-C1006,Retail Client 006,Retail & Distribution,45,86082.04,2026-03-23,2026-05-07,closed,2026-07-11,110,65,False,False,chronic_late_payer
INV16000114,B016,B016-C1006,Retail Client 006,Retail & Distribution,45,49002.41,2026-03-31,2026-05-15,closed,2026-05-29,59,14,False,False,chronic_late_payer
INV16000115,B016,B016-C1006,Retail Client 006,Retail & Distribution,45,53711.03,2026-05-21,2026-07-05,closed,2026-08-21,92,47,False,False,chronic_late_payer
INV16000116,B016,B016-C1006,Retail Client 006,Retail & Distribution,45,56321.1,2026-06-03,2026-07-18,open,,,,False,False,chronic_late_payer
INV16000117,B016,B016-C1006,Retail Client 006,Retail & Distribution,45,48571.84,2026-06-21,2026-08-05,open,,,,False,False,chronic_late_payer
INV16000118,B016,B016-C1006,Retail Client 006,Retail & Distribution,45,70783.52,2026-07-11,2026-08-25,open,,,,False,False,chronic_late_payer
INV16000119,B016,B016-C1006,Retail Client 006,Retail & Distribution,45,61417.12,2026-08-09,2026-09-23,open,,,,False,False,chronic_late_payer
INV16000120,B016,B016-C1007,FMCG Client 007,FMCG & Food Processing,45,16220.34,2024-03-27,2024-05-11,closed,2024-05-15,49,4,False,False,erratic_payer
INV16000121,B016,B016-C1007,FMCG Client 007,FMCG & Food Processing,45,23626.84,2024-04-04,2024-05-19,closed,2024-05-28,54,9,False,False,erratic_payer
INV16000122,B016,B016-C1007,FMCG Client 007,FMCG & Food Processing,45,15204.41,2024-04-08,2024-05-23,closed,2024-09-11,156,111,False,False,erratic_payer
INV16000123,B016,B016-C1007,FMCG Client 007,FMCG & Food Processing,45,16748.59,2024-04-19,2024-06-03,closed,2024-06-06,48,3,False,False,erratic_payer
INV16000124,B016,B016-C1007,FMCG Client 007,FMCG & Food Processing,45,19050.13,2024-04-26,2024-06-10,closed,2024-08-09,105,60,False,False,erratic_payer
INV16000125,B016,B016-C1007,FMCG Client 007,FMCG & Food Processing,45,19618.76,2024-05-12,2024-06-26,closed,2024-07-15,64,19,False,False,erratic_payer
INV16000126,B016,B016-C1007,FMCG Client 007,FMCG & Food Processing,45,19866.91,2024-07-24,2024-09-07,closed,2024-11-20,119,74,False,False,erratic_payer
INV16000127,B016,B016-C1007,FMCG Client 007,FMCG & Food Processing,45,25404.88,2024-09-27,2024-11-11,open,,,,False,False,erratic_payer
INV16000128,B016,B016-C1007,FMCG Client 007,FMCG & Food Processing,45,26526.77,2024-10-25,2024-12-09,closed,2024-12-26,62,17,False,False,erratic_payer
INV16000129,B016,B016-C1007,FMCG Client 007,FMCG & Food Processing,45,27249.02,2024-11-08,2024-12-23,closed,2025-01-09,62,17,True,False,erratic_payer
INV16000130,B016,B016-C1007,FMCG Client 007,FMCG & Food Processing,45,28101.64,2024-12-12,2025-01-26,closed,2025-02-03,53,8,False,False,erratic_payer
INV16000131,B016,B016-C1007,FMCG Client 007,FMCG & Food Processing,45,30118.39,2025-01-05,2025-02-19,closed,2025-02-05,31,-14,False,False,erratic_payer
INV16000132,B016,B016-C1007,FMCG Client 007,FMCG & Food Processing,45,21718.83,2025-09-03,2025-10-18,closed,2026-01-09,128,83,False,False,erratic_payer
INV16000133,B016,B016-C1007,FMCG Client 007,FMCG & Food Processing,45,28678.3,2025-09-18,2025-11-02,closed,2025-11-11,54,9,False,False,erratic_payer
INV16000134,B016,B016-C1007,FMCG Client 007,FMCG & Food Processing,45,159919.7,2025-09-28,2025-11-12,closed,2025-11-24,57,12,False,True,erratic_payer
INV16000135,B016,B016-C1007,FMCG Client 007,FMCG & Food Processing,45,14130.12,2026-01-19,2026-03-05,closed,2026-04-04,75,30,False,False,erratic_payer
INV16000136,B016,B016-C1007,FMCG Client 007,FMCG & Food Processing,45,27027.11,2026-02-03,2026-03-20,closed,2026-03-21,46,1,False,False,erratic_payer
INV16000137,B016,B016-C1007,FMCG Client 007,FMCG & Food Processing,45,48574.12,2026-02-09,2026-03-26,disputed_open,,,,False,False,erratic_payer
INV16000138,B016,B016-C1007,FMCG Client 007,FMCG & Food Processing,45,22009.77,2026-02-26,2026-04-12,closed,2026-04-21,54,9,False,False,erratic_payer
INV16000139,B016,B016-C1007,FMCG Client 007,FMCG & Food Processing,45,24174.55,2026-03-30,2026-05-14,closed,2026-05-26,57,12,False,False,erratic_payer
INV16000140,B016,B016-C1007,FMCG Client 007,FMCG & Food Processing,45,11773.81,2026-04-03,2026-05-18,closed,2026-05-19,46,1,False,False,erratic_payer
INV16000141,B016,B016-C1007,FMCG Client 007,FMCG & Food Processing,45,17001.88,2026-07-16,2026-08-30,disputed_open,,,,False,False,erratic_payer
INV16000142,B016,B016-C1007,FMCG Client 007,FMCG & Food Processing,45,34850.98,2026-07-25,2026-09-08,open,,,,False,False,erratic_payer
INV16000143,B016,B016-C1007,FMCG Client 007,FMCG & Food Processing,45,15459.11,2026-08-27,2026-10-11,open,,,,False,False,erratic_payer
INV16000144,B016,B016-C1007,FMCG Client 007,FMCG & Food Processing,45,22521.93,2026-09-01,2026-10-16,open,,,,False,False,erratic_payer
INV16000145,B016,B016-C1008,Textiles Client 008,Textiles & Apparel,30,115169.52,2024-03-30,2024-04-29,closed,2024-05-12,43,13,False,True,erratic_payer
INV16000146,B016,B016-C1008,Textiles Client 008,Textiles & Apparel,30,28933.51,2024-04-08,2024-05-08,closed,2024-05-17,39,9,False,False,erratic_payer
INV16000147,B016,B016-C1008,Textiles Client 008,Textiles & Apparel,30,33376.01,2024-05-25,2024-06-24,closed,2024-06-22,28,-2,False,False,erratic_payer
INV16000148,B016,B016-C1008,Textiles Client 008,Textiles & Apparel,30,31460.71,2024-07-31,2024-08-30,closed,2024-09-11,42,12,False,False,erratic_payer
INV16000149,B016,B016-C1008,Textiles Client 008,Textiles & Apparel,30,25379.05,2024-08-22,2024-09-21,closed,2024-09-13,22,-8,False,False,erratic_payer
INV16000150,B016,B016-C1008,Textiles Client 008,Textiles & Apparel,30,35137.41,2024-08-23,2024-09-22,closed,2024-09-19,27,-3,False,False,erratic_payer
INV16000151,B016,B016-C1008,Textiles Client 008,Textiles & Apparel,30,29826.66,2024-09-09,2024-10-09,open,,,,False,False,erratic_payer
INV16000152,B016,B016-C1008,Textiles Client 008,Textiles & Apparel,30,40431.89,2024-09-20,2024-10-20,closed,2024-10-26,36,6,False,False,erratic_payer
INV16000153,B016,B016-C1008,Textiles Client 008,Textiles & Apparel,30,29777.35,2024-09-28,2024-10-28,closed,2024-11-07,40,10,False,False,erratic_payer
INV16000154,B016,B016-C1008,Textiles Client 008,Textiles & Apparel,30,16356.96,2024-10-29,2024-11-28,closed,2024-12-02,34,4,False,False,erratic_payer
INV16000155,B016,B016-C1008,Textiles Client 008,Textiles & Apparel,30,21998.79,2024-11-02,2024-12-02,closed,2024-12-13,41,11,False,False,erratic_payer
INV16000156,B016,B016-C1008,Textiles Client 008,Textiles & Apparel,30,22847.57,2024-11-25,2024-12-25,closed,2024-12-31,36,6,False,False,erratic_payer
INV16000157,B016,B016-C1008,Textiles Client 008,Textiles & Apparel,30,27223.68,2024-12-25,2025-01-24,closed,2025-01-24,30,0,False,False,erratic_payer
INV16000158,B016,B016-C1008,Textiles Client 008,Textiles & Apparel,30,19466.21,2025-04-17,2025-05-17,closed,2025-05-25,38,8,False,False,erratic_payer
INV16000159,B016,B016-C1008,Textiles Client 008,Textiles & Apparel,30,38921.47,2025-05-24,2025-06-23,closed,2025-06-25,32,2,False,False,erratic_payer
INV16000160,B016,B016-C1008,Textiles Client 008,Textiles & Apparel,30,26524.52,2025-07-12,2025-08-11,closed,2025-09-08,58,28,False,False,erratic_payer
INV16000161,B016,B016-C1008,Textiles Client 008,Textiles & Apparel,30,20887.79,2025-10-06,2025-11-05,closed,2025-11-07,32,2,False,False,erratic_payer
INV16000162,B016,B016-C1008,Textiles Client 008,Textiles & Apparel,30,22057.74,2025-12-11,2026-01-10,closed,2026-01-23,43,13,False,False,erratic_payer
INV16000163,B016,B016-C1008,Textiles Client 008,Textiles & Apparel,30,24706.72,2025-12-17,2026-01-16,closed,2026-01-11,25,-5,False,False,erratic_payer
INV16000164,B016,B016-C1008,Textiles Client 008,Textiles & Apparel,30,19576.46,2026-01-02,2026-02-01,closed,2026-02-10,39,9,False,False,erratic_payer
INV16000165,B016,B016-C1008,Textiles Client 008,Textiles & Apparel,30,22001.04,2026-01-07,2026-02-06,closed,2026-02-05,29,-1,False,False,erratic_payer
INV16000166,B016,B016-C1008,Textiles Client 008,Textiles & Apparel,30,12470.8,2026-02-14,2026-03-16,closed,2026-03-07,21,-9,False,False,erratic_payer
INV16000167,B016,B016-C1008,Textiles Client 008,Textiles & Apparel,30,21895.07,2026-04-24,2026-05-24,closed,2026-05-23,29,-1,False,False,erratic_payer
INV16000168,B016,B016-C1008,Textiles Client 008,Textiles & Apparel,30,16036.16,2026-04-24,2026-05-24,closed,2026-07-08,75,45,False,False,erratic_payer
INV16000169,B016,B016-C1008,Textiles Client 008,Textiles & Apparel,30,29333.34,2026-05-12,2026-06-11,closed,2026-06-23,42,12,False,False,erratic_payer
INV16000170,B016,B016-C1009,Auto Client 009,Auto Components,45,38831.25,2024-09-23,2024-11-07,closed,2024-11-10,48,3,False,False,cold_start
INV16000171,B016,B016-C1009,Auto Client 009,Auto Components,45,29553.1,2025-03-29,2025-05-13,closed,2025-05-21,53,8,False,False,cold_start
INV16000172,B016,B016-C1010,Construction Client 010,Construction & Infra,30,61702.04,2024-03-19,2024-04-18,closed,2024-05-01,43,13,False,False,average_payer
INV16000173,B016,B016-C1010,Construction Client 010,Construction & Infra,30,340150.05,2024-04-30,2024-05-30,closed,2024-06-10,41,11,False,True,average_payer
INV16000174,B016,B016-C1010,Construction Client 010,Construction & Infra,30,46806.46,2024-05-09,2024-06-08,closed,2024-06-16,38,8,False,False,average_payer
INV16000175,B016,B016-C1010,Construction Client 010,Construction & Infra,30,47093.42,2024-07-01,2024-07-31,closed,2024-08-13,43,13,False,False,average_payer
INV16000176,B016,B016-C1010,Construction Client 010,Construction & Infra,30,74816.14,2024-10-18,2024-11-17,closed,2024-11-06,19,-11,False,False,average_payer
INV16000177,B016,B016-C1010,Construction Client 010,Construction & Infra,30,50736.3,2024-11-12,2024-12-12,closed,2024-12-22,40,10,True,False,average_payer
INV16000178,B016,B016-C1010,Construction Client 010,Construction & Infra,30,79055.72,2025-02-26,2025-03-28,closed,2025-04-11,44,14,False,False,average_payer
INV16000179,B016,B016-C1010,Construction Client 010,Construction & Infra,30,74831.33,2025-03-03,2025-04-02,closed,2025-04-08,36,6,False,False,average_payer
INV16000180,B016,B016-C1010,Construction Client 010,Construction & Infra,30,55219.44,2025-05-03,2025-06-02,closed,2025-06-03,31,1,False,False,average_payer
INV16000181,B016,B016-C1010,Construction Client 010,Construction & Infra,30,80303.92,2025-09-07,2025-10-07,closed,2025-10-10,33,3,False,False,average_payer
INV16000182,B016,B016-C1010,Construction Client 010,Construction & Infra,30,54527.87,2025-09-14,2025-10-14,closed,2025-10-10,26,-4,False,False,average_payer
INV16000183,B016,B016-C1010,Construction Client 010,Construction & Infra,30,82854.36,2025-10-29,2025-11-28,closed,2025-12-11,43,13,False,False,average_payer
INV16000184,B016,B016-C1010,Construction Client 010,Construction & Infra,30,126778.44,2025-11-11,2025-12-11,closed,2025-12-24,43,13,False,False,average_payer
INV16000185,B016,B016-C1010,Construction Client 010,Construction & Infra,30,55345.85,2025-11-16,2025-12-16,closed,2025-12-27,41,11,False,False,average_payer
INV16000186,B016,B016-C1010,Construction Client 010,Construction & Infra,30,47096.32,2025-11-25,2025-12-25,closed,2025-12-25,30,0,False,False,average_payer
INV16000187,B016,B016-C1010,Construction Client 010,Construction & Infra,30,65257.12,2026-02-01,2026-03-03,closed,2026-03-16,43,13,False,False,average_payer
INV16000188,B016,B016-C1010,Construction Client 010,Construction & Infra,30,91199.15,2026-03-10,2026-04-09,closed,2026-04-11,32,2,False,False,average_payer
INV16000189,B016,B016-C1010,Construction Client 010,Construction & Infra,30,79236.72,2026-04-12,2026-05-12,closed,2026-05-09,27,-3,False,False,average_payer
INV16000190,B016,B016-C1010,Construction Client 010,Construction & Infra,30,88010.6,2026-05-09,2026-06-08,closed,2026-06-08,30,0,False,False,average_payer
INV16000191,B016,B016-C1010,Construction Client 010,Construction & Infra,30,64245.91,2026-06-12,2026-07-12,closed,2026-07-20,38,8,False,False,average_payer
INV16000192,B016,B016-C1010,Construction Client 010,Construction & Infra,30,94233.79,2026-07-06,2026-08-05,closed,2026-08-10,35,5,False,False,average_payer
INV16000193,B016,B016-C1010,Construction Client 010,Construction & Infra,30,63000.94,2026-07-18,2026-08-17,closed,2026-08-30,43,13,False,False,average_payer
INV16000194,B016,B016-C1010,Construction Client 010,Construction & Infra,30,35878.84,2026-08-07,2026-09-06,open,,,,False,False,average_payer
INV16000195,B016,B016-C1010,Construction Client 010,Construction & Infra,30,42214.05,2026-08-26,2026-09-25,open,,,,False,False,average_payer
INV16000196,B016,B016-C1011,FMCG Client 011,FMCG & Food Processing,30,821173.46,2024-03-18,2024-04-17,closed,2024-04-28,41,11,False,True,average_payer
INV16000197,B016,B016-C1011,FMCG Client 011,FMCG & Food Processing,30,499993.48,2024-04-18,2024-05-18,closed,2024-05-16,28,-2,False,False,average_payer
INV16000198,B016,B016-C1011,FMCG Client 011,FMCG & Food Processing,30,176881.52,2024-04-29,2024-05-29,closed,2024-06-05,37,7,False,False,average_payer
INV16000199,B016,B016-C1011,FMCG Client 011,FMCG & Food Processing,30,430828.71,2024-05-06,2024-06-05,closed,2024-06-20,45,15,False,False,average_payer
INV16000200,B016,B016-C1011,FMCG Client 011,FMCG & Food Processing,30,412874.58,2024-06-13,2024-07-13,closed,2024-07-11,28,-2,False,False,average_payer
INV16000201,B016,B016-C1011,FMCG Client 011,FMCG & Food Processing,30,434223.55,2024-06-22,2024-07-22,closed,2024-07-30,38,8,False,False,average_payer
INV16000202,B016,B016-C1011,FMCG Client 011,FMCG & Food Processing,30,262930.1,2024-06-25,2024-07-25,closed,2024-08-01,37,7,False,False,average_payer
INV16000203,B016,B016-C1011,FMCG Client 011,FMCG & Food Processing,30,364666.56,2024-06-28,2024-07-28,closed,2024-08-01,34,4,False,False,average_payer
INV16000204,B016,B016-C1011,FMCG Client 011,FMCG & Food Processing,30,432242.72,2024-07-01,2024-07-31,closed,2024-08-17,47,17,False,False,average_payer
INV16000205,B016,B016-C1011,FMCG Client 011,FMCG & Food Processing,30,334010.73,2024-07-05,2024-08-04,closed,2024-08-17,43,13,False,False,average_payer
INV16000206,B016,B016-C1011,FMCG Client 011,FMCG & Food Processing,30,330193.97,2024-07-06,2024-08-05,closed,2024-08-07,32,2,False,False,average_payer
INV16000207,B016,B016-C1011,FMCG Client 011,FMCG & Food Processing,30,580972.85,2024-08-03,2024-09-02,closed,2024-09-16,44,14,False,False,average_payer
INV16000208,B016,B016-C1011,FMCG Client 011,FMCG & Food Processing,30,285821.3,2024-08-07,2024-09-06,closed,2024-09-17,41,11,False,False,average_payer
INV16000209,B016,B016-C1011,FMCG Client 011,FMCG & Food Processing,30,375829.44,2024-08-23,2024-09-22,closed,2024-09-28,36,6,False,False,average_payer
INV16000210,B016,B016-C1011,FMCG Client 011,FMCG & Food Processing,30,310925.48,2024-09-15,2024-10-15,closed,2024-10-31,46,16,False,False,average_payer
INV16000211,B016,B016-C1011,FMCG Client 011,FMCG & Food Processing,30,608935.13,2024-09-18,2024-10-18,closed,2024-10-17,29,-1,False,False,average_payer
INV16000212,B016,B016-C1011,FMCG Client 011,FMCG & Food Processing,30,263959.56,2024-09-26,2024-10-26,closed,2024-10-26,30,0,False,False,average_payer
INV16000213,B016,B016-C1011,FMCG Client 011,FMCG & Food Processing,30,321712.15,2024-10-09,2024-11-08,closed,2024-11-25,47,17,False,False,average_payer
INV16000214,B016,B016-C1011,FMCG Client 011,FMCG & Food Processing,30,509159.75,2024-10-25,2024-11-24,closed,2024-11-29,35,5,False,False,average_payer
INV16000215,B016,B016-C1011,FMCG Client 011,FMCG & Food Processing,30,329881.37,2025-01-22,2025-02-21,closed,2025-03-03,40,10,False,False,average_payer
INV16000216,B016,B016-C1011,FMCG Client 011,FMCG & Food Processing,30,339137.71,2025-01-27,2025-02-26,closed,2025-03-10,42,12,False,False,average_payer
INV16000217,B016,B016-C1011,FMCG Client 011,FMCG & Food Processing,30,465970.17,2025-02-21,2025-03-23,closed,2025-04-09,47,17,False,False,average_payer
INV16000218,B016,B016-C1011,FMCG Client 011,FMCG & Food Processing,30,470610.16,2025-03-12,2025-04-11,closed,2025-04-15,34,4,False,False,average_payer
INV16000219,B016,B016-C1011,FMCG Client 011,FMCG & Food Processing,30,1400597.49,2025-06-09,2025-07-09,open,,,,False,True,average_payer
INV16000220,B016,B016-C1011,FMCG Client 011,FMCG & Food Processing,30,210080.73,2025-06-24,2025-07-24,closed,2025-07-26,32,2,False,False,average_payer
INV16000221,B016,B016-C1011,FMCG Client 011,FMCG & Food Processing,30,401340.71,2025-07-09,2025-08-08,closed,2025-08-08,30,0,False,False,average_payer
INV16000222,B016,B016-C1011,FMCG Client 011,FMCG & Food Processing,30,517699.86,2025-09-20,2025-10-20,closed,2025-10-26,36,6,False,False,average_payer
INV16000223,B016,B016-C1011,FMCG Client 011,FMCG & Food Processing,30,576359.62,2025-10-13,2025-11-12,closed,2025-11-04,22,-8,False,False,average_payer
INV16000224,B016,B016-C1011,FMCG Client 011,FMCG & Food Processing,30,308261.1,2026-01-02,2026-02-01,closed,2026-02-07,36,6,False,False,average_payer
INV16000225,B016,B016-C1011,FMCG Client 011,FMCG & Food Processing,30,541596.52,2026-01-20,2026-02-19,closed,2026-02-23,34,4,False,False,average_payer
INV16000226,B016,B016-C1011,FMCG Client 011,FMCG & Food Processing,30,488749.99,2026-01-21,2026-02-20,closed,2026-02-22,32,2,False,False,average_payer
INV16000227,B016,B016-C1011,FMCG Client 011,FMCG & Food Processing,30,759701.89,2026-02-10,2026-03-12,closed,2026-03-13,31,1,False,False,average_payer
INV16000228,B016,B016-C1011,FMCG Client 011,FMCG & Food Processing,30,425897.68,2026-02-23,2026-03-25,closed,2026-03-19,24,-6,False,False,average_payer
INV16000229,B016,B016-C1011,FMCG Client 011,FMCG & Food Processing,30,337001.9,2026-03-24,2026-04-23,closed,2026-04-30,37,7,False,False,average_payer
INV16000230,B016,B016-C1011,FMCG Client 011,FMCG & Food Processing,30,226411.18,2026-03-25,2026-04-24,closed,2026-05-05,41,11,False,False,average_payer
INV16000231,B016,B016-C1011,FMCG Client 011,FMCG & Food Processing,30,286255.34,2026-04-19,2026-05-19,closed,2026-05-31,42,12,False,False,average_payer
INV16000232,B016,B016-C1011,FMCG Client 011,FMCG & Food Processing,30,598881.38,2026-04-29,2026-05-29,closed,2026-06-10,42,12,False,False,average_payer
INV16000233,B016,B016-C1011,FMCG Client 011,FMCG & Food Processing,30,436179.23,2026-05-05,2026-06-04,closed,2026-05-30,25,-5,False,False,average_payer
INV16000234,B016,B016-C1011,FMCG Client 011,FMCG & Food Processing,30,501184.29,2026-05-28,2026-06-27,closed,2026-07-05,38,8,False,False,average_payer
INV16000235,B016,B016-C1011,FMCG Client 011,FMCG & Food Processing,30,287682.81,2026-05-31,2026-06-30,closed,2026-06-30,30,0,False,False,average_payer
INV16000236,B016,B016-C1011,FMCG Client 011,FMCG & Food Processing,30,393162.21,2026-06-06,2026-07-06,closed,2026-07-07,31,1,False,False,average_payer
INV16000237,B016,B016-C1011,FMCG Client 011,FMCG & Food Processing,30,406309.24,2026-06-23,2026-07-23,closed,2026-07-27,34,4,False,False,average_payer
INV16000238,B016,B016-C1011,FMCG Client 011,FMCG & Food Processing,30,502878.48,2026-07-13,2026-08-12,closed,2026-08-14,32,2,False,False,average_payer
INV16000239,B016,B016-C1011,FMCG Client 011,FMCG & Food Processing,30,349571.96,2026-07-15,2026-08-14,closed,2026-08-25,41,11,False,False,average_payer
INV16000240,B016,B016-C1011,FMCG Client 011,FMCG & Food Processing,30,407820.73,2026-08-21,2026-09-20,open,,,,False,False,average_payer
INV16000241,B016,B016-C1012,Retail Client 012,Retail & Distribution,30,361024.86,2024-03-22,2024-04-21,closed,2024-05-18,57,27,False,False,chronic_late_payer
INV16000242,B016,B016-C1012,Retail Client 012,Retail & Distribution,30,108107.22,2024-03-22,2024-04-21,closed,2024-06-13,83,53,False,False,chronic_late_payer
INV16000243,B016,B016-C1012,Retail Client 012,Retail & Distribution,30,172562.29,2024-03-24,2024-04-23,closed,2024-05-28,65,35,False,False,chronic_late_payer
INV16000244,B016,B016-C1012,Retail Client 012,Retail & Distribution,30,231841.38,2024-03-30,2024-04-29,closed,2024-06-09,71,41,False,False,chronic_late_payer
INV16000245,B016,B016-C1012,Retail Client 012,Retail & Distribution,30,175871.09,2024-04-30,2024-05-30,closed,2024-06-17,48,18,False,False,chronic_late_payer
INV16000246,B016,B016-C1012,Retail Client 012,Retail & Distribution,30,794212.53,2024-06-15,2024-07-15,closed,2024-09-02,79,49,False,True,chronic_late_payer
INV16000247,B016,B016-C1012,Retail Client 012,Retail & Distribution,30,163455.72,2024-07-02,2024-08-01,closed,2024-09-08,68,38,False,False,chronic_late_payer
INV16000248,B016,B016-C1012,Retail Client 012,Retail & Distribution,30,216882.41,2024-07-19,2024-08-18,closed,2024-10-14,87,57,False,False,chronic_late_payer
INV16000249,B016,B016-C1012,Retail Client 012,Retail & Distribution,30,118628.6,2024-08-03,2024-09-02,closed,2024-10-08,66,36,False,False,chronic_late_payer
INV16000250,B016,B016-C1012,Retail Client 012,Retail & Distribution,30,190654.65,2024-10-09,2024-11-08,closed,2024-12-12,64,34,False,False,chronic_late_payer
INV16000251,B016,B016-C1012,Retail Client 012,Retail & Distribution,30,283005.22,2024-11-02,2024-12-02,closed,2025-01-19,78,48,False,False,chronic_late_payer
INV16000252,B016,B016-C1012,Retail Client 012,Retail & Distribution,30,1037344.92,2024-11-08,2024-12-08,closed,2025-01-05,58,28,False,True,chronic_late_payer
INV16000253,B016,B016-C1012,Retail Client 012,Retail & Distribution,30,174512.08,2024-11-17,2024-12-17,open,,,,False,False,chronic_late_payer
INV16000254,B016,B016-C1012,Retail Client 012,Retail & Distribution,30,269897.37,2025-01-01,2025-01-31,closed,2025-03-19,77,47,False,False,chronic_late_payer
INV16000255,B016,B016-C1012,Retail Client 012,Retail & Distribution,30,223668.78,2025-02-20,2025-03-22,closed,2025-04-27,66,36,False,False,chronic_late_payer
INV16000256,B016,B016-C1012,Retail Client 012,Retail & Distribution,30,179422.46,2025-02-25,2025-03-27,closed,2025-04-26,60,30,False,False,chronic_late_payer
INV16000257,B016,B016-C1012,Retail Client 012,Retail & Distribution,30,755336.1,2025-05-08,2025-06-07,closed,2025-07-27,80,50,False,True,chronic_late_payer
INV16000258,B016,B016-C1012,Retail Client 012,Retail & Distribution,30,144471.45,2025-07-23,2025-08-22,closed,2025-09-28,67,37,False,False,chronic_late_payer
INV16000259,B016,B016-C1012,Retail Client 012,Retail & Distribution,30,193399.18,2025-07-28,2025-08-27,closed,2025-09-25,59,29,False,False,chronic_late_payer
INV16000260,B016,B016-C1012,Retail Client 012,Retail & Distribution,30,129433.37,2025-08-21,2025-09-20,closed,2025-10-27,67,37,False,False,chronic_late_payer
INV16000261,B016,B016-C1012,Retail Client 012,Retail & Distribution,30,179282.67,2025-08-28,2025-09-27,closed,2025-11-12,76,46,False,False,chronic_late_payer
INV16000262,B016,B016-C1012,Retail Client 012,Retail & Distribution,30,196506.5,2025-10-07,2025-11-06,closed,2025-12-23,77,47,False,False,chronic_late_payer
INV16000263,B016,B016-C1012,Retail Client 012,Retail & Distribution,30,219524.9,2025-11-01,2025-12-01,closed,2026-01-08,68,38,False,False,chronic_late_payer
INV16000264,B016,B016-C1012,Retail Client 012,Retail & Distribution,30,170418.62,2025-11-06,2025-12-06,closed,2026-01-02,57,27,False,False,chronic_late_payer
INV16000265,B016,B016-C1012,Retail Client 012,Retail & Distribution,30,132293.86,2025-11-16,2025-12-16,closed,2026-01-04,49,19,False,False,chronic_late_payer
INV16000266,B016,B016-C1012,Retail Client 012,Retail & Distribution,30,151855.95,2026-05-14,2026-06-13,closed,2026-07-26,73,43,False,False,chronic_late_payer
INV16000267,B016,B016-C1012,Retail Client 012,Retail & Distribution,30,165410.68,2026-05-27,2026-06-26,closed,2026-08-01,66,36,False,False,chronic_late_payer
INV16000268,B016,B016-C1012,Retail Client 012,Retail & Distribution,30,248637.94,2026-08-30,2026-09-29,open,,,,False,False,chronic_late_payer
INV16000269,B016,B016-C1013,Auto Client 013,Auto Components,45,232194.52,2024-03-30,2024-05-14,closed,2024-06-11,73,28,False,False,cold_start
INV16000270,B016,B016-C1013,Auto Client 013,Auto Components,45,324135.86,2025-05-11,2025-06-25,closed,2025-07-03,53,8,False,False,cold_start
INV16000271,B016,B016-C1014,FMCG Client 014,FMCG & Food Processing,60,145748.62,2024-06-17,2024-08-16,closed,2024-08-20,64,4,False,False,cold_start
INV16000272,B016,B016-C1014,FMCG Client 014,FMCG & Food Processing,60,181750.22,2024-07-11,2024-09-09,closed,2024-09-12,63,3,False,False,cold_start
INV16000273,B016,B016-C1014,FMCG Client 014,FMCG & Food Processing,60,119749.25,2025-10-19,2025-12-18,closed,2025-12-26,68,8,False,False,cold_start
INV16000274,B016,B016-C1015,Textiles Client 015,Textiles & Apparel,90,419504.64,2024-03-20,2024-06-18,closed,2024-06-24,96,6,False,False,erratic_payer
INV16000275,B016,B016-C1015,Textiles Client 015,Textiles & Apparel,90,332482.85,2024-04-25,2024-07-24,closed,2024-07-25,91,1,False,False,erratic_payer
INV16000276,B016,B016-C1015,Textiles Client 015,Textiles & Apparel,90,2277750.02,2024-05-01,2024-07-30,closed,2024-10-16,168,78,False,True,erratic_payer
INV16000277,B016,B016-C1015,Textiles Client 015,Textiles & Apparel,90,376913.22,2024-05-04,2024-08-02,closed,2024-08-08,96,6,False,False,erratic_payer
INV16000278,B016,B016-C1015,Textiles Client 015,Textiles & Apparel,90,431609.88,2024-05-26,2024-08-24,closed,2024-08-07,73,-17,False,False,erratic_payer
INV16000279,B016,B016-C1015,Textiles Client 015,Textiles & Apparel,90,307277.59,2024-05-27,2024-08-25,closed,2024-10-10,136,46,False,False,erratic_payer
INV16000280,B016,B016-C1015,Textiles Client 015,Textiles & Apparel,90,302855.15,2024-06-04,2024-09-02,closed,2024-11-01,150,60,False,False,erratic_payer
INV16000281,B016,B016-C1015,Textiles Client 015,Textiles & Apparel,90,487551.3,2024-06-10,2024-09-08,closed,2024-09-03,85,-5,False,False,erratic_payer
INV16000282,B016,B016-C1015,Textiles Client 015,Textiles & Apparel,90,431585.62,2024-06-24,2024-09-22,closed,2024-09-14,82,-8,False,False,erratic_payer
INV16000283,B016,B016-C1015,Textiles Client 015,Textiles & Apparel,90,420735.16,2024-07-06,2024-10-04,closed,2024-10-14,100,10,False,False,erratic_payer
INV16000284,B016,B016-C1015,Textiles Client 015,Textiles & Apparel,90,286536.73,2024-07-14,2024-10-12,closed,2024-10-12,90,0,False,False,erratic_payer
INV16000285,B016,B016-C1015,Textiles Client 015,Textiles & Apparel,90,277002.68,2024-07-31,2024-10-29,closed,2024-10-30,91,1,False,False,erratic_payer
INV16000286,B016,B016-C1015,Textiles Client 015,Textiles & Apparel,90,455506.26,2024-08-13,2024-11-11,closed,2024-11-16,95,5,False,False,erratic_payer
INV16000287,B016,B016-C1015,Textiles Client 015,Textiles & Apparel,90,338403.73,2024-08-14,2024-11-12,closed,2025-01-16,155,65,False,False,erratic_payer
INV16000288,B016,B016-C1015,Textiles Client 015,Textiles & Apparel,90,582977.45,2024-10-19,2025-01-17,closed,2025-01-16,89,-1,False,False,erratic_payer
INV16000289,B016,B016-C1015,Textiles Client 015,Textiles & Apparel,90,567637.57,2024-11-28,2025-02-26,closed,2025-03-10,102,12,False,False,erratic_payer
INV16000290,B016,B016-C1015,Textiles Client 015,Textiles & Apparel,90,489133.46,2025-01-17,2025-04-17,closed,2025-04-26,99,9,False,False,erratic_payer
INV16000291,B016,B016-C1015,Textiles Client 015,Textiles & Apparel,90,286754.27,2025-01-23,2025-04-23,closed,2025-04-04,71,-19,False,False,erratic_payer
INV16000292,B016,B016-C1015,Textiles Client 015,Textiles & Apparel,90,308583.58,2025-02-10,2025-05-11,closed,2025-05-05,84,-6,False,False,erratic_payer
INV16000293,B016,B016-C1015,Textiles Client 015,Textiles & Apparel,90,333030.42,2025-03-01,2025-05-30,closed,2025-06-22,113,23,False,False,erratic_payer
INV16000294,B016,B016-C1015,Textiles Client 015,Textiles & Apparel,90,376055.01,2025-04-06,2025-07-05,closed,2025-07-07,92,2,False,False,erratic_payer
INV16000295,B016,B016-C1015,Textiles Client 015,Textiles & Apparel,90,360221.62,2025-04-18,2025-07-17,closed,2025-07-22,95,5,False,False,erratic_payer
INV16000296,B016,B016-C1015,Textiles Client 015,Textiles & Apparel,90,364376.61,2025-05-07,2025-08-05,closed,2025-08-27,112,22,False,False,erratic_payer
INV16000297,B016,B016-C1015,Textiles Client 015,Textiles & Apparel,90,250425.19,2025-05-19,2025-08-17,closed,2025-09-01,105,15,False,False,erratic_payer
INV16000298,B016,B016-C1015,Textiles Client 015,Textiles & Apparel,90,1700248.75,2025-05-24,2025-08-22,closed,2025-08-29,97,7,False,True,erratic_payer
INV16000299,B016,B016-C1015,Textiles Client 015,Textiles & Apparel,90,427183.71,2025-05-30,2025-08-28,closed,2025-09-06,99,9,False,False,erratic_payer
INV16000300,B016,B016-C1015,Textiles Client 015,Textiles & Apparel,90,303402.89,2025-06-22,2025-09-20,closed,2025-10-09,109,19,False,False,erratic_payer
INV16000301,B016,B016-C1015,Textiles Client 015,Textiles & Apparel,90,389146.11,2025-07-09,2025-10-07,closed,2025-10-03,86,-4,False,False,erratic_payer
INV16000302,B016,B016-C1015,Textiles Client 015,Textiles & Apparel,90,401062.3,2025-07-12,2025-10-10,closed,2025-10-27,107,17,False,False,erratic_payer
INV16000303,B016,B016-C1015,Textiles Client 015,Textiles & Apparel,90,381853.91,2025-09-17,2025-12-16,closed,2025-12-16,90,0,False,False,erratic_payer
INV16000304,B016,B016-C1015,Textiles Client 015,Textiles & Apparel,90,497249.71,2025-10-21,2026-01-19,closed,2026-01-26,97,7,True,False,erratic_payer
INV16000305,B016,B016-C1015,Textiles Client 015,Textiles & Apparel,90,300640.6,2025-11-06,2026-02-04,closed,2026-02-12,98,8,False,False,erratic_payer
INV16000306,B016,B016-C1015,Textiles Client 015,Textiles & Apparel,90,443436.88,2025-11-07,2026-02-05,closed,2026-06-14,219,129,False,False,erratic_payer
INV16000307,B016,B016-C1015,Textiles Client 015,Textiles & Apparel,90,306722.46,2025-12-02,2026-03-02,closed,2026-05-22,171,81,False,False,erratic_payer
INV16000308,B016,B016-C1015,Textiles Client 015,Textiles & Apparel,90,370984.84,2025-12-29,2026-03-29,closed,2026-04-14,106,16,False,False,erratic_payer
INV16000309,B016,B016-C1015,Textiles Client 015,Textiles & Apparel,90,618483.82,2026-01-05,2026-04-05,closed,2026-04-20,105,15,True,False,erratic_payer
INV16000310,B016,B016-C1015,Textiles Client 015,Textiles & Apparel,90,287440.05,2026-01-17,2026-04-17,closed,2026-04-22,95,5,False,False,erratic_payer
INV16000311,B016,B016-C1015,Textiles Client 015,Textiles & Apparel,90,330393.14,2026-01-27,2026-04-27,closed,2026-05-12,105,15,False,False,erratic_payer
INV16000312,B016,B016-C1015,Textiles Client 015,Textiles & Apparel,90,246576.64,2026-02-02,2026-05-03,closed,2026-05-18,105,15,False,False,erratic_payer
INV16000313,B016,B016-C1015,Textiles Client 015,Textiles & Apparel,90,468275.56,2026-02-03,2026-05-04,closed,2026-05-19,105,15,False,False,erratic_payer
INV16000314,B016,B016-C1015,Textiles Client 015,Textiles & Apparel,90,397701.51,2026-02-03,2026-05-04,closed,2026-05-10,96,6,False,False,erratic_payer
INV16000315,B016,B016-C1015,Textiles Client 015,Textiles & Apparel,90,282553.81,2026-02-14,2026-05-15,closed,2026-05-19,94,4,False,False,erratic_payer
INV16000316,B016,B016-C1015,Textiles Client 015,Textiles & Apparel,90,299955.59,2026-02-25,2026-05-26,closed,2026-06-13,108,18,False,False,erratic_payer
INV16000317,B016,B016-C1015,Textiles Client 015,Textiles & Apparel,90,377898.09,2026-03-16,2026-06-14,closed,2026-06-23,99,9,False,False,erratic_payer
INV16000318,B016,B016-C1015,Textiles Client 015,Textiles & Apparel,90,331537.92,2026-03-25,2026-06-23,closed,2026-06-26,93,3,False,False,erratic_payer
INV16000319,B016,B016-C1015,Textiles Client 015,Textiles & Apparel,90,443838.25,2026-04-27,2026-07-26,closed,2026-08-05,100,10,False,False,erratic_payer
INV16000320,B016,B016-C1015,Textiles Client 015,Textiles & Apparel,90,333649.99,2026-04-28,2026-07-27,open,,,,False,False,erratic_payer
INV16000321,B016,B016-C1015,Textiles Client 015,Textiles & Apparel,90,396165.48,2026-05-11,2026-08-09,closed,2026-08-08,89,-1,False,False,erratic_payer
INV16000322,B016,B016-C1015,Textiles Client 015,Textiles & Apparel,90,359130.46,2026-06-19,2026-09-17,disputed_open,,,,False,False,erratic_payer
INV16000323,B016,B016-C1015,Textiles Client 015,Textiles & Apparel,90,455676.36,2026-06-29,2026-09-27,open,,,,False,False,erratic_payer
INV16000324,B016,B016-C1015,Textiles Client 015,Textiles & Apparel,90,578609.18,2026-07-14,2026-10-12,open,,,,False,False,erratic_payer
INV16000325,B016,B016-C1015,Textiles Client 015,Textiles & Apparel,90,328037.03,2026-08-18,2026-11-16,open,,,,False,False,erratic_payer
INV16000326,B016,B016-C1015,Textiles Client 015,Textiles & Apparel,90,306851.23,2026-08-19,2026-11-17,open,,,,False,False,erratic_payer
INV16000327,B016,B016-C1015,Textiles Client 015,Textiles & Apparel,90,399690.49,2026-09-01,2026-11-30,disputed_open,,,,False,False,erratic_payer
INV16000328,B016,B016-C1016,Textiles Client 016,Textiles & Apparel,30,200373.88,2024-05-22,2024-06-21,closed,2024-06-13,22,-8,False,False,prompt_payer
INV16000329,B016,B016-C1016,Textiles Client 016,Textiles & Apparel,30,380203.85,2024-06-17,2024-07-17,closed,2024-07-08,21,-9,False,False,prompt_payer
INV16000330,B016,B016-C1016,Textiles Client 016,Textiles & Apparel,30,377394.19,2024-07-14,2024-08-13,closed,2024-08-08,25,-5,True,False,prompt_payer
INV16000331,B016,B016-C1016,Textiles Client 016,Textiles & Apparel,30,428290.2,2024-07-30,2024-08-29,closed,2024-08-31,32,2,False,False,prompt_payer
INV16000332,B016,B016-C1016,Textiles Client 016,Textiles & Apparel,30,560065.6,2024-09-20,2024-10-20,closed,2024-10-25,35,5,False,False,prompt_payer
INV16000333,B016,B016-C1016,Textiles Client 016,Textiles & Apparel,30,373151.24,2024-10-10,2024-11-09,closed,2024-11-05,26,-4,False,False,prompt_payer
INV16000334,B016,B016-C1016,Textiles Client 016,Textiles & Apparel,30,501011.64,2024-10-16,2024-11-15,closed,2024-11-10,25,-5,False,False,prompt_payer
INV16000335,B016,B016-C1016,Textiles Client 016,Textiles & Apparel,30,579788.57,2024-10-27,2024-11-26,closed,2024-11-20,24,-6,True,False,prompt_payer
INV16000336,B016,B016-C1016,Textiles Client 016,Textiles & Apparel,30,473225.71,2025-01-16,2025-02-15,closed,2025-02-22,37,7,False,False,prompt_payer
INV16000337,B016,B016-C1016,Textiles Client 016,Textiles & Apparel,30,596223.6,2025-02-05,2025-03-07,closed,2025-03-06,29,-1,False,False,prompt_payer
INV16000338,B016,B016-C1016,Textiles Client 016,Textiles & Apparel,30,379480.21,2025-02-20,2025-03-22,closed,2025-03-25,33,3,False,False,prompt_payer
INV16000339,B016,B016-C1016,Textiles Client 016,Textiles & Apparel,30,394616.9,2025-03-05,2025-04-04,closed,2025-04-01,27,-3,False,False,prompt_payer
INV16000340,B016,B016-C1016,Textiles Client 016,Textiles & Apparel,30,231179.78,2025-03-08,2025-04-07,closed,2025-04-05,28,-2,False,False,prompt_payer
INV16000341,B016,B016-C1016,Textiles Client 016,Textiles & Apparel,30,281136.29,2025-03-28,2025-04-27,closed,2025-04-28,31,1,False,False,prompt_payer
INV16000342,B016,B016-C1016,Textiles Client 016,Textiles & Apparel,30,312405.88,2025-05-14,2025-06-13,closed,2025-06-13,30,0,False,False,prompt_payer
INV16000343,B016,B016-C1016,Textiles Client 016,Textiles & Apparel,30,1486187.26,2025-05-17,2025-06-16,closed,2025-06-16,30,0,False,True,prompt_payer
INV16000344,B016,B016-C1016,Textiles Client 016,Textiles & Apparel,30,230212.57,2025-05-26,2025-06-25,closed,2025-06-29,34,4,False,False,prompt_payer
INV16000345,B016,B016-C1016,Textiles Client 016,Textiles & Apparel,30,556413.7,2025-06-04,2025-07-04,closed,2025-07-04,30,0,False,False,prompt_payer
INV16000346,B016,B016-C1016,Textiles Client 016,Textiles & Apparel,30,450522.84,2025-06-25,2025-07-25,closed,2025-07-21,26,-4,False,False,prompt_payer
INV16000347,B016,B016-C1016,Textiles Client 016,Textiles & Apparel,30,448255.3,2025-07-04,2025-08-03,closed,2025-08-02,29,-1,False,False,prompt_payer
INV16000348,B016,B016-C1016,Textiles Client 016,Textiles & Apparel,30,503165.84,2025-09-19,2025-10-19,closed,2025-10-19,30,0,False,False,prompt_payer
INV16000349,B016,B016-C1016,Textiles Client 016,Textiles & Apparel,30,348231.72,2025-09-27,2025-10-27,closed,2025-10-23,26,-4,False,False,prompt_payer
INV16000350,B016,B016-C1016,Textiles Client 016,Textiles & Apparel,30,470186.97,2025-11-26,2025-12-26,closed,2025-12-24,28,-2,False,False,prompt_payer
INV16000351,B016,B016-C1016,Textiles Client 016,Textiles & Apparel,30,337242.68,2025-11-28,2025-12-28,closed,2025-12-28,30,0,False,False,prompt_payer
INV16000352,B016,B016-C1016,Textiles Client 016,Textiles & Apparel,30,350674.42,2026-01-06,2026-02-05,closed,2026-02-02,27,-3,False,False,prompt_payer
INV16000353,B016,B016-C1016,Textiles Client 016,Textiles & Apparel,30,358756.52,2026-01-25,2026-02-24,closed,2026-02-22,28,-2,False,False,prompt_payer
INV16000354,B016,B016-C1016,Textiles Client 016,Textiles & Apparel,30,313563.36,2026-02-17,2026-03-19,closed,2026-03-19,30,0,False,False,prompt_payer
INV16000355,B016,B016-C1016,Textiles Client 016,Textiles & Apparel,30,241417.6,2026-04-12,2026-05-12,closed,2026-05-08,26,-4,False,False,prompt_payer
INV16000356,B016,B016-C1016,Textiles Client 016,Textiles & Apparel,30,462715.67,2026-04-19,2026-05-19,closed,2026-05-19,30,0,False,False,prompt_payer
INV16000357,B016,B016-C1016,Textiles Client 016,Textiles & Apparel,30,394072.83,2026-04-26,2026-05-26,closed,2026-05-31,35,5,False,False,prompt_payer
INV16000358,B016,B016-C1016,Textiles Client 016,Textiles & Apparel,30,517355.94,2026-05-07,2026-06-06,closed,2026-06-07,31,1,False,False,prompt_payer
INV16000359,B016,B016-C1016,Textiles Client 016,Textiles & Apparel,30,385629.06,2026-05-18,2026-06-17,closed,2026-06-17,30,0,False,False,prompt_payer
INV16000360,B016,B016-C1016,Textiles Client 016,Textiles & Apparel,30,463025.96,2026-06-05,2026-07-05,closed,2026-06-29,24,-6,False,False,prompt_payer
INV16000361,B016,B016-C1016,Textiles Client 016,Textiles & Apparel,30,421051.05,2026-06-18,2026-07-18,closed,2026-07-19,31,1,False,False,prompt_payer
INV16000362,B016,B016-C1016,Textiles Client 016,Textiles & Apparel,30,193563.0,2026-07-03,2026-08-02,closed,2026-08-06,34,4,False,False,prompt_payer
INV16000363,B016,B016-C1016,Textiles Client 016,Textiles & Apparel,30,357248.12,2026-07-11,2026-08-10,closed,2026-08-10,30,0,False,False,prompt_payer
INV16000364,B016,B016-C1016,Textiles Client 016,Textiles & Apparel,30,376260.2,2026-07-23,2026-08-22,closed,2026-08-21,29,-1,False,False,prompt_payer
INV16000365,B016,B016-C1017,Metal Client 017,Metal & Engineering,15,26289.82,2024-03-24,2024-04-08,closed,2024-04-12,19,4,False,False,erratic_payer
INV16000366,B016,B016-C1017,Metal Client 017,Metal & Engineering,15,72403.06,2025-03-15,2025-03-30,closed,2025-04-15,31,16,False,False,erratic_payer
INV16000367,B016,B016-C1017,Metal Client 017,Metal & Engineering,15,44203.98,2025-07-06,2025-07-21,closed,2025-07-30,24,9,False,False,erratic_payer
INV16000368,B016,B016-C1017,Metal Client 017,Metal & Engineering,15,37155.0,2025-07-28,2025-08-12,closed,2025-08-27,30,15,False,False,erratic_payer
INV16000369,B016,B016-C1017,Metal Client 017,Metal & Engineering,15,42703.54,2025-11-29,2025-12-14,closed,2025-12-11,12,-3,False,False,erratic_payer
INV16000370,B016,B016-C1017,Metal Client 017,Metal & Engineering,15,40043.28,2026-04-03,2026-04-18,closed,2026-05-03,30,15,False,False,erratic_payer
INV16000371,B016,B016-C1018,Electronics Client 018,Electronics & Electricals,45,308310.24,2024-04-02,2024-05-17,closed,2024-05-15,43,-2,False,False,average_payer
INV16000372,B016,B016-C1018,Electronics Client 018,Electronics & Electricals,45,129660.92,2024-05-10,2024-06-24,closed,2024-07-09,60,15,False,False,average_payer
INV16000373,B016,B016-C1018,Electronics Client 018,Electronics & Electricals,45,117732.11,2024-05-17,2024-07-01,closed,2024-07-10,54,9,False,False,average_payer
INV16000374,B016,B016-C1018,Electronics Client 018,Electronics & Electricals,45,293020.2,2024-06-05,2024-07-20,closed,2024-07-29,54,9,False,False,average_payer
INV16000375,B016,B016-C1018,Electronics Client 018,Electronics & Electricals,45,148070.61,2024-06-14,2024-07-29,closed,2024-08-08,55,10,False,False,average_payer
INV16000376,B016,B016-C1018,Electronics Client 018,Electronics & Electricals,45,263020.85,2024-07-02,2024-08-16,closed,2024-08-18,47,2,True,False,average_payer
INV16000377,B016,B016-C1018,Electronics Client 018,Electronics & Electricals,45,189968.43,2024-07-03,2024-08-17,closed,2024-08-18,46,1,False,False,average_payer
INV16000378,B016,B016-C1018,Electronics Client 018,Electronics & Electricals,45,141255.99,2024-08-20,2024-10-04,closed,2024-10-04,45,0,False,False,average_payer
INV16000379,B016,B016-C1018,Electronics Client 018,Electronics & Electricals,45,106981.78,2024-09-18,2024-11-02,closed,2024-11-15,58,13,False,False,average_payer
INV16000380,B016,B016-C1018,Electronics Client 018,Electronics & Electricals,45,684622.47,2024-10-11,2024-11-25,closed,2024-12-02,52,7,False,True,average_payer
INV16000381,B016,B016-C1018,Electronics Client 018,Electronics & Electricals,45,158291.12,2024-10-14,2024-11-28,closed,2024-12-06,53,8,False,False,average_payer
INV16000382,B016,B016-C1018,Electronics Client 018,Electronics & Electricals,45,206464.2,2024-10-23,2024-12-07,closed,2024-12-06,44,-1,False,False,average_payer
INV16000383,B016,B016-C1018,Electronics Client 018,Electronics & Electricals,45,135842.01,2024-11-26,2025-01-10,closed,2025-01-23,58,13,False,False,average_payer
INV16000384,B016,B016-C1018,Electronics Client 018,Electronics & Electricals,45,117834.19,2024-12-13,2025-01-27,closed,2025-01-20,38,-7,False,False,average_payer
INV16000385,B016,B016-C1018,Electronics Client 018,Electronics & Electricals,45,135960.26,2024-12-29,2025-02-12,closed,2025-02-24,57,12,False,False,average_payer
INV16000386,B016,B016-C1018,Electronics Client 018,Electronics & Electricals,45,156513.63,2025-01-15,2025-03-01,closed,2025-03-14,58,13,False,False,average_payer
INV16000387,B016,B016-C1018,Electronics Client 018,Electronics & Electricals,45,133817.62,2025-01-28,2025-03-14,closed,2025-03-28,59,14,False,False,average_payer
INV16000388,B016,B016-C1018,Electronics Client 018,Electronics & Electricals,45,121495.08,2025-02-16,2025-04-02,closed,2025-04-12,55,10,False,False,average_payer
INV16000389,B016,B016-C1018,Electronics Client 018,Electronics & Electricals,45,541480.28,2025-02-18,2025-04-04,closed,2025-04-13,54,9,False,True,average_payer
INV16000390,B016,B016-C1018,Electronics Client 018,Electronics & Electricals,45,150490.93,2025-03-04,2025-04-18,closed,2025-05-11,68,23,False,False,average_payer
INV16000391,B016,B016-C1018,Electronics Client 018,Electronics & Electricals,45,180221.92,2025-03-06,2025-04-20,closed,2025-04-20,45,0,False,False,average_payer
INV16000392,B016,B016-C1018,Electronics Client 018,Electronics & Electricals,45,230812.91,2025-04-03,2025-05-18,closed,2025-05-22,49,4,False,False,average_payer
INV16000393,B016,B016-C1018,Electronics Client 018,Electronics & Electricals,45,185945.45,2025-04-11,2025-05-26,closed,2025-06-09,59,14,False,False,average_payer
INV16000394,B016,B016-C1018,Electronics Client 018,Electronics & Electricals,45,274059.17,2025-04-17,2025-06-01,closed,2025-06-05,49,4,False,False,average_payer
INV16000395,B016,B016-C1018,Electronics Client 018,Electronics & Electricals,45,143206.06,2025-04-23,2025-06-07,closed,2025-06-16,54,9,False,False,average_payer
INV16000396,B016,B016-C1018,Electronics Client 018,Electronics & Electricals,45,154455.9,2025-06-06,2025-07-21,closed,2025-07-23,47,2,False,False,average_payer
INV16000397,B016,B016-C1018,Electronics Client 018,Electronics & Electricals,45,135018.43,2025-07-03,2025-08-17,closed,2025-08-30,58,13,False,False,average_payer
INV16000398,B016,B016-C1018,Electronics Client 018,Electronics & Electricals,45,226184.39,2025-07-05,2025-08-19,closed,2025-08-24,50,5,False,False,average_payer
INV16000399,B016,B016-C1018,Electronics Client 018,Electronics & Electricals,45,505654.76,2025-07-26,2025-09-09,closed,2025-09-08,44,-1,False,True,average_payer
INV16000400,B016,B016-C1018,Electronics Client 018,Electronics & Electricals,45,169928.38,2025-08-20,2025-10-04,closed,2025-10-03,44,-1,False,False,average_payer
INV16000401,B016,B016-C1018,Electronics Client 018,Electronics & Electricals,45,114917.06,2025-11-17,2026-01-01,closed,2026-01-06,50,5,False,False,average_payer
INV16000402,B016,B016-C1018,Electronics Client 018,Electronics & Electricals,45,150022.02,2025-12-21,2026-02-04,closed,2026-02-04,45,0,False,False,average_payer
INV16000403,B016,B016-C1018,Electronics Client 018,Electronics & Electricals,45,148600.14,2026-02-06,2026-03-23,closed,2026-04-03,56,11,False,False,average_payer
INV16000404,B016,B016-C1018,Electronics Client 018,Electronics & Electricals,45,84395.56,2026-03-10,2026-04-24,closed,2026-04-30,51,6,False,False,average_payer
INV16000405,B016,B016-C1018,Electronics Client 018,Electronics & Electricals,45,128198.92,2026-03-23,2026-05-07,closed,2026-04-30,38,-7,False,False,average_payer
INV16000406,B016,B016-C1018,Electronics Client 018,Electronics & Electricals,45,153331.15,2026-04-07,2026-05-22,closed,2026-05-26,49,4,False,False,average_payer
INV16000407,B016,B016-C1018,Electronics Client 018,Electronics & Electricals,45,80228.73,2026-04-28,2026-06-12,closed,2026-06-13,46,1,False,False,average_payer
INV16000408,B016,B016-C1018,Electronics Client 018,Electronics & Electricals,45,134458.94,2026-05-25,2026-07-09,closed,2026-07-17,53,8,False,False,average_payer
INV16000409,B016,B016-C1018,Electronics Client 018,Electronics & Electricals,45,187154.84,2026-05-26,2026-07-10,closed,2026-07-19,54,9,False,False,average_payer
INV16000410,B016,B016-C1018,Electronics Client 018,Electronics & Electricals,45,119988.82,2026-06-02,2026-07-17,closed,2026-07-30,58,13,False,False,average_payer
INV16000411,B016,B016-C1018,Electronics Client 018,Electronics & Electricals,45,157261.04,2026-06-19,2026-08-03,closed,2026-08-05,47,2,False,False,average_payer
INV16000412,B016,B016-C1018,Electronics Client 018,Electronics & Electricals,45,195092.2,2026-07-25,2026-09-08,open,,,,False,False,average_payer
INV16000413,B016,B016-C1019,Retail Client 019,Retail & Distribution,15,15269.41,2024-03-22,2024-04-06,closed,2024-04-10,19,4,False,False,erratic_payer
INV16000414,B016,B016-C1019,Retail Client 019,Retail & Distribution,15,13267.12,2024-09-21,2024-10-06,closed,2024-10-18,27,12,False,False,erratic_payer
INV16000415,B016,B016-C1019,Retail Client 019,Retail & Distribution,15,11156.92,2025-04-13,2025-04-28,closed,2025-04-28,15,0,False,False,erratic_payer
INV16000416,B016,B016-C1019,Retail Client 019,Retail & Distribution,15,8997.08,2026-04-26,2026-05-11,closed,2026-05-10,14,-1,False,False,erratic_payer
INV16000417,B016,B016-C1019,Retail Client 019,Retail & Distribution,15,14514.26,2026-06-15,2026-06-30,closed,2026-07-05,20,5,False,False,erratic_payer
INV16000418,B016,B016-C1020,IT Client 020,IT & Business Services,30,82626.17,2024-06-01,2024-07-01,closed,2024-07-07,36,6,False,False,average_payer
INV16000419,B016,B016-C1020,IT Client 020,IT & Business Services,30,97770.38,2024-07-08,2024-08-07,closed,2024-08-09,32,2,False,False,average_payer
INV16000420,B016,B016-C1020,IT Client 020,IT & Business Services,30,313271.71,2024-11-15,2024-12-15,closed,2024-12-16,31,1,False,True,average_payer
INV16000421,B016,B016-C1020,IT Client 020,IT & Business Services,30,146593.55,2025-02-09,2025-03-11,closed,2025-03-14,33,3,False,False,average_payer
INV16000422,B016,B016-C1020,IT Client 020,IT & Business Services,30,117724.88,2025-02-28,2025-03-30,closed,2025-04-03,34,4,False,False,average_payer
INV16000423,B016,B016-C1020,IT Client 020,IT & Business Services,30,107226.82,2025-03-10,2025-04-09,closed,2025-04-22,43,13,False,False,average_payer
INV16000424,B016,B016-C1020,IT Client 020,IT & Business Services,30,294618.36,2025-03-21,2025-04-20,closed,2025-04-20,30,0,False,True,average_payer
INV16000425,B016,B016-C1020,IT Client 020,IT & Business Services,30,134802.83,2025-03-22,2025-04-21,closed,2025-04-15,24,-6,False,False,average_payer
INV16000426,B016,B016-C1020,IT Client 020,IT & Business Services,30,125336.78,2025-05-06,2025-06-05,closed,2025-06-02,27,-3,False,False,average_payer
INV16000427,B016,B016-C1020,IT Client 020,IT & Business Services,30,105547.48,2025-07-16,2025-08-15,closed,2025-08-11,26,-4,False,False,average_payer
INV16000428,B016,B016-C1020,IT Client 020,IT & Business Services,30,99009.9,2025-10-01,2025-10-31,closed,2025-11-07,37,7,False,False,average_payer
INV16000429,B016,B016-C1020,IT Client 020,IT & Business Services,30,123134.24,2026-01-22,2026-02-21,closed,2026-02-26,35,5,True,False,average_payer
INV16000430,B016,B016-C1020,IT Client 020,IT & Business Services,30,58094.27,2026-02-16,2026-03-18,open,,,,False,False,average_payer
INV16000431,B016,B016-C1020,IT Client 020,IT & Business Services,30,80077.71,2026-04-03,2026-05-03,closed,2026-05-06,33,3,False,False,average_payer
INV16000432,B016,B016-C1020,IT Client 020,IT & Business Services,30,79968.62,2026-05-02,2026-06-01,closed,2026-06-07,36,6,False,False,average_payer
INV16000433,B016,B016-C1020,IT Client 020,IT & Business Services,30,146059.44,2026-05-18,2026-06-17,closed,2026-07-08,51,21,False,False,average_payer
INV16000434,B016,B016-C1020,IT Client 020,IT & Business Services,30,100398.45,2026-08-03,2026-09-02,disputed_open,,,,False,False,average_payer
INV16000435,B016,B016-C1021,Construction Client 021,Construction & Infra,60,232082.59,2024-06-29,2024-08-28,closed,2024-09-28,91,31,False,False,chronic_late_payer
INV16000436,B016,B016-C1021,Construction Client 021,Construction & Infra,60,324429.02,2024-06-29,2024-08-28,closed,2024-10-16,109,49,False,False,chronic_late_payer
INV16000437,B016,B016-C1021,Construction Client 021,Construction & Infra,60,218480.36,2024-07-16,2024-09-14,closed,2024-10-15,91,31,False,False,chronic_late_payer
INV16000438,B016,B016-C1021,Construction Client 021,Construction & Infra,60,184182.27,2024-07-31,2024-09-29,closed,2024-10-30,91,31,True,False,chronic_late_payer
INV16000439,B016,B016-C1021,Construction Client 021,Construction & Infra,60,159977.14,2024-08-21,2024-10-20,closed,2024-12-06,107,47,False,False,chronic_late_payer
INV16000440,B016,B016-C1021,Construction Client 021,Construction & Infra,60,998019.97,2024-08-26,2024-10-25,closed,2024-12-14,110,50,False,True,chronic_late_payer
INV16000441,B016,B016-C1021,Construction Client 021,Construction & Infra,60,227545.73,2024-09-05,2024-11-04,closed,2024-12-14,100,40,False,False,chronic_late_payer
INV16000442,B016,B016-C1021,Construction Client 021,Construction & Infra,60,136600.54,2024-10-03,2024-12-02,closed,2025-01-07,96,36,False,False,chronic_late_payer
INV16000443,B016,B016-C1021,Construction Client 021,Construction & Infra,60,171746.31,2024-10-14,2024-12-13,closed,2025-01-07,85,25,False,False,chronic_late_payer
INV16000444,B016,B016-C1021,Construction Client 021,Construction & Infra,60,825883.63,2024-11-24,2025-01-23,closed,2025-02-19,87,27,False,True,chronic_late_payer
INV16000445,B016,B016-C1021,Construction Client 021,Construction & Infra,60,249286.48,2024-12-10,2025-02-08,closed,2025-02-22,74,14,False,False,chronic_late_payer
INV16000446,B016,B016-C1021,Construction Client 021,Construction & Infra,60,133337.8,2024-12-25,2025-02-23,closed,2025-03-31,96,36,False,False,chronic_late_payer
INV16000447,B016,B016-C1021,Construction Client 021,Construction & Infra,60,233975.06,2025-03-10,2025-05-09,closed,2025-06-13,95,35,False,False,chronic_late_payer
INV16000448,B016,B016-C1021,Construction Client 021,Construction & Infra,60,173400.41,2025-03-21,2025-05-20,closed,2025-06-09,80,20,False,False,chronic_late_payer
INV16000449,B016,B016-C1021,Construction Client 021,Construction & Infra,60,182380.62,2025-06-01,2025-07-31,closed,2025-08-30,90,30,False,False,chronic_late_payer
INV16000450,B016,B016-C1021,Construction Client 021,Construction & Infra,60,234403.42,2025-06-04,2025-08-03,closed,2025-09-27,115,55,False,False,chronic_late_payer
INV16000451,B016,B016-C1021,Construction Client 021,Construction & Infra,60,1160627.08,2025-09-09,2025-11-08,closed,2025-12-24,106,46,False,True,chronic_late_payer
INV16000452,B016,B016-C1021,Construction Client 021,Construction & Infra,60,191599.81,2025-10-15,2025-12-14,closed,2026-01-10,87,27,False,False,chronic_late_payer
INV16000453,B016,B016-C1021,Construction Client 021,Construction & Infra,60,200454.01,2025-11-08,2026-01-07,closed,2026-03-09,121,61,False,False,chronic_late_payer
INV16000454,B016,B016-C1021,Construction Client 021,Construction & Infra,60,153074.13,2025-12-25,2026-02-23,closed,2026-04-02,98,38,False,False,chronic_late_payer
INV16000455,B016,B016-C1021,Construction Client 021,Construction & Infra,60,180315.41,2026-01-21,2026-03-22,closed,2026-04-19,88,28,False,False,chronic_late_payer
INV16000456,B016,B016-C1021,Construction Client 021,Construction & Infra,60,127041.68,2026-02-16,2026-04-17,closed,2026-05-26,99,39,False,False,chronic_late_payer
INV16000457,B016,B016-C1021,Construction Client 021,Construction & Infra,60,296324.52,2026-02-19,2026-04-20,closed,2026-05-24,94,34,False,False,chronic_late_payer
INV16000458,B016,B016-C1021,Construction Client 021,Construction & Infra,60,257304.21,2026-03-06,2026-05-05,closed,2026-06-23,109,49,False,False,chronic_late_payer
INV16000459,B016,B016-C1021,Construction Client 021,Construction & Infra,60,231493.6,2026-03-14,2026-05-13,closed,2026-05-27,74,14,False,False,chronic_late_payer
INV16000460,B016,B016-C1021,Construction Client 021,Construction & Infra,60,201012.98,2026-03-26,2026-05-25,closed,2026-07-05,101,41,False,False,chronic_late_payer
INV16000461,B016,B016-C1021,Construction Client 021,Construction & Infra,60,133723.99,2026-05-05,2026-07-04,closed,2026-08-02,89,29,False,False,chronic_late_payer
INV16000462,B016,B016-C1021,Construction Client 021,Construction & Infra,60,175747.41,2026-06-19,2026-08-18,open,,,,False,False,chronic_late_payer
INV16000463,B016,B016-C1021,Construction Client 021,Construction & Infra,60,165289.97,2026-06-23,2026-08-22,open,,,,False,False,chronic_late_payer
INV16000464,B016,B016-C1021,Construction Client 021,Construction & Infra,60,313604.61,2026-07-31,2026-09-29,open,,,,False,False,chronic_late_payer
INV16000465,B016,B016-C1021,Construction Client 021,Construction & Infra,60,252879.33,2026-08-06,2026-10-05,open,,,,False,False,chronic_late_payer
INV16000466,B016,B016-C1021,Construction Client 021,Construction & Infra,60,156959.41,2026-08-11,2026-10-10,open,,,,False,False,chronic_late_payer
INV16000467,B016,B016-C1022,Chemicals Client 022,Chemicals & Plastics,30,182730.85,2024-03-18,2024-04-17,closed,2024-04-23,36,6,False,False,deteriorating_payer
INV16000468,B016,B016-C1022,Chemicals Client 022,Chemicals & Plastics,30,160398.52,2024-04-09,2024-05-09,closed,2024-05-07,28,-2,False,False,deteriorating_payer
INV16000469,B016,B016-C1022,Chemicals Client 022,Chemicals & Plastics,30,282081.82,2024-04-22,2024-05-22,closed,2024-05-30,38,8,False,False,deteriorating_payer
INV16000470,B016,B016-C1022,Chemicals Client 022,Chemicals & Plastics,30,176373.47,2024-05-09,2024-06-08,closed,2024-07-02,54,24,False,False,deteriorating_payer
INV16000471,B016,B016-C1022,Chemicals Client 022,Chemicals & Plastics,30,231121.6,2024-05-10,2024-06-09,closed,2024-06-18,39,9,False,False,deteriorating_payer
INV16000472,B016,B016-C1022,Chemicals Client 022,Chemicals & Plastics,30,239621.64,2024-05-27,2024-06-26,closed,2024-07-28,62,32,False,False,deteriorating_payer
INV16000473,B016,B016-C1022,Chemicals Client 022,Chemicals & Plastics,30,132345.54,2024-06-10,2024-07-10,closed,2024-07-14,34,4,False,False,deteriorating_payer
INV16000474,B016,B016-C1022,Chemicals Client 022,Chemicals & Plastics,30,202527.13,2024-07-15,2024-08-14,closed,2024-08-25,41,11,False,False,deteriorating_payer
INV16000475,B016,B016-C1022,Chemicals Client 022,Chemicals & Plastics,30,178971.43,2024-07-22,2024-08-21,closed,2024-09-01,41,11,False,False,deteriorating_payer
INV16000476,B016,B016-C1022,Chemicals Client 022,Chemicals & Plastics,30,110389.38,2024-08-10,2024-09-09,closed,2024-10-18,69,39,False,False,deteriorating_payer
INV16000477,B016,B016-C1022,Chemicals Client 022,Chemicals & Plastics,30,122943.39,2024-09-25,2024-10-25,closed,2024-10-24,29,-1,False,False,deteriorating_payer
INV16000478,B016,B016-C1022,Chemicals Client 022,Chemicals & Plastics,30,184100.4,2024-11-18,2024-12-18,closed,2025-01-09,52,22,False,False,deteriorating_payer
INV16000479,B016,B016-C1022,Chemicals Client 022,Chemicals & Plastics,30,138190.52,2024-12-13,2025-01-12,closed,2025-02-20,69,39,False,False,deteriorating_payer
INV16000480,B016,B016-C1022,Chemicals Client 022,Chemicals & Plastics,30,140784.14,2025-01-02,2025-02-01,closed,2025-02-02,31,1,False,False,deteriorating_payer
INV16000481,B016,B016-C1022,Chemicals Client 022,Chemicals & Plastics,30,209466.87,2025-01-18,2025-02-17,closed,2025-03-15,56,26,False,False,deteriorating_payer
INV16000482,B016,B016-C1022,Chemicals Client 022,Chemicals & Plastics,30,136505.47,2025-03-07,2025-04-06,closed,2025-04-14,38,8,False,False,deteriorating_payer
INV16000483,B016,B016-C1022,Chemicals Client 022,Chemicals & Plastics,30,204393.57,2025-04-08,2025-05-08,closed,2025-06-03,56,26,False,False,deteriorating_payer
INV16000484,B016,B016-C1022,Chemicals Client 022,Chemicals & Plastics,30,80513.14,2025-04-27,2025-05-27,closed,2025-06-20,54,24,False,False,deteriorating_payer
INV16000485,B016,B016-C1022,Chemicals Client 022,Chemicals & Plastics,30,213060.43,2025-05-07,2025-06-06,closed,2025-07-04,58,28,False,False,deteriorating_payer
INV16000486,B016,B016-C1022,Chemicals Client 022,Chemicals & Plastics,30,200836.63,2025-05-29,2025-06-28,closed,2025-07-07,39,9,False,False,deteriorating_payer
INV16000487,B016,B016-C1022,Chemicals Client 022,Chemicals & Plastics,30,173496.96,2025-07-27,2025-08-26,closed,2025-10-18,83,53,False,False,deteriorating_payer
INV16000488,B016,B016-C1022,Chemicals Client 022,Chemicals & Plastics,30,219330.9,2025-11-24,2025-12-24,closed,2026-01-16,53,23,False,False,deteriorating_payer
INV16000489,B016,B016-C1022,Chemicals Client 022,Chemicals & Plastics,30,244440.77,2025-12-14,2026-01-13,closed,2026-01-22,39,9,False,False,deteriorating_payer
INV16000490,B016,B016-C1022,Chemicals Client 022,Chemicals & Plastics,30,221308.51,2025-12-18,2026-01-17,closed,2026-02-18,62,32,False,False,deteriorating_payer
INV16000491,B016,B016-C1022,Chemicals Client 022,Chemicals & Plastics,30,97226.66,2025-12-22,2026-01-21,closed,2026-03-04,72,42,False,False,deteriorating_payer
INV16000492,B016,B016-C1022,Chemicals Client 022,Chemicals & Plastics,30,102352.27,2026-01-09,2026-02-08,closed,2026-03-18,68,38,False,False,deteriorating_payer
INV16000493,B016,B016-C1022,Chemicals Client 022,Chemicals & Plastics,30,259063.83,2026-05-20,2026-06-19,closed,2026-07-19,60,30,False,False,deteriorating_payer
INV16000494,B016,B016-C1022,Chemicals Client 022,Chemicals & Plastics,30,166611.92,2026-06-09,2026-07-09,closed,2026-08-18,70,40,False,False,deteriorating_payer
INV16000495,B016,B016-C1022,Chemicals Client 022,Chemicals & Plastics,30,146561.57,2026-07-10,2026-08-09,open,,,,False,False,deteriorating_payer
INV16000496,B016,B016-C1022,Chemicals Client 022,Chemicals & Plastics,30,256379.42,2026-08-01,2026-08-31,open,,,,False,False,deteriorating_payer
INV16000497,B016,B016-C1022,Chemicals Client 022,Chemicals & Plastics,30,159957.41,2026-08-15,2026-09-14,disputed_open,,,,False,False,deteriorating_payer
INV16000498,B016,B016-C1023,Construction Client 023,Construction & Infra,30,67223.65,2024-03-16,2024-04-15,closed,2024-04-17,32,2,False,False,prompt_payer
INV16000499,B016,B016-C1023,Construction Client 023,Construction & Infra,30,160407.06,2024-04-30,2024-05-30,closed,2024-05-26,26,-4,False,False,prompt_payer
INV16000500,B016,B016-C1023,Construction Client 023,Construction & Infra,30,148690.01,2024-05-01,2024-05-31,closed,2024-05-29,28,-2,False,False,prompt_payer
INV16000501,B016,B016-C1023,Construction Client 023,Construction & Infra,30,114153.66,2024-06-06,2024-07-06,closed,2024-07-11,35,5,False,False,prompt_payer
INV16000502,B016,B016-C1023,Construction Client 023,Construction & Infra,30,87571.5,2024-06-10,2024-07-10,closed,2024-07-07,27,-3,False,False,prompt_payer
INV16000503,B016,B016-C1023,Construction Client 023,Construction & Infra,30,121047.36,2024-07-23,2024-08-22,closed,2024-08-19,27,-3,False,False,prompt_payer
INV16000504,B016,B016-C1023,Construction Client 023,Construction & Infra,30,116465.51,2024-07-25,2024-08-24,closed,2024-08-27,33,3,False,False,prompt_payer
INV16000505,B016,B016-C1023,Construction Client 023,Construction & Infra,30,145483.57,2024-12-30,2025-01-29,closed,2025-01-31,32,2,False,False,prompt_payer
INV16000506,B016,B016-C1023,Construction Client 023,Construction & Infra,30,91145.76,2025-06-24,2025-07-24,closed,2025-07-26,32,2,False,False,prompt_payer
INV16000507,B016,B016-C1023,Construction Client 023,Construction & Infra,30,104143.21,2025-10-06,2025-11-05,closed,2025-11-03,28,-2,False,False,prompt_payer
INV16000508,B016,B016-C1023,Construction Client 023,Construction & Infra,30,119545.57,2025-11-13,2025-12-13,closed,2025-12-11,28,-2,False,False,prompt_payer
INV16000509,B016,B016-C1023,Construction Client 023,Construction & Infra,30,92893.16,2025-12-12,2026-01-11,closed,2026-01-13,32,2,False,False,prompt_payer
INV16000510,B016,B016-C1023,Construction Client 023,Construction & Infra,30,169274.21,2025-12-16,2026-01-15,closed,2026-01-16,31,1,False,False,prompt_payer
INV16000511,B016,B016-C1023,Construction Client 023,Construction & Infra,30,76313.22,2026-07-13,2026-08-12,closed,2026-08-14,32,2,False,False,prompt_payer
INV16000512,B016,B016-C1023,Construction Client 023,Construction & Infra,30,84033.85,2026-08-01,2026-08-31,closed,2026-08-28,27,-3,False,False,prompt_payer
INV16000513,B016,B016-C1023,Construction Client 023,Construction & Infra,30,111338.27,2026-08-15,2026-09-14,disputed_open,,,,False,False,prompt_payer
INV16000514,B016,B016-C1024,Textiles Client 024,Textiles & Apparel,45,22376.04,2024-04-07,2024-05-22,closed,2024-05-23,46,1,False,False,average_payer
INV16000515,B016,B016-C1024,Textiles Client 024,Textiles & Apparel,45,129786.6,2024-04-14,2024-05-29,closed,2024-06-02,49,4,False,True,average_payer
INV16000516,B016,B016-C1024,Textiles Client 024,Textiles & Apparel,45,99799.07,2024-04-17,2024-06-01,closed,2024-06-11,55,10,False,True,average_payer
INV16000517,B016,B016-C1024,Textiles Client 024,Textiles & Apparel,45,33498.41,2024-06-09,2024-07-24,closed,2024-08-03,55,10,False,False,average_payer
INV16000518,B016,B016-C1024,Textiles Client 024,Textiles & Apparel,45,20566.85,2024-06-12,2024-07-27,closed,2024-08-01,50,5,False,False,average_payer
INV16000519,B016,B016-C1024,Textiles Client 024,Textiles & Apparel,45,28522.08,2024-06-20,2024-08-04,closed,2024-08-13,54,9,False,False,average_payer
INV16000520,B016,B016-C1024,Textiles Client 024,Textiles & Apparel,45,25191.42,2024-06-29,2024-08-13,closed,2024-08-22,54,9,False,False,average_payer
INV16000521,B016,B016-C1024,Textiles Client 024,Textiles & Apparel,45,84318.63,2024-07-29,2024-09-12,closed,2024-09-10,43,-2,False,True,average_payer
INV16000522,B016,B016-C1024,Textiles Client 024,Textiles & Apparel,45,17631.23,2024-08-01,2024-09-15,closed,2024-09-20,50,5,False,False,average_payer
INV16000523,B016,B016-C1024,Textiles Client 024,Textiles & Apparel,45,20580.14,2024-10-05,2024-11-19,closed,2024-11-20,46,1,False,False,average_payer
INV16000524,B016,B016-C1024,Textiles Client 024,Textiles & Apparel,45,31035.1,2024-10-06,2024-11-20,closed,2024-11-28,53,8,False,False,average_payer
INV16000525,B016,B016-C1024,Textiles Client 024,Textiles & Apparel,45,30076.41,2024-11-07,2024-12-22,closed,2025-01-04,58,13,False,False,average_payer
INV16000526,B016,B016-C1024,Textiles Client 024,Textiles & Apparel,45,44766.22,2024-11-28,2025-01-12,closed,2025-01-11,44,-1,False,False,average_payer
INV16000527,B016,B016-C1024,Textiles Client 024,Textiles & Apparel,45,20650.67,2024-12-07,2025-01-21,closed,2025-01-17,41,-4,False,False,average_payer
INV16000528,B016,B016-C1024,Textiles Client 024,Textiles & Apparel,45,26865.16,2024-12-09,2025-01-23,closed,2025-01-26,48,3,False,False,average_payer
INV16000529,B016,B016-C1024,Textiles Client 024,Textiles & Apparel,45,28764.22,2025-01-24,2025-03-10,closed,2025-03-24,59,14,False,False,average_payer
INV16000530,B016,B016-C1024,Textiles Client 024,Textiles & Apparel,45,37151.36,2025-01-26,2025-03-12,closed,2025-03-15,48,3,False,False,average_payer
INV16000531,B016,B016-C1024,Textiles Client 024,Textiles & Apparel,45,32994.54,2025-02-03,2025-03-20,closed,2025-03-26,51,6,False,False,average_payer
INV16000532,B016,B016-C1024,Textiles Client 024,Textiles & Apparel,45,36156.34,2025-02-20,2025-04-06,closed,2025-04-04,43,-2,False,False,average_payer
INV16000533,B016,B016-C1024,Textiles Client 024,Textiles & Apparel,45,14183.11,2025-04-17,2025-06-01,closed,2025-06-07,51,6,False,False,average_payer
INV16000534,B016,B016-C1024,Textiles Client 024,Textiles & Apparel,45,35787.73,2025-05-05,2025-06-19,closed,2025-06-25,51,6,False,False,average_payer
INV16000535,B016,B016-C1024,Textiles Client 024,Textiles & Apparel,45,127956.27,2025-06-16,2025-07-31,closed,2025-08-27,72,27,False,True,average_payer
INV16000536,B016,B016-C1024,Textiles Client 024,Textiles & Apparel,45,21741.16,2025-08-04,2025-09-18,closed,2025-09-24,51,6,False,False,average_payer
INV16000537,B016,B016-C1024,Textiles Client 024,Textiles & Apparel,45,20157.81,2025-08-22,2025-10-06,closed,2025-10-13,52,7,False,False,average_payer
INV16000538,B016,B016-C1024,Textiles Client 024,Textiles & Apparel,45,17649.37,2025-09-02,2025-10-17,closed,2025-10-27,55,10,False,False,average_payer
INV16000539,B016,B016-C1024,Textiles Client 024,Textiles & Apparel,45,25292.38,2025-09-27,2025-11-11,closed,2025-11-14,48,3,False,False,average_payer
INV16000540,B016,B016-C1024,Textiles Client 024,Textiles & Apparel,45,29024.58,2025-09-29,2025-11-13,closed,2025-11-14,46,1,False,False,average_payer
INV16000541,B016,B016-C1024,Textiles Client 024,Textiles & Apparel,45,21122.37,2025-10-13,2025-11-27,closed,2025-12-04,52,7,False,False,average_payer
INV16000542,B016,B016-C1024,Textiles Client 024,Textiles & Apparel,45,21125.99,2025-10-27,2025-12-11,closed,2025-12-14,48,3,False,False,average_payer
INV16000543,B016,B016-C1024,Textiles Client 024,Textiles & Apparel,45,22575.21,2026-01-05,2026-02-19,closed,2026-02-20,46,1,False,False,average_payer
INV16000544,B016,B016-C1024,Textiles Client 024,Textiles & Apparel,45,19310.76,2026-01-11,2026-02-25,closed,2026-02-28,48,3,False,False,average_payer
INV16000545,B016,B016-C1024,Textiles Client 024,Textiles & Apparel,45,24886.7,2026-01-17,2026-03-03,closed,2026-03-19,61,16,False,False,average_payer
INV16000546,B016,B016-C1024,Textiles Client 024,Textiles & Apparel,45,25057.74,2026-01-18,2026-03-04,closed,2026-03-07,48,3,False,False,average_payer
INV16000547,B016,B016-C1024,Textiles Client 024,Textiles & Apparel,45,19699.48,2026-02-04,2026-03-21,closed,2026-03-25,49,4,False,False,average_payer
INV16000548,B016,B016-C1024,Textiles Client 024,Textiles & Apparel,45,16689.02,2026-02-21,2026-04-07,closed,2026-04-13,51,6,False,False,average_payer
INV16000549,B016,B016-C1024,Textiles Client 024,Textiles & Apparel,45,36792.89,2026-03-12,2026-04-26,closed,2026-04-21,40,-5,False,False,average_payer
INV16000550,B016,B016-C1024,Textiles Client 024,Textiles & Apparel,45,50085.88,2026-03-15,2026-04-29,closed,2026-05-01,47,2,False,False,average_payer
INV16000551,B016,B016-C1024,Textiles Client 024,Textiles & Apparel,45,20244.4,2026-03-19,2026-05-03,closed,2026-05-14,56,11,False,False,average_payer
INV16000552,B016,B016-C1024,Textiles Client 024,Textiles & Apparel,45,32611.69,2026-05-23,2026-07-07,closed,2026-07-16,54,9,False,False,average_payer
INV16000553,B016,B016-C1024,Textiles Client 024,Textiles & Apparel,45,16826.01,2026-06-11,2026-07-26,closed,2026-08-08,58,13,False,False,average_payer
INV16000554,B016,B016-C1024,Textiles Client 024,Textiles & Apparel,45,34142.0,2026-06-30,2026-08-14,closed,2026-08-15,46,1,False,False,average_payer
INV16000555,B016,B016-C1024,Textiles Client 024,Textiles & Apparel,45,24692.71,2026-07-01,2026-08-15,closed,2026-08-19,49,4,False,False,average_payer
INV16000556,B016,B016-C1024,Textiles Client 024,Textiles & Apparel,45,29788.54,2026-07-09,2026-08-23,closed,2026-08-15,37,-8,True,False,average_payer
INV16000557,B016,B016-C1024,Textiles Client 024,Textiles & Apparel,45,26366.33,2026-07-10,2026-08-24,closed,2026-08-26,47,2,False,False,average_payer
INV16000558,B016,B016-C1024,Textiles Client 024,Textiles & Apparel,45,33552.39,2026-07-31,2026-09-14,open,,,,False,False,average_payer
INV16000559,B016,B016-C1024,Textiles Client 024,Textiles & Apparel,45,23429.87,2026-08-15,2026-09-29,disputed_open,,,,False,False,average_payer
INV16000560,B016,B016-C1024,Textiles Client 024,Textiles & Apparel,45,12986.81,2026-08-30,2026-10-14,open,,,,False,False,average_payer
INV16000561,B016,B016-C1025,Construction Client 025,Construction & Infra,45,63639.63,2024-03-26,2024-05-10,closed,2024-06-28,94,49,False,False,chronic_late_payer
INV16000562,B016,B016-C1025,Construction Client 025,Construction & Infra,45,33225.71,2024-04-01,2024-05-16,closed,2024-07-01,91,46,False,False,chronic_late_payer
INV16000563,B016,B016-C1025,Construction Client 025,Construction & Infra,45,62765.29,2024-04-09,2024-05-24,closed,2024-06-13,65,20,False,False,chronic_late_payer
INV16000564,B016,B016-C1025,Construction Client 025,Construction & Infra,45,46496.12,2024-04-15,2024-05-30,closed,2024-07-07,83,38,False,False,chronic_late_payer
INV16000565,B016,B016-C1025,Construction Client 025,Construction & Infra,45,32960.44,2024-06-10,2024-07-25,closed,2024-09-08,90,45,False,False,chronic_late_payer
INV16000566,B016,B016-C1025,Construction Client 025,Construction & Infra,45,52227.16,2024-07-20,2024-09-03,closed,2024-10-19,91,46,False,False,chronic_late_payer
INV16000567,B016,B016-C1025,Construction Client 025,Construction & Infra,45,35735.35,2024-08-02,2024-09-16,closed,2024-10-05,64,19,False,False,chronic_late_payer
INV16000568,B016,B016-C1025,Construction Client 025,Construction & Infra,45,67698.43,2024-09-27,2024-11-11,closed,2025-01-17,112,67,False,False,chronic_late_payer
INV16000569,B016,B016-C1025,Construction Client 025,Construction & Infra,45,27737.54,2024-10-01,2024-11-15,closed,2024-12-23,83,38,False,False,chronic_late_payer
INV16000570,B016,B016-C1025,Construction Client 025,Construction & Infra,45,28109.08,2024-10-24,2024-12-08,closed,2025-01-11,79,34,False,False,chronic_late_payer
INV16000571,B016,B016-C1025,Construction Client 025,Construction & Infra,45,27406.0,2024-11-01,2024-12-16,closed,2024-12-30,59,14,False,False,chronic_late_payer
INV16000572,B016,B016-C1025,Construction Client 025,Construction & Infra,45,55466.99,2024-11-10,2024-12-25,closed,2025-01-26,77,32,False,False,chronic_late_payer
INV16000573,B016,B016-C1025,Construction Client 025,Construction & Infra,45,18132.45,2024-12-26,2025-02-09,closed,2025-04-15,110,65,False,False,chronic_late_payer
INV16000574,B016,B016-C1025,Construction Client 025,Construction & Infra,45,32710.76,2025-02-06,2025-03-23,closed,2025-05-03,86,41,False,False,chronic_late_payer
INV16000575,B016,B016-C1025,Construction Client 025,Construction & Infra,45,33600.39,2025-02-10,2025-03-27,closed,2025-05-05,84,39,False,False,chronic_late_payer
INV16000576,B016,B016-C1025,Construction Client 025,Construction & Infra,45,26698.32,2025-02-22,2025-04-08,closed,2025-05-21,88,43,False,False,chronic_late_payer
INV16000577,B016,B016-C1025,Construction Client 025,Construction & Infra,45,28278.39,2025-04-05,2025-05-20,closed,2025-06-09,65,20,False,False,chronic_late_payer
INV16000578,B016,B016-C1025,Construction Client 025,Construction & Infra,45,128708.16,2025-05-11,2025-06-25,closed,2025-08-15,96,51,False,True,chronic_late_payer
INV16000579,B016,B016-C1025,Construction Client 025,Construction & Infra,45,36657.08,2025-05-20,2025-07-04,closed,2025-07-23,64,19,False,False,chronic_late_payer
INV16000580,B016,B016-C1025,Construction Client 025,Construction & Infra,45,51308.46,2025-05-22,2025-07-06,closed,2025-07-20,59,14,False,False,chronic_late_payer
INV16000581,B016,B016-C1025,Construction Client 025,Construction & Infra,45,56835.71,2025-05-27,2025-07-11,closed,2025-08-25,90,45,False,False,chronic_late_payer
INV16000582,B016,B016-C1025,Construction Client 025,Construction & Infra,45,46044.57,2025-06-13,2025-07-28,closed,2025-08-18,66,21,True,False,chronic_late_payer
INV16000583,B016,B016-C1025,Construction Client 025,Construction & Infra,45,32682.37,2025-06-14,2025-07-29,closed,2025-10-05,113,68,False,False,chronic_late_payer
INV16000584,B016,B016-C1025,Construction Client 025,Construction & Infra,45,125808.07,2025-06-21,2025-08-05,closed,2025-08-19,59,14,False,True,chronic_late_payer
INV16000585,B016,B016-C1025,Construction Client 025,Construction & Infra,45,35480.87,2025-07-10,2025-08-24,open,,,,False,False,chronic_late_payer
INV16000586,B016,B016-C1025,Construction Client 025,Construction & Infra,45,50540.54,2025-07-12,2025-08-26,closed,2025-10-16,96,51,False,False,chronic_late_payer
INV16000587,B016,B016-C1025,Construction Client 025,Construction & Infra,45,58164.09,2025-07-13,2025-08-27,closed,2025-10-28,107,62,False,False,chronic_late_payer
INV16000588,B016,B016-C1025,Construction Client 025,Construction & Infra,45,55328.86,2025-07-25,2025-09-08,closed,2025-10-08,75,30,False,False,chronic_late_payer
INV16000589,B016,B016-C1025,Construction Client 025,Construction & Infra,45,51196.33,2025-09-02,2025-10-17,closed,2025-11-18,77,32,False,False,chronic_late_payer
INV16000590,B016,B016-C1025,Construction Client 025,Construction & Infra,45,31672.39,2025-09-06,2025-10-21,closed,2025-11-25,80,35,False,False,chronic_late_payer
INV16000591,B016,B016-C1025,Construction Client 025,Construction & Infra,45,29681.28,2025-09-24,2025-11-08,closed,2025-12-13,80,35,False,False,chronic_late_payer
INV16000592,B016,B016-C1025,Construction Client 025,Construction & Infra,45,176412.35,2025-10-14,2025-11-28,closed,2026-01-07,85,40,False,True,chronic_late_payer
INV16000593,B016,B016-C1025,Construction Client 025,Construction & Infra,45,43417.92,2025-10-15,2025-11-29,closed,2026-01-04,81,36,False,False,chronic_late_payer
INV16000594,B016,B016-C1025,Construction Client 025,Construction & Infra,45,42410.59,2025-11-18,2026-01-02,closed,2026-01-21,64,19,False,False,chronic_late_payer
INV16000595,B016,B016-C1025,Construction Client 025,Construction & Infra,45,27568.68,2025-11-22,2026-01-06,closed,2026-01-28,67,22,False,False,chronic_late_payer
INV16000596,B016,B016-C1025,Construction Client 025,Construction & Infra,45,49917.85,2025-12-03,2026-01-17,closed,2026-03-13,100,55,False,False,chronic_late_payer
INV16000597,B016,B016-C1025,Construction Client 025,Construction & Infra,45,32669.78,2025-12-12,2026-01-26,closed,2026-03-06,84,39,False,False,chronic_late_payer
INV16000598,B016,B016-C1025,Construction Client 025,Construction & Infra,45,23088.27,2025-12-24,2026-02-07,closed,2026-03-06,72,27,False,False,chronic_late_payer
INV16000599,B016,B016-C1025,Construction Client 025,Construction & Infra,45,57288.58,2026-03-04,2026-04-18,closed,2026-05-28,85,40,False,False,chronic_late_payer
INV16000600,B016,B016-C1025,Construction Client 025,Construction & Infra,45,50213.8,2026-04-09,2026-05-24,closed,2026-06-24,76,31,False,False,chronic_late_payer
INV16000601,B016,B016-C1025,Construction Client 025,Construction & Infra,45,44459.2,2026-05-17,2026-07-01,closed,2026-08-18,93,48,False,False,chronic_late_payer
INV16000602,B016,B016-C1025,Construction Client 025,Construction & Infra,45,30365.35,2026-05-20,2026-07-04,closed,2026-07-22,63,18,False,False,chronic_late_payer
INV16000603,B016,B016-C1025,Construction Client 025,Construction & Infra,45,22366.16,2026-05-30,2026-07-14,open,,,,False,False,chronic_late_payer
INV16000604,B016,B016-C1025,Construction Client 025,Construction & Infra,45,35755.57,2026-06-23,2026-08-07,closed,2026-08-28,66,21,False,False,chronic_late_payer
INV16000605,B016,B016-C1025,Construction Client 025,Construction & Infra,45,43909.51,2026-06-30,2026-08-14,closed,2026-08-30,61,16,False,False,chronic_late_payer
INV16000606,B016,B016-C1025,Construction Client 025,Construction & Infra,45,35436.89,2026-08-14,2026-09-28,open,,,,False,False,chronic_late_payer
INV16000607,B016,B016-C1026,Chemicals Client 026,Chemicals & Plastics,60,53030.51,2024-04-11,2024-06-10,closed,2024-07-20,100,40,False,False,chronic_late_payer
INV16000608,B016,B016-C1026,Chemicals Client 026,Chemicals & Plastics,60,71636.75,2024-05-18,2024-07-17,closed,2024-08-24,98,38,False,False,chronic_late_payer
INV16000609,B016,B016-C1026,Chemicals Client 026,Chemicals & Plastics,60,63305.12,2024-08-25,2024-10-24,closed,2024-11-27,94,34,False,False,chronic_late_payer
INV16000610,B016,B016-C1026,Chemicals Client 026,Chemicals & Plastics,60,96073.24,2024-10-20,2024-12-19,closed,2025-01-03,75,15,False,False,chronic_late_payer
INV16000611,B016,B016-C1026,Chemicals Client 026,Chemicals & Plastics,60,83955.0,2024-12-16,2025-02-14,closed,2025-03-23,97,37,False,False,chronic_late_payer
INV16000612,B016,B016-C1026,Chemicals Client 026,Chemicals & Plastics,60,50919.13,2025-01-11,2025-03-12,closed,2025-04-25,104,44,False,False,chronic_late_payer
INV16000613,B016,B016-C1026,Chemicals Client 026,Chemicals & Plastics,60,63593.43,2025-02-13,2025-04-14,closed,2025-04-28,74,14,False,False,chronic_late_payer
INV16000614,B016,B016-C1026,Chemicals Client 026,Chemicals & Plastics,60,56233.46,2025-03-04,2025-05-03,closed,2025-05-17,74,14,False,False,chronic_late_payer
INV16000615,B016,B016-C1026,Chemicals Client 026,Chemicals & Plastics,60,77413.63,2025-04-05,2025-06-04,closed,2025-07-11,97,37,False,False,chronic_late_payer
INV16000616,B016,B016-C1026,Chemicals Client 026,Chemicals & Plastics,60,66317.19,2025-05-25,2025-07-24,closed,2025-09-01,99,39,False,False,chronic_late_payer
INV16000617,B016,B016-C1026,Chemicals Client 026,Chemicals & Plastics,60,64325.92,2025-05-29,2025-07-28,closed,2025-09-10,104,44,False,False,chronic_late_payer
INV16000618,B016,B016-C1026,Chemicals Client 026,Chemicals & Plastics,60,36149.59,2025-06-19,2025-08-18,closed,2025-10-08,111,51,False,False,chronic_late_payer
INV16000619,B016,B016-C1026,Chemicals Client 026,Chemicals & Plastics,60,64783.1,2025-07-07,2025-09-05,closed,2025-10-14,99,39,False,False,chronic_late_payer
INV16000620,B016,B016-C1026,Chemicals Client 026,Chemicals & Plastics,60,323260.53,2025-08-12,2025-10-11,closed,2025-11-24,104,44,False,True,chronic_late_payer
INV16000621,B016,B016-C1026,Chemicals Client 026,Chemicals & Plastics,60,58157.2,2025-08-19,2025-10-18,closed,2025-11-08,81,21,False,False,chronic_late_payer
INV16000622,B016,B016-C1026,Chemicals Client 026,Chemicals & Plastics,60,78156.33,2025-09-04,2025-11-03,closed,2025-12-16,103,43,False,False,chronic_late_payer
INV16000623,B016,B016-C1026,Chemicals Client 026,Chemicals & Plastics,60,30807.94,2025-09-13,2025-11-12,closed,2025-12-22,100,40,False,False,chronic_late_payer
INV16000624,B016,B016-C1026,Chemicals Client 026,Chemicals & Plastics,60,92777.94,2025-10-01,2025-11-30,closed,2025-12-30,90,30,False,False,chronic_late_payer
INV16000625,B016,B016-C1026,Chemicals Client 026,Chemicals & Plastics,60,34505.79,2025-10-05,2025-12-04,closed,2026-01-14,101,41,False,False,chronic_late_payer
INV16000626,B016,B016-C1026,Chemicals Client 026,Chemicals & Plastics,60,60264.87,2025-11-25,2026-01-24,closed,2026-02-14,81,21,False,False,chronic_late_payer
INV16000627,B016,B016-C1026,Chemicals Client 026,Chemicals & Plastics,60,261691.58,2025-12-14,2026-02-12,closed,2026-03-23,99,39,False,True,chronic_late_payer
INV16000628,B016,B016-C1026,Chemicals Client 026,Chemicals & Plastics,60,106949.63,2026-01-23,2026-03-24,closed,2026-04-07,74,14,True,False,chronic_late_payer
INV16000629,B016,B016-C1026,Chemicals Client 026,Chemicals & Plastics,60,118570.05,2026-02-28,2026-04-29,closed,2026-06-04,96,36,False,False,chronic_late_payer
INV16000630,B016,B016-C1026,Chemicals Client 026,Chemicals & Plastics,60,84088.9,2026-04-16,2026-06-15,closed,2026-07-02,77,17,False,False,chronic_late_payer
INV16000631,B016,B016-C1026,Chemicals Client 026,Chemicals & Plastics,60,53843.54,2026-06-12,2026-08-11,open,,,,False,False,chronic_late_payer
INV16000632,B016,B016-C1026,Chemicals Client 026,Chemicals & Plastics,60,44779.46,2026-07-07,2026-09-05,open,,,,False,False,chronic_late_payer
INV16000633,B016,B016-C1026,Chemicals Client 026,Chemicals & Plastics,60,50898.6,2026-07-19,2026-09-17,open,,,,False,False,chronic_late_payer
INV16000634,B016,B016-C1027,Pharma Client 027,Pharma & Healthcare,30,41925.57,2024-03-17,2024-04-16,closed,2024-04-23,37,7,False,False,average_payer
INV16000635,B016,B016-C1027,Pharma Client 027,Pharma & Healthcare,30,25420.03,2024-04-05,2024-05-05,closed,2024-04-30,25,-5,False,False,average_payer
INV16000636,B016,B016-C1027,Pharma Client 027,Pharma & Healthcare,30,35688.41,2024-04-15,2024-05-15,closed,2024-05-11,26,-4,False,False,average_payer
INV16000637,B016,B016-C1027,Pharma Client 027,Pharma & Healthcare,30,35861.61,2024-04-24,2024-05-24,closed,2024-05-30,36,6,False,False,average_payer
INV16000638,B016,B016-C1027,Pharma Client 027,Pharma & Healthcare,30,35480.66,2024-05-17,2024-06-16,closed,2024-06-15,29,-1,False,False,average_payer
INV16000639,B016,B016-C1027,Pharma Client 027,Pharma & Healthcare,30,29934.02,2024-05-17,2024-06-16,closed,2024-06-15,29,-1,False,False,average_payer
INV16000640,B016,B016-C1027,Pharma Client 027,Pharma & Healthcare,30,27161.4,2024-05-22,2024-06-21,closed,2024-07-03,42,12,False,False,average_payer
INV16000641,B016,B016-C1027,Pharma Client 027,Pharma & Healthcare,30,33590.82,2024-05-28,2024-06-27,closed,2024-07-02,35,5,False,False,average_payer
INV16000642,B016,B016-C1027,Pharma Client 027,Pharma & Healthcare,30,33042.64,2024-06-08,2024-07-08,closed,2024-07-19,41,11,False,False,average_payer
INV16000643,B016,B016-C1027,Pharma Client 027,Pharma & Healthcare,30,43343.29,2024-08-10,2024-09-09,closed,2024-09-21,42,12,False,False,average_payer
INV16000644,B016,B016-C1027,Pharma Client 027,Pharma & Healthcare,30,38949.04,2024-08-21,2024-09-20,closed,2024-09-25,35,5,False,False,average_payer
INV16000645,B016,B016-C1027,Pharma Client 027,Pharma & Healthcare,30,20328.3,2024-09-03,2024-10-03,closed,2024-10-13,40,10,False,False,average_payer
INV16000646,B016,B016-C1027,Pharma Client 027,Pharma & Healthcare,30,32492.35,2024-10-01,2024-10-31,closed,2024-11-09,39,9,False,False,average_payer
INV16000647,B016,B016-C1027,Pharma Client 027,Pharma & Healthcare,30,27126.92,2024-10-04,2024-11-03,closed,2024-11-07,34,4,False,False,average_payer
INV16000648,B016,B016-C1027,Pharma Client 027,Pharma & Healthcare,30,21906.15,2024-10-16,2024-11-15,closed,2024-11-25,40,10,False,False,average_payer
INV16000649,B016,B016-C1027,Pharma Client 027,Pharma & Healthcare,30,27236.45,2024-10-22,2024-11-21,closed,2024-11-26,35,5,False,False,average_payer
INV16000650,B016,B016-C1027,Pharma Client 027,Pharma & Healthcare,30,37729.0,2024-11-30,2024-12-30,closed,2025-01-01,32,2,False,False,average_payer
INV16000651,B016,B016-C1027,Pharma Client 027,Pharma & Healthcare,30,91131.07,2024-12-08,2025-01-07,closed,2025-01-22,45,15,False,True,average_payer
INV16000652,B016,B016-C1027,Pharma Client 027,Pharma & Healthcare,30,49933.59,2025-02-09,2025-03-11,closed,2025-03-22,41,11,False,False,average_payer
INV16000653,B016,B016-C1027,Pharma Client 027,Pharma & Healthcare,30,44363.32,2025-02-26,2025-03-28,closed,2025-04-02,35,5,False,False,average_payer
INV16000654,B016,B016-C1027,Pharma Client 027,Pharma & Healthcare,30,81161.79,2025-04-28,2025-05-28,closed,2025-05-31,33,3,False,False,average_payer
INV16000655,B016,B016-C1027,Pharma Client 027,Pharma & Healthcare,30,24105.74,2025-05-23,2025-06-22,closed,2025-07-05,43,13,False,False,average_payer
INV16000656,B016,B016-C1027,Pharma Client 027,Pharma & Healthcare,30,38027.14,2025-06-28,2025-07-28,closed,2025-07-30,32,2,False,False,average_payer
INV16000657,B016,B016-C1027,Pharma Client 027,Pharma & Healthcare,30,34654.78,2025-07-05,2025-08-04,closed,2025-08-05,31,1,False,False,average_payer
INV16000658,B016,B016-C1027,Pharma Client 027,Pharma & Healthcare,30,38739.65,2025-08-29,2025-09-28,closed,2025-10-01,33,3,False,False,average_payer
INV16000659,B016,B016-C1027,Pharma Client 027,Pharma & Healthcare,30,50867.39,2025-08-31,2025-09-30,closed,2025-10-15,45,15,False,False,average_payer
INV16000660,B016,B016-C1027,Pharma Client 027,Pharma & Healthcare,30,33233.07,2025-10-26,2025-11-25,closed,2025-11-13,18,-12,False,False,average_payer
INV16000661,B016,B016-C1027,Pharma Client 027,Pharma & Healthcare,30,27580.1,2025-11-28,2025-12-28,closed,2025-12-30,32,2,False,False,average_payer
INV16000662,B016,B016-C1027,Pharma Client 027,Pharma & Healthcare,30,23456.25,2025-12-05,2026-01-04,closed,2026-01-06,32,2,False,False,average_payer
INV16000663,B016,B016-C1027,Pharma Client 027,Pharma & Healthcare,30,38273.05,2025-12-31,2026-01-30,closed,2026-01-23,23,-7,False,False,average_payer
INV16000664,B016,B016-C1027,Pharma Client 027,Pharma & Healthcare,30,29303.54,2026-02-13,2026-03-15,closed,2026-03-17,32,2,False,False,average_payer
INV16000665,B016,B016-C1027,Pharma Client 027,Pharma & Healthcare,30,55402.64,2026-03-09,2026-04-08,closed,2026-04-12,34,4,False,False,average_payer
INV16000666,B016,B016-C1027,Pharma Client 027,Pharma & Healthcare,30,25763.21,2026-05-05,2026-06-04,closed,2026-06-08,34,4,False,False,average_payer
INV16000667,B016,B016-C1027,Pharma Client 027,Pharma & Healthcare,30,29484.62,2026-05-09,2026-06-08,closed,2026-06-06,28,-2,False,False,average_payer
INV16000668,B016,B016-C1027,Pharma Client 027,Pharma & Healthcare,30,177315.7,2026-05-25,2026-06-24,closed,2026-06-25,31,1,False,True,average_payer
INV16000669,B016,B016-C1027,Pharma Client 027,Pharma & Healthcare,30,241909.1,2026-06-20,2026-07-20,closed,2026-07-14,24,-6,False,True,average_payer
INV16000670,B016,B016-C1027,Pharma Client 027,Pharma & Healthcare,30,60315.98,2026-06-20,2026-07-20,closed,2026-07-22,32,2,False,False,average_payer
INV16000671,B016,B016-C1028,Chemicals Client 028,Chemicals & Plastics,45,169198.15,2024-04-18,2024-06-02,closed,2024-05-30,42,-3,False,False,prompt_payer
INV16000672,B016,B016-C1028,Chemicals Client 028,Chemicals & Plastics,45,110385.52,2024-06-07,2024-07-22,closed,2024-07-19,42,-3,False,False,prompt_payer
INV16000673,B016,B016-C1028,Chemicals Client 028,Chemicals & Plastics,45,120973.94,2024-09-27,2024-11-11,closed,2024-11-10,44,-1,True,False,prompt_payer
INV16000674,B016,B016-C1028,Chemicals Client 028,Chemicals & Plastics,45,415602.49,2024-11-07,2024-12-22,closed,2024-12-21,44,-1,False,False,prompt_payer
INV16000675,B016,B016-C1028,Chemicals Client 028,Chemicals & Plastics,45,113999.61,2024-12-24,2025-02-07,closed,2025-02-04,42,-3,False,False,prompt_payer
INV16000676,B016,B016-C1028,Chemicals Client 028,Chemicals & Plastics,45,95585.11,2025-01-15,2025-03-01,closed,2025-03-02,46,1,False,False,prompt_payer
INV16000677,B016,B016-C1028,Chemicals Client 028,Chemicals & Plastics,45,115883.78,2025-01-27,2025-03-13,closed,2025-03-17,49,4,True,False,prompt_payer
INV16000678,B016,B016-C1028,Chemicals Client 028,Chemicals & Plastics,45,142806.13,2025-02-13,2025-03-30,closed,2025-04-01,47,2,True,False,prompt_payer
INV16000679,B016,B016-C1028,Chemicals Client 028,Chemicals & Plastics,45,115276.24,2025-03-22,2025-05-06,closed,2025-05-06,45,0,False,False,prompt_payer
INV16000680,B016,B016-C1028,Chemicals Client 028,Chemicals & Plastics,45,80450.37,2025-05-06,2025-06-20,closed,2025-06-26,51,6,False,False,prompt_payer
INV16000681,B016,B016-C1028,Chemicals Client 028,Chemicals & Plastics,45,88648.48,2025-05-09,2025-06-23,closed,2025-06-20,42,-3,False,False,prompt_payer
INV16000682,B016,B016-C1028,Chemicals Client 028,Chemicals & Plastics,45,208327.34,2025-07-06,2025-08-20,closed,2025-08-18,43,-2,False,False,prompt_payer
INV16000683,B016,B016-C1028,Chemicals Client 028,Chemicals & Plastics,45,159737.27,2025-08-15,2025-09-29,closed,2025-09-29,45,0,False,False,prompt_payer
INV16000684,B016,B016-C1028,Chemicals Client 028,Chemicals & Plastics,45,227278.23,2025-11-03,2025-12-18,closed,2025-12-12,39,-6,False,False,prompt_payer
INV16000685,B016,B016-C1028,Chemicals Client 028,Chemicals & Plastics,45,148704.4,2025-12-25,2026-02-08,closed,2026-02-16,53,8,False,False,prompt_payer
INV16000686,B016,B016-C1028,Chemicals Client 028,Chemicals & Plastics,45,176019.47,2026-06-30,2026-08-14,closed,2026-08-16,47,2,False,False,prompt_payer
INV16000687,B016,B016-C1028,Chemicals Client 028,Chemicals & Plastics,45,162899.92,2026-08-12,2026-09-26,disputed_open,,,,False,False,prompt_payer
INV16000688,B016,B016-C1028,Chemicals Client 028,Chemicals & Plastics,45,181059.35,2026-08-29,2026-10-13,open,,,,False,False,prompt_payer
INV16000689,B016,B016-C1029,Pharma Client 029,Pharma & Healthcare,45,216102.85,2024-04-21,2024-06-05,closed,2024-06-10,50,5,False,False,average_payer
INV16000690,B016,B016-C1029,Pharma Client 029,Pharma & Healthcare,45,193127.09,2024-04-26,2024-06-10,closed,2024-06-14,49,4,False,False,average_payer
INV16000691,B016,B016-C1029,Pharma Client 029,Pharma & Healthcare,45,167993.73,2024-06-12,2024-07-27,closed,2024-08-02,51,6,False,False,average_payer
INV16000692,B016,B016-C1029,Pharma Client 029,Pharma & Healthcare,45,281813.52,2024-07-09,2024-08-23,closed,2024-08-27,49,4,False,False,average_payer
INV16000693,B016,B016-C1029,Pharma Client 029,Pharma & Healthcare,45,220551.26,2024-08-04,2024-09-18,closed,2024-09-24,51,6,False,False,average_payer
INV16000694,B016,B016-C1029,Pharma Client 029,Pharma & Healthcare,45,251444.39,2024-09-10,2024-10-25,closed,2024-10-30,50,5,False,False,average_payer
INV16000695,B016,B016-C1029,Pharma Client 029,Pharma & Healthcare,45,134557.25,2024-11-21,2025-01-05,closed,2025-01-09,49,4,False,False,average_payer
INV16000696,B016,B016-C1029,Pharma Client 029,Pharma & Healthcare,45,166301.09,2024-11-26,2025-01-10,closed,2025-01-08,43,-2,False,False,average_payer
INV16000697,B016,B016-C1029,Pharma Client 029,Pharma & Healthcare,45,292056.85,2024-12-17,2025-01-31,closed,2025-01-30,44,-1,False,False,average_payer
INV16000698,B016,B016-C1029,Pharma Client 029,Pharma & Healthcare,45,149763.56,2025-02-08,2025-03-25,closed,2025-03-28,48,3,False,False,average_payer
INV16000699,B016,B016-C1029,Pharma Client 029,Pharma & Healthcare,45,286407.73,2025-03-19,2025-05-03,closed,2025-05-21,63,18,False,False,average_payer
INV16000700,B016,B016-C1029,Pharma Client 029,Pharma & Healthcare,45,197205.95,2025-05-17,2025-07-01,closed,2025-07-16,60,15,False,False,average_payer
INV16000701,B016,B016-C1029,Pharma Client 029,Pharma & Healthcare,45,180494.73,2025-05-22,2025-07-06,closed,2025-07-13,52,7,False,False,average_payer
INV16000702,B016,B016-C1029,Pharma Client 029,Pharma & Healthcare,45,382287.82,2025-05-31,2025-07-15,closed,2025-07-25,55,10,False,False,average_payer
INV16000703,B016,B016-C1029,Pharma Client 029,Pharma & Healthcare,45,164770.88,2025-06-13,2025-07-28,closed,2025-07-29,46,1,True,False,average_payer
INV16000704,B016,B016-C1029,Pharma Client 029,Pharma & Healthcare,45,304749.11,2025-06-19,2025-08-03,closed,2025-08-06,48,3,False,False,average_payer
INV16000705,B016,B016-C1029,Pharma Client 029,Pharma & Healthcare,45,247145.41,2025-07-06,2025-08-20,closed,2025-08-25,50,5,False,False,average_payer
INV16000706,B016,B016-C1029,Pharma Client 029,Pharma & Healthcare,45,256006.16,2025-07-14,2025-08-28,closed,2025-09-01,49,4,False,False,average_payer
INV16000707,B016,B016-C1029,Pharma Client 029,Pharma & Healthcare,45,201569.5,2025-08-09,2025-09-23,closed,2025-09-24,46,1,False,False,average_payer
INV16000708,B016,B016-C1029,Pharma Client 029,Pharma & Healthcare,45,215507.82,2025-10-08,2025-11-22,closed,2025-11-27,50,5,False,False,average_payer
INV16000709,B016,B016-C1029,Pharma Client 029,Pharma & Healthcare,45,319098.06,2025-11-21,2026-01-05,closed,2026-01-06,46,1,False,False,average_payer
INV16000710,B016,B016-C1029,Pharma Client 029,Pharma & Healthcare,45,108268.27,2025-11-21,2026-01-05,closed,2026-01-15,55,10,False,False,average_payer
INV16000711,B016,B016-C1029,Pharma Client 029,Pharma & Healthcare,45,303462.37,2025-12-07,2026-01-21,closed,2026-02-10,65,20,False,False,average_payer
INV16000712,B016,B016-C1029,Pharma Client 029,Pharma & Healthcare,45,261007.88,2025-12-17,2026-01-31,closed,2026-02-08,53,8,False,False,average_payer
INV16000713,B016,B016-C1029,Pharma Client 029,Pharma & Healthcare,45,156293.69,2025-12-18,2026-02-01,closed,2026-02-15,59,14,False,False,average_payer
INV16000714,B016,B016-C1029,Pharma Client 029,Pharma & Healthcare,45,226975.37,2026-01-15,2026-03-01,closed,2026-03-08,52,7,False,False,average_payer
INV16000715,B016,B016-C1029,Pharma Client 029,Pharma & Healthcare,45,190656.9,2026-01-23,2026-03-09,closed,2026-03-13,49,4,False,False,average_payer
INV16000716,B016,B016-C1029,Pharma Client 029,Pharma & Healthcare,45,278464.51,2026-02-20,2026-04-06,closed,2026-04-24,63,18,False,False,average_payer
INV16000717,B016,B016-C1029,Pharma Client 029,Pharma & Healthcare,45,279258.32,2026-03-25,2026-05-09,closed,2026-05-17,53,8,False,False,average_payer
INV16000718,B016,B016-C1029,Pharma Client 029,Pharma & Healthcare,45,269391.28,2026-04-10,2026-05-25,closed,2026-06-05,56,11,False,False,average_payer
INV16000719,B016,B016-C1029,Pharma Client 029,Pharma & Healthcare,45,174846.86,2026-04-19,2026-06-03,closed,2026-06-14,56,11,False,False,average_payer
INV16000720,B016,B016-C1029,Pharma Client 029,Pharma & Healthcare,45,328071.38,2026-04-25,2026-06-09,open,,,,False,False,average_payer
INV16000721,B016,B016-C1029,Pharma Client 029,Pharma & Healthcare,45,158283.71,2026-05-19,2026-07-03,closed,2026-07-16,58,13,False,False,average_payer
INV16000722,B016,B016-C1029,Pharma Client 029,Pharma & Healthcare,45,248765.11,2026-06-05,2026-07-20,closed,2026-07-19,44,-1,False,False,average_payer
INV16000723,B016,B016-C1029,Pharma Client 029,Pharma & Healthcare,45,201533.46,2026-06-18,2026-08-02,closed,2026-08-09,52,7,False,False,average_payer
INV16000724,B016,B016-C1030,Electronics Client 030,Electronics & Electricals,45,112662.8,2024-03-20,2024-05-04,closed,2024-05-03,44,-1,False,False,prompt_payer
INV16000725,B016,B016-C1030,Electronics Client 030,Electronics & Electricals,45,176042.36,2024-06-04,2024-07-19,closed,2024-07-21,47,2,False,False,prompt_payer
INV16000726,B016,B016-C1030,Electronics Client 030,Electronics & Electricals,45,366901.09,2024-07-09,2024-08-23,closed,2024-08-21,43,-2,False,False,prompt_payer
INV16000727,B016,B016-C1030,Electronics Client 030,Electronics & Electricals,45,206145.01,2024-07-13,2024-08-27,closed,2024-08-29,47,2,False,False,prompt_payer
INV16000728,B016,B016-C1030,Electronics Client 030,Electronics & Electricals,45,141244.3,2024-07-21,2024-09-04,closed,2024-09-10,51,6,False,False,prompt_payer
INV16000729,B016,B016-C1030,Electronics Client 030,Electronics & Electricals,45,186876.05,2024-08-23,2024-10-07,open,,,,False,False,prompt_payer
INV16000730,B016,B016-C1030,Electronics Client 030,Electronics & Electricals,45,187486.27,2024-09-19,2024-11-03,closed,2024-11-01,43,-2,False,False,prompt_payer
INV16000731,B016,B016-C1030,Electronics Client 030,Electronics & Electricals,45,230217.55,2024-10-08,2024-11-22,closed,2024-11-20,43,-2,False,False,prompt_payer
INV16000732,B016,B016-C1030,Electronics Client 030,Electronics & Electricals,45,218968.86,2024-10-18,2024-12-02,closed,2024-11-30,43,-2,True,False,prompt_payer
INV16000733,B016,B016-C1030,Electronics Client 030,Electronics & Electricals,45,107773.43,2024-12-30,2025-02-13,closed,2025-02-09,41,-4,False,False,prompt_payer
INV16000734,B016,B016-C1030,Electronics Client 030,Electronics & Electricals,45,313389.94,2025-01-03,2025-02-17,closed,2025-02-16,44,-1,False,False,prompt_payer
INV16000735,B016,B016-C1030,Electronics Client 030,Electronics & Electricals,45,182570.8,2025-01-10,2025-02-24,closed,2025-03-03,52,7,False,False,prompt_payer
INV16000736,B016,B016-C1030,Electronics Client 030,Electronics & Electricals,45,186552.1,2025-02-14,2025-03-31,closed,2025-03-26,40,-5,False,False,prompt_payer
INV16000737,B016,B016-C1030,Electronics Client 030,Electronics & Electricals,45,280622.7,2025-02-15,2025-04-01,closed,2025-04-13,57,12,False,False,prompt_payer
INV16000738,B016,B016-C1030,Electronics Client 030,Electronics & Electricals,45,269230.23,2025-02-19,2025-04-05,closed,2025-04-07,47,2,False,False,prompt_payer
INV16000739,B016,B016-C1030,Electronics Client 030,Electronics & Electricals,45,169680.71,2025-02-26,2025-04-12,closed,2025-04-12,45,0,False,False,prompt_payer
INV16000740,B016,B016-C1030,Electronics Client 030,Electronics & Electricals,45,273950.67,2025-03-08,2025-04-22,closed,2025-04-23,46,1,False,False,prompt_payer
INV16000741,B016,B016-C1030,Electronics Client 030,Electronics & Electricals,45,222070.21,2025-03-28,2025-05-12,closed,2025-05-14,47,2,False,False,prompt_payer
INV16000742,B016,B016-C1030,Electronics Client 030,Electronics & Electricals,45,125995.18,2025-05-15,2025-06-29,closed,2025-06-28,44,-1,False,False,prompt_payer
INV16000743,B016,B016-C1030,Electronics Client 030,Electronics & Electricals,45,294922.63,2025-06-02,2025-07-17,closed,2025-07-14,42,-3,False,False,prompt_payer
INV16000744,B016,B016-C1030,Electronics Client 030,Electronics & Electricals,45,243234.18,2025-06-06,2025-07-21,closed,2025-07-21,45,0,False,False,prompt_payer
INV16000745,B016,B016-C1030,Electronics Client 030,Electronics & Electricals,45,231801.92,2025-06-17,2025-08-01,closed,2025-07-24,37,-8,False,False,prompt_payer
INV16000746,B016,B016-C1030,Electronics Client 030,Electronics & Electricals,45,223298.85,2025-06-19,2025-08-03,closed,2025-08-06,48,3,False,False,prompt_payer
INV16000747,B016,B016-C1030,Electronics Client 030,Electronics & Electricals,45,265629.55,2025-06-25,2025-08-09,closed,2025-08-13,49,4,False,False,prompt_payer
INV16000748,B016,B016-C1030,Electronics Client 030,Electronics & Electricals,45,820227.47,2025-06-30,2025-08-14,closed,2025-08-11,42,-3,False,True,prompt_payer
INV16000749,B016,B016-C1030,Electronics Client 030,Electronics & Electricals,45,199597.75,2025-06-30,2025-08-14,closed,2025-08-08,39,-6,False,False,prompt_payer
INV16000750,B016,B016-C1030,Electronics Client 030,Electronics & Electricals,45,198768.63,2025-07-11,2025-08-25,open,,,,False,False,prompt_payer
INV16000751,B016,B016-C1030,Electronics Client 030,Electronics & Electricals,45,133281.14,2025-08-07,2025-09-21,closed,2025-09-20,44,-1,False,False,prompt_payer
INV16000752,B016,B016-C1030,Electronics Client 030,Electronics & Electricals,45,164058.48,2025-09-07,2025-10-22,closed,2025-10-19,42,-3,False,False,prompt_payer
INV16000753,B016,B016-C1030,Electronics Client 030,Electronics & Electricals,45,215273.48,2025-09-24,2025-11-08,closed,2025-11-10,47,2,False,False,prompt_payer
INV16000754,B016,B016-C1030,Electronics Client 030,Electronics & Electricals,45,242576.68,2025-09-30,2025-11-14,closed,2025-11-16,47,2,False,False,prompt_payer
INV16000755,B016,B016-C1030,Electronics Client 030,Electronics & Electricals,45,264103.39,2025-10-02,2025-11-16,closed,2025-11-18,47,2,False,False,prompt_payer
INV16000756,B016,B016-C1030,Electronics Client 030,Electronics & Electricals,45,279775.18,2025-12-04,2026-01-18,closed,2026-01-19,46,1,False,False,prompt_payer
INV16000757,B016,B016-C1030,Electronics Client 030,Electronics & Electricals,45,134168.89,2026-03-19,2026-05-03,closed,2026-05-04,46,1,False,False,prompt_payer
INV16000758,B016,B016-C1030,Electronics Client 030,Electronics & Electricals,45,301104.42,2026-03-24,2026-05-08,closed,2026-05-06,43,-2,False,False,prompt_payer
INV16000759,B016,B016-C1030,Electronics Client 030,Electronics & Electricals,45,172849.97,2026-04-30,2026-06-14,closed,2026-06-13,44,-1,False,False,prompt_payer
INV16000760,B016,B016-C1030,Electronics Client 030,Electronics & Electricals,45,186006.15,2026-05-09,2026-06-23,closed,2026-06-27,49,4,False,False,prompt_payer
INV16000761,B016,B016-C1030,Electronics Client 030,Electronics & Electricals,45,180841.41,2026-06-13,2026-07-28,closed,2026-08-04,52,7,False,False,prompt_payer
INV16000762,B016,B016-C1030,Electronics Client 030,Electronics & Electricals,45,220033.96,2026-06-14,2026-07-29,closed,2026-07-22,38,-7,False,False,prompt_payer
INV16000763,B016,B016-C1030,Electronics Client 030,Electronics & Electricals,45,139462.16,2026-06-21,2026-08-05,closed,2026-08-07,47,2,False,False,prompt_payer
INV16000764,B016,B016-C1030,Electronics Client 030,Electronics & Electricals,45,236824.63,2026-07-05,2026-08-19,closed,2026-08-15,41,-4,False,False,prompt_payer
INV16000765,B016,B016-C1030,Electronics Client 030,Electronics & Electricals,45,217874.66,2026-07-18,2026-09-01,closed,2026-08-31,44,-1,False,False,prompt_payer
INV16000766,B016,B016-C1030,Electronics Client 030,Electronics & Electricals,45,259663.47,2026-08-09,2026-09-23,open,,,,False,False,prompt_payer
INV16000767,B016,B016-C1031,Auto Client 031,Auto Components,15,147925.26,2024-05-03,2024-05-18,closed,2024-05-31,28,13,False,False,seasonal_payer
INV16000768,B016,B016-C1031,Auto Client 031,Auto Components,15,153247.07,2024-05-04,2024-05-19,closed,2024-06-02,29,14,False,False,seasonal_payer
INV16000769,B016,B016-C1031,Auto Client 031,Auto Components,15,137744.47,2024-05-10,2024-05-25,closed,2024-05-30,20,5,False,False,seasonal_payer
INV16000770,B016,B016-C1031,Auto Client 031,Auto Components,15,87712.8,2024-05-25,2024-06-09,closed,2024-06-20,26,11,False,False,seasonal_payer
INV16000771,B016,B016-C1031,Auto Client 031,Auto Components,15,140506.06,2024-06-29,2024-07-14,closed,2024-07-26,27,12,False,False,seasonal_payer
INV16000772,B016,B016-C1031,Auto Client 031,Auto Components,15,325311.9,2024-07-09,2024-07-24,closed,2024-07-19,10,-5,False,False,seasonal_payer
INV16000773,B016,B016-C1031,Auto Client 031,Auto Components,15,112575.1,2024-08-31,2024-09-15,closed,2024-09-20,20,5,False,False,seasonal_payer
INV16000774,B016,B016-C1031,Auto Client 031,Auto Components,15,209800.28,2024-09-18,2024-10-03,closed,2024-09-29,11,-4,False,False,seasonal_payer
INV16000775,B016,B016-C1031,Auto Client 031,Auto Components,15,157085.69,2024-10-04,2024-10-19,closed,2024-10-24,20,5,False,False,seasonal_payer
INV16000776,B016,B016-C1031,Auto Client 031,Auto Components,15,159701.23,2024-10-22,2024-11-06,closed,2024-11-16,25,10,False,False,seasonal_payer
INV16000777,B016,B016-C1031,Auto Client 031,Auto Components,15,164476.05,2024-11-04,2024-11-19,closed,2024-11-17,13,-2,False,False,seasonal_payer
INV16000778,B016,B016-C1031,Auto Client 031,Auto Components,15,143013.1,2024-11-06,2024-11-21,closed,2024-12-05,29,14,False,False,seasonal_payer
INV16000779,B016,B016-C1031,Auto Client 031,Auto Components,15,165521.93,2024-11-11,2024-11-26,closed,2024-11-28,17,2,False,False,seasonal_payer
INV16000780,B016,B016-C1031,Auto Client 031,Auto Components,15,83992.87,2024-11-19,2024-12-04,closed,2024-12-16,27,12,False,False,seasonal_payer
INV16000781,B016,B016-C1031,Auto Client 031,Auto Components,15,177612.26,2024-12-11,2024-12-26,closed,2024-12-31,20,5,False,False,seasonal_payer
INV16000782,B016,B016-C1031,Auto Client 031,Auto Components,15,133758.44,2024-12-12,2024-12-27,disputed_open,,,,False,False,seasonal_payer
INV16000783,B016,B016-C1031,Auto Client 031,Auto Components,15,160991.84,2024-12-30,2025-01-14,closed,2025-01-22,23,8,False,False,seasonal_payer
INV16000784,B016,B016-C1031,Auto Client 031,Auto Components,15,158282.47,2025-01-03,2025-01-18,closed,2025-01-27,24,9,False,False,seasonal_payer
INV16000785,B016,B016-C1031,Auto Client 031,Auto Components,15,140958.77,2025-01-15,2025-01-30,closed,2025-02-04,20,5,False,False,seasonal_payer
INV16000786,B016,B016-C1031,Auto Client 031,Auto Components,15,101168.47,2025-02-04,2025-02-19,closed,2025-02-26,22,7,False,False,seasonal_payer
INV16000787,B016,B016-C1031,Auto Client 031,Auto Components,15,133240.47,2025-02-07,2025-02-22,closed,2025-03-06,27,12,False,False,seasonal_payer
INV16000788,B016,B016-C1031,Auto Client 031,Auto Components,15,168759.9,2025-02-12,2025-02-27,closed,2025-03-20,36,21,False,False,seasonal_payer
INV16000789,B016,B016-C1031,Auto Client 031,Auto Components,15,208336.2,2025-03-19,2025-04-03,closed,2025-04-08,20,5,False,False,seasonal_payer
INV16000790,B016,B016-C1031,Auto Client 031,Auto Components,15,138025.89,2025-05-04,2025-05-19,closed,2025-05-27,23,8,False,False,seasonal_payer
INV16000791,B016,B016-C1031,Auto Client 031,Auto Components,15,103937.88,2025-08-22,2025-09-06,closed,2025-08-30,8,-7,False,False,seasonal_payer
INV16000792,B016,B016-C1031,Auto Client 031,Auto Components,15,56068.98,2025-09-22,2025-10-07,closed,2025-10-07,15,0,False,False,seasonal_payer
INV16000793,B016,B016-C1031,Auto Client 031,Auto Components,15,80798.6,2025-09-26,2025-10-11,closed,2025-10-18,22,7,False,False,seasonal_payer
INV16000794,B016,B016-C1031,Auto Client 031,Auto Components,15,101616.75,2025-09-30,2025-10-15,closed,2025-10-15,15,0,True,False,seasonal_payer
INV16000795,B016,B016-C1031,Auto Client 031,Auto Components,15,107866.27,2025-10-13,2025-10-28,closed,2025-10-29,16,1,False,False,seasonal_payer
INV16000796,B016,B016-C1031,Auto Client 031,Auto Components,15,107597.21,2025-11-09,2025-11-24,closed,2025-11-21,12,-3,False,False,seasonal_payer
INV16000797,B016,B016-C1031,Auto Client 031,Auto Components,15,130920.62,2025-11-10,2025-11-25,closed,2025-11-30,20,5,False,False,seasonal_payer
INV16000798,B016,B016-C1031,Auto Client 031,Auto Components,15,160507.47,2025-11-13,2025-11-28,closed,2025-11-25,12,-3,False,False,seasonal_payer
INV16000799,B016,B016-C1031,Auto Client 031,Auto Components,15,78964.21,2025-11-22,2025-12-07,closed,2025-12-08,16,1,False,False,seasonal_payer
INV16000800,B016,B016-C1031,Auto Client 031,Auto Components,15,143307.84,2025-11-27,2025-12-12,closed,2025-12-16,19,4,False,False,seasonal_payer
INV16000801,B016,B016-C1031,Auto Client 031,Auto Components,15,147765.42,2025-12-13,2025-12-28,closed,2026-01-05,23,8,False,False,seasonal_payer
INV16000802,B016,B016-C1031,Auto Client 031,Auto Components,15,87738.44,2026-01-12,2026-01-27,closed,2026-02-12,31,16,False,False,seasonal_payer
INV16000803,B016,B016-C1031,Auto Client 031,Auto Components,15,193784.29,2026-01-26,2026-02-10,closed,2026-02-19,24,9,False,False,seasonal_payer
INV16000804,B016,B016-C1031,Auto Client 031,Auto Components,15,83093.7,2026-02-09,2026-02-24,closed,2026-03-03,22,7,False,False,seasonal_payer
INV16000805,B016,B016-C1031,Auto Client 031,Auto Components,15,230619.4,2026-02-15,2026-03-02,closed,2026-03-19,32,17,False,False,seasonal_payer
INV16000806,B016,B016-C1031,Auto Client 031,Auto Components,15,279659.54,2026-02-18,2026-03-05,closed,2026-03-21,31,16,False,False,seasonal_payer
INV16000807,B016,B016-C1031,Auto Client 031,Auto Components,15,145618.65,2026-04-15,2026-04-30,closed,2026-05-08,23,8,False,False,seasonal_payer
INV16000808,B016,B016-C1031,Auto Client 031,Auto Components,15,172781.31,2026-04-19,2026-05-04,closed,2026-05-16,27,12,False,False,seasonal_payer
INV16000809,B016,B016-C1031,Auto Client 031,Auto Components,15,102429.5,2026-04-26,2026-05-11,closed,2026-05-19,23,8,True,False,seasonal_payer
INV16000810,B016,B016-C1031,Auto Client 031,Auto Components,15,163470.01,2026-05-25,2026-06-09,closed,2026-06-27,33,18,False,False,seasonal_payer
INV16000811,B016,B016-C1031,Auto Client 031,Auto Components,15,163167.52,2026-07-14,2026-07-29,closed,2026-07-30,16,1,False,False,seasonal_payer
INV16000812,B016,B016-C1031,Auto Client 031,Auto Components,15,115694.36,2026-07-17,2026-08-01,closed,2026-08-05,19,4,False,False,seasonal_payer
INV16000813,B016,B016-C1031,Auto Client 031,Auto Components,15,284320.29,2026-08-29,2026-09-13,open,,,,False,False,seasonal_payer
INV16000814,B016,B016-C1032,Pharma Client 032,Pharma & Healthcare,30,93282.35,2024-04-02,2024-05-02,closed,2024-06-01,60,30,False,False,chronic_late_payer
INV16000815,B016,B016-C1032,Pharma Client 032,Pharma & Healthcare,30,59248.45,2024-04-10,2024-05-10,closed,2024-06-13,64,34,False,False,chronic_late_payer
INV16000816,B016,B016-C1032,Pharma Client 032,Pharma & Healthcare,30,55757.66,2024-04-26,2024-05-26,closed,2024-06-28,63,33,False,False,chronic_late_payer
INV16000817,B016,B016-C1032,Pharma Client 032,Pharma & Healthcare,30,53508.93,2024-05-05,2024-06-04,closed,2024-07-21,77,47,False,False,chronic_late_payer
INV16000818,B016,B016-C1032,Pharma Client 032,Pharma & Healthcare,30,53915.28,2024-06-01,2024-07-01,closed,2024-08-21,81,51,False,False,chronic_late_payer
INV16000819,B016,B016-C1032,Pharma Client 032,Pharma & Healthcare,30,51182.14,2024-06-23,2024-07-23,closed,2024-09-03,72,42,False,False,chronic_late_payer
INV16000820,B016,B016-C1032,Pharma Client 032,Pharma & Healthcare,30,51731.36,2024-07-08,2024-08-07,closed,2024-09-01,55,25,False,False,chronic_late_payer
INV16000821,B016,B016-C1032,Pharma Client 032,Pharma & Healthcare,30,49980.02,2024-07-11,2024-08-10,closed,2024-08-31,51,21,False,False,chronic_late_payer
INV16000822,B016,B016-C1032,Pharma Client 032,Pharma & Healthcare,30,69311.28,2024-08-07,2024-09-06,closed,2024-10-21,75,45,False,False,chronic_late_payer
INV16000823,B016,B016-C1032,Pharma Client 032,Pharma & Healthcare,30,71347.92,2024-08-08,2024-09-07,closed,2024-09-25,48,18,False,False,chronic_late_payer
INV16000824,B016,B016-C1032,Pharma Client 032,Pharma & Healthcare,30,63173.81,2024-08-30,2024-09-29,closed,2024-10-27,58,28,False,False,chronic_late_payer
INV16000825,B016,B016-C1032,Pharma Client 032,Pharma & Healthcare,30,82985.04,2024-10-27,2024-11-26,closed,2025-01-10,75,45,False,False,chronic_late_payer
INV16000826,B016,B016-C1032,Pharma Client 032,Pharma & Healthcare,30,67913.59,2024-11-10,2024-12-10,closed,2025-01-21,72,42,False,False,chronic_late_payer
INV16000827,B016,B016-C1032,Pharma Client 032,Pharma & Healthcare,30,68091.71,2024-11-15,2024-12-15,open,,,,False,False,chronic_late_payer
INV16000828,B016,B016-C1032,Pharma Client 032,Pharma & Healthcare,30,49574.54,2024-11-21,2024-12-21,closed,2025-01-18,58,28,False,False,chronic_late_payer
INV16000829,B016,B016-C1032,Pharma Client 032,Pharma & Healthcare,30,30226.81,2024-11-26,2024-12-26,closed,2025-01-15,50,20,False,False,chronic_late_payer
INV16000830,B016,B016-C1032,Pharma Client 032,Pharma & Healthcare,30,70485.93,2024-12-23,2025-01-22,closed,2025-02-12,51,21,False,False,chronic_late_payer
INV16000831,B016,B016-C1032,Pharma Client 032,Pharma & Healthcare,30,45385.71,2025-02-07,2025-03-09,closed,2025-04-09,61,31,False,False,chronic_late_payer
INV16000832,B016,B016-C1032,Pharma Client 032,Pharma & Healthcare,30,282097.64,2025-02-21,2025-03-23,closed,2025-04-10,48,18,False,True,chronic_late_payer
INV16000833,B016,B016-C1032,Pharma Client 032,Pharma & Healthcare,30,58405.26,2025-02-26,2025-03-28,closed,2025-05-07,70,40,False,False,chronic_late_payer
INV16000834,B016,B016-C1032,Pharma Client 032,Pharma & Healthcare,30,102468.57,2025-04-07,2025-05-07,closed,2025-06-10,64,34,False,False,chronic_late_payer
INV16000835,B016,B016-C1032,Pharma Client 032,Pharma & Healthcare,30,57624.82,2025-04-18,2025-05-18,closed,2025-06-01,44,14,False,False,chronic_late_payer
INV16000836,B016,B016-C1032,Pharma Client 032,Pharma & Healthcare,30,55519.04,2025-05-02,2025-06-01,closed,2025-07-08,67,37,True,False,chronic_late_payer
INV16000837,B016,B016-C1032,Pharma Client 032,Pharma & Healthcare,30,87043.25,2025-05-03,2025-06-02,closed,2025-07-09,67,37,False,False,chronic_late_payer
INV16000838,B016,B016-C1032,Pharma Client 032,Pharma & Healthcare,30,59088.91,2025-05-08,2025-06-07,closed,2025-07-16,69,39,False,False,chronic_late_payer
INV16000839,B016,B016-C1032,Pharma Client 032,Pharma & Healthcare,30,57857.31,2025-05-11,2025-06-10,closed,2025-07-20,70,40,False,False,chronic_late_payer
INV16000840,B016,B016-C1032,Pharma Client 032,Pharma & Healthcare,30,58531.17,2025-05-23,2025-06-22,closed,2025-08-13,82,52,False,False,chronic_late_payer
INV16000841,B016,B016-C1032,Pharma Client 032,Pharma & Healthcare,30,75995.96,2025-05-25,2025-06-24,closed,2025-07-27,63,33,False,False,chronic_late_payer
INV16000842,B016,B016-C1032,Pharma Client 032,Pharma & Healthcare,30,49056.26,2025-06-06,2025-07-06,closed,2025-08-03,58,28,False,False,chronic_late_payer
INV16000843,B016,B016-C1032,Pharma Client 032,Pharma & Healthcare,30,63885.23,2025-06-30,2025-07-30,closed,2025-09-09,71,41,False,False,chronic_late_payer
INV16000844,B016,B016-C1032,Pharma Client 032,Pharma & Healthcare,30,71796.06,2025-08-08,2025-09-07,closed,2025-09-24,47,17,False,False,chronic_late_payer
INV16000845,B016,B016-C1032,Pharma Client 032,Pharma & Healthcare,30,89728.85,2025-10-13,2025-11-12,closed,2025-12-15,63,33,False,False,chronic_late_payer
INV16000846,B016,B016-C1032,Pharma Client 032,Pharma & Healthcare,30,93642.19,2025-10-15,2025-11-14,closed,2026-01-06,83,53,False,False,chronic_late_payer
INV16000847,B016,B016-C1032,Pharma Client 032,Pharma & Healthcare,30,61426.89,2025-10-25,2025-11-24,closed,2026-01-03,70,40,False,False,chronic_late_payer
INV16000848,B016,B016-C1032,Pharma Client 032,Pharma & Healthcare,30,48736.84,2025-11-04,2025-12-04,closed,2026-01-06,63,33,False,False,chronic_late_payer
INV16000849,B016,B016-C1032,Pharma Client 032,Pharma & Healthcare,30,95453.06,2025-12-02,2026-01-01,closed,2026-02-12,72,42,False,False,chronic_late_payer
INV16000850,B016,B016-C1032,Pharma Client 032,Pharma & Healthcare,30,85573.5,2025-12-11,2026-01-10,closed,2026-01-24,44,14,False,False,chronic_late_payer
INV16000851,B016,B016-C1032,Pharma Client 032,Pharma & Healthcare,30,51468.3,2025-12-13,2026-01-12,closed,2026-02-05,54,24,False,False,chronic_late_payer
INV16000852,B016,B016-C1032,Pharma Client 032,Pharma & Healthcare,30,53831.78,2025-12-22,2026-01-21,closed,2026-03-03,71,41,False,False,chronic_late_payer
INV16000853,B016,B016-C1032,Pharma Client 032,Pharma & Healthcare,30,64557.55,2025-12-26,2026-01-25,closed,2026-02-11,47,17,False,False,chronic_late_payer
INV16000854,B016,B016-C1032,Pharma Client 032,Pharma & Healthcare,30,54047.92,2026-01-30,2026-03-01,closed,2026-03-27,56,26,False,False,chronic_late_payer
INV16000855,B016,B016-C1032,Pharma Client 032,Pharma & Healthcare,30,65189.49,2026-02-16,2026-03-18,closed,2026-04-28,71,41,False,False,chronic_late_payer
INV16000856,B016,B016-C1032,Pharma Client 032,Pharma & Healthcare,30,64253.7,2026-02-16,2026-03-18,closed,2026-04-19,62,32,False,False,chronic_late_payer
INV16000857,B016,B016-C1032,Pharma Client 032,Pharma & Healthcare,30,54507.83,2026-03-01,2026-03-31,disputed_open,,,,False,False,chronic_late_payer
INV16000858,B016,B016-C1032,Pharma Client 032,Pharma & Healthcare,30,73846.99,2026-03-08,2026-04-07,closed,2026-06-04,88,58,False,False,chronic_late_payer
INV16000859,B016,B016-C1032,Pharma Client 032,Pharma & Healthcare,30,68338.37,2026-03-24,2026-04-23,closed,2026-06-02,70,40,False,False,chronic_late_payer
INV16000860,B016,B016-C1032,Pharma Client 032,Pharma & Healthcare,30,56401.67,2026-04-04,2026-05-04,closed,2026-06-11,68,38,False,False,chronic_late_payer
INV16000861,B016,B016-C1032,Pharma Client 032,Pharma & Healthcare,30,95638.66,2026-04-12,2026-05-12,closed,2026-07-04,83,53,False,False,chronic_late_payer
INV16000862,B016,B016-C1032,Pharma Client 032,Pharma & Healthcare,30,57203.69,2026-04-15,2026-05-15,closed,2026-06-08,54,24,False,False,chronic_late_payer
INV16000863,B016,B016-C1032,Pharma Client 032,Pharma & Healthcare,30,53267.53,2026-05-29,2026-06-28,closed,2026-07-27,59,29,False,False,chronic_late_payer
INV16000864,B016,B016-C1032,Pharma Client 032,Pharma & Healthcare,30,71854.54,2026-06-05,2026-07-05,closed,2026-07-23,48,18,False,False,chronic_late_payer
INV16000865,B016,B016-C1032,Pharma Client 032,Pharma & Healthcare,30,44929.15,2026-07-25,2026-08-24,open,,,,False,False,chronic_late_payer
INV16000866,B016,B016-C1032,Pharma Client 032,Pharma & Healthcare,30,37558.48,2026-08-07,2026-09-06,disputed_open,,,,False,False,chronic_late_payer
INV16000867,B016,B016-C1032,Pharma Client 032,Pharma & Healthcare,30,60007.53,2026-08-18,2026-09-17,disputed_open,,,,False,False,chronic_late_payer
INV16000868,B016,B016-C1033,Construction Client 033,Construction & Infra,30,630443.85,2024-03-26,2024-04-25,closed,2024-05-12,47,17,False,False,seasonal_payer
INV16000869,B016,B016-C1033,Construction Client 033,Construction & Infra,30,664321.55,2024-07-14,2024-08-13,closed,2024-08-08,25,-5,False,False,seasonal_payer
INV16000870,B016,B016-C1033,Construction Client 033,Construction & Infra,30,1384762.91,2024-07-16,2024-08-15,closed,2024-08-18,33,3,False,False,seasonal_payer
INV16000871,B016,B016-C1033,Construction Client 033,Construction & Infra,30,926248.19,2024-08-06,2024-09-05,closed,2024-09-05,30,0,False,False,seasonal_payer
INV16000872,B016,B016-C1033,Construction Client 033,Construction & Infra,30,1069951.85,2024-08-28,2024-09-27,closed,2024-10-07,40,10,False,False,seasonal_payer
INV16000873,B016,B016-C1033,Construction Client 033,Construction & Infra,30,701864.65,2024-09-15,2024-10-15,closed,2024-10-13,28,-2,False,False,seasonal_payer
INV16000874,B016,B016-C1033,Construction Client 033,Construction & Infra,30,788080.92,2024-09-19,2024-10-19,closed,2024-10-19,30,0,False,False,seasonal_payer
INV16000875,B016,B016-C1033,Construction Client 033,Construction & Infra,30,657896.82,2024-09-30,2024-10-30,closed,2024-11-15,46,16,False,False,seasonal_payer
INV16000876,B016,B016-C1033,Construction Client 033,Construction & Infra,30,682300.5,2024-10-22,2024-11-21,closed,2024-11-28,37,7,False,False,seasonal_payer
INV16000877,B016,B016-C1033,Construction Client 033,Construction & Infra,30,640274.21,2024-11-12,2024-12-12,closed,2024-12-17,35,5,False,False,seasonal_payer
INV16000878,B016,B016-C1033,Construction Client 033,Construction & Infra,30,891758.76,2025-01-28,2025-02-27,closed,2025-03-21,52,22,False,False,seasonal_payer
INV16000879,B016,B016-C1033,Construction Client 033,Construction & Infra,30,883674.11,2025-02-02,2025-03-04,closed,2025-03-31,57,27,False,False,seasonal_payer
INV16000880,B016,B016-C1033,Construction Client 033,Construction & Infra,30,1065891.64,2025-03-10,2025-04-09,closed,2025-04-20,41,11,False,False,seasonal_payer
INV16000881,B016,B016-C1033,Construction Client 033,Construction & Infra,30,479025.16,2025-04-08,2025-05-08,closed,2025-05-20,42,12,False,False,seasonal_payer
INV16000882,B016,B016-C1033,Construction Client 033,Construction & Infra,30,1155925.86,2025-06-09,2025-07-09,closed,2025-07-13,34,4,False,False,seasonal_payer
INV16000883,B016,B016-C1033,Construction Client 033,Construction & Infra,30,1418364.38,2025-06-15,2025-07-15,closed,2025-07-27,42,12,False,False,seasonal_payer
INV16000884,B016,B016-C1033,Construction Client 033,Construction & Infra,30,804275.02,2025-07-19,2025-08-18,closed,2025-08-29,41,11,False,False,seasonal_payer
INV16000885,B016,B016-C1033,Construction Client 033,Construction & Infra,30,826894.01,2025-08-11,2025-09-10,closed,2025-09-14,34,4,False,False,seasonal_payer
INV16000886,B016,B016-C1033,Construction Client 033,Construction & Infra,30,746773.2,2025-08-14,2025-09-13,closed,2025-09-11,28,-2,False,False,seasonal_payer
INV16000887,B016,B016-C1033,Construction Client 033,Construction & Infra,30,473661.19,2025-09-16,2025-10-16,closed,2025-10-26,40,10,False,False,seasonal_payer
INV16000888,B016,B016-C1033,Construction Client 033,Construction & Infra,30,799589.93,2025-10-20,2025-11-19,closed,2025-12-04,45,15,False,False,seasonal_payer
INV16000889,B016,B016-C1033,Construction Client 033,Construction & Infra,30,675488.39,2025-11-02,2025-12-02,closed,2025-12-09,37,7,False,False,seasonal_payer
INV16000890,B016,B016-C1033,Construction Client 033,Construction & Infra,30,3134974.74,2025-11-30,2025-12-30,closed,2026-01-13,44,14,False,True,seasonal_payer
INV16000891,B016,B016-C1033,Construction Client 033,Construction & Infra,30,1008358.01,2025-12-04,2026-01-03,closed,2026-01-09,36,6,False,False,seasonal_payer
INV16000892,B016,B016-C1033,Construction Client 033,Construction & Infra,30,914867.79,2025-12-29,2026-01-28,closed,2026-02-21,54,24,False,False,seasonal_payer
INV16000893,B016,B016-C1033,Construction Client 033,Construction & Infra,30,754026.94,2025-12-30,2026-01-29,closed,2026-02-18,50,20,False,False,seasonal_payer
INV16000894,B016,B016-C1033,Construction Client 033,Construction & Infra,30,593785.36,2026-01-02,2026-02-01,closed,2026-02-14,43,13,False,False,seasonal_payer
INV16000895,B016,B016-C1033,Construction Client 033,Construction & Infra,30,829849.79,2026-01-27,2026-02-26,closed,2026-03-19,51,21,False,False,seasonal_payer
INV16000896,B016,B016-C1033,Construction Client 033,Construction & Infra,30,1014693.33,2026-02-27,2026-03-29,closed,2026-04-06,38,8,False,False,seasonal_payer
INV16000897,B016,B016-C1033,Construction Client 033,Construction & Infra,30,553878.71,2026-03-11,2026-04-10,closed,2026-04-22,42,12,False,False,seasonal_payer
INV16000898,B016,B016-C1033,Construction Client 033,Construction & Infra,30,1072217.5,2026-03-25,2026-04-24,closed,2026-05-07,43,13,True,False,seasonal_payer
INV16000899,B016,B016-C1033,Construction Client 033,Construction & Infra,30,1016801.71,2026-04-01,2026-05-01,closed,2026-05-07,36,6,False,False,seasonal_payer
INV16000900,B016,B016-C1033,Construction Client 033,Construction & Infra,30,4098344.61,2026-04-13,2026-05-13,closed,2026-05-13,30,0,False,True,seasonal_payer
INV16000901,B016,B016-C1033,Construction Client 033,Construction & Infra,30,545539.91,2026-04-17,2026-05-17,closed,2026-05-25,38,8,False,False,seasonal_payer
INV16000902,B016,B016-C1033,Construction Client 033,Construction & Infra,30,1248225.79,2026-05-22,2026-06-21,closed,2026-06-20,29,-1,False,False,seasonal_payer
INV16000903,B016,B016-C1033,Construction Client 033,Construction & Infra,30,4244466.11,2026-05-22,2026-06-21,closed,2026-07-04,43,13,False,True,seasonal_payer
INV16000904,B016,B016-C1033,Construction Client 033,Construction & Infra,30,2855852.99,2026-06-10,2026-07-10,closed,2026-07-13,33,3,False,True,seasonal_payer
INV16000905,B016,B016-C1033,Construction Client 033,Construction & Infra,30,773568.41,2026-08-10,2026-09-09,disputed_open,,,,False,False,seasonal_payer
INV16000906,B016,B016-C1033,Construction Client 033,Construction & Infra,30,813584.36,2026-08-18,2026-09-17,open,,,,False,False,seasonal_payer
INV16000907,B016,B016-C1034,Electronics Client 034,Electronics & Electricals,45,395093.36,2024-03-18,2024-05-02,closed,2024-04-26,39,-6,False,False,prompt_payer
INV16000908,B016,B016-C1034,Electronics Client 034,Electronics & Electricals,45,227914.99,2024-03-21,2024-05-05,closed,2024-05-09,49,4,False,False,prompt_payer
INV16000909,B016,B016-C1034,Electronics Client 034,Electronics & Electricals,45,243688.69,2024-03-22,2024-05-06,closed,2024-05-03,42,-3,False,False,prompt_payer
INV16000910,B016,B016-C1034,Electronics Client 034,Electronics & Electricals,45,241445.18,2024-03-31,2024-05-15,closed,2024-05-13,43,-2,False,False,prompt_payer
INV16000911,B016,B016-C1034,Electronics Client 034,Electronics & Electricals,45,418699.57,2024-04-11,2024-05-26,closed,2024-05-23,42,-3,False,False,prompt_payer
INV16000912,B016,B016-C1034,Electronics Client 034,Electronics & Electricals,45,1152652.17,2024-06-17,2024-08-01,closed,2024-07-26,39,-6,False,True,prompt_payer
INV16000913,B016,B016-C1034,Electronics Client 034,Electronics & Electricals,45,206673.72,2024-07-19,2024-09-02,closed,2024-09-02,45,0,False,False,prompt_payer
INV16000914,B016,B016-C1034,Electronics Client 034,Electronics & Electricals,45,462346.41,2024-08-09,2024-09-23,closed,2024-09-24,46,1,False,False,prompt_payer
INV16000915,B016,B016-C1034,Electronics Client 034,Electronics & Electricals,45,2023670.36,2024-09-01,2024-10-16,closed,2024-10-14,43,-2,True,True,prompt_payer
INV16000916,B016,B016-C1034,Electronics Client 034,Electronics & Electricals,45,250156.77,2024-11-15,2024-12-30,closed,2024-12-21,36,-9,False,False,prompt_payer
INV16000917,B016,B016-C1034,Electronics Client 034,Electronics & Electricals,45,346027.42,2024-12-10,2025-01-24,closed,2025-01-17,38,-7,False,False,prompt_payer
INV16000918,B016,B016-C1034,Electronics Client 034,Electronics & Electricals,45,448430.7,2025-05-06,2025-06-20,closed,2025-06-18,43,-2,False,False,prompt_payer
INV16000919,B016,B016-C1034,Electronics Client 034,Electronics & Electricals,45,350207.13,2025-06-01,2025-07-16,closed,2025-07-12,41,-4,False,False,prompt_payer
INV16000920,B016,B016-C1034,Electronics Client 034,Electronics & Electricals,45,1199995.78,2025-06-01,2025-07-16,closed,2025-07-18,47,2,False,True,prompt_payer
INV16000921,B016,B016-C1034,Electronics Client 034,Electronics & Electricals,45,500244.47,2025-07-03,2025-08-17,closed,2025-08-18,46,1,False,False,prompt_payer
INV16000922,B016,B016-C1034,Electronics Client 034,Electronics & Electricals,45,529591.64,2025-08-11,2025-09-25,closed,2025-09-18,38,-7,False,False,prompt_payer
INV16000923,B016,B016-C1034,Electronics Client 034,Electronics & Electricals,45,570440.28,2025-08-25,2025-10-09,closed,2025-10-10,46,1,False,False,prompt_payer
INV16000924,B016,B016-C1034,Electronics Client 034,Electronics & Electricals,45,559916.16,2025-09-08,2025-10-23,closed,2025-10-28,50,5,False,False,prompt_payer
INV16000925,B016,B016-C1034,Electronics Client 034,Electronics & Electricals,45,234141.27,2025-10-24,2025-12-08,closed,2025-12-04,41,-4,False,False,prompt_payer
INV16000926,B016,B016-C1034,Electronics Client 034,Electronics & Electricals,45,368609.13,2025-11-22,2026-01-06,closed,2026-01-10,49,4,False,False,prompt_payer
INV16000927,B016,B016-C1034,Electronics Client 034,Electronics & Electricals,45,428642.85,2025-12-03,2026-01-17,closed,2026-01-15,43,-2,False,False,prompt_payer
INV16000928,B016,B016-C1034,Electronics Client 034,Electronics & Electricals,45,310707.72,2025-12-09,2026-01-23,closed,2026-01-22,44,-1,False,False,prompt_payer
INV16000929,B016,B016-C1034,Electronics Client 034,Electronics & Electricals,45,375220.16,2026-02-08,2026-03-25,closed,2026-03-25,45,0,False,False,prompt_payer
INV16000930,B016,B016-C1034,Electronics Client 034,Electronics & Electricals,45,405861.54,2026-02-20,2026-04-06,closed,2026-04-07,46,1,False,False,prompt_payer
INV16000931,B016,B016-C1034,Electronics Client 034,Electronics & Electricals,45,426809.07,2026-03-07,2026-04-21,closed,2026-04-19,43,-2,False,False,prompt_payer
INV16000932,B016,B016-C1034,Electronics Client 034,Electronics & Electricals,45,265375.21,2026-03-18,2026-05-02,closed,2026-05-02,45,0,False,False,prompt_payer
INV16000933,B016,B016-C1034,Electronics Client 034,Electronics & Electricals,45,1556314.61,2026-03-19,2026-05-03,closed,2026-05-05,47,2,False,True,prompt_payer
INV16000934,B016,B016-C1034,Electronics Client 034,Electronics & Electricals,45,345278.34,2026-03-31,2026-05-15,closed,2026-05-23,53,8,True,False,prompt_payer
INV16000935,B016,B016-C1034,Electronics Client 034,Electronics & Electricals,45,230220.49,2026-05-30,2026-07-14,closed,2026-07-14,45,0,False,False,prompt_payer
INV16000936,B016,B016-C1034,Electronics Client 034,Electronics & Electricals,45,600049.73,2026-07-03,2026-08-17,closed,2026-08-16,44,-1,False,False,prompt_payer
INV16000937,B016,B016-C1034,Electronics Client 034,Electronics & Electricals,45,507138.3,2026-07-22,2026-09-05,closed,2026-09-01,41,-4,False,False,prompt_payer
INV16000938,B016,B016-C1034,Electronics Client 034,Electronics & Electricals,45,385711.9,2026-08-04,2026-09-18,open,,,,False,False,prompt_payer
INV16000939,B016,B016-C1034,Electronics Client 034,Electronics & Electricals,45,267668.6,2026-08-20,2026-10-04,open,,,,False,False,prompt_payer
INV16000940,B016,B016-C1035,Pharma Client 035,Pharma & Healthcare,45,96307.87,2024-03-28,2024-05-12,closed,2024-06-17,81,36,False,False,improving_payer
INV16000941,B016,B016-C1035,Pharma Client 035,Pharma & Healthcare,45,181151.97,2024-06-01,2024-07-16,closed,2024-08-16,76,31,False,False,improving_payer
INV16000942,B016,B016-C1035,Pharma Client 035,Pharma & Healthcare,45,110029.44,2024-06-07,2024-07-22,closed,2024-08-20,74,29,False,False,improving_payer
INV16000943,B016,B016-C1035,Pharma Client 035,Pharma & Healthcare,45,95153.34,2024-06-09,2024-07-24,closed,2024-08-16,68,23,False,False,improving_payer
INV16000944,B016,B016-C1035,Pharma Client 035,Pharma & Healthcare,45,106981.62,2024-06-18,2024-08-02,closed,2024-09-06,80,35,False,False,improving_payer
INV16000945,B016,B016-C1035,Pharma Client 035,Pharma & Healthcare,45,144944.1,2024-07-18,2024-09-01,closed,2024-10-07,81,36,False,False,improving_payer
INV16000946,B016,B016-C1035,Pharma Client 035,Pharma & Healthcare,45,153117.45,2024-08-23,2024-10-07,closed,2024-11-14,83,38,False,False,improving_payer
INV16000947,B016,B016-C1035,Pharma Client 035,Pharma & Healthcare,45,118444.37,2024-08-27,2024-10-11,closed,2024-11-05,70,25,False,False,improving_payer
INV16000948,B016,B016-C1035,Pharma Client 035,Pharma & Healthcare,45,165380.19,2024-10-17,2024-12-01,closed,2025-01-16,91,46,False,False,improving_payer
INV16000949,B016,B016-C1035,Pharma Client 035,Pharma & Healthcare,45,183196.25,2024-10-31,2024-12-15,closed,2025-01-15,76,31,False,True,improving_payer
INV16000950,B016,B016-C1035,Pharma Client 035,Pharma & Healthcare,45,165300.82,2024-11-07,2024-12-22,open,,,,False,False,improving_payer
INV16000951,B016,B016-C1035,Pharma Client 035,Pharma & Healthcare,45,137013.98,2024-11-17,2025-01-01,closed,2025-02-14,89,44,False,False,improving_payer
INV16000952,B016,B016-C1035,Pharma Client 035,Pharma & Healthcare,45,73566.71,2025-01-02,2025-02-16,closed,2025-03-25,82,37,False,False,improving_payer
INV16000953,B016,B016-C1035,Pharma Client 035,Pharma & Healthcare,45,226898.12,2025-03-14,2025-04-28,closed,2025-05-29,76,31,False,False,improving_payer
INV16000954,B016,B016-C1035,Pharma Client 035,Pharma & Healthcare,45,520036.48,2025-03-30,2025-05-14,closed,2025-06-14,76,31,False,True,improving_payer
INV16000955,B016,B016-C1035,Pharma Client 035,Pharma & Healthcare,45,137095.87,2025-04-10,2025-05-25,closed,2025-07-06,87,42,False,False,improving_payer
INV16000956,B016,B016-C1035,Pharma Client 035,Pharma & Healthcare,45,96708.38,2025-04-16,2025-05-31,closed,2025-06-25,70,25,False,False,improving_payer
INV16000957,B016,B016-C1035,Pharma Client 035,Pharma & Healthcare,45,160815.08,2025-04-26,2025-06-10,closed,2025-07-05,70,25,False,False,improving_payer
INV16000958,B016,B016-C1035,Pharma Client 035,Pharma & Healthcare,45,188668.62,2025-05-12,2025-06-26,closed,2025-07-15,64,19,False,False,improving_payer
INV16000959,B016,B016-C1035,Pharma Client 035,Pharma & Healthcare,45,89345.35,2025-07-08,2025-08-22,closed,2025-09-26,80,35,False,False,improving_payer
INV16000960,B016,B016-C1035,Pharma Client 035,Pharma & Healthcare,45,166106.71,2025-07-11,2025-08-25,closed,2025-09-13,64,19,False,False,improving_payer
INV16000961,B016,B016-C1035,Pharma Client 035,Pharma & Healthcare,45,97165.85,2025-09-02,2025-10-17,closed,2025-10-23,51,6,False,False,improving_payer
INV16000962,B016,B016-C1035,Pharma Client 035,Pharma & Healthcare,45,133873.95,2025-09-07,2025-10-22,closed,2025-11-09,63,18,False,False,improving_payer
INV16000963,B016,B016-C1035,Pharma Client 035,Pharma & Healthcare,45,140902.99,2025-09-13,2025-10-28,closed,2025-11-06,54,9,False,False,improving_payer
INV16000964,B016,B016-C1035,Pharma Client 035,Pharma & Healthcare,45,102553.86,2025-10-17,2025-12-01,closed,2025-12-21,65,20,False,False,improving_payer
INV16000965,B016,B016-C1035,Pharma Client 035,Pharma & Healthcare,45,87910.09,2025-11-16,2025-12-31,closed,2026-01-12,57,12,False,False,improving_payer
INV16000966,B016,B016-C1035,Pharma Client 035,Pharma & Healthcare,45,136326.37,2025-12-10,2026-01-24,closed,2026-02-14,66,21,False,False,improving_payer
INV16000967,B016,B016-C1035,Pharma Client 035,Pharma & Healthcare,45,118481.71,2025-12-23,2026-02-06,closed,2026-02-14,53,8,False,False,improving_payer
INV16000968,B016,B016-C1035,Pharma Client 035,Pharma & Healthcare,45,175035.23,2026-01-29,2026-03-15,closed,2026-03-24,54,9,False,False,improving_payer
INV16000969,B016,B016-C1035,Pharma Client 035,Pharma & Healthcare,45,107074.51,2026-02-02,2026-03-19,closed,2026-04-14,71,26,False,False,improving_payer
INV16000970,B016,B016-C1035,Pharma Client 035,Pharma & Healthcare,45,116821.14,2026-02-16,2026-04-02,closed,2026-04-12,55,10,False,False,improving_payer
INV16000971,B016,B016-C1035,Pharma Client 035,Pharma & Healthcare,45,117053.73,2026-02-17,2026-04-03,closed,2026-04-16,58,13,False,False,improving_payer
INV16000972,B016,B016-C1035,Pharma Client 035,Pharma & Healthcare,45,160205.89,2026-02-25,2026-04-11,closed,2026-04-18,52,7,False,False,improving_payer
INV16000973,B016,B016-C1035,Pharma Client 035,Pharma & Healthcare,45,86565.11,2026-03-07,2026-04-21,closed,2026-05-03,57,12,False,False,improving_payer
INV16000974,B016,B016-C1035,Pharma Client 035,Pharma & Healthcare,45,107694.49,2026-03-11,2026-04-25,closed,2026-05-03,53,8,False,False,improving_payer
INV16000975,B016,B016-C1035,Pharma Client 035,Pharma & Healthcare,45,140886.12,2026-03-12,2026-04-26,closed,2026-05-31,80,35,False,False,improving_payer
INV16000976,B016,B016-C1035,Pharma Client 035,Pharma & Healthcare,45,528611.62,2026-03-28,2026-05-12,closed,2026-05-07,40,-5,False,True,improving_payer
INV16000977,B016,B016-C1035,Pharma Client 035,Pharma & Healthcare,45,92219.22,2026-04-08,2026-05-23,closed,2026-06-02,55,10,False,False,improving_payer
INV16000978,B016,B016-C1035,Pharma Client 035,Pharma & Healthcare,45,128203.62,2026-04-20,2026-06-04,closed,2026-06-09,50,5,False,False,improving_payer
INV16000979,B016,B016-C1035,Pharma Client 035,Pharma & Healthcare,45,199761.81,2026-04-26,2026-06-10,closed,2026-06-13,48,3,False,False,improving_payer
INV16000980,B016,B016-C1035,Pharma Client 035,Pharma & Healthcare,45,126294.08,2026-05-20,2026-07-04,closed,2026-07-28,69,24,False,False,improving_payer
INV16000981,B016,B016-C1035,Pharma Client 035,Pharma & Healthcare,45,62525.02,2026-05-23,2026-07-07,closed,2026-07-03,41,-4,True,False,improving_payer
INV16000982,B016,B016-C1035,Pharma Client 035,Pharma & Healthcare,45,139571.79,2026-07-04,2026-08-18,closed,2026-09-02,60,15,False,False,improving_payer
INV16000983,B016,B016-C1035,Pharma Client 035,Pharma & Healthcare,45,86495.6,2026-07-14,2026-08-28,closed,2026-08-29,46,1,False,False,improving_payer
INV16000984,B016,B016-C1035,Pharma Client 035,Pharma & Healthcare,45,77846.95,2026-07-22,2026-09-05,open,,,,False,False,improving_payer
INV16000985,B016,B016-C1035,Pharma Client 035,Pharma & Healthcare,45,103634.93,2026-08-27,2026-10-11,disputed_open,,,,False,False,improving_payer
INV16000986,B016,B016-C1035,Pharma Client 035,Pharma & Healthcare,45,56041.6,2026-08-30,2026-10-14,open,,,,False,False,improving_payer
INV16000987,B016,B016-C1036,Metal Client 036,Metal & Engineering,30,34010.3,2024-05-23,2024-06-22,closed,2024-06-18,26,-4,False,False,prompt_payer
INV16000988,B016,B016-C1036,Metal Client 036,Metal & Engineering,30,29969.08,2024-06-29,2024-07-29,closed,2024-07-29,30,0,False,False,prompt_payer
INV16000989,B016,B016-C1036,Metal Client 036,Metal & Engineering,30,21448.73,2024-09-02,2024-10-02,closed,2024-10-03,31,1,False,False,prompt_payer
INV16000990,B016,B016-C1036,Metal Client 036,Metal & Engineering,30,36282.48,2024-10-13,2024-11-12,closed,2024-11-11,29,-1,False,False,prompt_payer
INV16000991,B016,B016-C1036,Metal Client 036,Metal & Engineering,30,21900.15,2024-10-26,2024-11-25,closed,2024-12-01,36,6,False,False,prompt_payer
INV16000992,B016,B016-C1036,Metal Client 036,Metal & Engineering,30,41519.43,2024-11-30,2024-12-30,closed,2025-01-01,32,2,False,False,prompt_payer
INV16000993,B016,B016-C1036,Metal Client 036,Metal & Engineering,30,28651.3,2024-12-01,2024-12-31,closed,2024-12-29,28,-2,True,False,prompt_payer
INV16000994,B016,B016-C1036,Metal Client 036,Metal & Engineering,30,24614.52,2024-12-12,2025-01-11,closed,2025-01-07,26,-4,False,False,prompt_payer
INV16000995,B016,B016-C1036,Metal Client 036,Metal & Engineering,30,17589.62,2024-12-20,2025-01-19,closed,2025-01-13,24,-6,False,False,prompt_payer
INV16000996,B016,B016-C1036,Metal Client 036,Metal & Engineering,30,35300.19,2024-12-30,2025-01-29,closed,2025-01-27,28,-2,False,False,prompt_payer
INV16000997,B016,B016-C1036,Metal Client 036,Metal & Engineering,30,30480.64,2025-03-07,2025-04-06,closed,2025-04-04,28,-2,False,False,prompt_payer
INV16000998,B016,B016-C1036,Metal Client 036,Metal & Engineering,30,34990.37,2025-04-21,2025-05-21,closed,2025-05-21,30,0,False,False,prompt_payer
INV16000999,B016,B016-C1036,Metal Client 036,Metal & Engineering,30,17585.58,2025-06-27,2025-07-27,closed,2025-07-26,29,-1,False,False,prompt_payer
INV16001000,B016,B016-C1036,Metal Client 036,Metal & Engineering,30,43838.61,2025-06-28,2025-07-28,closed,2025-07-26,28,-2,False,False,prompt_payer
INV16001001,B016,B016-C1036,Metal Client 036,Metal & Engineering,30,38830.02,2025-08-14,2025-09-13,closed,2025-09-18,35,5,False,False,prompt_payer
INV16001002,B016,B016-C1036,Metal Client 036,Metal & Engineering,30,36451.05,2025-09-19,2025-10-19,closed,2025-10-16,27,-3,False,False,prompt_payer
INV16001003,B016,B016-C1036,Metal Client 036,Metal & Engineering,30,60460.63,2025-10-17,2025-11-16,closed,2025-11-17,31,1,False,False,prompt_payer
INV16001004,B016,B016-C1036,Metal Client 036,Metal & Engineering,30,28438.59,2025-11-24,2025-12-24,closed,2025-12-26,32,2,False,False,prompt_payer
INV16001005,B016,B016-C1036,Metal Client 036,Metal & Engineering,30,35315.05,2025-12-05,2026-01-04,closed,2026-01-09,35,5,False,False,prompt_payer
INV16001006,B016,B016-C1036,Metal Client 036,Metal & Engineering,30,49481.66,2025-12-14,2026-01-13,closed,2026-01-10,27,-3,False,False,prompt_payer
INV16001007,B016,B016-C1036,Metal Client 036,Metal & Engineering,30,29430.71,2025-12-20,2026-01-19,closed,2026-01-16,27,-3,False,False,prompt_payer
INV16001008,B016,B016-C1036,Metal Client 036,Metal & Engineering,30,41203.11,2026-01-31,2026-03-02,closed,2026-03-08,36,6,False,False,prompt_payer
INV16001009,B016,B016-C1036,Metal Client 036,Metal & Engineering,30,23456.42,2026-01-31,2026-03-02,closed,2026-02-28,28,-2,False,False,prompt_payer
INV16001010,B016,B016-C1036,Metal Client 036,Metal & Engineering,30,54716.34,2026-02-06,2026-03-08,closed,2026-03-06,28,-2,False,False,prompt_payer
INV16001011,B016,B016-C1036,Metal Client 036,Metal & Engineering,30,36138.76,2026-02-27,2026-03-29,closed,2026-04-02,34,4,False,False,prompt_payer
INV16001012,B016,B016-C1036,Metal Client 036,Metal & Engineering,30,25739.22,2026-06-08,2026-07-08,closed,2026-07-09,31,1,False,False,prompt_payer
INV16001013,B016,B016-C1036,Metal Client 036,Metal & Engineering,30,30049.14,2026-06-13,2026-07-13,closed,2026-07-15,32,2,False,False,prompt_payer
INV16001014,B016,B016-C1036,Metal Client 036,Metal & Engineering,30,107373.08,2026-08-13,2026-09-12,disputed_open,,,,False,True,prompt_payer
INV16001015,B016,B016-C1037,Retail Client 037,Retail & Distribution,30,600042.09,2024-04-01,2024-05-01,closed,2024-05-06,35,5,False,False,deteriorating_payer
INV16001016,B016,B016-C1037,Retail Client 037,Retail & Distribution,30,846192.32,2024-04-06,2024-05-06,closed,2024-05-18,42,12,False,False,deteriorating_payer
INV16001017,B016,B016-C1037,Retail Client 037,Retail & Distribution,30,321731.73,2024-04-11,2024-05-11,closed,2024-06-01,51,21,False,False,deteriorating_payer
INV16001018,B016,B016-C1037,Retail Client 037,Retail & Distribution,30,1180296.25,2024-07-18,2024-08-17,closed,2024-08-27,40,10,False,False,deteriorating_payer
INV16001019,B016,B016-C1037,Retail Client 037,Retail & Distribution,30,605690.46,2024-07-30,2024-08-29,closed,2024-09-17,49,19,False,False,deteriorating_payer
INV16001020,B016,B016-C1037,Retail Client 037,Retail & Distribution,30,794327.63,2024-08-04,2024-09-03,closed,2024-09-14,41,11,False,False,deteriorating_payer
INV16001021,B016,B016-C1037,Retail Client 037,Retail & Distribution,30,776143.64,2024-10-05,2024-11-04,closed,2024-11-12,38,8,False,False,deteriorating_payer
INV16001022,B016,B016-C1037,Retail Client 037,Retail & Distribution,30,493819.15,2024-11-12,2024-12-12,closed,2024-12-10,28,-2,False,False,deteriorating_payer
INV16001023,B016,B016-C1037,Retail Client 037,Retail & Distribution,30,363826.58,2024-11-20,2024-12-20,closed,2024-12-22,32,2,False,False,deteriorating_payer
INV16001024,B016,B016-C1037,Retail Client 037,Retail & Distribution,30,603172.26,2024-12-20,2025-01-19,closed,2025-02-11,53,23,False,False,deteriorating_payer
INV16001025,B016,B016-C1037,Retail Client 037,Retail & Distribution,30,367459.37,2024-12-23,2025-01-22,closed,2025-02-16,55,25,False,False,deteriorating_payer
INV16001026,B016,B016-C1037,Retail Client 037,Retail & Distribution,30,464871.47,2024-12-26,2025-01-25,disputed_open,,,,False,False,deteriorating_payer
INV16001027,B016,B016-C1037,Retail Client 037,Retail & Distribution,30,461777.12,2024-12-27,2025-01-26,closed,2025-01-25,29,-1,False,False,deteriorating_payer
INV16001028,B016,B016-C1037,Retail Client 037,Retail & Distribution,30,645020.09,2025-01-09,2025-02-08,closed,2025-02-27,49,19,False,False,deteriorating_payer
INV16001029,B016,B016-C1037,Retail Client 037,Retail & Distribution,30,376324.11,2025-01-24,2025-02-23,closed,2025-03-17,52,22,False,False,deteriorating_payer
INV16001030,B016,B016-C1037,Retail Client 037,Retail & Distribution,30,458972.44,2025-01-29,2025-02-28,closed,2025-03-13,43,13,False,False,deteriorating_payer
INV16001031,B016,B016-C1037,Retail Client 037,Retail & Distribution,30,533815.7,2025-02-17,2025-03-19,closed,2025-04-19,61,31,False,False,deteriorating_payer
INV16001032,B016,B016-C1037,Retail Client 037,Retail & Distribution,30,582298.83,2025-02-19,2025-03-21,closed,2025-04-22,62,32,False,False,deteriorating_payer
INV16001033,B016,B016-C1037,Retail Client 037,Retail & Distribution,30,582945.73,2025-03-05,2025-04-04,closed,2025-05-11,67,37,False,False,deteriorating_payer
INV16001034,B016,B016-C1037,Retail Client 037,Retail & Distribution,30,2329787.01,2025-03-24,2025-04-23,closed,2025-04-30,37,7,False,True,deteriorating_payer
INV16001035,B016,B016-C1037,Retail Client 037,Retail & Distribution,30,380482.41,2025-04-12,2025-05-12,closed,2025-06-04,53,23,False,False,deteriorating_payer
INV16001036,B016,B016-C1037,Retail Client 037,Retail & Distribution,30,342434.3,2025-04-20,2025-05-20,closed,2025-05-25,35,5,False,False,deteriorating_payer
INV16001037,B016,B016-C1037,Retail Client 037,Retail & Distribution,30,501410.38,2025-04-27,2025-05-27,closed,2025-06-26,60,30,False,False,deteriorating_payer
INV16001038,B016,B016-C1037,Retail Client 037,Retail & Distribution,30,1107137.85,2025-04-28,2025-05-28,closed,2025-07-09,72,42,False,False,deteriorating_payer
INV16001039,B016,B016-C1037,Retail Client 037,Retail & Distribution,30,665967.17,2025-05-19,2025-06-18,closed,2025-07-15,57,27,False,False,deteriorating_payer
INV16001040,B016,B016-C1037,Retail Client 037,Retail & Distribution,30,923209.49,2025-05-21,2025-06-20,closed,2025-07-03,43,13,False,False,deteriorating_payer
INV16001041,B016,B016-C1037,Retail Client 037,Retail & Distribution,30,760993.28,2025-06-01,2025-07-01,closed,2025-07-22,51,21,False,False,deteriorating_payer
INV16001042,B016,B016-C1037,Retail Client 037,Retail & Distribution,30,641162.64,2025-06-12,2025-07-12,closed,2025-07-15,33,3,False,False,deteriorating_payer
INV16001043,B016,B016-C1037,Retail Client 037,Retail & Distribution,30,279902.39,2025-07-12,2025-08-11,closed,2025-09-04,54,24,False,False,deteriorating_payer
INV16001044,B016,B016-C1037,Retail Client 037,Retail & Distribution,30,611094.72,2025-07-26,2025-08-25,closed,2025-10-01,67,37,False,False,deteriorating_payer
INV16001045,B016,B016-C1037,Retail Client 037,Retail & Distribution,30,3209191.44,2025-07-27,2025-08-26,closed,2025-09-16,51,21,False,True,deteriorating_payer
INV16001046,B016,B016-C1037,Retail Client 037,Retail & Distribution,30,792195.3,2025-07-28,2025-08-27,closed,2025-09-09,43,13,False,False,deteriorating_payer
INV16001047,B016,B016-C1037,Retail Client 037,Retail & Distribution,30,502278.58,2025-08-28,2025-09-27,closed,2025-11-08,72,42,False,False,deteriorating_payer
INV16001048,B016,B016-C1037,Retail Client 037,Retail & Distribution,30,433125.35,2025-09-13,2025-10-13,closed,2025-11-05,53,23,False,False,deteriorating_payer
INV16001049,B016,B016-C1037,Retail Client 037,Retail & Distribution,30,711056.23,2025-10-17,2025-11-16,closed,2025-12-04,48,18,False,False,deteriorating_payer
INV16001050,B016,B016-C1037,Retail Client 037,Retail & Distribution,30,668037.96,2025-10-21,2025-11-20,closed,2025-12-02,42,12,False,False,deteriorating_payer
INV16001051,B016,B016-C1037,Retail Client 037,Retail & Distribution,30,3030250.39,2025-10-31,2025-11-30,closed,2026-01-07,68,38,False,True,deteriorating_payer
INV16001052,B016,B016-C1037,Retail Client 037,Retail & Distribution,30,686352.82,2025-11-23,2025-12-23,closed,2026-02-05,74,44,False,False,deteriorating_payer
INV16001053,B016,B016-C1037,Retail Client 037,Retail & Distribution,30,763639.72,2025-11-27,2025-12-27,closed,2026-01-26,60,30,False,False,deteriorating_payer
INV16001054,B016,B016-C1037,Retail Client 037,Retail & Distribution,30,468816.68,2026-01-14,2026-02-13,closed,2026-03-11,56,26,False,False,deteriorating_payer
INV16001055,B016,B016-C1037,Retail Client 037,Retail & Distribution,30,540160.58,2026-02-07,2026-03-09,closed,2026-04-13,65,35,False,False,deteriorating_payer
INV16001056,B016,B016-C1037,Retail Client 037,Retail & Distribution,30,2009758.58,2026-02-13,2026-03-15,closed,2026-03-18,33,3,False,True,deteriorating_payer
INV16001057,B016,B016-C1037,Retail Client 037,Retail & Distribution,30,378946.33,2026-02-16,2026-03-18,closed,2026-03-18,30,0,False,False,deteriorating_payer
INV16001058,B016,B016-C1037,Retail Client 037,Retail & Distribution,30,2172626.94,2026-02-17,2026-03-19,closed,2026-04-03,45,15,False,True,deteriorating_payer
INV16001059,B016,B016-C1037,Retail Client 037,Retail & Distribution,30,473573.86,2026-02-20,2026-03-22,closed,2026-03-30,38,8,False,False,deteriorating_payer
INV16001060,B016,B016-C1037,Retail Client 037,Retail & Distribution,30,985746.8,2026-02-20,2026-03-22,closed,2026-05-09,78,48,False,False,deteriorating_payer
INV16001061,B016,B016-C1037,Retail Client 037,Retail & Distribution,30,1040558.57,2026-03-29,2026-04-28,closed,2026-05-29,61,31,False,False,deteriorating_payer
INV16001062,B016,B016-C1037,Retail Client 037,Retail & Distribution,30,2242970.29,2026-04-30,2026-05-30,closed,2026-06-22,53,23,False,True,deteriorating_payer
INV16001063,B016,B016-C1037,Retail Client 037,Retail & Distribution,30,537915.07,2026-05-01,2026-05-31,closed,2026-07-15,75,45,False,False,deteriorating_payer
INV16001064,B016,B016-C1037,Retail Client 037,Retail & Distribution,30,316004.13,2026-05-09,2026-06-08,closed,2026-07-10,62,32,False,False,deteriorating_payer
INV16001065,B016,B016-C1037,Retail Client 037,Retail & Distribution,30,725662.88,2026-07-18,2026-08-17,open,,,,False,False,deteriorating_payer
INV16001066,B016,B016-C1037,Retail Client 037,Retail & Distribution,30,554647.88,2026-07-28,2026-08-27,disputed_open,,,,False,False,deteriorating_payer
INV16001067,B016,B016-C1037,Retail Client 037,Retail & Distribution,30,713092.49,2026-08-28,2026-09-27,open,,,,False,False,deteriorating_payer
INV16001068,B016,B016-C1038,Retail Client 038,Retail & Distribution,45,69609.53,2024-04-21,2024-06-05,closed,2024-06-10,50,5,False,False,average_payer
INV16001069,B016,B016-C1038,Retail Client 038,Retail & Distribution,45,70237.22,2024-05-14,2024-06-28,closed,2024-07-11,58,13,False,False,average_payer
INV16001070,B016,B016-C1038,Retail Client 038,Retail & Distribution,45,33322.84,2024-05-24,2024-07-08,closed,2024-07-03,40,-5,False,False,average_payer
INV16001071,B016,B016-C1038,Retail Client 038,Retail & Distribution,45,106895.73,2024-05-25,2024-07-09,closed,2024-07-15,51,6,False,False,average_payer
INV16001072,B016,B016-C1038,Retail Client 038,Retail & Distribution,45,59472.26,2024-06-11,2024-07-26,closed,2024-07-29,48,3,False,False,average_payer
INV16001073,B016,B016-C1038,Retail Client 038,Retail & Distribution,45,92556.19,2024-07-11,2024-08-25,closed,2024-08-28,48,3,False,False,average_payer
INV16001074,B016,B016-C1038,Retail Client 038,Retail & Distribution,45,60238.63,2024-07-26,2024-09-09,closed,2024-09-28,64,19,False,False,average_payer
INV16001075,B016,B016-C1038,Retail Client 038,Retail & Distribution,45,69386.42,2024-08-06,2024-09-20,closed,2024-09-21,46,1,False,False,average_payer
INV16001076,B016,B016-C1038,Retail Client 038,Retail & Distribution,45,63118.34,2024-08-11,2024-09-25,closed,2024-10-09,59,14,False,False,average_payer
INV16001077,B016,B016-C1038,Retail Client 038,Retail & Distribution,45,61873.1,2024-08-28,2024-10-12,closed,2024-10-15,48,3,False,False,average_payer
INV16001078,B016,B016-C1038,Retail Client 038,Retail & Distribution,45,77490.82,2024-09-01,2024-10-16,closed,2024-10-15,44,-1,False,False,average_payer
INV16001079,B016,B016-C1038,Retail Client 038,Retail & Distribution,45,85149.03,2024-09-13,2024-10-28,closed,2024-11-16,64,19,False,False,average_payer
INV16001080,B016,B016-C1038,Retail Client 038,Retail & Distribution,45,69740.63,2024-09-14,2024-10-29,closed,2024-11-06,53,8,False,False,average_payer
INV16001081,B016,B016-C1038,Retail Client 038,Retail & Distribution,45,74814.45,2024-10-05,2024-11-19,closed,2024-11-30,56,11,False,False,average_payer
INV16001082,B016,B016-C1038,Retail Client 038,Retail & Distribution,45,67294.68,2024-10-09,2024-11-23,closed,2024-11-25,47,2,False,False,average_payer
INV16001083,B016,B016-C1038,Retail Client 038,Retail & Distribution,45,62870.74,2024-12-14,2025-01-28,open,,,,False,False,average_payer
INV16001084,B016,B016-C1038,Retail Client 038,Retail & Distribution,45,57923.84,2024-12-24,2025-02-07,closed,2025-02-16,54,9,False,False,average_payer
INV16001085,B016,B016-C1038,Retail Client 038,Retail & Distribution,45,50650.7,2024-12-25,2025-02-08,closed,2025-02-22,59,14,False,False,average_payer
INV16001086,B016,B016-C1038,Retail Client 038,Retail & Distribution,45,82820.4,2025-01-18,2025-03-04,closed,2025-03-12,53,8,True,False,average_payer
INV16001087,B016,B016-C1038,Retail Client 038,Retail & Distribution,45,81742.73,2025-01-28,2025-03-14,closed,2025-03-13,44,-1,False,False,average_payer
INV16001088,B016,B016-C1038,Retail Client 038,Retail & Distribution,45,63951.92,2025-02-13,2025-03-30,closed,2025-04-05,51,6,False,False,average_payer
INV16001089,B016,B016-C1038,Retail Client 038,Retail & Distribution,45,42231.03,2025-02-25,2025-04-11,closed,2025-04-19,53,8,False,False,average_payer
INV16001090,B016,B016-C1038,Retail Client 038,Retail & Distribution,45,89174.5,2025-03-12,2025-04-26,closed,2025-04-24,43,-2,False,False,average_payer
INV16001091,B016,B016-C1038,Retail Client 038,Retail & Distribution,45,54680.52,2025-04-20,2025-06-04,closed,2025-06-06,47,2,False,False,average_payer
INV16001092,B016,B016-C1038,Retail Client 038,Retail & Distribution,45,51512.71,2025-05-08,2025-06-22,closed,2025-06-28,51,6,False,False,average_payer
INV16001093,B016,B016-C1038,Retail Client 038,Retail & Distribution,45,49895.19,2025-05-14,2025-06-28,closed,2025-07-14,61,16,False,False,average_payer
INV16001094,B016,B016-C1038,Retail Client 038,Retail & Distribution,45,60908.92,2025-05-30,2025-07-14,closed,2025-07-10,41,-4,False,False,average_payer
INV16001095,B016,B016-C1038,Retail Client 038,Retail & Distribution,45,64189.63,2025-06-30,2025-08-14,closed,2025-08-18,49,4,False,False,average_payer
INV16001096,B016,B016-C1038,Retail Client 038,Retail & Distribution,45,70958.62,2025-07-06,2025-08-20,closed,2025-09-03,59,14,False,False,average_payer
INV16001097,B016,B016-C1038,Retail Client 038,Retail & Distribution,45,63390.31,2025-07-12,2025-08-26,closed,2025-09-08,58,13,False,False,average_payer
INV16001098,B016,B016-C1038,Retail Client 038,Retail & Distribution,45,69862.16,2025-07-17,2025-08-31,closed,2025-09-06,51,6,False,False,average_payer
INV16001099,B016,B016-C1038,Retail Client 038,Retail & Distribution,45,36913.48,2025-07-27,2025-09-10,closed,2025-09-15,50,5,False,False,average_payer
INV16001100,B016,B016-C1038,Retail Client 038,Retail & Distribution,45,48737.06,2025-08-13,2025-09-27,closed,2025-09-26,44,-1,False,False,average_payer
INV16001101,B016,B016-C1038,Retail Client 038,Retail & Distribution,45,65337.2,2025-08-14,2025-09-28,closed,2025-10-12,59,14,False,False,average_payer
INV16001102,B016,B016-C1038,Retail Client 038,Retail & Distribution,45,50392.75,2025-10-26,2025-12-10,closed,2025-12-22,57,12,False,False,average_payer
INV16001103,B016,B016-C1038,Retail Client 038,Retail & Distribution,45,86022.87,2025-11-09,2025-12-24,closed,2026-01-01,53,8,False,False,average_payer
INV16001104,B016,B016-C1038,Retail Client 038,Retail & Distribution,45,47788.4,2025-11-28,2026-01-12,closed,2026-01-13,46,1,False,False,average_payer
INV16001105,B016,B016-C1038,Retail Client 038,Retail & Distribution,45,45301.4,2025-12-11,2026-01-25,closed,2026-02-07,58,13,False,False,average_payer
INV16001106,B016,B016-C1038,Retail Client 038,Retail & Distribution,45,46101.19,2026-01-13,2026-02-27,closed,2026-03-03,49,4,False,False,average_payer
INV16001107,B016,B016-C1038,Retail Client 038,Retail & Distribution,45,102572.6,2026-01-18,2026-03-04,closed,2026-03-06,47,2,False,False,average_payer
INV16001108,B016,B016-C1038,Retail Client 038,Retail & Distribution,45,64362.98,2026-02-07,2026-03-24,closed,2026-03-31,52,7,False,False,average_payer
INV16001109,B016,B016-C1038,Retail Client 038,Retail & Distribution,45,68869.24,2026-02-25,2026-04-11,closed,2026-04-21,55,10,False,False,average_payer
INV16001110,B016,B016-C1038,Retail Client 038,Retail & Distribution,45,49297.83,2026-03-04,2026-04-18,closed,2026-04-20,47,2,False,False,average_payer
INV16001111,B016,B016-C1038,Retail Client 038,Retail & Distribution,45,56974.61,2026-05-16,2026-06-30,closed,2026-06-30,45,0,False,False,average_payer
INV16001112,B016,B016-C1038,Retail Client 038,Retail & Distribution,45,57100.42,2026-06-15,2026-07-30,closed,2026-08-11,57,12,False,False,average_payer
INV16001113,B016,B016-C1038,Retail Client 038,Retail & Distribution,45,94667.35,2026-07-30,2026-09-13,open,,,,False,False,average_payer
INV16001114,B016,B016-C1038,Retail Client 038,Retail & Distribution,45,137410.13,2026-08-08,2026-09-22,open,,,,False,False,average_payer
INV16001115,B016,B016-C1038,Retail Client 038,Retail & Distribution,45,43749.62,2026-08-22,2026-10-06,open,,,,False,False,average_payer
INV16001116,B016,B016-C1038,Retail Client 038,Retail & Distribution,45,54125.47,2026-08-25,2026-10-09,disputed_open,,,,False,False,average_payer
INV16001117,B016,B016-C1038,Retail Client 038,Retail & Distribution,45,64170.85,2026-08-26,2026-10-10,open,,,,False,False,average_payer
INV16001118,B016,B016-C1039,Retail Client 039,Retail & Distribution,45,184511.88,2024-04-04,2024-05-19,closed,2024-06-04,61,16,False,False,improving_payer
INV16001119,B016,B016-C1039,Retail Client 039,Retail & Distribution,45,277149.77,2024-05-02,2024-06-16,closed,2024-07-17,76,31,False,False,improving_payer
INV16001120,B016,B016-C1039,Retail Client 039,Retail & Distribution,45,390725.66,2024-05-14,2024-06-28,closed,2024-08-08,86,41,False,False,improving_payer
INV16001121,B016,B016-C1039,Retail Client 039,Retail & Distribution,45,415481.49,2024-05-27,2024-07-11,closed,2024-08-15,80,35,False,False,improving_payer
INV16001122,B016,B016-C1039,Retail Client 039,Retail & Distribution,45,283389.94,2024-06-15,2024-07-30,closed,2024-08-26,72,27,False,False,improving_payer
INV16001123,B016,B016-C1039,Retail Client 039,Retail & Distribution,45,575802.17,2024-07-30,2024-09-13,closed,2024-10-16,78,33,False,False,improving_payer
INV16001124,B016,B016-C1039,Retail Client 039,Retail & Distribution,45,454381.63,2024-08-07,2024-09-21,closed,2024-10-14,68,23,False,False,improving_payer
INV16001125,B016,B016-C1039,Retail Client 039,Retail & Distribution,45,357618.38,2024-08-10,2024-09-24,closed,2024-10-24,75,30,False,False,improving_payer
INV16001126,B016,B016-C1039,Retail Client 039,Retail & Distribution,45,234099.78,2024-08-22,2024-10-06,closed,2024-11-20,90,45,False,False,improving_payer
INV16001127,B016,B016-C1039,Retail Client 039,Retail & Distribution,45,382791.1,2024-09-07,2024-10-22,closed,2024-11-23,77,32,False,False,improving_payer
INV16001128,B016,B016-C1039,Retail Client 039,Retail & Distribution,45,342916.63,2024-10-29,2024-12-13,closed,2025-01-01,64,19,False,False,improving_payer
INV16001129,B016,B016-C1039,Retail Client 039,Retail & Distribution,45,462933.24,2024-11-04,2024-12-19,closed,2025-01-09,66,21,False,False,improving_payer
INV16001130,B016,B016-C1039,Retail Client 039,Retail & Distribution,45,450079.33,2024-11-12,2024-12-27,closed,2025-01-24,73,28,False,False,improving_payer
INV16001131,B016,B016-C1039,Retail Client 039,Retail & Distribution,45,316863.79,2024-12-01,2025-01-15,closed,2025-02-18,79,34,False,False,improving_payer
INV16001132,B016,B016-C1039,Retail Client 039,Retail & Distribution,45,323806.51,2024-12-16,2025-01-30,closed,2025-02-25,71,26,False,False,improving_payer
INV16001133,B016,B016-C1039,Retail Client 039,Retail & Distribution,45,507275.89,2025-01-06,2025-02-20,closed,2025-02-26,51,6,False,False,improving_payer
INV16001134,B016,B016-C1039,Retail Client 039,Retail & Distribution,45,331372.7,2025-01-10,2025-02-24,closed,2025-04-12,92,47,False,False,improving_payer
INV16001135,B016,B016-C1039,Retail Client 039,Retail & Distribution,45,299621.28,2025-02-23,2025-04-09,closed,2025-05-13,79,34,False,False,improving_payer
INV16001136,B016,B016-C1039,Retail Client 039,Retail & Distribution,45,1127344.22,2025-03-01,2025-04-15,closed,2025-05-26,86,41,True,True,improving_payer
INV16001137,B016,B016-C1039,Retail Client 039,Retail & Distribution,45,377191.5,2025-04-04,2025-05-19,closed,2025-06-10,67,22,False,False,improving_payer
INV16001138,B016,B016-C1039,Retail Client 039,Retail & Distribution,45,432081.45,2025-04-07,2025-05-22,closed,2025-06-20,74,29,False,False,improving_payer
INV16001139,B016,B016-C1039,Retail Client 039,Retail & Distribution,45,332431.45,2025-04-24,2025-06-08,closed,2025-06-18,55,10,False,False,improving_payer
INV16001140,B016,B016-C1039,Retail Client 039,Retail & Distribution,45,182729.69,2025-04-28,2025-06-12,closed,2025-06-23,56,11,False,False,improving_payer
INV16001141,B016,B016-C1039,Retail Client 039,Retail & Distribution,45,245789.33,2025-06-23,2025-08-07,closed,2025-08-25,63,18,True,False,improving_payer
INV16001142,B016,B016-C1039,Retail Client 039,Retail & Distribution,45,215994.55,2025-08-28,2025-10-12,closed,2025-11-02,66,21,False,False,improving_payer
INV16001143,B016,B016-C1039,Retail Client 039,Retail & Distribution,45,286587.06,2025-09-05,2025-10-20,closed,2025-11-15,71,26,False,False,improving_payer
INV16001144,B016,B016-C1039,Retail Client 039,Retail & Distribution,45,327284.57,2025-09-23,2025-11-07,closed,2025-11-23,61,16,False,False,improving_payer
INV16001145,B016,B016-C1039,Retail Client 039,Retail & Distribution,45,196295.15,2025-10-02,2025-11-16,closed,2025-11-29,58,13,False,False,improving_payer
INV16001146,B016,B016-C1039,Retail Client 039,Retail & Distribution,45,1353629.42,2025-10-20,2025-12-04,closed,2025-12-21,62,17,False,True,improving_payer
INV16001147,B016,B016-C1039,Retail Client 039,Retail & Distribution,45,355232.28,2025-10-27,2025-12-11,closed,2025-12-27,61,16,False,False,improving_payer
INV16001148,B016,B016-C1039,Retail Client 039,Retail & Distribution,45,299224.78,2025-11-06,2025-12-21,closed,2025-12-22,46,1,False,False,improving_payer
INV16001149,B016,B016-C1039,Retail Client 039,Retail & Distribution,45,254632.92,2025-11-15,2025-12-30,closed,2026-01-04,50,5,True,False,improving_payer
INV16001150,B016,B016-C1039,Retail Client 039,Retail & Distribution,45,1044595.81,2025-11-23,2026-01-07,closed,2026-01-20,58,13,False,True,improving_payer
INV16001151,B016,B016-C1039,Retail Client 039,Retail & Distribution,45,223545.18,2026-01-15,2026-03-01,closed,2026-03-16,60,15,False,False,improving_payer
INV16001152,B016,B016-C1039,Retail Client 039,Retail & Distribution,45,301743.9,2026-02-16,2026-04-02,closed,2026-04-12,55,10,False,False,improving_payer
INV16001153,B016,B016-C1039,Retail Client 039,Retail & Distribution,45,422762.34,2026-02-19,2026-04-05,open,,,,False,False,improving_payer
INV16001154,B016,B016-C1039,Retail Client 039,Retail & Distribution,45,202414.72,2026-03-13,2026-04-27,closed,2026-05-20,68,23,False,False,improving_payer
INV16001155,B016,B016-C1039,Retail Client 039,Retail & Distribution,45,229588.53,2026-03-17,2026-05-01,closed,2026-04-27,41,-4,False,False,improving_payer
INV16001156,B016,B016-C1039,Retail Client 039,Retail & Distribution,45,343463.6,2026-04-20,2026-06-04,closed,2026-06-07,48,3,False,False,improving_payer
INV16001157,B016,B016-C1039,Retail Client 039,Retail & Distribution,45,200938.88,2026-04-27,2026-06-11,closed,2026-06-18,52,7,False,False,improving_payer
INV16001158,B016,B016-C1039,Retail Client 039,Retail & Distribution,45,282568.97,2026-05-09,2026-06-23,closed,2026-07-02,54,9,False,False,improving_payer
INV16001159,B016,B016-C1039,Retail Client 039,Retail & Distribution,45,364427.47,2026-05-15,2026-06-29,closed,2026-07-11,57,12,False,False,improving_payer
INV16001160,B016,B016-C1039,Retail Client 039,Retail & Distribution,45,380885.95,2026-05-16,2026-06-30,closed,2026-07-13,58,13,False,False,improving_payer
INV16001161,B016,B016-C1040,Metal Client 040,Metal & Engineering,45,71035.13,2024-08-26,2024-10-10,closed,2024-10-03,38,-7,False,False,cold_start
INV16001162,B016,B016-C1040,Metal Client 040,Metal & Engineering,45,64879.22,2025-02-09,2025-03-26,closed,2025-03-27,46,1,False,False,cold_start
INV16001163,B016,B016-C1040,Metal Client 040,Metal & Engineering,45,39830.1,2026-05-18,2026-07-02,closed,2026-07-25,68,23,False,False,cold_start
INV16001164,B016,B016-C1041,Construction Client 041,Construction & Infra,15,355971.75,2024-04-01,2024-04-16,closed,2024-04-10,9,-6,False,False,prompt_payer
INV16001165,B016,B016-C1041,Construction Client 041,Construction & Infra,15,348742.28,2024-04-15,2024-04-30,closed,2024-05-03,18,3,False,False,prompt_payer
INV16001166,B016,B016-C1041,Construction Client 041,Construction & Infra,15,371295.95,2024-05-28,2024-06-12,closed,2024-06-11,14,-1,False,False,prompt_payer
INV16001167,B016,B016-C1041,Construction Client 041,Construction & Infra,15,404731.34,2024-06-27,2024-07-12,closed,2024-07-17,20,5,False,False,prompt_payer
INV16001168,B016,B016-C1041,Construction Client 041,Construction & Infra,15,579129.94,2024-07-16,2024-07-31,closed,2024-08-05,20,5,False,False,prompt_payer
INV16001169,B016,B016-C1041,Construction Client 041,Construction & Infra,15,294274.91,2024-08-23,2024-09-07,closed,2024-09-03,11,-4,False,False,prompt_payer
INV16001170,B016,B016-C1041,Construction Client 041,Construction & Infra,15,424861.29,2024-10-12,2024-10-27,closed,2024-10-22,10,-5,False,False,prompt_payer
INV16001171,B016,B016-C1041,Construction Client 041,Construction & Infra,15,356888.31,2024-10-22,2024-11-06,closed,2024-11-06,15,0,False,False,prompt_payer
INV16001172,B016,B016-C1041,Construction Client 041,Construction & Infra,15,415287.99,2024-10-25,2024-11-09,closed,2024-11-08,14,-1,False,False,prompt_payer
INV16001173,B016,B016-C1041,Construction Client 041,Construction & Infra,15,352787.21,2025-01-05,2025-01-20,closed,2025-01-19,14,-1,False,False,prompt_payer
INV16001174,B016,B016-C1041,Construction Client 041,Construction & Infra,15,373424.76,2025-01-29,2025-02-13,closed,2025-02-11,13,-2,False,False,prompt_payer
INV16001175,B016,B016-C1041,Construction Client 041,Construction & Infra,15,275448.65,2025-02-13,2025-02-28,closed,2025-02-27,14,-1,False,False,prompt_payer
INV16001176,B016,B016-C1041,Construction Client 041,Construction & Infra,15,139775.6,2025-02-26,2025-03-13,closed,2025-03-13,15,0,False,False,prompt_payer
INV16001177,B016,B016-C1041,Construction Client 041,Construction & Infra,15,192650.13,2025-05-02,2025-05-17,closed,2025-05-18,16,1,False,False,prompt_payer
INV16001178,B016,B016-C1041,Construction Client 041,Construction & Infra,15,337445.88,2025-05-09,2025-05-24,closed,2025-05-26,17,2,False,False,prompt_payer
INV16001179,B016,B016-C1041,Construction Client 041,Construction & Infra,15,397167.73,2025-06-13,2025-06-28,closed,2025-06-29,16,1,True,False,prompt_payer
INV16001180,B016,B016-C1041,Construction Client 041,Construction & Infra,15,373519.68,2025-07-04,2025-07-19,closed,2025-07-17,13,-2,False,False,prompt_payer
INV16001181,B016,B016-C1041,Construction Client 041,Construction & Infra,15,324426.93,2025-07-19,2025-08-03,closed,2025-08-02,14,-1,True,False,prompt_payer
INV16001182,B016,B016-C1041,Construction Client 041,Construction & Infra,15,482417.08,2025-07-23,2025-08-07,closed,2025-08-12,20,5,False,False,prompt_payer
INV16001183,B016,B016-C1041,Construction Client 041,Construction & Infra,15,365462.62,2025-07-24,2025-08-08,closed,2025-08-07,14,-1,False,False,prompt_payer
INV16001184,B016,B016-C1041,Construction Client 041,Construction & Infra,15,389420.64,2025-07-29,2025-08-13,closed,2025-08-12,14,-1,False,False,prompt_payer
INV16001185,B016,B016-C1041,Construction Client 041,Construction & Infra,15,312706.88,2025-08-09,2025-08-24,closed,2025-08-25,16,1,False,False,prompt_payer
INV16001186,B016,B016-C1041,Construction Client 041,Construction & Infra,15,237486.31,2025-09-05,2025-09-20,closed,2025-09-19,14,-1,False,False,prompt_payer
INV16001187,B016,B016-C1041,Construction Client 041,Construction & Infra,15,505545.7,2025-09-21,2025-10-06,closed,2025-10-02,11,-4,False,False,prompt_payer
INV16001188,B016,B016-C1041,Construction Client 041,Construction & Infra,15,433470.31,2025-09-25,2025-10-10,closed,2025-10-08,13,-2,False,False,prompt_payer
INV16001189,B016,B016-C1041,Construction Client 041,Construction & Infra,15,371979.48,2025-10-14,2025-10-29,closed,2025-10-26,12,-3,False,False,prompt_payer
INV16001190,B016,B016-C1041,Construction Client 041,Construction & Infra,15,358323.46,2025-11-21,2025-12-06,closed,2025-12-08,17,2,False,False,prompt_payer
INV16001191,B016,B016-C1041,Construction Client 041,Construction & Infra,15,294258.42,2026-01-25,2026-02-09,closed,2026-02-09,15,0,False,False,prompt_payer
INV16001192,B016,B016-C1041,Construction Client 041,Construction & Infra,15,529136.98,2026-02-12,2026-02-27,closed,2026-02-23,11,-4,False,False,prompt_payer
INV16001193,B016,B016-C1041,Construction Client 041,Construction & Infra,15,171018.83,2026-02-25,2026-03-12,closed,2026-03-07,10,-5,False,False,prompt_payer
INV16001194,B016,B016-C1041,Construction Client 041,Construction & Infra,15,270695.32,2026-02-26,2026-03-13,closed,2026-03-13,15,0,False,False,prompt_payer
INV16001195,B016,B016-C1041,Construction Client 041,Construction & Infra,15,326862.63,2026-04-17,2026-05-02,closed,2026-04-25,8,-7,False,False,prompt_payer
INV16001196,B016,B016-C1041,Construction Client 041,Construction & Infra,15,204437.29,2026-04-18,2026-05-03,closed,2026-05-04,16,1,False,False,prompt_payer
INV16001197,B016,B016-C1041,Construction Client 041,Construction & Infra,15,211772.71,2026-04-23,2026-05-08,closed,2026-05-07,14,-1,False,False,prompt_payer
INV16001198,B016,B016-C1041,Construction Client 041,Construction & Infra,15,143830.37,2026-04-25,2026-05-10,closed,2026-05-10,15,0,False,False,prompt_payer
INV16001199,B016,B016-C1041,Construction Client 041,Construction & Infra,15,344257.61,2026-05-05,2026-05-20,closed,2026-05-16,11,-4,True,False,prompt_payer
INV16001200,B016,B016-C1041,Construction Client 041,Construction & Infra,15,318207.46,2026-05-22,2026-06-06,closed,2026-06-03,12,-3,False,False,prompt_payer
INV16001201,B016,B016-C1041,Construction Client 041,Construction & Infra,15,359591.12,2026-05-30,2026-06-14,closed,2026-06-18,19,4,False,False,prompt_payer
INV16001202,B016,B016-C1041,Construction Client 041,Construction & Infra,15,226754.61,2026-06-01,2026-06-16,closed,2026-06-16,15,0,False,False,prompt_payer
INV16001203,B016,B016-C1041,Construction Client 041,Construction & Infra,15,225750.26,2026-06-20,2026-07-05,closed,2026-07-04,14,-1,False,False,prompt_payer
INV16001204,B016,B016-C1041,Construction Client 041,Construction & Infra,15,236905.85,2026-07-02,2026-07-17,closed,2026-07-27,25,10,False,False,prompt_payer
INV16001205,B016,B016-C1041,Construction Client 041,Construction & Infra,15,325710.02,2026-07-27,2026-08-11,closed,2026-08-14,18,3,False,False,prompt_payer
INV16001206,B016,B016-C1041,Construction Client 041,Construction & Infra,15,239043.3,2026-08-02,2026-08-17,closed,2026-08-20,18,3,False,False,prompt_payer
INV16001207,B016,B016-C1041,Construction Client 041,Construction & Infra,15,470965.5,2026-08-12,2026-08-27,closed,2026-08-28,16,1,False,False,prompt_payer
INV16001208,B016,B016-C1041,Construction Client 041,Construction & Infra,15,272514.45,2026-08-29,2026-09-13,open,,,,False,False,prompt_payer
INV16001209,B016,B016-C1042,Retail Client 042,Retail & Distribution,30,228027.27,2024-03-29,2024-04-28,closed,2024-05-04,36,6,False,False,seasonal_payer
INV16001210,B016,B016-C1042,Retail Client 042,Retail & Distribution,30,143900.83,2024-04-10,2024-05-10,closed,2024-05-13,33,3,False,False,seasonal_payer
INV16001211,B016,B016-C1042,Retail Client 042,Retail & Distribution,30,204950.49,2024-06-07,2024-07-07,closed,2024-07-09,32,2,False,False,seasonal_payer
INV16001212,B016,B016-C1042,Retail Client 042,Retail & Distribution,30,185865.95,2024-06-08,2024-07-08,closed,2024-07-17,39,9,False,False,seasonal_payer
INV16001213,B016,B016-C1042,Retail Client 042,Retail & Distribution,30,158422.89,2024-06-12,2024-07-12,closed,2024-07-21,39,9,False,False,seasonal_payer
INV16001214,B016,B016-C1042,Retail Client 042,Retail & Distribution,30,204535.86,2024-06-22,2024-07-22,closed,2024-07-26,34,4,False,False,seasonal_payer
INV16001215,B016,B016-C1042,Retail Client 042,Retail & Distribution,30,321804.15,2024-08-19,2024-09-18,closed,2024-09-30,42,12,False,False,seasonal_payer
INV16001216,B016,B016-C1042,Retail Client 042,Retail & Distribution,30,233905.3,2024-09-08,2024-10-08,closed,2024-10-18,40,10,False,False,seasonal_payer
INV16001217,B016,B016-C1042,Retail Client 042,Retail & Distribution,30,477477.53,2024-09-21,2024-10-21,closed,2024-11-08,48,18,False,False,seasonal_payer
INV16001218,B016,B016-C1042,Retail Client 042,Retail & Distribution,30,235058.8,2024-09-26,2024-10-26,closed,2024-11-06,41,11,False,False,seasonal_payer
INV16001219,B016,B016-C1042,Retail Client 042,Retail & Distribution,30,278086.78,2024-09-29,2024-10-29,closed,2024-11-11,43,13,False,False,seasonal_payer
INV16001220,B016,B016-C1042,Retail Client 042,Retail & Distribution,30,281023.61,2024-10-05,2024-11-04,closed,2024-11-12,38,8,False,False,seasonal_payer
INV16001221,B016,B016-C1042,Retail Client 042,Retail & Distribution,30,414550.37,2024-11-11,2024-12-11,closed,2024-12-29,48,18,False,False,seasonal_payer
INV16001222,B016,B016-C1042,Retail Client 042,Retail & Distribution,30,247657.98,2024-11-26,2024-12-26,closed,2025-01-20,55,25,False,False,seasonal_payer
INV16001223,B016,B016-C1042,Retail Client 042,Retail & Distribution,30,190704.12,2024-11-26,2024-12-26,closed,2025-01-02,37,7,False,False,seasonal_payer
INV16001224,B016,B016-C1042,Retail Client 042,Retail & Distribution,30,225406.96,2024-12-25,2025-01-24,closed,2025-02-10,47,17,False,False,seasonal_payer
INV16001225,B016,B016-C1042,Retail Client 042,Retail & Distribution,30,360908.31,2025-02-14,2025-03-16,closed,2025-03-28,42,12,False,False,seasonal_payer
INV16001226,B016,B016-C1042,Retail Client 042,Retail & Distribution,30,224044.66,2025-03-23,2025-04-22,closed,2025-04-27,35,5,False,False,seasonal_payer
INV16001227,B016,B016-C1042,Retail Client 042,Retail & Distribution,30,235949.18,2025-03-26,2025-04-25,closed,2025-05-01,36,6,False,False,seasonal_payer
INV16001228,B016,B016-C1042,Retail Client 042,Retail & Distribution,30,243049.8,2025-04-08,2025-05-08,closed,2025-05-24,46,16,False,False,seasonal_payer
INV16001229,B016,B016-C1042,Retail Client 042,Retail & Distribution,30,227028.96,2025-05-08,2025-06-07,closed,2025-06-11,34,4,False,False,seasonal_payer
INV16001230,B016,B016-C1042,Retail Client 042,Retail & Distribution,30,297803.41,2025-05-19,2025-06-18,closed,2025-06-12,24,-6,False,False,seasonal_payer
INV16001231,B016,B016-C1042,Retail Client 042,Retail & Distribution,30,347400.09,2025-07-15,2025-08-14,closed,2025-08-17,33,3,False,False,seasonal_payer
INV16001232,B016,B016-C1042,Retail Client 042,Retail & Distribution,30,375248.38,2025-07-31,2025-08-30,closed,2025-09-03,34,4,False,False,seasonal_payer
INV16001233,B016,B016-C1042,Retail Client 042,Retail & Distribution,30,584436.49,2025-08-04,2025-09-03,closed,2025-09-14,41,11,False,True,seasonal_payer
INV16001234,B016,B016-C1042,Retail Client 042,Retail & Distribution,30,343453.09,2025-09-03,2025-10-03,closed,2025-10-23,50,20,False,False,seasonal_payer
INV16001235,B016,B016-C1042,Retail Client 042,Retail & Distribution,30,188838.53,2025-10-26,2025-11-25,closed,2025-12-03,38,8,False,False,seasonal_payer
INV16001236,B016,B016-C1042,Retail Client 042,Retail & Distribution,30,549321.81,2025-12-03,2026-01-02,closed,2026-01-08,36,6,False,False,seasonal_payer
INV16001237,B016,B016-C1042,Retail Client 042,Retail & Distribution,30,764675.18,2026-02-10,2026-03-12,closed,2026-03-08,26,-4,False,True,seasonal_payer
INV16001238,B016,B016-C1042,Retail Client 042,Retail & Distribution,30,266575.67,2026-02-18,2026-03-20,closed,2026-03-24,34,4,False,False,seasonal_payer
INV16001239,B016,B016-C1042,Retail Client 042,Retail & Distribution,30,146950.24,2026-03-12,2026-04-11,closed,2026-04-20,39,9,False,False,seasonal_payer
INV16001240,B016,B016-C1042,Retail Client 042,Retail & Distribution,30,364994.22,2026-03-22,2026-04-21,closed,2026-04-24,33,3,False,False,seasonal_payer
INV16001241,B016,B016-C1042,Retail Client 042,Retail & Distribution,30,337375.06,2026-04-15,2026-05-15,closed,2026-05-18,33,3,False,False,seasonal_payer
INV16001242,B016,B016-C1042,Retail Client 042,Retail & Distribution,30,303385.93,2026-04-29,2026-05-29,closed,2026-05-28,29,-1,False,False,seasonal_payer
INV16001243,B016,B016-C1042,Retail Client 042,Retail & Distribution,30,272011.72,2026-06-04,2026-07-04,closed,2026-07-04,30,0,False,False,seasonal_payer
INV16001244,B016,B016-C1042,Retail Client 042,Retail & Distribution,30,177097.96,2026-08-05,2026-09-04,open,,,,False,False,seasonal_payer
INV16001245,B016,B016-C1043,Electronics Client 043,Electronics & Electricals,45,320793.71,2024-04-08,2024-05-23,closed,2024-05-30,52,7,False,False,erratic_payer
INV16001246,B016,B016-C1043,Electronics Client 043,Electronics & Electricals,45,221897.38,2024-04-08,2024-05-23,closed,2024-05-25,47,2,False,False,erratic_payer
INV16001247,B016,B016-C1043,Electronics Client 043,Electronics & Electricals,45,174495.8,2024-04-25,2024-06-09,closed,2024-08-09,106,61,False,False,erratic_payer
INV16001248,B016,B016-C1043,Electronics Client 043,Electronics & Electricals,45,196927.61,2024-08-31,2024-10-15,closed,2024-10-22,52,7,False,False,erratic_payer
INV16001249,B016,B016-C1043,Electronics Client 043,Electronics & Electricals,45,248986.46,2024-10-19,2024-12-03,closed,2024-12-19,61,16,False,False,erratic_payer
INV16001250,B016,B016-C1043,Electronics Client 043,Electronics & Electricals,45,296918.09,2024-11-22,2025-01-06,closed,2025-01-05,44,-1,False,False,erratic_payer
INV16001251,B016,B016-C1043,Electronics Client 043,Electronics & Electricals,45,285226.91,2024-12-11,2025-01-25,closed,2025-01-30,50,5,False,False,erratic_payer
INV16001252,B016,B016-C1043,Electronics Client 043,Electronics & Electricals,45,297601.01,2025-01-12,2025-02-26,closed,2025-03-07,54,9,False,False,erratic_payer
INV16001253,B016,B016-C1043,Electronics Client 043,Electronics & Electricals,45,148174.32,2025-01-21,2025-03-07,closed,2025-03-15,53,8,False,False,erratic_payer
INV16001254,B016,B016-C1043,Electronics Client 043,Electronics & Electricals,45,268240.94,2025-03-14,2025-04-28,closed,2025-05-08,55,10,False,False,erratic_payer
INV16001255,B016,B016-C1043,Electronics Client 043,Electronics & Electricals,45,202942.37,2025-04-24,2025-06-08,closed,2025-06-07,44,-1,False,False,erratic_payer
INV16001256,B016,B016-C1043,Electronics Client 043,Electronics & Electricals,45,201097.84,2025-06-01,2025-07-16,closed,2025-07-14,43,-2,False,False,erratic_payer
INV16001257,B016,B016-C1043,Electronics Client 043,Electronics & Electricals,45,322536.67,2025-07-16,2025-08-30,closed,2025-09-01,47,2,False,False,erratic_payer
INV16001258,B016,B016-C1043,Electronics Client 043,Electronics & Electricals,45,364734.07,2025-07-22,2025-09-05,closed,2025-09-12,52,7,False,False,erratic_payer
INV16001259,B016,B016-C1043,Electronics Client 043,Electronics & Electricals,45,206715.4,2025-09-24,2025-11-08,closed,2025-11-27,64,19,False,False,erratic_payer
INV16001260,B016,B016-C1043,Electronics Client 043,Electronics & Electricals,45,123953.18,2025-10-15,2025-11-29,closed,2025-12-01,47,2,False,False,erratic_payer
INV16001261,B016,B016-C1043,Electronics Client 043,Electronics & Electricals,45,303745.58,2025-11-04,2025-12-19,closed,2026-01-01,58,13,False,False,erratic_payer
INV16001262,B016,B016-C1043,Electronics Client 043,Electronics & Electricals,45,176671.0,2025-11-11,2025-12-26,closed,2026-01-10,60,15,False,False,erratic_payer
INV16001263,B016,B016-C1043,Electronics Client 043,Electronics & Electricals,45,177614.69,2025-12-13,2026-01-27,closed,2026-02-08,57,12,False,False,erratic_payer
INV16001264,B016,B016-C1043,Electronics Client 043,Electronics & Electricals,45,181163.21,2025-12-15,2026-01-29,closed,2026-02-16,63,18,False,False,erratic_payer
INV16001265,B016,B016-C1043,Electronics Client 043,Electronics & Electricals,45,200249.75,2025-12-28,2026-02-11,closed,2026-02-18,52,7,False,False,erratic_payer
INV16001266,B016,B016-C1043,Electronics Client 043,Electronics & Electricals,45,163883.01,2026-03-12,2026-04-26,closed,2026-05-07,56,11,False,False,erratic_payer
INV16001267,B016,B016-C1043,Electronics Client 043,Electronics & Electricals,45,338213.98,2026-03-29,2026-05-13,closed,2026-05-28,60,15,False,False,erratic_payer
INV16001268,B016,B016-C1043,Electronics Client 043,Electronics & Electricals,45,504599.29,2026-04-03,2026-05-18,closed,2026-05-27,54,9,True,False,erratic_payer
INV16001269,B016,B016-C1043,Electronics Client 043,Electronics & Electricals,45,351199.56,2026-06-24,2026-08-08,open,,,,False,False,erratic_payer
INV16001270,B016,B016-C1043,Electronics Client 043,Electronics & Electricals,45,152872.22,2026-07-07,2026-08-21,closed,2026-08-27,51,6,False,False,erratic_payer
INV16001271,B016,B016-C1044,Construction Client 044,Construction & Infra,45,80411.42,2024-03-19,2024-05-03,closed,2024-05-04,46,1,False,False,erratic_payer
INV16001272,B016,B016-C1044,Construction Client 044,Construction & Infra,45,142525.42,2024-05-13,2024-06-27,closed,2024-06-29,47,2,False,False,erratic_payer
INV16001273,B016,B016-C1044,Construction Client 044,Construction & Infra,45,136673.79,2024-08-24,2024-10-08,closed,2024-11-20,88,43,False,False,erratic_payer
INV16001274,B016,B016-C1044,Construction Client 044,Construction & Infra,45,108087.79,2024-09-30,2024-11-14,closed,2024-11-28,59,14,False,False,erratic_payer
INV16001275,B016,B016-C1044,Construction Client 044,Construction & Infra,45,123113.77,2024-11-14,2024-12-29,closed,2025-01-08,55,10,False,False,erratic_payer
INV16001276,B016,B016-C1044,Construction Client 044,Construction & Infra,45,149826.39,2025-01-12,2025-02-26,closed,2025-03-03,50,5,False,False,erratic_payer
INV16001277,B016,B016-C1044,Construction Client 044,Construction & Infra,45,105382.0,2025-02-12,2025-03-29,closed,2025-03-29,45,0,False,False,erratic_payer
INV16001278,B016,B016-C1044,Construction Client 044,Construction & Infra,45,114641.1,2025-05-10,2025-06-24,closed,2025-06-23,44,-1,False,False,erratic_payer
INV16001279,B016,B016-C1044,Construction Client 044,Construction & Infra,45,245943.61,2025-06-13,2025-07-28,closed,2025-08-06,54,9,False,True,erratic_payer
INV16001280,B016,B016-C1044,Construction Client 044,Construction & Infra,45,104311.09,2025-09-15,2025-10-30,closed,2025-11-14,60,15,False,False,erratic_payer
INV16001281,B016,B016-C1044,Construction Client 044,Construction & Infra,45,516723.62,2025-09-16,2025-10-31,closed,2025-10-27,41,-4,False,True,erratic_payer
INV16001282,B016,B016-C1044,Construction Client 044,Construction & Infra,45,120208.7,2025-10-14,2025-11-28,closed,2025-11-25,42,-3,False,False,erratic_payer
INV16001283,B016,B016-C1044,Construction Client 044,Construction & Infra,45,109129.11,2025-12-26,2026-02-09,closed,2026-02-09,45,0,False,False,erratic_payer
INV16001284,B016,B016-C1044,Construction Client 044,Construction & Infra,45,165145.82,2026-01-12,2026-02-26,closed,2026-02-25,44,-1,False,False,erratic_payer
INV16001285,B016,B016-C1044,Construction Client 044,Construction & Infra,45,97886.08,2026-01-26,2026-03-12,closed,2026-06-13,138,93,False,False,erratic_payer
INV16001286,B016,B016-C1044,Construction Client 044,Construction & Infra,45,73142.85,2026-02-24,2026-04-10,open,,,,False,False,erratic_payer
INV16001287,B016,B016-C1044,Construction Client 044,Construction & Infra,45,114207.53,2026-06-27,2026-08-11,closed,2026-07-29,32,-13,False,False,erratic_payer
INV16001288,B016,B016-C1044,Construction Client 044,Construction & Infra,45,89361.99,2026-07-09,2026-08-23,closed,2026-08-16,38,-7,False,False,erratic_payer
INV16001289,B016,B016-C1044,Construction Client 044,Construction & Infra,45,84668.74,2026-07-16,2026-08-30,closed,2026-08-30,45,0,True,False,erratic_payer
INV16001290,B016,B016-C1044,Construction Client 044,Construction & Infra,45,72186.76,2026-07-27,2026-09-10,open,,,,False,False,erratic_payer
INV16001291,B016,B016-C1044,Construction Client 044,Construction & Infra,45,63854.35,2026-08-02,2026-09-16,open,,,,False,False,erratic_payer
INV16001292,B016,B016-C1045,Pharma Client 045,Pharma & Healthcare,45,93634.41,2024-08-24,2024-10-08,closed,2024-10-15,52,7,False,False,cold_start
INV16001293,B016,B016-C1045,Pharma Client 045,Pharma & Healthcare,45,361422.62,2025-03-07,2025-04-21,closed,2025-04-30,54,9,False,True,cold_start
INV16001294,B016,B016-C1046,Metal Client 046,Metal & Engineering,90,110238.97,2024-04-13,2024-07-12,closed,2024-08-10,119,29,False,False,improving_payer
INV16001295,B016,B016-C1046,Metal Client 046,Metal & Engineering,90,102842.18,2024-04-18,2024-07-17,closed,2024-08-14,118,28,False,False,improving_payer
INV16001296,B016,B016-C1046,Metal Client 046,Metal & Engineering,90,82629.85,2024-05-03,2024-08-01,closed,2024-09-06,126,36,False,False,improving_payer
INV16001297,B016,B016-C1046,Metal Client 046,Metal & Engineering,90,110415.83,2024-05-10,2024-08-08,closed,2024-09-13,126,36,False,False,improving_payer
INV16001298,B016,B016-C1046,Metal Client 046,Metal & Engineering,90,65415.74,2024-06-19,2024-09-17,closed,2024-10-20,123,33,False,False,improving_payer
INV16001299,B016,B016-C1046,Metal Client 046,Metal & Engineering,90,109507.08,2024-06-29,2024-09-27,closed,2024-10-16,109,19,False,False,improving_payer
INV16001300,B016,B016-C1046,Metal Client 046,Metal & Engineering,90,64342.63,2024-07-04,2024-10-02,closed,2024-11-05,124,34,False,False,improving_payer
INV16001301,B016,B016-C1046,Metal Client 046,Metal & Engineering,90,75397.16,2024-07-30,2024-10-28,closed,2024-12-04,127,37,False,False,improving_payer
INV16001302,B016,B016-C1046,Metal Client 046,Metal & Engineering,90,149043.44,2024-08-12,2024-11-10,closed,2024-12-19,129,39,False,False,improving_payer
INV16001303,B016,B016-C1046,Metal Client 046,Metal & Engineering,90,93663.87,2024-08-21,2024-11-19,closed,2024-12-19,120,30,False,False,improving_payer
INV16001304,B016,B016-C1046,Metal Client 046,Metal & Engineering,90,110088.35,2024-08-29,2024-11-27,closed,2024-12-14,107,17,False,False,improving_payer
INV16001305,B016,B016-C1046,Metal Client 046,Metal & Engineering,90,98529.34,2024-10-22,2025-01-20,closed,2025-01-26,96,6,False,False,improving_payer
INV16001306,B016,B016-C1046,Metal Client 046,Metal & Engineering,90,90739.96,2024-11-12,2025-02-10,closed,2025-02-09,89,-1,False,False,improving_payer
INV16001307,B016,B016-C1046,Metal Client 046,Metal & Engineering,90,99507.11,2024-11-26,2025-02-24,closed,2025-03-21,115,25,False,False,improving_payer
INV16001308,B016,B016-C1046,Metal Client 046,Metal & Engineering,90,156577.39,2024-12-10,2025-03-10,closed,2025-04-15,126,36,False,False,improving_payer
INV16001309,B016,B016-C1046,Metal Client 046,Metal & Engineering,90,107950.66,2024-12-11,2025-03-11,closed,2025-03-16,95,5,False,False,improving_payer
INV16001310,B016,B016-C1046,Metal Client 046,Metal & Engineering,90,129250.4,2025-01-19,2025-04-19,closed,2025-05-03,104,14,False,False,improving_payer
INV16001311,B016,B016-C1046,Metal Client 046,Metal & Engineering,90,112020.72,2025-01-22,2025-04-22,closed,2025-05-28,126,36,True,False,improving_payer
INV16001312,B016,B016-C1046,Metal Client 046,Metal & Engineering,90,119968.31,2025-03-11,2025-06-09,closed,2025-07-07,118,28,False,False,improving_payer
INV16001313,B016,B016-C1046,Metal Client 046,Metal & Engineering,90,67153.6,2025-04-17,2025-07-16,closed,2025-07-18,92,2,False,False,improving_payer
INV16001314,B016,B016-C1046,Metal Client 046,Metal & Engineering,90,394597.22,2025-06-02,2025-08-31,closed,2025-09-20,110,20,False,True,improving_payer
INV16001315,B016,B016-C1046,Metal Client 046,Metal & Engineering,90,68797.05,2025-06-14,2025-09-12,closed,2025-10-04,112,22,False,False,improving_payer
INV16001316,B016,B016-C1046,Metal Client 046,Metal & Engineering,90,103350.3,2025-06-29,2025-09-27,closed,2025-10-08,101,11,False,False,improving_payer
INV16001317,B016,B016-C1046,Metal Client 046,Metal & Engineering,90,90809.11,2025-07-06,2025-10-04,closed,2025-10-23,109,19,False,False,improving_payer
INV16001318,B016,B016-C1046,Metal Client 046,Metal & Engineering,90,127105.3,2025-08-30,2025-11-28,closed,2025-12-07,99,9,False,False,improving_payer
INV16001319,B016,B016-C1046,Metal Client 046,Metal & Engineering,90,85033.86,2025-09-07,2025-12-06,closed,2025-12-10,94,4,False,False,improving_payer
INV16001320,B016,B016-C1046,Metal Client 046,Metal & Engineering,90,79363.92,2025-12-10,2026-03-10,closed,2026-03-27,107,17,False,False,improving_payer
INV16001321,B016,B016-C1046,Metal Client 046,Metal & Engineering,90,163172.36,2026-01-02,2026-04-02,disputed_open,,,,False,False,improving_payer
INV16001322,B016,B016-C1046,Metal Client 046,Metal & Engineering,90,71964.42,2026-02-05,2026-05-06,closed,2026-05-16,100,10,False,False,improving_payer
INV16001323,B016,B016-C1046,Metal Client 046,Metal & Engineering,90,70192.71,2026-03-17,2026-06-15,closed,2026-06-22,97,7,False,False,improving_payer
INV16001324,B016,B016-C1046,Metal Client 046,Metal & Engineering,90,83594.55,2026-08-22,2026-11-20,open,,,,False,False,improving_payer
INV16001325,B016,B016-C1047,Auto Client 047,Auto Components,30,30157.17,2024-06-14,2024-07-14,closed,2024-07-25,41,11,False,False,average_payer
INV16001326,B016,B016-C1047,Auto Client 047,Auto Components,30,133882.24,2024-07-25,2024-08-24,closed,2024-08-31,37,7,False,True,average_payer
INV16001327,B016,B016-C1047,Auto Client 047,Auto Components,30,158583.7,2024-08-04,2024-09-03,closed,2024-09-12,39,9,False,True,average_payer
INV16001328,B016,B016-C1047,Auto Client 047,Auto Components,30,24270.85,2024-08-15,2024-09-14,closed,2024-09-24,40,10,False,False,average_payer
INV16001329,B016,B016-C1047,Auto Client 047,Auto Components,30,48172.14,2024-10-23,2024-11-22,closed,2024-11-27,35,5,False,False,average_payer
INV16001330,B016,B016-C1047,Auto Client 047,Auto Components,30,22048.44,2024-11-13,2024-12-13,closed,2024-12-18,35,5,False,False,average_payer
INV16001331,B016,B016-C1047,Auto Client 047,Auto Components,30,120245.42,2025-07-27,2025-08-26,closed,2025-08-28,32,2,False,True,average_payer
INV16001332,B016,B016-C1047,Auto Client 047,Auto Components,30,39983.68,2025-08-20,2025-09-19,closed,2025-09-10,21,-9,False,False,average_payer
INV16001333,B016,B016-C1047,Auto Client 047,Auto Components,30,48594.06,2025-12-15,2026-01-14,closed,2026-01-15,31,1,False,False,average_payer
INV16001334,B016,B016-C1047,Auto Client 047,Auto Components,30,103963.17,2025-12-31,2026-01-30,closed,2026-02-02,33,3,True,True,average_payer
INV16001335,B016,B016-C1047,Auto Client 047,Auto Components,30,24155.54,2026-01-01,2026-01-31,closed,2026-02-02,32,2,False,False,average_payer
INV16001336,B016,B016-C1047,Auto Client 047,Auto Components,30,51948.8,2026-02-26,2026-03-28,closed,2026-04-14,47,17,False,False,average_payer
INV16001337,B016,B016-C1047,Auto Client 047,Auto Components,30,32594.06,2026-07-15,2026-08-14,closed,2026-08-24,40,10,False,False,average_payer
INV16001338,B016,B016-C1048,Retail Client 048,Retail & Distribution,45,41004.88,2024-12-23,2025-02-06,closed,2025-03-03,70,25,False,False,average_payer
INV16001339,B016,B016-C1048,Retail Client 048,Retail & Distribution,45,31500.95,2025-04-16,2025-05-31,closed,2025-05-27,41,-4,False,False,average_payer
INV16001340,B016,B016-C1048,Retail Client 048,Retail & Distribution,45,26169.05,2026-03-13,2026-04-27,closed,2026-04-22,40,-5,False,False,average_payer
INV16001341,B016,B016-C1048,Retail Client 048,Retail & Distribution,45,61522.24,2026-04-07,2026-05-22,closed,2026-06-01,55,10,False,True,average_payer
INV16001342,B016,B016-C1048,Retail Client 048,Retail & Distribution,45,48938.48,2026-05-26,2026-07-10,closed,2026-07-08,43,-2,False,False,average_payer
INV16001343,B016,B016-C1049,Chemicals Client 049,Chemicals & Plastics,30,86512.59,2024-03-26,2024-04-25,closed,2024-04-23,28,-2,False,False,prompt_payer
INV16001344,B016,B016-C1049,Chemicals Client 049,Chemicals & Plastics,30,109655.86,2024-03-26,2024-04-25,closed,2024-04-24,29,-1,False,False,prompt_payer
INV16001345,B016,B016-C1049,Chemicals Client 049,Chemicals & Plastics,30,90455.64,2024-04-30,2024-05-30,closed,2024-05-27,27,-3,False,False,prompt_payer
INV16001346,B016,B016-C1049,Chemicals Client 049,Chemicals & Plastics,30,58864.52,2024-05-20,2024-06-19,closed,2024-06-19,30,0,False,False,prompt_payer
INV16001347,B016,B016-C1049,Chemicals Client 049,Chemicals & Plastics,30,91551.18,2024-06-07,2024-07-07,closed,2024-07-13,36,6,False,False,prompt_payer
INV16001348,B016,B016-C1049,Chemicals Client 049,Chemicals & Plastics,30,31578.21,2024-07-30,2024-08-29,closed,2024-08-31,32,2,False,False,prompt_payer
INV16001349,B016,B016-C1049,Chemicals Client 049,Chemicals & Plastics,30,143505.69,2024-08-21,2024-09-20,closed,2024-09-19,29,-1,False,False,prompt_payer
INV16001350,B016,B016-C1049,Chemicals Client 049,Chemicals & Plastics,30,75002.67,2024-08-29,2024-09-28,closed,2024-09-25,27,-3,False,False,prompt_payer
INV16001351,B016,B016-C1049,Chemicals Client 049,Chemicals & Plastics,30,37927.02,2024-08-30,2024-09-29,closed,2024-09-25,26,-4,False,False,prompt_payer
INV16001352,B016,B016-C1049,Chemicals Client 049,Chemicals & Plastics,30,67131.88,2024-09-07,2024-10-07,closed,2024-10-03,26,-4,False,False,prompt_payer
INV16001353,B016,B016-C1049,Chemicals Client 049,Chemicals & Plastics,30,51068.95,2024-09-18,2024-10-18,closed,2024-10-21,33,3,False,False,prompt_payer
INV16001354,B016,B016-C1049,Chemicals Client 049,Chemicals & Plastics,30,119932.81,2024-10-10,2024-11-09,closed,2024-11-01,22,-8,False,False,prompt_payer
INV16001355,B016,B016-C1049,Chemicals Client 049,Chemicals & Plastics,30,84059.72,2024-10-14,2024-11-13,closed,2024-11-14,31,1,False,False,prompt_payer
INV16001356,B016,B016-C1049,Chemicals Client 049,Chemicals & Plastics,30,70827.43,2024-10-29,2024-11-28,closed,2024-12-03,35,5,False,False,prompt_payer
INV16001357,B016,B016-C1049,Chemicals Client 049,Chemicals & Plastics,30,91435.78,2024-11-02,2024-12-02,closed,2024-11-30,28,-2,False,False,prompt_payer
INV16001358,B016,B016-C1049,Chemicals Client 049,Chemicals & Plastics,30,68817.64,2024-11-07,2024-12-07,closed,2024-12-07,30,0,False,False,prompt_payer
INV16001359,B016,B016-C1049,Chemicals Client 049,Chemicals & Plastics,30,71760.1,2024-12-31,2025-01-30,closed,2025-01-31,31,1,False,False,prompt_payer
INV16001360,B016,B016-C1049,Chemicals Client 049,Chemicals & Plastics,30,102633.2,2025-02-20,2025-03-22,closed,2025-03-20,28,-2,False,False,prompt_payer
INV16001361,B016,B016-C1049,Chemicals Client 049,Chemicals & Plastics,30,90494.46,2025-02-23,2025-03-25,closed,2025-03-22,27,-3,False,False,prompt_payer
INV16001362,B016,B016-C1049,Chemicals Client 049,Chemicals & Plastics,30,151347.48,2025-03-20,2025-04-19,closed,2025-04-18,29,-1,False,False,prompt_payer
INV16001363,B016,B016-C1049,Chemicals Client 049,Chemicals & Plastics,30,108176.09,2025-03-23,2025-04-22,closed,2025-04-17,25,-5,False,False,prompt_payer
INV16001364,B016,B016-C1049,Chemicals Client 049,Chemicals & Plastics,30,75124.09,2025-04-29,2025-05-29,closed,2025-05-31,32,2,False,False,prompt_payer
INV16001365,B016,B016-C1049,Chemicals Client 049,Chemicals & Plastics,30,64038.91,2025-05-11,2025-06-10,closed,2025-06-10,30,0,False,False,prompt_payer
INV16001366,B016,B016-C1049,Chemicals Client 049,Chemicals & Plastics,30,95373.58,2025-05-18,2025-06-17,closed,2025-06-21,34,4,False,False,prompt_payer
INV16001367,B016,B016-C1049,Chemicals Client 049,Chemicals & Plastics,30,75078.12,2025-05-30,2025-06-29,closed,2025-07-03,34,4,False,False,prompt_payer
INV16001368,B016,B016-C1049,Chemicals Client 049,Chemicals & Plastics,30,99689.79,2025-06-05,2025-07-05,closed,2025-07-05,30,0,False,False,prompt_payer
INV16001369,B016,B016-C1049,Chemicals Client 049,Chemicals & Plastics,30,87780.54,2025-06-10,2025-07-10,closed,2025-07-07,27,-3,False,False,prompt_payer
INV16001370,B016,B016-C1049,Chemicals Client 049,Chemicals & Plastics,30,94283.18,2025-07-03,2025-08-02,closed,2025-08-05,33,3,False,False,prompt_payer
INV16001371,B016,B016-C1049,Chemicals Client 049,Chemicals & Plastics,30,102191.23,2025-09-06,2025-10-06,closed,2025-10-08,32,2,False,False,prompt_payer
INV16001372,B016,B016-C1049,Chemicals Client 049,Chemicals & Plastics,30,71887.2,2025-09-16,2025-10-16,closed,2025-10-16,30,0,False,False,prompt_payer
INV16001373,B016,B016-C1049,Chemicals Client 049,Chemicals & Plastics,30,38254.79,2025-10-10,2025-11-09,closed,2025-11-12,33,3,False,False,prompt_payer
INV16001374,B016,B016-C1049,Chemicals Client 049,Chemicals & Plastics,30,102267.33,2025-10-24,2025-11-23,closed,2025-11-25,32,2,False,False,prompt_payer
INV16001375,B016,B016-C1049,Chemicals Client 049,Chemicals & Plastics,30,93121.08,2025-11-01,2025-12-01,closed,2025-12-02,31,1,False,False,prompt_payer
INV16001376,B016,B016-C1049,Chemicals Client 049,Chemicals & Plastics,30,103419.92,2025-11-14,2025-12-14,closed,2025-12-09,25,-5,False,False,prompt_payer
INV16001377,B016,B016-C1049,Chemicals Client 049,Chemicals & Plastics,30,55919.82,2025-12-09,2026-01-08,closed,2026-01-15,37,7,False,False,prompt_payer
INV16001378,B016,B016-C1049,Chemicals Client 049,Chemicals & Plastics,30,251973.46,2025-12-25,2026-01-24,closed,2026-01-27,33,3,False,True,prompt_payer
INV16001379,B016,B016-C1049,Chemicals Client 049,Chemicals & Plastics,30,94921.41,2025-12-27,2026-01-26,closed,2026-01-24,28,-2,False,False,prompt_payer
INV16001380,B016,B016-C1049,Chemicals Client 049,Chemicals & Plastics,30,51415.59,2026-01-01,2026-01-31,closed,2026-02-04,34,4,False,False,prompt_payer
INV16001381,B016,B016-C1049,Chemicals Client 049,Chemicals & Plastics,30,70684.47,2026-01-27,2026-02-26,closed,2026-02-28,32,2,False,False,prompt_payer
INV16001382,B016,B016-C1049,Chemicals Client 049,Chemicals & Plastics,30,78294.54,2026-02-01,2026-03-03,closed,2026-02-24,23,-7,False,False,prompt_payer
INV16001383,B016,B016-C1049,Chemicals Client 049,Chemicals & Plastics,30,73787.2,2026-02-08,2026-03-10,closed,2026-03-10,30,0,False,False,prompt_payer
INV16001384,B016,B016-C1049,Chemicals Client 049,Chemicals & Plastics,30,112426.92,2026-02-16,2026-03-18,closed,2026-03-19,31,1,False,False,prompt_payer
INV16001385,B016,B016-C1049,Chemicals Client 049,Chemicals & Plastics,30,42203.18,2026-03-06,2026-04-05,closed,2026-04-04,29,-1,False,False,prompt_payer
INV16001386,B016,B016-C1049,Chemicals Client 049,Chemicals & Plastics,30,65984.92,2026-03-15,2026-04-14,closed,2026-04-16,32,2,False,False,prompt_payer
INV16001387,B016,B016-C1049,Chemicals Client 049,Chemicals & Plastics,30,118254.43,2026-03-19,2026-04-18,closed,2026-04-15,27,-3,False,False,prompt_payer
INV16001388,B016,B016-C1049,Chemicals Client 049,Chemicals & Plastics,30,115683.01,2026-03-21,2026-04-20,closed,2026-04-25,35,5,True,False,prompt_payer
INV16001389,B016,B016-C1049,Chemicals Client 049,Chemicals & Plastics,30,88405.71,2026-04-12,2026-05-12,closed,2026-05-13,31,1,False,False,prompt_payer
INV16001390,B016,B016-C1049,Chemicals Client 049,Chemicals & Plastics,30,66387.12,2026-04-19,2026-05-19,closed,2026-05-15,26,-4,False,False,prompt_payer
INV16001391,B016,B016-C1049,Chemicals Client 049,Chemicals & Plastics,30,81252.07,2026-05-21,2026-06-20,closed,2026-06-24,34,4,False,False,prompt_payer
INV16001392,B016,B016-C1049,Chemicals Client 049,Chemicals & Plastics,30,79934.21,2026-05-30,2026-06-29,closed,2026-07-04,35,5,False,False,prompt_payer
INV16001393,B016,B016-C1049,Chemicals Client 049,Chemicals & Plastics,30,47110.58,2026-06-11,2026-07-11,closed,2026-07-10,29,-1,False,False,prompt_payer
INV16001394,B016,B016-C1049,Chemicals Client 049,Chemicals & Plastics,30,71264.22,2026-07-12,2026-08-11,closed,2026-08-10,29,-1,False,False,prompt_payer
INV16001395,B016,B016-C1049,Chemicals Client 049,Chemicals & Plastics,30,67288.48,2026-08-11,2026-09-10,open,,,,False,False,prompt_payer
INV16001396,B016,B016-C1049,Chemicals Client 049,Chemicals & Plastics,30,84987.4,2026-08-17,2026-09-16,disputed_open,,,,False,False,prompt_payer
INV16001397,B016,B016-C1050,Retail Client 050,Retail & Distribution,30,46352.95,2024-03-17,2024-04-16,closed,2024-04-23,37,7,False,False,seasonal_payer
INV16001398,B016,B016-C1050,Retail Client 050,Retail & Distribution,30,57776.23,2024-03-31,2024-04-30,closed,2024-05-09,39,9,False,False,seasonal_payer
INV16001399,B016,B016-C1050,Retail Client 050,Retail & Distribution,30,51065.39,2024-07-08,2024-08-07,closed,2024-08-08,31,1,False,False,seasonal_payer
INV16001400,B016,B016-C1050,Retail Client 050,Retail & Distribution,30,51455.76,2024-07-27,2024-08-26,closed,2024-09-07,42,12,False,False,seasonal_payer
INV16001401,B016,B016-C1050,Retail Client 050,Retail & Distribution,30,54667.96,2024-08-09,2024-09-08,closed,2024-09-10,32,2,True,False,seasonal_payer
INV16001402,B016,B016-C1050,Retail Client 050,Retail & Distribution,30,55078.43,2024-08-29,2024-09-28,open,,,,False,False,seasonal_payer
INV16001403,B016,B016-C1050,Retail Client 050,Retail & Distribution,30,56292.61,2024-09-03,2024-10-03,closed,2024-10-20,47,17,False,False,seasonal_payer
INV16001404,B016,B016-C1050,Retail Client 050,Retail & Distribution,30,45190.41,2024-09-25,2024-10-25,closed,2024-11-10,46,16,False,False,seasonal_payer
INV16001405,B016,B016-C1050,Retail Client 050,Retail & Distribution,30,63896.12,2024-09-28,2024-10-28,closed,2024-11-05,38,8,False,False,seasonal_payer
INV16001406,B016,B016-C1050,Retail Client 050,Retail & Distribution,30,67542.56,2024-10-02,2024-11-01,closed,2024-11-10,39,9,False,False,seasonal_payer
INV16001407,B016,B016-C1050,Retail Client 050,Retail & Distribution,30,42469.12,2024-10-27,2024-11-26,closed,2024-12-05,39,9,False,False,seasonal_payer
INV16001408,B016,B016-C1050,Retail Client 050,Retail & Distribution,30,164460.57,2025-06-05,2025-07-05,closed,2025-06-27,22,-8,False,True,seasonal_payer
INV16001409,B016,B016-C1050,Retail Client 050,Retail & Distribution,30,28593.95,2025-06-09,2025-07-09,closed,2025-07-09,30,0,False,False,seasonal_payer
INV16001410,B016,B016-C1050,Retail Client 050,Retail & Distribution,30,35263.97,2025-07-22,2025-08-21,closed,2025-08-25,34,4,False,False,seasonal_payer
INV16001411,B016,B016-C1050,Retail Client 050,Retail & Distribution,30,72766.51,2025-08-21,2025-09-20,closed,2025-09-17,27,-3,False,False,seasonal_payer
INV16001412,B016,B016-C1050,Retail Client 050,Retail & Distribution,30,41340.92,2025-11-17,2025-12-17,closed,2026-01-06,50,20,False,False,seasonal_payer
INV16001413,B016,B016-C1050,Retail Client 050,Retail & Distribution,30,46951.86,2026-01-16,2026-02-15,closed,2026-03-05,48,18,False,False,seasonal_payer
INV16001414,B016,B016-C1050,Retail Client 050,Retail & Distribution,30,52353.21,2026-03-16,2026-04-15,closed,2026-04-20,35,5,False,False,seasonal_payer
INV16001415,B016,B016-C1050,Retail Client 050,Retail & Distribution,30,44872.84,2026-03-18,2026-04-17,closed,2026-04-23,36,6,False,False,seasonal_payer
INV16001416,B016,B016-C1050,Retail Client 050,Retail & Distribution,30,45834.57,2026-04-03,2026-05-03,closed,2026-05-02,29,-1,False,False,seasonal_payer
INV16001417,B016,B016-C1050,Retail Client 050,Retail & Distribution,30,82877.87,2026-04-28,2026-05-28,closed,2026-05-30,32,2,False,False,seasonal_payer
INV16001418,B016,B016-C1050,Retail Client 050,Retail & Distribution,30,45832.6,2026-06-12,2026-07-12,closed,2026-07-08,26,-4,True,False,seasonal_payer
INV16001419,B016,B016-C1051,Retail Client 051,Retail & Distribution,90,8570.43,2024-05-22,2024-08-20,closed,2024-08-30,100,10,False,False,seasonal_payer
INV16001420,B016,B016-C1051,Retail Client 051,Retail & Distribution,90,10750.97,2024-06-04,2024-09-02,closed,2024-09-04,92,2,False,False,seasonal_payer
INV16001421,B016,B016-C1051,Retail Client 051,Retail & Distribution,90,15763.51,2024-07-11,2024-10-09,closed,2024-10-19,100,10,False,False,seasonal_payer
INV16001422,B016,B016-C1051,Retail Client 051,Retail & Distribution,90,10653.43,2024-07-22,2024-10-20,closed,2024-10-26,96,6,False,False,seasonal_payer
INV16001423,B016,B016-C1051,Retail Client 051,Retail & Distribution,90,15440.12,2024-08-09,2024-11-07,closed,2024-11-08,91,1,False,False,seasonal_payer
INV16001424,B016,B016-C1051,Retail Client 051,Retail & Distribution,90,10647.82,2024-12-05,2025-03-05,closed,2025-03-20,105,15,False,False,seasonal_payer
INV16001425,B016,B016-C1051,Retail Client 051,Retail & Distribution,90,9756.77,2025-01-08,2025-04-08,closed,2025-04-16,98,8,False,False,seasonal_payer
INV16001426,B016,B016-C1051,Retail Client 051,Retail & Distribution,90,18118.66,2025-01-13,2025-04-13,closed,2025-04-22,99,9,False,False,seasonal_payer
INV16001427,B016,B016-C1051,Retail Client 051,Retail & Distribution,90,12040.61,2025-02-12,2025-05-13,closed,2025-05-09,86,-4,False,False,seasonal_payer
INV16001428,B016,B016-C1051,Retail Client 051,Retail & Distribution,90,11252.68,2025-02-19,2025-05-20,closed,2025-05-27,97,7,False,False,seasonal_payer
INV16001429,B016,B016-C1051,Retail Client 051,Retail & Distribution,90,15058.52,2025-03-29,2025-06-27,closed,2025-06-25,88,-2,False,False,seasonal_payer
INV16001430,B016,B016-C1051,Retail Client 051,Retail & Distribution,90,12041.06,2025-04-01,2025-06-30,closed,2025-07-09,99,9,True,False,seasonal_payer
INV16001431,B016,B016-C1051,Retail Client 051,Retail & Distribution,90,9214.37,2025-05-01,2025-07-30,closed,2025-08-06,97,7,False,False,seasonal_payer
INV16001432,B016,B016-C1051,Retail Client 051,Retail & Distribution,90,27056.23,2025-06-16,2025-09-14,closed,2025-09-19,95,5,False,False,seasonal_payer
INV16001433,B016,B016-C1051,Retail Client 051,Retail & Distribution,90,22541.84,2025-06-24,2025-09-22,closed,2025-09-25,93,3,False,False,seasonal_payer
INV16001434,B016,B016-C1051,Retail Client 051,Retail & Distribution,90,12171.81,2025-07-07,2025-10-05,closed,2025-10-18,103,13,False,False,seasonal_payer
INV16001435,B016,B016-C1051,Retail Client 051,Retail & Distribution,90,16131.76,2025-10-08,2026-01-06,closed,2026-01-29,113,23,False,False,seasonal_payer
INV16001436,B016,B016-C1051,Retail Client 051,Retail & Distribution,90,10460.25,2026-02-13,2026-05-14,closed,2026-05-25,101,11,False,False,seasonal_payer
INV16001437,B016,B016-C1051,Retail Client 051,Retail & Distribution,90,12188.71,2026-02-21,2026-05-22,closed,2026-05-21,89,-1,False,False,seasonal_payer
INV16001438,B016,B016-C1051,Retail Client 051,Retail & Distribution,90,12909.03,2026-05-22,2026-08-20,closed,2026-08-17,87,-3,False,False,seasonal_payer
INV16001439,B016,B016-C1051,Retail Client 051,Retail & Distribution,90,13846.78,2026-05-31,2026-08-29,closed,2026-08-28,89,-1,False,False,seasonal_payer
INV16001440,B016,B016-C1051,Retail Client 051,Retail & Distribution,90,18081.16,2026-06-29,2026-09-27,open,,,,False,False,seasonal_payer
INV16001441,B016,B016-C1052,IT Client 052,IT & Business Services,45,100797.53,2024-03-19,2024-05-03,closed,2024-05-06,48,3,False,False,prompt_payer
INV16001442,B016,B016-C1052,IT Client 052,IT & Business Services,45,143667.28,2024-05-27,2024-07-11,closed,2024-07-12,46,1,False,False,prompt_payer
INV16001443,B016,B016-C1052,IT Client 052,IT & Business Services,45,52572.27,2024-08-02,2024-09-16,closed,2024-09-16,45,0,False,False,prompt_payer
INV16001444,B016,B016-C1052,IT Client 052,IT & Business Services,45,108249.12,2024-08-25,2024-10-09,closed,2024-10-11,47,2,False,False,prompt_payer
INV16001445,B016,B016-C1052,IT Client 052,IT & Business Services,45,70517.69,2024-09-19,2024-11-03,closed,2024-10-27,38,-7,False,False,prompt_payer
INV16001446,B016,B016-C1052,IT Client 052,IT & Business Services,45,137561.54,2024-11-22,2025-01-06,closed,2025-01-22,61,16,False,False,prompt_payer
INV16001447,B016,B016-C1052,IT Client 052,IT & Business Services,45,55151.79,2024-12-20,2025-02-03,closed,2025-01-28,39,-6,False,False,prompt_payer
INV16001448,B016,B016-C1052,IT Client 052,IT & Business Services,45,86800.81,2025-01-04,2025-02-18,closed,2025-02-18,45,0,False,False,prompt_payer
INV16001449,B016,B016-C1052,IT Client 052,IT & Business Services,45,61557.0,2025-03-06,2025-04-20,closed,2025-04-16,41,-4,False,False,prompt_payer
INV16001450,B016,B016-C1052,IT Client 052,IT & Business Services,45,84480.12,2025-03-18,2025-05-02,closed,2025-05-01,44,-1,False,False,prompt_payer
INV16001451,B016,B016-C1052,IT Client 052,IT & Business Services,45,96714.51,2025-03-25,2025-05-09,closed,2025-05-08,44,-1,False,False,prompt_payer
INV16001452,B016,B016-C1052,IT Client 052,IT & Business Services,45,111332.84,2025-05-21,2025-07-05,closed,2025-07-04,44,-1,True,False,prompt_payer
INV16001453,B016,B016-C1052,IT Client 052,IT & Business Services,45,117657.96,2025-07-21,2025-09-04,closed,2025-09-01,42,-3,False,False,prompt_payer
INV16001454,B016,B016-C1052,IT Client 052,IT & Business Services,45,127198.43,2025-09-10,2025-10-25,closed,2025-10-18,38,-7,False,False,prompt_payer
INV16001455,B016,B016-C1052,IT Client 052,IT & Business Services,45,97309.84,2025-09-24,2025-11-08,closed,2025-11-06,43,-2,False,False,prompt_payer
INV16001456,B016,B016-C1052,IT Client 052,IT & Business Services,45,76245.22,2025-12-16,2026-01-30,closed,2026-01-31,46,1,False,False,prompt_payer
INV16001457,B016,B016-C1052,IT Client 052,IT & Business Services,45,68432.1,2026-04-22,2026-06-06,closed,2026-06-12,51,6,False,False,prompt_payer
INV16001458,B016,B016-C1052,IT Client 052,IT & Business Services,45,78269.95,2026-04-24,2026-06-08,closed,2026-06-06,43,-2,False,False,prompt_payer
INV16001459,B016,B016-C1052,IT Client 052,IT & Business Services,45,151584.15,2026-05-08,2026-06-22,closed,2026-06-17,40,-5,False,False,prompt_payer
INV16001460,B016,B016-C1052,IT Client 052,IT & Business Services,45,136142.57,2026-06-15,2026-07-30,closed,2026-07-25,40,-5,False,False,prompt_payer
INV16001461,B016,B016-C1052,IT Client 052,IT & Business Services,45,80526.56,2026-07-25,2026-09-08,open,,,,False,False,prompt_payer
INV16001462,B016,B016-C1052,IT Client 052,IT & Business Services,45,38538.62,2026-08-24,2026-10-08,open,,,,False,False,prompt_payer
INV16001463,B016,B016-C1052,IT Client 052,IT & Business Services,45,425531.99,2026-08-25,2026-10-09,open,,,,False,True,prompt_payer
INV16001464,B016,B016-C1053,Textiles Client 053,Textiles & Apparel,45,15094.44,2024-04-03,2024-05-18,closed,2024-05-11,38,-7,False,False,prompt_payer
INV16001465,B016,B016-C1053,Textiles Client 053,Textiles & Apparel,45,28309.75,2024-04-12,2024-05-27,closed,2024-06-03,52,7,False,False,prompt_payer
INV16001466,B016,B016-C1053,Textiles Client 053,Textiles & Apparel,45,71580.25,2024-06-03,2024-07-18,closed,2024-07-18,45,0,False,True,prompt_payer
INV16001467,B016,B016-C1053,Textiles Client 053,Textiles & Apparel,45,19370.88,2024-06-29,2024-08-13,closed,2024-08-05,37,-8,False,False,prompt_payer
INV16001468,B016,B016-C1053,Textiles Client 053,Textiles & Apparel,45,36709.7,2024-08-07,2024-09-21,closed,2024-09-21,45,0,False,False,prompt_payer
INV16001469,B016,B016-C1053,Textiles Client 053,Textiles & Apparel,45,18577.57,2024-08-19,2024-10-03,closed,2024-10-01,43,-2,False,False,prompt_payer
INV16001470,B016,B016-C1053,Textiles Client 053,Textiles & Apparel,45,15742.34,2024-09-16,2024-10-31,closed,2024-11-03,48,3,False,False,prompt_payer
INV16001471,B016,B016-C1053,Textiles Client 053,Textiles & Apparel,45,23157.08,2024-10-28,2024-12-12,closed,2024-12-10,43,-2,False,False,prompt_payer
INV16001472,B016,B016-C1053,Textiles Client 053,Textiles & Apparel,45,15012.17,2025-01-05,2025-02-19,closed,2025-02-21,47,2,False,False,prompt_payer
INV16001473,B016,B016-C1053,Textiles Client 053,Textiles & Apparel,45,20358.27,2025-02-08,2025-03-25,closed,2025-03-26,46,1,False,False,prompt_payer
INV16001474,B016,B016-C1053,Textiles Client 053,Textiles & Apparel,45,21850.09,2025-02-13,2025-03-30,closed,2025-04-01,47,2,False,False,prompt_payer
INV16001475,B016,B016-C1053,Textiles Client 053,Textiles & Apparel,45,17531.41,2025-04-04,2025-05-19,closed,2025-05-18,44,-1,False,False,prompt_payer
INV16001476,B016,B016-C1053,Textiles Client 053,Textiles & Apparel,45,24999.31,2025-04-13,2025-05-28,closed,2025-05-26,43,-2,False,False,prompt_payer
INV16001477,B016,B016-C1053,Textiles Client 053,Textiles & Apparel,45,69095.52,2025-04-19,2025-06-03,closed,2025-06-02,44,-1,False,True,prompt_payer
INV16001478,B016,B016-C1053,Textiles Client 053,Textiles & Apparel,45,23541.2,2025-04-23,2025-06-07,closed,2025-06-11,49,4,False,False,prompt_payer
INV16001479,B016,B016-C1053,Textiles Client 053,Textiles & Apparel,45,24356.16,2025-04-26,2025-06-10,closed,2025-06-08,43,-2,False,False,prompt_payer
INV16001480,B016,B016-C1053,Textiles Client 053,Textiles & Apparel,45,19464.13,2025-09-10,2025-10-25,closed,2025-10-28,48,3,False,False,prompt_payer
INV16001481,B016,B016-C1053,Textiles Client 053,Textiles & Apparel,45,15697.08,2025-09-11,2025-10-26,closed,2025-11-03,53,8,False,False,prompt_payer
INV16001482,B016,B016-C1053,Textiles Client 053,Textiles & Apparel,45,23344.39,2025-10-04,2025-11-18,closed,2025-11-21,48,3,False,False,prompt_payer
INV16001483,B016,B016-C1053,Textiles Client 053,Textiles & Apparel,45,15340.07,2025-12-19,2026-02-02,closed,2026-02-05,48,3,False,False,prompt_payer
INV16001484,B016,B016-C1053,Textiles Client 053,Textiles & Apparel,45,20122.52,2026-01-17,2026-03-03,closed,2026-03-04,46,1,False,False,prompt_payer
INV16001485,B016,B016-C1053,Textiles Client 053,Textiles & Apparel,45,17695.87,2026-01-29,2026-03-15,closed,2026-03-11,41,-4,False,False,prompt_payer
INV16001486,B016,B016-C1053,Textiles Client 053,Textiles & Apparel,45,27996.6,2026-01-31,2026-03-17,closed,2026-03-14,42,-3,False,False,prompt_payer
INV16001487,B016,B016-C1053,Textiles Client 053,Textiles & Apparel,45,19630.25,2026-02-25,2026-04-11,closed,2026-04-10,44,-1,False,False,prompt_payer
INV16001488,B016,B016-C1053,Textiles Client 053,Textiles & Apparel,45,16031.15,2026-03-31,2026-05-15,closed,2026-05-15,45,0,False,False,prompt_payer
INV16001489,B016,B016-C1053,Textiles Client 053,Textiles & Apparel,45,12628.75,2026-05-06,2026-06-20,closed,2026-06-27,52,7,False,False,prompt_payer
INV16001490,B016,B016-C1053,Textiles Client 053,Textiles & Apparel,45,21548.79,2026-05-22,2026-07-06,closed,2026-07-06,45,0,False,False,prompt_payer
INV16001491,B016,B016-C1053,Textiles Client 053,Textiles & Apparel,45,30513.57,2026-07-26,2026-09-09,open,,,,False,False,prompt_payer
INV16001492,B016,B016-C1053,Textiles Client 053,Textiles & Apparel,45,12732.55,2026-08-31,2026-10-15,open,,,,False,False,prompt_payer
INV16001493,B016,B016-C1054,FMCG Client 054,FMCG & Food Processing,45,118375.7,2024-10-22,2024-12-06,closed,2024-12-10,49,4,False,False,average_payer
INV16001494,B016,B016-C1054,FMCG Client 054,FMCG & Food Processing,45,105288.47,2025-01-21,2025-03-07,closed,2025-03-12,50,5,False,False,average_payer
INV16001495,B016,B016-C1054,FMCG Client 054,FMCG & Food Processing,45,69182.89,2025-02-27,2025-04-13,closed,2025-04-20,52,7,True,False,average_payer
INV16001496,B016,B016-C1054,FMCG Client 054,FMCG & Food Processing,45,70053.5,2025-03-12,2025-04-26,closed,2025-05-07,56,11,False,False,average_payer
INV16001497,B016,B016-C1054,FMCG Client 054,FMCG & Food Processing,45,98867.21,2025-05-10,2025-06-24,closed,2025-07-02,53,8,False,False,average_payer
INV16001498,B016,B016-C1054,FMCG Client 054,FMCG & Food Processing,45,45379.58,2025-05-19,2025-07-03,closed,2025-07-16,58,13,False,False,average_payer
INV16001499,B016,B016-C1054,FMCG Client 054,FMCG & Food Processing,45,81638.91,2025-07-30,2025-09-13,closed,2025-09-18,50,5,False,False,average_payer
INV16001500,B016,B016-C1054,FMCG Client 054,FMCG & Food Processing,45,97982.33,2025-08-12,2025-09-26,closed,2025-09-30,49,4,False,False,average_payer
INV16001501,B016,B016-C1054,FMCG Client 054,FMCG & Food Processing,45,79330.85,2025-08-15,2025-09-29,closed,2025-10-02,48,3,False,False,average_payer
INV16001502,B016,B016-C1054,FMCG Client 054,FMCG & Food Processing,45,78194.96,2025-09-12,2025-10-27,closed,2025-10-30,48,3,False,False,average_payer
INV16001503,B016,B016-C1054,FMCG Client 054,FMCG & Food Processing,45,88386.09,2025-09-14,2025-10-29,closed,2025-10-26,42,-3,False,False,average_payer
INV16001504,B016,B016-C1054,FMCG Client 054,FMCG & Food Processing,45,93417.29,2025-10-12,2025-11-26,closed,2025-12-05,54,9,False,False,average_payer
INV16001505,B016,B016-C1054,FMCG Client 054,FMCG & Food Processing,45,110413.43,2025-11-28,2026-01-12,closed,2025-12-31,33,-12,False,False,average_payer
INV16001506,B016,B016-C1054,FMCG Client 054,FMCG & Food Processing,45,83877.42,2025-12-22,2026-02-05,closed,2026-02-01,41,-4,False,False,average_payer
INV16001507,B016,B016-C1054,FMCG Client 054,FMCG & Food Processing,45,96044.62,2025-12-28,2026-02-11,closed,2026-02-11,45,0,False,False,average_payer
INV16001508,B016,B016-C1054,FMCG Client 054,FMCG & Food Processing,45,156919.32,2026-01-24,2026-03-10,closed,2026-03-16,51,6,False,False,average_payer
INV16001509,B016,B016-C1054,FMCG Client 054,FMCG & Food Processing,45,79339.17,2026-03-23,2026-05-07,closed,2026-05-02,40,-5,False,False,average_payer
INV16001510,B016,B016-C1054,FMCG Client 054,FMCG & Food Processing,45,104121.5,2026-05-16,2026-06-30,closed,2026-06-27,42,-3,False,False,average_payer
INV16001511,B016,B016-C1054,FMCG Client 054,FMCG & Food Processing,45,66411.24,2026-08-16,2026-09-30,disputed_open,,,,False,False,average_payer
INV16001512,B016,B016-C1055,Chemicals Client 055,Chemicals & Plastics,15,21404.74,2024-05-22,2024-06-06,closed,2024-06-09,18,3,False,False,prompt_payer
INV16001513,B016,B016-C1055,Chemicals Client 055,Chemicals & Plastics,15,76219.9,2024-05-27,2024-06-11,closed,2024-06-10,14,-1,False,True,prompt_payer
INV16001514,B016,B016-C1055,Chemicals Client 055,Chemicals & Plastics,15,30122.5,2024-08-17,2024-09-01,closed,2024-09-06,20,5,False,False,prompt_payer
INV16001515,B016,B016-C1055,Chemicals Client 055,Chemicals & Plastics,15,16688.19,2024-11-08,2024-11-23,open,,,,False,False,prompt_payer
INV16001516,B016,B016-C1055,Chemicals Client 055,Chemicals & Plastics,15,16863.02,2024-11-11,2024-11-26,closed,2024-12-02,21,6,False,False,prompt_payer
INV16001517,B016,B016-C1055,Chemicals Client 055,Chemicals & Plastics,15,19624.13,2024-12-03,2024-12-18,closed,2024-12-22,19,4,False,False,prompt_payer
INV16001518,B016,B016-C1055,Chemicals Client 055,Chemicals & Plastics,15,15498.68,2024-12-14,2024-12-29,closed,2024-12-29,15,0,False,False,prompt_payer
INV16001519,B016,B016-C1055,Chemicals Client 055,Chemicals & Plastics,15,20135.53,2024-12-15,2024-12-30,closed,2024-12-31,16,1,False,False,prompt_payer
INV16001520,B016,B016-C1055,Chemicals Client 055,Chemicals & Plastics,15,25119.44,2024-12-18,2025-01-02,closed,2025-01-04,17,2,False,False,prompt_payer
INV16001521,B016,B016-C1055,Chemicals Client 055,Chemicals & Plastics,15,20690.2,2025-01-25,2025-02-09,closed,2025-02-06,12,-3,False,False,prompt_payer
INV16001522,B016,B016-C1055,Chemicals Client 055,Chemicals & Plastics,15,27794.67,2025-02-23,2025-03-10,closed,2025-03-11,16,1,False,False,prompt_payer
INV16001523,B016,B016-C1055,Chemicals Client 055,Chemicals & Plastics,15,19283.87,2025-03-17,2025-04-01,closed,2025-03-30,13,-2,False,False,prompt_payer
INV16001524,B016,B016-C1055,Chemicals Client 055,Chemicals & Plastics,15,21230.88,2025-03-17,2025-04-01,closed,2025-03-29,12,-3,False,False,prompt_payer
INV16001525,B016,B016-C1055,Chemicals Client 055,Chemicals & Plastics,15,11622.55,2025-04-28,2025-05-13,closed,2025-05-12,14,-1,False,False,prompt_payer
INV16001526,B016,B016-C1055,Chemicals Client 055,Chemicals & Plastics,15,23354.63,2025-05-18,2025-06-02,closed,2025-05-28,10,-5,False,False,prompt_payer
INV16001527,B016,B016-C1055,Chemicals Client 055,Chemicals & Plastics,15,15992.21,2025-05-31,2025-06-15,closed,2025-06-12,12,-3,False,False,prompt_payer
INV16001528,B016,B016-C1055,Chemicals Client 055,Chemicals & Plastics,15,29331.18,2025-06-12,2025-06-27,closed,2025-06-26,14,-1,False,False,prompt_payer
INV16001529,B016,B016-C1055,Chemicals Client 055,Chemicals & Plastics,15,20392.14,2025-08-09,2025-08-24,closed,2025-08-22,13,-2,False,False,prompt_payer
INV16001530,B016,B016-C1055,Chemicals Client 055,Chemicals & Plastics,15,20098.93,2025-10-13,2025-10-28,closed,2025-11-02,20,5,False,False,prompt_payer
INV16001531,B016,B016-C1055,Chemicals Client 055,Chemicals & Plastics,15,15336.65,2025-12-06,2025-12-21,closed,2025-12-15,9,-6,False,False,prompt_payer
INV16001532,B016,B016-C1055,Chemicals Client 055,Chemicals & Plastics,15,22142.33,2025-12-13,2025-12-28,closed,2025-12-30,17,2,False,False,prompt_payer
INV16001533,B016,B016-C1055,Chemicals Client 055,Chemicals & Plastics,15,26807.59,2026-01-23,2026-02-07,closed,2026-02-11,19,4,False,False,prompt_payer
INV16001534,B016,B016-C1055,Chemicals Client 055,Chemicals & Plastics,15,10475.88,2026-02-20,2026-03-07,closed,2026-03-13,21,6,False,False,prompt_payer
INV16001535,B016,B016-C1055,Chemicals Client 055,Chemicals & Plastics,15,13757.93,2026-03-02,2026-03-17,closed,2026-03-18,16,1,False,False,prompt_payer
INV16001536,B016,B016-C1055,Chemicals Client 055,Chemicals & Plastics,15,54015.45,2026-03-05,2026-03-20,closed,2026-03-29,24,9,False,True,prompt_payer
INV16001537,B016,B016-C1055,Chemicals Client 055,Chemicals & Plastics,15,14329.73,2026-05-14,2026-05-29,closed,2026-05-25,11,-4,False,False,prompt_payer
INV16001538,B016,B016-C1055,Chemicals Client 055,Chemicals & Plastics,15,18204.63,2026-05-18,2026-06-02,closed,2026-05-27,9,-6,False,False,prompt_payer
INV16001539,B016,B016-C1055,Chemicals Client 055,Chemicals & Plastics,15,18019.99,2026-06-06,2026-06-21,closed,2026-06-19,13,-2,False,False,prompt_payer
INV16001540,B016,B016-C1055,Chemicals Client 055,Chemicals & Plastics,15,16380.71,2026-06-22,2026-07-07,closed,2026-07-06,14,-1,False,False,prompt_payer
INV16001541,B016,B016-C1055,Chemicals Client 055,Chemicals & Plastics,15,25994.31,2026-08-07,2026-08-22,closed,2026-08-19,12,-3,False,False,prompt_payer
INV16001542,B016,B016-C1055,Chemicals Client 055,Chemicals & Plastics,15,22293.55,2026-08-18,2026-09-02,open,,,,False,False,prompt_payer
INV16001543,B016,B016-C1056,Auto Client 056,Auto Components,45,8900.43,2024-04-25,2024-06-09,closed,2024-07-06,72,27,False,False,chronic_late_payer
INV16001544,B016,B016-C1056,Auto Client 056,Auto Components,45,11997.99,2024-06-02,2024-07-17,closed,2024-08-10,69,24,False,False,chronic_late_payer
INV16001545,B016,B016-C1056,Auto Client 056,Auto Components,45,15291.04,2024-07-24,2024-09-07,closed,2024-10-19,87,42,False,False,chronic_late_payer
INV16001546,B016,B016-C1056,Auto Client 056,Auto Components,45,12958.73,2024-08-23,2024-10-07,closed,2024-11-19,88,43,False,False,chronic_late_payer
INV16001547,B016,B016-C1056,Auto Client 056,Auto Components,45,13654.13,2024-09-07,2024-10-22,open,,,,False,False,chronic_late_payer
INV16001548,B016,B016-C1056,Auto Client 056,Auto Components,45,11154.95,2024-09-14,2024-10-29,closed,2024-11-21,68,23,False,False,chronic_late_payer
INV16001549,B016,B016-C1056,Auto Client 056,Auto Components,45,19546.81,2024-12-01,2025-01-15,closed,2025-02-05,66,21,False,False,chronic_late_payer
INV16001550,B016,B016-C1056,Auto Client 056,Auto Components,45,8881.69,2024-12-19,2025-02-02,closed,2025-03-17,88,43,False,False,chronic_late_payer
INV16001551,B016,B016-C1056,Auto Client 056,Auto Components,45,9756.84,2025-03-30,2025-05-14,closed,2025-06-27,89,44,False,False,chronic_late_payer
INV16001552,B016,B016-C1056,Auto Client 056,Auto Components,45,6539.3,2025-04-21,2025-06-05,closed,2025-07-12,82,37,False,False,chronic_late_payer
INV16001553,B016,B016-C1056,Auto Client 056,Auto Components,45,14083.0,2025-07-07,2025-08-21,closed,2025-09-17,72,27,False,False,chronic_late_payer
INV16001554,B016,B016-C1056,Auto Client 056,Auto Components,45,10112.8,2025-07-15,2025-08-29,closed,2025-09-29,76,31,False,False,chronic_late_payer
INV16001555,B016,B016-C1056,Auto Client 056,Auto Components,45,11398.95,2025-07-29,2025-09-12,closed,2025-10-23,86,41,False,False,chronic_late_payer
INV16001556,B016,B016-C1056,Auto Client 056,Auto Components,45,9425.77,2025-08-04,2025-09-18,closed,2025-11-13,101,56,True,False,chronic_late_payer
INV16001557,B016,B016-C1056,Auto Client 056,Auto Components,45,16679.61,2025-08-18,2025-10-02,closed,2025-10-19,62,17,False,False,chronic_late_payer
INV16001558,B016,B016-C1056,Auto Client 056,Auto Components,45,9816.97,2025-12-13,2026-01-27,closed,2026-02-22,71,26,False,False,chronic_late_payer
INV16001559,B016,B016-C1056,Auto Client 056,Auto Components,45,12545.69,2026-02-12,2026-03-29,closed,2026-04-30,77,32,False,False,chronic_late_payer
INV16001560,B016,B016-C1056,Auto Client 056,Auto Components,45,10344.56,2026-02-17,2026-04-03,closed,2026-05-13,85,40,False,False,chronic_late_payer
INV16001561,B016,B016-C1056,Auto Client 056,Auto Components,45,13153.14,2026-04-11,2026-05-26,closed,2026-06-21,71,26,False,False,chronic_late_payer
INV16001562,B016,B016-C1056,Auto Client 056,Auto Components,45,13361.7,2026-04-21,2026-06-05,closed,2026-07-22,92,47,False,False,chronic_late_payer
INV16001563,B016,B016-C1056,Auto Client 056,Auto Components,45,15163.27,2026-04-30,2026-06-14,closed,2026-08-15,107,62,False,False,chronic_late_payer
INV16001564,B016,B016-C1056,Auto Client 056,Auto Components,45,15458.51,2026-05-08,2026-06-22,closed,2026-08-04,88,43,False,False,chronic_late_payer
INV16001565,B016,B016-C1056,Auto Client 056,Auto Components,45,9754.95,2026-05-16,2026-06-30,closed,2026-08-17,93,48,False,False,chronic_late_payer
INV16001566,B016,B016-C1056,Auto Client 056,Auto Components,45,13728.09,2026-06-05,2026-07-20,open,,,,False,False,chronic_late_payer
INV16001567,B016,B016-C1056,Auto Client 056,Auto Components,45,13588.27,2026-07-08,2026-08-22,open,,,,False,False,chronic_late_payer
INV16001568,B016,B016-C1056,Auto Client 056,Auto Components,45,14016.5,2026-07-22,2026-09-05,disputed_open,,,,False,False,chronic_late_payer
INV16001569,B016,B016-C1056,Auto Client 056,Auto Components,45,12464.78,2026-08-31,2026-10-15,open,,,,False,False,chronic_late_payer
INV16001570,B016,B016-C1057,FMCG Client 057,FMCG & Food Processing,30,216560.67,2024-04-24,2024-05-24,closed,2024-05-20,26,-4,False,False,seasonal_payer
INV16001571,B016,B016-C1057,FMCG Client 057,FMCG & Food Processing,30,190781.91,2024-06-20,2024-07-20,closed,2024-08-05,46,16,False,False,seasonal_payer
INV16001572,B016,B016-C1057,FMCG Client 057,FMCG & Food Processing,30,183615.18,2024-07-09,2024-08-08,open,,,,False,False,seasonal_payer
INV16001573,B016,B016-C1057,FMCG Client 057,FMCG & Food Processing,30,209588.88,2024-09-12,2024-10-12,closed,2024-10-09,27,-3,False,False,seasonal_payer
INV16001574,B016,B016-C1057,FMCG Client 057,FMCG & Food Processing,30,124738.38,2024-09-20,2024-10-20,closed,2024-10-31,41,11,False,False,seasonal_payer
INV16001575,B016,B016-C1057,FMCG Client 057,FMCG & Food Processing,30,279600.71,2024-09-23,2024-10-23,closed,2024-11-19,57,27,False,False,seasonal_payer
INV16001576,B016,B016-C1057,FMCG Client 057,FMCG & Food Processing,30,191563.82,2024-11-26,2024-12-26,closed,2025-01-06,41,11,True,False,seasonal_payer
INV16001577,B016,B016-C1057,FMCG Client 057,FMCG & Food Processing,30,290322.51,2024-12-20,2025-01-19,closed,2025-02-02,44,14,False,False,seasonal_payer
INV16001578,B016,B016-C1057,FMCG Client 057,FMCG & Food Processing,30,214687.33,2025-01-03,2025-02-02,closed,2025-01-30,27,-3,False,False,seasonal_payer
INV16001579,B016,B016-C1057,FMCG Client 057,FMCG & Food Processing,30,230410.39,2025-01-13,2025-02-12,closed,2025-02-16,34,4,False,False,seasonal_payer
INV16001580,B016,B016-C1057,FMCG Client 057,FMCG & Food Processing,30,270077.05,2025-03-04,2025-04-03,closed,2025-04-11,38,8,False,False,seasonal_payer
INV16001581,B016,B016-C1057,FMCG Client 057,FMCG & Food Processing,30,147307.7,2025-03-09,2025-04-08,closed,2025-04-05,27,-3,False,False,seasonal_payer
INV16001582,B016,B016-C1057,FMCG Client 057,FMCG & Food Processing,30,230494.7,2025-03-16,2025-04-15,closed,2025-04-18,33,3,False,False,seasonal_payer
INV16001583,B016,B016-C1057,FMCG Client 057,FMCG & Food Processing,30,199329.53,2025-03-28,2025-04-27,closed,2025-04-30,33,3,False,False,seasonal_payer
INV16001584,B016,B016-C1057,FMCG Client 057,FMCG & Food Processing,30,162611.1,2025-06-14,2025-07-14,closed,2025-07-12,28,-2,False,False,seasonal_payer
INV16001585,B016,B016-C1057,FMCG Client 057,FMCG & Food Processing,30,247668.77,2025-06-21,2025-07-21,closed,2025-07-23,32,2,False,False,seasonal_payer
INV16001586,B016,B016-C1057,FMCG Client 057,FMCG & Food Processing,30,393106.28,2025-07-20,2025-08-19,closed,2025-08-27,38,8,False,False,seasonal_payer
INV16001587,B016,B016-C1057,FMCG Client 057,FMCG & Food Processing,30,168676.32,2025-08-19,2025-09-18,closed,2025-10-06,48,18,False,False,seasonal_payer
INV16001588,B016,B016-C1057,FMCG Client 057,FMCG & Food Processing,30,186490.68,2025-10-24,2025-11-23,closed,2025-12-10,47,17,False,False,seasonal_payer
INV16001589,B016,B016-C1057,FMCG Client 057,FMCG & Food Processing,30,211200.65,2026-02-11,2026-03-13,closed,2026-03-11,28,-2,False,False,seasonal_payer
INV16001590,B016,B016-C1057,FMCG Client 057,FMCG & Food Processing,30,365008.74,2026-02-14,2026-03-16,closed,2026-03-17,31,1,False,False,seasonal_payer
INV16001591,B016,B016-C1057,FMCG Client 057,FMCG & Food Processing,30,161399.03,2026-03-07,2026-04-06,closed,2026-04-08,32,2,False,False,seasonal_payer
INV16001592,B016,B016-C1057,FMCG Client 057,FMCG & Food Processing,30,217054.65,2026-03-17,2026-04-16,closed,2026-04-11,25,-5,False,False,seasonal_payer
INV16001593,B016,B016-C1057,FMCG Client 057,FMCG & Food Processing,30,213315.85,2026-04-13,2026-05-13,closed,2026-05-09,26,-4,False,False,seasonal_payer
INV16001594,B016,B016-C1057,FMCG Client 057,FMCG & Food Processing,30,156013.67,2026-05-02,2026-06-01,closed,2026-05-30,28,-2,False,False,seasonal_payer
INV16001595,B016,B016-C1057,FMCG Client 057,FMCG & Food Processing,30,143475.41,2026-05-13,2026-06-12,closed,2026-06-24,42,12,False,False,seasonal_payer
INV16001596,B016,B016-C1057,FMCG Client 057,FMCG & Food Processing,30,259679.11,2026-05-14,2026-06-13,closed,2026-06-21,38,8,False,False,seasonal_payer
INV16001597,B016,B016-C1057,FMCG Client 057,FMCG & Food Processing,30,205122.85,2026-06-01,2026-07-01,closed,2026-07-01,30,0,False,False,seasonal_payer
INV16001598,B016,B016-C1057,FMCG Client 057,FMCG & Food Processing,30,252183.85,2026-06-10,2026-07-10,closed,2026-07-16,36,6,False,False,seasonal_payer
INV16001599,B016,B016-C1057,FMCG Client 057,FMCG & Food Processing,30,167718.77,2026-06-22,2026-07-22,closed,2026-08-01,40,10,False,False,seasonal_payer
INV16001600,B016,B016-C1057,FMCG Client 057,FMCG & Food Processing,30,153450.82,2026-07-14,2026-08-13,closed,2026-08-31,48,18,False,False,seasonal_payer
INV16001601,B016,B016-C1057,FMCG Client 057,FMCG & Food Processing,30,207226.27,2026-08-04,2026-09-03,open,,,,False,False,seasonal_payer
INV16001602,B016,B016-C1057,FMCG Client 057,FMCG & Food Processing,30,106935.01,2026-08-19,2026-09-18,open,,,,False,False,seasonal_payer
INV16001603,B016,B016-C1058,Retail Client 058,Retail & Distribution,45,142109.1,2024-03-31,2024-05-15,closed,2024-05-13,43,-2,False,False,prompt_payer
INV16001604,B016,B016-C1058,Retail Client 058,Retail & Distribution,45,88189.39,2024-05-16,2024-06-30,closed,2024-07-05,50,5,False,False,prompt_payer
INV16001605,B016,B016-C1058,Retail Client 058,Retail & Distribution,45,152806.96,2024-05-18,2024-07-02,closed,2024-07-02,45,0,False,False,prompt_payer
INV16001606,B016,B016-C1058,Retail Client 058,Retail & Distribution,45,135785.19,2024-06-07,2024-07-22,closed,2024-07-23,46,1,False,False,prompt_payer
INV16001607,B016,B016-C1058,Retail Client 058,Retail & Distribution,45,129934.67,2024-06-26,2024-08-10,closed,2024-08-13,48,3,False,False,prompt_payer
INV16001608,B016,B016-C1058,Retail Client 058,Retail & Distribution,45,85045.33,2024-07-01,2024-08-15,closed,2024-08-18,48,3,False,False,prompt_payer
INV16001609,B016,B016-C1058,Retail Client 058,Retail & Distribution,45,144404.74,2024-07-07,2024-08-21,closed,2024-08-25,49,4,False,False,prompt_payer
INV16001610,B016,B016-C1058,Retail Client 058,Retail & Distribution,45,100769.91,2024-07-18,2024-09-01,closed,2024-09-01,45,0,False,False,prompt_payer
INV16001611,B016,B016-C1058,Retail Client 058,Retail & Distribution,45,174992.57,2024-07-31,2024-09-14,closed,2024-09-12,43,-2,False,False,prompt_payer
INV16001612,B016,B016-C1058,Retail Client 058,Retail & Distribution,45,236765.76,2024-08-20,2024-10-04,closed,2024-10-03,44,-1,False,False,prompt_payer
INV16001613,B016,B016-C1058,Retail Client 058,Retail & Distribution,45,83231.15,2024-08-20,2024-10-04,closed,2024-10-02,43,-2,False,False,prompt_payer
INV16001614,B016,B016-C1058,Retail Client 058,Retail & Distribution,45,167802.22,2024-09-07,2024-10-22,closed,2024-10-23,46,1,False,False,prompt_payer
INV16001615,B016,B016-C1058,Retail Client 058,Retail & Distribution,45,524630.37,2024-09-09,2024-10-24,closed,2024-10-23,44,-1,False,True,prompt_payer
INV16001616,B016,B016-C1058,Retail Client 058,Retail & Distribution,45,59767.35,2024-09-30,2024-11-14,closed,2024-11-16,47,2,False,False,prompt_payer
INV16001617,B016,B016-C1058,Retail Client 058,Retail & Distribution,45,106159.26,2024-10-11,2024-11-25,closed,2024-11-26,46,1,False,False,prompt_payer
INV16001618,B016,B016-C1058,Retail Client 058,Retail & Distribution,45,113406.71,2024-11-01,2024-12-16,closed,2024-12-10,39,-6,False,False,prompt_payer
INV16001619,B016,B016-C1058,Retail Client 058,Retail & Distribution,45,89254.68,2024-11-29,2025-01-13,closed,2025-01-13,45,0,False,False,prompt_payer
INV16001620,B016,B016-C1058,Retail Client 058,Retail & Distribution,45,160363.49,2024-12-27,2025-02-10,closed,2025-02-12,47,2,False,False,prompt_payer
INV16001621,B016,B016-C1058,Retail Client 058,Retail & Distribution,45,347527.52,2025-01-06,2025-02-20,closed,2025-02-20,45,0,False,True,prompt_payer
INV16001622,B016,B016-C1058,Retail Client 058,Retail & Distribution,45,103052.21,2025-01-15,2025-03-01,closed,2025-03-08,52,7,False,False,prompt_payer
INV16001623,B016,B016-C1058,Retail Client 058,Retail & Distribution,45,122069.9,2025-02-28,2025-04-14,closed,2025-04-20,51,6,False,False,prompt_payer
INV16001624,B016,B016-C1058,Retail Client 058,Retail & Distribution,45,82442.62,2025-03-17,2025-05-01,closed,2025-05-04,48,3,False,False,prompt_payer
INV16001625,B016,B016-C1058,Retail Client 058,Retail & Distribution,45,108699.5,2025-04-12,2025-05-27,closed,2025-05-31,49,4,True,False,prompt_payer
INV16001626,B016,B016-C1058,Retail Client 058,Retail & Distribution,45,188793.22,2025-05-21,2025-07-05,closed,2025-07-09,49,4,False,False,prompt_payer
INV16001627,B016,B016-C1058,Retail Client 058,Retail & Distribution,45,95976.32,2025-05-26,2025-07-10,closed,2025-07-08,43,-2,False,False,prompt_payer
INV16001628,B016,B016-C1058,Retail Client 058,Retail & Distribution,45,66036.83,2025-07-09,2025-08-23,closed,2025-08-26,48,3,True,False,prompt_payer
INV16001629,B016,B016-C1058,Retail Client 058,Retail & Distribution,45,87475.51,2025-07-15,2025-08-29,closed,2025-09-03,50,5,False,False,prompt_payer
INV16001630,B016,B016-C1058,Retail Client 058,Retail & Distribution,45,131197.79,2025-10-07,2025-11-21,closed,2025-11-18,42,-3,False,False,prompt_payer
INV16001631,B016,B016-C1058,Retail Client 058,Retail & Distribution,45,146125.04,2025-11-24,2026-01-08,closed,2026-01-11,48,3,False,False,prompt_payer
INV16001632,B016,B016-C1058,Retail Client 058,Retail & Distribution,45,91853.75,2025-12-08,2026-01-22,closed,2026-01-22,45,0,False,False,prompt_payer
INV16001633,B016,B016-C1058,Retail Client 058,Retail & Distribution,45,73624.27,2025-12-18,2026-02-01,closed,2026-01-28,41,-4,False,False,prompt_payer
INV16001634,B016,B016-C1058,Retail Client 058,Retail & Distribution,45,135835.23,2025-12-25,2026-02-08,closed,2026-02-09,46,1,False,False,prompt_payer
INV16001635,B016,B016-C1058,Retail Client 058,Retail & Distribution,45,111049.02,2026-01-12,2026-02-26,closed,2026-02-23,42,-3,False,False,prompt_payer
INV16001636,B016,B016-C1058,Retail Client 058,Retail & Distribution,45,138666.58,2026-01-28,2026-03-14,closed,2026-03-22,53,8,False,False,prompt_payer
INV16001637,B016,B016-C1058,Retail Client 058,Retail & Distribution,45,89625.97,2026-02-05,2026-03-22,closed,2026-03-23,46,1,False,False,prompt_payer
INV16001638,B016,B016-C1058,Retail Client 058,Retail & Distribution,45,130290.16,2026-02-10,2026-03-27,closed,2026-03-23,41,-4,False,False,prompt_payer
INV16001639,B016,B016-C1058,Retail Client 058,Retail & Distribution,45,169892.01,2026-03-03,2026-04-17,open,,,,False,False,prompt_payer
INV16001640,B016,B016-C1058,Retail Client 058,Retail & Distribution,45,133353.2,2026-03-20,2026-05-04,closed,2026-05-05,46,1,False,False,prompt_payer
INV16001641,B016,B016-C1058,Retail Client 058,Retail & Distribution,45,97596.88,2026-03-28,2026-05-12,closed,2026-05-12,45,0,False,False,prompt_payer
INV16001642,B016,B016-C1058,Retail Client 058,Retail & Distribution,45,116171.71,2026-03-29,2026-05-13,closed,2026-05-19,51,6,False,False,prompt_payer
INV16001643,B016,B016-C1058,Retail Client 058,Retail & Distribution,45,73166.01,2026-04-26,2026-06-10,closed,2026-06-06,41,-4,False,False,prompt_payer
INV16001644,B016,B016-C1058,Retail Client 058,Retail & Distribution,45,82849.51,2026-06-15,2026-07-30,closed,2026-07-24,39,-6,False,False,prompt_payer
INV16001645,B016,B016-C1058,Retail Client 058,Retail & Distribution,45,359053.3,2026-07-12,2026-08-26,closed,2026-08-27,46,1,False,True,prompt_payer
INV16001646,B016,B016-C1058,Retail Client 058,Retail & Distribution,45,138773.32,2026-07-27,2026-09-10,disputed_open,,,,False,False,prompt_payer
INV16001647,B016,B016-C1058,Retail Client 058,Retail & Distribution,45,148914.84,2026-08-01,2026-09-15,disputed_open,,,,False,False,prompt_payer
INV16001648,B016,B016-C1059,Chemicals Client 059,Chemicals & Plastics,30,51962.05,2024-04-10,2024-05-10,closed,2024-05-12,32,2,False,False,prompt_payer
INV16001649,B016,B016-C1059,Chemicals Client 059,Chemicals & Plastics,30,42047.71,2024-08-11,2024-09-10,closed,2024-09-08,28,-2,False,False,prompt_payer
INV16001650,B016,B016-C1059,Chemicals Client 059,Chemicals & Plastics,30,106523.02,2024-08-13,2024-09-12,closed,2024-09-11,29,-1,False,False,prompt_payer
INV16001651,B016,B016-C1059,Chemicals Client 059,Chemicals & Plastics,30,65689.51,2024-09-05,2024-10-05,closed,2024-10-07,32,2,False,False,prompt_payer
INV16001652,B016,B016-C1059,Chemicals Client 059,Chemicals & Plastics,30,85552.55,2025-02-02,2025-03-04,closed,2025-03-01,27,-3,False,False,prompt_payer
INV16001653,B016,B016-C1059,Chemicals Client 059,Chemicals & Plastics,30,71604.6,2025-03-09,2025-04-08,closed,2025-04-11,33,3,False,False,prompt_payer
INV16001654,B016,B016-C1059,Chemicals Client 059,Chemicals & Plastics,30,92213.29,2025-05-25,2025-06-24,closed,2025-06-20,26,-4,False,False,prompt_payer
INV16001655,B016,B016-C1059,Chemicals Client 059,Chemicals & Plastics,30,201006.07,2025-06-09,2025-07-09,closed,2025-07-11,32,2,False,True,prompt_payer
INV16001656,B016,B016-C1059,Chemicals Client 059,Chemicals & Plastics,30,94339.43,2025-07-17,2025-08-16,closed,2025-08-13,27,-3,False,False,prompt_payer
INV16001657,B016,B016-C1059,Chemicals Client 059,Chemicals & Plastics,30,71076.51,2026-02-22,2026-03-24,closed,2026-04-01,38,8,False,False,prompt_payer
INV16001658,B016,B016-C1059,Chemicals Client 059,Chemicals & Plastics,30,58385.38,2026-02-23,2026-03-25,closed,2026-03-26,31,1,False,False,prompt_payer
INV16001659,B016,B016-C1059,Chemicals Client 059,Chemicals & Plastics,30,252880.47,2026-03-06,2026-04-05,closed,2026-04-04,29,-1,False,True,prompt_payer
INV16001660,B016,B016-C1059,Chemicals Client 059,Chemicals & Plastics,30,143707.01,2026-04-30,2026-05-30,closed,2026-05-29,29,-1,False,False,prompt_payer
INV16001661,B016,B016-C1059,Chemicals Client 059,Chemicals & Plastics,30,101922.7,2026-06-13,2026-07-13,closed,2026-07-13,30,0,False,False,prompt_payer
INV16001662,B016,B016-C1059,Chemicals Client 059,Chemicals & Plastics,30,79376.21,2026-06-26,2026-07-26,closed,2026-07-18,22,-8,False,False,prompt_payer
INV16001663,B016,B016-C1059,Chemicals Client 059,Chemicals & Plastics,30,132601.65,2026-08-20,2026-09-19,open,,,,False,False,prompt_payer
INV16001664,B016,B016-C1060,Chemicals Client 060,Chemicals & Plastics,30,137136.9,2024-04-15,2024-05-15,closed,2024-05-17,32,2,False,False,average_payer
INV16001665,B016,B016-C1060,Chemicals Client 060,Chemicals & Plastics,30,803837.25,2024-06-07,2024-07-07,closed,2024-07-15,38,8,False,True,average_payer
INV16001666,B016,B016-C1060,Chemicals Client 060,Chemicals & Plastics,30,251167.6,2024-06-24,2024-07-24,closed,2024-08-02,39,9,False,False,average_payer
INV16001667,B016,B016-C1060,Chemicals Client 060,Chemicals & Plastics,30,169196.64,2024-08-06,2024-09-05,closed,2024-09-10,35,5,False,False,average_payer
INV16001668,B016,B016-C1060,Chemicals Client 060,Chemicals & Plastics,30,130774.34,2024-08-15,2024-09-14,closed,2024-09-25,41,11,False,False,average_payer
INV16001669,B016,B016-C1060,Chemicals Client 060,Chemicals & Plastics,30,105484.0,2024-09-12,2024-10-12,closed,2024-10-22,40,10,False,False,average_payer
INV16001670,B016,B016-C1060,Chemicals Client 060,Chemicals & Plastics,30,167042.78,2024-10-05,2024-11-04,closed,2024-11-17,43,13,False,False,average_payer
INV16001671,B016,B016-C1060,Chemicals Client 060,Chemicals & Plastics,30,307678.38,2024-11-14,2024-12-14,closed,2025-01-04,51,21,False,False,average_payer
INV16001672,B016,B016-C1060,Chemicals Client 060,Chemicals & Plastics,30,114616.86,2024-11-16,2024-12-16,closed,2024-12-30,44,14,False,False,average_payer
INV16001673,B016,B016-C1060,Chemicals Client 060,Chemicals & Plastics,30,118287.43,2025-07-09,2025-08-08,closed,2025-08-02,24,-6,False,False,average_payer
INV16001674,B016,B016-C1060,Chemicals Client 060,Chemicals & Plastics,30,201310.0,2025-09-11,2025-10-11,closed,2025-10-12,31,1,False,False,average_payer
INV16001675,B016,B016-C1060,Chemicals Client 060,Chemicals & Plastics,30,183693.44,2025-11-24,2025-12-24,closed,2025-12-21,27,-3,False,False,average_payer
INV16001676,B016,B016-C1060,Chemicals Client 060,Chemicals & Plastics,30,126373.84,2025-12-22,2026-01-21,closed,2026-01-19,28,-2,False,False,average_payer
INV16001677,B016,B016-C1060,Chemicals Client 060,Chemicals & Plastics,30,151991.51,2026-05-05,2026-06-04,closed,2026-06-13,39,9,False,False,average_payer
INV16001678,B016,B016-C1061,Retail Client 061,Retail & Distribution,60,51342.8,2024-04-01,2024-05-31,closed,2024-06-12,72,12,False,False,average_payer
INV16001679,B016,B016-C1061,Retail Client 061,Retail & Distribution,60,150534.29,2024-05-08,2024-07-07,closed,2024-07-12,65,5,False,False,average_payer
INV16001680,B016,B016-C1061,Retail Client 061,Retail & Distribution,60,778685.46,2024-07-12,2024-09-10,closed,2024-09-23,73,13,False,True,average_payer
INV16001681,B016,B016-C1061,Retail Client 061,Retail & Distribution,60,142635.38,2024-08-31,2024-10-30,closed,2024-11-17,78,18,False,False,average_payer
INV16001682,B016,B016-C1061,Retail Client 061,Retail & Distribution,60,191950.3,2025-01-29,2025-03-30,closed,2025-04-09,70,10,False,False,average_payer
INV16001683,B016,B016-C1061,Retail Client 061,Retail & Distribution,60,106484.26,2025-02-05,2025-04-06,closed,2025-03-29,52,-8,False,False,average_payer
INV16001684,B016,B016-C1061,Retail Client 061,Retail & Distribution,60,71902.84,2025-02-19,2025-04-20,closed,2025-05-05,75,15,False,False,average_payer
INV16001685,B016,B016-C1061,Retail Client 061,Retail & Distribution,60,141970.29,2025-09-24,2025-11-23,closed,2025-11-26,63,3,False,False,average_payer
INV16001686,B016,B016-C1061,Retail Client 061,Retail & Distribution,60,126601.95,2025-12-02,2026-01-31,closed,2026-01-31,60,0,False,False,average_payer
INV16001687,B016,B016-C1061,Retail Client 061,Retail & Distribution,60,135282.74,2026-02-10,2026-04-11,closed,2026-04-18,67,7,False,False,average_payer
INV16001688,B016,B016-C1061,Retail Client 061,Retail & Distribution,60,212303.5,2026-03-15,2026-05-14,closed,2026-05-11,57,-3,False,False,average_payer
INV16001689,B016,B016-C1061,Retail Client 061,Retail & Distribution,60,116844.38,2026-03-18,2026-05-17,closed,2026-05-12,55,-5,False,False,average_payer
INV16001690,B016,B016-C1061,Retail Client 061,Retail & Distribution,60,135107.68,2026-05-14,2026-07-13,closed,2026-08-04,82,22,False,False,average_payer
INV16001691,B016,B016-C1062,Metal Client 062,Metal & Engineering,45,84290.42,2024-06-10,2024-07-25,closed,2024-08-02,53,8,False,False,cold_start
INV16001692,B016,B016-C1062,Metal Client 062,Metal & Engineering,45,134261.35,2024-12-03,2025-01-17,closed,2025-01-30,58,13,False,False,cold_start
INV16001693,B016,B016-C1062,Metal Client 062,Metal & Engineering,45,55402.72,2026-02-25,2026-04-11,open,,,,False,False,cold_start
INV16001694,B016,B016-C1063,Chemicals Client 063,Chemicals & Plastics,30,70337.0,2024-10-02,2024-11-01,closed,2024-10-31,29,-1,True,False,prompt_payer
INV16001695,B016,B016-C1063,Chemicals Client 063,Chemicals & Plastics,30,106427.27,2024-10-14,2024-11-13,closed,2024-11-11,28,-2,False,False,prompt_payer
INV16001696,B016,B016-C1063,Chemicals Client 063,Chemicals & Plastics,30,87366.96,2025-02-28,2025-03-30,closed,2025-03-29,29,-1,False,False,prompt_payer
INV16001697,B016,B016-C1063,Chemicals Client 063,Chemicals & Plastics,30,140756.14,2025-11-09,2025-12-09,closed,2025-11-30,21,-9,False,False,prompt_payer
INV16001698,B016,B016-C1063,Chemicals Client 063,Chemicals & Plastics,30,157771.56,2026-05-07,2026-06-06,closed,2026-05-28,21,-9,False,False,prompt_payer
INV16001699,B016,B016-C1063,Chemicals Client 063,Chemicals & Plastics,30,102880.66,2026-06-05,2026-07-05,closed,2026-07-06,31,1,False,False,prompt_payer
INV16001700,B016,B016-C1063,Chemicals Client 063,Chemicals & Plastics,30,130944.44,2026-06-29,2026-07-29,closed,2026-07-30,31,1,False,False,prompt_payer
INV16001701,B016,B016-C1063,Chemicals Client 063,Chemicals & Plastics,30,102051.21,2026-07-13,2026-08-12,closed,2026-08-15,33,3,False,False,prompt_payer
INV16001702,B016,B016-C1064,Auto Client 064,Auto Components,30,43141.36,2024-03-28,2024-04-27,closed,2024-05-03,36,6,False,False,prompt_payer
INV16001703,B016,B016-C1064,Auto Client 064,Auto Components,30,54952.12,2024-04-29,2024-05-29,closed,2024-05-24,25,-5,False,False,prompt_payer
INV16001704,B016,B016-C1064,Auto Client 064,Auto Components,30,67561.68,2024-05-15,2024-06-14,closed,2024-06-15,31,1,False,False,prompt_payer
INV16001705,B016,B016-C1064,Auto Client 064,Auto Components,30,115108.16,2024-06-06,2024-07-06,open,,,,False,False,prompt_payer
INV16001706,B016,B016-C1064,Auto Client 064,Auto Components,30,48335.84,2024-06-13,2024-07-13,closed,2024-07-17,34,4,False,False,prompt_payer
INV16001707,B016,B016-C1064,Auto Client 064,Auto Components,30,80181.44,2024-07-02,2024-08-01,closed,2024-08-03,32,2,False,False,prompt_payer
INV16001708,B016,B016-C1064,Auto Client 064,Auto Components,30,71395.89,2024-07-04,2024-08-03,closed,2024-07-30,26,-4,False,False,prompt_payer
INV16001709,B016,B016-C1064,Auto Client 064,Auto Components,30,65486.27,2024-08-03,2024-09-02,closed,2024-09-02,30,0,False,False,prompt_payer
INV16001710,B016,B016-C1064,Auto Client 064,Auto Components,30,53739.93,2024-09-16,2024-10-16,closed,2024-10-25,39,9,False,False,prompt_payer
INV16001711,B016,B016-C1064,Auto Client 064,Auto Components,30,88953.57,2024-10-08,2024-11-07,closed,2024-11-01,24,-6,False,False,prompt_payer
INV16001712,B016,B016-C1064,Auto Client 064,Auto Components,30,140429.39,2024-11-27,2024-12-27,closed,2024-12-23,26,-4,False,False,prompt_payer
INV16001713,B016,B016-C1064,Auto Client 064,Auto Components,30,74661.22,2024-12-02,2025-01-01,closed,2025-01-02,31,1,False,False,prompt_payer
INV16001714,B016,B016-C1064,Auto Client 064,Auto Components,30,72025.21,2024-12-03,2025-01-02,closed,2025-01-05,33,3,False,False,prompt_payer
INV16001715,B016,B016-C1064,Auto Client 064,Auto Components,30,56176.25,2024-12-08,2025-01-07,closed,2025-01-14,37,7,False,False,prompt_payer
INV16001716,B016,B016-C1064,Auto Client 064,Auto Components,30,79525.16,2024-12-15,2025-01-14,closed,2025-01-05,21,-9,False,False,prompt_payer
INV16001717,B016,B016-C1064,Auto Client 064,Auto Components,30,49038.48,2025-01-04,2025-02-03,closed,2025-02-04,31,1,False,False,prompt_payer
INV16001718,B016,B016-C1064,Auto Client 064,Auto Components,30,106580.57,2025-01-10,2025-02-09,closed,2025-02-03,24,-6,False,False,prompt_payer
INV16001719,B016,B016-C1064,Auto Client 064,Auto Components,30,77932.74,2025-01-24,2025-02-23,closed,2025-02-28,35,5,False,False,prompt_payer
INV16001720,B016,B016-C1064,Auto Client 064,Auto Components,30,96327.95,2025-02-13,2025-03-15,closed,2025-03-13,28,-2,False,False,prompt_payer
INV16001721,B016,B016-C1064,Auto Client 064,Auto Components,30,104959.78,2025-03-29,2025-04-28,closed,2025-04-28,30,0,False,False,prompt_payer
INV16001722,B016,B016-C1064,Auto Client 064,Auto Components,30,75089.94,2025-07-10,2025-08-09,closed,2025-08-11,32,2,False,False,prompt_payer
INV16001723,B016,B016-C1064,Auto Client 064,Auto Components,30,88530.81,2025-07-17,2025-08-16,closed,2025-08-22,36,6,False,False,prompt_payer
INV16001724,B016,B016-C1064,Auto Client 064,Auto Components,30,78591.21,2025-08-31,2025-09-30,closed,2025-10-05,35,5,False,False,prompt_payer
INV16001725,B016,B016-C1064,Auto Client 064,Auto Components,30,85734.08,2025-09-22,2025-10-22,closed,2025-10-21,29,-1,False,False,prompt_payer
INV16001726,B016,B016-C1064,Auto Client 064,Auto Components,30,85682.52,2025-10-08,2025-11-07,closed,2025-11-05,28,-2,False,False,prompt_payer
INV16001727,B016,B016-C1064,Auto Client 064,Auto Components,30,59130.84,2025-10-23,2025-11-22,closed,2025-11-18,26,-4,False,False,prompt_payer
INV16001728,B016,B016-C1064,Auto Client 064,Auto Components,30,76714.4,2025-11-15,2025-12-15,closed,2025-12-22,37,7,False,False,prompt_payer
INV16001729,B016,B016-C1064,Auto Client 064,Auto Components,30,106959.93,2025-12-18,2026-01-17,closed,2026-01-14,27,-3,False,False,prompt_payer
INV16001730,B016,B016-C1064,Auto Client 064,Auto Components,30,66233.16,2026-01-08,2026-02-07,closed,2026-02-03,26,-4,False,False,prompt_payer
INV16001731,B016,B016-C1064,Auto Client 064,Auto Components,30,61497.02,2026-01-21,2026-02-20,closed,2026-02-21,31,1,False,False,prompt_payer
INV16001732,B016,B016-C1064,Auto Client 064,Auto Components,30,53917.51,2026-02-14,2026-03-16,closed,2026-03-17,31,1,False,False,prompt_payer
INV16001733,B016,B016-C1064,Auto Client 064,Auto Components,30,93708.01,2026-05-30,2026-06-29,closed,2026-07-04,35,5,False,False,prompt_payer
INV16001734,B016,B016-C1064,Auto Client 064,Auto Components,30,77529.21,2026-05-30,2026-06-29,closed,2026-07-01,32,2,False,False,prompt_payer
INV16001735,B016,B016-C1064,Auto Client 064,Auto Components,30,56466.53,2026-06-11,2026-07-11,closed,2026-07-16,35,5,False,False,prompt_payer
INV16001736,B016,B016-C1064,Auto Client 064,Auto Components,30,77429.49,2026-06-20,2026-07-20,closed,2026-07-24,34,4,False,False,prompt_payer
INV16001737,B016,B016-C1064,Auto Client 064,Auto Components,30,39048.95,2026-06-29,2026-07-29,closed,2026-07-29,30,0,False,False,prompt_payer
INV16001738,B016,B016-C1064,Auto Client 064,Auto Components,30,94173.55,2026-07-13,2026-08-12,closed,2026-08-08,26,-4,False,False,prompt_payer
INV16001739,B016,B016-C1064,Auto Client 064,Auto Components,30,96572.9,2026-08-30,2026-09-29,open,,,,False,False,prompt_payer
INV16001740,B016,B016-C1065,Retail Client 065,Retail & Distribution,45,388958.29,2024-10-07,2024-11-21,closed,2024-11-18,42,-3,False,False,cold_start
INV16001741,B016,B016-C1065,Retail Client 065,Retail & Distribution,45,368170.48,2026-03-09,2026-04-23,closed,2026-04-14,36,-9,False,False,cold_start
INV16001742,B016,B016-C1066,Construction Client 066,Construction & Infra,60,1184841.21,2024-06-28,2024-08-27,closed,2024-08-28,61,1,False,False,prompt_payer
INV16001743,B016,B016-C1066,Construction Client 066,Construction & Infra,60,800561.87,2024-08-11,2024-10-10,closed,2024-10-05,55,-5,False,False,prompt_payer
INV16001744,B016,B016-C1066,Construction Client 066,Construction & Infra,60,509319.41,2024-10-19,2024-12-18,closed,2024-12-12,54,-6,True,False,prompt_payer
INV16001745,B016,B016-C1066,Construction Client 066,Construction & Infra,60,607018.16,2025-07-16,2025-09-14,closed,2025-09-08,54,-6,False,False,prompt_payer
INV16001746,B016,B016-C1066,Construction Client 066,Construction & Infra,60,790462.58,2025-12-26,2026-02-24,closed,2026-02-21,57,-3,False,False,prompt_payer
INV16001747,B016,B016-C1067,Pharma Client 067,Pharma & Healthcare,15,1196454.33,2024-05-21,2024-06-05,closed,2024-06-10,20,5,False,True,average_payer
INV16001748,B016,B016-C1067,Pharma Client 067,Pharma & Healthcare,15,416492.88,2024-06-01,2024-06-16,closed,2024-06-22,21,6,False,False,average_payer
INV16001749,B016,B016-C1067,Pharma Client 067,Pharma & Healthcare,15,622779.19,2024-06-20,2024-07-05,closed,2024-07-10,20,5,False,False,average_payer
INV16001750,B016,B016-C1067,Pharma Client 067,Pharma & Healthcare,15,450493.62,2024-09-05,2024-09-20,closed,2024-09-28,23,8,False,False,average_payer
INV16001751,B016,B016-C1067,Pharma Client 067,Pharma & Healthcare,15,737123.67,2024-10-25,2024-11-09,closed,2024-11-09,15,0,False,False,average_payer
INV16001752,B016,B016-C1067,Pharma Client 067,Pharma & Healthcare,15,493060.43,2024-11-12,2024-11-27,closed,2024-11-27,15,0,False,False,average_payer
INV16001753,B016,B016-C1067,Pharma Client 067,Pharma & Healthcare,15,447946.44,2024-12-08,2024-12-23,closed,2024-12-23,15,0,False,False,average_payer
INV16001754,B016,B016-C1067,Pharma Client 067,Pharma & Healthcare,15,552810.75,2024-12-24,2025-01-08,closed,2025-01-03,10,-5,False,False,average_payer
INV16001755,B016,B016-C1067,Pharma Client 067,Pharma & Healthcare,15,398963.45,2025-03-12,2025-03-27,closed,2025-04-05,24,9,False,False,average_payer
INV16001756,B016,B016-C1067,Pharma Client 067,Pharma & Healthcare,15,413918.48,2025-03-31,2025-04-15,closed,2025-04-13,13,-2,False,False,average_payer
INV16001757,B016,B016-C1067,Pharma Client 067,Pharma & Healthcare,15,375575.43,2025-05-02,2025-05-17,closed,2025-05-09,7,-8,False,False,average_payer
INV16001758,B016,B016-C1067,Pharma Client 067,Pharma & Healthcare,15,311698.65,2025-08-20,2025-09-04,closed,2025-09-06,17,2,False,False,average_payer
INV16001759,B016,B016-C1067,Pharma Client 067,Pharma & Healthcare,15,466048.11,2025-10-05,2025-10-20,closed,2025-10-29,24,9,False,False,average_payer
INV16001760,B016,B016-C1067,Pharma Client 067,Pharma & Healthcare,15,335787.33,2025-10-24,2025-11-08,closed,2025-11-10,17,2,False,False,average_payer
INV16001761,B016,B016-C1067,Pharma Client 067,Pharma & Healthcare,15,304557.94,2026-02-13,2026-02-28,closed,2026-03-08,23,8,False,False,average_payer
INV16001762,B016,B016-C1067,Pharma Client 067,Pharma & Healthcare,15,326775.53,2026-04-11,2026-04-26,closed,2026-05-05,24,9,False,False,average_payer
INV16001763,B016,B016-C1067,Pharma Client 067,Pharma & Healthcare,15,232901.76,2026-05-04,2026-05-19,closed,2026-06-02,29,14,False,False,average_payer
INV16001764,B016,B016-C1067,Pharma Client 067,Pharma & Healthcare,15,521645.42,2026-06-06,2026-06-21,closed,2026-06-29,23,8,False,False,average_payer
INV16001765,B016,B016-C1067,Pharma Client 067,Pharma & Healthcare,15,252402.71,2026-06-15,2026-06-30,closed,2026-06-29,14,-1,False,False,average_payer
INV16001766,B016,B016-C1067,Pharma Client 067,Pharma & Healthcare,15,430311.61,2026-08-06,2026-08-21,closed,2026-08-18,12,-3,False,False,average_payer
INV16001767,B016,B016-C1068,Textiles Client 068,Textiles & Apparel,60,81359.95,2024-04-28,2024-06-27,closed,2024-06-23,56,-4,False,False,prompt_payer
INV16001768,B016,B016-C1068,Textiles Client 068,Textiles & Apparel,60,65256.24,2024-05-10,2024-07-09,closed,2024-07-08,59,-1,False,False,prompt_payer
INV16001769,B016,B016-C1068,Textiles Client 068,Textiles & Apparel,60,66529.69,2024-06-26,2024-08-25,closed,2024-08-31,66,6,False,False,prompt_payer
INV16001770,B016,B016-C1068,Textiles Client 068,Textiles & Apparel,60,78213.55,2024-08-02,2024-10-01,closed,2024-10-03,62,2,False,False,prompt_payer
INV16001771,B016,B016-C1068,Textiles Client 068,Textiles & Apparel,60,88978.25,2024-08-10,2024-10-09,closed,2024-10-09,60,0,False,False,prompt_payer
INV16001772,B016,B016-C1068,Textiles Client 068,Textiles & Apparel,60,72655.58,2024-09-27,2024-11-26,closed,2024-11-19,53,-7,False,False,prompt_payer
INV16001773,B016,B016-C1068,Textiles Client 068,Textiles & Apparel,60,80399.22,2025-01-20,2025-03-21,closed,2025-03-25,64,4,False,False,prompt_payer
INV16001774,B016,B016-C1068,Textiles Client 068,Textiles & Apparel,60,84414.73,2025-01-21,2025-03-22,closed,2025-03-21,59,-1,False,False,prompt_payer
INV16001775,B016,B016-C1068,Textiles Client 068,Textiles & Apparel,60,57772.55,2025-02-13,2025-04-14,closed,2025-04-10,56,-4,False,False,prompt_payer
INV16001776,B016,B016-C1068,Textiles Client 068,Textiles & Apparel,60,37554.73,2025-04-14,2025-06-13,closed,2025-06-12,59,-1,False,False,prompt_payer
INV16001777,B016,B016-C1068,Textiles Client 068,Textiles & Apparel,60,59444.2,2025-05-03,2025-07-02,closed,2025-07-06,64,4,False,False,prompt_payer
INV16001778,B016,B016-C1068,Textiles Client 068,Textiles & Apparel,60,89608.96,2025-05-28,2025-07-27,closed,2025-07-28,61,1,False,False,prompt_payer
INV16001779,B016,B016-C1068,Textiles Client 068,Textiles & Apparel,60,41807.67,2025-07-11,2025-09-09,closed,2025-09-08,59,-1,False,False,prompt_payer
INV16001780,B016,B016-C1068,Textiles Client 068,Textiles & Apparel,60,96391.93,2025-07-21,2025-09-19,closed,2025-09-19,60,0,False,False,prompt_payer
INV16001781,B016,B016-C1068,Textiles Client 068,Textiles & Apparel,60,107987.54,2025-08-14,2025-10-13,closed,2025-10-14,61,1,False,False,prompt_payer
INV16001782,B016,B016-C1068,Textiles Client 068,Textiles & Apparel,60,33226.69,2025-08-24,2025-10-23,closed,2025-10-21,58,-2,False,False,prompt_payer
INV16001783,B016,B016-C1068,Textiles Client 068,Textiles & Apparel,60,61533.18,2025-10-30,2025-12-29,closed,2025-12-24,55,-5,False,False,prompt_payer
INV16001784,B016,B016-C1068,Textiles Client 068,Textiles & Apparel,60,68963.4,2025-10-31,2025-12-30,closed,2026-01-02,63,3,False,False,prompt_payer
INV16001785,B016,B016-C1068,Textiles Client 068,Textiles & Apparel,60,46830.13,2026-02-16,2026-04-17,closed,2026-04-09,52,-8,False,False,prompt_payer
INV16001786,B016,B016-C1068,Textiles Client 068,Textiles & Apparel,60,86318.0,2026-07-30,2026-09-28,open,,,,False,False,prompt_payer
INV16001787,B016,B016-C1069,Retail Client 069,Retail & Distribution,45,226082.1,2024-03-17,2024-05-01,closed,2024-05-03,47,2,False,True,average_payer
INV16001788,B016,B016-C1069,Retail Client 069,Retail & Distribution,45,37287.93,2024-05-10,2024-06-24,closed,2024-06-28,49,4,False,False,average_payer
INV16001789,B016,B016-C1069,Retail Client 069,Retail & Distribution,45,50679.8,2024-05-15,2024-06-29,closed,2024-07-04,50,5,False,False,average_payer
INV16001790,B016,B016-C1069,Retail Client 069,Retail & Distribution,45,139698.6,2024-07-31,2024-09-14,closed,2024-09-23,54,9,False,True,average_payer
INV16001791,B016,B016-C1069,Retail Client 069,Retail & Distribution,45,62280.99,2024-08-08,2024-09-22,closed,2024-09-26,49,4,False,False,average_payer
INV16001792,B016,B016-C1069,Retail Client 069,Retail & Distribution,45,73461.37,2024-08-17,2024-10-01,closed,2024-09-20,34,-11,False,False,average_payer
INV16001793,B016,B016-C1069,Retail Client 069,Retail & Distribution,45,37697.05,2024-09-30,2024-11-14,open,,,,False,False,average_payer
INV16001794,B016,B016-C1069,Retail Client 069,Retail & Distribution,45,86738.37,2024-10-25,2024-12-09,closed,2024-12-19,55,10,False,False,average_payer
INV16001795,B016,B016-C1069,Retail Client 069,Retail & Distribution,45,57924.5,2025-01-04,2025-02-18,closed,2025-02-15,42,-3,False,False,average_payer
INV16001796,B016,B016-C1069,Retail Client 069,Retail & Distribution,45,66159.97,2025-02-24,2025-04-10,closed,2025-04-11,46,1,False,False,average_payer
INV16001797,B016,B016-C1069,Retail Client 069,Retail & Distribution,45,64124.2,2025-04-09,2025-05-24,closed,2025-06-01,53,8,False,False,average_payer
INV16001798,B016,B016-C1069,Retail Client 069,Retail & Distribution,45,42963.21,2025-05-17,2025-07-01,closed,2025-07-07,51,6,False,False,average_payer
INV16001799,B016,B016-C1069,Retail Client 069,Retail & Distribution,45,32157.69,2025-08-07,2025-09-21,closed,2025-09-25,49,4,False,False,average_payer
INV16001800,B016,B016-C1069,Retail Client 069,Retail & Distribution,45,65792.02,2025-09-04,2025-10-19,closed,2025-11-08,65,20,False,False,average_payer
INV16001801,B016,B016-C1069,Retail Client 069,Retail & Distribution,45,76012.39,2025-12-21,2026-02-04,closed,2026-02-12,53,8,False,False,average_payer
INV16001802,B016,B016-C1069,Retail Client 069,Retail & Distribution,45,52824.84,2026-03-25,2026-05-09,closed,2026-05-13,49,4,False,False,average_payer
INV16001803,B016,B016-C1069,Retail Client 069,Retail & Distribution,45,266666.05,2026-04-17,2026-06-01,closed,2026-05-26,39,-6,False,True,average_payer
INV16001804,B016,B016-C1069,Retail Client 069,Retail & Distribution,45,65102.98,2026-08-18,2026-10-02,open,,,,False,False,average_payer
INV16001805,B016,B016-C1069,Retail Client 069,Retail & Distribution,45,62177.19,2026-08-21,2026-10-05,open,,,,False,False,average_payer
INV16001806,B016,B016-C1070,Textiles Client 070,Textiles & Apparel,30,164162.2,2024-04-03,2024-05-03,closed,2024-05-03,30,0,False,False,deteriorating_payer
INV16001807,B016,B016-C1070,Textiles Client 070,Textiles & Apparel,30,167285.05,2024-04-06,2024-05-06,closed,2024-05-21,45,15,False,False,deteriorating_payer
INV16001808,B016,B016-C1070,Textiles Client 070,Textiles & Apparel,30,170591.66,2024-05-10,2024-06-09,closed,2024-06-07,28,-2,False,False,deteriorating_payer
INV16001809,B016,B016-C1070,Textiles Client 070,Textiles & Apparel,30,209842.88,2024-06-09,2024-07-09,closed,2024-07-07,28,-2,False,False,deteriorating_payer
INV16001810,B016,B016-C1070,Textiles Client 070,Textiles & Apparel,30,116282.86,2024-07-15,2024-08-14,closed,2024-08-12,28,-2,False,False,deteriorating_payer
INV16001811,B016,B016-C1070,Textiles Client 070,Textiles & Apparel,30,213280.36,2024-07-17,2024-08-16,closed,2024-09-19,64,34,False,False,deteriorating_payer
INV16001812,B016,B016-C1070,Textiles Client 070,Textiles & Apparel,30,172370.61,2024-07-28,2024-08-27,closed,2024-08-26,29,-1,False,False,deteriorating_payer
INV16001813,B016,B016-C1070,Textiles Client 070,Textiles & Apparel,30,194150.82,2024-09-01,2024-10-01,closed,2024-10-16,45,15,False,False,deteriorating_payer
INV16001814,B016,B016-C1070,Textiles Client 070,Textiles & Apparel,30,129474.26,2024-09-12,2024-10-12,closed,2024-10-31,49,19,False,False,deteriorating_payer
INV16001815,B016,B016-C1070,Textiles Client 070,Textiles & Apparel,30,260042.65,2024-10-01,2024-10-31,closed,2024-11-21,51,21,False,False,deteriorating_payer
INV16001816,B016,B016-C1070,Textiles Client 070,Textiles & Apparel,30,139726.56,2024-10-17,2024-11-16,closed,2024-11-28,42,12,False,False,deteriorating_payer
INV16001817,B016,B016-C1070,Textiles Client 070,Textiles & Apparel,30,134930.15,2024-10-19,2024-11-18,closed,2024-12-04,46,16,False,False,deteriorating_payer
INV16001818,B016,B016-C1070,Textiles Client 070,Textiles & Apparel,30,120757.08,2024-11-24,2024-12-24,closed,2025-01-05,42,12,True,False,deteriorating_payer
INV16001819,B016,B016-C1070,Textiles Client 070,Textiles & Apparel,30,143948.74,2024-11-28,2024-12-28,closed,2025-02-04,68,38,False,False,deteriorating_payer
INV16001820,B016,B016-C1070,Textiles Client 070,Textiles & Apparel,30,120799.03,2024-11-29,2024-12-29,closed,2025-01-30,62,32,False,False,deteriorating_payer
INV16001821,B016,B016-C1070,Textiles Client 070,Textiles & Apparel,30,172129.44,2024-12-14,2025-01-13,closed,2025-03-06,82,52,False,False,deteriorating_payer
INV16001822,B016,B016-C1070,Textiles Client 070,Textiles & Apparel,30,258190.02,2024-12-18,2025-01-17,closed,2025-02-02,46,16,False,False,deteriorating_payer
INV16001823,B016,B016-C1070,Textiles Client 070,Textiles & Apparel,30,111086.95,2024-12-27,2025-01-26,closed,2025-01-25,29,-1,False,False,deteriorating_payer
INV16001824,B016,B016-C1070,Textiles Client 070,Textiles & Apparel,30,114510.2,2024-12-28,2025-01-27,closed,2025-02-11,45,15,False,False,deteriorating_payer
INV16001825,B016,B016-C1070,Textiles Client 070,Textiles & Apparel,30,139722.85,2025-01-11,2025-02-10,closed,2025-03-17,65,35,False,False,deteriorating_payer
INV16001826,B016,B016-C1070,Textiles Client 070,Textiles & Apparel,30,120384.08,2025-03-05,2025-04-04,closed,2025-06-04,91,61,False,False,deteriorating_payer
INV16001827,B016,B016-C1070,Textiles Client 070,Textiles & Apparel,30,133672.58,2025-03-16,2025-04-15,closed,2025-04-17,32,2,False,False,deteriorating_payer
INV16001828,B016,B016-C1070,Textiles Client 070,Textiles & Apparel,30,112700.7,2025-03-21,2025-04-20,closed,2025-05-22,62,32,False,False,deteriorating_payer
INV16001829,B016,B016-C1070,Textiles Client 070,Textiles & Apparel,30,279536.55,2025-03-30,2025-04-29,closed,2025-05-10,41,11,False,False,deteriorating_payer
INV16001830,B016,B016-C1070,Textiles Client 070,Textiles & Apparel,30,88858.89,2025-04-18,2025-05-18,closed,2025-05-30,42,12,False,False,deteriorating_payer
INV16001831,B016,B016-C1070,Textiles Client 070,Textiles & Apparel,30,250520.91,2025-05-03,2025-06-02,closed,2025-07-13,71,41,False,False,deteriorating_payer
INV16001832,B016,B016-C1070,Textiles Client 070,Textiles & Apparel,30,87301.38,2025-05-18,2025-06-17,closed,2025-07-08,51,21,False,False,deteriorating_payer
INV16001833,B016,B016-C1070,Textiles Client 070,Textiles & Apparel,30,153192.77,2025-06-13,2025-07-13,closed,2025-08-02,50,20,False,False,deteriorating_payer
INV16001834,B016,B016-C1070,Textiles Client 070,Textiles & Apparel,30,184478.24,2025-06-17,2025-07-17,closed,2025-08-28,72,42,False,False,deteriorating_payer
INV16001835,B016,B016-C1070,Textiles Client 070,Textiles & Apparel,30,146860.57,2025-07-22,2025-08-21,closed,2025-08-31,40,10,False,False,deteriorating_payer
INV16001836,B016,B016-C1070,Textiles Client 070,Textiles & Apparel,30,170574.99,2025-09-03,2025-10-03,closed,2025-11-16,74,44,False,False,deteriorating_payer
INV16001837,B016,B016-C1070,Textiles Client 070,Textiles & Apparel,30,113621.05,2025-09-16,2025-10-16,closed,2025-11-11,56,26,False,False,deteriorating_payer
INV16001838,B016,B016-C1070,Textiles Client 070,Textiles & Apparel,30,78724.5,2025-10-03,2025-11-02,closed,2025-12-09,67,37,False,False,deteriorating_payer
INV16001839,B016,B016-C1070,Textiles Client 070,Textiles & Apparel,30,105780.65,2025-12-21,2026-01-20,closed,2026-02-11,52,22,False,False,deteriorating_payer
INV16001840,B016,B016-C1070,Textiles Client 070,Textiles & Apparel,30,216386.11,2026-01-06,2026-02-05,closed,2026-03-23,76,46,False,False,deteriorating_payer
INV16001841,B016,B016-C1070,Textiles Client 070,Textiles & Apparel,30,76195.83,2026-01-26,2026-02-25,closed,2026-04-15,79,49,True,False,deteriorating_payer
INV16001842,B016,B016-C1070,Textiles Client 070,Textiles & Apparel,30,212159.1,2026-02-09,2026-03-11,closed,2026-04-30,80,50,False,False,deteriorating_payer
INV16001843,B016,B016-C1070,Textiles Client 070,Textiles & Apparel,30,99823.06,2026-02-09,2026-03-11,closed,2026-03-26,45,15,False,False,deteriorating_payer
INV16001844,B016,B016-C1070,Textiles Client 070,Textiles & Apparel,30,156735.93,2026-02-22,2026-03-24,closed,2026-04-27,64,34,False,False,deteriorating_payer
INV16001845,B016,B016-C1070,Textiles Client 070,Textiles & Apparel,30,199586.68,2026-03-19,2026-04-18,closed,2026-05-04,46,16,False,False,deteriorating_payer
INV16001846,B016,B016-C1070,Textiles Client 070,Textiles & Apparel,30,202398.64,2026-03-26,2026-04-25,closed,2026-06-06,72,42,False,False,deteriorating_payer
INV16001847,B016,B016-C1070,Textiles Client 070,Textiles & Apparel,30,149118.26,2026-04-09,2026-05-09,closed,2026-06-29,81,51,False,False,deteriorating_payer
INV16001848,B016,B016-C1070,Textiles Client 070,Textiles & Apparel,30,195729.66,2026-04-22,2026-05-22,closed,2026-07-04,73,43,False,False,deteriorating_payer
INV16001849,B016,B016-C1070,Textiles Client 070,Textiles & Apparel,30,180419.47,2026-06-15,2026-07-15,closed,2026-08-19,65,35,False,False,deteriorating_payer
INV16001850,B016,B016-C1070,Textiles Client 070,Textiles & Apparel,30,94724.59,2026-06-16,2026-07-16,closed,2026-08-27,72,42,True,False,deteriorating_payer
INV16001851,B016,B016-C1070,Textiles Client 070,Textiles & Apparel,30,289705.84,2026-06-26,2026-07-26,disputed_open,,,,False,False,deteriorating_payer
INV16001852,B016,B016-C1070,Textiles Client 070,Textiles & Apparel,30,135380.7,2026-07-01,2026-07-31,disputed_open,,,,False,False,deteriorating_payer
INV16001853,B016,B016-C1070,Textiles Client 070,Textiles & Apparel,30,118721.8,2026-08-24,2026-09-23,open,,,,False,False,deteriorating_payer
INV16001854,B016,B016-C1071,Textiles Client 071,Textiles & Apparel,60,101158.88,2024-03-21,2024-05-20,closed,2024-05-24,64,4,False,False,average_payer
INV16001855,B016,B016-C1071,Textiles Client 071,Textiles & Apparel,60,67819.68,2024-05-29,2024-07-28,closed,2024-08-04,67,7,False,False,average_payer
INV16001856,B016,B016-C1071,Textiles Client 071,Textiles & Apparel,60,50074.34,2024-07-15,2024-09-13,closed,2024-09-24,71,11,False,False,average_payer
INV16001857,B016,B016-C1071,Textiles Client 071,Textiles & Apparel,60,85356.85,2024-08-07,2024-10-06,closed,2024-10-03,57,-3,False,False,average_payer
INV16001858,B016,B016-C1071,Textiles Client 071,Textiles & Apparel,60,54941.77,2024-10-08,2024-12-07,closed,2024-12-13,66,6,False,False,average_payer
INV16001859,B016,B016-C1071,Textiles Client 071,Textiles & Apparel,60,62669.68,2024-12-12,2025-02-10,closed,2025-02-15,65,5,False,False,average_payer
INV16001860,B016,B016-C1071,Textiles Client 071,Textiles & Apparel,60,87765.38,2025-01-30,2025-03-31,closed,2025-03-29,58,-2,False,False,average_payer
INV16001861,B016,B016-C1071,Textiles Client 071,Textiles & Apparel,60,84732.96,2025-02-25,2025-04-26,closed,2025-04-25,59,-1,False,False,average_payer
INV16001862,B016,B016-C1071,Textiles Client 071,Textiles & Apparel,60,55243.56,2025-03-07,2025-05-06,closed,2025-05-10,64,4,False,False,average_payer
INV16001863,B016,B016-C1071,Textiles Client 071,Textiles & Apparel,60,78487.67,2025-03-23,2025-05-22,closed,2025-05-27,65,5,False,False,average_payer
INV16001864,B016,B016-C1071,Textiles Client 071,Textiles & Apparel,60,69769.74,2025-04-03,2025-06-02,closed,2025-05-29,56,-4,False,False,average_payer
INV16001865,B016,B016-C1071,Textiles Client 071,Textiles & Apparel,60,61697.08,2025-04-10,2025-06-09,closed,2025-06-16,67,7,False,False,average_payer
INV16001866,B016,B016-C1071,Textiles Client 071,Textiles & Apparel,60,49245.68,2025-06-30,2025-08-29,closed,2025-08-29,60,0,False,False,average_payer
INV16001867,B016,B016-C1071,Textiles Client 071,Textiles & Apparel,60,87920.8,2025-07-05,2025-09-03,closed,2025-09-16,73,13,False,False,average_payer
INV16001868,B016,B016-C1071,Textiles Client 071,Textiles & Apparel,60,44376.92,2025-08-28,2025-10-27,closed,2025-10-27,60,0,False,False,average_payer
INV16001869,B016,B016-C1071,Textiles Client 071,Textiles & Apparel,60,127444.67,2025-09-17,2025-11-16,closed,2025-11-26,70,10,False,True,average_payer
INV16001870,B016,B016-C1071,Textiles Client 071,Textiles & Apparel,60,51493.73,2025-09-20,2025-11-19,closed,2025-11-17,58,-2,False,False,average_payer
INV16001871,B016,B016-C1071,Textiles Client 071,Textiles & Apparel,60,72481.93,2025-11-01,2025-12-31,closed,2026-01-07,67,7,False,False,average_payer
INV16001872,B016,B016-C1071,Textiles Client 071,Textiles & Apparel,60,53054.7,2025-11-19,2026-01-18,closed,2026-01-29,71,11,False,False,average_payer
INV16001873,B016,B016-C1071,Textiles Client 071,Textiles & Apparel,60,44671.16,2025-11-30,2026-01-29,closed,2026-02-13,75,15,False,False,average_payer
INV16001874,B016,B016-C1071,Textiles Client 071,Textiles & Apparel,60,72732.58,2025-12-15,2026-02-13,closed,2026-02-25,72,12,False,False,average_payer
INV16001875,B016,B016-C1071,Textiles Client 071,Textiles & Apparel,60,77395.06,2026-02-03,2026-04-04,closed,2026-04-01,57,-3,False,False,average_payer
INV16001876,B016,B016-C1071,Textiles Client 071,Textiles & Apparel,60,63079.69,2026-02-28,2026-04-29,closed,2026-05-04,65,5,False,False,average_payer
INV16001877,B016,B016-C1071,Textiles Client 071,Textiles & Apparel,60,72053.68,2026-02-28,2026-04-29,closed,2026-04-28,59,-1,False,False,average_payer
INV16001878,B016,B016-C1071,Textiles Client 071,Textiles & Apparel,60,41211.17,2026-03-08,2026-05-07,closed,2026-05-08,61,1,False,False,average_payer
INV16001879,B016,B016-C1071,Textiles Client 071,Textiles & Apparel,60,40532.61,2026-03-20,2026-05-19,closed,2026-05-17,58,-2,False,False,average_payer
INV16001880,B016,B016-C1071,Textiles Client 071,Textiles & Apparel,60,46460.55,2026-05-16,2026-07-15,closed,2026-07-12,57,-3,False,False,average_payer
INV16001881,B016,B016-C1071,Textiles Client 071,Textiles & Apparel,60,83199.05,2026-07-10,2026-09-08,open,,,,False,False,average_payer
INV16001882,B016,B016-C1071,Textiles Client 071,Textiles & Apparel,60,54934.07,2026-08-10,2026-10-09,open,,,,False,False,average_payer
INV16001883,B016,B016-C1071,Textiles Client 071,Textiles & Apparel,60,54708.79,2026-08-11,2026-10-10,open,,,,False,False,average_payer
INV16001884,B016,B016-C1071,Textiles Client 071,Textiles & Apparel,60,42937.19,2026-08-29,2026-10-28,open,,,,False,False,average_payer
INV16001885,B016,B016-C1072,FMCG Client 072,FMCG & Food Processing,45,97860.91,2024-03-18,2024-05-02,closed,2024-05-06,49,4,False,False,prompt_payer
INV16001886,B016,B016-C1072,FMCG Client 072,FMCG & Food Processing,45,135134.5,2024-06-07,2024-07-22,closed,2024-07-25,48,3,False,False,prompt_payer
INV16001887,B016,B016-C1072,FMCG Client 072,FMCG & Food Processing,45,128407.27,2024-07-24,2024-09-07,closed,2024-09-08,46,1,False,False,prompt_payer
INV16001888,B016,B016-C1072,FMCG Client 072,FMCG & Food Processing,45,166496.58,2025-01-14,2025-02-28,closed,2025-03-01,46,1,False,False,prompt_payer
INV16001889,B016,B016-C1072,FMCG Client 072,FMCG & Food Processing,45,154215.61,2025-11-01,2025-12-16,closed,2025-12-18,47,2,False,False,prompt_payer
INV16001890,B016,B016-C1072,FMCG Client 072,FMCG & Food Processing,45,107927.95,2026-01-03,2026-02-17,closed,2026-02-11,39,-6,False,False,prompt_payer
INV16001891,B016,B016-C1072,FMCG Client 072,FMCG & Food Processing,45,199586.78,2026-08-13,2026-09-27,open,,,,False,False,prompt_payer
INV16001892,B016,B016-C1073,FMCG Client 073,FMCG & Food Processing,45,219766.01,2024-03-24,2024-05-08,closed,2024-05-22,59,14,False,False,seasonal_payer
INV16001893,B016,B016-C1073,FMCG Client 073,FMCG & Food Processing,45,208998.45,2024-04-10,2024-05-25,closed,2024-05-29,49,4,False,False,seasonal_payer
INV16001894,B016,B016-C1073,FMCG Client 073,FMCG & Food Processing,45,244559.6,2024-05-23,2024-07-07,closed,2024-07-20,58,13,False,False,seasonal_payer
INV16001895,B016,B016-C1073,FMCG Client 073,FMCG & Food Processing,45,412683.88,2024-05-31,2024-07-15,closed,2024-07-24,54,9,False,False,seasonal_payer
INV16001896,B016,B016-C1073,FMCG Client 073,FMCG & Food Processing,45,215476.61,2024-07-05,2024-08-19,closed,2024-08-11,37,-8,False,False,seasonal_payer
INV16001897,B016,B016-C1073,FMCG Client 073,FMCG & Food Processing,45,1007960.95,2024-07-09,2024-08-23,closed,2024-08-31,53,8,False,True,seasonal_payer
INV16001898,B016,B016-C1073,FMCG Client 073,FMCG & Food Processing,45,275505.77,2024-07-13,2024-08-27,closed,2024-09-04,53,8,False,False,seasonal_payer
INV16001899,B016,B016-C1073,FMCG Client 073,FMCG & Food Processing,45,352237.99,2024-08-23,2024-10-07,closed,2024-10-09,47,2,False,False,seasonal_payer
INV16001900,B016,B016-C1073,FMCG Client 073,FMCG & Food Processing,45,398809.13,2024-10-04,2024-11-18,closed,2024-12-06,63,18,False,False,seasonal_payer
INV16001901,B016,B016-C1073,FMCG Client 073,FMCG & Food Processing,45,281940.25,2024-10-04,2024-11-18,closed,2024-11-22,49,4,False,False,seasonal_payer
INV16001902,B016,B016-C1073,FMCG Client 073,FMCG & Food Processing,45,429297.65,2024-10-04,2024-11-18,closed,2024-11-21,48,3,False,False,seasonal_payer
INV16001903,B016,B016-C1073,FMCG Client 073,FMCG & Food Processing,45,348819.11,2024-10-23,2024-12-07,closed,2024-12-16,54,9,False,False,seasonal_payer
INV16001904,B016,B016-C1073,FMCG Client 073,FMCG & Food Processing,45,525055.36,2024-11-17,2025-01-01,closed,2025-01-09,53,8,False,False,seasonal_payer
INV16001905,B016,B016-C1073,FMCG Client 073,FMCG & Food Processing,45,210016.37,2024-11-21,2025-01-05,closed,2025-01-08,48,3,False,False,seasonal_payer
INV16001906,B016,B016-C1073,FMCG Client 073,FMCG & Food Processing,45,229048.6,2024-12-01,2025-01-15,closed,2025-02-05,66,21,False,False,seasonal_payer
INV16001907,B016,B016-C1073,FMCG Client 073,FMCG & Food Processing,45,219934.34,2024-12-21,2025-02-04,closed,2025-02-10,51,6,False,False,seasonal_payer
INV16001908,B016,B016-C1073,FMCG Client 073,FMCG & Food Processing,45,384442.33,2024-12-29,2025-02-12,closed,2025-02-19,52,7,False,False,seasonal_payer
INV16001909,B016,B016-C1073,FMCG Client 073,FMCG & Food Processing,45,197212.57,2025-01-07,2025-02-21,closed,2025-03-04,56,11,False,False,seasonal_payer
INV16001910,B016,B016-C1073,FMCG Client 073,FMCG & Food Processing,45,208962.92,2025-01-13,2025-02-27,closed,2025-03-19,65,20,False,False,seasonal_payer
INV16001911,B016,B016-C1073,FMCG Client 073,FMCG & Food Processing,45,337047.91,2025-02-06,2025-03-23,closed,2025-04-09,62,17,False,False,seasonal_payer
INV16001912,B016,B016-C1073,FMCG Client 073,FMCG & Food Processing,45,333663.75,2025-02-27,2025-04-13,closed,2025-04-30,62,17,False,False,seasonal_payer
INV16001913,B016,B016-C1073,FMCG Client 073,FMCG & Food Processing,45,156078.06,2025-07-21,2025-09-04,closed,2025-09-01,42,-3,False,False,seasonal_payer
INV16001914,B016,B016-C1073,FMCG Client 073,FMCG & Food Processing,45,301045.02,2025-08-15,2025-09-29,closed,2025-09-30,46,1,False,False,seasonal_payer
INV16001915,B016,B016-C1073,FMCG Client 073,FMCG & Food Processing,45,293120.92,2025-09-16,2025-10-31,closed,2025-10-26,40,-5,False,False,seasonal_payer
INV16001916,B016,B016-C1073,FMCG Client 073,FMCG & Food Processing,45,317221.56,2025-11-15,2025-12-30,closed,2026-01-14,60,15,False,False,seasonal_payer
INV16001917,B016,B016-C1073,FMCG Client 073,FMCG & Food Processing,45,438064.79,2025-11-16,2025-12-31,closed,2026-01-10,55,10,False,False,seasonal_payer
INV16001918,B016,B016-C1073,FMCG Client 073,FMCG & Food Processing,45,212720.19,2025-11-21,2026-01-05,closed,2026-01-17,57,12,False,False,seasonal_payer
INV16001919,B016,B016-C1073,FMCG Client 073,FMCG & Food Processing,45,378087.82,2025-12-05,2026-01-19,closed,2026-02-02,59,14,False,False,seasonal_payer
INV16001920,B016,B016-C1073,FMCG Client 073,FMCG & Food Processing,45,517916.12,2025-12-17,2026-01-31,closed,2026-02-16,61,16,False,False,seasonal_payer
INV16001921,B016,B016-C1073,FMCG Client 073,FMCG & Food Processing,45,187974.94,2026-01-11,2026-02-25,closed,2026-03-11,59,14,False,False,seasonal_payer
INV16001922,B016,B016-C1073,FMCG Client 073,FMCG & Food Processing,45,990376.36,2026-02-09,2026-03-26,closed,2026-04-17,67,22,False,True,seasonal_payer
INV16001923,B016,B016-C1073,FMCG Client 073,FMCG & Food Processing,45,1363809.65,2026-02-17,2026-04-03,closed,2026-04-20,62,17,False,True,seasonal_payer
INV16001924,B016,B016-C1073,FMCG Client 073,FMCG & Food Processing,45,1795789.76,2026-02-18,2026-04-04,closed,2026-04-21,62,17,False,True,seasonal_payer
INV16001925,B016,B016-C1073,FMCG Client 073,FMCG & Food Processing,45,236391.44,2026-02-22,2026-04-08,closed,2026-04-19,56,11,False,False,seasonal_payer
INV16001926,B016,B016-C1073,FMCG Client 073,FMCG & Food Processing,45,438172.13,2026-02-25,2026-04-11,closed,2026-04-25,59,14,False,False,seasonal_payer
INV16001927,B016,B016-C1073,FMCG Client 073,FMCG & Food Processing,45,189419.43,2026-03-09,2026-04-23,closed,2026-05-10,62,17,False,False,seasonal_payer
INV16001928,B016,B016-C1073,FMCG Client 073,FMCG & Food Processing,45,282484.57,2026-03-17,2026-05-01,closed,2026-05-19,63,18,False,False,seasonal_payer
INV16001929,B016,B016-C1073,FMCG Client 073,FMCG & Food Processing,45,327478.57,2026-04-23,2026-06-07,closed,2026-06-11,49,4,False,False,seasonal_payer
INV16001930,B016,B016-C1073,FMCG Client 073,FMCG & Food Processing,45,146175.48,2026-04-29,2026-06-13,closed,2026-06-24,56,11,False,False,seasonal_payer
INV16001931,B016,B016-C1073,FMCG Client 073,FMCG & Food Processing,45,283398.84,2026-05-03,2026-06-17,closed,2026-06-22,50,5,False,False,seasonal_payer
INV16001932,B016,B016-C1073,FMCG Client 073,FMCG & Food Processing,45,368211.76,2026-05-05,2026-06-19,closed,2026-06-24,50,5,False,False,seasonal_payer
INV16001933,B016,B016-C1073,FMCG Client 073,FMCG & Food Processing,45,317418.0,2026-05-14,2026-06-28,closed,2026-07-07,54,9,False,False,seasonal_payer
INV16001934,B016,B016-C1073,FMCG Client 073,FMCG & Food Processing,45,188744.28,2026-05-31,2026-07-15,closed,2026-07-30,60,15,False,False,seasonal_payer
INV16001935,B016,B016-C1073,FMCG Client 073,FMCG & Food Processing,45,329711.64,2026-07-23,2026-09-06,open,,,,False,False,seasonal_payer
INV16001936,B016,B016-C1073,FMCG Client 073,FMCG & Food Processing,45,212339.9,2026-07-25,2026-09-08,disputed_open,,,,False,False,seasonal_payer
INV16001937,B016,B016-C1073,FMCG Client 073,FMCG & Food Processing,45,231707.91,2026-08-09,2026-09-23,open,,,,False,False,seasonal_payer
INV16001938,B016,B016-C1074,FMCG Client 074,FMCG & Food Processing,45,85050.44,2024-08-21,2024-10-05,closed,2024-10-30,70,25,False,False,cold_start
INV16001939,B016,B016-C1074,FMCG Client 074,FMCG & Food Processing,45,57267.21,2025-01-10,2025-02-24,closed,2025-03-03,52,7,False,False,cold_start
INV16001940,B016,B016-C1074,FMCG Client 074,FMCG & Food Processing,45,100279.75,2025-12-07,2026-01-21,closed,2026-01-28,52,7,False,False,cold_start
INV16001941,B016,B016-C1075,Metal Client 075,Metal & Engineering,30,99075.05,2024-05-18,2024-06-17,closed,2024-06-30,43,13,False,False,cold_start
INV16001942,B016,B016-C1075,Metal Client 075,Metal & Engineering,30,692147.43,2026-06-24,2026-07-24,closed,2026-07-19,25,-5,False,True,cold_start
INV16001943,B016,B016-C1076,Retail Client 076,Retail & Distribution,45,27426.63,2024-04-26,2024-06-10,closed,2024-06-12,47,2,False,False,average_payer
INV16001944,B016,B016-C1076,Retail Client 076,Retail & Distribution,45,27744.88,2024-06-07,2024-07-22,open,,,,False,False,average_payer
INV16001945,B016,B016-C1076,Retail Client 076,Retail & Distribution,45,36611.71,2024-08-29,2024-10-13,closed,2024-10-14,46,1,False,False,average_payer
INV16001946,B016,B016-C1076,Retail Client 076,Retail & Distribution,45,31428.68,2024-11-25,2025-01-09,closed,2025-01-23,59,14,False,False,average_payer
INV16001947,B016,B016-C1076,Retail Client 076,Retail & Distribution,45,33048.51,2024-12-12,2025-01-26,closed,2025-01-17,36,-9,False,False,average_payer
INV16001948,B016,B016-C1076,Retail Client 076,Retail & Distribution,45,64280.85,2024-12-18,2025-02-01,closed,2025-02-07,51,6,False,False,average_payer
INV16001949,B016,B016-C1076,Retail Client 076,Retail & Distribution,45,143760.59,2025-02-14,2025-03-31,closed,2025-04-13,58,13,False,True,average_payer
INV16001950,B016,B016-C1076,Retail Client 076,Retail & Distribution,45,26606.2,2025-03-23,2025-05-07,closed,2025-05-14,52,7,False,False,average_payer
INV16001951,B016,B016-C1076,Retail Client 076,Retail & Distribution,45,20453.57,2025-05-12,2025-06-26,closed,2025-07-08,57,12,False,False,average_payer
INV16001952,B016,B016-C1076,Retail Client 076,Retail & Distribution,45,54315.92,2025-05-19,2025-07-03,closed,2025-07-04,46,1,False,False,average_payer
INV16001953,B016,B016-C1076,Retail Client 076,Retail & Distribution,45,30885.48,2025-05-22,2025-07-06,closed,2025-07-20,59,14,False,False,average_payer
INV16001954,B016,B016-C1076,Retail Client 076,Retail & Distribution,45,23606.43,2025-12-28,2026-02-11,closed,2026-02-16,50,5,False,False,average_payer
INV16001955,B016,B016-C1076,Retail Client 076,Retail & Distribution,45,29265.44,2026-02-06,2026-03-23,closed,2026-03-26,48,3,False,False,average_payer
INV16001956,B016,B016-C1076,Retail Client 076,Retail & Distribution,45,40004.8,2026-02-11,2026-03-28,closed,2026-03-25,42,-3,False,False,average_payer
INV16001957,B016,B016-C1076,Retail Client 076,Retail & Distribution,45,44569.75,2026-05-04,2026-06-18,closed,2026-06-19,46,1,False,False,average_payer
INV16001958,B016,B016-C1076,Retail Client 076,Retail & Distribution,45,70555.43,2026-07-26,2026-09-09,open,,,,False,False,average_payer
INV16001959,B016,B016-C1076,Retail Client 076,Retail & Distribution,45,41985.63,2026-08-12,2026-09-26,open,,,,False,False,average_payer
INV16001960,B016,B016-C1076,Retail Client 076,Retail & Distribution,45,30579.04,2026-08-26,2026-10-10,open,,,,False,False,average_payer
INV16001961,B016,B016-C1076,Retail Client 076,Retail & Distribution,45,94296.13,2026-08-31,2026-10-15,disputed_open,,,,False,True,average_payer
INV16001962,B016,B016-C1077,Electronics Client 077,Electronics & Electricals,45,21405.57,2024-04-01,2024-05-16,closed,2024-07-11,101,56,False,False,chronic_late_payer
INV16001963,B016,B016-C1077,Electronics Client 077,Electronics & Electricals,45,23703.88,2024-07-23,2024-09-06,closed,2024-10-11,80,35,False,False,chronic_late_payer
INV16001964,B016,B016-C1077,Electronics Client 077,Electronics & Electricals,45,39555.62,2024-09-12,2024-10-27,closed,2024-11-10,59,14,False,False,chronic_late_payer
INV16001965,B016,B016-C1077,Electronics Client 077,Electronics & Electricals,45,19300.77,2024-10-06,2024-11-20,closed,2024-12-04,59,14,False,False,chronic_late_payer
INV16001966,B016,B016-C1077,Electronics Client 077,Electronics & Electricals,45,25870.62,2024-11-03,2024-12-18,closed,2025-02-13,102,57,False,False,chronic_late_payer
INV16001967,B016,B016-C1077,Electronics Client 077,Electronics & Electricals,45,24489.14,2024-11-24,2025-01-08,closed,2025-02-09,77,32,False,False,chronic_late_payer
INV16001968,B016,B016-C1077,Electronics Client 077,Electronics & Electricals,45,13602.55,2025-02-08,2025-03-25,closed,2025-05-04,85,40,False,False,chronic_late_payer
INV16001969,B016,B016-C1077,Electronics Client 077,Electronics & Electricals,45,28713.1,2025-04-14,2025-05-29,closed,2025-07-11,88,43,False,False,chronic_late_payer
INV16001970,B016,B016-C1077,Electronics Client 077,Electronics & Electricals,45,45902.84,2025-04-27,2025-06-11,closed,2025-06-25,59,14,False,False,chronic_late_payer
INV16001971,B016,B016-C1077,Electronics Client 077,Electronics & Electricals,45,51501.79,2025-05-26,2025-07-10,closed,2025-09-05,102,57,False,False,chronic_late_payer
INV16001972,B016,B016-C1077,Electronics Client 077,Electronics & Electricals,45,131357.63,2025-06-03,2025-07-18,closed,2025-08-16,74,29,False,True,chronic_late_payer
INV16001973,B016,B016-C1077,Electronics Client 077,Electronics & Electricals,45,23507.32,2025-07-12,2025-08-26,closed,2025-10-13,93,48,False,False,chronic_late_payer
INV16001974,B016,B016-C1077,Electronics Client 077,Electronics & Electricals,45,32413.81,2025-09-07,2025-10-22,closed,2025-12-07,91,46,False,False,chronic_late_payer
INV16001975,B016,B016-C1077,Electronics Client 077,Electronics & Electricals,45,22040.75,2025-09-12,2025-10-27,closed,2025-11-28,77,32,False,False,chronic_late_payer
INV16001976,B016,B016-C1077,Electronics Client 077,Electronics & Electricals,45,43816.66,2025-10-31,2025-12-15,closed,2026-02-10,102,57,False,False,chronic_late_payer
INV16001977,B016,B016-C1077,Electronics Client 077,Electronics & Electricals,45,29739.2,2026-01-25,2026-03-11,closed,2026-04-28,93,48,False,False,chronic_late_payer
INV16001978,B016,B016-C1077,Electronics Client 077,Electronics & Electricals,45,37155.82,2026-01-28,2026-03-14,closed,2026-04-12,74,29,False,False,chronic_late_payer
INV16001979,B016,B016-C1077,Electronics Client 077,Electronics & Electricals,45,14652.66,2026-07-11,2026-08-25,disputed_open,,,,False,False,chronic_late_payer
INV16001980,B016,B016-C1077,Electronics Client 077,Electronics & Electricals,45,32445.03,2026-07-12,2026-08-26,open,,,,False,False,chronic_late_payer
INV16001981,B016,B016-C1077,Electronics Client 077,Electronics & Electricals,45,20038.63,2026-07-12,2026-08-26,disputed_open,,,,False,False,chronic_late_payer
INV16001982,B016,B016-C1077,Electronics Client 077,Electronics & Electricals,45,23274.57,2026-07-14,2026-08-28,open,,,,False,False,chronic_late_payer
INV16001983,B016,B016-C1077,Electronics Client 077,Electronics & Electricals,45,28390.43,2026-08-22,2026-10-06,open,,,,False,False,chronic_late_payer
INV16001984,B016,B016-C1078,FMCG Client 078,FMCG & Food Processing,15,14917.45,2026-05-20,2026-06-04,closed,2026-06-13,24,9,False,False,cold_start
INV16001985,B016,B016-C1078,FMCG Client 078,FMCG & Food Processing,15,12898.39,2026-07-29,2026-08-13,closed,2026-08-11,13,-2,False,False,cold_start
INV16001986,B016,B016-C1079,Retail Client 079,Retail & Distribution,45,71267.64,2024-05-13,2024-06-27,closed,2024-07-26,74,29,False,False,improving_payer
INV16001987,B016,B016-C1079,Retail Client 079,Retail & Distribution,45,115187.51,2024-05-20,2024-07-04,closed,2024-08-06,78,33,False,False,improving_payer
INV16001988,B016,B016-C1079,Retail Client 079,Retail & Distribution,45,86385.86,2024-05-20,2024-07-04,closed,2024-08-17,89,44,False,False,improving_payer
INV16001989,B016,B016-C1079,Retail Client 079,Retail & Distribution,45,160060.25,2024-07-05,2024-08-19,closed,2024-09-10,67,22,False,False,improving_payer
INV16001990,B016,B016-C1079,Retail Client 079,Retail & Distribution,45,121180.45,2024-08-09,2024-09-23,closed,2024-10-11,63,18,False,False,improving_payer
INV16001991,B016,B016-C1079,Retail Client 079,Retail & Distribution,45,85339.28,2024-11-13,2024-12-28,closed,2025-01-31,79,34,False,False,improving_payer
INV16001992,B016,B016-C1079,Retail Client 079,Retail & Distribution,45,79159.15,2024-11-26,2025-01-10,closed,2025-02-13,79,34,False,False,improving_payer
INV16001993,B016,B016-C1079,Retail Client 079,Retail & Distribution,45,106551.94,2024-12-02,2025-01-16,closed,2025-02-19,79,34,False,False,improving_payer
INV16001994,B016,B016-C1079,Retail Client 079,Retail & Distribution,45,106203.31,2024-12-20,2025-02-03,closed,2025-02-27,69,24,False,False,improving_payer
INV16001995,B016,B016-C1079,Retail Client 079,Retail & Distribution,45,114151.76,2024-12-21,2025-02-04,closed,2025-02-28,69,24,False,False,improving_payer
INV16001996,B016,B016-C1079,Retail Client 079,Retail & Distribution,45,80610.89,2025-01-02,2025-02-16,closed,2025-03-09,66,21,False,False,improving_payer
INV16001997,B016,B016-C1079,Retail Client 079,Retail & Distribution,45,127669.56,2025-01-21,2025-03-07,closed,2025-04-04,73,28,False,False,improving_payer
INV16001998,B016,B016-C1079,Retail Client 079,Retail & Distribution,45,100428.11,2025-02-22,2025-04-08,closed,2025-04-27,64,19,False,False,improving_payer
INV16001999,B016,B016-C1079,Retail Client 079,Retail & Distribution,45,112665.16,2025-03-25,2025-05-09,closed,2025-06-09,76,31,False,False,improving_payer
INV16002000,B016,B016-C1079,Retail Client 079,Retail & Distribution,45,95248.54,2025-04-11,2025-05-26,closed,2025-06-05,55,10,False,False,improving_payer
INV16002001,B016,B016-C1079,Retail Client 079,Retail & Distribution,45,86151.45,2025-05-06,2025-06-20,closed,2025-06-29,54,9,False,False,improving_payer
INV16002002,B016,B016-C1079,Retail Client 079,Retail & Distribution,45,173835.43,2025-05-12,2025-06-26,closed,2025-07-24,73,28,False,False,improving_payer
INV16002003,B016,B016-C1079,Retail Client 079,Retail & Distribution,45,109989.82,2025-05-14,2025-06-28,closed,2025-07-14,61,16,False,False,improving_payer
INV16002004,B016,B016-C1079,Retail Client 079,Retail & Distribution,45,84684.96,2025-06-15,2025-07-30,closed,2025-08-12,58,13,False,False,improving_payer
INV16002005,B016,B016-C1079,Retail Client 079,Retail & Distribution,45,107742.19,2025-07-28,2025-09-11,closed,2025-10-05,69,24,False,False,improving_payer
INV16002006,B016,B016-C1079,Retail Client 079,Retail & Distribution,45,161627.02,2025-08-20,2025-10-04,closed,2025-10-20,61,16,False,False,improving_payer
INV16002007,B016,B016-C1079,Retail Client 079,Retail & Distribution,45,180071.98,2025-12-06,2026-01-20,closed,2026-01-27,52,7,False,False,improving_payer
INV16002008,B016,B016-C1079,Retail Client 079,Retail & Distribution,45,73575.91,2026-01-09,2026-02-23,closed,2026-03-12,62,17,True,False,improving_payer
INV16002009,B016,B016-C1079,Retail Client 079,Retail & Distribution,45,130983.64,2026-01-22,2026-03-08,closed,2026-03-27,64,19,False,False,improving_payer
INV16002010,B016,B016-C1079,Retail Client 079,Retail & Distribution,45,94566.58,2026-02-14,2026-03-31,closed,2026-04-10,55,10,False,False,improving_payer
INV16002011,B016,B016-C1079,Retail Client 079,Retail & Distribution,45,127621.7,2026-04-23,2026-06-07,closed,2026-06-02,40,-5,True,False,improving_payer
INV16002012,B016,B016-C1079,Retail Client 079,Retail & Distribution,45,58464.16,2026-04-25,2026-06-09,closed,2026-06-12,48,3,False,False,improving_payer
INV16002013,B016,B016-C1079,Retail Client 079,Retail & Distribution,45,114077.83,2026-04-30,2026-06-14,closed,2026-06-11,42,-3,False,False,improving_payer
INV16002014,B016,B016-C1079,Retail Client 079,Retail & Distribution,45,144538.07,2026-05-16,2026-06-30,closed,2026-07-01,46,1,False,False,improving_payer
INV16002015,B016,B016-C1079,Retail Client 079,Retail & Distribution,45,90202.9,2026-07-21,2026-09-04,closed,2026-08-30,40,-5,False,False,improving_payer
INV16002016,B016,B016-C1080,Construction Client 080,Construction & Infra,30,44209.04,2024-04-14,2024-05-14,closed,2024-05-31,47,17,False,False,chronic_late_payer
INV16002017,B016,B016-C1080,Construction Client 080,Construction & Infra,30,37829.6,2024-04-29,2024-05-29,disputed_open,,,,False,False,chronic_late_payer
INV16002018,B016,B016-C1080,Construction Client 080,Construction & Infra,30,313638.96,2024-07-17,2024-08-16,closed,2024-09-14,59,29,False,True,chronic_late_payer
INV16002019,B016,B016-C1080,Construction Client 080,Construction & Infra,30,59847.44,2024-08-01,2024-08-31,closed,2024-09-23,53,23,False,False,chronic_late_payer
INV16002020,B016,B016-C1080,Construction Client 080,Construction & Infra,30,67867.27,2024-08-17,2024-09-16,closed,2024-10-15,59,29,False,False,chronic_late_payer
INV16002021,B016,B016-C1080,Construction Client 080,Construction & Infra,30,27895.56,2024-08-31,2024-09-30,closed,2024-10-25,55,25,False,False,chronic_late_payer
INV16002022,B016,B016-C1080,Construction Client 080,Construction & Infra,30,43378.45,2024-10-03,2024-11-02,closed,2024-11-24,52,22,False,False,chronic_late_payer
INV16002023,B016,B016-C1080,Construction Client 080,Construction & Infra,30,77902.98,2024-12-16,2025-01-15,closed,2025-02-02,48,18,False,False,chronic_late_payer
INV16002024,B016,B016-C1080,Construction Client 080,Construction & Infra,30,75915.4,2024-12-18,2025-01-17,closed,2025-03-14,86,56,False,False,chronic_late_payer
INV16002025,B016,B016-C1080,Construction Client 080,Construction & Infra,30,80001.89,2025-02-04,2025-03-06,closed,2025-03-20,44,14,False,False,chronic_late_payer
INV16002026,B016,B016-C1080,Construction Client 080,Construction & Infra,30,41598.08,2025-04-04,2025-05-04,closed,2025-06-02,59,29,False,False,chronic_late_payer
INV16002027,B016,B016-C1080,Construction Client 080,Construction & Infra,30,134028.25,2025-05-06,2025-06-05,closed,2025-06-28,53,23,False,False,chronic_late_payer
INV16002028,B016,B016-C1080,Construction Client 080,Construction & Infra,30,78010.64,2025-05-07,2025-06-06,closed,2025-06-25,49,19,False,False,chronic_late_payer
INV16002029,B016,B016-C1080,Construction Client 080,Construction & Infra,30,45796.44,2025-06-28,2025-07-28,closed,2025-09-03,67,37,False,False,chronic_late_payer
INV16002030,B016,B016-C1080,Construction Client 080,Construction & Infra,30,39250.59,2025-07-12,2025-08-11,closed,2025-09-24,74,44,False,False,chronic_late_payer
INV16002031,B016,B016-C1080,Construction Client 080,Construction & Infra,30,35823.44,2025-07-19,2025-08-18,closed,2025-09-27,70,40,False,False,chronic_late_payer
INV16002032,B016,B016-C1080,Construction Client 080,Construction & Infra,30,65948.47,2025-09-04,2025-10-04,open,,,,False,False,chronic_late_payer
INV16002033,B016,B016-C1080,Construction Client 080,Construction & Infra,30,33773.72,2025-09-28,2025-10-28,closed,2025-12-07,70,40,False,False,chronic_late_payer
INV16002034,B016,B016-C1080,Construction Client 080,Construction & Infra,30,47983.41,2025-12-11,2026-01-10,closed,2026-01-27,47,17,False,False,chronic_late_payer
INV16002035,B016,B016-C1080,Construction Client 080,Construction & Infra,30,44283.84,2026-03-19,2026-04-18,closed,2026-05-20,62,32,False,False,chronic_late_payer
INV16002036,B016,B016-C1080,Construction Client 080,Construction & Infra,30,43589.24,2026-04-20,2026-05-20,closed,2026-07-02,73,43,False,False,chronic_late_payer
INV16002037,B016,B016-C1080,Construction Client 080,Construction & Infra,30,67883.44,2026-06-20,2026-07-20,closed,2026-08-18,59,29,False,False,chronic_late_payer
INV16002038,B016,B016-C1080,Construction Client 080,Construction & Infra,30,56252.92,2026-07-13,2026-08-12,open,,,,False,False,chronic_late_payer
INV16002039,B016,B016-C1080,Construction Client 080,Construction & Infra,30,52567.9,2026-08-04,2026-09-03,open,,,,False,False,chronic_late_payer
INV16002040,B016,B016-C1081,FMCG Client 081,FMCG & Food Processing,45,141051.45,2024-03-23,2024-05-07,closed,2024-05-11,49,4,True,False,average_payer
INV16002041,B016,B016-C1081,FMCG Client 081,FMCG & Food Processing,45,241819.61,2024-03-24,2024-05-08,closed,2024-05-22,59,14,False,False,average_payer
INV16002042,B016,B016-C1081,FMCG Client 081,FMCG & Food Processing,45,241849.36,2024-04-25,2024-06-09,closed,2024-06-06,42,-3,False,False,average_payer
INV16002043,B016,B016-C1081,FMCG Client 081,FMCG & Food Processing,45,187014.3,2024-06-12,2024-07-27,closed,2024-08-04,53,8,False,False,average_payer
INV16002044,B016,B016-C1081,FMCG Client 081,FMCG & Food Processing,45,159623.13,2024-06-13,2024-07-28,closed,2024-08-04,52,7,False,False,average_payer
INV16002045,B016,B016-C1081,FMCG Client 081,FMCG & Food Processing,45,145456.37,2024-06-23,2024-08-07,closed,2024-08-16,54,9,False,False,average_payer
INV16002046,B016,B016-C1081,FMCG Client 081,FMCG & Food Processing,45,204497.18,2024-07-13,2024-08-27,closed,2024-08-29,47,2,False,False,average_payer
INV16002047,B016,B016-C1081,FMCG Client 081,FMCG & Food Processing,45,171942.36,2024-07-14,2024-08-28,closed,2024-09-13,61,16,False,False,average_payer
INV16002048,B016,B016-C1081,FMCG Client 081,FMCG & Food Processing,45,142436.04,2024-07-18,2024-09-01,closed,2024-09-01,45,0,False,False,average_payer
INV16002049,B016,B016-C1081,FMCG Client 081,FMCG & Food Processing,45,218108.87,2024-07-24,2024-09-07,closed,2024-09-17,55,10,False,False,average_payer
INV16002050,B016,B016-C1081,FMCG Client 081,FMCG & Food Processing,45,187394.03,2024-07-29,2024-09-12,closed,2024-09-23,56,11,False,False,average_payer
INV16002051,B016,B016-C1081,FMCG Client 081,FMCG & Food Processing,45,153811.28,2024-08-07,2024-09-21,closed,2024-09-09,33,-12,False,False,average_payer
INV16002052,B016,B016-C1081,FMCG Client 081,FMCG & Food Processing,45,172074.12,2024-08-10,2024-09-24,closed,2024-10-06,57,12,False,False,average_payer
INV16002053,B016,B016-C1081,FMCG Client 081,FMCG & Food Processing,45,188804.33,2024-08-18,2024-10-02,closed,2024-10-01,44,-1,False,False,average_payer
INV16002054,B016,B016-C1081,FMCG Client 081,FMCG & Food Processing,45,81436.0,2024-08-22,2024-10-06,closed,2024-10-20,59,14,False,False,average_payer
INV16002055,B016,B016-C1081,FMCG Client 081,FMCG & Food Processing,45,258604.39,2024-09-09,2024-10-24,closed,2024-11-01,53,8,False,False,average_payer
INV16002056,B016,B016-C1081,FMCG Client 081,FMCG & Food Processing,45,210712.02,2024-11-08,2024-12-23,closed,2025-01-05,58,13,False,False,average_payer
INV16002057,B016,B016-C1081,FMCG Client 081,FMCG & Food Processing,45,229875.59,2024-11-23,2025-01-07,closed,2025-01-15,53,8,False,False,average_payer
INV16002058,B016,B016-C1081,FMCG Client 081,FMCG & Food Processing,45,338479.49,2025-01-10,2025-02-24,closed,2025-03-10,59,14,False,False,average_payer
INV16002059,B016,B016-C1081,FMCG Client 081,FMCG & Food Processing,45,739977.2,2025-01-13,2025-02-27,closed,2025-03-06,52,7,False,True,average_payer
INV16002060,B016,B016-C1081,FMCG Client 081,FMCG & Food Processing,45,225962.86,2025-02-12,2025-03-29,closed,2025-04-13,60,15,False,False,average_payer
INV16002061,B016,B016-C1081,FMCG Client 081,FMCG & Food Processing,45,170534.44,2025-04-09,2025-05-24,closed,2025-06-02,54,9,False,False,average_payer
INV16002062,B016,B016-C1081,FMCG Client 081,FMCG & Food Processing,45,261724.47,2025-04-24,2025-06-08,closed,2025-06-10,47,2,False,False,average_payer
INV16002063,B016,B016-C1081,FMCG Client 081,FMCG & Food Processing,45,186042.71,2025-04-25,2025-06-09,closed,2025-06-21,57,12,False,False,average_payer
INV16002064,B016,B016-C1081,FMCG Client 081,FMCG & Food Processing,45,126547.51,2025-05-11,2025-06-25,closed,2025-07-01,51,6,False,False,average_payer
INV16002065,B016,B016-C1081,FMCG Client 081,FMCG & Food Processing,45,95169.56,2025-05-11,2025-06-25,closed,2025-06-25,45,0,False,False,average_payer
INV16002066,B016,B016-C1081,FMCG Client 081,FMCG & Food Processing,45,162270.14,2025-05-23,2025-07-07,closed,2025-07-16,54,9,True,False,average_payer
INV16002067,B016,B016-C1081,FMCG Client 081,FMCG & Food Processing,45,319465.59,2025-05-25,2025-07-09,closed,2025-07-03,39,-6,False,False,average_payer
INV16002068,B016,B016-C1081,FMCG Client 081,FMCG & Food Processing,45,174529.67,2025-07-30,2025-09-13,closed,2025-09-19,51,6,False,False,average_payer
INV16002069,B016,B016-C1081,FMCG Client 081,FMCG & Food Processing,45,174190.13,2025-08-06,2025-09-20,closed,2025-09-25,50,5,False,False,average_payer
INV16002070,B016,B016-C1081,FMCG Client 081,FMCG & Food Processing,45,119191.02,2025-08-06,2025-09-20,closed,2025-09-19,44,-1,False,False,average_payer
INV16002071,B016,B016-C1081,FMCG Client 081,FMCG & Food Processing,45,162260.64,2025-08-24,2025-10-08,closed,2025-10-12,49,4,False,False,average_payer
INV16002072,B016,B016-C1081,FMCG Client 081,FMCG & Food Processing,45,211394.96,2025-09-03,2025-10-18,closed,2025-10-27,54,9,False,False,average_payer
INV16002073,B016,B016-C1081,FMCG Client 081,FMCG & Food Processing,45,185788.31,2025-09-22,2025-11-06,closed,2025-11-22,61,16,False,False,average_payer
INV16002074,B016,B016-C1081,FMCG Client 081,FMCG & Food Processing,45,213030.82,2025-11-07,2025-12-22,closed,2025-12-24,47,2,False,False,average_payer
INV16002075,B016,B016-C1081,FMCG Client 081,FMCG & Food Processing,45,163378.52,2025-12-06,2026-01-20,closed,2026-01-20,45,0,False,False,average_payer
INV16002076,B016,B016-C1081,FMCG Client 081,FMCG & Food Processing,45,134091.2,2025-12-16,2026-01-30,disputed_open,,,,False,False,average_payer
INV16002077,B016,B016-C1081,FMCG Client 081,FMCG & Food Processing,45,185440.43,2026-01-24,2026-03-10,closed,2026-03-19,54,9,False,False,average_payer
INV16002078,B016,B016-C1081,FMCG Client 081,FMCG & Food Processing,45,149867.45,2026-03-18,2026-05-02,closed,2026-05-07,50,5,False,False,average_payer
INV16002079,B016,B016-C1081,FMCG Client 081,FMCG & Food Processing,45,185072.34,2026-04-21,2026-06-05,closed,2026-06-04,44,-1,False,False,average_payer
INV16002080,B016,B016-C1081,FMCG Client 081,FMCG & Food Processing,45,225968.75,2026-04-27,2026-06-11,closed,2026-06-18,52,7,False,False,average_payer
INV16002081,B016,B016-C1081,FMCG Client 081,FMCG & Food Processing,45,169372.41,2026-05-04,2026-06-18,closed,2026-07-01,58,13,False,False,average_payer
INV16002082,B016,B016-C1081,FMCG Client 081,FMCG & Food Processing,45,135081.37,2026-05-08,2026-06-22,closed,2026-06-29,52,7,False,False,average_payer
INV16002083,B016,B016-C1081,FMCG Client 081,FMCG & Food Processing,45,191243.43,2026-06-03,2026-07-18,closed,2026-08-08,66,21,False,False,average_payer
INV16002084,B016,B016-C1081,FMCG Client 081,FMCG & Food Processing,45,435699.25,2026-06-08,2026-07-23,closed,2026-07-27,49,4,False,False,average_payer
INV16002085,B016,B016-C1081,FMCG Client 081,FMCG & Food Processing,45,231469.51,2026-06-12,2026-07-27,closed,2026-08-02,51,6,False,False,average_payer
INV16002086,B016,B016-C1081,FMCG Client 081,FMCG & Food Processing,45,279525.05,2026-06-30,2026-08-14,closed,2026-08-17,48,3,False,False,average_payer
INV16002087,B016,B016-C1081,FMCG Client 081,FMCG & Food Processing,45,177685.52,2026-07-28,2026-09-11,disputed_open,,,,False,False,average_payer
INV16002088,B016,B016-C1081,FMCG Client 081,FMCG & Food Processing,45,144171.82,2026-08-31,2026-10-15,open,,,,False,False,average_payer
INV16002089,B016,B016-C1082,Auto Client 082,Auto Components,90,9543.29,2024-03-27,2024-06-25,closed,2024-07-21,116,26,False,False,chronic_late_payer
INV16002090,B016,B016-C1082,Auto Client 082,Auto Components,90,13419.33,2024-04-02,2024-07-01,closed,2024-08-15,135,45,False,False,chronic_late_payer
INV16002091,B016,B016-C1082,Auto Client 082,Auto Components,90,13420.41,2024-04-27,2024-07-26,closed,2024-08-26,121,31,False,False,chronic_late_payer
INV16002092,B016,B016-C1082,Auto Client 082,Auto Components,90,15537.28,2024-07-05,2024-10-03,closed,2024-10-31,118,28,False,False,chronic_late_payer
INV16002093,B016,B016-C1082,Auto Client 082,Auto Components,90,15175.35,2024-07-20,2024-10-18,closed,2024-11-17,120,30,False,False,chronic_late_payer
INV16002094,B016,B016-C1082,Auto Client 082,Auto Components,90,13149.46,2024-09-03,2024-12-02,closed,2025-02-10,160,70,False,False,chronic_late_payer
INV16002095,B016,B016-C1082,Auto Client 082,Auto Components,90,11225.57,2024-09-11,2024-12-10,closed,2025-01-07,118,28,False,False,chronic_late_payer
INV16002096,B016,B016-C1082,Auto Client 082,Auto Components,90,13740.36,2024-10-13,2025-01-11,closed,2025-03-05,143,53,False,False,chronic_late_payer
INV16002097,B016,B016-C1082,Auto Client 082,Auto Components,90,7058.22,2024-11-20,2025-02-18,closed,2025-03-30,130,40,False,False,chronic_late_payer
INV16002098,B016,B016-C1082,Auto Client 082,Auto Components,90,11063.59,2024-11-28,2025-02-26,closed,2025-03-13,105,15,False,False,chronic_late_payer
INV16002099,B016,B016-C1082,Auto Client 082,Auto Components,90,9480.24,2025-02-11,2025-05-12,closed,2025-06-18,127,37,False,False,chronic_late_payer
INV16002100,B016,B016-C1082,Auto Client 082,Auto Components,90,14570.97,2025-02-17,2025-05-18,closed,2025-06-14,117,27,True,False,chronic_late_payer
INV16002101,B016,B016-C1082,Auto Client 082,Auto Components,90,16596.92,2025-02-22,2025-05-23,closed,2025-07-02,130,40,False,False,chronic_late_payer
INV16002102,B016,B016-C1082,Auto Client 082,Auto Components,90,10461.08,2025-02-23,2025-05-24,closed,2025-06-07,104,14,False,False,chronic_late_payer
INV16002103,B016,B016-C1082,Auto Client 082,Auto Components,90,11137.73,2025-03-03,2025-06-01,closed,2025-07-20,139,49,False,False,chronic_late_payer
INV16002104,B016,B016-C1082,Auto Client 082,Auto Components,90,15854.53,2025-03-25,2025-06-23,closed,2025-08-11,139,49,False,False,chronic_late_payer
INV16002105,B016,B016-C1082,Auto Client 082,Auto Components,90,17665.68,2025-05-18,2025-08-16,closed,2025-09-20,125,35,False,False,chronic_late_payer
INV16002106,B016,B016-C1082,Auto Client 082,Auto Components,90,10378.38,2025-06-17,2025-09-15,closed,2025-10-29,134,44,False,False,chronic_late_payer
INV16002107,B016,B016-C1082,Auto Client 082,Auto Components,90,13183.84,2025-08-27,2025-11-25,closed,2026-01-19,145,55,False,False,chronic_late_payer
INV16002108,B016,B016-C1082,Auto Client 082,Auto Components,90,8388.27,2025-09-03,2025-12-02,closed,2025-12-27,115,25,False,False,chronic_late_payer
INV16002109,B016,B016-C1082,Auto Client 082,Auto Components,90,8534.38,2025-09-15,2025-12-14,closed,2026-01-28,135,45,False,False,chronic_late_payer
INV16002110,B016,B016-C1082,Auto Client 082,Auto Components,90,8145.29,2025-09-21,2025-12-20,closed,2026-02-08,140,50,False,False,chronic_late_payer
INV16002111,B016,B016-C1082,Auto Client 082,Auto Components,90,9646.79,2025-12-01,2026-03-01,closed,2026-03-15,104,14,False,False,chronic_late_payer
INV16002112,B016,B016-C1082,Auto Client 082,Auto Components,90,10404.09,2026-03-05,2026-06-03,closed,2026-06-21,108,18,False,False,chronic_late_payer
INV16002113,B016,B016-C1082,Auto Client 082,Auto Components,90,9816.23,2026-03-30,2026-06-28,closed,2026-08-19,142,52,False,False,chronic_late_payer
INV16002114,B016,B016-C1082,Auto Client 082,Auto Components,90,12688.2,2026-06-18,2026-09-16,open,,,,False,False,chronic_late_payer
INV16002115,B016,B016-C1082,Auto Client 082,Auto Components,90,18260.48,2026-07-19,2026-10-17,disputed_open,,,,False,False,chronic_late_payer
INV16002116,B016,B016-C1083,Metal Client 083,Metal & Engineering,45,90412.98,2024-04-02,2024-05-17,closed,2024-05-31,59,14,False,False,seasonal_payer
INV16002117,B016,B016-C1083,Metal Client 083,Metal & Engineering,45,228676.94,2024-05-12,2024-06-26,closed,2024-07-07,56,11,False,False,seasonal_payer
INV16002118,B016,B016-C1083,Metal Client 083,Metal & Engineering,45,406827.92,2024-06-22,2024-08-06,closed,2024-08-16,55,10,False,True,seasonal_payer
INV16002119,B016,B016-C1083,Metal Client 083,Metal & Engineering,45,195217.4,2024-06-27,2024-08-11,closed,2024-08-20,54,9,False,False,seasonal_payer
INV16002120,B016,B016-C1083,Metal Client 083,Metal & Engineering,45,208853.45,2024-07-17,2024-08-31,closed,2024-09-14,59,14,False,False,seasonal_payer
INV16002121,B016,B016-C1083,Metal Client 083,Metal & Engineering,45,127657.75,2024-08-13,2024-09-27,closed,2024-09-30,48,3,False,False,seasonal_payer
INV16002122,B016,B016-C1083,Metal Client 083,Metal & Engineering,45,159503.46,2024-08-29,2024-10-13,closed,2024-10-21,53,8,False,False,seasonal_payer
INV16002123,B016,B016-C1083,Metal Client 083,Metal & Engineering,45,116385.73,2024-09-03,2024-10-18,closed,2024-10-20,47,2,False,False,seasonal_payer
INV16002124,B016,B016-C1083,Metal Client 083,Metal & Engineering,45,153029.71,2024-09-05,2024-10-20,closed,2024-10-23,48,3,False,False,seasonal_payer
INV16002125,B016,B016-C1083,Metal Client 083,Metal & Engineering,45,134856.97,2024-09-08,2024-10-23,closed,2024-10-29,51,6,False,False,seasonal_payer
INV16002126,B016,B016-C1083,Metal Client 083,Metal & Engineering,45,146106.17,2024-09-10,2024-10-25,closed,2024-11-06,57,12,False,False,seasonal_payer
INV16002127,B016,B016-C1083,Metal Client 083,Metal & Engineering,45,272070.72,2024-09-29,2024-11-13,closed,2024-11-21,53,8,False,False,seasonal_payer
INV16002128,B016,B016-C1083,Metal Client 083,Metal & Engineering,45,153996.69,2024-10-05,2024-11-19,closed,2024-11-24,50,5,False,False,seasonal_payer
INV16002129,B016,B016-C1083,Metal Client 083,Metal & Engineering,45,121529.5,2024-10-30,2024-12-14,closed,2024-12-25,56,11,False,False,seasonal_payer
INV16002130,B016,B016-C1083,Metal Client 083,Metal & Engineering,45,144933.7,2024-11-09,2024-12-24,closed,2024-12-29,50,5,False,False,seasonal_payer
INV16002131,B016,B016-C1083,Metal Client 083,Metal & Engineering,45,175326.75,2024-12-07,2025-01-21,closed,2025-01-20,44,-1,False,False,seasonal_payer
INV16002132,B016,B016-C1083,Metal Client 083,Metal & Engineering,45,299733.8,2024-12-19,2025-02-02,closed,2025-02-02,45,0,True,False,seasonal_payer
INV16002133,B016,B016-C1083,Metal Client 083,Metal & Engineering,45,245034.01,2024-12-30,2025-02-13,closed,2025-02-21,53,8,False,False,seasonal_payer
INV16002134,B016,B016-C1083,Metal Client 083,Metal & Engineering,45,918455.83,2025-01-01,2025-02-15,open,,,,False,True,seasonal_payer
INV16002135,B016,B016-C1083,Metal Client 083,Metal & Engineering,45,648731.94,2025-01-04,2025-02-18,closed,2025-02-21,48,3,False,True,seasonal_payer
INV16002136,B016,B016-C1083,Metal Client 083,Metal & Engineering,45,176155.78,2025-01-11,2025-02-25,closed,2025-03-10,58,13,False,False,seasonal_payer
INV16002137,B016,B016-C1083,Metal Client 083,Metal & Engineering,45,133622.4,2025-01-25,2025-03-11,closed,2025-03-15,49,4,False,False,seasonal_payer
INV16002138,B016,B016-C1083,Metal Client 083,Metal & Engineering,45,188914.27,2025-02-12,2025-03-29,closed,2025-04-06,53,8,False,False,seasonal_payer
INV16002139,B016,B016-C1083,Metal Client 083,Metal & Engineering,45,219020.28,2025-02-20,2025-04-06,closed,2025-04-13,52,7,True,False,seasonal_payer
INV16002140,B016,B016-C1083,Metal Client 083,Metal & Engineering,45,246408.0,2025-02-23,2025-04-09,closed,2025-04-16,52,7,False,False,seasonal_payer
INV16002141,B016,B016-C1083,Metal Client 083,Metal & Engineering,45,167540.62,2025-03-15,2025-04-29,closed,2025-05-08,54,9,False,False,seasonal_payer
INV16002142,B016,B016-C1083,Metal Client 083,Metal & Engineering,45,121839.17,2025-03-17,2025-05-01,closed,2025-05-08,52,7,False,False,seasonal_payer
INV16002143,B016,B016-C1083,Metal Client 083,Metal & Engineering,45,170627.05,2025-03-30,2025-05-14,closed,2025-05-23,54,9,False,False,seasonal_payer
INV16002144,B016,B016-C1083,Metal Client 083,Metal & Engineering,45,153861.26,2025-04-03,2025-05-18,closed,2025-05-30,57,12,False,False,seasonal_payer
INV16002145,B016,B016-C1083,Metal Client 083,Metal & Engineering,45,281910.48,2025-04-03,2025-05-18,closed,2025-05-28,55,10,False,False,seasonal_payer
INV16002146,B016,B016-C1083,Metal Client 083,Metal & Engineering,45,164421.79,2025-05-13,2025-06-27,closed,2025-07-10,58,13,False,False,seasonal_payer
INV16002147,B016,B016-C1083,Metal Client 083,Metal & Engineering,45,175363.53,2025-05-25,2025-07-09,closed,2025-07-19,55,10,True,False,seasonal_payer
INV16002148,B016,B016-C1083,Metal Client 083,Metal & Engineering,45,290744.88,2025-05-31,2025-07-15,closed,2025-07-29,59,14,False,False,seasonal_payer
INV16002149,B016,B016-C1083,Metal Client 083,Metal & Engineering,45,173337.73,2025-06-16,2025-07-31,closed,2025-08-15,60,15,False,False,seasonal_payer
INV16002150,B016,B016-C1083,Metal Client 083,Metal & Engineering,45,217717.63,2025-06-30,2025-08-14,closed,2025-08-31,62,17,False,False,seasonal_payer
INV16002151,B016,B016-C1083,Metal Client 083,Metal & Engineering,45,163480.01,2025-07-05,2025-08-19,closed,2025-09-05,62,17,False,False,seasonal_payer
INV16002152,B016,B016-C1083,Metal Client 083,Metal & Engineering,45,154536.68,2025-07-07,2025-08-21,closed,2025-08-30,54,9,False,False,seasonal_payer
INV16002153,B016,B016-C1083,Metal Client 083,Metal & Engineering,45,127809.94,2025-07-09,2025-08-23,closed,2025-08-30,52,7,False,False,seasonal_payer
INV16002154,B016,B016-C1083,Metal Client 083,Metal & Engineering,45,1260125.4,2025-07-11,2025-08-25,closed,2025-09-01,52,7,False,True,seasonal_payer
INV16002155,B016,B016-C1083,Metal Client 083,Metal & Engineering,45,131457.61,2025-07-17,2025-08-31,closed,2025-09-25,70,25,False,False,seasonal_payer
INV16002156,B016,B016-C1083,Metal Client 083,Metal & Engineering,45,276877.5,2025-08-21,2025-10-05,closed,2025-10-10,50,5,False,False,seasonal_payer
INV16002157,B016,B016-C1083,Metal Client 083,Metal & Engineering,45,104096.16,2025-09-06,2025-10-21,closed,2025-11-03,58,13,False,False,seasonal_payer
INV16002158,B016,B016-C1083,Metal Client 083,Metal & Engineering,45,183588.02,2025-09-26,2025-11-10,closed,2025-11-20,55,10,False,False,seasonal_payer
INV16002159,B016,B016-C1083,Metal Client 083,Metal & Engineering,45,192576.32,2025-10-20,2025-12-04,closed,2025-12-02,43,-2,False,False,seasonal_payer
INV16002160,B016,B016-C1083,Metal Client 083,Metal & Engineering,45,131132.49,2025-10-26,2025-12-10,closed,2025-12-17,52,7,False,False,seasonal_payer
INV16002161,B016,B016-C1083,Metal Client 083,Metal & Engineering,45,178436.66,2025-11-22,2026-01-06,closed,2026-01-11,50,5,True,False,seasonal_payer
INV16002162,B016,B016-C1083,Metal Client 083,Metal & Engineering,45,167233.36,2026-01-09,2026-02-23,closed,2026-03-09,59,14,False,False,seasonal_payer
INV16002163,B016,B016-C1083,Metal Client 083,Metal & Engineering,45,186348.63,2026-01-17,2026-03-03,closed,2026-02-26,40,-5,False,False,seasonal_payer
INV16002164,B016,B016-C1083,Metal Client 083,Metal & Engineering,45,97531.14,2026-02-05,2026-03-22,closed,2026-03-29,52,7,False,False,seasonal_payer
INV16002165,B016,B016-C1083,Metal Client 083,Metal & Engineering,45,162184.97,2026-03-01,2026-04-15,closed,2026-04-24,54,9,False,False,seasonal_payer
INV16002166,B016,B016-C1083,Metal Client 083,Metal & Engineering,45,291272.38,2026-03-07,2026-04-21,closed,2026-04-25,49,4,False,False,seasonal_payer
INV16002167,B016,B016-C1083,Metal Client 083,Metal & Engineering,45,225855.11,2026-03-31,2026-05-15,closed,2026-05-19,49,4,False,False,seasonal_payer
INV16002168,B016,B016-C1083,Metal Client 083,Metal & Engineering,45,193032.58,2026-07-10,2026-08-24,closed,2026-08-31,52,7,False,False,seasonal_payer
INV16002169,B016,B016-C1083,Metal Client 083,Metal & Engineering,45,127233.48,2026-08-28,2026-10-12,open,,,,False,False,seasonal_payer
INV16002170,B016,B016-C1084,FMCG Client 084,FMCG & Food Processing,60,124060.15,2025-11-15,2026-01-14,closed,2026-01-18,64,4,False,False,cold_start
INV16002171,B016,B016-C1084,FMCG Client 084,FMCG & Food Processing,60,99121.99,2026-04-05,2026-06-04,closed,2026-06-18,74,14,False,False,cold_start
INV16002172,B016,B016-C1085,Construction Client 085,Construction & Infra,60,108952.71,2024-04-24,2024-06-23,closed,2024-06-27,64,4,False,False,prompt_payer
INV16002173,B016,B016-C1085,Construction Client 085,Construction & Infra,60,85559.6,2024-04-27,2024-06-26,closed,2024-06-26,60,0,False,False,prompt_payer
INV16002174,B016,B016-C1085,Construction Client 085,Construction & Infra,60,151527.71,2024-05-05,2024-07-04,closed,2024-06-30,56,-4,False,False,prompt_payer
INV16002175,B016,B016-C1085,Construction Client 085,Construction & Infra,60,134011.61,2024-07-10,2024-09-08,closed,2024-09-05,57,-3,False,False,prompt_payer
INV16002176,B016,B016-C1085,Construction Client 085,Construction & Infra,60,175549.62,2024-09-19,2024-11-18,closed,2024-11-20,62,2,False,False,prompt_payer
INV16002177,B016,B016-C1085,Construction Client 085,Construction & Infra,60,317271.41,2024-10-06,2024-12-05,closed,2024-12-05,60,0,False,True,prompt_payer
INV16002178,B016,B016-C1085,Construction Client 085,Construction & Infra,60,105520.44,2024-10-07,2024-12-06,closed,2024-12-07,61,1,False,False,prompt_payer
INV16002179,B016,B016-C1085,Construction Client 085,Construction & Infra,60,122626.36,2024-10-13,2024-12-12,closed,2024-12-16,64,4,False,False,prompt_payer
INV16002180,B016,B016-C1085,Construction Client 085,Construction & Infra,60,147162.19,2024-11-20,2025-01-19,closed,2025-01-17,58,-2,False,False,prompt_payer
INV16002181,B016,B016-C1085,Construction Client 085,Construction & Infra,60,982726.34,2024-12-02,2025-01-31,closed,2025-02-01,61,1,False,True,prompt_payer
INV16002182,B016,B016-C1085,Construction Client 085,Construction & Infra,60,103737.42,2025-01-26,2025-03-27,closed,2025-03-30,63,3,True,False,prompt_payer
INV16002183,B016,B016-C1085,Construction Client 085,Construction & Infra,60,77157.87,2025-03-11,2025-05-10,closed,2025-05-11,61,1,False,False,prompt_payer
INV16002184,B016,B016-C1085,Construction Client 085,Construction & Infra,60,92363.65,2025-04-11,2025-06-10,closed,2025-06-07,57,-3,False,False,prompt_payer
INV16002185,B016,B016-C1085,Construction Client 085,Construction & Infra,60,149164.46,2025-04-24,2025-06-23,closed,2025-06-27,64,4,False,False,prompt_payer
INV16002186,B016,B016-C1085,Construction Client 085,Construction & Infra,60,119154.47,2025-06-19,2025-08-18,closed,2025-08-16,58,-2,False,False,prompt_payer
INV16002187,B016,B016-C1085,Construction Client 085,Construction & Infra,60,164837.27,2025-08-08,2025-10-07,closed,2025-09-28,51,-9,False,False,prompt_payer
INV16002188,B016,B016-C1085,Construction Client 085,Construction & Infra,60,92386.38,2025-08-14,2025-10-13,open,,,,False,False,prompt_payer
INV16002189,B016,B016-C1085,Construction Client 085,Construction & Infra,60,59071.96,2025-10-09,2025-12-08,closed,2025-12-08,60,0,False,False,prompt_payer
INV16002190,B016,B016-C1085,Construction Client 085,Construction & Infra,60,151627.11,2025-12-06,2026-02-04,closed,2026-02-10,66,6,False,False,prompt_payer
INV16002191,B016,B016-C1085,Construction Client 085,Construction & Infra,60,117206.09,2026-01-13,2026-03-14,closed,2026-03-17,63,3,False,False,prompt_payer
INV16002192,B016,B016-C1085,Construction Client 085,Construction & Infra,60,95717.31,2026-02-19,2026-04-20,closed,2026-04-23,63,3,False,False,prompt_payer
INV16002193,B016,B016-C1085,Construction Client 085,Construction & Infra,60,96806.26,2026-02-24,2026-04-25,closed,2026-04-30,65,5,False,False,prompt_payer
INV16002194,B016,B016-C1085,Construction Client 085,Construction & Infra,60,129784.05,2026-05-01,2026-06-30,closed,2026-06-28,58,-2,False,False,prompt_payer
INV16002195,B016,B016-C1085,Construction Client 085,Construction & Infra,60,133419.52,2026-05-03,2026-07-02,closed,2026-07-05,63,3,False,False,prompt_payer
INV16002196,B016,B016-C1085,Construction Client 085,Construction & Infra,60,104995.25,2026-07-06,2026-09-04,disputed_open,,,,False,False,prompt_payer
INV16002197,B016,B016-C1085,Construction Client 085,Construction & Infra,60,88654.07,2026-07-17,2026-09-15,disputed_open,,,,False,False,prompt_payer
INV16002198,B016,B016-C1085,Construction Client 085,Construction & Infra,60,131899.39,2026-08-06,2026-10-05,open,,,,False,False,prompt_payer
INV16002199,B016,B016-C1086,Retail Client 086,Retail & Distribution,60,87808.42,2024-04-14,2024-06-13,closed,2024-06-19,66,6,False,False,erratic_payer
INV16002200,B016,B016-C1086,Retail Client 086,Retail & Distribution,60,103902.11,2024-05-14,2024-07-13,closed,2024-08-04,82,22,False,False,erratic_payer
INV16002201,B016,B016-C1086,Retail Client 086,Retail & Distribution,60,120614.41,2024-05-18,2024-07-17,closed,2024-07-25,68,8,False,False,erratic_payer
INV16002202,B016,B016-C1086,Retail Client 086,Retail & Distribution,60,145193.43,2024-05-30,2024-07-29,closed,2024-07-31,62,2,False,False,erratic_payer
INV16002203,B016,B016-C1086,Retail Client 086,Retail & Distribution,60,108401.66,2024-07-14,2024-09-12,closed,2024-09-20,68,8,False,False,erratic_payer
INV16002204,B016,B016-C1086,Retail Client 086,Retail & Distribution,60,94978.79,2024-07-21,2024-09-19,closed,2024-09-20,61,1,False,False,erratic_payer
INV16002205,B016,B016-C1086,Retail Client 086,Retail & Distribution,60,86692.58,2024-10-16,2024-12-15,closed,2024-12-17,62,2,False,False,erratic_payer
INV16002206,B016,B016-C1086,Retail Client 086,Retail & Distribution,60,123769.66,2024-11-19,2025-01-18,closed,2025-02-04,77,17,False,False,erratic_payer
INV16002207,B016,B016-C1086,Retail Client 086,Retail & Distribution,60,112220.44,2024-11-23,2025-01-22,closed,2025-01-30,68,8,False,False,erratic_payer
INV16002208,B016,B016-C1086,Retail Client 086,Retail & Distribution,60,79793.19,2024-12-12,2025-02-10,closed,2025-02-23,73,13,False,False,erratic_payer
INV16002209,B016,B016-C1086,Retail Client 086,Retail & Distribution,60,163120.27,2025-01-10,2025-03-11,closed,2025-03-08,57,-3,False,False,erratic_payer
INV16002210,B016,B016-C1086,Retail Client 086,Retail & Distribution,60,98751.82,2025-01-22,2025-03-23,closed,2025-03-31,68,8,False,False,erratic_payer
INV16002211,B016,B016-C1086,Retail Client 086,Retail & Distribution,60,101756.7,2025-01-30,2025-03-31,closed,2025-05-05,95,35,False,False,erratic_payer
INV16002212,B016,B016-C1086,Retail Client 086,Retail & Distribution,60,185952.65,2025-02-04,2025-04-05,closed,2025-02-20,16,-44,False,False,erratic_payer
INV16002213,B016,B016-C1086,Retail Client 086,Retail & Distribution,60,91233.34,2025-03-13,2025-05-12,closed,2025-05-18,66,6,False,False,erratic_payer
INV16002214,B016,B016-C1086,Retail Client 086,Retail & Distribution,60,66469.36,2025-03-24,2025-05-23,closed,2025-09-04,164,104,False,False,erratic_payer
INV16002215,B016,B016-C1086,Retail Client 086,Retail & Distribution,60,84068.84,2025-04-26,2025-06-25,closed,2025-06-28,63,3,False,False,erratic_payer
INV16002216,B016,B016-C1086,Retail Client 086,Retail & Distribution,60,73250.74,2025-08-06,2025-10-05,closed,2025-11-12,98,38,False,False,erratic_payer
INV16002217,B016,B016-C1086,Retail Client 086,Retail & Distribution,60,788189.97,2025-08-24,2025-10-23,closed,2025-10-25,62,2,False,True,erratic_payer
INV16002218,B016,B016-C1086,Retail Client 086,Retail & Distribution,60,130349.9,2025-08-27,2025-10-26,closed,2025-11-02,67,7,False,False,erratic_payer
INV16002219,B016,B016-C1086,Retail Client 086,Retail & Distribution,60,71252.11,2025-08-28,2025-10-27,closed,2025-11-01,65,5,False,False,erratic_payer
INV16002220,B016,B016-C1086,Retail Client 086,Retail & Distribution,60,154070.06,2025-11-04,2026-01-03,closed,2026-01-16,73,13,False,False,erratic_payer
INV16002221,B016,B016-C1086,Retail Client 086,Retail & Distribution,60,443087.87,2025-11-22,2026-01-21,closed,2026-02-04,74,14,False,True,erratic_payer
INV16002222,B016,B016-C1086,Retail Client 086,Retail & Distribution,60,142758.91,2026-01-12,2026-03-13,closed,2026-03-13,60,0,False,False,erratic_payer
INV16002223,B016,B016-C1086,Retail Client 086,Retail & Distribution,60,118701.63,2026-03-05,2026-05-04,closed,2026-05-09,65,5,False,False,erratic_payer
INV16002224,B016,B016-C1086,Retail Client 086,Retail & Distribution,60,123462.08,2026-03-15,2026-05-14,closed,2026-05-23,69,9,False,False,erratic_payer
INV16002225,B016,B016-C1086,Retail Client 086,Retail & Distribution,60,79025.37,2026-03-18,2026-05-17,closed,2026-05-16,59,-1,False,False,erratic_payer
INV16002226,B016,B016-C1086,Retail Client 086,Retail & Distribution,60,88160.32,2026-06-20,2026-08-19,closed,2026-08-27,68,8,False,False,erratic_payer
INV16002227,B016,B016-C1086,Retail Client 086,Retail & Distribution,60,96677.73,2026-07-09,2026-09-07,open,,,,False,False,erratic_payer
INV16002228,B016,B016-C1087,Construction Client 087,Construction & Infra,45,348522.46,2024-05-17,2024-07-01,closed,2024-07-27,71,26,False,False,chronic_late_payer
INV16002229,B016,B016-C1087,Construction Client 087,Construction & Infra,45,177126.68,2024-06-15,2024-07-30,closed,2024-09-17,94,49,False,False,chronic_late_payer
INV16002230,B016,B016-C1087,Construction Client 087,Construction & Infra,45,401285.23,2024-07-22,2024-09-05,closed,2024-09-29,69,24,False,False,chronic_late_payer
INV16002231,B016,B016-C1087,Construction Client 087,Construction & Infra,45,165044.62,2024-08-02,2024-09-16,closed,2024-10-14,73,28,False,False,chronic_late_payer
INV16002232,B016,B016-C1087,Construction Client 087,Construction & Infra,45,301994.45,2024-08-13,2024-09-27,closed,2024-11-09,88,43,False,False,chronic_late_payer
INV16002233,B016,B016-C1087,Construction Client 087,Construction & Infra,45,279226.88,2024-08-20,2024-10-04,closed,2024-10-18,59,14,False,False,chronic_late_payer
INV16002234,B016,B016-C1087,Construction Client 087,Construction & Infra,45,191432.61,2024-08-25,2024-10-09,closed,2024-11-21,88,43,False,False,chronic_late_payer
INV16002235,B016,B016-C1087,Construction Client 087,Construction & Infra,45,311647.3,2024-10-02,2024-11-16,closed,2025-01-03,93,48,False,False,chronic_late_payer
INV16002236,B016,B016-C1087,Construction Client 087,Construction & Infra,45,359148.21,2024-10-14,2024-11-28,closed,2025-01-08,86,41,False,False,chronic_late_payer
INV16002237,B016,B016-C1087,Construction Client 087,Construction & Infra,45,253845.85,2024-10-23,2024-12-07,closed,2025-01-13,82,37,False,False,chronic_late_payer
INV16002238,B016,B016-C1087,Construction Client 087,Construction & Infra,45,234135.63,2024-12-16,2025-01-30,closed,2025-03-16,90,45,False,False,chronic_late_payer
INV16002239,B016,B016-C1087,Construction Client 087,Construction & Infra,45,219725.88,2025-01-24,2025-03-10,closed,2025-04-28,94,49,False,False,chronic_late_payer
INV16002240,B016,B016-C1087,Construction Client 087,Construction & Infra,45,279428.34,2025-02-04,2025-03-21,closed,2025-04-04,59,14,False,False,chronic_late_payer
INV16002241,B016,B016-C1087,Construction Client 087,Construction & Infra,45,192682.86,2025-02-15,2025-04-01,open,,,,False,False,chronic_late_payer
INV16002242,B016,B016-C1087,Construction Client 087,Construction & Infra,45,250043.74,2025-03-04,2025-04-18,closed,2025-05-21,78,33,False,False,chronic_late_payer
INV16002243,B016,B016-C1087,Construction Client 087,Construction & Infra,45,333850.86,2025-03-20,2025-05-04,closed,2025-06-14,86,41,False,False,chronic_late_payer
INV16002244,B016,B016-C1087,Construction Client 087,Construction & Infra,45,190140.54,2025-03-28,2025-05-12,closed,2025-06-28,92,47,False,False,chronic_late_payer
INV16002245,B016,B016-C1087,Construction Client 087,Construction & Infra,45,202366.36,2025-04-14,2025-05-29,closed,2025-07-17,94,49,False,False,chronic_late_payer
INV16002246,B016,B016-C1087,Construction Client 087,Construction & Infra,45,251654.69,2025-04-17,2025-06-01,closed,2025-07-13,87,42,False,False,chronic_late_payer
INV16002247,B016,B016-C1087,Construction Client 087,Construction & Infra,45,484220.92,2025-05-20,2025-07-04,closed,2025-08-04,76,31,False,False,chronic_late_payer
INV16002248,B016,B016-C1087,Construction Client 087,Construction & Infra,45,239064.15,2025-06-27,2025-08-11,closed,2025-09-20,85,40,False,False,chronic_late_payer
INV16002249,B016,B016-C1087,Construction Client 087,Construction & Infra,45,680111.82,2025-07-17,2025-08-31,closed,2025-09-16,61,16,False,True,chronic_late_payer
INV16002250,B016,B016-C1087,Construction Client 087,Construction & Infra,45,339415.79,2025-08-29,2025-10-13,closed,2025-11-24,87,42,False,False,chronic_late_payer
INV16002251,B016,B016-C1087,Construction Client 087,Construction & Infra,45,392317.06,2025-08-29,2025-10-13,closed,2025-10-27,59,14,False,False,chronic_late_payer
INV16002252,B016,B016-C1087,Construction Client 087,Construction & Infra,45,291304.44,2025-10-03,2025-11-17,closed,2025-12-24,82,37,False,False,chronic_late_payer
INV16002253,B016,B016-C1087,Construction Client 087,Construction & Infra,45,331449.93,2025-11-09,2025-12-24,closed,2026-01-13,65,20,False,False,chronic_late_payer
INV16002254,B016,B016-C1087,Construction Client 087,Construction & Infra,45,300392.78,2025-11-19,2026-01-03,closed,2026-02-07,80,35,False,False,chronic_late_payer
INV16002255,B016,B016-C1087,Construction Client 087,Construction & Infra,45,319769.66,2025-11-23,2026-01-07,closed,2026-02-19,88,43,False,False,chronic_late_payer
INV16002256,B016,B016-C1087,Construction Client 087,Construction & Infra,45,288975.11,2025-12-19,2026-02-02,closed,2026-03-05,76,31,False,False,chronic_late_payer
INV16002257,B016,B016-C1087,Construction Client 087,Construction & Infra,45,313124.56,2025-12-24,2026-02-07,closed,2026-03-03,69,24,False,False,chronic_late_payer
INV16002258,B016,B016-C1087,Construction Client 087,Construction & Infra,45,290889.19,2026-01-10,2026-02-24,closed,2026-03-17,66,21,False,False,chronic_late_payer
INV16002259,B016,B016-C1087,Construction Client 087,Construction & Infra,45,501229.71,2026-01-14,2026-02-28,closed,2026-04-13,89,44,False,False,chronic_late_payer
INV16002260,B016,B016-C1087,Construction Client 087,Construction & Infra,45,269949.38,2026-02-07,2026-03-24,closed,2026-04-08,60,15,False,False,chronic_late_payer
INV16002261,B016,B016-C1087,Construction Client 087,Construction & Infra,45,282234.53,2026-02-17,2026-04-03,closed,2026-05-11,83,38,False,False,chronic_late_payer
INV16002262,B016,B016-C1087,Construction Client 087,Construction & Infra,45,196553.12,2026-02-25,2026-04-11,closed,2026-04-30,64,19,False,False,chronic_late_payer
INV16002263,B016,B016-C1087,Construction Client 087,Construction & Infra,45,200291.09,2026-03-01,2026-04-15,closed,2026-05-06,66,21,False,False,chronic_late_payer
INV16002264,B016,B016-C1087,Construction Client 087,Construction & Infra,45,2287808.83,2026-03-30,2026-05-14,closed,2026-06-08,70,25,False,True,chronic_late_payer
INV16002265,B016,B016-C1087,Construction Client 087,Construction & Infra,45,217551.54,2026-04-12,2026-05-27,closed,2026-06-12,61,16,False,False,chronic_late_payer
INV16002266,B016,B016-C1087,Construction Client 087,Construction & Infra,45,215987.58,2026-04-28,2026-06-12,closed,2026-07-28,91,46,False,False,chronic_late_payer
INV16002267,B016,B016-C1087,Construction Client 087,Construction & Infra,45,174199.12,2026-05-06,2026-06-20,closed,2026-07-21,76,31,False,False,chronic_late_payer
INV16002268,B016,B016-C1087,Construction Client 087,Construction & Infra,45,371161.49,2026-05-15,2026-06-29,closed,2026-07-31,77,32,False,False,chronic_late_payer
INV16002269,B016,B016-C1087,Construction Client 087,Construction & Infra,45,278429.7,2026-05-16,2026-06-30,closed,2026-07-30,75,30,False,False,chronic_late_payer
INV16002270,B016,B016-C1087,Construction Client 087,Construction & Infra,45,328935.82,2026-07-27,2026-09-10,disputed_open,,,,False,False,chronic_late_payer
INV16002271,B016,B016-C1087,Construction Client 087,Construction & Infra,45,220412.86,2026-07-30,2026-09-13,open,,,,False,False,chronic_late_payer
INV16002272,B016,B016-C1087,Construction Client 087,Construction & Infra,45,145167.12,2026-08-14,2026-09-28,disputed_open,,,,False,False,chronic_late_payer
INV16002273,B016,B016-C1088,Construction Client 088,Construction & Infra,45,288482.91,2024-06-28,2024-08-12,closed,2024-08-18,51,6,False,False,average_payer
INV16002274,B016,B016-C1088,Construction Client 088,Construction & Infra,45,105643.73,2024-12-11,2025-01-25,closed,2025-02-06,57,12,False,False,average_payer
INV16002275,B016,B016-C1088,Construction Client 088,Construction & Infra,45,252104.44,2025-02-18,2025-04-04,closed,2025-04-07,48,3,False,False,average_payer
INV16002276,B016,B016-C1088,Construction Client 088,Construction & Infra,45,208765.06,2025-03-07,2025-04-21,closed,2025-04-13,37,-8,False,False,average_payer
INV16002277,B016,B016-C1088,Construction Client 088,Construction & Infra,45,163206.71,2025-04-07,2025-05-22,closed,2025-05-29,52,7,False,False,average_payer
INV16002278,B016,B016-C1088,Construction Client 088,Construction & Infra,45,210626.0,2025-05-20,2025-07-04,closed,2025-07-11,52,7,False,False,average_payer
INV16002279,B016,B016-C1088,Construction Client 088,Construction & Infra,45,235339.31,2025-08-30,2025-10-14,closed,2025-10-07,38,-7,False,False,average_payer
INV16002280,B016,B016-C1088,Construction Client 088,Construction & Infra,45,159213.52,2026-02-14,2026-03-31,closed,2026-04-08,53,8,False,False,average_payer
INV16002281,B016,B016-C1088,Construction Client 088,Construction & Infra,45,296384.01,2026-03-09,2026-04-23,closed,2026-05-04,56,11,False,False,average_payer
INV16002282,B016,B016-C1089,Pharma Client 089,Pharma & Healthcare,45,227237.23,2024-03-25,2024-05-09,closed,2024-05-08,44,-1,False,False,prompt_payer
INV16002283,B016,B016-C1089,Pharma Client 089,Pharma & Healthcare,45,192718.55,2024-03-25,2024-05-09,closed,2024-05-15,51,6,False,False,prompt_payer
INV16002284,B016,B016-C1089,Pharma Client 089,Pharma & Healthcare,45,235928.07,2024-05-14,2024-06-28,closed,2024-06-19,36,-9,False,False,prompt_payer
INV16002285,B016,B016-C1089,Pharma Client 089,Pharma & Healthcare,45,591119.43,2024-05-31,2024-07-15,closed,2024-07-18,48,3,False,True,prompt_payer
INV16002286,B016,B016-C1089,Pharma Client 089,Pharma & Healthcare,45,215627.14,2024-08-08,2024-09-22,closed,2024-09-24,47,2,False,False,prompt_payer
INV16002287,B016,B016-C1089,Pharma Client 089,Pharma & Healthcare,45,320829.9,2024-08-14,2024-09-28,closed,2024-09-26,43,-2,False,False,prompt_payer
INV16002288,B016,B016-C1089,Pharma Client 089,Pharma & Healthcare,45,269241.98,2024-08-19,2024-10-03,closed,2024-09-28,40,-5,False,False,prompt_payer
INV16002289,B016,B016-C1089,Pharma Client 089,Pharma & Healthcare,45,201059.41,2024-09-07,2024-10-22,closed,2024-10-22,45,0,False,False,prompt_payer
INV16002290,B016,B016-C1089,Pharma Client 089,Pharma & Healthcare,45,287117.66,2024-09-23,2024-11-07,closed,2024-11-10,48,3,False,False,prompt_payer
INV16002291,B016,B016-C1089,Pharma Client 089,Pharma & Healthcare,45,228677.36,2024-09-30,2024-11-14,closed,2024-11-17,48,3,False,False,prompt_payer
INV16002292,B016,B016-C1089,Pharma Client 089,Pharma & Healthcare,45,223155.11,2024-10-11,2024-11-25,closed,2024-11-25,45,0,False,False,prompt_payer
INV16002293,B016,B016-C1089,Pharma Client 089,Pharma & Healthcare,45,186221.8,2024-10-16,2024-11-30,closed,2024-11-27,42,-3,False,False,prompt_payer
INV16002294,B016,B016-C1089,Pharma Client 089,Pharma & Healthcare,45,231297.34,2024-11-29,2025-01-13,closed,2025-01-13,45,0,False,False,prompt_payer
INV16002295,B016,B016-C1089,Pharma Client 089,Pharma & Healthcare,45,277523.98,2024-12-27,2025-02-10,closed,2025-02-03,38,-7,False,False,prompt_payer
INV16002296,B016,B016-C1089,Pharma Client 089,Pharma & Healthcare,45,334719.9,2024-12-27,2025-02-10,closed,2025-02-09,44,-1,False,False,prompt_payer
INV16002297,B016,B016-C1089,Pharma Client 089,Pharma & Healthcare,45,261911.15,2025-01-05,2025-02-19,closed,2025-02-23,49,4,False,False,prompt_payer
INV16002298,B016,B016-C1089,Pharma Client 089,Pharma & Healthcare,45,254847.85,2025-01-18,2025-03-04,closed,2025-03-08,49,4,False,False,prompt_payer
INV16002299,B016,B016-C1089,Pharma Client 089,Pharma & Healthcare,45,211187.45,2025-02-12,2025-03-29,closed,2025-03-27,43,-2,False,False,prompt_payer
INV16002300,B016,B016-C1089,Pharma Client 089,Pharma & Healthcare,45,387910.0,2025-02-13,2025-03-30,closed,2025-03-28,43,-2,False,False,prompt_payer
INV16002301,B016,B016-C1089,Pharma Client 089,Pharma & Healthcare,45,366134.08,2025-03-12,2025-04-26,closed,2025-04-19,38,-7,False,False,prompt_payer
INV16002302,B016,B016-C1089,Pharma Client 089,Pharma & Healthcare,45,203168.26,2025-03-17,2025-05-01,closed,2025-05-05,49,4,False,False,prompt_payer
INV16002303,B016,B016-C1089,Pharma Client 089,Pharma & Healthcare,45,247234.86,2025-03-27,2025-05-11,closed,2025-05-16,50,5,False,False,prompt_payer
INV16002304,B016,B016-C1089,Pharma Client 089,Pharma & Healthcare,45,215496.67,2025-06-05,2025-07-20,closed,2025-07-17,42,-3,False,False,prompt_payer
INV16002305,B016,B016-C1089,Pharma Client 089,Pharma & Healthcare,45,208489.08,2025-07-10,2025-08-24,closed,2025-08-24,45,0,False,False,prompt_payer
INV16002306,B016,B016-C1089,Pharma Client 089,Pharma & Healthcare,45,216653.27,2025-07-13,2025-08-27,closed,2025-08-28,46,1,False,False,prompt_payer
INV16002307,B016,B016-C1089,Pharma Client 089,Pharma & Healthcare,45,141620.77,2025-07-19,2025-09-02,closed,2025-09-05,48,3,False,False,prompt_payer
INV16002308,B016,B016-C1089,Pharma Client 089,Pharma & Healthcare,45,132892.04,2025-07-29,2025-09-12,closed,2025-09-11,44,-1,False,False,prompt_payer
INV16002309,B016,B016-C1089,Pharma Client 089,Pharma & Healthcare,45,356621.62,2025-09-06,2025-10-21,closed,2025-10-19,43,-2,False,False,prompt_payer
INV16002310,B016,B016-C1089,Pharma Client 089,Pharma & Healthcare,45,206381.12,2025-10-20,2025-12-04,closed,2025-12-10,51,6,False,False,prompt_payer
INV16002311,B016,B016-C1089,Pharma Client 089,Pharma & Healthcare,45,319250.72,2025-10-25,2025-12-09,closed,2025-12-09,45,0,False,False,prompt_payer
INV16002312,B016,B016-C1089,Pharma Client 089,Pharma & Healthcare,45,167368.25,2025-11-11,2025-12-26,closed,2026-01-04,54,9,False,False,prompt_payer
INV16002313,B016,B016-C1089,Pharma Client 089,Pharma & Healthcare,45,284925.66,2025-12-16,2026-01-30,closed,2026-01-31,46,1,False,False,prompt_payer
INV16002314,B016,B016-C1089,Pharma Client 089,Pharma & Healthcare,45,301057.53,2026-01-30,2026-03-16,closed,2026-03-12,41,-4,False,False,prompt_payer
INV16002315,B016,B016-C1089,Pharma Client 089,Pharma & Healthcare,45,166176.73,2026-02-19,2026-04-05,closed,2026-04-01,41,-4,False,False,prompt_payer
INV16002316,B016,B016-C1089,Pharma Client 089,Pharma & Healthcare,45,141046.72,2026-03-21,2026-05-05,closed,2026-05-03,43,-2,False,False,prompt_payer
INV16002317,B016,B016-C1089,Pharma Client 089,Pharma & Healthcare,45,253976.44,2026-04-21,2026-06-05,closed,2026-05-31,40,-5,False,False,prompt_payer
INV16002318,B016,B016-C1089,Pharma Client 089,Pharma & Healthcare,45,241199.95,2026-04-30,2026-06-14,closed,2026-06-15,46,1,False,False,prompt_payer
INV16002319,B016,B016-C1089,Pharma Client 089,Pharma & Healthcare,45,247577.13,2026-05-20,2026-07-04,closed,2026-07-02,43,-2,False,False,prompt_payer
INV16002320,B016,B016-C1089,Pharma Client 089,Pharma & Healthcare,45,889776.22,2026-05-26,2026-07-10,closed,2026-07-07,42,-3,False,True,prompt_payer
INV16002321,B016,B016-C1089,Pharma Client 089,Pharma & Healthcare,45,173293.9,2026-05-28,2026-07-12,closed,2026-07-08,41,-4,False,False,prompt_payer
INV16002322,B016,B016-C1089,Pharma Client 089,Pharma & Healthcare,45,182851.61,2026-08-02,2026-09-16,open,,,,False,False,prompt_payer
INV16002323,B016,B016-C1089,Pharma Client 089,Pharma & Healthcare,45,206000.33,2026-08-13,2026-09-27,open,,,,False,False,prompt_payer
INV16002324,B016,B016-C1090,Auto Client 090,Auto Components,30,51317.16,2024-04-23,2024-05-23,closed,2024-05-21,28,-2,False,False,deteriorating_payer
INV16002325,B016,B016-C1090,Auto Client 090,Auto Components,30,37453.09,2024-05-27,2024-06-26,closed,2024-07-03,37,7,False,False,deteriorating_payer
INV16002326,B016,B016-C1090,Auto Client 090,Auto Components,30,44893.97,2024-06-12,2024-07-12,closed,2024-08-26,75,45,False,False,deteriorating_payer
INV16002327,B016,B016-C1090,Auto Client 090,Auto Components,30,41956.91,2024-08-19,2024-09-18,closed,2024-10-04,46,16,False,False,deteriorating_payer
INV16002328,B016,B016-C1090,Auto Client 090,Auto Components,30,249832.55,2024-08-27,2024-09-26,closed,2024-10-15,49,19,False,True,deteriorating_payer
INV16002329,B016,B016-C1090,Auto Client 090,Auto Components,30,28179.94,2024-10-04,2024-11-03,closed,2024-11-10,37,7,False,False,deteriorating_payer
INV16002330,B016,B016-C1090,Auto Client 090,Auto Components,30,38599.36,2024-11-08,2024-12-08,closed,2024-12-26,48,18,False,False,deteriorating_payer
INV16002331,B016,B016-C1090,Auto Client 090,Auto Components,30,69681.4,2024-11-13,2024-12-13,closed,2025-01-16,64,34,False,False,deteriorating_payer
INV16002332,B016,B016-C1090,Auto Client 090,Auto Components,30,44923.23,2024-11-25,2024-12-25,closed,2025-01-03,39,9,False,False,deteriorating_payer
INV16002333,B016,B016-C1090,Auto Client 090,Auto Components,30,56836.29,2024-12-12,2025-01-11,closed,2025-02-02,52,22,False,False,deteriorating_payer
INV16002334,B016,B016-C1090,Auto Client 090,Auto Components,30,333920.64,2025-01-19,2025-02-18,closed,2025-03-13,53,23,False,True,deteriorating_payer
INV16002335,B016,B016-C1090,Auto Client 090,Auto Components,30,49137.43,2025-01-26,2025-02-25,closed,2025-03-23,56,26,False,False,deteriorating_payer
INV16002336,B016,B016-C1090,Auto Client 090,Auto Components,30,36627.3,2025-02-12,2025-03-14,closed,2025-03-29,45,15,False,False,deteriorating_payer
INV16002337,B016,B016-C1090,Auto Client 090,Auto Components,30,59865.59,2025-05-23,2025-06-22,closed,2025-07-16,54,24,False,False,deteriorating_payer
INV16002338,B016,B016-C1090,Auto Client 090,Auto Components,30,55075.47,2025-06-02,2025-07-02,closed,2025-07-15,43,13,False,False,deteriorating_payer
INV16002339,B016,B016-C1090,Auto Client 090,Auto Components,30,56111.16,2025-06-03,2025-07-03,closed,2025-07-18,45,15,False,False,deteriorating_payer
INV16002340,B016,B016-C1090,Auto Client 090,Auto Components,30,38057.76,2025-06-11,2025-07-11,closed,2025-07-16,35,5,False,False,deteriorating_payer
INV16002341,B016,B016-C1090,Auto Client 090,Auto Components,30,52861.39,2025-08-18,2025-09-17,closed,2025-10-08,51,21,False,False,deteriorating_payer
INV16002342,B016,B016-C1090,Auto Client 090,Auto Components,30,33646.64,2025-08-26,2025-09-25,closed,2025-10-13,48,18,False,False,deteriorating_payer
INV16002343,B016,B016-C1090,Auto Client 090,Auto Components,30,55275.0,2025-10-03,2025-11-02,closed,2025-11-26,54,24,False,False,deteriorating_payer
INV16002344,B016,B016-C1090,Auto Client 090,Auto Components,30,162221.62,2025-10-13,2025-11-12,closed,2025-12-03,51,21,False,True,deteriorating_payer
INV16002345,B016,B016-C1090,Auto Client 090,Auto Components,30,42527.71,2025-11-25,2025-12-25,closed,2026-01-20,56,26,False,False,deteriorating_payer
INV16002346,B016,B016-C1090,Auto Client 090,Auto Components,30,66071.83,2025-12-11,2026-01-10,closed,2026-03-11,90,60,False,False,deteriorating_payer
INV16002347,B016,B016-C1090,Auto Client 090,Auto Components,30,53821.84,2026-03-18,2026-04-17,closed,2026-05-14,57,27,False,False,deteriorating_payer
INV16002348,B016,B016-C1090,Auto Client 090,Auto Components,30,34858.45,2026-03-26,2026-04-25,closed,2026-06-04,70,40,False,False,deteriorating_payer
INV16002349,B016,B016-C1090,Auto Client 090,Auto Components,30,22846.36,2026-03-27,2026-04-26,closed,2026-06-01,66,36,False,False,deteriorating_payer
INV16002350,B016,B016-C1090,Auto Client 090,Auto Components,30,37984.06,2026-03-29,2026-04-28,closed,2026-05-27,59,29,False,False,deteriorating_payer
INV16002351,B016,B016-C1090,Auto Client 090,Auto Components,30,43147.65,2026-04-05,2026-05-05,closed,2026-06-06,62,32,False,False,deteriorating_payer
INV16002352,B016,B016-C1090,Auto Client 090,Auto Components,30,28089.65,2026-05-13,2026-06-12,closed,2026-06-23,41,11,False,False,deteriorating_payer
INV16002353,B016,B016-C1090,Auto Client 090,Auto Components,30,30702.75,2026-05-26,2026-06-25,closed,2026-07-31,66,36,False,False,deteriorating_payer
INV16002354,B016,B016-C1090,Auto Client 090,Auto Components,30,23229.44,2026-05-28,2026-06-27,closed,2026-08-20,84,54,False,False,deteriorating_payer
INV16002355,B016,B016-C1090,Auto Client 090,Auto Components,30,38646.48,2026-07-31,2026-08-30,open,,,,False,False,deteriorating_payer
INV16002356,B016,B016-C1090,Auto Client 090,Auto Components,30,31231.19,2026-09-01,2026-10-01,open,,,,False,False,deteriorating_payer
INV16002357,B016,B016-C1091,Retail Client 091,Retail & Distribution,45,38953.98,2024-08-02,2024-09-16,closed,2024-09-20,49,4,False,False,cold_start
INV16002358,B016,B016-C1091,Retail Client 091,Retail & Distribution,45,32614.73,2024-09-19,2024-11-03,closed,2024-11-06,48,3,False,False,cold_start
INV16002359,B016,B016-C1091,Retail Client 091,Retail & Distribution,45,27149.92,2025-02-06,2025-03-23,closed,2025-04-08,61,16,False,False,cold_start
INV16002360,B016,B016-C1092,Textiles Client 092,Textiles & Apparel,30,17454.92,2024-09-15,2024-10-15,closed,2024-10-17,32,2,False,False,average_payer
INV16002361,B016,B016-C1092,Textiles Client 092,Textiles & Apparel,30,7891.25,2025-08-10,2025-09-09,closed,2025-09-12,33,3,False,False,average_payer
INV16002362,B016,B016-C1092,Textiles Client 092,Textiles & Apparel,30,4121.79,2025-12-20,2026-01-19,closed,2026-02-02,44,14,False,False,average_payer
INV16002363,B016,B016-C1092,Textiles Client 092,Textiles & Apparel,30,7091.53,2025-12-20,2026-01-19,closed,2026-01-17,28,-2,False,False,average_payer
INV16002364,B016,B016-C1092,Textiles Client 092,Textiles & Apparel,30,24316.03,2026-07-12,2026-08-11,closed,2026-08-20,39,9,False,True,average_payer
INV16002365,B016,B016-C1093,Metal Client 093,Metal & Engineering,30,77973.86,2024-06-07,2024-07-07,closed,2024-07-09,32,2,False,False,prompt_payer
INV16002366,B016,B016-C1093,Metal Client 093,Metal & Engineering,30,51333.46,2024-11-02,2024-12-02,closed,2024-12-01,29,-1,False,False,prompt_payer
INV16002367,B016,B016-C1093,Metal Client 093,Metal & Engineering,30,38388.03,2024-11-12,2024-12-12,closed,2024-12-14,32,2,False,False,prompt_payer
INV16002368,B016,B016-C1093,Metal Client 093,Metal & Engineering,30,43402.05,2024-12-21,2025-01-20,closed,2025-01-20,30,0,False,False,prompt_payer
INV16002369,B016,B016-C1093,Metal Client 093,Metal & Engineering,30,78729.43,2025-03-23,2025-04-22,closed,2025-04-23,31,1,False,False,prompt_payer
INV16002370,B016,B016-C1093,Metal Client 093,Metal & Engineering,30,185996.03,2026-02-08,2026-03-10,closed,2026-03-14,34,4,False,True,prompt_payer
INV16002371,B016,B016-C1093,Metal Client 093,Metal & Engineering,30,68933.66,2026-08-22,2026-09-21,open,,,,False,False,prompt_payer
INV16002372,B016,B016-C1094,Metal Client 094,Metal & Engineering,30,73829.38,2024-07-10,2024-08-09,closed,2024-09-04,56,26,False,False,chronic_late_payer
INV16002373,B016,B016-C1094,Metal Client 094,Metal & Engineering,30,54153.61,2024-09-16,2024-10-16,closed,2024-11-27,72,42,False,False,chronic_late_payer
INV16002374,B016,B016-C1094,Metal Client 094,Metal & Engineering,30,52776.14,2024-10-19,2024-11-18,closed,2024-12-21,63,33,False,False,chronic_late_payer
INV16002375,B016,B016-C1094,Metal Client 094,Metal & Engineering,30,58787.99,2025-11-16,2025-12-16,closed,2026-01-18,63,33,False,False,chronic_late_payer
INV16002376,B016,B016-C1094,Metal Client 094,Metal & Engineering,30,64735.32,2025-12-08,2026-01-07,closed,2026-01-31,54,24,False,False,chronic_late_payer
INV16002377,B016,B016-C1094,Metal Client 094,Metal & Engineering,30,163322.0,2026-07-12,2026-08-11,closed,2026-08-25,44,14,True,True,chronic_late_payer
INV16002378,B016,B016-C1094,Metal Client 094,Metal & Engineering,30,60901.53,2026-08-01,2026-08-31,open,,,,False,False,chronic_late_payer
INV16002379,B016,B016-C1095,Auto Client 095,Auto Components,60,105021.49,2024-04-08,2024-06-07,closed,2024-06-09,62,2,False,False,erratic_payer
INV16002380,B016,B016-C1095,Auto Client 095,Auto Components,60,107437.13,2024-05-17,2024-07-16,closed,2024-09-02,108,48,False,False,erratic_payer
INV16002381,B016,B016-C1095,Auto Client 095,Auto Components,60,119614.95,2024-06-05,2024-08-04,closed,2024-08-22,78,18,False,False,erratic_payer
INV16002382,B016,B016-C1095,Auto Client 095,Auto Components,60,116578.17,2024-07-06,2024-09-04,closed,2024-10-14,100,40,False,False,erratic_payer
INV16002383,B016,B016-C1095,Auto Client 095,Auto Components,60,148370.97,2024-08-18,2024-10-17,closed,2024-10-15,58,-2,False,False,erratic_payer
INV16002384,B016,B016-C1095,Auto Client 095,Auto Components,60,260956.32,2024-08-29,2024-10-28,closed,2024-11-12,75,15,False,False,erratic_payer
INV16002385,B016,B016-C1095,Auto Client 095,Auto Components,60,124274.93,2024-09-01,2024-10-31,closed,2024-11-11,71,11,False,False,erratic_payer
INV16002386,B016,B016-C1095,Auto Client 095,Auto Components,60,88315.81,2024-09-27,2024-11-26,closed,2024-11-23,57,-3,False,False,erratic_payer
INV16002387,B016,B016-C1095,Auto Client 095,Auto Components,60,79075.53,2024-12-22,2025-02-20,closed,2025-03-17,85,25,False,False,erratic_payer
INV16002388,B016,B016-C1095,Auto Client 095,Auto Components,60,74914.93,2025-06-08,2025-08-07,closed,2025-07-11,33,-27,False,False,erratic_payer
INV16002389,B016,B016-C1095,Auto Client 095,Auto Components,60,197266.07,2025-08-02,2025-10-01,closed,2025-09-28,57,-3,False,False,erratic_payer
INV16002390,B016,B016-C1095,Auto Client 095,Auto Components,60,144252.2,2025-08-26,2025-10-25,disputed_open,,,,False,False,erratic_payer
INV16002391,B016,B016-C1095,Auto Client 095,Auto Components,60,121844.73,2025-08-29,2025-10-28,closed,2025-10-27,59,-1,False,False,erratic_payer
INV16002392,B016,B016-C1095,Auto Client 095,Auto Components,60,159922.83,2025-09-06,2025-11-05,closed,2025-11-12,67,7,False,False,erratic_payer
INV16002393,B016,B016-C1095,Auto Client 095,Auto Components,60,161456.44,2025-10-17,2025-12-16,closed,2025-12-19,63,3,False,False,erratic_payer
INV16002394,B016,B016-C1095,Auto Client 095,Auto Components,60,113610.98,2025-10-30,2025-12-29,closed,2026-01-03,65,5,False,False,erratic_payer
INV16002395,B016,B016-C1095,Auto Client 095,Auto Components,60,212554.07,2026-03-14,2026-05-13,closed,2026-05-30,77,17,False,False,erratic_payer
INV16002396,B016,B016-C1095,Auto Client 095,Auto Components,60,292834.47,2026-05-15,2026-07-14,closed,2026-07-06,52,-8,False,True,erratic_payer
INV16002397,B016,B016-C1096,Pharma Client 096,Pharma & Healthcare,45,26848.01,2024-03-17,2024-05-01,closed,2024-04-30,44,-1,False,False,prompt_payer
INV16002398,B016,B016-C1096,Pharma Client 096,Pharma & Healthcare,45,32652.02,2024-03-19,2024-05-03,closed,2024-05-07,49,4,False,False,prompt_payer
INV16002399,B016,B016-C1096,Pharma Client 096,Pharma & Healthcare,45,41896.55,2024-03-26,2024-05-10,closed,2024-05-06,41,-4,False,False,prompt_payer
INV16002400,B016,B016-C1096,Pharma Client 096,Pharma & Healthcare,45,39807.85,2024-05-22,2024-07-06,closed,2024-07-07,46,1,False,False,prompt_payer
INV16002401,B016,B016-C1096,Pharma Client 096,Pharma & Healthcare,45,36927.5,2024-07-05,2024-08-19,closed,2024-08-15,41,-4,False,False,prompt_payer
INV16002402,B016,B016-C1096,Pharma Client 096,Pharma & Healthcare,45,95328.95,2024-08-19,2024-10-03,closed,2024-10-06,48,3,False,False,prompt_payer
INV16002403,B016,B016-C1096,Pharma Client 096,Pharma & Healthcare,45,43219.06,2025-02-09,2025-03-26,closed,2025-03-23,42,-3,False,False,prompt_payer
INV16002404,B016,B016-C1096,Pharma Client 096,Pharma & Healthcare,45,37149.49,2025-03-28,2025-05-12,closed,2025-05-12,45,0,False,False,prompt_payer
INV16002405,B016,B016-C1096,Pharma Client 096,Pharma & Healthcare,45,33249.01,2025-08-23,2025-10-07,closed,2025-10-09,47,2,False,False,prompt_payer
INV16002406,B016,B016-C1096,Pharma Client 096,Pharma & Healthcare,45,41746.24,2025-09-25,2025-11-09,closed,2025-11-10,46,1,False,False,prompt_payer
INV16002407,B016,B016-C1096,Pharma Client 096,Pharma & Healthcare,45,56487.96,2025-12-01,2026-01-15,closed,2026-01-13,43,-2,False,False,prompt_payer
INV16002408,B016,B016-C1096,Pharma Client 096,Pharma & Healthcare,45,51202.76,2025-12-04,2026-01-18,closed,2026-01-22,49,4,False,False,prompt_payer
INV16002409,B016,B016-C1096,Pharma Client 096,Pharma & Healthcare,45,86362.1,2025-12-17,2026-01-31,closed,2026-01-25,39,-6,False,False,prompt_payer
INV16002410,B016,B016-C1096,Pharma Client 096,Pharma & Healthcare,45,63777.13,2026-05-13,2026-06-27,closed,2026-06-26,44,-1,False,False,prompt_payer
INV16002411,B016,B016-C1096,Pharma Client 096,Pharma & Healthcare,45,33005.37,2026-08-07,2026-09-21,open,,,,False,False,prompt_payer
INV16002412,B016,B016-C1096,Pharma Client 096,Pharma & Healthcare,45,52198.04,2026-09-01,2026-10-16,open,,,,False,False,prompt_payer
INV16002413,B016,B016-C1097,Chemicals Client 097,Chemicals & Plastics,45,58936.92,2024-04-26,2024-06-10,closed,2024-06-11,46,1,False,False,prompt_payer
INV16002414,B016,B016-C1097,Chemicals Client 097,Chemicals & Plastics,45,65430.67,2024-09-18,2024-11-02,closed,2024-11-01,44,-1,False,False,prompt_payer
INV16002415,B016,B016-C1097,Chemicals Client 097,Chemicals & Plastics,45,31114.71,2024-11-21,2025-01-05,closed,2025-01-04,44,-1,False,False,prompt_payer
INV16002416,B016,B016-C1097,Chemicals Client 097,Chemicals & Plastics,45,28388.01,2025-02-20,2025-04-06,closed,2025-04-01,40,-5,False,False,prompt_payer
INV16002417,B016,B016-C1097,Chemicals Client 097,Chemicals & Plastics,45,79381.88,2025-04-16,2025-05-31,closed,2025-05-31,45,0,False,False,prompt_payer
INV16002418,B016,B016-C1097,Chemicals Client 097,Chemicals & Plastics,45,60696.2,2025-05-08,2025-06-22,closed,2025-06-22,45,0,False,False,prompt_payer
INV16002419,B016,B016-C1097,Chemicals Client 097,Chemicals & Plastics,45,35514.97,2025-05-16,2025-06-30,closed,2025-07-05,50,5,False,False,prompt_payer
INV16002420,B016,B016-C1097,Chemicals Client 097,Chemicals & Plastics,45,89124.74,2025-07-19,2025-09-02,closed,2025-08-31,43,-2,False,False,prompt_payer
INV16002421,B016,B016-C1097,Chemicals Client 097,Chemicals & Plastics,45,30489.78,2025-09-09,2025-10-24,closed,2025-10-23,44,-1,False,False,prompt_payer
INV16002422,B016,B016-C1097,Chemicals Client 097,Chemicals & Plastics,45,42006.4,2025-09-16,2025-10-31,closed,2025-11-01,46,1,False,False,prompt_payer
INV16002423,B016,B016-C1097,Chemicals Client 097,Chemicals & Plastics,45,51034.53,2025-09-27,2025-11-11,closed,2025-11-15,49,4,False,False,prompt_payer
INV16002424,B016,B016-C1097,Chemicals Client 097,Chemicals & Plastics,45,52024.24,2025-10-22,2025-12-06,closed,2025-11-28,37,-8,False,False,prompt_payer
INV16002425,B016,B016-C1097,Chemicals Client 097,Chemicals & Plastics,45,76060.73,2025-11-05,2025-12-20,closed,2025-12-15,40,-5,False,False,prompt_payer
INV16002426,B016,B016-C1097,Chemicals Client 097,Chemicals & Plastics,45,58896.07,2025-12-07,2026-01-21,closed,2026-01-19,43,-2,False,False,prompt_payer
INV16002427,B016,B016-C1097,Chemicals Client 097,Chemicals & Plastics,45,48354.5,2026-03-19,2026-05-03,closed,2026-05-06,48,3,False,False,prompt_payer
INV16002428,B016,B016-C1097,Chemicals Client 097,Chemicals & Plastics,45,39067.68,2026-07-08,2026-08-22,closed,2026-08-26,49,4,False,False,prompt_payer
INV16002429,B016,B016-C1097,Chemicals Client 097,Chemicals & Plastics,45,67923.86,2026-08-18,2026-10-02,open,,,,False,False,prompt_payer
INV16002430,B016,B016-C1097,Chemicals Client 097,Chemicals & Plastics,45,46123.48,2026-08-26,2026-10-10,open,,,,False,False,prompt_payer
INV16002431,B016,B016-C1098,Chemicals Client 098,Chemicals & Plastics,30,783726.89,2024-04-03,2024-05-03,closed,2024-05-09,36,6,False,False,average_payer
INV16002432,B016,B016-C1098,Chemicals Client 098,Chemicals & Plastics,30,535920.88,2024-08-23,2024-09-22,closed,2024-09-25,33,3,False,False,average_payer
INV16002433,B016,B016-C1098,Chemicals Client 098,Chemicals & Plastics,30,486285.01,2024-08-23,2024-09-22,closed,2024-09-21,29,-1,False,False,average_payer
INV16002434,B016,B016-C1098,Chemicals Client 098,Chemicals & Plastics,30,903608.23,2024-10-03,2024-11-02,closed,2024-11-16,44,14,True,False,average_payer
INV16002435,B016,B016-C1098,Chemicals Client 098,Chemicals & Plastics,30,625090.04,2025-01-29,2025-02-28,closed,2025-03-08,38,8,False,False,average_payer
INV16002436,B016,B016-C1098,Chemicals Client 098,Chemicals & Plastics,30,582126.37,2025-02-05,2025-03-07,closed,2025-03-15,38,8,False,False,average_payer
INV16002437,B016,B016-C1098,Chemicals Client 098,Chemicals & Plastics,30,481094.2,2025-04-13,2025-05-13,closed,2025-05-10,27,-3,False,False,average_payer
INV16002438,B016,B016-C1098,Chemicals Client 098,Chemicals & Plastics,30,270016.26,2025-05-24,2025-06-23,closed,2025-06-29,36,6,False,False,average_payer
INV16002439,B016,B016-C1098,Chemicals Client 098,Chemicals & Plastics,30,545860.02,2025-07-16,2025-08-15,closed,2025-08-18,33,3,False,False,average_payer
INV16002440,B016,B016-C1098,Chemicals Client 098,Chemicals & Plastics,30,568341.79,2025-07-26,2025-08-25,closed,2025-08-31,36,6,True,False,average_payer
INV16002441,B016,B016-C1098,Chemicals Client 098,Chemicals & Plastics,30,499227.9,2025-08-01,2025-08-31,closed,2025-09-17,47,17,False,False,average_payer
INV16002442,B016,B016-C1098,Chemicals Client 098,Chemicals & Plastics,30,515165.91,2025-08-02,2025-09-01,closed,2025-09-04,33,3,False,False,average_payer
INV16002443,B016,B016-C1098,Chemicals Client 098,Chemicals & Plastics,30,552366.17,2025-09-08,2025-10-08,closed,2025-10-13,35,5,False,False,average_payer
INV16002444,B016,B016-C1098,Chemicals Client 098,Chemicals & Plastics,30,475462.66,2025-09-29,2025-10-29,closed,2025-11-06,38,8,False,False,average_payer
INV16002445,B016,B016-C1098,Chemicals Client 098,Chemicals & Plastics,30,622365.37,2025-10-28,2025-11-27,closed,2025-12-11,44,14,False,False,average_payer
INV16002446,B016,B016-C1098,Chemicals Client 098,Chemicals & Plastics,30,736099.07,2025-11-03,2025-12-03,closed,2025-12-08,35,5,False,False,average_payer
INV16002447,B016,B016-C1098,Chemicals Client 098,Chemicals & Plastics,30,806624.99,2026-01-10,2026-02-09,closed,2026-03-01,50,20,False,False,average_payer
INV16002448,B016,B016-C1098,Chemicals Client 098,Chemicals & Plastics,30,447998.8,2026-01-16,2026-02-15,closed,2026-02-17,32,2,False,False,average_payer
INV16002449,B016,B016-C1098,Chemicals Client 098,Chemicals & Plastics,30,470208.83,2026-01-30,2026-03-01,closed,2026-03-18,47,17,False,False,average_payer
INV16002450,B016,B016-C1098,Chemicals Client 098,Chemicals & Plastics,30,367599.12,2026-03-01,2026-03-31,closed,2026-03-30,29,-1,False,False,average_payer
INV16002451,B016,B016-C1098,Chemicals Client 098,Chemicals & Plastics,30,398327.06,2026-03-30,2026-04-29,closed,2026-05-04,35,5,False,False,average_payer
INV16002452,B016,B016-C1098,Chemicals Client 098,Chemicals & Plastics,30,396573.04,2026-05-20,2026-06-19,closed,2026-06-16,27,-3,False,False,average_payer
INV16002453,B016,B016-C1098,Chemicals Client 098,Chemicals & Plastics,30,461883.44,2026-05-23,2026-06-22,closed,2026-07-11,49,19,False,False,average_payer
INV16002454,B016,B016-C1098,Chemicals Client 098,Chemicals & Plastics,30,520856.41,2026-06-14,2026-07-14,closed,2026-07-15,31,1,False,False,average_payer
INV16002455,B016,B016-C1098,Chemicals Client 098,Chemicals & Plastics,30,801770.04,2026-06-21,2026-07-21,closed,2026-08-13,53,23,False,False,average_payer
INV16002456,B016,B016-C1098,Chemicals Client 098,Chemicals & Plastics,30,2217186.95,2026-07-22,2026-08-21,closed,2026-08-31,40,10,False,True,average_payer
INV16002457,B016,B016-C1098,Chemicals Client 098,Chemicals & Plastics,30,440910.43,2026-07-26,2026-08-25,closed,2026-09-01,37,7,False,False,average_payer
INV16002458,B016,B016-C1099,Chemicals Client 099,Chemicals & Plastics,30,35775.3,2024-03-20,2024-04-19,closed,2024-05-27,68,38,False,False,improving_payer
INV16002459,B016,B016-C1099,Chemicals Client 099,Chemicals & Plastics,30,33385.84,2024-06-06,2024-07-06,closed,2024-08-03,58,28,False,False,improving_payer
INV16002460,B016,B016-C1099,Chemicals Client 099,Chemicals & Plastics,30,29188.6,2024-06-07,2024-07-07,closed,2024-08-01,55,25,False,False,improving_payer
INV16002461,B016,B016-C1099,Chemicals Client 099,Chemicals & Plastics,30,56963.99,2024-07-03,2024-08-02,closed,2024-09-05,64,34,False,False,improving_payer
INV16002462,B016,B016-C1099,Chemicals Client 099,Chemicals & Plastics,30,25135.11,2024-07-17,2024-08-16,closed,2024-09-14,59,29,False,False,improving_payer
INV16002463,B016,B016-C1099,Chemicals Client 099,Chemicals & Plastics,30,38455.27,2024-07-31,2024-08-30,closed,2024-10-05,66,36,False,False,improving_payer
INV16002464,B016,B016-C1099,Chemicals Client 099,Chemicals & Plastics,30,36852.16,2024-08-30,2024-09-29,closed,2024-10-13,44,14,False,False,improving_payer
INV16002465,B016,B016-C1099,Chemicals Client 099,Chemicals & Plastics,30,48618.84,2024-10-18,2024-11-17,closed,2024-12-12,55,25,False,False,improving_payer
INV16002466,B016,B016-C1099,Chemicals Client 099,Chemicals & Plastics,30,64745.56,2024-10-25,2024-11-24,closed,2024-12-30,66,36,False,False,improving_payer
INV16002467,B016,B016-C1099,Chemicals Client 099,Chemicals & Plastics,30,37607.24,2024-11-18,2024-12-18,closed,2025-02-04,78,48,False,False,improving_payer
INV16002468,B016,B016-C1099,Chemicals Client 099,Chemicals & Plastics,30,50553.62,2024-12-18,2025-01-17,closed,2025-02-10,54,24,False,False,improving_payer
INV16002469,B016,B016-C1099,Chemicals Client 099,Chemicals & Plastics,30,62815.29,2025-03-15,2025-04-14,closed,2025-05-19,65,35,False,False,improving_payer
INV16002470,B016,B016-C1099,Chemicals Client 099,Chemicals & Plastics,30,27875.45,2025-03-22,2025-04-21,closed,2025-05-21,60,30,False,False,improving_payer
INV16002471,B016,B016-C1099,Chemicals Client 099,Chemicals & Plastics,30,31954.25,2025-04-17,2025-05-17,closed,2025-06-22,66,36,False,False,improving_payer
INV16002472,B016,B016-C1099,Chemicals Client 099,Chemicals & Plastics,30,36716.71,2025-05-17,2025-06-16,closed,2025-07-13,57,27,False,False,improving_payer
INV16002473,B016,B016-C1099,Chemicals Client 099,Chemicals & Plastics,30,50657.72,2025-05-28,2025-06-27,closed,2025-08-01,65,35,False,False,improving_payer
INV16002474,B016,B016-C1099,Chemicals Client 099,Chemicals & Plastics,30,52960.54,2025-06-03,2025-07-03,closed,2025-07-16,43,13,False,False,improving_payer
INV16002475,B016,B016-C1099,Chemicals Client 099,Chemicals & Plastics,30,50355.98,2025-06-06,2025-07-06,closed,2025-08-06,61,31,False,False,improving_payer
INV16002476,B016,B016-C1099,Chemicals Client 099,Chemicals & Plastics,30,17747.45,2025-06-18,2025-07-18,closed,2025-08-10,53,23,False,False,improving_payer
INV16002477,B016,B016-C1099,Chemicals Client 099,Chemicals & Plastics,30,205168.97,2025-07-12,2025-08-11,closed,2025-09-09,59,29,False,True,improving_payer
INV16002478,B016,B016-C1099,Chemicals Client 099,Chemicals & Plastics,30,58165.76,2025-07-17,2025-08-16,closed,2025-08-26,40,10,False,False,improving_payer
INV16002479,B016,B016-C1099,Chemicals Client 099,Chemicals & Plastics,30,49571.09,2025-07-23,2025-08-22,closed,2025-09-01,40,10,False,False,improving_payer
INV16002480,B016,B016-C1099,Chemicals Client 099,Chemicals & Plastics,30,58772.77,2025-10-09,2025-11-08,closed,2025-11-26,48,18,False,False,improving_payer
INV16002481,B016,B016-C1099,Chemicals Client 099,Chemicals & Plastics,30,38857.25,2025-11-07,2025-12-07,closed,2026-01-09,63,33,False,False,improving_payer
INV16002482,B016,B016-C1099,Chemicals Client 099,Chemicals & Plastics,30,52520.27,2025-11-25,2025-12-25,closed,2026-02-04,71,41,False,False,improving_payer
INV16002483,B016,B016-C1099,Chemicals Client 099,Chemicals & Plastics,30,215363.43,2025-12-02,2026-01-01,closed,2026-01-05,34,4,False,True,improving_payer
INV16002484,B016,B016-C1099,Chemicals Client 099,Chemicals & Plastics,30,69947.91,2025-12-31,2026-01-30,closed,2026-02-26,57,27,False,False,improving_payer
INV16002485,B016,B016-C1099,Chemicals Client 099,Chemicals & Plastics,30,31308.04,2026-01-08,2026-02-07,closed,2026-02-26,49,19,False,False,improving_payer
INV16002486,B016,B016-C1099,Chemicals Client 099,Chemicals & Plastics,30,28924.09,2026-01-19,2026-02-18,closed,2026-03-18,58,28,False,False,improving_payer
INV16002487,B016,B016-C1099,Chemicals Client 099,Chemicals & Plastics,30,39617.11,2026-02-21,2026-03-23,closed,2026-03-28,35,5,False,False,improving_payer
INV16002488,B016,B016-C1099,Chemicals Client 099,Chemicals & Plastics,30,36496.39,2026-02-28,2026-03-30,closed,2026-03-31,31,1,False,False,improving_payer
INV16002489,B016,B016-C1099,Chemicals Client 099,Chemicals & Plastics,30,169573.55,2026-03-05,2026-04-04,closed,2026-04-17,43,13,False,True,improving_payer
INV16002490,B016,B016-C1099,Chemicals Client 099,Chemicals & Plastics,30,36471.1,2026-03-09,2026-04-08,closed,2026-04-20,42,12,False,False,improving_payer
INV16002491,B016,B016-C1099,Chemicals Client 099,Chemicals & Plastics,30,31257.4,2026-05-11,2026-06-10,closed,2026-06-23,43,13,False,False,improving_payer
INV16002492,B016,B016-C1099,Chemicals Client 099,Chemicals & Plastics,30,27816.26,2026-05-12,2026-06-11,closed,2026-06-23,42,12,False,False,improving_payer
INV16002493,B016,B016-C1099,Chemicals Client 099,Chemicals & Plastics,30,39859.62,2026-05-24,2026-06-23,closed,2026-07-02,39,9,False,False,improving_payer
INV16002494,B016,B016-C1099,Chemicals Client 099,Chemicals & Plastics,30,36242.15,2026-07-05,2026-08-04,closed,2026-08-06,32,2,False,False,improving_payer
INV16002495,B016,B016-C1099,Chemicals Client 099,Chemicals & Plastics,30,55879.65,2026-07-08,2026-08-07,closed,2026-08-20,43,13,False,False,improving_payer
INV16002496,B016,B016-C1099,Chemicals Client 099,Chemicals & Plastics,30,34945.38,2026-07-11,2026-08-10,closed,2026-08-06,26,-4,False,False,improving_payer
INV16002497,B016,B016-C1099,Chemicals Client 099,Chemicals & Plastics,30,40828.6,2026-07-13,2026-08-12,closed,2026-08-20,38,8,False,False,improving_payer
INV16002498,B016,B016-C1099,Chemicals Client 099,Chemicals & Plastics,30,224545.18,2026-08-19,2026-09-18,open,,,,False,True,improving_payer
INV16002499,B016,B016-C1099,Chemicals Client 099,Chemicals & Plastics,30,33747.06,2026-08-22,2026-09-21,open,,,,False,False,improving_payer
INV16002500,B016,B016-C1100,Auto Client 100,Auto Components,30,318898.77,2024-05-23,2024-06-22,closed,2024-06-19,27,-3,False,False,erratic_payer
INV16002501,B016,B016-C1100,Auto Client 100,Auto Components,30,286519.31,2024-09-12,2024-10-12,closed,2024-11-01,50,20,False,False,erratic_payer
INV16002502,B016,B016-C1100,Auto Client 100,Auto Components,30,421518.78,2024-09-18,2024-10-18,closed,2024-11-05,48,18,False,False,erratic_payer
INV16002503,B016,B016-C1100,Auto Client 100,Auto Components,30,264871.32,2024-09-23,2024-10-23,closed,2024-11-05,43,13,False,False,erratic_payer
INV16002504,B016,B016-C1100,Auto Client 100,Auto Components,30,211520.14,2024-11-18,2024-12-18,closed,2024-12-16,28,-2,False,False,erratic_payer
INV16002505,B016,B016-C1100,Auto Client 100,Auto Components,30,182655.75,2024-12-17,2025-01-16,closed,2025-02-14,59,29,False,False,erratic_payer
INV16002506,B016,B016-C1100,Auto Client 100,Auto Components,30,244042.42,2025-01-25,2025-02-24,closed,2025-03-09,43,13,False,False,erratic_payer
INV16002507,B016,B016-C1100,Auto Client 100,Auto Components,30,210460.18,2025-01-30,2025-03-01,closed,2025-03-12,41,11,False,False,erratic_payer
INV16002508,B016,B016-C1100,Auto Client 100,Auto Components,30,203471.19,2025-02-17,2025-03-19,closed,2025-03-25,36,6,False,False,erratic_payer
INV16002509,B016,B016-C1100,Auto Client 100,Auto Components,30,322237.26,2025-04-13,2025-05-13,closed,2025-05-31,48,18,False,False,erratic_payer
INV16002510,B016,B016-C1100,Auto Client 100,Auto Components,30,397825.97,2025-05-08,2025-06-07,closed,2025-06-10,33,3,False,False,erratic_payer
INV16002511,B016,B016-C1100,Auto Client 100,Auto Components,30,350676.62,2025-08-25,2025-09-24,closed,2025-10-02,38,8,False,False,erratic_payer
INV16002512,B016,B016-C1100,Auto Client 100,Auto Components,30,261858.88,2025-11-25,2025-12-25,open,,,,False,False,erratic_payer
INV16002513,B016,B016-C1100,Auto Client 100,Auto Components,30,214896.78,2025-12-25,2026-01-24,closed,2026-02-04,41,11,False,False,erratic_payer
INV16002514,B016,B016-C1100,Auto Client 100,Auto Components,30,315812.69,2026-02-11,2026-03-13,closed,2026-03-17,34,4,False,False,erratic_payer
INV16002515,B016,B016-C1100,Auto Client 100,Auto Components,30,334054.66,2026-06-04,2026-07-04,closed,2026-07-11,37,7,False,False,erratic_payer
INV16002516,B016,B016-C1100,Auto Client 100,Auto Components,30,228250.27,2026-07-04,2026-08-03,closed,2026-08-15,42,12,False,False,erratic_payer
INV16002517,B016,B016-C1100,Auto Client 100,Auto Components,30,362322.13,2026-08-26,2026-09-25,disputed_open,,,,False,False,erratic_payer
INV16002518,B016,B016-C1101,Retail Client 101,Retail & Distribution,30,21016.9,2024-04-03,2024-05-03,closed,2024-04-30,27,-3,False,False,seasonal_payer
INV16002519,B016,B016-C1101,Retail Client 101,Retail & Distribution,30,21258.23,2024-05-23,2024-06-22,closed,2024-06-14,22,-8,False,False,seasonal_payer
INV16002520,B016,B016-C1101,Retail Client 101,Retail & Distribution,30,24497.13,2024-06-10,2024-07-10,closed,2024-07-06,26,-4,False,False,seasonal_payer
INV16002521,B016,B016-C1101,Retail Client 101,Retail & Distribution,30,10708.16,2024-07-14,2024-08-13,closed,2024-08-21,38,8,False,False,seasonal_payer
INV16002522,B016,B016-C1101,Retail Client 101,Retail & Distribution,30,17201.85,2024-08-07,2024-09-06,closed,2024-09-09,33,3,False,False,seasonal_payer
INV16002523,B016,B016-C1101,Retail Client 101,Retail & Distribution,30,9327.8,2024-08-15,2024-09-14,closed,2024-09-20,36,6,False,False,seasonal_payer
INV16002524,B016,B016-C1101,Retail Client 101,Retail & Distribution,30,22695.81,2024-08-22,2024-09-21,closed,2024-10-06,45,15,False,False,seasonal_payer
INV16002525,B016,B016-C1101,Retail Client 101,Retail & Distribution,30,78171.68,2024-09-28,2024-10-28,closed,2024-11-11,44,14,False,True,seasonal_payer
INV16002526,B016,B016-C1101,Retail Client 101,Retail & Distribution,30,14958.79,2024-11-04,2024-12-04,closed,2024-12-18,44,14,False,False,seasonal_payer
INV16002527,B016,B016-C1101,Retail Client 101,Retail & Distribution,30,16046.34,2024-11-07,2024-12-07,closed,2024-12-20,43,13,False,False,seasonal_payer
INV16002528,B016,B016-C1101,Retail Client 101,Retail & Distribution,30,28870.09,2024-11-08,2024-12-08,closed,2024-12-14,36,6,False,False,seasonal_payer
INV16002529,B016,B016-C1101,Retail Client 101,Retail & Distribution,30,10785.38,2024-12-17,2025-01-16,closed,2025-01-29,43,13,False,False,seasonal_payer
INV16002530,B016,B016-C1101,Retail Client 101,Retail & Distribution,30,13440.74,2025-01-12,2025-02-11,closed,2025-02-18,37,7,False,False,seasonal_payer
INV16002531,B016,B016-C1101,Retail Client 101,Retail & Distribution,30,11664.75,2025-01-16,2025-02-15,closed,2025-03-01,44,14,False,False,seasonal_payer
INV16002532,B016,B016-C1101,Retail Client 101,Retail & Distribution,30,16899.15,2025-01-24,2025-02-23,closed,2025-03-07,42,12,False,False,seasonal_payer
INV16002533,B016,B016-C1101,Retail Client 101,Retail & Distribution,30,14955.57,2025-01-25,2025-02-24,closed,2025-03-06,40,10,False,False,seasonal_payer
INV16002534,B016,B016-C1101,Retail Client 101,Retail & Distribution,30,8371.08,2025-03-05,2025-04-04,closed,2025-04-14,40,10,False,False,seasonal_payer
INV16002535,B016,B016-C1101,Retail Client 101,Retail & Distribution,30,14485.1,2025-04-14,2025-05-14,closed,2025-05-12,28,-2,False,False,seasonal_payer
INV16002536,B016,B016-C1101,Retail Client 101,Retail & Distribution,30,10986.13,2025-05-02,2025-06-01,closed,2025-06-07,36,6,False,False,seasonal_payer
INV16002537,B016,B016-C1101,Retail Client 101,Retail & Distribution,30,18550.25,2025-06-08,2025-07-08,closed,2025-07-19,41,11,False,False,seasonal_payer
INV16002538,B016,B016-C1101,Retail Client 101,Retail & Distribution,30,16158.4,2025-06-24,2025-07-24,closed,2025-07-31,37,7,False,False,seasonal_payer
INV16002539,B016,B016-C1101,Retail Client 101,Retail & Distribution,30,21698.74,2025-06-27,2025-07-27,closed,2025-07-22,25,-5,False,False,seasonal_payer
INV16002540,B016,B016-C1101,Retail Client 101,Retail & Distribution,30,18015.03,2025-08-02,2025-09-01,closed,2025-09-12,41,11,False,False,seasonal_payer
INV16002541,B016,B016-C1101,Retail Client 101,Retail & Distribution,30,20827.73,2025-08-03,2025-09-02,closed,2025-08-28,25,-5,False,False,seasonal_payer
INV16002542,B016,B016-C1101,Retail Client 101,Retail & Distribution,30,9663.81,2025-08-13,2025-09-12,closed,2025-10-02,50,20,False,False,seasonal_payer
INV16002543,B016,B016-C1101,Retail Client 101,Retail & Distribution,30,33942.44,2025-09-15,2025-10-15,closed,2025-10-25,40,10,False,False,seasonal_payer
INV16002544,B016,B016-C1101,Retail Client 101,Retail & Distribution,30,13551.75,2025-10-09,2025-11-08,closed,2025-11-20,42,12,False,False,seasonal_payer
INV16002545,B016,B016-C1101,Retail Client 101,Retail & Distribution,30,14144.57,2025-10-20,2025-11-19,open,,,,False,False,seasonal_payer
INV16002546,B016,B016-C1101,Retail Client 101,Retail & Distribution,30,17774.46,2025-10-25,2025-11-24,closed,2025-12-17,53,23,False,False,seasonal_payer
INV16002547,B016,B016-C1101,Retail Client 101,Retail & Distribution,30,16430.33,2025-11-13,2025-12-13,closed,2026-01-05,53,23,False,False,seasonal_payer
INV16002548,B016,B016-C1101,Retail Client 101,Retail & Distribution,30,11662.36,2025-11-30,2025-12-30,closed,2026-01-12,43,13,False,False,seasonal_payer
INV16002549,B016,B016-C1101,Retail Client 101,Retail & Distribution,30,9769.94,2025-12-04,2026-01-03,closed,2026-01-18,45,15,False,False,seasonal_payer
INV16002550,B016,B016-C1101,Retail Client 101,Retail & Distribution,30,15479.08,2025-12-05,2026-01-04,closed,2026-01-17,43,13,False,False,seasonal_payer
INV16002551,B016,B016-C1101,Retail Client 101,Retail & Distribution,30,13378.91,2026-01-09,2026-02-08,closed,2026-02-13,35,5,False,False,seasonal_payer
INV16002552,B016,B016-C1101,Retail Client 101,Retail & Distribution,30,15294.25,2026-01-15,2026-02-14,closed,2026-02-26,42,12,False,False,seasonal_payer
INV16002553,B016,B016-C1101,Retail Client 101,Retail & Distribution,30,21291.1,2026-03-11,2026-04-10,closed,2026-04-08,28,-2,False,False,seasonal_payer
INV16002554,B016,B016-C1101,Retail Client 101,Retail & Distribution,30,8942.57,2026-04-22,2026-05-22,closed,2026-05-26,34,4,False,False,seasonal_payer
INV16002555,B016,B016-C1101,Retail Client 101,Retail & Distribution,30,19913.58,2026-06-02,2026-07-02,closed,2026-07-08,36,6,False,False,seasonal_payer
INV16002556,B016,B016-C1101,Retail Client 101,Retail & Distribution,30,17509.92,2026-06-03,2026-07-03,closed,2026-06-29,26,-4,False,False,seasonal_payer
INV16002557,B016,B016-C1101,Retail Client 101,Retail & Distribution,30,32053.66,2026-06-22,2026-07-22,closed,2026-08-01,40,10,False,False,seasonal_payer
INV16002558,B016,B016-C1101,Retail Client 101,Retail & Distribution,30,16093.11,2026-07-14,2026-08-13,closed,2026-08-25,42,12,False,False,seasonal_payer
INV16002559,B016,B016-C1101,Retail Client 101,Retail & Distribution,30,10450.8,2026-08-12,2026-09-11,disputed_open,,,,False,False,seasonal_payer
INV16002560,B016,B016-C1101,Retail Client 101,Retail & Distribution,30,20270.04,2026-08-19,2026-09-18,disputed_open,,,,False,False,seasonal_payer
INV16002561,B016,B016-C1101,Retail Client 101,Retail & Distribution,30,14047.42,2026-08-31,2026-09-30,open,,,,False,False,seasonal_payer
INV16002562,B016,B016-C1102,Metal Client 102,Metal & Engineering,30,64671.14,2024-04-07,2024-05-07,closed,2024-05-09,32,2,True,False,average_payer
INV16002563,B016,B016-C1102,Metal Client 102,Metal & Engineering,30,85750.66,2024-04-20,2024-05-20,closed,2024-05-23,33,3,False,False,average_payer
INV16002564,B016,B016-C1102,Metal Client 102,Metal & Engineering,30,79346.86,2024-07-09,2024-08-08,closed,2024-08-21,43,13,False,False,average_payer
INV16002565,B016,B016-C1102,Metal Client 102,Metal & Engineering,30,90138.82,2024-09-25,2024-10-25,closed,2024-10-24,29,-1,False,False,average_payer
INV16002566,B016,B016-C1102,Metal Client 102,Metal & Engineering,30,132454.49,2024-10-26,2024-11-25,closed,2024-12-04,39,9,False,False,average_payer
INV16002567,B016,B016-C1102,Metal Client 102,Metal & Engineering,30,82605.92,2024-11-04,2024-12-04,closed,2024-12-13,39,9,False,False,average_payer
INV16002568,B016,B016-C1102,Metal Client 102,Metal & Engineering,30,109587.29,2024-11-09,2024-12-09,closed,2024-12-24,45,15,False,False,average_payer
INV16002569,B016,B016-C1102,Metal Client 102,Metal & Engineering,30,122618.17,2024-12-21,2025-01-20,closed,2025-01-29,39,9,False,False,average_payer
INV16002570,B016,B016-C1102,Metal Client 102,Metal & Engineering,30,108094.66,2025-01-13,2025-02-12,closed,2025-03-01,47,17,False,False,average_payer
INV16002571,B016,B016-C1102,Metal Client 102,Metal & Engineering,30,112999.76,2025-01-20,2025-02-19,closed,2025-02-25,36,6,False,False,average_payer
INV16002572,B016,B016-C1102,Metal Client 102,Metal & Engineering,30,82137.78,2025-01-25,2025-02-24,closed,2025-02-16,22,-8,False,False,average_payer
INV16002573,B016,B016-C1102,Metal Client 102,Metal & Engineering,30,79617.71,2025-01-28,2025-02-27,closed,2025-03-09,40,10,False,False,average_payer
INV16002574,B016,B016-C1102,Metal Client 102,Metal & Engineering,30,124249.96,2025-03-27,2025-04-26,closed,2025-04-29,33,3,False,False,average_payer
INV16002575,B016,B016-C1102,Metal Client 102,Metal & Engineering,30,67018.2,2025-05-08,2025-06-07,closed,2025-06-12,35,5,False,False,average_payer
INV16002576,B016,B016-C1102,Metal Client 102,Metal & Engineering,30,77977.89,2025-05-24,2025-06-23,closed,2025-06-20,27,-3,False,False,average_payer
INV16002577,B016,B016-C1102,Metal Client 102,Metal & Engineering,30,186887.32,2025-06-12,2025-07-12,closed,2025-07-21,39,9,False,False,average_payer
INV16002578,B016,B016-C1102,Metal Client 102,Metal & Engineering,30,131299.07,2025-11-01,2025-12-01,closed,2025-11-30,29,-1,False,False,average_payer
INV16002579,B016,B016-C1102,Metal Client 102,Metal & Engineering,30,90881.91,2025-11-18,2025-12-18,closed,2025-12-22,34,4,False,False,average_payer
INV16002580,B016,B016-C1102,Metal Client 102,Metal & Engineering,30,89452.64,2025-12-08,2026-01-07,closed,2026-01-31,54,24,False,False,average_payer
INV16002581,B016,B016-C1102,Metal Client 102,Metal & Engineering,30,121870.97,2025-12-14,2026-01-13,closed,2026-01-22,39,9,False,False,average_payer
INV16002582,B016,B016-C1102,Metal Client 102,Metal & Engineering,30,164949.14,2025-12-19,2026-01-18,closed,2026-01-16,28,-2,True,False,average_payer
INV16002583,B016,B016-C1102,Metal Client 102,Metal & Engineering,30,78870.09,2025-12-28,2026-01-27,closed,2026-01-28,31,1,False,False,average_payer
INV16002584,B016,B016-C1102,Metal Client 102,Metal & Engineering,30,98697.18,2025-12-29,2026-01-28,closed,2026-02-04,37,7,False,False,average_payer
INV16002585,B016,B016-C1102,Metal Client 102,Metal & Engineering,30,72055.75,2026-01-09,2026-02-08,closed,2026-02-13,35,5,False,False,average_payer
INV16002586,B016,B016-C1102,Metal Client 102,Metal & Engineering,30,68520.65,2026-01-29,2026-02-28,closed,2026-03-05,35,5,False,False,average_payer
INV16002587,B016,B016-C1102,Metal Client 102,Metal & Engineering,30,98561.37,2026-02-11,2026-03-13,closed,2026-03-21,38,8,False,False,average_payer
INV16002588,B016,B016-C1102,Metal Client 102,Metal & Engineering,30,142315.71,2026-02-19,2026-03-21,closed,2026-03-26,35,5,False,False,average_payer
INV16002589,B016,B016-C1102,Metal Client 102,Metal & Engineering,30,102863.09,2026-02-21,2026-03-23,closed,2026-04-04,42,12,False,False,average_payer
INV16002590,B016,B016-C1102,Metal Client 102,Metal & Engineering,30,132426.05,2026-06-15,2026-07-15,closed,2026-07-23,38,8,False,False,average_payer
INV16002591,B016,B016-C1102,Metal Client 102,Metal & Engineering,30,96284.77,2026-06-21,2026-07-21,closed,2026-08-12,52,22,False,False,average_payer
INV16002592,B016,B016-C1102,Metal Client 102,Metal & Engineering,30,127019.93,2026-08-13,2026-09-12,disputed_open,,,,False,False,average_payer
INV16002593,B016,B016-C1103,Construction Client 103,Construction & Infra,30,264742.8,2024-03-25,2024-04-24,closed,2024-04-29,35,5,False,False,prompt_payer
INV16002594,B016,B016-C1103,Construction Client 103,Construction & Infra,30,288577.18,2024-04-19,2024-05-19,closed,2024-05-23,34,4,False,False,prompt_payer
INV16002595,B016,B016-C1103,Construction Client 103,Construction & Infra,30,298310.43,2024-04-20,2024-05-20,closed,2024-05-21,31,1,False,False,prompt_payer
INV16002596,B016,B016-C1103,Construction Client 103,Construction & Infra,30,166509.8,2024-05-17,2024-06-16,closed,2024-06-14,28,-2,False,False,prompt_payer
INV16002597,B016,B016-C1103,Construction Client 103,Construction & Infra,30,277554.01,2024-05-17,2024-06-16,closed,2024-06-15,29,-1,False,False,prompt_payer
INV16002598,B016,B016-C1103,Construction Client 103,Construction & Infra,30,182544.19,2024-06-08,2024-07-08,closed,2024-07-08,30,0,False,False,prompt_payer
INV16002599,B016,B016-C1103,Construction Client 103,Construction & Infra,30,239061.06,2024-07-05,2024-08-04,closed,2024-08-09,35,5,False,False,prompt_payer
INV16002600,B016,B016-C1103,Construction Client 103,Construction & Infra,30,175734.0,2024-07-16,2024-08-15,closed,2024-08-13,28,-2,False,False,prompt_payer
INV16002601,B016,B016-C1103,Construction Client 103,Construction & Infra,30,283650.48,2024-09-03,2024-10-03,closed,2024-10-06,33,3,False,False,prompt_payer
INV16002602,B016,B016-C1103,Construction Client 103,Construction & Infra,30,768382.48,2024-10-24,2024-11-23,closed,2024-11-23,30,0,False,True,prompt_payer
INV16002603,B016,B016-C1103,Construction Client 103,Construction & Infra,30,645100.82,2024-11-02,2024-12-02,closed,2024-11-29,27,-3,False,False,prompt_payer
INV16002604,B016,B016-C1103,Construction Client 103,Construction & Infra,30,364514.96,2025-01-23,2025-02-22,closed,2025-02-24,32,2,False,False,prompt_payer
INV16002605,B016,B016-C1103,Construction Client 103,Construction & Infra,30,287940.71,2025-01-31,2025-03-02,closed,2025-03-04,32,2,False,False,prompt_payer
INV16002606,B016,B016-C1103,Construction Client 103,Construction & Infra,30,217283.05,2025-02-24,2025-03-26,closed,2025-03-28,32,2,False,False,prompt_payer
INV16002607,B016,B016-C1103,Construction Client 103,Construction & Infra,30,468493.98,2025-04-11,2025-05-11,closed,2025-05-09,28,-2,False,False,prompt_payer
INV16002608,B016,B016-C1103,Construction Client 103,Construction & Infra,30,277162.3,2025-04-30,2025-05-30,closed,2025-05-28,28,-2,False,False,prompt_payer
INV16002609,B016,B016-C1103,Construction Client 103,Construction & Infra,30,296276.62,2025-06-13,2025-07-13,closed,2025-07-13,30,0,False,False,prompt_payer
INV16002610,B016,B016-C1103,Construction Client 103,Construction & Infra,30,325704.87,2025-07-20,2025-08-19,closed,2025-08-15,26,-4,False,False,prompt_payer
INV16002611,B016,B016-C1103,Construction Client 103,Construction & Infra,30,296168.75,2025-08-25,2025-09-24,closed,2025-09-23,29,-1,False,False,prompt_payer
INV16002612,B016,B016-C1103,Construction Client 103,Construction & Infra,30,157976.1,2025-10-01,2025-10-31,closed,2025-11-04,34,4,False,False,prompt_payer
INV16002613,B016,B016-C1103,Construction Client 103,Construction & Infra,30,277648.76,2025-11-30,2025-12-30,closed,2025-12-31,31,1,False,False,prompt_payer
INV16002614,B016,B016-C1103,Construction Client 103,Construction & Infra,30,175344.15,2025-12-15,2026-01-14,closed,2026-01-19,35,5,False,False,prompt_payer
INV16002615,B016,B016-C1103,Construction Client 103,Construction & Infra,30,372572.01,2025-12-24,2026-01-23,closed,2026-01-24,31,1,False,False,prompt_payer
INV16002616,B016,B016-C1103,Construction Client 103,Construction & Infra,30,186328.54,2026-01-13,2026-02-12,closed,2026-02-06,24,-6,False,False,prompt_payer
INV16002617,B016,B016-C1103,Construction Client 103,Construction & Infra,30,441084.08,2026-02-18,2026-03-20,closed,2026-03-25,35,5,False,False,prompt_payer
INV16002618,B016,B016-C1103,Construction Client 103,Construction & Infra,30,246672.97,2026-02-24,2026-03-26,closed,2026-04-04,39,9,False,False,prompt_payer
INV16002619,B016,B016-C1103,Construction Client 103,Construction & Infra,30,242137.63,2026-06-12,2026-07-12,closed,2026-07-15,33,3,False,False,prompt_payer
INV16002620,B016,B016-C1103,Construction Client 103,Construction & Infra,30,174880.61,2026-06-26,2026-07-26,closed,2026-07-19,23,-7,False,False,prompt_payer
INV16002621,B016,B016-C1103,Construction Client 103,Construction & Infra,30,242031.66,2026-07-14,2026-08-13,closed,2026-08-09,26,-4,False,False,prompt_payer
INV16002622,B016,B016-C1103,Construction Client 103,Construction & Infra,30,270446.31,2026-07-31,2026-08-30,closed,2026-08-31,31,1,False,False,prompt_payer
INV16002623,B016,B016-C1103,Construction Client 103,Construction & Infra,30,309648.02,2026-08-22,2026-09-21,open,,,,False,False,prompt_payer
INV16002624,B016,B016-C1104,IT Client 104,IT & Business Services,60,203505.63,2024-04-18,2024-06-17,closed,2024-06-11,54,-6,False,False,cold_start
INV16002625,B016,B016-C1104,IT Client 104,IT & Business Services,60,330945.9,2026-08-07,2026-10-06,open,,,,False,False,cold_start
INV16002626,B016,B016-C1105,Metal Client 105,Metal & Engineering,15,165399.27,2024-04-14,2024-04-29,closed,2024-05-05,21,6,False,False,seasonal_payer
INV16002627,B016,B016-C1105,Metal Client 105,Metal & Engineering,15,214983.45,2024-06-25,2024-07-10,closed,2024-07-17,22,7,False,False,seasonal_payer
INV16002628,B016,B016-C1105,Metal Client 105,Metal & Engineering,15,172880.38,2024-07-04,2024-07-19,closed,2024-07-19,15,0,True,False,seasonal_payer
INV16002629,B016,B016-C1105,Metal Client 105,Metal & Engineering,15,227472.51,2024-07-13,2024-07-28,closed,2024-08-06,24,9,False,False,seasonal_payer
INV16002630,B016,B016-C1105,Metal Client 105,Metal & Engineering,15,129976.97,2024-07-25,2024-08-09,closed,2024-08-12,18,3,False,False,seasonal_payer
INV16002631,B016,B016-C1105,Metal Client 105,Metal & Engineering,15,190535.38,2024-08-14,2024-08-29,closed,2024-08-30,16,1,False,False,seasonal_payer
INV16002632,B016,B016-C1105,Metal Client 105,Metal & Engineering,15,149261.39,2024-09-10,2024-09-25,closed,2024-10-05,25,10,False,False,seasonal_payer
INV16002633,B016,B016-C1105,Metal Client 105,Metal & Engineering,15,120901.28,2025-01-06,2025-01-21,closed,2025-02-04,29,14,False,False,seasonal_payer
INV16002634,B016,B016-C1105,Metal Client 105,Metal & Engineering,15,146951.57,2025-08-01,2025-08-16,closed,2025-08-25,24,9,False,False,seasonal_payer
INV16002635,B016,B016-C1105,Metal Client 105,Metal & Engineering,15,212950.18,2025-10-14,2025-10-29,closed,2025-11-09,26,11,False,False,seasonal_payer
INV16002636,B016,B016-C1105,Metal Client 105,Metal & Engineering,15,217025.28,2025-10-20,2025-11-04,closed,2025-11-16,27,12,False,False,seasonal_payer
INV16002637,B016,B016-C1105,Metal Client 105,Metal & Engineering,15,113317.93,2025-11-10,2025-11-25,closed,2025-12-08,28,13,False,False,seasonal_payer
INV16002638,B016,B016-C1105,Metal Client 105,Metal & Engineering,15,164200.08,2026-05-28,2026-06-12,closed,2026-06-19,22,7,False,False,seasonal_payer
INV16002639,B016,B016-C1105,Metal Client 105,Metal & Engineering,15,130220.73,2026-07-10,2026-07-25,closed,2026-08-04,25,10,False,False,seasonal_payer
INV16002640,B016,B016-C1106,Metal Client 106,Metal & Engineering,60,98351.42,2024-04-10,2024-06-09,closed,2024-06-10,61,1,True,False,prompt_payer
INV16002641,B016,B016-C1106,Metal Client 106,Metal & Engineering,60,81816.71,2024-05-07,2024-07-06,closed,2024-07-04,58,-2,True,False,prompt_payer
INV16002642,B016,B016-C1106,Metal Client 106,Metal & Engineering,60,95659.95,2024-05-26,2024-07-25,closed,2024-07-30,65,5,False,False,prompt_payer
INV16002643,B016,B016-C1106,Metal Client 106,Metal & Engineering,60,109692.39,2024-05-26,2024-07-25,closed,2024-07-26,61,1,False,False,prompt_payer
INV16002644,B016,B016-C1106,Metal Client 106,Metal & Engineering,60,84539.31,2024-07-06,2024-09-04,closed,2024-09-04,60,0,False,False,prompt_payer
INV16002645,B016,B016-C1106,Metal Client 106,Metal & Engineering,60,124825.03,2024-07-11,2024-09-09,closed,2024-09-11,62,2,False,False,prompt_payer
INV16002646,B016,B016-C1106,Metal Client 106,Metal & Engineering,60,47369.94,2024-08-20,2024-10-19,closed,2024-10-18,59,-1,False,False,prompt_payer
INV16002647,B016,B016-C1106,Metal Client 106,Metal & Engineering,60,62988.16,2024-09-08,2024-11-07,closed,2024-11-13,66,6,True,False,prompt_payer
INV16002648,B016,B016-C1106,Metal Client 106,Metal & Engineering,60,93644.64,2024-09-13,2024-11-12,closed,2024-11-08,56,-4,False,False,prompt_payer
INV16002649,B016,B016-C1106,Metal Client 106,Metal & Engineering,60,109146.83,2024-10-11,2024-12-10,closed,2024-12-14,64,4,False,False,prompt_payer
INV16002650,B016,B016-C1106,Metal Client 106,Metal & Engineering,60,57338.43,2024-11-06,2025-01-05,closed,2024-12-29,53,-7,False,False,prompt_payer
INV16002651,B016,B016-C1106,Metal Client 106,Metal & Engineering,60,94093.72,2024-11-15,2025-01-14,closed,2025-01-14,60,0,False,False,prompt_payer
INV16002652,B016,B016-C1106,Metal Client 106,Metal & Engineering,60,79819.24,2024-12-12,2025-02-10,closed,2025-02-12,62,2,False,False,prompt_payer
INV16002653,B016,B016-C1106,Metal Client 106,Metal & Engineering,60,62313.23,2025-01-20,2025-03-21,open,,,,False,False,prompt_payer
INV16002654,B016,B016-C1106,Metal Client 106,Metal & Engineering,60,137607.48,2025-03-14,2025-05-13,closed,2025-05-09,56,-4,False,False,prompt_payer
INV16002655,B016,B016-C1106,Metal Client 106,Metal & Engineering,60,71253.96,2025-04-26,2025-06-25,closed,2025-07-01,66,6,False,False,prompt_payer
INV16002656,B016,B016-C1106,Metal Client 106,Metal & Engineering,60,104622.08,2025-05-08,2025-07-07,closed,2025-07-03,56,-4,False,False,prompt_payer
INV16002657,B016,B016-C1106,Metal Client 106,Metal & Engineering,60,124974.42,2025-05-13,2025-07-12,closed,2025-07-13,61,1,False,False,prompt_payer
INV16002658,B016,B016-C1106,Metal Client 106,Metal & Engineering,60,86698.38,2025-10-11,2025-12-10,closed,2025-12-12,62,2,False,False,prompt_payer
INV16002659,B016,B016-C1106,Metal Client 106,Metal & Engineering,60,68438.83,2025-10-29,2025-12-28,closed,2025-12-25,57,-3,False,False,prompt_payer
INV16002660,B016,B016-C1106,Metal Client 106,Metal & Engineering,60,90204.06,2025-12-21,2026-02-19,closed,2026-02-27,68,8,False,False,prompt_payer
INV16002661,B016,B016-C1106,Metal Client 106,Metal & Engineering,60,191599.03,2026-03-04,2026-05-03,closed,2026-05-07,64,4,False,False,prompt_payer
INV16002662,B016,B016-C1106,Metal Client 106,Metal & Engineering,60,82549.29,2026-03-16,2026-05-15,closed,2026-05-13,58,-2,False,False,prompt_payer
INV16002663,B016,B016-C1106,Metal Client 106,Metal & Engineering,60,42369.37,2026-04-16,2026-06-15,closed,2026-06-20,65,5,False,False,prompt_payer
INV16002664,B016,B016-C1106,Metal Client 106,Metal & Engineering,60,124185.82,2026-05-28,2026-07-27,closed,2026-07-26,59,-1,False,False,prompt_payer
INV16002665,B016,B016-C1107,Retail Client 107,Retail & Distribution,15,104975.25,2025-07-10,2025-07-25,closed,2025-08-14,35,20,False,False,cold_start
INV16002666,B016,B016-C1107,Retail Client 107,Retail & Distribution,15,88671.74,2026-03-14,2026-03-29,closed,2026-04-07,24,9,False,False,cold_start
INV16002667,B016,B016-C1107,Retail Client 107,Retail & Distribution,15,122686.36,2026-05-15,2026-05-30,closed,2026-05-20,5,-10,False,False,cold_start
INV16002668,B016,B016-C1108,Chemicals Client 108,Chemicals & Plastics,30,114928.85,2024-10-31,2024-11-30,closed,2024-12-11,41,11,False,False,average_payer
INV16002669,B016,B016-C1108,Chemicals Client 108,Chemicals & Plastics,30,135975.67,2025-05-29,2025-06-28,closed,2025-06-25,27,-3,False,False,average_payer
INV16002670,B016,B016-C1108,Chemicals Client 108,Chemicals & Plastics,30,114806.4,2025-06-21,2025-07-21,closed,2025-07-30,39,9,False,False,average_payer
INV16002671,B016,B016-C1108,Chemicals Client 108,Chemicals & Plastics,30,552407.78,2026-03-04,2026-04-03,closed,2026-04-05,32,2,False,True,average_payer
INV16002672,B016,B016-C1108,Chemicals Client 108,Chemicals & Plastics,30,92320.26,2026-07-30,2026-08-29,open,,,,False,False,average_payer
INV16002673,B016,B016-C1109,Auto Client 109,Auto Components,15,14972.83,2024-05-12,2024-05-27,closed,2024-06-04,23,8,False,False,average_payer
INV16002674,B016,B016-C1109,Auto Client 109,Auto Components,15,27634.6,2024-05-26,2024-06-10,closed,2024-06-18,23,8,False,False,average_payer
INV16002675,B016,B016-C1109,Auto Client 109,Auto Components,15,13165.32,2024-05-26,2024-06-10,closed,2024-06-09,14,-1,False,False,average_payer
INV16002676,B016,B016-C1109,Auto Client 109,Auto Components,15,18225.89,2024-06-03,2024-06-18,closed,2024-06-29,26,11,False,False,average_payer
INV16002677,B016,B016-C1109,Auto Client 109,Auto Components,15,148959.78,2024-06-24,2024-07-09,closed,2024-07-12,18,3,False,True,average_payer
INV16002678,B016,B016-C1109,Auto Client 109,Auto Components,15,24128.88,2024-06-26,2024-07-11,closed,2024-07-20,24,9,False,False,average_payer
INV16002679,B016,B016-C1109,Auto Client 109,Auto Components,15,19685.01,2024-06-26,2024-07-11,closed,2024-07-14,18,3,False,False,average_payer
INV16002680,B016,B016-C1109,Auto Client 109,Auto Components,15,28835.6,2024-06-26,2024-07-11,closed,2024-07-15,19,4,False,False,average_payer
INV16002681,B016,B016-C1109,Auto Client 109,Auto Components,15,23447.71,2024-07-05,2024-07-20,closed,2024-07-26,21,6,False,False,average_payer
INV16002682,B016,B016-C1109,Auto Client 109,Auto Components,15,28925.16,2024-07-13,2024-07-28,closed,2024-07-23,10,-5,False,False,average_payer
INV16002683,B016,B016-C1109,Auto Client 109,Auto Components,15,20284.78,2024-08-12,2024-08-27,closed,2024-08-28,16,1,False,False,average_payer
INV16002684,B016,B016-C1109,Auto Client 109,Auto Components,15,29112.24,2024-08-12,2024-08-27,closed,2024-09-10,29,14,False,False,average_payer
INV16002685,B016,B016-C1109,Auto Client 109,Auto Components,15,19572.15,2024-09-19,2024-10-04,closed,2024-10-11,22,7,False,False,average_payer
INV16002686,B016,B016-C1109,Auto Client 109,Auto Components,15,14930.95,2024-11-09,2024-11-24,closed,2024-11-27,18,3,False,False,average_payer
INV16002687,B016,B016-C1109,Auto Client 109,Auto Components,15,22269.98,2024-11-15,2024-11-30,closed,2024-12-09,24,9,False,False,average_payer
INV16002688,B016,B016-C1109,Auto Client 109,Auto Components,15,35319.76,2024-12-04,2024-12-19,closed,2024-12-20,16,1,False,False,average_payer
INV16002689,B016,B016-C1109,Auto Client 109,Auto Components,15,15771.78,2024-12-08,2024-12-23,closed,2024-12-31,23,8,False,False,average_payer
INV16002690,B016,B016-C1109,Auto Client 109,Auto Components,15,17823.6,2024-12-20,2025-01-04,closed,2025-01-03,14,-1,False,False,average_payer
INV16002691,B016,B016-C1109,Auto Client 109,Auto Components,15,34436.94,2025-01-03,2025-01-18,closed,2025-01-26,23,8,False,False,average_payer
INV16002692,B016,B016-C1109,Auto Client 109,Auto Components,15,12612.32,2025-01-05,2025-01-20,closed,2025-01-21,16,1,False,False,average_payer
INV16002693,B016,B016-C1109,Auto Client 109,Auto Components,15,20836.87,2025-01-06,2025-01-21,closed,2025-02-02,27,12,False,False,average_payer
INV16002694,B016,B016-C1109,Auto Client 109,Auto Components,15,16997.47,2025-01-24,2025-02-08,closed,2025-03-03,38,23,False,False,average_payer
INV16002695,B016,B016-C1109,Auto Client 109,Auto Components,15,25834.54,2025-02-01,2025-02-16,closed,2025-02-21,20,5,False,False,average_payer
INV16002696,B016,B016-C1109,Auto Client 109,Auto Components,15,31610.68,2025-03-18,2025-04-02,closed,2025-04-12,25,10,False,False,average_payer
INV16002697,B016,B016-C1109,Auto Client 109,Auto Components,15,13865.18,2025-05-17,2025-06-01,closed,2025-06-09,23,8,False,False,average_payer
INV16002698,B016,B016-C1109,Auto Client 109,Auto Components,15,28787.64,2025-05-24,2025-06-08,closed,2025-06-20,27,12,False,False,average_payer
INV16002699,B016,B016-C1109,Auto Client 109,Auto Components,15,23562.72,2025-05-28,2025-06-12,closed,2025-06-23,26,11,False,False,average_payer
INV16002700,B016,B016-C1109,Auto Client 109,Auto Components,15,24523.49,2025-05-29,2025-06-13,closed,2025-06-19,21,6,False,False,average_payer
INV16002701,B016,B016-C1109,Auto Client 109,Auto Components,15,23055.95,2025-06-06,2025-06-21,closed,2025-06-26,20,5,False,False,average_payer
INV16002702,B016,B016-C1109,Auto Client 109,Auto Components,15,21336.5,2025-06-08,2025-06-23,closed,2025-06-27,19,4,False,False,average_payer
INV16002703,B016,B016-C1109,Auto Client 109,Auto Components,15,27716.13,2025-07-19,2025-08-03,closed,2025-08-05,17,2,False,False,average_payer
INV16002704,B016,B016-C1109,Auto Client 109,Auto Components,15,18220.25,2025-08-09,2025-08-24,closed,2025-09-01,23,8,False,False,average_payer
INV16002705,B016,B016-C1109,Auto Client 109,Auto Components,15,23381.33,2025-08-16,2025-08-31,closed,2025-09-03,18,3,False,False,average_payer
INV16002706,B016,B016-C1109,Auto Client 109,Auto Components,15,25964.56,2025-09-13,2025-09-28,closed,2025-10-10,27,12,False,False,average_payer
INV16002707,B016,B016-C1109,Auto Client 109,Auto Components,15,35337.24,2025-09-22,2025-10-07,closed,2025-10-13,21,6,False,False,average_payer
INV16002708,B016,B016-C1109,Auto Client 109,Auto Components,15,24444.71,2025-09-27,2025-10-12,closed,2025-10-20,23,8,False,False,average_payer
INV16002709,B016,B016-C1109,Auto Client 109,Auto Components,15,20659.92,2025-09-30,2025-10-15,closed,2025-10-17,17,2,False,False,average_payer
INV16002710,B016,B016-C1109,Auto Client 109,Auto Components,15,28637.28,2025-10-16,2025-10-31,open,,,,False,False,average_payer
INV16002711,B016,B016-C1109,Auto Client 109,Auto Components,15,14043.94,2025-11-30,2025-12-15,closed,2025-12-20,20,5,False,False,average_payer
INV16002712,B016,B016-C1109,Auto Client 109,Auto Components,15,14661.56,2025-12-23,2026-01-07,closed,2026-01-15,23,8,False,False,average_payer
INV16002713,B016,B016-C1109,Auto Client 109,Auto Components,15,12064.52,2025-12-28,2026-01-12,closed,2026-01-19,22,7,False,False,average_payer
INV16002714,B016,B016-C1109,Auto Client 109,Auto Components,15,23224.51,2026-01-27,2026-02-11,closed,2026-02-15,19,4,False,False,average_payer
INV16002715,B016,B016-C1109,Auto Client 109,Auto Components,15,16758.39,2026-02-10,2026-02-25,closed,2026-02-19,9,-6,False,False,average_payer
INV16002716,B016,B016-C1109,Auto Client 109,Auto Components,15,15974.17,2026-04-07,2026-04-22,closed,2026-04-27,20,5,False,False,average_payer
INV16002717,B016,B016-C1109,Auto Client 109,Auto Components,15,19469.08,2026-05-02,2026-05-17,closed,2026-05-17,15,0,False,False,average_payer
INV16002718,B016,B016-C1109,Auto Client 109,Auto Components,15,29334.97,2026-05-30,2026-06-14,closed,2026-06-25,26,11,False,False,average_payer
INV16002719,B016,B016-C1109,Auto Client 109,Auto Components,15,18494.06,2026-06-16,2026-07-01,closed,2026-07-07,21,6,False,False,average_payer
INV16002720,B016,B016-C1109,Auto Client 109,Auto Components,15,29804.51,2026-06-20,2026-07-05,closed,2026-06-26,6,-9,False,False,average_payer
INV16002721,B016,B016-C1109,Auto Client 109,Auto Components,15,16869.91,2026-07-04,2026-07-19,closed,2026-08-04,31,16,False,False,average_payer
INV16002722,B016,B016-C1109,Auto Client 109,Auto Components,15,106755.62,2026-07-09,2026-07-24,closed,2026-07-22,13,-2,False,True,average_payer
INV16002723,B016,B016-C1109,Auto Client 109,Auto Components,15,18874.9,2026-08-13,2026-08-28,closed,2026-08-23,10,-5,False,False,average_payer
INV16002724,B016,B016-C1109,Auto Client 109,Auto Components,15,37584.06,2026-08-24,2026-09-08,closed,2026-08-31,7,-8,False,False,average_payer
INV16002725,B016,B016-C1109,Auto Client 109,Auto Components,15,20985.76,2026-08-24,2026-09-08,open,,,,False,False,average_payer
INV16002726,B016,B016-C1109,Auto Client 109,Auto Components,15,58236.22,2026-08-30,2026-09-14,disputed_open,,,,False,True,average_payer
INV16002727,B016,B016-C1110,Chemicals Client 110,Chemicals & Plastics,30,41107.32,2024-04-16,2024-05-16,closed,2024-05-18,32,2,False,False,prompt_payer
INV16002728,B016,B016-C1110,Chemicals Client 110,Chemicals & Plastics,30,111331.03,2024-04-28,2024-05-28,closed,2024-05-30,32,2,False,False,prompt_payer
INV16002729,B016,B016-C1110,Chemicals Client 110,Chemicals & Plastics,30,37342.9,2024-05-10,2024-06-09,closed,2024-06-04,25,-5,False,False,prompt_payer
INV16002730,B016,B016-C1110,Chemicals Client 110,Chemicals & Plastics,30,71370.7,2024-05-12,2024-06-11,closed,2024-06-05,24,-6,False,False,prompt_payer
INV16002731,B016,B016-C1110,Chemicals Client 110,Chemicals & Plastics,30,35801.2,2024-05-14,2024-06-13,closed,2024-06-14,31,1,False,False,prompt_payer
INV16002732,B016,B016-C1110,Chemicals Client 110,Chemicals & Plastics,30,52106.31,2024-05-15,2024-06-14,closed,2024-06-12,28,-2,False,False,prompt_payer
INV16002733,B016,B016-C1110,Chemicals Client 110,Chemicals & Plastics,30,63920.58,2024-05-31,2024-06-30,closed,2024-06-24,24,-6,False,False,prompt_payer
INV16002734,B016,B016-C1110,Chemicals Client 110,Chemicals & Plastics,30,56699.54,2024-08-03,2024-09-02,closed,2024-08-30,27,-3,False,False,prompt_payer
INV16002735,B016,B016-C1110,Chemicals Client 110,Chemicals & Plastics,30,48223.15,2024-11-05,2024-12-05,closed,2024-12-04,29,-1,False,False,prompt_payer
INV16002736,B016,B016-C1110,Chemicals Client 110,Chemicals & Plastics,30,78097.77,2024-12-11,2025-01-10,closed,2025-01-01,21,-9,False,False,prompt_payer
INV16002737,B016,B016-C1110,Chemicals Client 110,Chemicals & Plastics,30,35378.34,2024-12-23,2025-01-22,closed,2025-01-22,30,0,False,False,prompt_payer
INV16002738,B016,B016-C1110,Chemicals Client 110,Chemicals & Plastics,30,46365.86,2025-01-20,2025-02-19,closed,2025-02-17,28,-2,True,False,prompt_payer
INV16002739,B016,B016-C1110,Chemicals Client 110,Chemicals & Plastics,30,55747.88,2025-06-05,2025-07-05,closed,2025-07-02,27,-3,False,False,prompt_payer
INV16002740,B016,B016-C1110,Chemicals Client 110,Chemicals & Plastics,30,67611.03,2025-08-21,2025-09-20,closed,2025-09-22,32,2,False,False,prompt_payer
INV16002741,B016,B016-C1110,Chemicals Client 110,Chemicals & Plastics,30,60298.55,2025-09-19,2025-10-19,closed,2025-10-19,30,0,False,False,prompt_payer
INV16002742,B016,B016-C1110,Chemicals Client 110,Chemicals & Plastics,30,63641.89,2025-11-06,2025-12-06,closed,2025-12-04,28,-2,False,False,prompt_payer
INV16002743,B016,B016-C1110,Chemicals Client 110,Chemicals & Plastics,30,41799.96,2025-11-09,2025-12-09,closed,2025-12-04,25,-5,False,False,prompt_payer
INV16002744,B016,B016-C1110,Chemicals Client 110,Chemicals & Plastics,30,31848.18,2026-03-16,2026-04-15,closed,2026-04-11,26,-4,False,False,prompt_payer
INV16002745,B016,B016-C1110,Chemicals Client 110,Chemicals & Plastics,30,48087.79,2026-03-27,2026-04-26,closed,2026-04-19,23,-7,False,False,prompt_payer
INV16002746,B016,B016-C1110,Chemicals Client 110,Chemicals & Plastics,30,49700.26,2026-06-18,2026-07-18,closed,2026-07-16,28,-2,False,False,prompt_payer
INV16002747,B016,B016-C1110,Chemicals Client 110,Chemicals & Plastics,30,46405.79,2026-07-16,2026-08-15,closed,2026-08-13,28,-2,False,False,prompt_payer
INV16002748,B016,B016-C1110,Chemicals Client 110,Chemicals & Plastics,30,78526.31,2026-07-19,2026-08-18,closed,2026-08-20,32,2,False,False,prompt_payer
INV16002749,B016,B016-C1110,Chemicals Client 110,Chemicals & Plastics,30,70159.05,2026-08-12,2026-09-11,open,,,,False,False,prompt_payer
INV16002750,B016,B016-C1111,Pharma Client 111,Pharma & Healthcare,45,330407.98,2024-04-02,2024-05-17,closed,2024-05-16,44,-1,False,False,average_payer
INV16002751,B016,B016-C1111,Pharma Client 111,Pharma & Healthcare,45,570445.19,2024-04-08,2024-05-23,closed,2024-05-23,45,0,False,False,average_payer
INV16002752,B016,B016-C1111,Pharma Client 111,Pharma & Healthcare,45,332837.77,2024-04-25,2024-06-09,closed,2024-06-10,46,1,False,False,average_payer
INV16002753,B016,B016-C1111,Pharma Client 111,Pharma & Healthcare,45,466794.9,2024-05-02,2024-06-16,closed,2024-06-25,54,9,False,False,average_payer
INV16002754,B016,B016-C1111,Pharma Client 111,Pharma & Healthcare,45,437678.83,2024-05-29,2024-07-13,closed,2024-07-20,52,7,False,False,average_payer
INV16002755,B016,B016-C1111,Pharma Client 111,Pharma & Healthcare,45,278029.3,2024-06-22,2024-08-06,closed,2024-08-10,49,4,False,False,average_payer
INV16002756,B016,B016-C1111,Pharma Client 111,Pharma & Healthcare,45,1900461.88,2024-08-11,2024-09-25,closed,2024-09-28,48,3,False,True,average_payer
INV16002757,B016,B016-C1111,Pharma Client 111,Pharma & Healthcare,45,268316.19,2024-08-27,2024-10-11,closed,2024-10-18,52,7,False,False,average_payer
INV16002758,B016,B016-C1111,Pharma Client 111,Pharma & Healthcare,45,585359.09,2024-09-18,2024-11-02,closed,2024-11-18,61,16,False,False,average_payer
INV16002759,B016,B016-C1111,Pharma Client 111,Pharma & Healthcare,45,4122380.12,2024-09-18,2024-11-02,closed,2024-11-03,46,1,False,True,average_payer
INV16002760,B016,B016-C1111,Pharma Client 111,Pharma & Healthcare,45,378765.8,2024-09-27,2024-11-11,closed,2024-11-24,58,13,False,False,average_payer
INV16002761,B016,B016-C1111,Pharma Client 111,Pharma & Healthcare,45,233775.14,2024-10-19,2024-12-03,closed,2024-12-07,49,4,False,False,average_payer
INV16002762,B016,B016-C1111,Pharma Client 111,Pharma & Healthcare,45,313898.23,2024-11-05,2024-12-20,closed,2025-01-04,60,15,False,False,average_payer
INV16002763,B016,B016-C1111,Pharma Client 111,Pharma & Healthcare,45,515401.69,2024-12-31,2025-02-14,closed,2025-02-21,52,7,False,False,average_payer
INV16002764,B016,B016-C1111,Pharma Client 111,Pharma & Healthcare,45,447853.26,2025-01-02,2025-02-16,closed,2025-02-21,50,5,False,False,average_payer
INV16002765,B016,B016-C1111,Pharma Client 111,Pharma & Healthcare,45,409254.98,2025-01-06,2025-02-20,closed,2025-03-01,54,9,False,False,average_payer
INV16002766,B016,B016-C1111,Pharma Client 111,Pharma & Healthcare,45,478429.55,2025-03-25,2025-05-09,closed,2025-05-13,49,4,False,False,average_payer
INV16002767,B016,B016-C1111,Pharma Client 111,Pharma & Healthcare,45,344796.35,2025-04-08,2025-05-23,closed,2025-05-30,52,7,True,False,average_payer
INV16002768,B016,B016-C1111,Pharma Client 111,Pharma & Healthcare,45,177462.76,2025-04-29,2025-06-13,closed,2025-06-29,61,16,False,False,average_payer
INV16002769,B016,B016-C1111,Pharma Client 111,Pharma & Healthcare,45,368268.85,2025-05-10,2025-06-24,closed,2025-07-12,63,18,False,False,average_payer
INV16002770,B016,B016-C1111,Pharma Client 111,Pharma & Healthcare,45,394053.04,2025-05-19,2025-07-03,closed,2025-06-29,41,-4,False,False,average_payer
INV16002771,B016,B016-C1111,Pharma Client 111,Pharma & Healthcare,45,387555.28,2025-05-27,2025-07-11,closed,2025-07-10,44,-1,False,False,average_payer
INV16002772,B016,B016-C1111,Pharma Client 111,Pharma & Healthcare,45,431554.69,2025-06-03,2025-07-18,closed,2025-07-23,50,5,False,False,average_payer
INV16002773,B016,B016-C1111,Pharma Client 111,Pharma & Healthcare,45,392043.65,2025-06-28,2025-08-12,closed,2025-08-08,41,-4,False,False,average_payer
INV16002774,B016,B016-C1111,Pharma Client 111,Pharma & Healthcare,45,677899.31,2025-07-27,2025-09-10,closed,2025-09-12,47,2,False,False,average_payer
INV16002775,B016,B016-C1111,Pharma Client 111,Pharma & Healthcare,45,542946.55,2025-08-28,2025-10-12,closed,2025-10-23,56,11,False,False,average_payer
INV16002776,B016,B016-C1111,Pharma Client 111,Pharma & Healthcare,45,306537.24,2025-08-30,2025-10-14,closed,2025-10-06,37,-8,False,False,average_payer
INV16002777,B016,B016-C1111,Pharma Client 111,Pharma & Healthcare,45,740921.25,2025-09-30,2025-11-14,closed,2025-11-21,52,7,False,False,average_payer
INV16002778,B016,B016-C1111,Pharma Client 111,Pharma & Healthcare,45,323539.06,2026-01-20,2026-03-06,closed,2026-03-15,54,9,True,False,average_payer
INV16002779,B016,B016-C1111,Pharma Client 111,Pharma & Healthcare,45,293395.08,2026-01-30,2026-03-16,closed,2026-03-21,50,5,False,False,average_payer
INV16002780,B016,B016-C1111,Pharma Client 111,Pharma & Healthcare,45,302081.98,2026-02-04,2026-03-21,closed,2026-03-13,37,-8,False,False,average_payer
INV16002781,B016,B016-C1111,Pharma Client 111,Pharma & Healthcare,45,519429.78,2026-02-07,2026-03-24,closed,2026-03-19,40,-5,False,False,average_payer
INV16002782,B016,B016-C1111,Pharma Client 111,Pharma & Healthcare,45,329133.28,2026-03-01,2026-04-15,closed,2026-04-23,53,8,False,False,average_payer
INV16002783,B016,B016-C1111,Pharma Client 111,Pharma & Healthcare,45,512147.15,2026-03-29,2026-05-13,closed,2026-05-15,47,2,False,False,average_payer
INV16002784,B016,B016-C1111,Pharma Client 111,Pharma & Healthcare,45,427291.92,2026-04-09,2026-05-24,closed,2026-05-24,45,0,False,False,average_payer
INV16002785,B016,B016-C1111,Pharma Client 111,Pharma & Healthcare,45,451453.39,2026-04-16,2026-05-31,closed,2026-06-07,52,7,False,False,average_payer
INV16002786,B016,B016-C1111,Pharma Client 111,Pharma & Healthcare,45,523386.61,2026-06-23,2026-08-07,closed,2026-08-26,64,19,False,False,average_payer
INV16002787,B016,B016-C1111,Pharma Client 111,Pharma & Healthcare,45,357205.95,2026-06-28,2026-08-12,closed,2026-08-15,48,3,False,False,average_payer
INV16002788,B016,B016-C1111,Pharma Client 111,Pharma & Healthcare,45,505273.39,2026-07-12,2026-08-26,closed,2026-09-02,52,7,False,False,average_payer
INV16002789,B016,B016-C1111,Pharma Client 111,Pharma & Healthcare,45,274395.89,2026-07-13,2026-08-27,closed,2026-09-01,50,5,False,False,average_payer
INV16002790,B016,B016-C1111,Pharma Client 111,Pharma & Healthcare,45,301798.22,2026-07-23,2026-09-06,closed,2026-09-01,40,-5,False,False,average_payer
INV16002791,B016,B016-C1111,Pharma Client 111,Pharma & Healthcare,45,381901.46,2026-08-22,2026-10-06,open,,,,False,False,average_payer
INV16002792,B016,B016-C1112,Chemicals Client 112,Chemicals & Plastics,45,161428.8,2024-03-17,2024-05-01,open,,,,False,False,prompt_payer
INV16002793,B016,B016-C1112,Chemicals Client 112,Chemicals & Plastics,45,117434.49,2024-03-19,2024-05-03,closed,2024-05-02,44,-1,False,False,prompt_payer
INV16002794,B016,B016-C1112,Chemicals Client 112,Chemicals & Plastics,45,163218.03,2024-05-11,2024-06-25,closed,2024-06-26,46,1,False,False,prompt_payer
INV16002795,B016,B016-C1112,Chemicals Client 112,Chemicals & Plastics,45,202962.0,2024-06-14,2024-07-29,closed,2024-08-01,48,3,False,False,prompt_payer
INV16002796,B016,B016-C1112,Chemicals Client 112,Chemicals & Plastics,45,136842.79,2024-06-18,2024-08-02,closed,2024-08-01,44,-1,False,False,prompt_payer
INV16002797,B016,B016-C1112,Chemicals Client 112,Chemicals & Plastics,45,166298.75,2024-08-23,2024-10-07,closed,2024-10-09,47,2,False,False,prompt_payer
INV16002798,B016,B016-C1112,Chemicals Client 112,Chemicals & Plastics,45,165924.11,2024-08-26,2024-10-10,closed,2024-10-09,44,-1,False,False,prompt_payer
INV16002799,B016,B016-C1112,Chemicals Client 112,Chemicals & Plastics,45,141858.81,2024-09-04,2024-10-19,closed,2024-10-15,41,-4,True,False,prompt_payer
INV16002800,B016,B016-C1112,Chemicals Client 112,Chemicals & Plastics,45,199964.08,2024-09-24,2024-11-08,closed,2024-11-08,45,0,False,False,prompt_payer
INV16002801,B016,B016-C1112,Chemicals Client 112,Chemicals & Plastics,45,78120.17,2024-10-05,2024-11-19,closed,2024-11-24,50,5,False,False,prompt_payer
INV16002802,B016,B016-C1112,Chemicals Client 112,Chemicals & Plastics,45,226726.63,2024-10-05,2024-11-19,closed,2024-11-19,45,0,False,False,prompt_payer
INV16002803,B016,B016-C1112,Chemicals Client 112,Chemicals & Plastics,45,516427.45,2024-10-06,2024-11-20,closed,2024-11-19,44,-1,False,True,prompt_payer
INV16002804,B016,B016-C1112,Chemicals Client 112,Chemicals & Plastics,45,94979.48,2024-10-08,2024-11-22,closed,2024-11-26,49,4,False,False,prompt_payer
INV16002805,B016,B016-C1112,Chemicals Client 112,Chemicals & Plastics,45,112493.07,2024-10-30,2024-12-14,closed,2024-12-17,48,3,False,False,prompt_payer
INV16002806,B016,B016-C1112,Chemicals Client 112,Chemicals & Plastics,45,97001.12,2024-11-13,2024-12-28,disputed_open,,,,False,False,prompt_payer
INV16002807,B016,B016-C1112,Chemicals Client 112,Chemicals & Plastics,45,144174.2,2024-12-01,2025-01-15,closed,2025-01-19,49,4,False,False,prompt_payer
INV16002808,B016,B016-C1112,Chemicals Client 112,Chemicals & Plastics,45,107676.79,2025-01-31,2025-03-17,closed,2025-03-19,47,2,False,False,prompt_payer
INV16002809,B016,B016-C1112,Chemicals Client 112,Chemicals & Plastics,45,166861.06,2025-02-15,2025-04-01,closed,2025-03-31,44,-1,False,False,prompt_payer
INV16002810,B016,B016-C1112,Chemicals Client 112,Chemicals & Plastics,45,229841.68,2025-02-18,2025-04-04,closed,2025-03-30,40,-5,False,False,prompt_payer
INV16002811,B016,B016-C1112,Chemicals Client 112,Chemicals & Plastics,45,114125.46,2025-02-23,2025-04-09,closed,2025-04-13,49,4,False,False,prompt_payer
INV16002812,B016,B016-C1112,Chemicals Client 112,Chemicals & Plastics,45,141573.92,2025-02-23,2025-04-09,closed,2025-04-10,46,1,False,False,prompt_payer
INV16002813,B016,B016-C1112,Chemicals Client 112,Chemicals & Plastics,45,109452.52,2025-03-11,2025-04-25,closed,2025-04-19,39,-6,False,False,prompt_payer
INV16002814,B016,B016-C1112,Chemicals Client 112,Chemicals & Plastics,45,143122.56,2025-04-01,2025-05-16,closed,2025-05-22,51,6,False,False,prompt_payer
INV16002815,B016,B016-C1112,Chemicals Client 112,Chemicals & Plastics,45,162221.6,2025-05-04,2025-06-18,closed,2025-06-14,41,-4,False,False,prompt_payer
INV16002816,B016,B016-C1112,Chemicals Client 112,Chemicals & Plastics,45,202002.25,2025-05-25,2025-07-09,closed,2025-07-13,49,4,False,False,prompt_payer
INV16002817,B016,B016-C1112,Chemicals Client 112,Chemicals & Plastics,45,103814.18,2025-06-18,2025-08-02,closed,2025-07-28,40,-5,False,False,prompt_payer
INV16002818,B016,B016-C1112,Chemicals Client 112,Chemicals & Plastics,45,186038.83,2025-06-20,2025-08-04,closed,2025-08-06,47,2,False,False,prompt_payer
INV16002819,B016,B016-C1112,Chemicals Client 112,Chemicals & Plastics,45,219782.84,2025-07-05,2025-08-19,closed,2025-08-13,39,-6,False,False,prompt_payer
INV16002820,B016,B016-C1112,Chemicals Client 112,Chemicals & Plastics,45,144294.73,2025-08-04,2025-09-18,closed,2025-09-25,52,7,False,False,prompt_payer
INV16002821,B016,B016-C1112,Chemicals Client 112,Chemicals & Plastics,45,146366.94,2025-08-06,2025-09-20,closed,2025-09-20,45,0,False,False,prompt_payer
INV16002822,B016,B016-C1112,Chemicals Client 112,Chemicals & Plastics,45,205348.13,2025-08-06,2025-09-20,closed,2025-09-20,45,0,False,False,prompt_payer
INV16002823,B016,B016-C1112,Chemicals Client 112,Chemicals & Plastics,45,175076.72,2025-08-10,2025-09-24,closed,2025-10-02,53,8,False,False,prompt_payer
INV16002824,B016,B016-C1112,Chemicals Client 112,Chemicals & Plastics,45,303235.32,2025-08-17,2025-10-01,closed,2025-10-02,46,1,False,False,prompt_payer
INV16002825,B016,B016-C1112,Chemicals Client 112,Chemicals & Plastics,45,172196.04,2025-09-11,2025-10-26,closed,2025-10-30,49,4,False,False,prompt_payer
INV16002826,B016,B016-C1112,Chemicals Client 112,Chemicals & Plastics,45,190416.55,2025-09-22,2025-11-06,closed,2025-11-05,44,-1,False,False,prompt_payer
INV16002827,B016,B016-C1112,Chemicals Client 112,Chemicals & Plastics,45,183506.9,2025-10-03,2025-11-17,closed,2025-11-18,46,1,False,False,prompt_payer
INV16002828,B016,B016-C1112,Chemicals Client 112,Chemicals & Plastics,45,544345.73,2025-10-23,2025-12-07,closed,2025-12-01,39,-6,False,True,prompt_payer
INV16002829,B016,B016-C1112,Chemicals Client 112,Chemicals & Plastics,45,127779.15,2025-11-11,2025-12-26,closed,2025-12-20,39,-6,False,False,prompt_payer
INV16002830,B016,B016-C1112,Chemicals Client 112,Chemicals & Plastics,45,188210.73,2025-11-25,2026-01-09,closed,2026-01-11,47,2,False,False,prompt_payer
INV16002831,B016,B016-C1112,Chemicals Client 112,Chemicals & Plastics,45,112828.6,2025-12-15,2026-01-29,closed,2026-02-02,49,4,False,False,prompt_payer
INV16002832,B016,B016-C1112,Chemicals Client 112,Chemicals & Plastics,45,144617.47,2026-01-02,2026-02-16,closed,2026-02-21,50,5,False,False,prompt_payer
INV16002833,B016,B016-C1112,Chemicals Client 112,Chemicals & Plastics,45,440804.85,2026-01-19,2026-03-05,closed,2026-02-28,40,-5,False,True,prompt_payer
INV16002834,B016,B016-C1112,Chemicals Client 112,Chemicals & Plastics,45,149117.06,2026-02-16,2026-04-02,closed,2026-04-04,47,2,False,False,prompt_payer
INV16002835,B016,B016-C1112,Chemicals Client 112,Chemicals & Plastics,45,162598.05,2026-02-25,2026-04-11,closed,2026-04-12,46,1,False,False,prompt_payer
INV16002836,B016,B016-C1112,Chemicals Client 112,Chemicals & Plastics,45,147881.7,2026-04-13,2026-05-28,closed,2026-05-30,47,2,False,False,prompt_payer
INV16002837,B016,B016-C1112,Chemicals Client 112,Chemicals & Plastics,45,203654.03,2026-04-23,2026-06-07,closed,2026-06-03,41,-4,False,False,prompt_payer
INV16002838,B016,B016-C1112,Chemicals Client 112,Chemicals & Plastics,45,154206.84,2026-05-03,2026-06-17,closed,2026-06-21,49,4,False,False,prompt_payer
INV16002839,B016,B016-C1112,Chemicals Client 112,Chemicals & Plastics,45,235748.7,2026-05-26,2026-07-10,closed,2026-07-15,50,5,False,False,prompt_payer
INV16002840,B016,B016-C1112,Chemicals Client 112,Chemicals & Plastics,45,149783.7,2026-07-08,2026-08-22,closed,2026-08-18,41,-4,False,False,prompt_payer
INV16002841,B016,B016-C1112,Chemicals Client 112,Chemicals & Plastics,45,141544.42,2026-08-06,2026-09-20,open,,,,False,False,prompt_payer
INV16002842,B016,B016-C1112,Chemicals Client 112,Chemicals & Plastics,45,136374.09,2026-08-30,2026-10-14,open,,,,False,False,prompt_payer
INV16002843,B016,B016-C1113,Auto Client 113,Auto Components,60,75275.5,2024-06-16,2024-08-15,closed,2024-08-15,60,0,False,False,prompt_payer
INV16002844,B016,B016-C1113,Auto Client 113,Auto Components,60,90550.74,2025-02-21,2025-04-22,closed,2025-04-20,58,-2,False,False,prompt_payer
INV16002845,B016,B016-C1113,Auto Client 113,Auto Components,60,103646.55,2025-03-09,2025-05-08,closed,2025-05-10,62,2,False,False,prompt_payer
INV16002846,B016,B016-C1113,Auto Client 113,Auto Components,60,366965.97,2025-08-25,2025-10-24,closed,2025-10-18,54,-6,False,True,prompt_payer
INV16002847,B016,B016-C1113,Auto Client 113,Auto Components,60,101266.06,2026-08-13,2026-10-12,disputed_open,,,,False,False,prompt_payer
INV16002848,B016,B016-C1114,Retail Client 114,Retail & Distribution,30,39010.05,2024-04-06,2024-05-06,closed,2024-06-05,60,30,False,False,improving_payer
INV16002849,B016,B016-C1114,Retail Client 114,Retail & Distribution,30,36655.49,2024-04-09,2024-05-09,closed,2024-06-17,69,39,False,False,improving_payer
INV16002850,B016,B016-C1114,Retail Client 114,Retail & Distribution,30,23676.99,2024-04-18,2024-05-18,closed,2024-06-27,70,40,False,False,improving_payer
INV16002851,B016,B016-C1114,Retail Client 114,Retail & Distribution,30,26646.56,2024-04-23,2024-05-23,closed,2024-07-01,69,39,False,False,improving_payer
INV16002852,B016,B016-C1114,Retail Client 114,Retail & Distribution,30,41974.53,2024-05-02,2024-06-01,closed,2024-07-12,71,41,False,False,improving_payer
INV16002853,B016,B016-C1114,Retail Client 114,Retail & Distribution,30,34189.16,2024-05-14,2024-06-13,closed,2024-07-04,51,21,False,False,improving_payer
INV16002854,B016,B016-C1114,Retail Client 114,Retail & Distribution,30,24349.72,2024-05-16,2024-06-15,closed,2024-07-17,62,32,False,False,improving_payer
INV16002855,B016,B016-C1114,Retail Client 114,Retail & Distribution,30,24159.94,2024-05-26,2024-06-25,closed,2024-07-20,55,25,False,False,improving_payer
INV16002856,B016,B016-C1114,Retail Client 114,Retail & Distribution,30,23428.27,2024-06-03,2024-07-03,closed,2024-07-20,47,17,False,False,improving_payer
INV16002857,B016,B016-C1114,Retail Client 114,Retail & Distribution,30,38544.86,2024-07-21,2024-08-20,closed,2024-09-23,64,34,False,False,improving_payer
INV16002858,B016,B016-C1114,Retail Client 114,Retail & Distribution,30,33980.88,2024-08-12,2024-09-11,closed,2024-10-23,72,42,False,False,improving_payer
INV16002859,B016,B016-C1114,Retail Client 114,Retail & Distribution,30,39942.44,2024-08-31,2024-09-30,closed,2024-10-20,50,20,False,False,improving_payer
INV16002860,B016,B016-C1114,Retail Client 114,Retail & Distribution,30,41085.59,2024-11-24,2024-12-24,closed,2025-01-02,39,9,False,False,improving_payer
INV16002861,B016,B016-C1114,Retail Client 114,Retail & Distribution,30,22046.66,2024-12-11,2025-01-10,closed,2025-02-01,52,22,False,False,improving_payer
INV16002862,B016,B016-C1114,Retail Client 114,Retail & Distribution,30,21562.36,2024-12-29,2025-01-28,closed,2025-02-14,47,17,False,False,improving_payer
INV16002863,B016,B016-C1114,Retail Client 114,Retail & Distribution,30,54288.17,2025-02-01,2025-03-03,closed,2025-03-22,49,19,False,True,improving_payer
INV16002864,B016,B016-C1114,Retail Client 114,Retail & Distribution,30,23849.13,2025-04-09,2025-05-09,closed,2025-05-23,44,14,False,False,improving_payer
INV16002865,B016,B016-C1114,Retail Client 114,Retail & Distribution,30,20811.38,2025-04-12,2025-05-12,closed,2025-06-14,63,33,False,False,improving_payer
INV16002866,B016,B016-C1114,Retail Client 114,Retail & Distribution,30,23112.33,2025-04-17,2025-05-17,disputed_open,,,,False,False,improving_payer
INV16002867,B016,B016-C1114,Retail Client 114,Retail & Distribution,30,46942.71,2025-05-23,2025-06-22,closed,2025-07-14,52,22,False,False,improving_payer
INV16002868,B016,B016-C1114,Retail Client 114,Retail & Distribution,30,44560.99,2025-06-02,2025-07-02,closed,2025-07-16,44,14,False,False,improving_payer
INV16002869,B016,B016-C1114,Retail Client 114,Retail & Distribution,30,39279.33,2025-08-30,2025-09-29,closed,2025-10-22,53,23,False,False,improving_payer
INV16002870,B016,B016-C1114,Retail Client 114,Retail & Distribution,30,19336.53,2025-09-27,2025-10-27,closed,2025-11-05,39,9,False,False,improving_payer
INV16002871,B016,B016-C1114,Retail Client 114,Retail & Distribution,30,28739.08,2025-09-28,2025-10-28,closed,2025-11-26,59,29,False,False,improving_payer
INV16002872,B016,B016-C1114,Retail Client 114,Retail & Distribution,30,25802.69,2025-10-11,2025-11-10,closed,2025-11-23,43,13,False,False,improving_payer
INV16002873,B016,B016-C1114,Retail Client 114,Retail & Distribution,30,34318.62,2025-10-21,2025-11-20,closed,2025-12-18,58,28,False,False,improving_payer
INV16002874,B016,B016-C1114,Retail Client 114,Retail & Distribution,30,21142.82,2025-11-11,2025-12-11,closed,2026-01-01,51,21,False,False,improving_payer
INV16002875,B016,B016-C1114,Retail Client 114,Retail & Distribution,30,17145.02,2025-11-29,2025-12-29,closed,2026-01-06,38,8,False,False,improving_payer
INV16002876,B016,B016-C1114,Retail Client 114,Retail & Distribution,30,26688.07,2025-12-03,2026-01-02,closed,2025-12-28,25,-5,False,False,improving_payer
INV16002877,B016,B016-C1114,Retail Client 114,Retail & Distribution,30,27052.35,2025-12-28,2026-01-27,closed,2026-02-05,39,9,True,False,improving_payer
INV16002878,B016,B016-C1114,Retail Client 114,Retail & Distribution,30,24394.23,2026-03-10,2026-04-09,closed,2026-04-21,42,12,False,False,improving_payer
INV16002879,B016,B016-C1114,Retail Client 114,Retail & Distribution,30,33237.0,2026-03-24,2026-04-23,closed,2026-05-06,43,13,False,False,improving_payer
INV16002880,B016,B016-C1114,Retail Client 114,Retail & Distribution,30,28007.37,2026-04-03,2026-05-03,closed,2026-05-25,52,22,False,False,improving_payer
INV16002881,B016,B016-C1114,Retail Client 114,Retail & Distribution,30,17091.52,2026-05-12,2026-06-11,closed,2026-06-14,33,3,False,False,improving_payer
INV16002882,B016,B016-C1114,Retail Client 114,Retail & Distribution,30,14120.01,2026-05-14,2026-06-13,closed,2026-06-08,25,-5,False,False,improving_payer
INV16002883,B016,B016-C1114,Retail Client 114,Retail & Distribution,30,39541.52,2026-06-19,2026-07-19,closed,2026-07-27,38,8,False,False,improving_payer
INV16002884,B016,B016-C1114,Retail Client 114,Retail & Distribution,30,30649.37,2026-06-23,2026-07-23,closed,2026-07-20,27,-3,False,False,improving_payer
INV16002885,B016,B016-C1114,Retail Client 114,Retail & Distribution,30,38322.88,2026-06-24,2026-07-24,closed,2026-07-28,34,4,False,False,improving_payer
INV16002886,B016,B016-C1114,Retail Client 114,Retail & Distribution,30,29945.59,2026-06-27,2026-07-27,closed,2026-07-25,28,-2,False,False,improving_payer
INV16002887,B016,B016-C1114,Retail Client 114,Retail & Distribution,30,33041.56,2026-07-14,2026-08-13,closed,2026-08-20,37,7,False,False,improving_payer
INV16002888,B016,B016-C1114,Retail Client 114,Retail & Distribution,30,16891.78,2026-07-14,2026-08-13,closed,2026-08-20,37,7,False,False,improving_payer
INV16002889,B016,B016-C1114,Retail Client 114,Retail & Distribution,30,31311.47,2026-07-22,2026-08-21,closed,2026-09-02,42,12,False,False,improving_payer
INV16002890,B016,B016-C1114,Retail Client 114,Retail & Distribution,30,40972.8,2026-08-07,2026-09-06,open,,,,False,False,improving_payer
INV16002891,B016,B016-C1114,Retail Client 114,Retail & Distribution,30,43973.19,2026-08-08,2026-09-07,disputed_open,,,,False,False,improving_payer
INV16002892,B016,B016-C1114,Retail Client 114,Retail & Distribution,30,28091.23,2026-08-12,2026-09-11,open,,,,False,False,improving_payer
INV16002893,B016,B016-C1115,Metal Client 115,Metal & Engineering,45,175855.59,2024-04-11,2024-05-26,closed,2024-05-25,44,-1,False,False,prompt_payer
INV16002894,B016,B016-C1115,Metal Client 115,Metal & Engineering,45,338773.06,2024-07-12,2024-08-26,closed,2024-08-27,46,1,False,False,prompt_payer
INV16002895,B016,B016-C1115,Metal Client 115,Metal & Engineering,45,129797.37,2024-08-03,2024-09-17,closed,2024-09-13,41,-4,False,False,prompt_payer
INV16002896,B016,B016-C1115,Metal Client 115,Metal & Engineering,45,747100.24,2024-09-09,2024-10-24,closed,2024-10-24,45,0,False,True,prompt_payer
INV16002897,B016,B016-C1115,Metal Client 115,Metal & Engineering,45,293013.48,2024-10-08,2024-11-22,closed,2024-11-23,46,1,False,False,prompt_payer
INV16002898,B016,B016-C1115,Metal Client 115,Metal & Engineering,45,183940.07,2024-10-19,2024-12-03,closed,2024-12-01,43,-2,False,False,prompt_payer
INV16002899,B016,B016-C1115,Metal Client 115,Metal & Engineering,45,199638.97,2024-11-23,2025-01-07,closed,2025-01-08,46,1,False,False,prompt_payer
INV16002900,B016,B016-C1115,Metal Client 115,Metal & Engineering,45,141735.27,2024-12-15,2025-01-29,closed,2025-01-28,44,-1,False,False,prompt_payer
INV16002901,B016,B016-C1115,Metal Client 115,Metal & Engineering,45,151345.25,2024-12-28,2025-02-11,closed,2025-02-07,41,-4,False,False,prompt_payer
INV16002902,B016,B016-C1115,Metal Client 115,Metal & Engineering,45,769428.73,2025-01-31,2025-03-17,closed,2025-03-13,41,-4,False,True,prompt_payer
INV16002903,B016,B016-C1115,Metal Client 115,Metal & Engineering,45,168370.93,2025-03-08,2025-04-22,closed,2025-04-23,46,1,False,False,prompt_payer
INV16002904,B016,B016-C1115,Metal Client 115,Metal & Engineering,45,134154.6,2025-03-22,2025-05-06,closed,2025-05-03,42,-3,False,False,prompt_payer
INV16002905,B016,B016-C1115,Metal Client 115,Metal & Engineering,45,211738.04,2025-04-01,2025-05-16,closed,2025-05-16,45,0,False,False,prompt_payer
INV16002906,B016,B016-C1115,Metal Client 115,Metal & Engineering,45,203532.87,2025-04-16,2025-05-31,closed,2025-06-01,46,1,False,False,prompt_payer
INV16002907,B016,B016-C1115,Metal Client 115,Metal & Engineering,45,160194.98,2025-05-28,2025-07-12,closed,2025-07-13,46,1,False,False,prompt_payer
INV16002908,B016,B016-C1115,Metal Client 115,Metal & Engineering,45,199500.3,2025-07-05,2025-08-19,closed,2025-08-21,47,2,False,False,prompt_payer
INV16002909,B016,B016-C1115,Metal Client 115,Metal & Engineering,45,565883.67,2025-09-28,2025-11-12,closed,2025-11-07,40,-5,False,True,prompt_payer
INV16002910,B016,B016-C1115,Metal Client 115,Metal & Engineering,45,102948.05,2025-10-05,2025-11-19,closed,2025-11-17,43,-2,False,False,prompt_payer
INV16002911,B016,B016-C1115,Metal Client 115,Metal & Engineering,45,199912.19,2025-10-12,2025-11-26,closed,2025-11-24,43,-2,False,False,prompt_payer
INV16002912,B016,B016-C1115,Metal Client 115,Metal & Engineering,45,246391.89,2025-11-14,2025-12-29,closed,2025-12-28,44,-1,False,False,prompt_payer
INV16002913,B016,B016-C1115,Metal Client 115,Metal & Engineering,45,90935.91,2025-12-02,2026-01-16,closed,2026-01-19,48,3,False,False,prompt_payer
INV16002914,B016,B016-C1115,Metal Client 115,Metal & Engineering,45,146314.66,2026-02-17,2026-04-03,closed,2026-04-09,51,6,False,False,prompt_payer
INV16002915,B016,B016-C1115,Metal Client 115,Metal & Engineering,45,233924.83,2026-02-23,2026-04-09,closed,2026-03-31,36,-9,False,False,prompt_payer
INV16002916,B016,B016-C1115,Metal Client 115,Metal & Engineering,45,134472.72,2026-03-09,2026-04-23,closed,2026-04-16,38,-7,False,False,prompt_payer
INV16002917,B016,B016-C1115,Metal Client 115,Metal & Engineering,45,176606.75,2026-03-10,2026-04-24,closed,2026-04-25,46,1,False,False,prompt_payer
INV16002918,B016,B016-C1115,Metal Client 115,Metal & Engineering,45,185672.69,2026-03-11,2026-04-25,closed,2026-04-26,46,1,False,False,prompt_payer
INV16002919,B016,B016-C1115,Metal Client 115,Metal & Engineering,45,303960.96,2026-03-24,2026-05-08,closed,2026-05-17,54,9,False,False,prompt_payer
INV16002920,B016,B016-C1115,Metal Client 115,Metal & Engineering,45,123418.06,2026-04-27,2026-06-11,closed,2026-06-08,42,-3,False,False,prompt_payer
INV16002921,B016,B016-C1115,Metal Client 115,Metal & Engineering,45,216643.36,2026-05-30,2026-07-14,closed,2026-07-07,38,-7,False,False,prompt_payer
INV16002922,B016,B016-C1115,Metal Client 115,Metal & Engineering,45,272103.13,2026-07-21,2026-09-04,disputed_open,,,,False,False,prompt_payer
INV16002923,B016,B016-C1115,Metal Client 115,Metal & Engineering,45,126262.56,2026-07-29,2026-09-12,disputed_open,,,,False,False,prompt_payer
INV16002924,B016,B016-C1115,Metal Client 115,Metal & Engineering,45,124969.77,2026-08-20,2026-10-04,open,,,,False,False,prompt_payer
INV16002925,B016,B016-C1116,Chemicals Client 116,Chemicals & Plastics,45,91521.95,2024-03-24,2024-05-08,closed,2024-05-13,50,5,False,False,prompt_payer
INV16002926,B016,B016-C1116,Chemicals Client 116,Chemicals & Plastics,45,87822.21,2024-05-19,2024-07-03,closed,2024-06-25,37,-8,False,False,prompt_payer
INV16002927,B016,B016-C1116,Chemicals Client 116,Chemicals & Plastics,45,73243.85,2024-06-12,2024-07-27,closed,2024-07-21,39,-6,False,False,prompt_payer
INV16002928,B016,B016-C1116,Chemicals Client 116,Chemicals & Plastics,45,72965.65,2024-06-27,2024-08-11,closed,2024-08-10,44,-1,False,False,prompt_payer
INV16002929,B016,B016-C1116,Chemicals Client 116,Chemicals & Plastics,45,66959.18,2024-07-10,2024-08-24,closed,2024-08-25,46,1,False,False,prompt_payer
INV16002930,B016,B016-C1116,Chemicals Client 116,Chemicals & Plastics,45,96951.72,2024-07-26,2024-09-09,closed,2024-09-08,44,-1,False,False,prompt_payer
INV16002931,B016,B016-C1116,Chemicals Client 116,Chemicals & Plastics,45,56080.42,2024-10-02,2024-11-16,closed,2024-11-10,39,-6,False,False,prompt_payer
INV16002932,B016,B016-C1116,Chemicals Client 116,Chemicals & Plastics,45,93863.51,2024-11-03,2024-12-18,closed,2024-12-19,46,1,False,False,prompt_payer
INV16002933,B016,B016-C1116,Chemicals Client 116,Chemicals & Plastics,45,107396.83,2024-11-19,2025-01-03,closed,2025-01-04,46,1,False,False,prompt_payer
INV16002934,B016,B016-C1116,Chemicals Client 116,Chemicals & Plastics,45,77928.31,2024-11-22,2025-01-06,closed,2025-01-03,42,-3,False,False,prompt_payer
INV16002935,B016,B016-C1116,Chemicals Client 116,Chemicals & Plastics,45,60734.8,2025-02-12,2025-03-29,closed,2025-03-25,41,-4,False,False,prompt_payer
INV16002936,B016,B016-C1116,Chemicals Client 116,Chemicals & Plastics,45,61774.64,2025-04-16,2025-05-31,closed,2025-06-01,46,1,False,False,prompt_payer
INV16002937,B016,B016-C1116,Chemicals Client 116,Chemicals & Plastics,45,79729.21,2025-04-21,2025-06-05,closed,2025-06-04,44,-1,False,False,prompt_payer
INV16002938,B016,B016-C1116,Chemicals Client 116,Chemicals & Plastics,45,61835.63,2025-05-08,2025-06-22,closed,2025-06-19,42,-3,False,False,prompt_payer
INV16002939,B016,B016-C1116,Chemicals Client 116,Chemicals & Plastics,45,83905.32,2025-05-13,2025-06-27,closed,2025-07-02,50,5,False,False,prompt_payer
INV16002940,B016,B016-C1116,Chemicals Client 116,Chemicals & Plastics,45,52814.18,2025-05-28,2025-07-12,closed,2025-07-08,41,-4,False,False,prompt_payer
INV16002941,B016,B016-C1116,Chemicals Client 116,Chemicals & Plastics,45,69417.46,2025-07-04,2025-08-18,closed,2025-08-20,47,2,False,False,prompt_payer
INV16002942,B016,B016-C1116,Chemicals Client 116,Chemicals & Plastics,45,88837.47,2025-07-20,2025-09-03,disputed_open,,,,False,False,prompt_payer
INV16002943,B016,B016-C1116,Chemicals Client 116,Chemicals & Plastics,45,99612.35,2025-08-10,2025-09-24,closed,2025-09-26,47,2,False,False,prompt_payer
INV16002944,B016,B016-C1116,Chemicals Client 116,Chemicals & Plastics,45,101043.04,2025-08-27,2025-10-11,closed,2025-10-08,42,-3,False,False,prompt_payer
INV16002945,B016,B016-C1116,Chemicals Client 116,Chemicals & Plastics,45,73638.65,2025-09-10,2025-10-25,closed,2025-10-23,43,-2,False,False,prompt_payer
INV16002946,B016,B016-C1116,Chemicals Client 116,Chemicals & Plastics,45,69687.9,2025-09-21,2025-11-05,closed,2025-11-04,44,-1,False,False,prompt_payer
INV16002947,B016,B016-C1116,Chemicals Client 116,Chemicals & Plastics,45,98459.72,2025-09-24,2025-11-08,closed,2025-11-05,42,-3,False,False,prompt_payer
INV16002948,B016,B016-C1116,Chemicals Client 116,Chemicals & Plastics,45,60189.12,2025-10-08,2025-11-22,closed,2025-11-22,45,0,False,False,prompt_payer
INV16002949,B016,B016-C1116,Chemicals Client 116,Chemicals & Plastics,45,83487.99,2025-10-23,2025-12-07,closed,2025-12-08,46,1,False,False,prompt_payer
INV16002950,B016,B016-C1116,Chemicals Client 116,Chemicals & Plastics,45,57076.03,2025-12-08,2026-01-22,closed,2026-01-22,45,0,False,False,prompt_payer
INV16002951,B016,B016-C1116,Chemicals Client 116,Chemicals & Plastics,45,52129.12,2026-01-20,2026-03-06,closed,2026-03-08,47,2,False,False,prompt_payer
INV16002952,B016,B016-C1116,Chemicals Client 116,Chemicals & Plastics,45,34790.43,2026-03-06,2026-04-20,closed,2026-04-13,38,-7,False,False,prompt_payer
INV16002953,B016,B016-C1116,Chemicals Client 116,Chemicals & Plastics,45,91865.67,2026-06-04,2026-07-19,closed,2026-07-18,44,-1,False,False,prompt_payer
INV16002954,B016,B016-C1116,Chemicals Client 116,Chemicals & Plastics,45,97107.33,2026-06-14,2026-07-29,closed,2026-07-31,47,2,False,False,prompt_payer
INV16002955,B016,B016-C1116,Chemicals Client 116,Chemicals & Plastics,45,94395.52,2026-06-28,2026-08-12,closed,2026-08-11,44,-1,False,False,prompt_payer
INV16002956,B016,B016-C1116,Chemicals Client 116,Chemicals & Plastics,45,217527.44,2026-07-06,2026-08-20,closed,2026-08-17,42,-3,False,True,prompt_payer
INV16002957,B016,B016-C1116,Chemicals Client 116,Chemicals & Plastics,45,43761.01,2026-07-31,2026-09-14,open,,,,False,False,prompt_payer
INV16002958,B016,B016-C1116,Chemicals Client 116,Chemicals & Plastics,45,57027.15,2026-08-16,2026-09-30,disputed_open,,,,False,False,prompt_payer
INV16002959,B016,B016-C1116,Chemicals Client 116,Chemicals & Plastics,45,82193.39,2026-08-23,2026-10-07,open,,,,False,False,prompt_payer
INV16002960,B016,B016-C1117,Retail Client 117,Retail & Distribution,15,97701.93,2024-03-22,2024-04-06,closed,2024-04-13,22,7,False,False,average_payer
INV16002961,B016,B016-C1117,Retail Client 117,Retail & Distribution,15,66858.14,2024-04-06,2024-04-21,closed,2024-04-20,14,-1,False,False,average_payer
INV16002962,B016,B016-C1117,Retail Client 117,Retail & Distribution,15,107626.67,2024-06-24,2024-07-09,closed,2024-07-18,24,9,False,False,average_payer
INV16002963,B016,B016-C1117,Retail Client 117,Retail & Distribution,15,62068.74,2024-07-07,2024-07-22,closed,2024-07-28,21,6,False,False,average_payer
INV16002964,B016,B016-C1117,Retail Client 117,Retail & Distribution,15,240034.67,2024-07-08,2024-07-23,closed,2024-08-04,27,12,False,True,average_payer
INV16002965,B016,B016-C1117,Retail Client 117,Retail & Distribution,15,63136.39,2024-07-08,2024-07-23,closed,2024-07-22,14,-1,False,False,average_payer
INV16002966,B016,B016-C1117,Retail Client 117,Retail & Distribution,15,85430.48,2024-07-16,2024-07-31,closed,2024-08-17,32,17,False,False,average_payer
INV16002967,B016,B016-C1117,Retail Client 117,Retail & Distribution,15,115041.13,2024-07-31,2024-08-15,closed,2024-08-14,14,-1,False,False,average_payer
INV16002968,B016,B016-C1117,Retail Client 117,Retail & Distribution,15,55328.83,2024-08-06,2024-08-21,closed,2024-08-31,25,10,False,False,average_payer
INV16002969,B016,B016-C1117,Retail Client 117,Retail & Distribution,15,78263.64,2024-08-11,2024-08-26,closed,2024-09-01,21,6,False,False,average_payer
INV16002970,B016,B016-C1117,Retail Client 117,Retail & Distribution,15,66413.0,2024-08-21,2024-09-05,closed,2024-09-08,18,3,False,False,average_payer
INV16002971,B016,B016-C1117,Retail Client 117,Retail & Distribution,15,100968.19,2024-08-28,2024-09-12,closed,2024-09-10,13,-2,False,False,average_payer
INV16002972,B016,B016-C1117,Retail Client 117,Retail & Distribution,15,80884.9,2024-09-01,2024-09-16,closed,2024-09-26,25,10,False,False,average_payer
INV16002973,B016,B016-C1117,Retail Client 117,Retail & Distribution,15,66093.65,2024-10-01,2024-10-16,closed,2024-10-16,15,0,False,False,average_payer
INV16002974,B016,B016-C1117,Retail Client 117,Retail & Distribution,15,75501.11,2024-10-09,2024-10-24,closed,2024-10-30,21,6,False,False,average_payer
INV16002975,B016,B016-C1117,Retail Client 117,Retail & Distribution,15,67667.92,2024-11-11,2024-11-26,closed,2024-12-06,25,10,False,False,average_payer
INV16002976,B016,B016-C1117,Retail Client 117,Retail & Distribution,15,56967.12,2024-11-16,2024-12-01,closed,2024-12-06,20,5,False,False,average_payer
INV16002977,B016,B016-C1117,Retail Client 117,Retail & Distribution,15,92476.27,2024-12-15,2024-12-30,closed,2025-01-04,20,5,False,False,average_payer
INV16002978,B016,B016-C1117,Retail Client 117,Retail & Distribution,15,65070.1,2024-12-19,2025-01-03,closed,2025-01-15,27,12,False,False,average_payer
INV16002979,B016,B016-C1117,Retail Client 117,Retail & Distribution,15,68312.24,2025-01-01,2025-01-16,closed,2025-01-19,18,3,False,False,average_payer
INV16002980,B016,B016-C1117,Retail Client 117,Retail & Distribution,15,65914.35,2025-01-08,2025-01-23,closed,2025-01-28,20,5,False,False,average_payer
INV16002981,B016,B016-C1117,Retail Client 117,Retail & Distribution,15,60104.63,2025-01-08,2025-01-23,closed,2025-01-23,15,0,False,False,average_payer
INV16002982,B016,B016-C1117,Retail Client 117,Retail & Distribution,15,100655.75,2025-01-21,2025-02-05,closed,2025-02-17,27,12,False,False,average_payer
INV16002983,B016,B016-C1117,Retail Client 117,Retail & Distribution,15,85455.71,2025-01-27,2025-02-11,closed,2025-02-08,12,-3,False,False,average_payer
INV16002984,B016,B016-C1117,Retail Client 117,Retail & Distribution,15,104206.6,2025-01-30,2025-02-14,closed,2025-02-23,24,9,False,False,average_payer
INV16002985,B016,B016-C1117,Retail Client 117,Retail & Distribution,15,82507.74,2025-03-08,2025-03-23,closed,2025-03-25,17,2,False,False,average_payer
INV16002986,B016,B016-C1117,Retail Client 117,Retail & Distribution,15,118212.49,2025-03-27,2025-04-11,closed,2025-04-14,18,3,False,False,average_payer
INV16002987,B016,B016-C1117,Retail Client 117,Retail & Distribution,15,57026.05,2025-04-22,2025-05-07,closed,2025-05-08,16,1,False,False,average_payer
INV16002988,B016,B016-C1117,Retail Client 117,Retail & Distribution,15,58255.54,2025-04-29,2025-05-14,closed,2025-05-17,18,3,False,False,average_payer
INV16002989,B016,B016-C1117,Retail Client 117,Retail & Distribution,15,92484.13,2025-06-14,2025-06-29,closed,2025-06-28,14,-1,False,False,average_payer
INV16002990,B016,B016-C1117,Retail Client 117,Retail & Distribution,15,59696.37,2025-06-27,2025-07-12,closed,2025-07-29,32,17,False,False,average_payer
INV16002991,B016,B016-C1117,Retail Client 117,Retail & Distribution,15,57935.94,2025-06-28,2025-07-13,closed,2025-07-30,32,17,False,False,average_payer
INV16002992,B016,B016-C1117,Retail Client 117,Retail & Distribution,15,340726.34,2025-07-23,2025-08-07,closed,2025-07-29,6,-9,False,True,average_payer
INV16002993,B016,B016-C1117,Retail Client 117,Retail & Distribution,15,95472.75,2025-09-03,2025-09-18,closed,2025-09-15,12,-3,False,False,average_payer
INV16002994,B016,B016-C1117,Retail Client 117,Retail & Distribution,15,167739.64,2025-10-14,2025-10-29,closed,2025-10-29,15,0,False,False,average_payer
INV16002995,B016,B016-C1117,Retail Client 117,Retail & Distribution,15,61047.52,2025-10-25,2025-11-09,closed,2025-11-19,25,10,False,False,average_payer
INV16002996,B016,B016-C1117,Retail Client 117,Retail & Distribution,15,113542.37,2025-11-08,2025-11-23,closed,2025-12-06,28,13,False,False,average_payer
INV16002997,B016,B016-C1117,Retail Client 117,Retail & Distribution,15,82248.54,2025-11-26,2025-12-11,closed,2025-12-07,11,-4,False,False,average_payer
INV16002998,B016,B016-C1117,Retail Client 117,Retail & Distribution,15,106221.77,2025-11-27,2025-12-12,closed,2025-12-22,25,10,False,False,average_payer
INV16002999,B016,B016-C1117,Retail Client 117,Retail & Distribution,15,106601.1,2026-01-10,2026-01-25,closed,2026-01-29,19,4,False,False,average_payer
INV16003000,B016,B016-C1117,Retail Client 117,Retail & Distribution,15,69571.71,2026-01-12,2026-01-27,closed,2026-02-09,28,13,False,False,average_payer
INV16003001,B016,B016-C1117,Retail Client 117,Retail & Distribution,15,82898.92,2026-01-16,2026-01-31,closed,2026-02-10,25,10,False,False,average_payer
INV16003002,B016,B016-C1117,Retail Client 117,Retail & Distribution,15,115273.73,2026-04-08,2026-04-23,closed,2026-04-19,11,-4,False,False,average_payer
INV16003003,B016,B016-C1117,Retail Client 117,Retail & Distribution,15,112424.19,2026-04-16,2026-05-01,closed,2026-05-12,26,11,False,False,average_payer
INV16003004,B016,B016-C1117,Retail Client 117,Retail & Distribution,15,82605.8,2026-04-18,2026-05-03,closed,2026-05-13,25,10,False,False,average_payer
INV16003005,B016,B016-C1117,Retail Client 117,Retail & Distribution,15,46566.21,2026-04-19,2026-05-04,closed,2026-05-17,28,13,False,False,average_payer
INV16003006,B016,B016-C1117,Retail Client 117,Retail & Distribution,15,35606.35,2026-05-12,2026-05-27,closed,2026-06-10,29,14,False,False,average_payer
INV16003007,B016,B016-C1117,Retail Client 117,Retail & Distribution,15,65247.9,2026-05-21,2026-06-05,closed,2026-06-11,21,6,False,False,average_payer
INV16003008,B016,B016-C1117,Retail Client 117,Retail & Distribution,15,88164.88,2026-06-03,2026-06-18,closed,2026-06-18,15,0,False,False,average_payer
INV16003009,B016,B016-C1117,Retail Client 117,Retail & Distribution,15,116284.29,2026-07-20,2026-08-04,closed,2026-08-12,23,8,True,False,average_payer
INV16003010,B016,B016-C1117,Retail Client 117,Retail & Distribution,15,255242.01,2026-08-31,2026-09-15,open,,,,False,True,average_payer
INV16003011,B016,B016-C1118,FMCG Client 118,FMCG & Food Processing,45,99666.74,2024-05-24,2024-07-08,closed,2024-07-14,51,6,False,False,erratic_payer
INV16003012,B016,B016-C1118,FMCG Client 118,FMCG & Food Processing,45,154667.98,2024-05-27,2024-07-11,closed,2024-09-11,107,62,False,False,erratic_payer
INV16003013,B016,B016-C1118,FMCG Client 118,FMCG & Food Processing,45,149017.02,2024-08-02,2024-09-16,closed,2024-09-25,54,9,False,False,erratic_payer
INV16003014,B016,B016-C1118,FMCG Client 118,FMCG & Food Processing,45,74509.52,2024-09-04,2024-10-19,closed,2024-10-27,53,8,False,False,erratic_payer
INV16003015,B016,B016-C1118,FMCG Client 118,FMCG & Food Processing,45,91876.54,2024-09-24,2024-11-08,closed,2024-11-21,58,13,False,False,erratic_payer
INV16003016,B016,B016-C1118,FMCG Client 118,FMCG & Food Processing,45,127510.31,2024-10-22,2024-12-06,closed,2024-12-14,53,8,False,False,erratic_payer
INV16003017,B016,B016-C1118,FMCG Client 118,FMCG & Food Processing,45,110668.77,2024-12-26,2025-02-09,closed,2025-02-04,40,-5,False,False,erratic_payer
INV16003018,B016,B016-C1118,FMCG Client 118,FMCG & Food Processing,45,138587.68,2025-02-15,2025-04-01,closed,2025-04-05,49,4,False,False,erratic_payer
INV16003019,B016,B016-C1118,FMCG Client 118,FMCG & Food Processing,45,124859.29,2025-03-01,2025-04-15,closed,2025-04-19,49,4,False,False,erratic_payer
INV16003020,B016,B016-C1118,FMCG Client 118,FMCG & Food Processing,45,189785.38,2025-03-02,2025-04-16,closed,2025-04-14,43,-2,True,False,erratic_payer
INV16003021,B016,B016-C1118,FMCG Client 118,FMCG & Food Processing,45,207520.86,2025-04-14,2025-05-29,closed,2025-06-20,67,22,False,False,erratic_payer
INV16003022,B016,B016-C1118,FMCG Client 118,FMCG & Food Processing,45,211484.79,2025-05-08,2025-06-22,closed,2025-06-25,48,3,False,False,erratic_payer
INV16003023,B016,B016-C1118,FMCG Client 118,FMCG & Food Processing,45,951555.02,2025-05-14,2025-06-28,closed,2025-07-15,62,17,False,True,erratic_payer
INV16003024,B016,B016-C1118,FMCG Client 118,FMCG & Food Processing,45,149185.64,2025-05-15,2025-06-29,disputed_open,,,,False,False,erratic_payer
INV16003025,B016,B016-C1118,FMCG Client 118,FMCG & Food Processing,45,86187.65,2025-06-25,2025-08-09,closed,2025-07-04,9,-36,False,False,erratic_payer
INV16003026,B016,B016-C1118,FMCG Client 118,FMCG & Food Processing,45,160568.7,2025-07-03,2025-08-17,disputed_open,,,,False,False,erratic_payer
INV16003027,B016,B016-C1118,FMCG Client 118,FMCG & Food Processing,45,166410.54,2025-08-18,2025-10-02,disputed_open,,,,False,False,erratic_payer
INV16003028,B016,B016-C1118,FMCG Client 118,FMCG & Food Processing,45,261213.39,2025-08-20,2025-10-04,closed,2026-01-20,153,108,False,False,erratic_payer
INV16003029,B016,B016-C1118,FMCG Client 118,FMCG & Food Processing,45,61484.1,2025-08-25,2025-10-09,closed,2025-10-06,42,-3,False,False,erratic_payer
INV16003030,B016,B016-C1118,FMCG Client 118,FMCG & Food Processing,45,81543.26,2025-11-28,2026-01-12,closed,2026-01-09,42,-3,False,False,erratic_payer
INV16003031,B016,B016-C1118,FMCG Client 118,FMCG & Food Processing,45,162587.74,2026-01-28,2026-03-14,closed,2026-05-06,98,53,True,False,erratic_payer
INV16003032,B016,B016-C1118,FMCG Client 118,FMCG & Food Processing,45,708321.99,2026-01-30,2026-03-16,closed,2026-06-06,127,82,False,True,erratic_payer
INV16003033,B016,B016-C1118,FMCG Client 118,FMCG & Food Processing,45,107870.15,2026-03-13,2026-04-27,closed,2026-05-20,68,23,False,False,erratic_payer
INV16003034,B016,B016-C1118,FMCG Client 118,FMCG & Food Processing,45,154419.23,2026-03-14,2026-04-28,closed,2026-04-28,45,0,False,False,erratic_payer
INV16003035,B016,B016-C1118,FMCG Client 118,FMCG & Food Processing,45,108351.72,2026-03-16,2026-04-30,closed,2026-06-21,97,52,False,False,erratic_payer
INV16003036,B016,B016-C1118,FMCG Client 118,FMCG & Food Processing,45,144818.69,2026-03-20,2026-05-04,closed,2026-04-16,27,-18,False,False,erratic_payer
INV16003037,B016,B016-C1118,FMCG Client 118,FMCG & Food Processing,45,163486.97,2026-03-23,2026-05-07,closed,2026-05-21,59,14,False,False,erratic_payer
INV16003038,B016,B016-C1118,FMCG Client 118,FMCG & Food Processing,45,169941.11,2026-03-30,2026-05-14,closed,2026-06-11,73,28,False,False,erratic_payer
INV16003039,B016,B016-C1118,FMCG Client 118,FMCG & Food Processing,45,143615.17,2026-05-14,2026-06-28,closed,2026-06-28,45,0,False,False,erratic_payer
INV16003040,B016,B016-C1118,FMCG Client 118,FMCG & Food Processing,45,91567.36,2026-05-21,2026-07-05,closed,2026-06-30,40,-5,False,False,erratic_payer
INV16003041,B016,B016-C1118,FMCG Client 118,FMCG & Food Processing,45,165477.93,2026-05-23,2026-07-07,closed,2026-07-03,41,-4,False,False,erratic_payer
INV16003042,B016,B016-C1118,FMCG Client 118,FMCG & Food Processing,45,120433.84,2026-06-04,2026-07-19,closed,2026-07-25,51,6,False,False,erratic_payer
INV16003043,B016,B016-C1118,FMCG Client 118,FMCG & Food Processing,45,208209.3,2026-07-06,2026-08-20,open,,,,False,False,erratic_payer
INV16003044,B016,B016-C1118,FMCG Client 118,FMCG & Food Processing,45,148502.99,2026-08-10,2026-09-24,open,,,,False,False,erratic_payer
INV16003045,B016,B016-C1119,Electronics Client 119,Electronics & Electricals,45,276935.41,2024-03-23,2024-05-07,closed,2024-06-25,94,49,False,False,erratic_payer
INV16003046,B016,B016-C1119,Electronics Client 119,Electronics & Electricals,45,374912.6,2024-03-28,2024-05-12,closed,2024-05-18,51,6,False,False,erratic_payer
INV16003047,B016,B016-C1119,Electronics Client 119,Electronics & Electricals,45,221076.89,2024-04-03,2024-05-18,closed,2024-05-13,40,-5,False,False,erratic_payer
INV16003048,B016,B016-C1119,Electronics Client 119,Electronics & Electricals,45,1107025.17,2024-04-24,2024-06-08,closed,2024-06-14,51,6,False,True,erratic_payer
INV16003049,B016,B016-C1119,Electronics Client 119,Electronics & Electricals,45,264129.93,2024-06-14,2024-07-29,closed,2024-07-29,45,0,False,False,erratic_payer
INV16003050,B016,B016-C1119,Electronics Client 119,Electronics & Electricals,45,310243.65,2024-07-06,2024-08-20,closed,2024-09-06,62,17,False,False,erratic_payer
INV16003051,B016,B016-C1119,Electronics Client 119,Electronics & Electricals,45,224530.68,2024-07-18,2024-09-01,closed,2024-09-28,72,27,False,False,erratic_payer
INV16003052,B016,B016-C1119,Electronics Client 119,Electronics & Electricals,45,144481.35,2024-12-13,2025-01-27,closed,2025-02-06,55,10,False,False,erratic_payer
INV16003053,B016,B016-C1119,Electronics Client 119,Electronics & Electricals,45,205313.5,2024-12-24,2025-02-07,closed,2025-02-04,42,-3,False,False,erratic_payer
INV16003054,B016,B016-C1119,Electronics Client 119,Electronics & Electricals,45,230868.79,2024-12-28,2025-02-11,closed,2025-02-12,46,1,False,False,erratic_payer
INV16003055,B016,B016-C1119,Electronics Client 119,Electronics & Electricals,45,189268.85,2025-01-11,2025-02-25,closed,2025-02-22,42,-3,False,False,erratic_payer
INV16003056,B016,B016-C1119,Electronics Client 119,Electronics & Electricals,45,255540.02,2025-02-13,2025-03-30,closed,2025-04-06,52,7,False,False,erratic_payer
INV16003057,B016,B016-C1119,Electronics Client 119,Electronics & Electricals,45,306233.72,2025-02-15,2025-04-01,closed,2025-04-12,56,11,False,False,erratic_payer
INV16003058,B016,B016-C1119,Electronics Client 119,Electronics & Electricals,45,857215.78,2025-02-18,2025-04-04,closed,2025-03-28,38,-7,False,True,erratic_payer
INV16003059,B016,B016-C1119,Electronics Client 119,Electronics & Electricals,45,180132.53,2025-03-05,2025-04-19,closed,2025-06-04,91,46,False,False,erratic_payer
INV16003060,B016,B016-C1119,Electronics Client 119,Electronics & Electricals,45,235637.81,2025-03-18,2025-05-02,closed,2025-05-15,58,13,False,False,erratic_payer
INV16003061,B016,B016-C1119,Electronics Client 119,Electronics & Electricals,45,366965.89,2025-04-06,2025-05-21,closed,2025-06-17,72,27,False,False,erratic_payer
INV16003062,B016,B016-C1119,Electronics Client 119,Electronics & Electricals,45,181060.19,2025-04-11,2025-05-26,closed,2025-06-01,51,6,True,False,erratic_payer
INV16003063,B016,B016-C1119,Electronics Client 119,Electronics & Electricals,45,318522.25,2025-04-16,2025-05-31,open,,,,False,False,erratic_payer
INV16003064,B016,B016-C1119,Electronics Client 119,Electronics & Electricals,45,261807.06,2025-05-06,2025-06-20,closed,2025-07-08,63,18,False,False,erratic_payer
INV16003065,B016,B016-C1119,Electronics Client 119,Electronics & Electricals,45,253676.6,2025-05-24,2025-07-08,closed,2025-07-04,41,-4,False,False,erratic_payer
INV16003066,B016,B016-C1119,Electronics Client 119,Electronics & Electricals,45,424691.36,2025-06-10,2025-07-25,closed,2025-07-21,41,-4,False,False,erratic_payer
INV16003067,B016,B016-C1119,Electronics Client 119,Electronics & Electricals,45,136712.33,2025-07-12,2025-08-26,closed,2025-09-04,54,9,False,False,erratic_payer
INV16003068,B016,B016-C1119,Electronics Client 119,Electronics & Electricals,45,223061.1,2025-07-16,2025-08-30,closed,2025-09-04,50,5,False,False,erratic_payer
INV16003069,B016,B016-C1119,Electronics Client 119,Electronics & Electricals,45,233261.94,2025-09-15,2025-10-30,closed,2025-11-11,57,12,False,False,erratic_payer
INV16003070,B016,B016-C1119,Electronics Client 119,Electronics & Electricals,45,317623.81,2025-10-03,2025-11-17,closed,2025-12-06,64,19,False,False,erratic_payer
INV16003071,B016,B016-C1119,Electronics Client 119,Electronics & Electricals,45,178768.66,2025-11-07,2025-12-22,closed,2026-02-14,99,54,False,False,erratic_payer
INV16003072,B016,B016-C1119,Electronics Client 119,Electronics & Electricals,45,420972.19,2025-12-06,2026-01-20,open,,,,False,False,erratic_payer
INV16003073,B016,B016-C1119,Electronics Client 119,Electronics & Electricals,45,277779.52,2025-12-15,2026-01-29,closed,2026-02-02,49,4,False,False,erratic_payer
INV16003074,B016,B016-C1119,Electronics Client 119,Electronics & Electricals,45,318021.52,2026-02-12,2026-03-29,open,,,,False,False,erratic_payer
INV16003075,B016,B016-C1119,Electronics Client 119,Electronics & Electricals,45,226940.1,2026-03-08,2026-04-22,closed,2026-07-21,135,90,True,False,erratic_payer
INV16003076,B016,B016-C1119,Electronics Client 119,Electronics & Electricals,45,503273.19,2026-03-19,2026-05-03,closed,2026-06-27,100,55,False,False,erratic_payer
INV16003077,B016,B016-C1119,Electronics Client 119,Electronics & Electricals,45,222402.91,2026-03-29,2026-05-13,closed,2026-05-10,42,-3,False,False,erratic_payer
INV16003078,B016,B016-C1119,Electronics Client 119,Electronics & Electricals,45,408214.23,2026-05-21,2026-07-05,closed,2026-07-07,47,2,False,False,erratic_payer
INV16003079,B016,B016-C1119,Electronics Client 119,Electronics & Electricals,45,171323.82,2026-05-31,2026-07-15,closed,2026-08-03,64,19,False,False,erratic_payer
INV16003080,B016,B016-C1119,Electronics Client 119,Electronics & Electricals,45,401344.86,2026-08-12,2026-09-26,open,,,,False,False,erratic_payer
INV16003081,B016,B016-C1120,Chemicals Client 120,Chemicals & Plastics,30,18672.93,2024-09-05,2024-10-05,closed,2024-11-06,62,32,False,False,chronic_late_payer
INV16003082,B016,B016-C1120,Chemicals Client 120,Chemicals & Plastics,30,8723.17,2024-11-18,2024-12-18,closed,2025-02-08,82,52,False,False,chronic_late_payer
INV16003083,B016,B016-C1120,Chemicals Client 120,Chemicals & Plastics,30,10752.92,2025-01-04,2025-02-03,closed,2025-02-28,55,25,False,False,chronic_late_payer
INV16003084,B016,B016-C1120,Chemicals Client 120,Chemicals & Plastics,30,14601.85,2025-01-15,2025-02-14,closed,2025-04-15,90,60,False,False,chronic_late_payer
INV16003085,B016,B016-C1120,Chemicals Client 120,Chemicals & Plastics,30,15945.79,2025-03-02,2025-04-01,closed,2025-05-14,73,43,False,False,chronic_late_payer
INV16003086,B016,B016-C1120,Chemicals Client 120,Chemicals & Plastics,30,15919.11,2025-04-17,2025-05-17,closed,2025-06-15,59,29,False,False,chronic_late_payer
INV16003087,B016,B016-C1120,Chemicals Client 120,Chemicals & Plastics,30,12031.61,2025-05-10,2025-06-09,closed,2025-06-30,51,21,False,False,chronic_late_payer
INV16003088,B016,B016-C1120,Chemicals Client 120,Chemicals & Plastics,30,17506.77,2025-06-06,2025-07-06,closed,2025-08-09,64,34,False,False,chronic_late_payer
INV16003089,B016,B016-C1120,Chemicals Client 120,Chemicals & Plastics,30,55706.16,2025-06-21,2025-07-21,closed,2025-08-14,54,24,False,True,chronic_late_payer
INV16003090,B016,B016-C1120,Chemicals Client 120,Chemicals & Plastics,30,57868.48,2025-07-08,2025-08-07,closed,2025-09-19,73,43,False,True,chronic_late_payer
INV16003091,B016,B016-C1120,Chemicals Client 120,Chemicals & Plastics,30,16155.62,2025-08-25,2025-09-24,closed,2025-10-12,48,18,False,False,chronic_late_payer
INV16003092,B016,B016-C1120,Chemicals Client 120,Chemicals & Plastics,30,9298.51,2025-09-19,2025-10-19,closed,2025-11-25,67,37,False,False,chronic_late_payer
INV16003093,B016,B016-C1120,Chemicals Client 120,Chemicals & Plastics,30,16604.48,2025-10-15,2025-11-14,closed,2025-12-18,64,34,False,False,chronic_late_payer
INV16003094,B016,B016-C1120,Chemicals Client 120,Chemicals & Plastics,30,17418.63,2025-12-03,2026-01-02,closed,2026-02-02,61,31,False,False,chronic_late_payer
INV16003095,B016,B016-C1120,Chemicals Client 120,Chemicals & Plastics,30,18369.17,2026-02-02,2026-03-04,closed,2026-04-01,58,28,False,False,chronic_late_payer
INV16003096,B016,B016-C1120,Chemicals Client 120,Chemicals & Plastics,30,13939.93,2026-02-20,2026-03-22,closed,2026-05-08,77,47,False,False,chronic_late_payer
INV16003097,B016,B016-C1120,Chemicals Client 120,Chemicals & Plastics,30,21255.26,2026-03-05,2026-04-04,closed,2026-05-19,75,45,False,False,chronic_late_payer
INV16003098,B016,B016-C1120,Chemicals Client 120,Chemicals & Plastics,30,11838.46,2026-03-26,2026-04-25,closed,2026-05-30,65,35,False,False,chronic_late_payer
INV16003099,B016,B016-C1120,Chemicals Client 120,Chemicals & Plastics,30,16012.58,2026-03-29,2026-04-28,closed,2026-05-31,63,33,False,False,chronic_late_payer
INV16003100,B016,B016-C1120,Chemicals Client 120,Chemicals & Plastics,30,19114.07,2026-06-18,2026-07-18,open,,,,False,False,chronic_late_payer
INV16003101,B016,B016-C1120,Chemicals Client 120,Chemicals & Plastics,30,16247.51,2026-07-17,2026-08-16,disputed_open,,,,False,False,chronic_late_payer
INV16003102,B016,B016-C1120,Chemicals Client 120,Chemicals & Plastics,30,19911.82,2026-08-13,2026-09-12,open,,,,False,False,chronic_late_payer
INV16003103,B016,B016-C1120,Chemicals Client 120,Chemicals & Plastics,30,16520.6,2026-08-25,2026-09-24,open,,,,False,False,chronic_late_payer
INV16003104,B016,B016-C1120,Chemicals Client 120,Chemicals & Plastics,30,13856.12,2026-09-01,2026-10-01,open,,,,False,False,chronic_late_payer
INV16003105,B016,B016-C1121,Pharma Client 121,Pharma & Healthcare,60,101617.29,2024-09-06,2024-11-05,closed,2024-11-15,70,10,False,False,cold_start
INV16003106,B016,B016-C1121,Pharma Client 121,Pharma & Healthcare,60,121058.61,2026-03-26,2026-05-25,closed,2026-06-14,80,20,False,False,cold_start
INV16003107,B016,B016-C1121,Pharma Client 121,Pharma & Healthcare,60,143446.92,2026-07-09,2026-09-07,open,,,,False,False,cold_start
INV16003108,B016,B016-C1122,Chemicals Client 122,Chemicals & Plastics,60,876304.79,2024-03-29,2024-05-28,closed,2024-05-29,61,1,False,False,average_payer
INV16003109,B016,B016-C1122,Chemicals Client 122,Chemicals & Plastics,60,2262106.02,2024-06-20,2024-08-19,closed,2024-09-02,74,14,False,False,average_payer
INV16003110,B016,B016-C1122,Chemicals Client 122,Chemicals & Plastics,60,1685238.46,2024-07-03,2024-09-01,closed,2024-09-10,69,9,False,False,average_payer
INV16003111,B016,B016-C1122,Chemicals Client 122,Chemicals & Plastics,60,2135953.64,2024-07-13,2024-09-11,closed,2024-09-28,77,17,False,False,average_payer
INV16003112,B016,B016-C1122,Chemicals Client 122,Chemicals & Plastics,60,1789911.9,2024-08-19,2024-10-18,closed,2024-10-27,69,9,False,False,average_payer
INV16003113,B016,B016-C1122,Chemicals Client 122,Chemicals & Plastics,60,2344228.2,2024-08-20,2024-10-19,closed,2024-10-22,63,3,False,False,average_payer
INV16003114,B016,B016-C1122,Chemicals Client 122,Chemicals & Plastics,60,2911421.01,2024-08-25,2024-10-24,closed,2024-10-26,62,2,False,False,average_payer
INV16003115,B016,B016-C1122,Chemicals Client 122,Chemicals & Plastics,60,1380711.96,2024-09-10,2024-11-09,closed,2024-11-21,72,12,False,False,average_payer
INV16003116,B016,B016-C1122,Chemicals Client 122,Chemicals & Plastics,60,1789909.53,2024-11-15,2025-01-14,closed,2025-01-19,65,5,False,False,average_payer
INV16003117,B016,B016-C1122,Chemicals Client 122,Chemicals & Plastics,60,1914687.95,2024-12-16,2025-02-14,closed,2025-02-18,64,4,False,False,average_payer
INV16003118,B016,B016-C1122,Chemicals Client 122,Chemicals & Plastics,60,1506026.84,2025-01-18,2025-03-19,closed,2025-03-31,72,12,False,False,average_payer
INV16003119,B016,B016-C1122,Chemicals Client 122,Chemicals & Plastics,60,1880846.75,2025-01-21,2025-03-22,closed,2025-04-01,70,10,False,False,average_payer
INV16003120,B016,B016-C1122,Chemicals Client 122,Chemicals & Plastics,60,1752728.02,2025-02-04,2025-04-05,closed,2025-04-05,60,0,False,False,average_payer
INV16003121,B016,B016-C1122,Chemicals Client 122,Chemicals & Plastics,60,1493816.8,2025-02-15,2025-04-16,closed,2025-04-19,63,3,False,False,average_payer
INV16003122,B016,B016-C1122,Chemicals Client 122,Chemicals & Plastics,60,2768919.53,2025-03-10,2025-05-09,closed,2025-05-09,60,0,False,False,average_payer
INV16003123,B016,B016-C1122,Chemicals Client 122,Chemicals & Plastics,60,1451196.71,2025-03-20,2025-05-19,closed,2025-06-01,73,13,False,False,average_payer
INV16003124,B016,B016-C1122,Chemicals Client 122,Chemicals & Plastics,60,2122550.02,2025-04-12,2025-06-11,closed,2025-06-21,70,10,False,False,average_payer
INV16003125,B016,B016-C1122,Chemicals Client 122,Chemicals & Plastics,60,1787401.86,2025-04-24,2025-06-23,closed,2025-07-04,71,11,False,False,average_payer
INV16003126,B016,B016-C1122,Chemicals Client 122,Chemicals & Plastics,60,2198850.53,2025-07-13,2025-09-11,closed,2025-09-18,67,7,False,False,average_payer
INV16003127,B016,B016-C1122,Chemicals Client 122,Chemicals & Plastics,60,1512470.59,2025-08-11,2025-10-10,closed,2025-10-15,65,5,False,False,average_payer
INV16003128,B016,B016-C1122,Chemicals Client 122,Chemicals & Plastics,60,997131.04,2025-09-12,2025-11-11,closed,2025-11-12,61,1,False,False,average_payer
INV16003129,B016,B016-C1122,Chemicals Client 122,Chemicals & Plastics,60,2510125.28,2025-09-13,2025-11-12,closed,2025-11-21,69,9,False,False,average_payer
INV16003130,B016,B016-C1122,Chemicals Client 122,Chemicals & Plastics,60,1877118.21,2025-10-19,2025-12-18,closed,2025-12-31,73,13,False,False,average_payer
INV16003131,B016,B016-C1122,Chemicals Client 122,Chemicals & Plastics,60,1521529.96,2025-11-06,2026-01-05,closed,2026-01-17,72,12,False,False,average_payer
INV16003132,B016,B016-C1122,Chemicals Client 122,Chemicals & Plastics,60,1839270.39,2025-11-07,2026-01-06,open,,,,False,False,average_payer
INV16003133,B016,B016-C1122,Chemicals Client 122,Chemicals & Plastics,60,2186877.57,2025-12-01,2026-01-30,closed,2026-01-28,58,-2,False,False,average_payer
INV16003134,B016,B016-C1122,Chemicals Client 122,Chemicals & Plastics,60,2225448.24,2025-12-11,2026-02-09,closed,2026-02-18,69,9,False,False,average_payer
INV16003135,B016,B016-C1122,Chemicals Client 122,Chemicals & Plastics,60,2572935.77,2025-12-13,2026-02-11,closed,2026-02-13,62,2,False,False,average_payer
INV16003136,B016,B016-C1122,Chemicals Client 122,Chemicals & Plastics,60,1890290.22,2025-12-17,2026-02-15,closed,2026-02-20,65,5,False,False,average_payer
INV16003137,B016,B016-C1122,Chemicals Client 122,Chemicals & Plastics,60,1737570.22,2026-01-01,2026-03-02,closed,2026-03-10,68,8,False,False,average_payer
INV16003138,B016,B016-C1122,Chemicals Client 122,Chemicals & Plastics,60,1885327.43,2026-01-28,2026-03-29,closed,2026-03-29,60,0,False,False,average_payer
INV16003139,B016,B016-C1122,Chemicals Client 122,Chemicals & Plastics,60,1515081.42,2026-02-09,2026-04-10,closed,2026-04-25,75,15,False,False,average_payer
INV16003140,B016,B016-C1122,Chemicals Client 122,Chemicals & Plastics,60,1165857.61,2026-03-26,2026-05-25,closed,2026-05-30,65,5,False,False,average_payer
INV16003141,B016,B016-C1122,Chemicals Client 122,Chemicals & Plastics,60,1597056.84,2026-05-02,2026-07-01,closed,2026-07-11,70,10,False,False,average_payer
INV16003142,B016,B016-C1122,Chemicals Client 122,Chemicals & Plastics,60,1644980.42,2026-05-03,2026-07-02,closed,2026-07-13,71,11,False,False,average_payer
INV16003143,B016,B016-C1122,Chemicals Client 122,Chemicals & Plastics,60,1085061.54,2026-06-05,2026-08-04,closed,2026-08-01,57,-3,False,False,average_payer
INV16003144,B016,B016-C1122,Chemicals Client 122,Chemicals & Plastics,60,953793.62,2026-06-26,2026-08-25,closed,2026-09-01,67,7,False,False,average_payer
INV16003145,B016,B016-C1122,Chemicals Client 122,Chemicals & Plastics,60,1522008.88,2026-08-07,2026-10-06,open,,,,False,False,average_payer
INV16003146,B016,B016-C1122,Chemicals Client 122,Chemicals & Plastics,60,1787620.16,2026-08-09,2026-10-08,open,,,,False,False,average_payer
INV16003147,B016,B016-C1123,Chemicals Client 123,Chemicals & Plastics,30,78229.78,2024-04-25,2024-05-25,closed,2024-05-27,32,2,False,False,prompt_payer
INV16003148,B016,B016-C1123,Chemicals Client 123,Chemicals & Plastics,30,99946.33,2024-07-23,2024-08-22,closed,2024-08-23,31,1,False,False,prompt_payer
INV16003149,B016,B016-C1123,Chemicals Client 123,Chemicals & Plastics,30,155215.45,2024-08-09,2024-09-08,closed,2024-09-03,25,-5,False,False,prompt_payer
INV16003150,B016,B016-C1123,Chemicals Client 123,Chemicals & Plastics,30,184503.31,2024-09-09,2024-10-09,closed,2024-10-12,33,3,False,False,prompt_payer
INV16003151,B016,B016-C1123,Chemicals Client 123,Chemicals & Plastics,30,184944.93,2024-10-22,2024-11-21,closed,2024-11-24,33,3,False,False,prompt_payer
INV16003152,B016,B016-C1123,Chemicals Client 123,Chemicals & Plastics,30,114638.48,2024-12-20,2025-01-19,closed,2025-01-13,24,-6,False,False,prompt_payer
INV16003153,B016,B016-C1123,Chemicals Client 123,Chemicals & Plastics,30,79574.62,2025-02-28,2025-03-30,closed,2025-03-30,30,0,False,False,prompt_payer
INV16003154,B016,B016-C1123,Chemicals Client 123,Chemicals & Plastics,30,191561.79,2025-03-08,2025-04-07,closed,2025-04-09,32,2,False,False,prompt_payer
INV16003155,B016,B016-C1123,Chemicals Client 123,Chemicals & Plastics,30,111535.19,2025-04-20,2025-05-20,closed,2025-05-22,32,2,False,False,prompt_payer
INV16003156,B016,B016-C1123,Chemicals Client 123,Chemicals & Plastics,30,86260.61,2025-05-19,2025-06-18,closed,2025-06-16,28,-2,False,False,prompt_payer
INV16003157,B016,B016-C1123,Chemicals Client 123,Chemicals & Plastics,30,183773.63,2025-06-01,2025-07-01,open,,,,False,False,prompt_payer
INV16003158,B016,B016-C1123,Chemicals Client 123,Chemicals & Plastics,30,171602.87,2025-06-06,2025-07-06,closed,2025-07-07,31,1,True,False,prompt_payer
INV16003159,B016,B016-C1123,Chemicals Client 123,Chemicals & Plastics,30,85874.82,2025-06-08,2025-07-08,closed,2025-07-09,31,1,False,False,prompt_payer
INV16003160,B016,B016-C1123,Chemicals Client 123,Chemicals & Plastics,30,75980.64,2025-06-14,2025-07-14,closed,2025-07-18,34,4,False,False,prompt_payer
INV16003161,B016,B016-C1123,Chemicals Client 123,Chemicals & Plastics,30,101113.25,2025-06-18,2025-07-18,closed,2025-07-11,23,-7,False,False,prompt_payer
INV16003162,B016,B016-C1123,Chemicals Client 123,Chemicals & Plastics,30,227539.66,2025-07-03,2025-08-02,closed,2025-08-04,32,2,False,False,prompt_payer
INV16003163,B016,B016-C1123,Chemicals Client 123,Chemicals & Plastics,30,114115.73,2025-07-31,2025-08-30,closed,2025-09-01,32,2,False,False,prompt_payer
INV16003164,B016,B016-C1123,Chemicals Client 123,Chemicals & Plastics,30,110370.74,2025-08-15,2025-09-14,closed,2025-09-14,30,0,False,False,prompt_payer
INV16003165,B016,B016-C1123,Chemicals Client 123,Chemicals & Plastics,30,77987.04,2025-09-17,2025-10-17,closed,2025-10-14,27,-3,False,False,prompt_payer
INV16003166,B016,B016-C1123,Chemicals Client 123,Chemicals & Plastics,30,132095.38,2025-12-03,2026-01-02,closed,2025-12-31,28,-2,False,False,prompt_payer
INV16003167,B016,B016-C1123,Chemicals Client 123,Chemicals & Plastics,30,111833.86,2025-12-08,2026-01-07,closed,2026-01-09,32,2,False,False,prompt_payer
INV16003168,B016,B016-C1123,Chemicals Client 123,Chemicals & Plastics,30,131556.45,2026-01-12,2026-02-11,closed,2026-02-08,27,-3,False,False,prompt_payer
INV16003169,B016,B016-C1123,Chemicals Client 123,Chemicals & Plastics,30,148130.24,2026-04-26,2026-05-26,closed,2026-05-18,22,-8,False,False,prompt_payer
INV16003170,B016,B016-C1123,Chemicals Client 123,Chemicals & Plastics,30,125246.94,2026-05-21,2026-06-20,closed,2026-06-23,33,3,False,False,prompt_payer
INV16003171,B016,B016-C1123,Chemicals Client 123,Chemicals & Plastics,30,151949.3,2026-07-14,2026-08-13,closed,2026-08-16,33,3,False,False,prompt_payer
INV16003172,B016,B016-C1123,Chemicals Client 123,Chemicals & Plastics,30,121266.31,2026-07-24,2026-08-23,closed,2026-08-20,27,-3,False,False,prompt_payer
INV16003173,B016,B016-C1123,Chemicals Client 123,Chemicals & Plastics,30,397263.13,2026-08-15,2026-09-14,open,,,,False,True,prompt_payer
INV16003174,B016,B016-C1123,Chemicals Client 123,Chemicals & Plastics,30,150523.47,2026-09-01,2026-10-01,open,,,,False,False,prompt_payer
INV16003175,B016,B016-C1124,Retail Client 124,Retail & Distribution,15,75127.98,2024-04-27,2024-05-12,closed,2024-05-27,30,15,False,False,erratic_payer
INV16003176,B016,B016-C1124,Retail Client 124,Retail & Distribution,15,54526.84,2024-05-09,2024-05-24,closed,2024-06-15,37,22,False,False,erratic_payer
INV16003177,B016,B016-C1124,Retail Client 124,Retail & Distribution,15,61975.38,2024-05-19,2024-06-03,closed,2024-06-08,20,5,True,False,erratic_payer
INV16003178,B016,B016-C1124,Retail Client 124,Retail & Distribution,15,79384.03,2024-06-29,2024-07-14,closed,2024-08-10,42,27,False,False,erratic_payer
INV16003179,B016,B016-C1124,Retail Client 124,Retail & Distribution,15,117740.77,2024-07-16,2024-07-31,closed,2024-08-04,19,4,False,False,erratic_payer
INV16003180,B016,B016-C1124,Retail Client 124,Retail & Distribution,15,89908.46,2024-08-01,2024-08-16,closed,2024-09-04,34,19,False,False,erratic_payer
INV16003181,B016,B016-C1124,Retail Client 124,Retail & Distribution,15,78840.24,2024-08-06,2024-08-21,closed,2024-09-02,27,12,False,False,erratic_payer
INV16003182,B016,B016-C1124,Retail Client 124,Retail & Distribution,15,69499.8,2024-08-23,2024-09-07,closed,2024-11-17,86,71,False,False,erratic_payer
INV16003183,B016,B016-C1124,Retail Client 124,Retail & Distribution,15,67106.86,2024-08-24,2024-09-08,closed,2024-09-20,27,12,False,False,erratic_payer
INV16003184,B016,B016-C1124,Retail Client 124,Retail & Distribution,15,459279.18,2024-09-19,2024-10-04,closed,2024-10-12,23,8,False,True,erratic_payer
INV16003185,B016,B016-C1124,Retail Client 124,Retail & Distribution,15,63220.72,2024-10-05,2024-10-20,disputed_open,,,,False,False,erratic_payer
INV16003186,B016,B016-C1124,Retail Client 124,Retail & Distribution,15,155292.98,2024-10-08,2024-10-23,closed,2024-12-13,66,51,False,False,erratic_payer
INV16003187,B016,B016-C1124,Retail Client 124,Retail & Distribution,15,113611.26,2024-10-16,2024-10-31,closed,2024-10-17,1,-14,False,False,erratic_payer
INV16003188,B016,B016-C1124,Retail Client 124,Retail & Distribution,15,117487.5,2024-10-28,2024-11-12,closed,2024-11-24,27,12,False,False,erratic_payer
INV16003189,B016,B016-C1124,Retail Client 124,Retail & Distribution,15,133592.15,2024-11-04,2024-11-19,closed,2024-11-27,23,8,False,False,erratic_payer
INV16003190,B016,B016-C1124,Retail Client 124,Retail & Distribution,15,97368.1,2024-12-04,2024-12-19,closed,2024-12-24,20,5,False,False,erratic_payer
INV16003191,B016,B016-C1124,Retail Client 124,Retail & Distribution,15,152081.59,2024-12-19,2025-01-03,closed,2024-12-20,1,-14,False,False,erratic_payer
INV16003192,B016,B016-C1124,Retail Client 124,Retail & Distribution,15,103625.94,2024-12-21,2025-01-05,closed,2025-01-20,30,15,False,False,erratic_payer
INV16003193,B016,B016-C1124,Retail Client 124,Retail & Distribution,15,156609.57,2025-01-28,2025-02-12,closed,2025-03-02,33,18,False,False,erratic_payer
INV16003194,B016,B016-C1124,Retail Client 124,Retail & Distribution,15,72760.02,2025-03-16,2025-03-31,closed,2025-03-26,10,-5,True,False,erratic_payer
INV16003195,B016,B016-C1124,Retail Client 124,Retail & Distribution,15,166979.43,2025-03-24,2025-04-08,closed,2025-04-12,19,4,False,False,erratic_payer
INV16003196,B016,B016-C1124,Retail Client 124,Retail & Distribution,15,81383.26,2025-03-28,2025-04-12,closed,2025-04-19,22,7,False,False,erratic_payer
INV16003197,B016,B016-C1124,Retail Client 124,Retail & Distribution,15,118532.01,2025-03-30,2025-04-14,closed,2025-04-11,12,-3,False,False,erratic_payer
INV16003198,B016,B016-C1124,Retail Client 124,Retail & Distribution,15,110692.85,2025-03-31,2025-04-15,closed,2025-06-14,75,60,False,False,erratic_payer
INV16003199,B016,B016-C1124,Retail Client 124,Retail & Distribution,15,120004.47,2025-04-06,2025-04-21,closed,2025-05-01,25,10,False,False,erratic_payer
INV16003200,B016,B016-C1124,Retail Client 124,Retail & Distribution,15,109582.03,2025-04-09,2025-04-24,disputed_open,,,,False,False,erratic_payer
INV16003201,B016,B016-C1124,Retail Client 124,Retail & Distribution,15,68777.98,2025-04-17,2025-05-02,closed,2025-05-07,20,5,False,False,erratic_payer
INV16003202,B016,B016-C1124,Retail Client 124,Retail & Distribution,15,111521.08,2025-05-26,2025-06-10,closed,2025-06-21,26,11,False,False,erratic_payer
INV16003203,B016,B016-C1124,Retail Client 124,Retail & Distribution,15,97497.97,2025-06-21,2025-07-06,closed,2025-07-01,10,-5,False,False,erratic_payer
INV16003204,B016,B016-C1124,Retail Client 124,Retail & Distribution,15,92867.94,2025-06-30,2025-07-15,closed,2025-07-16,16,1,False,False,erratic_payer
INV16003205,B016,B016-C1124,Retail Client 124,Retail & Distribution,15,108861.54,2025-07-05,2025-07-20,closed,2025-07-21,16,1,False,False,erratic_payer
INV16003206,B016,B016-C1124,Retail Client 124,Retail & Distribution,15,127878.69,2025-07-14,2025-07-29,closed,2025-07-27,13,-2,False,False,erratic_payer
INV16003207,B016,B016-C1124,Retail Client 124,Retail & Distribution,15,83367.29,2025-08-11,2025-08-26,closed,2025-10-01,51,36,False,False,erratic_payer
INV16003208,B016,B016-C1124,Retail Client 124,Retail & Distribution,15,70385.66,2025-08-20,2025-09-04,closed,2025-09-09,20,5,False,False,erratic_payer
INV16003209,B016,B016-C1124,Retail Client 124,Retail & Distribution,15,148722.5,2025-09-17,2025-10-02,closed,2025-09-26,9,-6,False,False,erratic_payer
INV16003210,B016,B016-C1124,Retail Client 124,Retail & Distribution,15,101353.66,2025-09-28,2025-10-13,closed,2025-10-30,32,17,False,False,erratic_payer
INV16003211,B016,B016-C1124,Retail Client 124,Retail & Distribution,15,115596.69,2025-11-14,2025-11-29,closed,2025-12-07,23,8,False,False,erratic_payer
INV16003212,B016,B016-C1124,Retail Client 124,Retail & Distribution,15,142282.88,2025-11-27,2025-12-12,closed,2025-12-19,22,7,False,False,erratic_payer
INV16003213,B016,B016-C1124,Retail Client 124,Retail & Distribution,15,141285.01,2025-12-03,2025-12-18,closed,2025-12-10,7,-8,False,False,erratic_payer
INV16003214,B016,B016-C1124,Retail Client 124,Retail & Distribution,15,105281.06,2026-01-24,2026-02-08,closed,2026-02-22,29,14,False,False,erratic_payer
INV16003215,B016,B016-C1124,Retail Client 124,Retail & Distribution,15,115964.28,2026-02-04,2026-02-19,closed,2026-03-07,31,16,False,False,erratic_payer
INV16003216,B016,B016-C1124,Retail Client 124,Retail & Distribution,15,85312.65,2026-02-12,2026-02-27,closed,2026-03-05,21,6,False,False,erratic_payer
INV16003217,B016,B016-C1124,Retail Client 124,Retail & Distribution,15,104812.26,2026-02-12,2026-02-27,closed,2026-02-21,9,-6,False,False,erratic_payer
INV16003218,B016,B016-C1124,Retail Client 124,Retail & Distribution,15,91744.71,2026-03-27,2026-04-11,closed,2026-04-10,14,-1,False,False,erratic_payer
INV16003219,B016,B016-C1124,Retail Client 124,Retail & Distribution,15,203203.03,2026-04-30,2026-05-15,closed,2026-05-19,19,4,False,False,erratic_payer
INV16003220,B016,B016-C1124,Retail Client 124,Retail & Distribution,15,74929.43,2026-06-15,2026-06-30,closed,2026-06-29,14,-1,False,False,erratic_payer
INV16003221,B016,B016-C1124,Retail Client 124,Retail & Distribution,15,114741.36,2026-06-23,2026-07-08,closed,2026-07-18,25,10,False,False,erratic_payer
INV16003222,B016,B016-C1124,Retail Client 124,Retail & Distribution,15,79949.88,2026-07-04,2026-07-19,closed,2026-08-01,28,13,False,False,erratic_payer
INV16003223,B016,B016-C1124,Retail Client 124,Retail & Distribution,15,121696.63,2026-07-06,2026-07-21,closed,2026-08-09,34,19,False,False,erratic_payer
INV16003224,B016,B016-C1124,Retail Client 124,Retail & Distribution,15,59316.48,2026-07-07,2026-07-22,closed,2026-07-26,19,4,False,False,erratic_payer
INV16003225,B016,B016-C1124,Retail Client 124,Retail & Distribution,15,117014.36,2026-07-26,2026-08-10,closed,2026-08-13,18,3,False,False,erratic_payer
INV16003226,B016,B016-C1124,Retail Client 124,Retail & Distribution,15,131775.83,2026-08-16,2026-08-31,closed,2026-08-30,14,-1,False,False,erratic_payer
INV16003227,B016,B016-C1124,Retail Client 124,Retail & Distribution,15,142214.55,2026-08-20,2026-09-04,open,,,,False,False,erratic_payer
INV16003228,B016,B016-C1124,Retail Client 124,Retail & Distribution,15,169712.74,2026-08-21,2026-09-05,open,,,,False,False,erratic_payer
INV16003229,B016,B016-C1125,Chemicals Client 125,Chemicals & Plastics,30,592122.32,2024-03-30,2024-04-29,closed,2024-05-15,46,16,True,True,improving_payer
INV16003230,B016,B016-C1125,Chemicals Client 125,Chemicals & Plastics,30,186947.64,2024-04-08,2024-05-08,closed,2024-06-03,56,26,False,False,improving_payer
INV16003231,B016,B016-C1125,Chemicals Client 125,Chemicals & Plastics,30,115536.13,2024-09-06,2024-10-06,closed,2024-11-19,74,44,False,False,improving_payer
INV16003232,B016,B016-C1125,Chemicals Client 125,Chemicals & Plastics,30,93962.85,2024-09-24,2024-10-24,closed,2024-11-14,51,21,False,False,improving_payer
INV16003233,B016,B016-C1125,Chemicals Client 125,Chemicals & Plastics,30,137711.47,2025-01-27,2025-02-26,closed,2025-04-08,71,41,False,False,improving_payer
INV16003234,B016,B016-C1125,Chemicals Client 125,Chemicals & Plastics,30,121778.95,2025-03-10,2025-04-09,closed,2025-05-01,52,22,False,False,improving_payer
INV16003235,B016,B016-C1125,Chemicals Client 125,Chemicals & Plastics,30,213601.11,2025-05-18,2025-06-17,closed,2025-06-30,43,13,False,False,improving_payer
INV16003236,B016,B016-C1125,Chemicals Client 125,Chemicals & Plastics,30,148443.45,2025-06-05,2025-07-05,closed,2025-07-26,51,21,False,False,improving_payer
INV16003237,B016,B016-C1125,Chemicals Client 125,Chemicals & Plastics,30,122154.79,2025-07-15,2025-08-14,closed,2025-08-25,41,11,False,False,improving_payer
INV16003238,B016,B016-C1125,Chemicals Client 125,Chemicals & Plastics,30,160350.9,2025-12-03,2026-01-02,closed,2026-01-21,49,19,False,False,improving_payer
INV16003239,B016,B016-C1125,Chemicals Client 125,Chemicals & Plastics,30,151084.31,2025-12-05,2026-01-04,closed,2026-01-24,50,20,False,False,improving_payer
INV16003240,B016,B016-C1125,Chemicals Client 125,Chemicals & Plastics,30,207008.6,2025-12-12,2026-01-11,closed,2026-02-13,63,33,False,False,improving_payer
INV16003241,B016,B016-C1125,Chemicals Client 125,Chemicals & Plastics,30,244451.16,2025-12-24,2026-01-23,closed,2026-02-08,46,16,False,False,improving_payer
INV16003242,B016,B016-C1125,Chemicals Client 125,Chemicals & Plastics,30,161698.35,2026-03-27,2026-04-26,closed,2026-04-27,31,1,False,False,improving_payer
INV16003243,B016,B016-C1125,Chemicals Client 125,Chemicals & Plastics,30,609464.01,2026-06-22,2026-07-22,closed,2026-08-07,46,16,False,True,improving_payer
INV16003244,B016,B016-C1125,Chemicals Client 125,Chemicals & Plastics,30,117376.12,2026-07-05,2026-08-04,closed,2026-08-12,38,8,False,False,improving_payer
INV16003245,B016,B016-C1126,Auto Client 126,Auto Components,60,36722.1,2024-03-21,2024-05-20,closed,2024-06-06,77,17,False,False,chronic_late_payer
INV16003246,B016,B016-C1126,Auto Client 126,Auto Components,60,17035.85,2024-04-02,2024-06-01,closed,2024-07-10,99,39,False,False,chronic_late_payer
INV16003247,B016,B016-C1126,Auto Client 126,Auto Components,60,27069.66,2024-04-03,2024-06-02,closed,2024-07-12,100,40,False,False,chronic_late_payer
INV16003248,B016,B016-C1126,Auto Client 126,Auto Components,60,16918.74,2024-05-22,2024-07-21,closed,2024-08-10,80,20,False,False,chronic_late_payer
INV16003249,B016,B016-C1126,Auto Client 126,Auto Components,60,44230.15,2024-08-09,2024-10-08,closed,2024-11-10,93,33,False,False,chronic_late_payer
INV16003250,B016,B016-C1126,Auto Client 126,Auto Components,60,35752.46,2024-09-22,2024-11-21,closed,2024-12-17,86,26,False,False,chronic_late_payer
INV16003251,B016,B016-C1126,Auto Client 126,Auto Components,60,21652.62,2024-12-01,2025-01-30,closed,2025-03-16,105,45,False,False,chronic_late_payer
INV16003252,B016,B016-C1126,Auto Client 126,Auto Components,60,23962.7,2024-12-12,2025-02-10,closed,2025-03-22,100,40,False,False,chronic_late_payer
INV16003253,B016,B016-C1126,Auto Client 126,Auto Components,60,35694.6,2025-01-16,2025-03-17,closed,2025-03-31,74,14,False,False,chronic_late_payer
INV16003254,B016,B016-C1126,Auto Client 126,Auto Components,60,32876.16,2025-09-23,2025-11-22,closed,2025-12-14,82,22,False,False,chronic_late_payer
INV16003255,B016,B016-C1126,Auto Client 126,Auto Components,60,35135.57,2025-11-13,2026-01-12,closed,2026-02-18,97,37,False,False,chronic_late_payer
INV16003256,B016,B016-C1126,Auto Client 126,Auto Components,60,24095.74,2026-03-01,2026-04-30,closed,2026-05-28,88,28,False,False,chronic_late_payer
INV16003257,B016,B016-C1126,Auto Client 126,Auto Components,60,26692.11,2026-03-05,2026-05-04,closed,2026-05-27,83,23,False,False,chronic_late_payer
INV16003258,B016,B016-C1126,Auto Client 126,Auto Components,60,235296.71,2026-04-01,2026-05-31,closed,2026-07-05,95,35,False,True,chronic_late_payer
INV16003259,B016,B016-C1126,Auto Client 126,Auto Components,60,24071.7,2026-04-27,2026-06-26,closed,2026-08-15,110,50,False,False,chronic_late_payer
INV16003260,B016,B016-C1127,FMCG Client 127,FMCG & Food Processing,30,145391.66,2024-04-04,2024-05-04,closed,2024-05-02,28,-2,False,False,average_payer
INV16003261,B016,B016-C1127,FMCG Client 127,FMCG & Food Processing,30,119204.69,2024-04-24,2024-05-24,closed,2024-05-27,33,3,False,False,average_payer
INV16003262,B016,B016-C1127,FMCG Client 127,FMCG & Food Processing,30,115596.7,2024-04-25,2024-05-25,closed,2024-06-02,38,8,False,False,average_payer
INV16003263,B016,B016-C1127,FMCG Client 127,FMCG & Food Processing,30,86829.2,2024-05-29,2024-06-28,closed,2024-07-15,47,17,False,False,average_payer
INV16003264,B016,B016-C1127,FMCG Client 127,FMCG & Food Processing,30,74546.38,2024-06-29,2024-07-29,closed,2024-08-01,33,3,False,False,average_payer
INV16003265,B016,B016-C1127,FMCG Client 127,FMCG & Food Processing,30,130936.05,2024-07-13,2024-08-12,closed,2024-08-27,45,15,False,False,average_payer
INV16003266,B016,B016-C1127,FMCG Client 127,FMCG & Food Processing,30,39606.1,2024-08-06,2024-09-05,closed,2024-09-24,49,19,False,False,average_payer
INV16003267,B016,B016-C1127,FMCG Client 127,FMCG & Food Processing,30,93300.44,2024-08-25,2024-09-24,closed,2024-09-21,27,-3,False,False,average_payer
INV16003268,B016,B016-C1127,FMCG Client 127,FMCG & Food Processing,30,63304.28,2024-09-03,2024-10-03,closed,2024-09-27,24,-6,False,False,average_payer
INV16003269,B016,B016-C1127,FMCG Client 127,FMCG & Food Processing,30,153470.81,2024-09-13,2024-10-13,closed,2024-10-30,47,17,False,False,average_payer
INV16003270,B016,B016-C1127,FMCG Client 127,FMCG & Food Processing,30,117750.74,2024-09-18,2024-10-18,closed,2024-10-31,43,13,False,False,average_payer
INV16003271,B016,B016-C1127,FMCG Client 127,FMCG & Food Processing,30,76736.74,2024-09-18,2024-10-18,closed,2024-10-29,41,11,False,False,average_payer
INV16003272,B016,B016-C1127,FMCG Client 127,FMCG & Food Processing,30,105518.45,2024-10-13,2024-11-12,closed,2024-11-16,34,4,False,False,average_payer
INV16003273,B016,B016-C1127,FMCG Client 127,FMCG & Food Processing,30,112136.11,2024-11-14,2024-12-14,closed,2024-12-25,41,11,False,False,average_payer
INV16003274,B016,B016-C1127,FMCG Client 127,FMCG & Food Processing,30,91785.85,2024-11-28,2024-12-28,closed,2025-01-05,38,8,False,False,average_payer
INV16003275,B016,B016-C1127,FMCG Client 127,FMCG & Food Processing,30,77215.71,2024-12-11,2025-01-10,closed,2025-01-15,35,5,False,False,average_payer
INV16003276,B016,B016-C1127,FMCG Client 127,FMCG & Food Processing,30,66888.27,2025-01-12,2025-02-11,closed,2025-02-16,35,5,False,False,average_payer
INV16003277,B016,B016-C1127,FMCG Client 127,FMCG & Food Processing,30,80582.02,2025-01-25,2025-02-24,closed,2025-02-18,24,-6,False,False,average_payer
INV16003278,B016,B016-C1127,FMCG Client 127,FMCG & Food Processing,30,69131.7,2025-02-06,2025-03-08,closed,2025-03-22,44,14,True,False,average_payer
INV16003279,B016,B016-C1127,FMCG Client 127,FMCG & Food Processing,30,117862.78,2025-02-25,2025-03-27,closed,2025-03-26,29,-1,False,False,average_payer
INV16003280,B016,B016-C1127,FMCG Client 127,FMCG & Food Processing,30,124520.63,2025-03-05,2025-04-04,closed,2025-04-13,39,9,False,False,average_payer
INV16003281,B016,B016-C1127,FMCG Client 127,FMCG & Food Processing,30,141081.37,2025-03-13,2025-04-12,closed,2025-04-25,43,13,False,False,average_payer
INV16003282,B016,B016-C1127,FMCG Client 127,FMCG & Food Processing,30,84511.35,2025-03-18,2025-04-17,closed,2025-04-27,40,10,False,False,average_payer
INV16003283,B016,B016-C1127,FMCG Client 127,FMCG & Food Processing,30,130924.63,2025-03-28,2025-04-27,closed,2025-04-29,32,2,False,False,average_payer
INV16003284,B016,B016-C1127,FMCG Client 127,FMCG & Food Processing,30,116826.21,2025-04-01,2025-05-01,closed,2025-05-07,36,6,False,False,average_payer
INV16003285,B016,B016-C1127,FMCG Client 127,FMCG & Food Processing,30,56626.99,2025-05-08,2025-06-07,closed,2025-06-10,33,3,False,False,average_payer
INV16003286,B016,B016-C1127,FMCG Client 127,FMCG & Food Processing,30,69419.27,2025-05-11,2025-06-10,closed,2025-06-10,30,0,False,False,average_payer
INV16003287,B016,B016-C1127,FMCG Client 127,FMCG & Food Processing,30,82446.54,2025-06-29,2025-07-29,closed,2025-08-08,40,10,False,False,average_payer
INV16003288,B016,B016-C1127,FMCG Client 127,FMCG & Food Processing,30,132707.47,2025-07-03,2025-08-02,closed,2025-08-05,33,3,False,False,average_payer
INV16003289,B016,B016-C1127,FMCG Client 127,FMCG & Food Processing,30,81161.56,2025-08-16,2025-09-15,closed,2025-09-15,30,0,False,False,average_payer
INV16003290,B016,B016-C1127,FMCG Client 127,FMCG & Food Processing,30,77410.8,2025-08-20,2025-09-19,closed,2025-09-19,30,0,False,False,average_payer
INV16003291,B016,B016-C1127,FMCG Client 127,FMCG & Food Processing,30,152754.46,2025-08-24,2025-09-23,closed,2025-10-01,38,8,False,False,average_payer
INV16003292,B016,B016-C1127,FMCG Client 127,FMCG & Food Processing,30,87573.67,2025-09-01,2025-10-01,closed,2025-10-15,44,14,False,False,average_payer
INV16003293,B016,B016-C1127,FMCG Client 127,FMCG & Food Processing,30,54396.23,2025-11-07,2025-12-07,closed,2025-11-25,18,-12,False,False,average_payer
INV16003294,B016,B016-C1127,FMCG Client 127,FMCG & Food Processing,30,119482.99,2025-12-15,2026-01-14,closed,2026-01-24,40,10,False,False,average_payer
INV16003295,B016,B016-C1127,FMCG Client 127,FMCG & Food Processing,30,51239.24,2025-12-17,2026-01-16,closed,2026-01-29,43,13,False,False,average_payer
INV16003296,B016,B016-C1127,FMCG Client 127,FMCG & Food Processing,30,71450.73,2025-12-29,2026-01-28,closed,2026-02-05,38,8,False,False,average_payer
INV16003297,B016,B016-C1127,FMCG Client 127,FMCG & Food Processing,30,132534.48,2026-01-13,2026-02-12,closed,2026-02-15,33,3,False,False,average_payer
INV16003298,B016,B016-C1127,FMCG Client 127,FMCG & Food Processing,30,119119.39,2026-01-26,2026-02-25,closed,2026-03-09,42,12,False,False,average_payer
INV16003299,B016,B016-C1127,FMCG Client 127,FMCG & Food Processing,30,68535.82,2026-03-14,2026-04-13,closed,2026-04-16,33,3,False,False,average_payer
INV16003300,B016,B016-C1127,FMCG Client 127,FMCG & Food Processing,30,143944.46,2026-04-05,2026-05-05,closed,2026-05-09,34,4,False,False,average_payer
INV16003301,B016,B016-C1127,FMCG Client 127,FMCG & Food Processing,30,83597.28,2026-04-21,2026-05-21,closed,2026-05-23,32,2,False,False,average_payer
INV16003302,B016,B016-C1127,FMCG Client 127,FMCG & Food Processing,30,186500.68,2026-05-08,2026-06-07,closed,2026-06-15,38,8,False,False,average_payer
INV16003303,B016,B016-C1127,FMCG Client 127,FMCG & Food Processing,30,88101.17,2026-05-09,2026-06-08,closed,2026-06-04,26,-4,False,False,average_payer
INV16003304,B016,B016-C1127,FMCG Client 127,FMCG & Food Processing,30,95180.04,2026-05-16,2026-06-15,closed,2026-06-26,41,11,False,False,average_payer
INV16003305,B016,B016-C1127,FMCG Client 127,FMCG & Food Processing,30,120499.18,2026-05-31,2026-06-30,closed,2026-07-09,39,9,False,False,average_payer
INV16003306,B016,B016-C1127,FMCG Client 127,FMCG & Food Processing,30,102863.45,2026-06-06,2026-07-06,closed,2026-07-04,28,-2,True,False,average_payer
INV16003307,B016,B016-C1127,FMCG Client 127,FMCG & Food Processing,30,82820.83,2026-06-14,2026-07-14,closed,2026-07-23,39,9,False,False,average_payer
INV16003308,B016,B016-C1127,FMCG Client 127,FMCG & Food Processing,30,87968.05,2026-06-26,2026-07-26,closed,2026-07-24,28,-2,False,False,average_payer
INV16003309,B016,B016-C1127,FMCG Client 127,FMCG & Food Processing,30,138069.39,2026-07-04,2026-08-03,closed,2026-08-08,35,5,False,False,average_payer
INV16003310,B016,B016-C1127,FMCG Client 127,FMCG & Food Processing,30,111164.3,2026-07-22,2026-08-21,closed,2026-08-28,37,7,False,False,average_payer
INV16003311,B016,B016-C1127,FMCG Client 127,FMCG & Food Processing,30,177802.23,2026-08-23,2026-09-22,open,,,,False,False,average_payer
INV16003312,B016,B016-C1127,FMCG Client 127,FMCG & Food Processing,30,132135.72,2026-08-26,2026-09-25,open,,,,False,False,average_payer
INV16003313,B016,B016-C1127,FMCG Client 127,FMCG & Food Processing,30,61442.43,2026-08-27,2026-09-26,open,,,,False,False,average_payer
INV16003314,B016,B016-C1128,Auto Client 128,Auto Components,45,53461.01,2025-01-15,2025-03-01,closed,2025-03-05,49,4,False,False,cold_start
INV16003315,B016,B016-C1128,Auto Client 128,Auto Components,45,79863.38,2026-07-24,2026-09-07,open,,,,False,False,cold_start
INV16003316,B016,B016-C1129,Pharma Client 129,Pharma & Healthcare,60,52580.25,2024-04-07,2024-06-06,closed,2024-06-19,73,13,False,False,average_payer
INV16003317,B016,B016-C1129,Pharma Client 129,Pharma & Healthcare,60,91241.95,2024-05-01,2024-06-30,closed,2024-07-01,61,1,False,False,average_payer
INV16003318,B016,B016-C1129,Pharma Client 129,Pharma & Healthcare,60,64084.63,2024-08-12,2024-10-11,closed,2024-10-23,72,12,False,False,average_payer
INV16003319,B016,B016-C1129,Pharma Client 129,Pharma & Healthcare,60,100835.18,2024-08-27,2024-10-26,closed,2024-11-10,75,15,False,False,average_payer
INV16003320,B016,B016-C1129,Pharma Client 129,Pharma & Healthcare,60,106459.68,2024-08-28,2024-10-27,closed,2024-11-04,68,8,False,False,average_payer
INV16003321,B016,B016-C1129,Pharma Client 129,Pharma & Healthcare,60,128954.47,2024-09-03,2024-11-02,closed,2024-11-02,60,0,False,False,average_payer
INV16003322,B016,B016-C1129,Pharma Client 129,Pharma & Healthcare,60,96868.37,2024-11-02,2025-01-01,closed,2025-01-14,73,13,False,False,average_payer
INV16003323,B016,B016-C1129,Pharma Client 129,Pharma & Healthcare,60,125617.69,2025-03-12,2025-05-11,closed,2025-05-15,64,4,False,False,average_payer
INV16003324,B016,B016-C1129,Pharma Client 129,Pharma & Healthcare,60,67750.54,2025-04-28,2025-06-27,closed,2025-06-28,61,1,False,False,average_payer
INV16003325,B016,B016-C1129,Pharma Client 129,Pharma & Healthcare,60,130193.24,2025-05-03,2025-07-02,closed,2025-07-16,74,14,False,False,average_payer
INV16003326,B016,B016-C1129,Pharma Client 129,Pharma & Healthcare,60,68246.9,2025-09-11,2025-11-10,closed,2025-11-04,54,-6,False,False,average_payer
INV16003327,B016,B016-C1129,Pharma Client 129,Pharma & Healthcare,60,107953.94,2025-09-18,2025-11-17,closed,2025-11-21,64,4,False,False,average_payer
INV16003328,B016,B016-C1129,Pharma Client 129,Pharma & Healthcare,60,92731.97,2026-01-21,2026-03-22,closed,2026-04-03,72,12,False,False,average_payer
INV16003329,B016,B016-C1129,Pharma Client 129,Pharma & Healthcare,60,64996.36,2026-02-16,2026-04-17,closed,2026-04-12,55,-5,False,False,average_payer
INV16003330,B016,B016-C1129,Pharma Client 129,Pharma & Healthcare,60,67310.56,2026-03-15,2026-05-14,closed,2026-05-14,60,0,False,False,average_payer
INV16003331,B016,B016-C1129,Pharma Client 129,Pharma & Healthcare,60,72929.96,2026-04-09,2026-06-08,closed,2026-06-20,72,12,False,False,average_payer
INV16003332,B016,B016-C1129,Pharma Client 129,Pharma & Healthcare,60,140461.33,2026-08-11,2026-10-10,open,,,,False,False,average_payer
INV16003333,B016,B016-C1129,Pharma Client 129,Pharma & Healthcare,60,60149.68,2026-08-14,2026-10-13,open,,,,False,False,average_payer
INV16003334,B016,B016-C1130,Electronics Client 130,Electronics & Electricals,30,40702.74,2024-11-14,2024-12-14,closed,2024-12-11,27,-3,False,False,average_payer
INV16003335,B016,B016-C1130,Electronics Client 130,Electronics & Electricals,30,43254.64,2024-12-24,2025-01-23,closed,2025-01-29,36,6,False,False,average_payer
INV16003336,B016,B016-C1130,Electronics Client 130,Electronics & Electricals,30,30512.51,2025-01-16,2025-02-15,closed,2025-02-20,35,5,False,False,average_payer
INV16003337,B016,B016-C1130,Electronics Client 130,Electronics & Electricals,30,53868.67,2025-03-11,2025-04-10,closed,2025-04-25,45,15,False,False,average_payer
INV16003338,B016,B016-C1130,Electronics Client 130,Electronics & Electricals,30,38078.36,2025-03-15,2025-04-14,closed,2025-04-13,29,-1,False,False,average_payer
INV16003339,B016,B016-C1130,Electronics Client 130,Electronics & Electricals,30,70417.34,2025-04-07,2025-05-07,closed,2025-05-05,28,-2,False,False,average_payer
INV16003340,B016,B016-C1130,Electronics Client 130,Electronics & Electricals,30,157795.65,2025-05-12,2025-06-11,closed,2025-06-21,40,10,True,True,average_payer
INV16003341,B016,B016-C1130,Electronics Client 130,Electronics & Electricals,30,71942.47,2025-05-18,2025-06-17,closed,2025-06-19,32,2,False,False,average_payer
INV16003342,B016,B016-C1130,Electronics Client 130,Electronics & Electricals,30,50232.84,2025-08-01,2025-08-31,closed,2025-09-13,43,13,False,False,average_payer
INV16003343,B016,B016-C1130,Electronics Client 130,Electronics & Electricals,30,47308.36,2025-08-16,2025-09-15,closed,2025-09-23,38,8,False,False,average_payer
INV16003344,B016,B016-C1130,Electronics Client 130,Electronics & Electricals,30,40505.86,2025-08-19,2025-09-18,closed,2025-09-28,40,10,False,False,average_payer
INV16003345,B016,B016-C1130,Electronics Client 130,Electronics & Electricals,30,75895.16,2025-11-17,2025-12-17,closed,2025-12-26,39,9,False,False,average_payer
INV16003346,B016,B016-C1130,Electronics Client 130,Electronics & Electricals,30,74366.2,2025-12-31,2026-01-30,closed,2026-02-07,38,8,False,False,average_payer
INV16003347,B016,B016-C1130,Electronics Client 130,Electronics & Electricals,30,65969.65,2026-03-28,2026-04-27,closed,2026-04-23,26,-4,False,False,average_payer
INV16003348,B016,B016-C1130,Electronics Client 130,Electronics & Electricals,30,59082.68,2026-05-11,2026-06-10,closed,2026-06-05,25,-5,False,False,average_payer
INV16003349,B016,B016-C1130,Electronics Client 130,Electronics & Electricals,30,66082.58,2026-07-23,2026-08-22,closed,2026-09-01,40,10,False,False,average_payer
INV16003350,B016,B016-C1130,Electronics Client 130,Electronics & Electricals,30,45880.96,2026-08-05,2026-09-04,open,,,,False,False,average_payer
INV16003351,B016,B016-C1130,Electronics Client 130,Electronics & Electricals,30,33219.54,2026-08-12,2026-09-11,disputed_open,,,,False,False,average_payer
INV16003352,B016,B016-C1130,Electronics Client 130,Electronics & Electricals,30,120583.91,2026-09-01,2026-10-01,open,,,,False,False,average_payer
INV16003353,B016,B016-C1131,FMCG Client 131,FMCG & Food Processing,60,109712.93,2024-05-02,2024-07-01,closed,2024-07-05,64,4,False,False,cold_start
INV16003354,B016,B016-C1131,FMCG Client 131,FMCG & Food Processing,60,87016.3,2024-07-12,2024-09-10,closed,2024-09-04,54,-6,False,False,cold_start
INV16003355,B016,B016-C1131,FMCG Client 131,FMCG & Food Processing,60,67559.82,2025-03-26,2025-05-25,open,,,,False,False,cold_start
INV16003356,B016,B016-C1132,Retail Client 132,Retail & Distribution,30,78723.69,2024-04-29,2024-05-29,closed,2024-06-16,48,18,False,False,average_payer
INV16003357,B016,B016-C1132,Retail Client 132,Retail & Distribution,30,50987.26,2024-06-13,2024-07-13,closed,2024-07-21,38,8,True,False,average_payer
INV16003358,B016,B016-C1132,Retail Client 132,Retail & Distribution,30,76169.62,2024-06-25,2024-07-25,closed,2024-08-18,54,24,False,False,average_payer
INV16003359,B016,B016-C1132,Retail Client 132,Retail & Distribution,30,54873.06,2024-06-29,2024-07-29,closed,2024-08-06,38,8,False,False,average_payer
INV16003360,B016,B016-C1132,Retail Client 132,Retail & Distribution,30,102717.72,2024-07-21,2024-08-20,closed,2024-08-28,38,8,False,False,average_payer
INV16003361,B016,B016-C1132,Retail Client 132,Retail & Distribution,30,84223.34,2024-07-26,2024-08-25,closed,2024-08-26,31,1,True,False,average_payer
INV16003362,B016,B016-C1132,Retail Client 132,Retail & Distribution,30,151693.09,2024-09-09,2024-10-09,closed,2024-10-18,39,9,False,True,average_payer
INV16003363,B016,B016-C1132,Retail Client 132,Retail & Distribution,30,58901.96,2024-10-02,2024-11-01,closed,2024-11-10,39,9,False,False,average_payer
INV16003364,B016,B016-C1132,Retail Client 132,Retail & Distribution,30,37140.9,2024-10-09,2024-11-08,closed,2024-11-07,29,-1,False,False,average_payer
INV16003365,B016,B016-C1132,Retail Client 132,Retail & Distribution,30,49139.61,2024-10-21,2024-11-20,closed,2024-11-29,39,9,False,False,average_payer
INV16003366,B016,B016-C1132,Retail Client 132,Retail & Distribution,30,80267.23,2025-01-09,2025-02-08,closed,2025-02-28,50,20,False,False,average_payer
INV16003367,B016,B016-C1132,Retail Client 132,Retail & Distribution,30,38769.89,2025-03-09,2025-04-08,closed,2025-04-24,46,16,False,False,average_payer
INV16003368,B016,B016-C1132,Retail Client 132,Retail & Distribution,30,168564.07,2025-06-08,2025-07-08,closed,2025-07-07,29,-1,False,True,average_payer
INV16003369,B016,B016-C1132,Retail Client 132,Retail & Distribution,30,101427.48,2025-07-02,2025-08-01,closed,2025-08-12,41,11,False,False,average_payer
INV16003370,B016,B016-C1132,Retail Client 132,Retail & Distribution,30,73202.21,2025-07-27,2025-08-26,closed,2025-09-01,36,6,False,False,average_payer
INV16003371,B016,B016-C1132,Retail Client 132,Retail & Distribution,30,84843.51,2025-08-28,2025-09-27,closed,2025-10-10,43,13,False,False,average_payer
INV16003372,B016,B016-C1132,Retail Client 132,Retail & Distribution,30,68554.37,2026-01-07,2026-02-06,closed,2026-02-19,43,13,False,False,average_payer
INV16003373,B016,B016-C1132,Retail Client 132,Retail & Distribution,30,87035.46,2026-01-15,2026-02-14,closed,2026-02-23,39,9,False,False,average_payer
INV16003374,B016,B016-C1132,Retail Client 132,Retail & Distribution,30,114684.22,2026-02-17,2026-03-19,closed,2026-04-09,51,21,False,False,average_payer
INV16003375,B016,B016-C1132,Retail Client 132,Retail & Distribution,30,38034.49,2026-02-28,2026-03-30,closed,2026-04-10,41,11,False,False,average_payer
INV16003376,B016,B016-C1132,Retail Client 132,Retail & Distribution,30,47765.58,2026-04-19,2026-05-19,closed,2026-05-21,32,2,False,False,average_payer
INV16003377,B016,B016-C1132,Retail Client 132,Retail & Distribution,30,45012.24,2026-07-24,2026-08-23,closed,2026-08-31,38,8,False,False,average_payer
INV16003378,B016,B016-C1133,Retail Client 133,Retail & Distribution,45,84574.39,2024-03-27,2024-05-11,closed,2024-05-26,60,15,False,False,cold_start
INV16003379,B016,B016-C1133,Retail Client 133,Retail & Distribution,45,90247.79,2025-03-03,2025-04-17,closed,2025-04-24,52,7,False,False,cold_start
INV16003380,B016,B016-C1133,Retail Client 133,Retail & Distribution,45,111692.57,2025-12-11,2026-01-25,closed,2026-01-25,45,0,False,False,cold_start
INV16003381,B016,B016-C1134,Metal Client 134,Metal & Engineering,60,104582.27,2024-03-26,2024-05-25,closed,2024-05-22,57,-3,False,False,average_payer
INV16003382,B016,B016-C1134,Metal Client 134,Metal & Engineering,60,178149.04,2024-04-07,2024-06-06,closed,2024-06-14,68,8,False,False,average_payer
INV16003383,B016,B016-C1134,Metal Client 134,Metal & Engineering,60,199910.57,2024-04-08,2024-06-07,closed,2024-06-09,62,2,False,False,average_payer
INV16003384,B016,B016-C1134,Metal Client 134,Metal & Engineering,60,108623.93,2024-04-28,2024-06-27,closed,2024-07-15,78,18,False,False,average_payer
INV16003385,B016,B016-C1134,Metal Client 134,Metal & Engineering,60,223875.71,2024-05-25,2024-07-24,closed,2024-07-31,67,7,False,False,average_payer
INV16003386,B016,B016-C1134,Metal Client 134,Metal & Engineering,60,172422.26,2024-06-24,2024-08-23,closed,2024-08-29,66,6,False,False,average_payer
INV16003387,B016,B016-C1134,Metal Client 134,Metal & Engineering,60,95203.96,2024-07-06,2024-09-04,closed,2024-09-10,66,6,False,False,average_payer
INV16003388,B016,B016-C1134,Metal Client 134,Metal & Engineering,60,95130.54,2024-09-14,2024-11-13,closed,2024-11-24,71,11,False,False,average_payer
INV16003389,B016,B016-C1134,Metal Client 134,Metal & Engineering,60,156568.35,2024-09-17,2024-11-16,closed,2024-11-29,73,13,False,False,average_payer
INV16003390,B016,B016-C1134,Metal Client 134,Metal & Engineering,60,143976.78,2024-10-04,2024-12-03,open,,,,False,False,average_payer
INV16003391,B016,B016-C1134,Metal Client 134,Metal & Engineering,60,79433.32,2024-10-25,2024-12-24,closed,2024-12-23,59,-1,False,False,average_payer
INV16003392,B016,B016-C1134,Metal Client 134,Metal & Engineering,60,94909.27,2024-11-13,2025-01-12,closed,2025-01-15,63,3,False,False,average_payer
INV16003393,B016,B016-C1134,Metal Client 134,Metal & Engineering,60,180195.24,2024-12-03,2025-02-01,closed,2025-02-04,63,3,False,False,average_payer
INV16003394,B016,B016-C1134,Metal Client 134,Metal & Engineering,60,193713.89,2024-12-19,2025-02-17,closed,2025-02-13,56,-4,False,False,average_payer
INV16003395,B016,B016-C1134,Metal Client 134,Metal & Engineering,60,88655.81,2024-12-21,2025-02-19,closed,2025-03-07,76,16,False,False,average_payer
INV16003396,B016,B016-C1134,Metal Client 134,Metal & Engineering,60,173428.32,2024-12-22,2025-02-20,closed,2025-03-02,70,10,False,False,average_payer
INV16003397,B016,B016-C1134,Metal Client 134,Metal & Engineering,60,175078.93,2025-01-31,2025-04-01,closed,2025-04-07,66,6,False,False,average_payer
INV16003398,B016,B016-C1134,Metal Client 134,Metal & Engineering,60,184330.63,2025-04-23,2025-06-22,closed,2025-06-22,60,0,False,False,average_payer
INV16003399,B016,B016-C1134,Metal Client 134,Metal & Engineering,60,124746.32,2025-07-16,2025-09-14,closed,2025-09-23,69,9,False,False,average_payer
INV16003400,B016,B016-C1134,Metal Client 134,Metal & Engineering,60,658277.69,2025-09-28,2025-11-27,closed,2025-12-06,69,9,False,True,average_payer
INV16003401,B016,B016-C1134,Metal Client 134,Metal & Engineering,60,264644.11,2025-10-02,2025-12-01,closed,2025-12-04,63,3,False,False,average_payer
INV16003402,B016,B016-C1134,Metal Client 134,Metal & Engineering,60,159275.57,2025-11-04,2026-01-03,closed,2026-01-22,79,19,False,False,average_payer
INV16003403,B016,B016-C1134,Metal Client 134,Metal & Engineering,60,155652.05,2025-11-04,2026-01-03,closed,2026-01-12,69,9,False,False,average_payer
INV16003404,B016,B016-C1134,Metal Client 134,Metal & Engineering,60,107074.64,2025-11-13,2026-01-12,closed,2026-02-02,81,21,False,False,average_payer
INV16003405,B016,B016-C1134,Metal Client 134,Metal & Engineering,60,118755.4,2025-11-14,2026-01-13,closed,2026-01-10,57,-3,False,False,average_payer
INV16003406,B016,B016-C1134,Metal Client 134,Metal & Engineering,60,161556.97,2025-12-03,2026-02-01,closed,2026-02-04,63,3,False,False,average_payer
INV16003407,B016,B016-C1134,Metal Client 134,Metal & Engineering,60,97877.04,2026-01-18,2026-03-19,closed,2026-03-26,67,7,False,False,average_payer
INV16003408,B016,B016-C1134,Metal Client 134,Metal & Engineering,60,137472.84,2026-01-22,2026-03-23,closed,2026-03-26,63,3,False,False,average_payer
INV16003409,B016,B016-C1134,Metal Client 134,Metal & Engineering,60,171305.34,2026-02-25,2026-04-26,closed,2026-04-30,64,4,False,False,average_payer
INV16003410,B016,B016-C1134,Metal Client 134,Metal & Engineering,60,93463.13,2026-03-13,2026-05-12,closed,2026-05-14,62,2,False,False,average_payer
INV16003411,B016,B016-C1134,Metal Client 134,Metal & Engineering,60,99761.56,2026-03-23,2026-05-22,closed,2026-05-24,62,2,False,False,average_payer
INV16003412,B016,B016-C1134,Metal Client 134,Metal & Engineering,60,172842.31,2026-05-12,2026-07-11,closed,2026-08-01,81,21,False,False,average_payer
INV16003413,B016,B016-C1134,Metal Client 134,Metal & Engineering,60,599635.33,2026-07-01,2026-08-30,disputed_open,,,,False,True,average_payer
INV16003414,B016,B016-C1134,Metal Client 134,Metal & Engineering,60,205397.86,2026-07-19,2026-09-17,disputed_open,,,,False,False,average_payer
INV16003415,B016,B016-C1134,Metal Client 134,Metal & Engineering,60,239646.86,2026-07-27,2026-09-25,open,,,,False,False,average_payer
INV16003416,B016,B016-C1135,FMCG Client 135,FMCG & Food Processing,30,205321.42,2024-03-18,2024-04-17,closed,2024-04-30,43,13,True,False,deteriorating_payer
INV16003417,B016,B016-C1135,FMCG Client 135,FMCG & Food Processing,30,162852.26,2024-07-21,2024-08-20,closed,2024-09-06,47,17,False,False,deteriorating_payer
INV16003418,B016,B016-C1135,FMCG Client 135,FMCG & Food Processing,30,135913.46,2024-09-10,2024-10-10,closed,2024-10-31,51,21,False,False,deteriorating_payer
INV16003419,B016,B016-C1135,FMCG Client 135,FMCG & Food Processing,30,122387.31,2024-10-05,2024-11-04,closed,2024-11-22,48,18,False,False,deteriorating_payer
INV16003420,B016,B016-C1135,FMCG Client 135,FMCG & Food Processing,30,1023102.64,2024-10-10,2024-11-09,closed,2024-12-08,59,29,False,True,deteriorating_payer
INV16003421,B016,B016-C1135,FMCG Client 135,FMCG & Food Processing,30,255224.85,2024-12-23,2025-01-22,closed,2025-01-28,36,6,False,False,deteriorating_payer
INV16003422,B016,B016-C1135,FMCG Client 135,FMCG & Food Processing,30,158486.79,2025-02-13,2025-03-15,closed,2025-03-14,29,-1,True,False,deteriorating_payer
INV16003423,B016,B016-C1135,FMCG Client 135,FMCG & Food Processing,30,203547.12,2025-02-19,2025-03-21,closed,2025-04-21,61,31,False,False,deteriorating_payer
INV16003424,B016,B016-C1135,FMCG Client 135,FMCG & Food Processing,30,141380.4,2025-03-05,2025-04-04,closed,2025-05-02,58,28,False,False,deteriorating_payer
INV16003425,B016,B016-C1135,FMCG Client 135,FMCG & Food Processing,30,174939.4,2025-03-07,2025-04-06,closed,2025-04-19,43,13,False,False,deteriorating_payer
INV16003426,B016,B016-C1135,FMCG Client 135,FMCG & Food Processing,30,141556.99,2025-03-29,2025-04-28,closed,2025-05-18,50,20,False,False,deteriorating_payer
INV16003427,B016,B016-C1135,FMCG Client 135,FMCG & Food Processing,30,235581.7,2025-04-05,2025-05-05,closed,2025-06-12,68,38,False,False,deteriorating_payer
INV16003428,B016,B016-C1135,FMCG Client 135,FMCG & Food Processing,30,198200.5,2025-04-07,2025-05-07,closed,2025-05-10,33,3,False,False,deteriorating_payer
INV16003429,B016,B016-C1135,FMCG Client 135,FMCG & Food Processing,30,123730.25,2025-05-22,2025-06-21,closed,2025-07-29,68,38,False,False,deteriorating_payer
INV16003430,B016,B016-C1135,FMCG Client 135,FMCG & Food Processing,30,150312.85,2025-05-30,2025-06-29,closed,2025-07-14,45,15,False,False,deteriorating_payer
INV16003431,B016,B016-C1135,FMCG Client 135,FMCG & Food Processing,30,203899.58,2025-06-08,2025-07-08,closed,2025-07-27,49,19,False,False,deteriorating_payer
INV16003432,B016,B016-C1135,FMCG Client 135,FMCG & Food Processing,30,106158.54,2025-06-11,2025-07-11,closed,2025-08-20,70,40,False,False,deteriorating_payer
INV16003433,B016,B016-C1135,FMCG Client 135,FMCG & Food Processing,30,111240.65,2025-06-15,2025-07-15,closed,2025-08-18,64,34,False,False,deteriorating_payer
INV16003434,B016,B016-C1135,FMCG Client 135,FMCG & Food Processing,30,163727.2,2025-06-17,2025-07-17,closed,2025-08-19,63,33,False,False,deteriorating_payer
INV16003435,B016,B016-C1135,FMCG Client 135,FMCG & Food Processing,30,155515.62,2025-08-11,2025-09-10,closed,2025-09-15,35,5,False,False,deteriorating_payer
INV16003436,B016,B016-C1135,FMCG Client 135,FMCG & Food Processing,30,113221.61,2025-09-02,2025-10-02,closed,2025-10-19,47,17,False,False,deteriorating_payer
INV16003437,B016,B016-C1135,FMCG Client 135,FMCG & Food Processing,30,206231.29,2025-10-04,2025-11-03,closed,2025-12-08,65,35,False,False,deteriorating_payer
INV16003438,B016,B016-C1135,FMCG Client 135,FMCG & Food Processing,30,284228.69,2025-11-01,2025-12-01,closed,2025-12-28,57,27,False,True,deteriorating_payer
INV16003439,B016,B016-C1135,FMCG Client 135,FMCG & Food Processing,30,237339.94,2025-11-02,2025-12-02,closed,2026-01-04,63,33,False,False,deteriorating_payer
INV16003440,B016,B016-C1135,FMCG Client 135,FMCG & Food Processing,30,194591.51,2025-12-20,2026-01-19,closed,2026-03-05,75,45,False,False,deteriorating_payer
INV16003441,B016,B016-C1135,FMCG Client 135,FMCG & Food Processing,30,135034.16,2025-12-30,2026-01-29,closed,2026-02-03,35,5,False,False,deteriorating_payer
INV16003442,B016,B016-C1135,FMCG Client 135,FMCG & Food Processing,30,184030.5,2026-01-15,2026-02-14,closed,2026-03-05,49,19,False,False,deteriorating_payer
INV16003443,B016,B016-C1135,FMCG Client 135,FMCG & Food Processing,30,178090.39,2026-01-28,2026-02-27,closed,2026-03-09,40,10,False,False,deteriorating_payer
INV16003444,B016,B016-C1135,FMCG Client 135,FMCG & Food Processing,30,361759.64,2026-02-11,2026-03-13,closed,2026-04-05,53,23,False,False,deteriorating_payer
INV16003445,B016,B016-C1135,FMCG Client 135,FMCG & Food Processing,30,212638.85,2026-02-16,2026-03-18,closed,2026-04-02,45,15,False,False,deteriorating_payer
INV16003446,B016,B016-C1135,FMCG Client 135,FMCG & Food Processing,30,124494.57,2026-02-17,2026-03-19,closed,2026-05-16,88,58,False,False,deteriorating_payer
INV16003447,B016,B016-C1135,FMCG Client 135,FMCG & Food Processing,30,111217.2,2026-03-14,2026-04-13,closed,2026-05-08,55,25,False,False,deteriorating_payer
INV16003448,B016,B016-C1135,FMCG Client 135,FMCG & Food Processing,30,225586.89,2026-05-11,2026-06-10,closed,2026-07-25,75,45,False,False,deteriorating_payer
INV16003449,B016,B016-C1135,FMCG Client 135,FMCG & Food Processing,30,235557.55,2026-06-29,2026-07-29,closed,2026-09-02,65,35,False,False,deteriorating_payer
INV16003450,B016,B016-C1135,FMCG Client 135,FMCG & Food Processing,30,117904.08,2026-07-05,2026-08-04,open,,,,False,False,deteriorating_payer
INV16003451,B016,B016-C1135,FMCG Client 135,FMCG & Food Processing,30,179048.72,2026-08-02,2026-09-01,disputed_open,,,,False,False,deteriorating_payer
INV16003452,B016,B016-C1135,FMCG Client 135,FMCG & Food Processing,30,285165.98,2026-08-05,2026-09-04,disputed_open,,,,False,False,deteriorating_payer
INV16003453,B016,B016-C1136,Pharma Client 136,Pharma & Healthcare,30,71263.93,2024-06-23,2024-07-23,closed,2024-08-07,45,15,False,False,cold_start
INV16003454,B016,B016-C1136,Pharma Client 136,Pharma & Healthcare,30,60930.56,2026-01-25,2026-02-24,closed,2026-02-28,34,4,False,False,cold_start
INV16003455,B016,B016-C1136,Pharma Client 136,Pharma & Healthcare,30,54932.17,2026-07-04,2026-08-03,closed,2026-07-28,24,-6,False,False,cold_start
INV16003456,B016,B016-C1137,Auto Client 137,Auto Components,45,21406.36,2025-04-12,2025-05-27,closed,2025-08-05,115,70,False,False,erratic_payer
INV16003457,B016,B016-C1137,Auto Client 137,Auto Components,45,24753.85,2025-05-06,2025-06-20,closed,2025-09-14,131,86,False,False,erratic_payer
INV16003458,B016,B016-C1137,Auto Client 137,Auto Components,45,18674.63,2025-11-30,2026-01-14,closed,2026-01-15,46,1,False,False,erratic_payer
INV16003459,B016,B016-C1137,Auto Client 137,Auto Components,45,27515.57,2026-03-19,2026-05-03,disputed_open,,,,False,False,erratic_payer
INV16003460,B016,B016-C1137,Auto Client 137,Auto Components,45,72111.79,2026-05-27,2026-07-11,open,,,,False,True,erratic_payer
INV16003461,B016,B016-C1138,Metal Client 138,Metal & Engineering,30,89051.15,2024-04-08,2024-05-08,closed,2024-05-01,23,-7,False,False,seasonal_payer
INV16003462,B016,B016-C1138,Metal Client 138,Metal & Engineering,30,117835.52,2024-05-11,2024-06-10,closed,2024-06-04,24,-6,False,False,seasonal_payer
INV16003463,B016,B016-C1138,Metal Client 138,Metal & Engineering,30,62309.39,2024-05-18,2024-06-17,closed,2024-06-22,35,5,False,False,seasonal_payer
INV16003464,B016,B016-C1138,Metal Client 138,Metal & Engineering,30,69327.06,2024-05-18,2024-06-17,closed,2024-06-24,37,7,False,False,seasonal_payer
INV16003465,B016,B016-C1138,Metal Client 138,Metal & Engineering,30,125716.97,2024-05-18,2024-06-17,closed,2024-06-16,29,-1,False,False,seasonal_payer
INV16003466,B016,B016-C1138,Metal Client 138,Metal & Engineering,30,240171.98,2024-05-19,2024-06-18,closed,2024-06-19,31,1,False,False,seasonal_payer
INV16003467,B016,B016-C1138,Metal Client 138,Metal & Engineering,30,205735.72,2024-05-21,2024-06-20,closed,2024-06-23,33,3,False,True,seasonal_payer
INV16003468,B016,B016-C1138,Metal Client 138,Metal & Engineering,30,69122.86,2024-06-04,2024-07-04,closed,2024-06-30,26,-4,False,False,seasonal_payer
INV16003469,B016,B016-C1138,Metal Client 138,Metal & Engineering,30,144344.93,2024-06-23,2024-07-23,closed,2024-07-26,33,3,False,False,seasonal_payer
INV16003470,B016,B016-C1138,Metal Client 138,Metal & Engineering,30,65917.87,2024-09-12,2024-10-12,closed,2024-10-23,41,11,False,False,seasonal_payer
INV16003471,B016,B016-C1138,Metal Client 138,Metal & Engineering,30,55471.66,2024-10-20,2024-11-19,closed,2024-11-28,39,9,False,False,seasonal_payer
INV16003472,B016,B016-C1138,Metal Client 138,Metal & Engineering,30,97730.34,2025-01-14,2025-02-13,closed,2025-03-07,52,22,False,False,seasonal_payer
INV16003473,B016,B016-C1138,Metal Client 138,Metal & Engineering,30,52392.15,2025-04-11,2025-05-11,closed,2025-05-04,23,-7,False,False,seasonal_payer
INV16003474,B016,B016-C1138,Metal Client 138,Metal & Engineering,30,87848.35,2025-04-11,2025-05-11,closed,2025-05-18,37,7,False,False,seasonal_payer
INV16003475,B016,B016-C1138,Metal Client 138,Metal & Engineering,30,74051.97,2025-07-08,2025-08-07,closed,2025-08-25,48,18,False,False,seasonal_payer
INV16003476,B016,B016-C1138,Metal Client 138,Metal & Engineering,30,87166.41,2025-07-09,2025-08-08,closed,2025-08-14,36,6,False,False,seasonal_payer
INV16003477,B016,B016-C1138,Metal Client 138,Metal & Engineering,30,140570.83,2025-07-25,2025-08-24,closed,2025-09-03,40,10,False,False,seasonal_payer
INV16003478,B016,B016-C1138,Metal Client 138,Metal & Engineering,30,84836.04,2025-08-14,2025-09-13,closed,2025-09-28,45,15,False,False,seasonal_payer
INV16003479,B016,B016-C1138,Metal Client 138,Metal & Engineering,30,78862.75,2025-09-12,2025-10-12,closed,2025-10-25,43,13,False,False,seasonal_payer
INV16003480,B016,B016-C1138,Metal Client 138,Metal & Engineering,30,83747.3,2026-01-02,2026-02-01,closed,2026-02-14,43,13,False,False,seasonal_payer
INV16003481,B016,B016-C1138,Metal Client 138,Metal & Engineering,30,110353.16,2026-01-10,2026-02-09,closed,2026-02-13,34,4,False,False,seasonal_payer
INV16003482,B016,B016-C1138,Metal Client 138,Metal & Engineering,30,78352.48,2026-01-19,2026-02-18,closed,2026-02-20,32,2,False,False,seasonal_payer
INV16003483,B016,B016-C1138,Metal Client 138,Metal & Engineering,30,86347.46,2026-02-01,2026-03-03,closed,2026-03-02,29,-1,False,False,seasonal_payer
INV16003484,B016,B016-C1138,Metal Client 138,Metal & Engineering,30,143297.06,2026-02-01,2026-03-03,closed,2026-03-11,38,8,False,False,seasonal_payer
INV16003485,B016,B016-C1138,Metal Client 138,Metal & Engineering,30,120365.9,2026-02-07,2026-03-09,closed,2026-03-19,40,10,True,False,seasonal_payer
INV16003486,B016,B016-C1138,Metal Client 138,Metal & Engineering,30,115223.47,2026-02-09,2026-03-11,closed,2026-04-02,52,22,False,False,seasonal_payer
INV16003487,B016,B016-C1138,Metal Client 138,Metal & Engineering,30,40089.52,2026-02-23,2026-03-25,closed,2026-04-07,43,13,False,False,seasonal_payer
INV16003488,B016,B016-C1138,Metal Client 138,Metal & Engineering,30,72360.14,2026-03-14,2026-04-13,closed,2026-04-19,36,6,False,False,seasonal_payer
INV16003489,B016,B016-C1138,Metal Client 138,Metal & Engineering,30,75431.94,2026-05-13,2026-06-12,closed,2026-06-20,38,8,False,False,seasonal_payer
INV16003490,B016,B016-C1138,Metal Client 138,Metal & Engineering,30,146334.79,2026-06-11,2026-07-11,closed,2026-07-30,49,19,False,False,seasonal_payer
INV16003491,B016,B016-C1138,Metal Client 138,Metal & Engineering,30,68886.67,2026-06-11,2026-07-11,closed,2026-07-21,40,10,False,False,seasonal_payer
INV16003492,B016,B016-C1138,Metal Client 138,Metal & Engineering,30,69773.35,2026-06-12,2026-07-12,closed,2026-07-16,34,4,False,False,seasonal_payer
INV16003493,B016,B016-C1138,Metal Client 138,Metal & Engineering,30,71833.83,2026-06-17,2026-07-17,closed,2026-07-28,41,11,False,False,seasonal_payer
INV16003494,B016,B016-C1138,Metal Client 138,Metal & Engineering,30,92082.02,2026-07-04,2026-08-03,closed,2026-08-14,41,11,False,False,seasonal_payer
INV16003495,B016,B016-C1139,Pharma Client 139,Pharma & Healthcare,30,38662.15,2024-04-30,2024-05-30,closed,2024-06-06,37,7,False,False,average_payer
INV16003496,B016,B016-C1139,Pharma Client 139,Pharma & Healthcare,30,52278.32,2024-06-15,2024-07-15,closed,2024-07-23,38,8,False,False,average_payer
INV16003497,B016,B016-C1139,Pharma Client 139,Pharma & Healthcare,30,67668.09,2024-06-20,2024-07-20,open,,,,False,False,average_payer
INV16003498,B016,B016-C1139,Pharma Client 139,Pharma & Healthcare,30,54089.97,2024-06-25,2024-07-25,closed,2024-07-29,34,4,False,False,average_payer
INV16003499,B016,B016-C1139,Pharma Client 139,Pharma & Healthcare,30,45508.34,2024-07-12,2024-08-11,closed,2024-08-08,27,-3,False,False,average_payer
INV16003500,B016,B016-C1139,Pharma Client 139,Pharma & Healthcare,30,48879.3,2024-08-24,2024-09-23,closed,2024-09-30,37,7,False,False,average_payer
INV16003501,B016,B016-C1139,Pharma Client 139,Pharma & Healthcare,30,40540.02,2024-08-24,2024-09-23,closed,2024-09-26,33,3,False,False,average_payer
INV16003502,B016,B016-C1139,Pharma Client 139,Pharma & Healthcare,30,191282.37,2024-08-26,2024-09-25,closed,2024-09-28,33,3,False,True,average_payer
INV16003503,B016,B016-C1139,Pharma Client 139,Pharma & Healthcare,30,51175.26,2024-08-28,2024-09-27,closed,2024-10-09,42,12,False,False,average_payer
INV16003504,B016,B016-C1139,Pharma Client 139,Pharma & Healthcare,30,53862.17,2024-09-28,2024-10-28,closed,2024-11-08,41,11,False,False,average_payer
INV16003505,B016,B016-C1139,Pharma Client 139,Pharma & Healthcare,30,68468.93,2024-12-29,2025-01-28,closed,2025-02-04,37,7,False,False,average_payer
INV16003506,B016,B016-C1139,Pharma Client 139,Pharma & Healthcare,30,97638.72,2025-01-07,2025-02-06,closed,2025-02-12,36,6,False,False,average_payer
INV16003507,B016,B016-C1139,Pharma Client 139,Pharma & Healthcare,30,31702.37,2025-01-14,2025-02-13,closed,2025-02-12,29,-1,False,False,average_payer
INV16003508,B016,B016-C1139,Pharma Client 139,Pharma & Healthcare,30,58533.74,2025-01-17,2025-02-16,closed,2025-02-18,32,2,False,False,average_payer
INV16003509,B016,B016-C1139,Pharma Client 139,Pharma & Healthcare,30,95099.34,2025-02-14,2025-03-16,closed,2025-03-31,45,15,False,False,average_payer
INV16003510,B016,B016-C1139,Pharma Client 139,Pharma & Healthcare,30,49075.07,2025-02-19,2025-03-21,closed,2025-03-27,36,6,False,False,average_payer
INV16003511,B016,B016-C1139,Pharma Client 139,Pharma & Healthcare,30,53939.05,2025-04-08,2025-05-08,closed,2025-05-15,37,7,False,False,average_payer
INV16003512,B016,B016-C1139,Pharma Client 139,Pharma & Healthcare,30,87057.53,2025-05-01,2025-05-31,closed,2025-05-27,26,-4,False,False,average_payer
INV16003513,B016,B016-C1139,Pharma Client 139,Pharma & Healthcare,30,37037.45,2025-05-02,2025-06-01,open,,,,False,False,average_payer
INV16003514,B016,B016-C1139,Pharma Client 139,Pharma & Healthcare,30,302979.06,2025-05-04,2025-06-03,closed,2025-05-31,27,-3,False,True,average_payer
INV16003515,B016,B016-C1139,Pharma Client 139,Pharma & Healthcare,30,53133.41,2025-05-24,2025-06-23,closed,2025-06-24,31,1,False,False,average_payer
INV16003516,B016,B016-C1139,Pharma Client 139,Pharma & Healthcare,30,47882.6,2025-05-24,2025-06-23,closed,2025-06-29,36,6,False,False,average_payer
INV16003517,B016,B016-C1139,Pharma Client 139,Pharma & Healthcare,30,63453.83,2025-06-07,2025-07-07,closed,2025-07-13,36,6,False,False,average_payer
INV16003518,B016,B016-C1139,Pharma Client 139,Pharma & Healthcare,30,62391.51,2025-06-17,2025-07-17,closed,2025-07-28,41,11,False,False,average_payer
INV16003519,B016,B016-C1139,Pharma Client 139,Pharma & Healthcare,30,60395.53,2025-06-19,2025-07-19,closed,2025-07-31,42,12,False,False,average_payer
INV16003520,B016,B016-C1139,Pharma Client 139,Pharma & Healthcare,30,41642.96,2025-07-02,2025-08-01,closed,2025-08-03,32,2,False,False,average_payer
INV16003521,B016,B016-C1139,Pharma Client 139,Pharma & Healthcare,30,59564.75,2025-07-18,2025-08-17,closed,2025-08-18,31,1,False,False,average_payer
INV16003522,B016,B016-C1139,Pharma Client 139,Pharma & Healthcare,30,51909.95,2025-08-13,2025-09-12,closed,2025-09-15,33,3,False,False,average_payer
INV16003523,B016,B016-C1139,Pharma Client 139,Pharma & Healthcare,30,158952.25,2025-08-25,2025-09-24,closed,2025-10-05,41,11,False,True,average_payer
INV16003524,B016,B016-C1139,Pharma Client 139,Pharma & Healthcare,30,34822.5,2025-09-24,2025-10-24,closed,2025-10-25,31,1,False,False,average_payer
INV16003525,B016,B016-C1139,Pharma Client 139,Pharma & Healthcare,30,60607.07,2025-09-27,2025-10-27,closed,2025-11-05,39,9,False,False,average_payer
INV16003526,B016,B016-C1139,Pharma Client 139,Pharma & Healthcare,30,42170.85,2025-10-30,2025-11-29,closed,2025-11-27,28,-2,False,False,average_payer
INV16003527,B016,B016-C1139,Pharma Client 139,Pharma & Healthcare,30,49521.42,2025-11-02,2025-12-02,closed,2025-12-10,38,8,False,False,average_payer
INV16003528,B016,B016-C1139,Pharma Client 139,Pharma & Healthcare,30,24014.63,2025-12-19,2026-01-18,closed,2026-01-17,29,-1,False,False,average_payer
INV16003529,B016,B016-C1139,Pharma Client 139,Pharma & Healthcare,30,44391.69,2025-12-27,2026-01-26,closed,2026-02-03,38,8,False,False,average_payer
INV16003530,B016,B016-C1139,Pharma Client 139,Pharma & Healthcare,30,58563.12,2026-01-15,2026-02-14,closed,2026-02-20,36,6,False,False,average_payer
INV16003531,B016,B016-C1139,Pharma Client 139,Pharma & Healthcare,30,51928.17,2026-02-10,2026-03-12,closed,2026-03-14,32,2,False,False,average_payer
INV16003532,B016,B016-C1139,Pharma Client 139,Pharma & Healthcare,30,46017.4,2026-04-14,2026-05-14,closed,2026-05-28,44,14,False,False,average_payer
INV16003533,B016,B016-C1139,Pharma Client 139,Pharma & Healthcare,30,52684.82,2026-06-02,2026-07-02,closed,2026-07-13,41,11,False,False,average_payer
INV16003534,B016,B016-C1139,Pharma Client 139,Pharma & Healthcare,30,60654.29,2026-06-26,2026-07-26,closed,2026-07-21,25,-5,False,False,average_payer
INV16003535,B016,B016-C1139,Pharma Client 139,Pharma & Healthcare,30,64924.01,2026-07-26,2026-08-25,open,,,,False,False,average_payer
INV16003536,B016,B016-C1139,Pharma Client 139,Pharma & Healthcare,30,54282.92,2026-08-11,2026-09-10,open,,,,False,False,average_payer
INV16003537,B016,B016-C1139,Pharma Client 139,Pharma & Healthcare,30,46239.39,2026-08-21,2026-09-20,open,,,,False,False,average_payer
INV16003538,B016,B016-C1140,Retail Client 140,Retail & Distribution,30,149944.13,2024-03-29,2024-04-28,closed,2024-05-01,33,3,False,False,prompt_payer
INV16003539,B016,B016-C1140,Retail Client 140,Retail & Distribution,30,411497.34,2025-05-23,2025-06-22,closed,2025-06-20,28,-2,False,True,prompt_payer
INV16003540,B016,B016-C1140,Retail Client 140,Retail & Distribution,30,90883.06,2025-06-18,2025-07-18,closed,2025-07-16,28,-2,False,False,prompt_payer
INV16003541,B016,B016-C1140,Retail Client 140,Retail & Distribution,30,105839.09,2025-07-12,2025-08-11,closed,2025-08-14,33,3,False,False,prompt_payer
INV16003542,B016,B016-C1140,Retail Client 140,Retail & Distribution,30,147806.22,2025-07-24,2025-08-23,closed,2025-08-28,35,5,True,False,prompt_payer
INV16003543,B016,B016-C1140,Retail Client 140,Retail & Distribution,30,80181.47,2025-12-08,2026-01-07,closed,2026-01-06,29,-1,False,False,prompt_payer
INV16003544,B016,B016-C1140,Retail Client 140,Retail & Distribution,30,233241.67,2026-03-27,2026-04-26,closed,2026-04-28,32,2,False,False,prompt_payer
INV16003545,B016,B016-C1140,Retail Client 140,Retail & Distribution,30,119866.29,2026-04-28,2026-05-28,closed,2026-05-31,33,3,False,False,prompt_payer
INV16003546,B016,B016-C1140,Retail Client 140,Retail & Distribution,30,101171.54,2026-08-11,2026-09-10,disputed_open,,,,False,False,prompt_payer
INV16003547,B016,B016-C1141,FMCG Client 141,FMCG & Food Processing,90,31043.16,2024-03-20,2024-06-18,closed,2024-06-20,92,2,False,False,erratic_payer
INV16003548,B016,B016-C1141,FMCG Client 141,FMCG & Food Processing,90,27833.96,2024-04-18,2024-07-17,closed,2024-07-28,101,11,False,False,erratic_payer
INV16003549,B016,B016-C1141,FMCG Client 141,FMCG & Food Processing,90,26474.5,2024-04-18,2024-07-17,closed,2024-08-30,134,44,False,False,erratic_payer
INV16003550,B016,B016-C1141,FMCG Client 141,FMCG & Food Processing,90,30479.23,2024-05-23,2024-08-21,closed,2024-08-24,93,3,False,False,erratic_payer
INV16003551,B016,B016-C1141,FMCG Client 141,FMCG & Food Processing,90,51977.08,2024-05-26,2024-08-24,closed,2024-08-25,91,1,False,False,erratic_payer
INV16003552,B016,B016-C1141,FMCG Client 141,FMCG & Food Processing,90,29189.8,2024-05-28,2024-08-26,closed,2024-09-13,108,18,False,False,erratic_payer
INV16003553,B016,B016-C1141,FMCG Client 141,FMCG & Food Processing,90,29509.14,2024-06-13,2024-09-11,closed,2024-11-01,141,51,False,False,erratic_payer
INV16003554,B016,B016-C1141,FMCG Client 141,FMCG & Food Processing,90,42463.45,2024-06-13,2024-09-11,closed,2024-09-16,95,5,False,False,erratic_payer
INV16003555,B016,B016-C1141,FMCG Client 141,FMCG & Food Processing,90,28095.76,2024-06-16,2024-09-14,closed,2024-09-22,98,8,False,False,erratic_payer
INV16003556,B016,B016-C1141,FMCG Client 141,FMCG & Food Processing,90,14772.95,2024-06-18,2024-09-16,closed,2024-09-21,95,5,False,False,erratic_payer
INV16003557,B016,B016-C1141,FMCG Client 141,FMCG & Food Processing,90,19875.88,2024-08-24,2024-11-22,closed,2024-12-13,111,21,False,False,erratic_payer
INV16003558,B016,B016-C1141,FMCG Client 141,FMCG & Food Processing,90,19733.3,2024-09-05,2024-12-04,closed,2024-12-09,95,5,False,False,erratic_payer
INV16003559,B016,B016-C1141,FMCG Client 141,FMCG & Food Processing,90,19003.67,2024-09-13,2024-12-12,closed,2024-12-20,98,8,False,False,erratic_payer
INV16003560,B016,B016-C1141,FMCG Client 141,FMCG & Food Processing,90,24504.64,2024-10-31,2025-01-29,closed,2025-02-22,114,24,False,False,erratic_payer
INV16003561,B016,B016-C1141,FMCG Client 141,FMCG & Food Processing,90,30383.4,2024-11-20,2025-02-18,closed,2025-02-18,90,0,False,False,erratic_payer
INV16003562,B016,B016-C1141,FMCG Client 141,FMCG & Food Processing,90,111494.83,2024-11-27,2025-02-25,closed,2025-03-01,94,4,False,True,erratic_payer
INV16003563,B016,B016-C1141,FMCG Client 141,FMCG & Food Processing,90,41678.62,2025-01-20,2025-04-20,closed,2025-04-29,99,9,False,False,erratic_payer
INV16003564,B016,B016-C1141,FMCG Client 141,FMCG & Food Processing,90,16494.11,2025-02-11,2025-05-12,closed,2025-05-14,92,2,False,False,erratic_payer
INV16003565,B016,B016-C1141,FMCG Client 141,FMCG & Food Processing,90,25067.05,2025-03-11,2025-06-09,closed,2025-06-06,87,-3,False,False,erratic_payer
INV16003566,B016,B016-C1141,FMCG Client 141,FMCG & Food Processing,90,30326.51,2025-05-27,2025-08-25,closed,2025-08-28,93,3,False,False,erratic_payer
INV16003567,B016,B016-C1141,FMCG Client 141,FMCG & Food Processing,90,140627.14,2025-06-14,2025-09-12,closed,2025-08-26,73,-17,False,True,erratic_payer
INV16003568,B016,B016-C1141,FMCG Client 141,FMCG & Food Processing,90,38292.96,2025-06-24,2025-09-22,closed,2025-11-17,146,56,False,False,erratic_payer
INV16003569,B016,B016-C1141,FMCG Client 141,FMCG & Food Processing,90,29172.72,2025-06-27,2025-09-25,closed,2025-10-01,96,6,False,False,erratic_payer
INV16003570,B016,B016-C1141,FMCG Client 141,FMCG & Food Processing,90,31851.21,2025-07-12,2025-10-10,closed,2025-10-08,88,-2,False,False,erratic_payer
INV16003571,B016,B016-C1141,FMCG Client 141,FMCG & Food Processing,90,21476.78,2025-08-09,2025-11-07,closed,2025-11-20,103,13,True,False,erratic_payer
INV16003572,B016,B016-C1141,FMCG Client 141,FMCG & Food Processing,90,29215.05,2025-09-10,2025-12-09,closed,2025-12-06,87,-3,False,False,erratic_payer
INV16003573,B016,B016-C1141,FMCG Client 141,FMCG & Food Processing,90,63824.02,2025-11-16,2026-02-14,closed,2026-02-16,92,2,False,False,erratic_payer
INV16003574,B016,B016-C1141,FMCG Client 141,FMCG & Food Processing,90,40255.48,2025-12-02,2026-03-02,closed,2026-03-19,107,17,False,False,erratic_payer
INV16003575,B016,B016-C1141,FMCG Client 141,FMCG & Food Processing,90,14546.61,2025-12-22,2026-03-22,closed,2026-03-25,93,3,False,False,erratic_payer
INV16003576,B016,B016-C1141,FMCG Client 141,FMCG & Food Processing,90,31375.15,2026-01-17,2026-04-17,closed,2026-04-26,99,9,False,False,erratic_payer
INV16003577,B016,B016-C1141,FMCG Client 141,FMCG & Food Processing,90,16308.45,2026-01-29,2026-04-29,closed,2026-04-05,66,-24,False,False,erratic_payer
INV16003578,B016,B016-C1141,FMCG Client 141,FMCG & Food Processing,90,39290.33,2026-03-09,2026-06-07,closed,2026-08-14,158,68,False,False,erratic_payer
INV16003579,B016,B016-C1141,FMCG Client 141,FMCG & Food Processing,90,24394.96,2026-03-28,2026-06-26,closed,2026-06-19,83,-7,True,False,erratic_payer
INV16003580,B016,B016-C1141,FMCG Client 141,FMCG & Food Processing,90,23262.47,2026-04-07,2026-07-06,closed,2026-07-15,99,9,False,False,erratic_payer
INV16003581,B016,B016-C1141,FMCG Client 141,FMCG & Food Processing,90,35062.65,2026-04-09,2026-07-08,closed,2026-07-05,87,-3,False,False,erratic_payer
INV16003582,B016,B016-C1141,FMCG Client 141,FMCG & Food Processing,90,21152.2,2026-04-11,2026-07-10,closed,2026-07-22,102,12,False,False,erratic_payer
INV16003583,B016,B016-C1141,FMCG Client 141,FMCG & Food Processing,90,21079.43,2026-05-31,2026-08-29,open,,,,False,False,erratic_payer
INV16003584,B016,B016-C1141,FMCG Client 141,FMCG & Food Processing,90,50713.87,2026-06-14,2026-09-12,open,,,,False,True,erratic_payer
INV16003585,B016,B016-C1141,FMCG Client 141,FMCG & Food Processing,90,29813.04,2026-06-24,2026-09-22,open,,,,False,False,erratic_payer
INV16003586,B016,B016-C1141,FMCG Client 141,FMCG & Food Processing,90,29636.22,2026-07-06,2026-10-04,disputed_open,,,,False,False,erratic_payer
INV16003587,B016,B016-C1141,FMCG Client 141,FMCG & Food Processing,90,36785.15,2026-07-24,2026-10-22,open,,,,False,False,erratic_payer
INV16003588,B016,B016-C1141,FMCG Client 141,FMCG & Food Processing,90,19855.58,2026-08-24,2026-11-22,open,,,,False,False,erratic_payer
INV16003589,B016,B016-C1142,Metal Client 142,Metal & Engineering,45,291520.27,2024-05-25,2024-07-09,closed,2024-07-06,42,-3,False,False,prompt_payer
INV16003590,B016,B016-C1142,Metal Client 142,Metal & Engineering,45,234501.74,2024-06-16,2024-07-31,open,,,,False,False,prompt_payer
INV16003591,B016,B016-C1142,Metal Client 142,Metal & Engineering,45,147595.8,2024-06-20,2024-08-04,closed,2024-07-31,41,-4,False,False,prompt_payer
INV16003592,B016,B016-C1142,Metal Client 142,Metal & Engineering,45,228074.31,2024-06-22,2024-08-06,closed,2024-08-06,45,0,False,False,prompt_payer
INV16003593,B016,B016-C1142,Metal Client 142,Metal & Engineering,45,196847.21,2024-09-17,2024-11-01,closed,2024-11-03,47,2,False,False,prompt_payer
INV16003594,B016,B016-C1142,Metal Client 142,Metal & Engineering,45,212225.07,2024-12-20,2025-02-03,closed,2025-02-02,44,-1,False,False,prompt_payer
INV16003595,B016,B016-C1142,Metal Client 142,Metal & Engineering,45,194016.85,2024-12-22,2025-02-05,closed,2025-02-07,47,2,False,False,prompt_payer
INV16003596,B016,B016-C1142,Metal Client 142,Metal & Engineering,45,209609.63,2024-12-26,2025-02-09,closed,2025-02-12,48,3,False,False,prompt_payer
INV16003597,B016,B016-C1142,Metal Client 142,Metal & Engineering,45,127618.89,2025-01-12,2025-02-26,closed,2025-02-27,46,1,False,False,prompt_payer
INV16003598,B016,B016-C1142,Metal Client 142,Metal & Engineering,45,86380.71,2025-01-14,2025-02-28,closed,2025-02-26,43,-2,False,False,prompt_payer
INV16003599,B016,B016-C1142,Metal Client 142,Metal & Engineering,45,127601.43,2025-05-20,2025-07-04,closed,2025-06-28,39,-6,False,False,prompt_payer
INV16003600,B016,B016-C1142,Metal Client 142,Metal & Engineering,45,210099.57,2025-05-25,2025-07-09,closed,2025-07-04,40,-5,False,False,prompt_payer
INV16003601,B016,B016-C1142,Metal Client 142,Metal & Engineering,45,151188.85,2025-07-01,2025-08-15,closed,2025-08-07,37,-8,False,False,prompt_payer
INV16003602,B016,B016-C1142,Metal Client 142,Metal & Engineering,45,151367.88,2025-07-04,2025-08-18,closed,2025-08-22,49,4,False,False,prompt_payer
INV16003603,B016,B016-C1142,Metal Client 142,Metal & Engineering,45,225102.66,2025-07-29,2025-09-12,closed,2025-09-18,51,6,False,True,prompt_payer
INV16003604,B016,B016-C1142,Metal Client 142,Metal & Engineering,45,715081.94,2025-07-31,2025-09-14,closed,2025-09-14,45,0,False,True,prompt_payer
INV16003605,B016,B016-C1142,Metal Client 142,Metal & Engineering,45,115419.13,2025-10-18,2025-12-02,closed,2025-11-26,39,-6,False,False,prompt_payer
INV16003606,B016,B016-C1142,Metal Client 142,Metal & Engineering,45,119288.87,2025-11-09,2025-12-24,closed,2025-12-21,42,-3,False,False,prompt_payer
INV16003607,B016,B016-C1142,Metal Client 142,Metal & Engineering,45,147760.5,2025-11-26,2026-01-10,closed,2026-01-10,45,0,False,False,prompt_payer
INV16003608,B016,B016-C1142,Metal Client 142,Metal & Engineering,45,134083.1,2026-01-17,2026-03-03,closed,2026-03-01,43,-2,False,False,prompt_payer
INV16003609,B016,B016-C1142,Metal Client 142,Metal & Engineering,45,188427.43,2026-01-27,2026-03-13,closed,2026-03-18,50,5,False,False,prompt_payer
INV16003610,B016,B016-C1142,Metal Client 142,Metal & Engineering,45,98389.11,2026-02-14,2026-03-31,closed,2026-03-23,37,-8,False,False,prompt_payer
INV16003611,B016,B016-C1142,Metal Client 142,Metal & Engineering,45,130326.89,2026-03-05,2026-04-19,closed,2026-04-16,42,-3,False,False,prompt_payer
INV16003612,B016,B016-C1142,Metal Client 142,Metal & Engineering,45,642816.39,2026-05-12,2026-06-26,closed,2026-06-24,43,-2,False,True,prompt_payer
INV16003613,B016,B016-C1142,Metal Client 142,Metal & Engineering,45,120936.32,2026-06-11,2026-07-26,closed,2026-07-25,44,-1,False,False,prompt_payer
INV16003614,B016,B016-C1142,Metal Client 142,Metal & Engineering,45,105055.03,2026-07-10,2026-08-24,closed,2026-08-25,46,1,False,False,prompt_payer
INV16003615,B016,B016-C1142,Metal Client 142,Metal & Engineering,45,153638.36,2026-07-30,2026-09-13,open,,,,False,False,prompt_payer
INV16003616,B016,B016-C1142,Metal Client 142,Metal & Engineering,45,139585.47,2026-07-31,2026-09-14,open,,,,False,False,prompt_payer
INV16003617,B016,B016-C1143,Textiles Client 143,Textiles & Apparel,15,79547.91,2024-03-24,2024-04-08,closed,2024-05-07,44,29,False,False,improving_payer
INV16003618,B016,B016-C1143,Textiles Client 143,Textiles & Apparel,15,126154.91,2024-05-31,2024-06-15,closed,2024-07-07,37,22,False,False,improving_payer
INV16003619,B016,B016-C1143,Textiles Client 143,Textiles & Apparel,15,88705.34,2024-06-17,2024-07-02,closed,2024-08-01,45,30,False,False,improving_payer
INV16003620,B016,B016-C1143,Textiles Client 143,Textiles & Apparel,15,129971.97,2024-07-03,2024-07-18,closed,2024-08-29,57,42,False,False,improving_payer
INV16003621,B016,B016-C1143,Textiles Client 143,Textiles & Apparel,15,102313.8,2024-07-22,2024-08-06,closed,2024-08-23,32,17,False,False,improving_payer
INV16003622,B016,B016-C1143,Textiles Client 143,Textiles & Apparel,15,183626.69,2024-08-12,2024-08-27,closed,2024-09-24,43,28,False,False,improving_payer
INV16003623,B016,B016-C1143,Textiles Client 143,Textiles & Apparel,15,99135.43,2024-09-10,2024-09-25,closed,2024-10-20,40,25,False,False,improving_payer
INV16003624,B016,B016-C1143,Textiles Client 143,Textiles & Apparel,15,100912.88,2024-09-21,2024-10-06,closed,2024-11-14,54,39,False,False,improving_payer
INV16003625,B016,B016-C1143,Textiles Client 143,Textiles & Apparel,15,74516.93,2024-09-27,2024-10-12,closed,2024-11-11,45,30,False,False,improving_payer
INV16003626,B016,B016-C1143,Textiles Client 143,Textiles & Apparel,15,96420.7,2024-09-29,2024-10-14,closed,2024-11-11,43,28,False,False,improving_payer
INV16003627,B016,B016-C1143,Textiles Client 143,Textiles & Apparel,15,125794.8,2024-10-14,2024-10-29,closed,2024-11-25,42,27,False,False,improving_payer
INV16003628,B016,B016-C1143,Textiles Client 143,Textiles & Apparel,15,129266.46,2024-11-04,2024-11-19,closed,2024-12-04,30,15,False,False,improving_payer
INV16003629,B016,B016-C1143,Textiles Client 143,Textiles & Apparel,15,153223.46,2024-11-11,2024-11-26,closed,2024-12-10,29,14,False,False,improving_payer
INV16003630,B016,B016-C1143,Textiles Client 143,Textiles & Apparel,15,133338.97,2024-11-23,2024-12-08,closed,2025-01-02,40,25,False,False,improving_payer
INV16003631,B016,B016-C1143,Textiles Client 143,Textiles & Apparel,15,82252.27,2024-11-28,2024-12-13,closed,2025-01-18,51,36,False,False,improving_payer
INV16003632,B016,B016-C1143,Textiles Client 143,Textiles & Apparel,15,78484.81,2025-01-13,2025-01-28,closed,2025-02-11,29,14,False,False,improving_payer
INV16003633,B016,B016-C1143,Textiles Client 143,Textiles & Apparel,15,91378.33,2025-01-23,2025-02-07,closed,2025-03-05,41,26,False,False,improving_payer
INV16003634,B016,B016-C1143,Textiles Client 143,Textiles & Apparel,15,110255.35,2025-02-07,2025-02-22,closed,2025-03-21,42,27,False,False,improving_payer
INV16003635,B016,B016-C1143,Textiles Client 143,Textiles & Apparel,15,74552.25,2025-03-27,2025-04-11,closed,2025-04-26,30,15,False,False,improving_payer
INV16003636,B016,B016-C1143,Textiles Client 143,Textiles & Apparel,15,341284.05,2025-04-15,2025-04-30,closed,2025-05-09,24,9,False,True,improving_payer
INV16003637,B016,B016-C1143,Textiles Client 143,Textiles & Apparel,15,62000.56,2025-08-23,2025-09-07,closed,2025-10-01,39,24,False,False,improving_payer
INV16003638,B016,B016-C1143,Textiles Client 143,Textiles & Apparel,15,112523.12,2025-12-12,2025-12-27,closed,2026-01-05,24,9,False,False,improving_payer
INV16003639,B016,B016-C1143,Textiles Client 143,Textiles & Apparel,15,71310.35,2025-12-24,2026-01-08,closed,2026-01-14,21,6,False,False,improving_payer
INV16003640,B016,B016-C1143,Textiles Client 143,Textiles & Apparel,15,78540.51,2025-12-28,2026-01-12,closed,2026-01-16,19,4,True,False,improving_payer
INV16003641,B016,B016-C1143,Textiles Client 143,Textiles & Apparel,15,150185.05,2026-02-13,2026-02-28,closed,2026-03-08,23,8,False,False,improving_payer
INV16003642,B016,B016-C1143,Textiles Client 143,Textiles & Apparel,15,137451.93,2026-02-13,2026-02-28,closed,2026-03-04,19,4,False,False,improving_payer
INV16003643,B016,B016-C1143,Textiles Client 143,Textiles & Apparel,15,85528.62,2026-02-28,2026-03-15,closed,2026-03-23,23,8,False,False,improving_payer
INV16003644,B016,B016-C1143,Textiles Client 143,Textiles & Apparel,15,131993.59,2026-06-07,2026-06-22,closed,2026-06-21,14,-1,False,False,improving_payer
INV16003645,B016,B016-C1144,FMCG Client 144,FMCG & Food Processing,60,48066.18,2024-05-22,2024-07-21,closed,2024-07-28,67,7,False,False,deteriorating_payer
INV16003646,B016,B016-C1144,FMCG Client 144,FMCG & Food Processing,60,246498.08,2024-05-29,2024-07-28,closed,2024-07-26,58,-2,False,True,deteriorating_payer
INV16003647,B016,B016-C1144,FMCG Client 144,FMCG & Food Processing,60,44628.73,2024-05-29,2024-07-28,closed,2024-08-14,77,17,False,False,deteriorating_payer
INV16003648,B016,B016-C1144,FMCG Client 144,FMCG & Food Processing,60,60035.75,2024-07-06,2024-09-04,closed,2024-10-01,87,27,False,False,deteriorating_payer
INV16003649,B016,B016-C1144,FMCG Client 144,FMCG & Food Processing,60,330381.69,2024-07-13,2024-09-11,closed,2024-09-09,58,-2,False,True,deteriorating_payer
INV16003650,B016,B016-C1144,FMCG Client 144,FMCG & Food Processing,60,79059.15,2024-08-06,2024-10-05,closed,2024-10-17,72,12,False,False,deteriorating_payer
INV16003651,B016,B016-C1144,FMCG Client 144,FMCG & Food Processing,60,44992.77,2024-08-08,2024-10-07,closed,2024-10-05,58,-2,False,False,deteriorating_payer
INV16003652,B016,B016-C1144,FMCG Client 144,FMCG & Food Processing,60,279784.31,2024-08-11,2024-10-10,closed,2024-10-22,72,12,False,True,deteriorating_payer
INV16003653,B016,B016-C1144,FMCG Client 144,FMCG & Food Processing,60,76125.63,2024-09-06,2024-11-05,closed,2024-11-16,71,11,False,False,deteriorating_payer
INV16003654,B016,B016-C1144,FMCG Client 144,FMCG & Food Processing,60,80274.01,2024-09-30,2024-11-29,closed,2024-12-21,82,22,False,False,deteriorating_payer
INV16003655,B016,B016-C1144,FMCG Client 144,FMCG & Food Processing,60,499589.11,2024-10-23,2024-12-22,closed,2024-12-21,59,-1,False,True,deteriorating_payer
INV16003656,B016,B016-C1144,FMCG Client 144,FMCG & Food Processing,60,94581.13,2024-10-30,2024-12-29,closed,2025-01-09,71,11,False,False,deteriorating_payer
INV16003657,B016,B016-C1144,FMCG Client 144,FMCG & Food Processing,60,89097.69,2024-11-07,2025-01-06,closed,2025-01-18,72,12,False,False,deteriorating_payer
INV16003658,B016,B016-C1144,FMCG Client 144,FMCG & Food Processing,60,132485.6,2024-11-14,2025-01-13,closed,2025-01-14,61,1,False,True,deteriorating_payer
INV16003659,B016,B016-C1144,FMCG Client 144,FMCG & Food Processing,60,43802.38,2024-12-08,2025-02-06,closed,2025-04-01,114,54,False,False,deteriorating_payer
INV16003660,B016,B016-C1144,FMCG Client 144,FMCG & Food Processing,60,105107.24,2024-12-19,2025-02-17,closed,2025-03-23,94,34,False,False,deteriorating_payer
INV16003661,B016,B016-C1144,FMCG Client 144,FMCG & Food Processing,60,74137.13,2025-01-01,2025-03-02,closed,2025-04-02,91,31,False,False,deteriorating_payer
INV16003662,B016,B016-C1144,FMCG Client 144,FMCG & Food Processing,60,82284.96,2025-01-16,2025-03-17,closed,2025-03-25,68,8,False,False,deteriorating_payer
INV16003663,B016,B016-C1144,FMCG Client 144,FMCG & Food Processing,60,77880.86,2025-02-17,2025-04-18,closed,2025-05-08,80,20,False,False,deteriorating_payer
INV16003664,B016,B016-C1144,FMCG Client 144,FMCG & Food Processing,60,67752.96,2025-04-11,2025-06-10,closed,2025-07-05,85,25,False,False,deteriorating_payer
INV16003665,B016,B016-C1144,FMCG Client 144,FMCG & Food Processing,60,39470.47,2025-05-18,2025-07-17,closed,2025-07-25,68,8,False,False,deteriorating_payer
INV16003666,B016,B016-C1144,FMCG Client 144,FMCG & Food Processing,60,71455.02,2025-06-13,2025-08-12,closed,2025-09-17,96,36,False,False,deteriorating_payer
INV16003667,B016,B016-C1144,FMCG Client 144,FMCG & Food Processing,60,163332.65,2025-07-18,2025-09-16,closed,2025-11-07,112,52,False,True,deteriorating_payer
INV16003668,B016,B016-C1144,FMCG Client 144,FMCG & Food Processing,60,68040.19,2025-07-30,2025-09-28,closed,2025-10-11,73,13,False,False,deteriorating_payer
INV16003669,B016,B016-C1144,FMCG Client 144,FMCG & Food Processing,60,80514.45,2025-08-23,2025-10-22,closed,2025-10-20,58,-2,False,False,deteriorating_payer
INV16003670,B016,B016-C1144,FMCG Client 144,FMCG & Food Processing,60,66800.56,2025-09-16,2025-11-15,closed,2025-12-15,90,30,False,False,deteriorating_payer
INV16003671,B016,B016-C1144,FMCG Client 144,FMCG & Food Processing,60,56308.97,2025-10-22,2025-12-21,closed,2026-01-31,101,41,False,False,deteriorating_payer
INV16003672,B016,B016-C1144,FMCG Client 144,FMCG & Food Processing,60,49536.55,2025-11-21,2026-01-20,closed,2026-03-01,100,40,False,False,deteriorating_payer
INV16003673,B016,B016-C1144,FMCG Client 144,FMCG & Food Processing,60,74721.23,2025-11-25,2026-01-24,closed,2026-02-11,78,18,False,False,deteriorating_payer
INV16003674,B016,B016-C1144,FMCG Client 144,FMCG & Food Processing,60,61037.31,2025-12-24,2026-02-22,closed,2026-03-17,83,23,False,False,deteriorating_payer
INV16003675,B016,B016-C1144,FMCG Client 144,FMCG & Food Processing,60,95555.71,2026-02-19,2026-04-20,closed,2026-05-19,89,29,False,False,deteriorating_payer
INV16003676,B016,B016-C1144,FMCG Client 144,FMCG & Food Processing,60,69169.24,2026-03-23,2026-05-22,closed,2026-07-01,100,40,False,False,deteriorating_payer
INV16003677,B016,B016-C1144,FMCG Client 144,FMCG & Food Processing,60,111986.43,2026-04-20,2026-06-19,closed,2026-08-02,104,44,False,False,deteriorating_payer
INV16003678,B016,B016-C1144,FMCG Client 144,FMCG & Food Processing,60,233523.48,2026-05-01,2026-06-30,closed,2026-07-27,87,27,False,True,deteriorating_payer
INV16003679,B016,B016-C1144,FMCG Client 144,FMCG & Food Processing,60,59970.94,2026-05-09,2026-07-08,closed,2026-08-02,85,25,False,False,deteriorating_payer
INV16003680,B016,B016-C1144,FMCG Client 144,FMCG & Food Processing,60,88947.95,2026-05-15,2026-07-14,closed,2026-08-28,105,45,False,False,deteriorating_payer
INV16003681,B016,B016-C1144,FMCG Client 144,FMCG & Food Processing,60,61692.93,2026-05-20,2026-07-19,closed,2026-08-03,75,15,False,False,deteriorating_payer
INV16003682,B016,B016-C1144,FMCG Client 144,FMCG & Food Processing,60,58686.78,2026-05-22,2026-07-21,closed,2026-08-27,97,37,False,False,deteriorating_payer
INV16003683,B016,B016-C1144,FMCG Client 144,FMCG & Food Processing,60,73910.78,2026-05-23,2026-07-22,closed,2026-08-01,70,10,False,False,deteriorating_payer
INV16003684,B016,B016-C1144,FMCG Client 144,FMCG & Food Processing,60,40308.78,2026-06-09,2026-08-08,disputed_open,,,,False,False,deteriorating_payer
INV16003685,B016,B016-C1144,FMCG Client 144,FMCG & Food Processing,60,60101.78,2026-06-26,2026-08-25,open,,,,False,False,deteriorating_payer
INV16003686,B016,B016-C1144,FMCG Client 144,FMCG & Food Processing,60,87830.33,2026-08-09,2026-10-08,open,,,,False,False,deteriorating_payer
INV16003687,B016,B016-C1144,FMCG Client 144,FMCG & Food Processing,60,71168.69,2026-08-17,2026-10-16,open,,,,False,False,deteriorating_payer
INV16003688,B016,B016-C1144,FMCG Client 144,FMCG & Food Processing,60,72124.56,2026-08-31,2026-10-30,disputed_open,,,,False,False,deteriorating_payer
INV16003689,B016,B016-C1145,Chemicals Client 145,Chemicals & Plastics,30,57779.51,2024-06-15,2024-07-15,closed,2024-07-12,27,-3,False,False,prompt_payer
INV16003690,B016,B016-C1145,Chemicals Client 145,Chemicals & Plastics,30,88597.97,2024-11-15,2024-12-15,closed,2024-12-14,29,-1,False,False,prompt_payer
INV16003691,B016,B016-C1145,Chemicals Client 145,Chemicals & Plastics,30,109830.31,2025-09-13,2025-10-13,closed,2025-10-14,31,1,False,False,prompt_payer
INV16003692,B016,B016-C1145,Chemicals Client 145,Chemicals & Plastics,30,101278.43,2025-11-24,2025-12-24,closed,2025-12-21,27,-3,False,False,prompt_payer
INV16003693,B016,B016-C1145,Chemicals Client 145,Chemicals & Plastics,30,101471.99,2026-01-31,2026-03-02,closed,2026-03-04,32,2,False,False,prompt_payer
INV16003694,B016,B016-C1145,Chemicals Client 145,Chemicals & Plastics,30,89147.64,2026-03-12,2026-04-11,closed,2026-04-14,33,3,False,False,prompt_payer
INV16003695,B016,B016-C1145,Chemicals Client 145,Chemicals & Plastics,30,77462.68,2026-03-15,2026-04-14,closed,2026-04-13,29,-1,False,False,prompt_payer
INV16003696,B016,B016-C1145,Chemicals Client 145,Chemicals & Plastics,30,146519.72,2026-08-25,2026-09-24,open,,,,False,False,prompt_payer
INV16003697,B016,B016-C1146,Chemicals Client 146,Chemicals & Plastics,15,112032.95,2025-05-01,2025-05-16,closed,2025-05-18,17,2,False,False,cold_start
INV16003698,B016,B016-C1146,Chemicals Client 146,Chemicals & Plastics,15,214827.55,2025-05-06,2025-05-21,closed,2025-05-27,21,6,False,False,cold_start
INV16003699,B016,B016-C1147,FMCG Client 147,FMCG & Food Processing,45,5244.76,2024-03-16,2024-04-30,closed,2024-05-07,52,7,False,False,erratic_payer
INV16003700,B016,B016-C1147,FMCG Client 147,FMCG & Food Processing,45,36909.23,2024-03-25,2024-05-09,closed,2024-05-16,52,7,False,True,erratic_payer
INV16003701,B016,B016-C1147,FMCG Client 147,FMCG & Food Processing,45,10544.81,2024-04-06,2024-05-21,closed,2024-05-25,49,4,False,False,erratic_payer
INV16003702,B016,B016-C1147,FMCG Client 147,FMCG & Food Processing,45,47430.64,2024-05-06,2024-06-20,closed,2024-06-28,53,8,False,True,erratic_payer
INV16003703,B016,B016-C1147,FMCG Client 147,FMCG & Food Processing,45,32214.52,2024-05-07,2024-06-21,closed,2024-07-02,56,11,False,True,erratic_payer
INV16003704,B016,B016-C1147,FMCG Client 147,FMCG & Food Processing,45,9394.04,2024-06-17,2024-08-01,closed,2024-08-19,63,18,False,False,erratic_payer
INV16003705,B016,B016-C1147,FMCG Client 147,FMCG & Food Processing,45,10244.85,2024-07-01,2024-08-15,closed,2024-08-02,32,-13,False,False,erratic_payer
INV16003706,B016,B016-C1147,FMCG Client 147,FMCG & Food Processing,45,5667.27,2024-07-06,2024-08-20,closed,2024-09-05,61,16,True,False,erratic_payer
INV16003707,B016,B016-C1147,FMCG Client 147,FMCG & Food Processing,45,7775.86,2024-09-08,2024-10-23,closed,2024-10-30,52,7,False,False,erratic_payer
INV16003708,B016,B016-C1147,FMCG Client 147,FMCG & Food Processing,45,5815.8,2024-09-27,2024-11-11,closed,2024-11-10,44,-1,False,False,erratic_payer
INV16003709,B016,B016-C1147,FMCG Client 147,FMCG & Food Processing,45,6027.38,2024-10-14,2024-11-28,closed,2024-12-13,60,15,False,False,erratic_payer
INV16003710,B016,B016-C1147,FMCG Client 147,FMCG & Food Processing,45,8049.96,2024-10-15,2024-11-29,closed,2025-02-15,123,78,False,False,erratic_payer
INV16003711,B016,B016-C1147,FMCG Client 147,FMCG & Food Processing,45,7234.56,2024-10-18,2024-12-02,closed,2024-11-28,41,-4,False,False,erratic_payer
INV16003712,B016,B016-C1147,FMCG Client 147,FMCG & Food Processing,45,6703.13,2024-10-22,2024-12-06,closed,2024-12-08,47,2,False,False,erratic_payer
INV16003713,B016,B016-C1147,FMCG Client 147,FMCG & Food Processing,45,6979.34,2024-11-14,2024-12-29,closed,2025-01-02,49,4,False,False,erratic_payer
INV16003714,B016,B016-C1147,FMCG Client 147,FMCG & Food Processing,45,6767.15,2025-01-13,2025-02-27,closed,2025-03-18,64,19,False,False,erratic_payer
INV16003715,B016,B016-C1147,FMCG Client 147,FMCG & Food Processing,45,7620.69,2025-01-20,2025-03-06,closed,2025-03-16,55,10,False,False,erratic_payer
INV16003716,B016,B016-C1147,FMCG Client 147,FMCG & Food Processing,45,5369.26,2025-01-27,2025-03-13,closed,2025-03-25,57,12,False,False,erratic_payer
INV16003717,B016,B016-C1147,FMCG Client 147,FMCG & Food Processing,45,4710.29,2025-01-29,2025-03-15,closed,2025-05-07,98,53,False,False,erratic_payer
INV16003718,B016,B016-C1147,FMCG Client 147,FMCG & Food Processing,45,8488.65,2025-03-23,2025-05-07,closed,2025-05-01,39,-6,False,False,erratic_payer
INV16003719,B016,B016-C1147,FMCG Client 147,FMCG & Food Processing,45,5955.43,2025-04-29,2025-06-13,closed,2025-06-21,53,8,False,False,erratic_payer
INV16003720,B016,B016-C1147,FMCG Client 147,FMCG & Food Processing,45,10405.08,2025-06-06,2025-07-21,closed,2025-08-03,58,13,False,False,erratic_payer
INV16003721,B016,B016-C1147,FMCG Client 147,FMCG & Food Processing,45,5059.9,2025-06-17,2025-08-01,closed,2025-08-21,65,20,False,False,erratic_payer
INV16003722,B016,B016-C1147,FMCG Client 147,FMCG & Food Processing,45,6961.72,2025-07-09,2025-08-23,closed,2025-08-20,42,-3,False,False,erratic_payer
INV16003723,B016,B016-C1147,FMCG Client 147,FMCG & Food Processing,45,5124.11,2025-07-22,2025-09-05,closed,2025-10-26,96,51,False,False,erratic_payer
INV16003724,B016,B016-C1147,FMCG Client 147,FMCG & Food Processing,45,7434.54,2025-08-06,2025-09-20,closed,2025-09-12,37,-8,False,False,erratic_payer
INV16003725,B016,B016-C1147,FMCG Client 147,FMCG & Food Processing,45,8807.51,2025-08-11,2025-09-25,closed,2025-09-30,50,5,False,False,erratic_payer
INV16003726,B016,B016-C1147,FMCG Client 147,FMCG & Food Processing,45,4969.48,2025-09-05,2025-10-20,closed,2025-10-21,46,1,False,False,erratic_payer
INV16003727,B016,B016-C1147,FMCG Client 147,FMCG & Food Processing,45,11588.25,2025-10-30,2025-12-14,closed,2025-12-30,61,16,False,False,erratic_payer
INV16003728,B016,B016-C1147,FMCG Client 147,FMCG & Food Processing,45,7336.84,2025-11-12,2025-12-27,closed,2026-01-06,55,10,False,False,erratic_payer
INV16003729,B016,B016-C1147,FMCG Client 147,FMCG & Food Processing,45,5426.95,2025-12-02,2026-01-16,closed,2026-01-27,56,11,False,False,erratic_payer
INV16003730,B016,B016-C1147,FMCG Client 147,FMCG & Food Processing,45,10684.16,2025-12-17,2026-01-31,closed,2026-04-09,113,68,False,False,erratic_payer
INV16003731,B016,B016-C1147,FMCG Client 147,FMCG & Food Processing,45,10330.78,2025-12-26,2026-02-09,closed,2026-02-15,51,6,False,False,erratic_payer
INV16003732,B016,B016-C1147,FMCG Client 147,FMCG & Food Processing,45,7815.29,2026-01-08,2026-02-22,disputed_open,,,,False,False,erratic_payer
INV16003733,B016,B016-C1147,FMCG Client 147,FMCG & Food Processing,45,6978.79,2026-03-18,2026-05-02,closed,2026-04-30,43,-2,False,False,erratic_payer
INV16003734,B016,B016-C1147,FMCG Client 147,FMCG & Food Processing,45,7118.63,2026-04-06,2026-05-21,closed,2026-08-28,144,99,False,False,erratic_payer
INV16003735,B016,B016-C1147,FMCG Client 147,FMCG & Food Processing,45,5005.84,2026-04-27,2026-06-11,closed,2026-06-21,55,10,False,False,erratic_payer
INV16003736,B016,B016-C1147,FMCG Client 147,FMCG & Food Processing,45,9084.2,2026-04-28,2026-06-12,closed,2026-06-17,50,5,False,False,erratic_payer
INV16003737,B016,B016-C1147,FMCG Client 147,FMCG & Food Processing,45,11852.55,2026-05-29,2026-07-13,closed,2026-07-25,57,12,True,False,erratic_payer
INV16003738,B016,B016-C1147,FMCG Client 147,FMCG & Food Processing,45,7728.64,2026-06-10,2026-07-25,closed,2026-08-16,67,22,False,False,erratic_payer
INV16003739,B016,B016-C1147,FMCG Client 147,FMCG & Food Processing,45,5830.17,2026-06-27,2026-08-11,closed,2026-08-12,46,1,False,False,erratic_payer
INV16003740,B016,B016-C1147,FMCG Client 147,FMCG & Food Processing,45,9267.5,2026-07-01,2026-08-15,closed,2026-08-21,51,6,False,False,erratic_payer
INV16003741,B016,B016-C1147,FMCG Client 147,FMCG & Food Processing,45,7823.38,2026-07-02,2026-08-16,open,,,,False,False,erratic_payer
INV16003742,B016,B016-C1147,FMCG Client 147,FMCG & Food Processing,45,11392.49,2026-07-09,2026-08-23,closed,2026-08-29,51,6,False,False,erratic_payer
INV16003743,B016,B016-C1147,FMCG Client 147,FMCG & Food Processing,45,7400.78,2026-07-14,2026-08-28,open,,,,False,False,erratic_payer
INV16003744,B016,B016-C1147,FMCG Client 147,FMCG & Food Processing,45,6773.62,2026-07-18,2026-09-01,open,,,,False,False,erratic_payer
INV16003745,B016,B016-C1147,FMCG Client 147,FMCG & Food Processing,45,6481.62,2026-07-23,2026-09-06,open,,,,False,False,erratic_payer
INV16003746,B016,B016-C1147,FMCG Client 147,FMCG & Food Processing,45,8316.24,2026-07-27,2026-09-10,open,,,,False,False,erratic_payer
INV16003747,B016,B016-C1148,Chemicals Client 148,Chemicals & Plastics,30,103236.12,2024-04-18,2024-05-18,closed,2024-06-03,46,16,False,False,cold_start
INV16003748,B016,B016-C1148,Chemicals Client 148,Chemicals & Plastics,30,106218.38,2025-02-20,2025-03-22,closed,2025-04-04,43,13,False,False,cold_start
INV16003749,B016,B016-C1148,Chemicals Client 148,Chemicals & Plastics,30,94547.34,2026-03-30,2026-04-29,closed,2026-05-10,41,11,False,False,cold_start
INV16003750,B016,B016-C1149,IT Client 149,IT & Business Services,30,46482.12,2024-04-02,2024-05-02,closed,2024-05-16,44,14,False,False,chronic_late_payer
INV16003751,B016,B016-C1149,IT Client 149,IT & Business Services,30,71264.9,2024-07-10,2024-08-09,closed,2024-09-13,65,35,False,False,chronic_late_payer
INV16003752,B016,B016-C1149,IT Client 149,IT & Business Services,30,82855.07,2024-08-13,2024-09-12,closed,2024-10-25,73,43,False,False,chronic_late_payer
INV16003753,B016,B016-C1149,IT Client 149,IT & Business Services,30,96136.61,2024-09-22,2024-10-22,closed,2024-11-10,49,19,False,False,chronic_late_payer
INV16003754,B016,B016-C1149,IT Client 149,IT & Business Services,30,83884.61,2024-09-26,2024-10-26,closed,2024-11-29,64,34,False,False,chronic_late_payer
INV16003755,B016,B016-C1149,IT Client 149,IT & Business Services,30,34453.69,2024-09-26,2024-10-26,closed,2024-12-05,70,40,False,False,chronic_late_payer
INV16003756,B016,B016-C1149,IT Client 149,IT & Business Services,30,459460.3,2024-10-07,2024-11-06,closed,2024-12-17,71,41,False,True,chronic_late_payer
INV16003757,B016,B016-C1149,IT Client 149,IT & Business Services,30,58649.93,2024-10-28,2024-11-27,closed,2025-01-19,83,53,True,False,chronic_late_payer
INV16003758,B016,B016-C1149,IT Client 149,IT & Business Services,30,98379.87,2024-11-10,2024-12-10,closed,2024-12-24,44,14,False,False,chronic_late_payer
INV16003759,B016,B016-C1149,IT Client 149,IT & Business Services,30,112906.06,2024-11-23,2024-12-23,closed,2025-01-15,53,23,False,True,chronic_late_payer
INV16003760,B016,B016-C1149,IT Client 149,IT & Business Services,30,72413.13,2024-12-25,2025-01-24,closed,2025-03-13,78,48,False,False,chronic_late_payer
INV16003761,B016,B016-C1149,IT Client 149,IT & Business Services,30,78838.18,2025-04-15,2025-05-15,closed,2025-06-11,57,27,False,False,chronic_late_payer
INV16003762,B016,B016-C1149,IT Client 149,IT & Business Services,30,258989.73,2025-09-03,2025-10-03,closed,2025-10-28,55,25,False,True,chronic_late_payer
INV16003763,B016,B016-C1149,IT Client 149,IT & Business Services,30,55673.48,2025-09-18,2025-10-18,closed,2025-11-15,58,28,False,False,chronic_late_payer
INV16003764,B016,B016-C1149,IT Client 149,IT & Business Services,30,55777.34,2026-02-01,2026-03-03,closed,2026-05-11,99,69,False,False,chronic_late_payer
INV16003765,B016,B016-C1149,IT Client 149,IT & Business Services,30,73224.58,2026-05-03,2026-06-02,open,,,,False,False,chronic_late_payer
INV16003766,B016,B016-C1149,IT Client 149,IT & Business Services,30,84012.53,2026-05-20,2026-06-19,closed,2026-08-04,76,46,False,False,chronic_late_payer
INV16003767,B016,B016-C1149,IT Client 149,IT & Business Services,30,57078.8,2026-06-13,2026-07-13,closed,2026-08-30,78,48,False,False,chronic_late_payer
INV16003768,B016,B016-C1149,IT Client 149,IT & Business Services,30,58508.47,2026-07-24,2026-08-23,open,,,,False,False,chronic_late_payer
INV16003769,B016,B016-C1150,Construction Client 150,Construction & Infra,30,68775.64,2024-03-28,2024-04-27,closed,2024-05-29,62,32,False,False,improving_payer
INV16003770,B016,B016-C1150,Construction Client 150,Construction & Infra,30,40116.12,2024-05-09,2024-06-08,closed,2024-07-09,61,31,False,False,improving_payer
INV16003771,B016,B016-C1150,Construction Client 150,Construction & Infra,30,46558.83,2024-08-03,2024-09-02,closed,2024-10-25,83,53,False,False,improving_payer
INV16003772,B016,B016-C1150,Construction Client 150,Construction & Infra,30,43332.17,2024-09-11,2024-10-11,closed,2024-11-18,68,38,False,False,improving_payer
INV16003773,B016,B016-C1150,Construction Client 150,Construction & Infra,30,47701.5,2024-10-11,2024-11-10,closed,2024-12-15,65,35,False,False,improving_payer
INV16003774,B016,B016-C1150,Construction Client 150,Construction & Infra,30,39210.69,2024-10-22,2024-11-21,closed,2024-12-11,50,20,False,False,improving_payer
INV16003775,B016,B016-C1150,Construction Client 150,Construction & Infra,30,39689.74,2024-11-13,2024-12-13,closed,2025-01-08,56,26,False,False,improving_payer
INV16003776,B016,B016-C1150,Construction Client 150,Construction & Infra,30,47823.29,2024-11-20,2024-12-20,closed,2025-01-24,65,35,False,False,improving_payer
INV16003777,B016,B016-C1150,Construction Client 150,Construction & Infra,30,58030.14,2024-12-25,2025-01-24,closed,2025-02-21,58,28,False,False,improving_payer
INV16003778,B016,B016-C1150,Construction Client 150,Construction & Infra,30,35021.13,2025-03-04,2025-04-03,closed,2025-05-04,61,31,False,False,improving_payer
INV16003779,B016,B016-C1150,Construction Client 150,Construction & Infra,30,43918.44,2025-04-16,2025-05-16,closed,2025-06-01,46,16,False,False,improving_payer
INV16003780,B016,B016-C1150,Construction Client 150,Construction & Infra,30,43672.44,2025-04-23,2025-05-23,closed,2025-06-17,55,25,False,False,improving_payer
INV16003781,B016,B016-C1150,Construction Client 150,Construction & Infra,30,37374.41,2025-06-05,2025-07-05,closed,2025-08-19,75,45,False,False,improving_payer
INV16003782,B016,B016-C1150,Construction Client 150,Construction & Infra,30,132321.65,2025-08-29,2025-09-28,closed,2025-10-23,55,25,False,True,improving_payer
INV16003783,B016,B016-C1150,Construction Client 150,Construction & Infra,30,39032.08,2025-09-04,2025-10-04,closed,2025-10-21,47,17,False,False,improving_payer
INV16003784,B016,B016-C1150,Construction Client 150,Construction & Infra,30,55803.78,2025-09-18,2025-10-18,closed,2025-11-13,56,26,False,False,improving_payer
INV16003785,B016,B016-C1150,Construction Client 150,Construction & Infra,30,56882.91,2025-09-19,2025-10-19,closed,2025-11-12,54,24,False,False,improving_payer
INV16003786,B016,B016-C1150,Construction Client 150,Construction & Infra,30,42143.17,2025-10-03,2025-11-02,closed,2025-11-24,52,22,False,False,improving_payer
INV16003787,B016,B016-C1150,Construction Client 150,Construction & Infra,30,52915.46,2025-10-25,2025-11-24,closed,2025-12-09,45,15,False,False,improving_payer
INV16003788,B016,B016-C1150,Construction Client 150,Construction & Infra,30,35325.21,2025-10-29,2025-11-28,closed,2025-12-11,43,13,False,False,improving_payer
INV16003789,B016,B016-C1150,Construction Client 150,Construction & Infra,30,61295.81,2025-11-28,2025-12-28,closed,2026-01-12,45,15,False,False,improving_payer
INV16003790,B016,B016-C1150,Construction Client 150,Construction & Infra,30,59149.11,2026-01-02,2026-02-01,closed,2026-01-27,25,-5,False,False,improving_payer
INV16003791,B016,B016-C1150,Construction Client 150,Construction & Infra,30,52847.26,2026-01-07,2026-02-06,closed,2026-02-11,35,5,False,False,improving_payer
INV16003792,B016,B016-C1150,Construction Client 150,Construction & Infra,30,117357.92,2026-02-03,2026-03-05,closed,2026-03-19,44,14,False,True,improving_payer
INV16003793,B016,B016-C1150,Construction Client 150,Construction & Infra,30,60203.0,2026-02-04,2026-03-06,closed,2026-03-13,37,7,False,False,improving_payer
INV16003794,B016,B016-C1150,Construction Client 150,Construction & Infra,30,63883.25,2026-02-27,2026-03-29,closed,2026-04-16,48,18,False,False,improving_payer
INV16003795,B016,B016-C1150,Construction Client 150,Construction & Infra,30,141409.95,2026-03-02,2026-04-01,closed,2026-04-07,36,6,False,True,improving_payer
INV16003796,B016,B016-C1150,Construction Client 150,Construction & Infra,30,35852.75,2026-03-02,2026-04-01,closed,2026-03-30,28,-2,False,False,improving_payer
INV16003797,B016,B016-C1150,Construction Client 150,Construction & Infra,30,36487.8,2026-03-24,2026-04-23,closed,2026-05-11,48,18,True,False,improving_payer
INV16003798,B016,B016-C1150,Construction Client 150,Construction & Infra,30,33050.02,2026-04-11,2026-05-11,closed,2026-05-27,46,16,False,False,improving_payer
INV16003799,B016,B016-C1150,Construction Client 150,Construction & Infra,30,41322.05,2026-04-13,2026-05-13,closed,2026-05-15,32,2,False,False,improving_payer
INV16003800,B016,B016-C1150,Construction Client 150,Construction & Infra,30,36748.55,2026-07-01,2026-07-31,closed,2026-08-06,36,6,False,False,improving_payer
INV16003801,B016,B016-C1150,Construction Client 150,Construction & Infra,30,38908.6,2026-08-25,2026-09-24,disputed_open,,,,False,False,improving_payer
INV16003802,B016,B016-C1151,Metal Client 151,Metal & Engineering,30,128947.29,2024-03-31,2024-04-30,closed,2024-05-08,38,8,False,False,deteriorating_payer
INV16003803,B016,B016-C1151,Metal Client 151,Metal & Engineering,30,94213.67,2024-04-05,2024-05-05,closed,2024-05-17,42,12,False,False,deteriorating_payer
INV16003804,B016,B016-C1151,Metal Client 151,Metal & Engineering,30,406757.48,2024-04-19,2024-05-19,closed,2024-05-22,33,3,False,True,deteriorating_payer
INV16003805,B016,B016-C1151,Metal Client 151,Metal & Engineering,30,86255.82,2024-05-10,2024-06-09,closed,2024-06-13,34,4,False,False,deteriorating_payer
INV16003806,B016,B016-C1151,Metal Client 151,Metal & Engineering,30,102914.67,2024-05-17,2024-06-16,closed,2024-07-04,48,18,False,False,deteriorating_payer
INV16003807,B016,B016-C1151,Metal Client 151,Metal & Engineering,30,91094.01,2024-05-22,2024-06-21,closed,2024-07-10,49,19,False,False,deteriorating_payer
INV16003808,B016,B016-C1151,Metal Client 151,Metal & Engineering,30,56164.92,2024-07-21,2024-08-20,closed,2024-08-23,33,3,False,False,deteriorating_payer
INV16003809,B016,B016-C1151,Metal Client 151,Metal & Engineering,30,107811.87,2024-07-29,2024-08-28,closed,2024-08-26,28,-2,False,False,deteriorating_payer
INV16003810,B016,B016-C1151,Metal Client 151,Metal & Engineering,30,99073.97,2024-09-17,2024-10-17,closed,2024-10-29,42,12,False,False,deteriorating_payer
INV16003811,B016,B016-C1151,Metal Client 151,Metal & Engineering,30,274593.32,2024-09-23,2024-10-23,closed,2024-10-21,28,-2,False,True,deteriorating_payer
INV16003812,B016,B016-C1151,Metal Client 151,Metal & Engineering,30,94901.95,2024-09-30,2024-10-30,closed,2024-11-09,40,10,False,False,deteriorating_payer
INV16003813,B016,B016-C1151,Metal Client 151,Metal & Engineering,30,72418.01,2024-10-25,2024-11-24,closed,2024-11-22,28,-2,False,False,deteriorating_payer
INV16003814,B016,B016-C1151,Metal Client 151,Metal & Engineering,30,54688.8,2024-11-13,2024-12-13,closed,2024-12-11,28,-2,False,False,deteriorating_payer
INV16003815,B016,B016-C1151,Metal Client 151,Metal & Engineering,30,80500.91,2024-11-22,2024-12-22,closed,2025-01-10,49,19,False,False,deteriorating_payer
INV16003816,B016,B016-C1151,Metal Client 151,Metal & Engineering,30,75143.85,2024-12-24,2025-01-23,closed,2025-02-13,51,21,False,False,deteriorating_payer
INV16003817,B016,B016-C1151,Metal Client 151,Metal & Engineering,30,87688.15,2024-12-25,2025-01-24,closed,2025-01-29,35,5,False,False,deteriorating_payer
INV16003818,B016,B016-C1151,Metal Client 151,Metal & Engineering,30,99181.82,2025-01-12,2025-02-11,closed,2025-03-18,65,35,False,False,deteriorating_payer
INV16003819,B016,B016-C1151,Metal Client 151,Metal & Engineering,30,82249.23,2025-01-17,2025-02-16,closed,2025-03-15,57,27,False,False,deteriorating_payer
INV16003820,B016,B016-C1151,Metal Client 151,Metal & Engineering,30,347232.07,2025-02-05,2025-03-07,closed,2025-03-28,51,21,False,True,deteriorating_payer
INV16003821,B016,B016-C1151,Metal Client 151,Metal & Engineering,30,67724.38,2025-02-12,2025-03-14,closed,2025-04-17,64,34,False,False,deteriorating_payer
INV16003822,B016,B016-C1151,Metal Client 151,Metal & Engineering,30,69611.7,2025-03-31,2025-04-30,closed,2025-05-13,43,13,False,False,deteriorating_payer
INV16003823,B016,B016-C1151,Metal Client 151,Metal & Engineering,30,75975.93,2025-04-06,2025-05-06,closed,2025-05-23,47,17,False,False,deteriorating_payer
INV16003824,B016,B016-C1151,Metal Client 151,Metal & Engineering,30,301699.53,2025-05-07,2025-06-06,closed,2025-06-24,48,18,False,True,deteriorating_payer
INV16003825,B016,B016-C1151,Metal Client 151,Metal & Engineering,30,64794.58,2025-05-16,2025-06-15,closed,2025-07-22,67,37,False,False,deteriorating_payer
INV16003826,B016,B016-C1151,Metal Client 151,Metal & Engineering,30,83175.85,2025-06-10,2025-07-10,closed,2025-08-13,64,34,False,False,deteriorating_payer
INV16003827,B016,B016-C1151,Metal Client 151,Metal & Engineering,30,70081.14,2025-07-08,2025-08-07,closed,2025-09-03,57,27,False,False,deteriorating_payer
INV16003828,B016,B016-C1151,Metal Client 151,Metal & Engineering,30,44240.03,2025-08-05,2025-09-04,closed,2025-09-23,49,19,False,False,deteriorating_payer
INV16003829,B016,B016-C1151,Metal Client 151,Metal & Engineering,30,73443.26,2025-08-08,2025-09-07,closed,2025-09-24,47,17,False,False,deteriorating_payer
INV16003830,B016,B016-C1151,Metal Client 151,Metal & Engineering,30,62387.86,2025-09-01,2025-10-01,closed,2025-10-28,57,27,False,False,deteriorating_payer
INV16003831,B016,B016-C1151,Metal Client 151,Metal & Engineering,30,37013.29,2025-09-19,2025-10-19,closed,2025-10-28,39,9,False,False,deteriorating_payer
INV16003832,B016,B016-C1151,Metal Client 151,Metal & Engineering,30,66432.17,2025-09-23,2025-10-23,closed,2025-12-11,79,49,False,False,deteriorating_payer
INV16003833,B016,B016-C1151,Metal Client 151,Metal & Engineering,30,79337.5,2025-09-30,2025-10-30,closed,2025-10-28,28,-2,False,False,deteriorating_payer
INV16003834,B016,B016-C1151,Metal Client 151,Metal & Engineering,30,215173.59,2025-10-08,2025-11-07,closed,2025-12-08,61,31,False,True,deteriorating_payer
INV16003835,B016,B016-C1151,Metal Client 151,Metal & Engineering,30,135545.88,2025-10-08,2025-11-07,closed,2025-12-19,72,42,False,False,deteriorating_payer
INV16003836,B016,B016-C1151,Metal Client 151,Metal & Engineering,30,80351.02,2026-01-14,2026-02-13,closed,2026-03-21,66,36,False,False,deteriorating_payer
INV16003837,B016,B016-C1151,Metal Client 151,Metal & Engineering,30,89189.3,2026-03-15,2026-04-14,closed,2026-05-09,55,25,False,False,deteriorating_payer
INV16003838,B016,B016-C1151,Metal Client 151,Metal & Engineering,30,79189.38,2026-03-22,2026-04-21,closed,2026-05-12,51,21,False,False,deteriorating_payer
INV16003839,B016,B016-C1151,Metal Client 151,Metal & Engineering,30,64338.92,2026-04-25,2026-05-25,closed,2026-06-08,44,14,False,False,deteriorating_payer
INV16003840,B016,B016-C1151,Metal Client 151,Metal & Engineering,30,91917.09,2026-05-23,2026-06-22,closed,2026-08-13,82,52,False,False,deteriorating_payer
INV16003841,B016,B016-C1151,Metal Client 151,Metal & Engineering,30,47768.79,2026-06-04,2026-07-04,closed,2026-08-06,63,33,False,False,deteriorating_payer
INV16003842,B016,B016-C1151,Metal Client 151,Metal & Engineering,30,61810.03,2026-06-21,2026-07-21,closed,2026-08-19,59,29,False,False,deteriorating_payer
INV16003843,B016,B016-C1151,Metal Client 151,Metal & Engineering,30,129496.92,2026-06-24,2026-07-24,closed,2026-08-02,39,9,False,False,deteriorating_payer
INV16003844,B016,B016-C1151,Metal Client 151,Metal & Engineering,30,98972.18,2026-06-29,2026-07-29,disputed_open,,,,False,False,deteriorating_payer
INV16003845,B016,B016-C1151,Metal Client 151,Metal & Engineering,30,92966.03,2026-07-16,2026-08-15,open,,,,False,False,deteriorating_payer
INV16003846,B016,B016-C1152,Metal Client 152,Metal & Engineering,30,99854.41,2024-04-13,2024-05-13,closed,2024-05-28,45,15,False,False,average_payer
INV16003847,B016,B016-C1152,Metal Client 152,Metal & Engineering,30,96862.36,2024-04-24,2024-05-24,closed,2024-05-24,30,0,False,False,average_payer
INV16003848,B016,B016-C1152,Metal Client 152,Metal & Engineering,30,164657.72,2024-05-21,2024-06-20,open,,,,False,True,average_payer
INV16003849,B016,B016-C1152,Metal Client 152,Metal & Engineering,30,46131.77,2024-08-26,2024-09-25,closed,2024-10-04,39,9,False,False,average_payer
INV16003850,B016,B016-C1152,Metal Client 152,Metal & Engineering,30,35149.68,2024-08-30,2024-09-29,closed,2024-10-12,43,13,False,False,average_payer
INV16003851,B016,B016-C1152,Metal Client 152,Metal & Engineering,30,71290.28,2024-09-28,2024-10-28,closed,2024-10-30,32,2,False,False,average_payer
INV16003852,B016,B016-C1152,Metal Client 152,Metal & Engineering,30,72364.38,2024-10-04,2024-11-03,closed,2024-11-05,32,2,False,False,average_payer
INV16003853,B016,B016-C1152,Metal Client 152,Metal & Engineering,30,127673.16,2024-10-06,2024-11-05,closed,2024-11-12,37,7,False,False,average_payer
INV16003854,B016,B016-C1152,Metal Client 152,Metal & Engineering,30,61348.85,2024-10-18,2024-11-17,closed,2024-11-21,34,4,False,False,average_payer
INV16003855,B016,B016-C1152,Metal Client 152,Metal & Engineering,30,49354.48,2025-01-25,2025-02-24,closed,2025-02-24,30,0,False,False,average_payer
INV16003856,B016,B016-C1152,Metal Client 152,Metal & Engineering,30,86216.11,2025-02-19,2025-03-21,disputed_open,,,,False,False,average_payer
INV16003857,B016,B016-C1152,Metal Client 152,Metal & Engineering,30,88618.35,2025-02-20,2025-03-22,closed,2025-03-16,24,-6,False,False,average_payer
INV16003858,B016,B016-C1152,Metal Client 152,Metal & Engineering,30,97056.18,2025-04-26,2025-05-26,closed,2025-06-09,44,14,False,False,average_payer
INV16003859,B016,B016-C1152,Metal Client 152,Metal & Engineering,30,62913.73,2025-06-11,2025-07-11,closed,2025-07-18,37,7,False,False,average_payer
INV16003860,B016,B016-C1152,Metal Client 152,Metal & Engineering,30,70101.64,2025-06-17,2025-07-17,closed,2025-07-23,36,6,False,False,average_payer
INV16003861,B016,B016-C1152,Metal Client 152,Metal & Engineering,30,97342.99,2025-07-26,2025-08-25,closed,2025-09-01,37,7,False,False,average_payer
INV16003862,B016,B016-C1152,Metal Client 152,Metal & Engineering,30,73540.48,2025-08-16,2025-09-15,closed,2025-09-26,41,11,False,False,average_payer
INV16003863,B016,B016-C1152,Metal Client 152,Metal & Engineering,30,63548.81,2025-08-20,2025-09-19,closed,2025-09-29,40,10,False,False,average_payer
INV16003864,B016,B016-C1152,Metal Client 152,Metal & Engineering,30,138710.55,2025-08-31,2025-09-30,closed,2025-10-07,37,7,False,True,average_payer
INV16003865,B016,B016-C1152,Metal Client 152,Metal & Engineering,30,82846.73,2025-09-12,2025-10-12,closed,2025-10-22,40,10,False,False,average_payer
INV16003866,B016,B016-C1152,Metal Client 152,Metal & Engineering,30,42129.09,2025-09-16,2025-10-16,closed,2025-10-26,40,10,False,False,average_payer
INV16003867,B016,B016-C1152,Metal Client 152,Metal & Engineering,30,101836.83,2025-09-25,2025-10-25,closed,2025-10-29,34,4,False,False,average_payer
INV16003868,B016,B016-C1152,Metal Client 152,Metal & Engineering,30,81088.83,2025-12-05,2026-01-04,closed,2026-01-19,45,15,False,False,average_payer
INV16003869,B016,B016-C1152,Metal Client 152,Metal & Engineering,30,97521.98,2025-12-11,2026-01-10,closed,2026-01-19,39,9,False,False,average_payer
INV16003870,B016,B016-C1152,Metal Client 152,Metal & Engineering,30,49228.11,2025-12-18,2026-01-17,closed,2026-01-28,41,11,False,False,average_payer
INV16003871,B016,B016-C1152,Metal Client 152,Metal & Engineering,30,103245.33,2026-02-08,2026-03-10,closed,2026-03-29,49,19,False,False,average_payer
INV16003872,B016,B016-C1152,Metal Client 152,Metal & Engineering,30,60177.51,2026-02-19,2026-03-21,closed,2026-04-04,44,14,False,False,average_payer
INV16003873,B016,B016-C1152,Metal Client 152,Metal & Engineering,30,62670.22,2026-05-02,2026-06-01,closed,2026-06-07,36,6,False,False,average_payer
INV16003874,B016,B016-C1152,Metal Client 152,Metal & Engineering,30,82537.21,2026-07-24,2026-08-23,closed,2026-08-23,30,0,False,False,average_payer
INV16003875,B016,B016-C1152,Metal Client 152,Metal & Engineering,30,101619.87,2026-08-13,2026-09-12,open,,,,False,False,average_payer
INV16003876,B016,B016-C1152,Metal Client 152,Metal & Engineering,30,71050.87,2026-08-25,2026-09-24,open,,,,False,False,average_payer
INV16003877,B016,B016-C1153,Auto Client 153,Auto Components,15,18970.13,2024-03-28,2024-04-12,closed,2024-04-13,16,1,False,False,prompt_payer
INV16003878,B016,B016-C1153,Auto Client 153,Auto Components,15,29072.31,2024-04-11,2024-04-26,closed,2024-04-24,13,-2,False,False,prompt_payer
INV16003879,B016,B016-C1153,Auto Client 153,Auto Components,15,23843.52,2024-04-21,2024-05-06,closed,2024-05-04,13,-2,False,False,prompt_payer
INV16003880,B016,B016-C1153,Auto Client 153,Auto Components,15,28369.36,2024-05-05,2024-05-20,closed,2024-05-15,10,-5,False,False,prompt_payer
INV16003881,B016,B016-C1153,Auto Client 153,Auto Components,15,122846.49,2024-06-27,2024-07-12,closed,2024-07-05,8,-7,False,True,prompt_payer
INV16003882,B016,B016-C1153,Auto Client 153,Auto Components,15,20548.45,2024-07-08,2024-07-23,closed,2024-07-23,15,0,False,False,prompt_payer
INV16003883,B016,B016-C1153,Auto Client 153,Auto Components,15,28311.2,2024-09-07,2024-09-22,closed,2024-09-22,15,0,False,False,prompt_payer
INV16003884,B016,B016-C1153,Auto Client 153,Auto Components,15,107897.32,2024-09-10,2024-09-25,closed,2024-09-27,17,2,False,True,prompt_payer
INV16003885,B016,B016-C1153,Auto Client 153,Auto Components,15,26658.83,2024-10-01,2024-10-16,closed,2024-10-14,13,-2,False,False,prompt_payer
INV16003886,B016,B016-C1153,Auto Client 153,Auto Components,15,31914.39,2024-10-02,2024-10-17,closed,2024-10-17,15,0,False,False,prompt_payer
INV16003887,B016,B016-C1153,Auto Client 153,Auto Components,15,26278.81,2024-10-04,2024-10-19,closed,2024-10-25,21,6,False,False,prompt_payer
INV16003888,B016,B016-C1153,Auto Client 153,Auto Components,15,21361.34,2024-11-26,2024-12-11,closed,2024-12-16,20,5,False,False,prompt_payer
INV16003889,B016,B016-C1153,Auto Client 153,Auto Components,15,27137.11,2024-11-30,2024-12-15,closed,2024-12-19,19,4,False,False,prompt_payer
INV16003890,B016,B016-C1153,Auto Client 153,Auto Components,15,14388.18,2024-12-03,2024-12-18,closed,2024-12-17,14,-1,False,False,prompt_payer
INV16003891,B016,B016-C1153,Auto Client 153,Auto Components,15,16395.02,2024-12-17,2025-01-01,closed,2024-12-29,12,-3,False,False,prompt_payer
INV16003892,B016,B016-C1153,Auto Client 153,Auto Components,15,30173.4,2024-12-20,2025-01-04,closed,2025-01-05,16,1,False,False,prompt_payer
INV16003893,B016,B016-C1153,Auto Client 153,Auto Components,15,21950.67,2025-01-07,2025-01-22,closed,2025-01-17,10,-5,False,False,prompt_payer
INV16003894,B016,B016-C1153,Auto Client 153,Auto Components,15,33560.18,2025-01-09,2025-01-24,closed,2025-01-30,21,6,False,False,prompt_payer
INV16003895,B016,B016-C1153,Auto Client 153,Auto Components,15,13302.29,2025-02-07,2025-02-22,closed,2025-02-21,14,-1,False,False,prompt_payer
INV16003896,B016,B016-C1153,Auto Client 153,Auto Components,15,18468.91,2025-03-21,2025-04-05,closed,2025-04-03,13,-2,False,False,prompt_payer
INV16003897,B016,B016-C1153,Auto Client 153,Auto Components,15,32311.98,2025-03-30,2025-04-14,closed,2025-04-14,15,0,False,False,prompt_payer
INV16003898,B016,B016-C1153,Auto Client 153,Auto Components,15,23493.47,2025-04-07,2025-04-22,open,,,,False,False,prompt_payer
INV16003899,B016,B016-C1153,Auto Client 153,Auto Components,15,19139.95,2025-04-26,2025-05-11,closed,2025-05-09,13,-2,False,False,prompt_payer
INV16003900,B016,B016-C1153,Auto Client 153,Auto Components,15,33486.26,2025-05-20,2025-06-04,closed,2025-05-31,11,-4,False,False,prompt_payer
INV16003901,B016,B016-C1153,Auto Client 153,Auto Components,15,15717.52,2025-05-22,2025-06-06,closed,2025-06-06,15,0,False,False,prompt_payer
INV16003902,B016,B016-C1153,Auto Client 153,Auto Components,15,10421.51,2025-06-04,2025-06-19,closed,2025-06-22,18,3,False,False,prompt_payer
INV16003903,B016,B016-C1153,Auto Client 153,Auto Components,15,22448.82,2025-08-14,2025-08-29,closed,2025-08-30,16,1,False,False,prompt_payer
INV16003904,B016,B016-C1153,Auto Client 153,Auto Components,15,68449.44,2025-10-05,2025-10-20,closed,2025-10-22,17,2,False,False,prompt_payer
INV16003905,B016,B016-C1153,Auto Client 153,Auto Components,15,36580.99,2025-12-18,2026-01-02,closed,2025-12-29,11,-4,False,False,prompt_payer
INV16003906,B016,B016-C1153,Auto Client 153,Auto Components,15,20802.17,2026-01-11,2026-01-26,closed,2026-01-31,20,5,False,False,prompt_payer
INV16003907,B016,B016-C1153,Auto Client 153,Auto Components,15,32014.06,2026-01-20,2026-02-04,closed,2026-02-08,19,4,False,False,prompt_payer
INV16003908,B016,B016-C1153,Auto Client 153,Auto Components,15,38482.96,2026-03-15,2026-03-30,closed,2026-04-08,24,9,True,False,prompt_payer
INV16003909,B016,B016-C1153,Auto Client 153,Auto Components,15,32421.96,2026-03-27,2026-04-11,closed,2026-04-11,15,0,False,False,prompt_payer
INV16003910,B016,B016-C1153,Auto Client 153,Auto Components,15,27090.48,2026-03-31,2026-04-15,closed,2026-04-17,17,2,False,False,prompt_payer
INV16003911,B016,B016-C1153,Auto Client 153,Auto Components,15,20118.05,2026-04-13,2026-04-28,closed,2026-04-22,9,-6,False,False,prompt_payer
INV16003912,B016,B016-C1153,Auto Client 153,Auto Components,15,34722.29,2026-04-20,2026-05-05,closed,2026-05-04,14,-1,False,False,prompt_payer
INV16003913,B016,B016-C1153,Auto Client 153,Auto Components,15,44665.18,2026-04-21,2026-05-06,closed,2026-05-04,13,-2,False,False,prompt_payer
INV16003914,B016,B016-C1153,Auto Client 153,Auto Components,15,34110.13,2026-06-30,2026-07-15,closed,2026-07-15,15,0,False,False,prompt_payer
INV16003915,B016,B016-C1153,Auto Client 153,Auto Components,15,24883.51,2026-08-01,2026-08-16,closed,2026-08-19,18,3,False,False,prompt_payer
INV16003916,B016,B016-C1153,Auto Client 153,Auto Components,15,25613.02,2026-08-25,2026-09-09,open,,,,False,False,prompt_payer
INV16003917,B016,B016-C1154,Chemicals Client 154,Chemicals & Plastics,60,614698.56,2024-03-20,2024-05-19,closed,2024-05-22,63,3,False,True,average_payer
INV16003918,B016,B016-C1154,Chemicals Client 154,Chemicals & Plastics,60,94029.01,2024-06-27,2024-08-26,closed,2024-09-07,72,12,False,False,average_payer
INV16003919,B016,B016-C1154,Chemicals Client 154,Chemicals & Plastics,60,92267.95,2024-07-13,2024-09-11,closed,2024-09-12,61,1,False,False,average_payer
INV16003920,B016,B016-C1154,Chemicals Client 154,Chemicals & Plastics,60,208636.75,2024-09-08,2024-11-07,closed,2024-11-01,54,-6,False,False,average_payer
INV16003921,B016,B016-C1154,Chemicals Client 154,Chemicals & Plastics,60,104704.8,2024-10-17,2024-12-16,closed,2024-12-28,72,12,False,False,average_payer
INV16003922,B016,B016-C1154,Chemicals Client 154,Chemicals & Plastics,60,106154.1,2024-11-30,2025-01-29,closed,2025-01-30,61,1,False,False,average_payer
INV16003923,B016,B016-C1154,Chemicals Client 154,Chemicals & Plastics,60,198354.77,2024-12-05,2025-02-03,closed,2025-02-08,65,5,True,False,average_payer
INV16003924,B016,B016-C1154,Chemicals Client 154,Chemicals & Plastics,60,136061.68,2025-01-12,2025-03-13,closed,2025-03-16,63,3,False,False,average_payer
INV16003925,B016,B016-C1154,Chemicals Client 154,Chemicals & Plastics,60,150821.08,2025-03-30,2025-05-29,closed,2025-05-28,59,-1,False,False,average_payer
INV16003926,B016,B016-C1154,Chemicals Client 154,Chemicals & Plastics,60,459422.06,2025-04-20,2025-06-19,closed,2025-07-09,80,20,False,True,average_payer
INV16003927,B016,B016-C1154,Chemicals Client 154,Chemicals & Plastics,60,80660.23,2025-08-13,2025-10-12,closed,2025-10-19,67,7,False,False,average_payer
INV16003928,B016,B016-C1154,Chemicals Client 154,Chemicals & Plastics,60,114199.45,2025-09-19,2025-11-18,closed,2025-11-25,67,7,False,False,average_payer
INV16003929,B016,B016-C1154,Chemicals Client 154,Chemicals & Plastics,60,106938.18,2025-10-26,2025-12-25,closed,2026-01-04,70,10,False,False,average_payer
INV16003930,B016,B016-C1154,Chemicals Client 154,Chemicals & Plastics,60,129607.82,2025-10-31,2025-12-30,closed,2026-01-01,62,2,False,False,average_payer
INV16003931,B016,B016-C1154,Chemicals Client 154,Chemicals & Plastics,60,134510.77,2025-11-26,2026-01-25,closed,2026-01-27,62,2,False,False,average_payer
INV16003932,B016,B016-C1154,Chemicals Client 154,Chemicals & Plastics,60,114485.24,2026-02-13,2026-04-14,closed,2026-04-09,55,-5,False,False,average_payer
INV16003933,B016,B016-C1154,Chemicals Client 154,Chemicals & Plastics,60,168651.32,2026-05-16,2026-07-15,closed,2026-07-22,67,7,False,False,average_payer
INV16003934,B016,B016-C1154,Chemicals Client 154,Chemicals & Plastics,60,128579.24,2026-07-06,2026-09-04,disputed_open,,,,False,False,average_payer
INV16003935,B016,B016-C1155,Pharma Client 155,Pharma & Healthcare,30,125759.74,2024-05-15,2024-06-14,closed,2024-06-23,39,9,False,False,average_payer
INV16003936,B016,B016-C1155,Pharma Client 155,Pharma & Healthcare,30,205982.71,2024-06-15,2024-07-15,closed,2024-07-28,43,13,False,False,average_payer
INV16003937,B016,B016-C1155,Pharma Client 155,Pharma & Healthcare,30,159880.5,2024-11-24,2024-12-24,closed,2024-12-28,34,4,True,False,average_payer
INV16003938,B016,B016-C1155,Pharma Client 155,Pharma & Healthcare,30,106808.95,2025-06-11,2025-07-11,closed,2025-07-13,32,2,False,False,average_payer
INV16003939,B016,B016-C1155,Pharma Client 155,Pharma & Healthcare,30,129645.17,2025-06-30,2025-07-30,closed,2025-08-01,32,2,False,False,average_payer
INV16003940,B016,B016-C1155,Pharma Client 155,Pharma & Healthcare,30,57467.32,2025-09-29,2025-10-29,closed,2025-10-28,29,-1,False,False,average_payer
INV16003941,B016,B016-C1155,Pharma Client 155,Pharma & Healthcare,30,203144.66,2025-10-02,2025-11-01,closed,2025-11-09,38,8,False,False,average_payer
INV16003942,B016,B016-C1156,Retail Client 156,Retail & Distribution,30,26358.33,2024-03-29,2024-04-28,closed,2024-05-14,46,16,False,False,average_payer
INV16003943,B016,B016-C1156,Retail Client 156,Retail & Distribution,30,16399.48,2024-05-20,2024-06-19,closed,2024-06-14,25,-5,False,False,average_payer
INV16003944,B016,B016-C1156,Retail Client 156,Retail & Distribution,30,36593.9,2024-05-21,2024-06-20,closed,2024-06-27,37,7,False,False,average_payer
INV16003945,B016,B016-C1156,Retail Client 156,Retail & Distribution,30,16033.61,2024-06-02,2024-07-02,closed,2024-07-11,39,9,False,False,average_payer
INV16003946,B016,B016-C1156,Retail Client 156,Retail & Distribution,30,21329.33,2024-06-06,2024-07-06,closed,2024-07-02,26,-4,False,False,average_payer
INV16003947,B016,B016-C1156,Retail Client 156,Retail & Distribution,30,29602.19,2024-07-16,2024-08-15,closed,2024-08-10,25,-5,False,False,average_payer
INV16003948,B016,B016-C1156,Retail Client 156,Retail & Distribution,30,61558.3,2024-07-20,2024-08-19,closed,2024-08-10,21,-9,False,True,average_payer
INV16003949,B016,B016-C1156,Retail Client 156,Retail & Distribution,30,22690.56,2024-08-28,2024-09-27,closed,2024-10-05,38,8,False,False,average_payer
INV16003950,B016,B016-C1156,Retail Client 156,Retail & Distribution,30,33755.63,2024-10-08,2024-11-07,closed,2024-11-23,46,16,False,False,average_payer
INV16003951,B016,B016-C1156,Retail Client 156,Retail & Distribution,30,18648.13,2024-10-20,2024-11-19,closed,2024-11-20,31,1,False,False,average_payer
INV16003952,B016,B016-C1156,Retail Client 156,Retail & Distribution,30,16396.11,2024-11-04,2024-12-04,closed,2024-12-02,28,-2,False,False,average_payer
INV16003953,B016,B016-C1156,Retail Client 156,Retail & Distribution,30,32840.4,2024-11-09,2024-12-09,closed,2024-12-13,34,4,False,False,average_payer
INV16003954,B016,B016-C1156,Retail Client 156,Retail & Distribution,30,24547.3,2024-11-13,2024-12-13,closed,2024-12-18,35,5,False,False,average_payer
INV16003955,B016,B016-C1156,Retail Client 156,Retail & Distribution,30,25850.4,2024-12-09,2025-01-08,closed,2025-01-15,37,7,False,False,average_payer
INV16003956,B016,B016-C1156,Retail Client 156,Retail & Distribution,30,76404.17,2024-12-10,2025-01-09,closed,2025-01-09,30,0,False,True,average_payer
INV16003957,B016,B016-C1156,Retail Client 156,Retail & Distribution,30,35433.56,2024-12-16,2025-01-15,closed,2025-01-20,35,5,False,False,average_payer
INV16003958,B016,B016-C1156,Retail Client 156,Retail & Distribution,30,24341.69,2025-01-22,2025-02-21,closed,2025-03-09,46,16,False,False,average_payer
INV16003959,B016,B016-C1156,Retail Client 156,Retail & Distribution,30,34721.62,2025-02-13,2025-03-15,closed,2025-03-24,39,9,False,False,average_payer
INV16003960,B016,B016-C1156,Retail Client 156,Retail & Distribution,30,32928.55,2025-02-16,2025-03-18,closed,2025-03-26,38,8,False,False,average_payer
INV16003961,B016,B016-C1156,Retail Client 156,Retail & Distribution,30,36111.36,2025-03-10,2025-04-09,closed,2025-04-14,35,5,False,False,average_payer
INV16003962,B016,B016-C1156,Retail Client 156,Retail & Distribution,30,22107.47,2025-03-13,2025-04-12,closed,2025-04-06,24,-6,True,False,average_payer
INV16003963,B016,B016-C1156,Retail Client 156,Retail & Distribution,30,27239.61,2025-03-15,2025-04-14,closed,2025-04-23,39,9,False,False,average_payer
INV16003964,B016,B016-C1156,Retail Client 156,Retail & Distribution,30,23320.0,2025-03-24,2025-04-23,closed,2025-05-08,45,15,False,False,average_payer
INV16003965,B016,B016-C1156,Retail Client 156,Retail & Distribution,30,17067.69,2025-04-09,2025-05-09,closed,2025-05-13,34,4,True,False,average_payer
INV16003966,B016,B016-C1156,Retail Client 156,Retail & Distribution,30,24919.05,2025-04-16,2025-05-16,closed,2025-05-30,44,14,False,False,average_payer
INV16003967,B016,B016-C1156,Retail Client 156,Retail & Distribution,30,28544.01,2025-05-14,2025-06-13,closed,2025-06-23,40,10,False,False,average_payer
INV16003968,B016,B016-C1156,Retail Client 156,Retail & Distribution,30,20627.72,2025-06-28,2025-07-28,closed,2025-07-28,30,0,False,False,average_payer
INV16003969,B016,B016-C1156,Retail Client 156,Retail & Distribution,30,22039.03,2025-07-07,2025-08-06,closed,2025-08-09,33,3,False,False,average_payer
INV16003970,B016,B016-C1156,Retail Client 156,Retail & Distribution,30,23315.09,2025-08-17,2025-09-16,closed,2025-09-16,30,0,False,False,average_payer
INV16003971,B016,B016-C1156,Retail Client 156,Retail & Distribution,30,33379.74,2025-08-20,2025-09-19,closed,2025-10-06,47,17,False,False,average_payer
INV16003972,B016,B016-C1156,Retail Client 156,Retail & Distribution,30,17449.99,2025-08-24,2025-09-23,closed,2025-09-28,35,5,False,False,average_payer
INV16003973,B016,B016-C1156,Retail Client 156,Retail & Distribution,30,56842.15,2025-11-02,2025-12-02,closed,2025-11-30,28,-2,False,True,average_payer
INV16003974,B016,B016-C1156,Retail Client 156,Retail & Distribution,30,24802.51,2025-11-07,2025-12-07,closed,2025-12-09,32,2,False,False,average_payer
INV16003975,B016,B016-C1156,Retail Client 156,Retail & Distribution,30,18559.02,2026-01-03,2026-02-02,closed,2026-02-04,32,2,False,False,average_payer
INV16003976,B016,B016-C1156,Retail Client 156,Retail & Distribution,30,27180.0,2026-02-02,2026-03-04,closed,2026-02-25,23,-7,False,False,average_payer
INV16003977,B016,B016-C1156,Retail Client 156,Retail & Distribution,30,30931.72,2026-02-26,2026-03-28,closed,2026-04-05,38,8,False,False,average_payer
INV16003978,B016,B016-C1156,Retail Client 156,Retail & Distribution,30,26895.86,2026-03-06,2026-04-05,closed,2026-04-23,48,18,False,False,average_payer
INV16003979,B016,B016-C1156,Retail Client 156,Retail & Distribution,30,15506.74,2026-03-19,2026-04-18,closed,2026-05-03,45,15,False,False,average_payer
INV16003980,B016,B016-C1156,Retail Client 156,Retail & Distribution,30,20059.67,2026-03-31,2026-04-30,closed,2026-05-09,39,9,False,False,average_payer
INV16003981,B016,B016-C1156,Retail Client 156,Retail & Distribution,30,14016.44,2026-05-02,2026-06-01,closed,2026-06-11,40,10,False,False,average_payer
INV16003982,B016,B016-C1156,Retail Client 156,Retail & Distribution,30,20801.69,2026-05-11,2026-06-10,closed,2026-06-11,31,1,False,False,average_payer
INV16003983,B016,B016-C1156,Retail Client 156,Retail & Distribution,30,19904.21,2026-05-29,2026-06-28,closed,2026-07-09,41,11,False,False,average_payer
INV16003984,B016,B016-C1156,Retail Client 156,Retail & Distribution,30,23227.53,2026-06-17,2026-07-17,closed,2026-07-22,35,5,False,False,average_payer
INV16003985,B016,B016-C1156,Retail Client 156,Retail & Distribution,30,77441.07,2026-06-25,2026-07-25,closed,2026-08-10,46,16,False,True,average_payer
INV16003986,B016,B016-C1156,Retail Client 156,Retail & Distribution,30,13643.91,2026-07-08,2026-08-07,closed,2026-08-13,36,6,False,False,average_payer
INV16003987,B016,B016-C1156,Retail Client 156,Retail & Distribution,30,21155.07,2026-07-23,2026-08-22,closed,2026-09-01,40,10,False,False,average_payer
INV16003988,B016,B016-C1156,Retail Client 156,Retail & Distribution,30,25177.03,2026-08-05,2026-09-04,disputed_open,,,,False,False,average_payer
INV16003989,B016,B016-C1156,Retail Client 156,Retail & Distribution,30,30173.38,2026-08-19,2026-09-18,open,,,,False,False,average_payer
INV16003990,B016,B016-C1157,Chemicals Client 157,Chemicals & Plastics,30,231469.92,2024-03-30,2024-04-29,closed,2024-04-27,28,-2,False,False,deteriorating_payer
INV16003991,B016,B016-C1157,Chemicals Client 157,Chemicals & Plastics,30,227154.04,2024-04-16,2024-05-16,closed,2024-06-11,56,26,False,False,deteriorating_payer
INV16003992,B016,B016-C1157,Chemicals Client 157,Chemicals & Plastics,30,270903.7,2024-04-18,2024-05-18,closed,2024-06-25,68,38,False,False,deteriorating_payer
INV16003993,B016,B016-C1157,Chemicals Client 157,Chemicals & Plastics,30,321503.98,2024-05-13,2024-06-12,closed,2024-07-02,50,20,False,False,deteriorating_payer
INV16003994,B016,B016-C1157,Chemicals Client 157,Chemicals & Plastics,30,275236.31,2024-06-21,2024-07-21,closed,2024-07-19,28,-2,False,False,deteriorating_payer
INV16003995,B016,B016-C1157,Chemicals Client 157,Chemicals & Plastics,30,332607.15,2024-06-24,2024-07-24,closed,2024-08-08,45,15,False,False,deteriorating_payer
INV16003996,B016,B016-C1157,Chemicals Client 157,Chemicals & Plastics,30,370005.43,2024-07-01,2024-07-31,closed,2024-08-20,50,20,False,False,deteriorating_payer
INV16003997,B016,B016-C1157,Chemicals Client 157,Chemicals & Plastics,30,309545.65,2024-09-17,2024-10-17,closed,2024-10-24,37,7,False,False,deteriorating_payer
INV16003998,B016,B016-C1157,Chemicals Client 157,Chemicals & Plastics,30,191373.65,2024-10-05,2024-11-04,closed,2024-12-05,61,31,False,False,deteriorating_payer
INV16003999,B016,B016-C1157,Chemicals Client 157,Chemicals & Plastics,30,901332.16,2024-11-22,2024-12-22,closed,2025-01-16,55,25,False,True,deteriorating_payer
INV16004000,B016,B016-C1157,Chemicals Client 157,Chemicals & Plastics,30,234573.62,2024-12-09,2025-01-08,closed,2025-01-21,43,13,False,False,deteriorating_payer
INV16004001,B016,B016-C1157,Chemicals Client 157,Chemicals & Plastics,30,915587.52,2025-01-25,2025-02-24,closed,2025-03-31,65,35,False,True,deteriorating_payer
INV16004002,B016,B016-C1157,Chemicals Client 157,Chemicals & Plastics,30,212590.31,2025-01-27,2025-02-26,closed,2025-03-18,50,20,False,False,deteriorating_payer
INV16004003,B016,B016-C1157,Chemicals Client 157,Chemicals & Plastics,30,322483.43,2025-04-05,2025-05-05,closed,2025-05-11,36,6,False,False,deteriorating_payer
INV16004004,B016,B016-C1157,Chemicals Client 157,Chemicals & Plastics,30,277044.45,2025-05-22,2025-06-21,closed,2025-07-15,54,24,False,False,deteriorating_payer
INV16004005,B016,B016-C1157,Chemicals Client 157,Chemicals & Plastics,30,355252.63,2025-08-10,2025-09-09,closed,2025-10-01,52,22,False,False,deteriorating_payer
INV16004006,B016,B016-C1157,Chemicals Client 157,Chemicals & Plastics,30,192233.4,2025-08-23,2025-09-22,closed,2025-10-05,43,13,False,False,deteriorating_payer
INV16004007,B016,B016-C1157,Chemicals Client 157,Chemicals & Plastics,30,252466.17,2025-09-15,2025-10-15,closed,2025-10-29,44,14,False,False,deteriorating_payer
INV16004008,B016,B016-C1157,Chemicals Client 157,Chemicals & Plastics,30,345339.76,2025-10-09,2025-11-08,closed,2025-11-15,37,7,False,False,deteriorating_payer
INV16004009,B016,B016-C1157,Chemicals Client 157,Chemicals & Plastics,30,200724.97,2025-11-30,2025-12-30,closed,2026-01-24,55,25,False,False,deteriorating_payer
INV16004010,B016,B016-C1157,Chemicals Client 157,Chemicals & Plastics,30,188696.84,2025-12-06,2026-01-05,closed,2026-01-23,48,18,False,False,deteriorating_payer
INV16004011,B016,B016-C1157,Chemicals Client 157,Chemicals & Plastics,30,227240.67,2025-12-06,2026-01-05,closed,2026-01-25,50,20,False,False,deteriorating_payer
INV16004012,B016,B016-C1157,Chemicals Client 157,Chemicals & Plastics,30,186506.5,2026-01-21,2026-02-20,closed,2026-04-26,95,65,False,False,deteriorating_payer
INV16004013,B016,B016-C1157,Chemicals Client 157,Chemicals & Plastics,30,276396.66,2026-02-04,2026-03-06,closed,2026-04-04,59,29,False,False,deteriorating_payer
INV16004014,B016,B016-C1157,Chemicals Client 157,Chemicals & Plastics,30,271848.56,2026-03-19,2026-04-18,closed,2026-06-01,74,44,False,False,deteriorating_payer
INV16004015,B016,B016-C1157,Chemicals Client 157,Chemicals & Plastics,30,393320.96,2026-05-06,2026-06-05,closed,2026-07-04,59,29,False,False,deteriorating_payer
INV16004016,B016,B016-C1157,Chemicals Client 157,Chemicals & Plastics,30,248170.71,2026-05-12,2026-06-11,closed,2026-07-06,55,25,False,False,deteriorating_payer
INV16004017,B016,B016-C1157,Chemicals Client 157,Chemicals & Plastics,30,242373.68,2026-06-11,2026-07-11,closed,2026-08-19,69,39,False,False,deteriorating_payer
INV16004018,B016,B016-C1157,Chemicals Client 157,Chemicals & Plastics,30,269800.24,2026-07-02,2026-08-01,closed,2026-08-27,56,26,False,False,deteriorating_payer
INV16004019,B016,B016-C1157,Chemicals Client 157,Chemicals & Plastics,30,247605.32,2026-07-21,2026-08-20,disputed_open,,,,False,False,deteriorating_payer
INV16004020,B016,B016-C1158,Chemicals Client 158,Chemicals & Plastics,30,246836.72,2024-03-30,2024-04-29,closed,2024-05-01,32,2,False,False,erratic_payer
INV16004021,B016,B016-C1158,Chemicals Client 158,Chemicals & Plastics,30,296346.07,2024-04-02,2024-05-02,closed,2024-05-12,40,10,False,False,erratic_payer
INV16004022,B016,B016-C1158,Chemicals Client 158,Chemicals & Plastics,30,107638.25,2024-05-04,2024-06-03,closed,2024-06-11,38,8,False,False,erratic_payer
INV16004023,B016,B016-C1158,Chemicals Client 158,Chemicals & Plastics,30,241641.57,2024-06-16,2024-07-16,closed,2024-07-31,45,15,False,False,erratic_payer
INV16004024,B016,B016-C1158,Chemicals Client 158,Chemicals & Plastics,30,316384.81,2024-06-21,2024-07-21,closed,2024-09-10,81,51,False,False,erratic_payer
INV16004025,B016,B016-C1158,Chemicals Client 158,Chemicals & Plastics,30,170230.06,2024-08-07,2024-09-06,closed,2024-09-10,34,4,False,False,erratic_payer
INV16004026,B016,B016-C1158,Chemicals Client 158,Chemicals & Plastics,30,188279.84,2024-09-19,2024-10-19,closed,2024-10-18,29,-1,False,False,erratic_payer
INV16004027,B016,B016-C1158,Chemicals Client 158,Chemicals & Plastics,30,242812.15,2024-10-03,2024-11-02,closed,2024-11-08,36,6,False,False,erratic_payer
INV16004028,B016,B016-C1158,Chemicals Client 158,Chemicals & Plastics,30,722102.39,2024-11-05,2024-12-05,closed,2024-12-08,33,3,True,True,erratic_payer
INV16004029,B016,B016-C1158,Chemicals Client 158,Chemicals & Plastics,30,225595.62,2025-02-24,2025-03-26,open,,,,False,False,erratic_payer
INV16004030,B016,B016-C1158,Chemicals Client 158,Chemicals & Plastics,30,251753.04,2025-03-18,2025-04-17,closed,2025-04-21,34,4,False,False,erratic_payer
INV16004031,B016,B016-C1158,Chemicals Client 158,Chemicals & Plastics,30,326132.72,2025-04-01,2025-05-01,closed,2025-05-01,30,0,False,False,erratic_payer
INV16004032,B016,B016-C1158,Chemicals Client 158,Chemicals & Plastics,30,209239.7,2025-11-03,2025-12-03,closed,2025-12-08,35,5,False,False,erratic_payer
INV16004033,B016,B016-C1158,Chemicals Client 158,Chemicals & Plastics,30,312370.4,2025-12-02,2026-01-01,closed,2026-01-12,41,11,False,False,erratic_payer
INV16004034,B016,B016-C1158,Chemicals Client 158,Chemicals & Plastics,30,207135.65,2026-02-12,2026-03-14,closed,2026-03-18,34,4,False,False,erratic_payer
INV16004035,B016,B016-C1158,Chemicals Client 158,Chemicals & Plastics,30,357154.85,2026-03-10,2026-04-09,closed,2026-04-03,24,-6,False,False,erratic_payer
INV16004036,B016,B016-C1158,Chemicals Client 158,Chemicals & Plastics,30,268007.23,2026-04-07,2026-05-07,closed,2026-07-13,97,67,False,False,erratic_payer
INV16004037,B016,B016-C1158,Chemicals Client 158,Chemicals & Plastics,30,258980.24,2026-08-10,2026-09-09,closed,2026-08-28,18,-12,False,False,erratic_payer
INV16004038,B016,B016-C1159,Construction Client 159,Construction & Infra,30,150126.26,2024-06-22,2024-07-22,closed,2024-08-08,47,17,True,False,improving_payer
INV16004039,B016,B016-C1159,Construction Client 159,Construction & Infra,30,80744.24,2024-07-13,2024-08-12,closed,2024-09-21,70,40,False,False,improving_payer
INV16004040,B016,B016-C1159,Construction Client 159,Construction & Infra,30,126536.95,2024-07-20,2024-08-19,closed,2024-09-29,71,41,False,False,improving_payer
INV16004041,B016,B016-C1159,Construction Client 159,Construction & Infra,30,90959.7,2024-08-15,2024-09-14,closed,2024-10-26,72,42,False,False,improving_payer
INV16004042,B016,B016-C1159,Construction Client 159,Construction & Infra,30,104078.46,2024-08-17,2024-09-16,closed,2024-10-16,60,30,False,False,improving_payer
INV16004043,B016,B016-C1159,Construction Client 159,Construction & Infra,30,108700.88,2024-09-02,2024-10-02,closed,2024-10-23,51,21,False,False,improving_payer
INV16004044,B016,B016-C1159,Construction Client 159,Construction & Infra,30,123018.14,2024-10-07,2024-11-06,closed,2024-12-03,57,27,False,False,improving_payer
INV16004045,B016,B016-C1159,Construction Client 159,Construction & Infra,30,72467.27,2024-11-20,2024-12-20,closed,2025-01-29,70,40,False,False,improving_payer
INV16004046,B016,B016-C1159,Construction Client 159,Construction & Infra,30,76047.68,2024-12-02,2025-01-01,closed,2025-01-26,55,25,False,False,improving_payer
INV16004047,B016,B016-C1159,Construction Client 159,Construction & Infra,30,106346.1,2025-01-23,2025-02-22,closed,2025-03-24,60,30,False,False,improving_payer
INV16004048,B016,B016-C1159,Construction Client 159,Construction & Infra,30,103789.45,2025-02-15,2025-03-17,closed,2025-04-22,66,36,False,False,improving_payer
INV16004049,B016,B016-C1159,Construction Client 159,Construction & Infra,30,69867.7,2025-02-21,2025-03-23,closed,2025-04-06,44,14,False,False,improving_payer
INV16004050,B016,B016-C1159,Construction Client 159,Construction & Infra,30,130627.4,2025-03-25,2025-04-24,closed,2025-05-20,56,26,False,False,improving_payer
INV16004051,B016,B016-C1159,Construction Client 159,Construction & Infra,30,135835.58,2025-04-14,2025-05-14,closed,2025-05-21,37,7,False,False,improving_payer
INV16004052,B016,B016-C1159,Construction Client 159,Construction & Infra,30,86052.09,2025-04-18,2025-05-18,closed,2025-06-14,57,27,False,False,improving_payer
INV16004053,B016,B016-C1159,Construction Client 159,Construction & Infra,30,110805.46,2025-04-20,2025-05-20,closed,2025-05-31,41,11,False,False,improving_payer
INV16004054,B016,B016-C1159,Construction Client 159,Construction & Infra,30,164391.76,2025-04-30,2025-05-30,closed,2025-06-03,34,4,True,False,improving_payer
INV16004055,B016,B016-C1159,Construction Client 159,Construction & Infra,30,100137.25,2025-06-21,2025-07-21,closed,2025-08-06,46,16,True,False,improving_payer
INV16004056,B016,B016-C1159,Construction Client 159,Construction & Infra,30,416709.52,2025-08-17,2025-09-16,closed,2025-09-18,32,2,False,True,improving_payer
INV16004057,B016,B016-C1159,Construction Client 159,Construction & Infra,30,50169.5,2025-08-29,2025-09-28,closed,2025-09-29,31,1,False,False,improving_payer
INV16004058,B016,B016-C1159,Construction Client 159,Construction & Infra,30,121322.32,2025-10-07,2025-11-06,closed,2025-12-06,60,30,False,False,improving_payer
INV16004059,B016,B016-C1159,Construction Client 159,Construction & Infra,30,143206.96,2025-10-12,2025-11-11,closed,2025-12-03,52,22,False,False,improving_payer
INV16004060,B016,B016-C1159,Construction Client 159,Construction & Infra,30,80460.68,2025-11-07,2025-12-07,closed,2025-12-23,46,16,False,False,improving_payer
INV16004061,B016,B016-C1159,Construction Client 159,Construction & Infra,30,76090.37,2025-12-22,2026-01-21,closed,2026-01-18,27,-3,False,False,improving_payer
INV16004062,B016,B016-C1159,Construction Client 159,Construction & Infra,30,84617.63,2026-01-17,2026-02-16,closed,2026-02-21,35,5,False,False,improving_payer
INV16004063,B016,B016-C1159,Construction Client 159,Construction & Infra,30,101701.77,2026-01-26,2026-02-25,closed,2026-03-04,37,7,False,False,improving_payer
INV16004064,B016,B016-C1159,Construction Client 159,Construction & Infra,30,62829.67,2026-02-24,2026-03-26,closed,2026-04-17,52,22,False,False,improving_payer
INV16004065,B016,B016-C1159,Construction Client 159,Construction & Infra,30,131894.16,2026-02-27,2026-03-29,closed,2026-03-29,30,0,False,False,improving_payer
INV16004066,B016,B016-C1159,Construction Client 159,Construction & Infra,30,128840.0,2026-03-02,2026-04-01,closed,2026-04-10,39,9,False,False,improving_payer
INV16004067,B016,B016-C1159,Construction Client 159,Construction & Infra,30,178757.37,2026-04-09,2026-05-09,closed,2026-05-14,35,5,False,False,improving_payer
INV16004068,B016,B016-C1159,Construction Client 159,Construction & Infra,30,112901.07,2026-04-24,2026-05-24,closed,2026-05-27,33,3,False,False,improving_payer
INV16004069,B016,B016-C1159,Construction Client 159,Construction & Infra,30,82670.53,2026-07-31,2026-08-30,disputed_open,,,,False,False,improving_payer
INV16004070,B016,B016-C1159,Construction Client 159,Construction & Infra,30,140510.57,2026-08-21,2026-09-20,disputed_open,,,,False,False,improving_payer
INV16004071,B016,B016-C1160,Metal Client 160,Metal & Engineering,60,32441.62,2024-04-13,2024-06-12,closed,2024-07-20,98,38,False,False,improving_payer
INV16004072,B016,B016-C1160,Metal Client 160,Metal & Engineering,60,49973.81,2024-07-13,2024-09-11,closed,2024-10-18,97,37,False,False,improving_payer
INV16004073,B016,B016-C1160,Metal Client 160,Metal & Engineering,60,33486.5,2024-12-24,2025-02-22,closed,2025-03-25,91,31,False,False,improving_payer
INV16004074,B016,B016-C1160,Metal Client 160,Metal & Engineering,60,44417.22,2024-12-29,2025-02-27,closed,2025-03-15,76,16,False,False,improving_payer
INV16004075,B016,B016-C1160,Metal Client 160,Metal & Engineering,60,43670.15,2025-01-15,2025-03-16,closed,2025-04-13,88,28,False,False,improving_payer
INV16004076,B016,B016-C1160,Metal Client 160,Metal & Engineering,60,33452.94,2025-01-17,2025-03-18,closed,2025-04-18,91,31,False,False,improving_payer
INV16004077,B016,B016-C1160,Metal Client 160,Metal & Engineering,60,145893.52,2025-02-10,2025-04-11,closed,2025-05-07,86,26,False,True,improving_payer
INV16004078,B016,B016-C1160,Metal Client 160,Metal & Engineering,60,60014.26,2025-03-05,2025-05-04,closed,2025-05-22,78,18,False,False,improving_payer
INV16004079,B016,B016-C1160,Metal Client 160,Metal & Engineering,60,55606.13,2025-04-10,2025-06-09,closed,2025-07-13,94,34,False,False,improving_payer
INV16004080,B016,B016-C1160,Metal Client 160,Metal & Engineering,60,27641.74,2025-05-29,2025-07-28,closed,2025-08-19,82,22,False,False,improving_payer
INV16004081,B016,B016-C1160,Metal Client 160,Metal & Engineering,60,36296.67,2025-09-05,2025-11-04,closed,2025-11-19,75,15,False,False,improving_payer
INV16004082,B016,B016-C1160,Metal Client 160,Metal & Engineering,60,41264.49,2025-09-16,2025-11-15,closed,2025-11-22,67,7,True,False,improving_payer
INV16004083,B016,B016-C1160,Metal Client 160,Metal & Engineering,60,117893.5,2025-09-22,2025-11-21,closed,2025-12-18,87,27,False,True,improving_payer
INV16004084,B016,B016-C1160,Metal Client 160,Metal & Engineering,60,32397.02,2025-10-18,2025-12-17,closed,2026-01-10,84,24,False,False,improving_payer
INV16004085,B016,B016-C1160,Metal Client 160,Metal & Engineering,60,150037.38,2025-11-08,2026-01-07,closed,2026-01-26,79,19,True,True,improving_payer
INV16004086,B016,B016-C1160,Metal Client 160,Metal & Engineering,60,29769.75,2025-11-10,2026-01-09,closed,2026-01-04,55,-5,False,False,improving_payer
INV16004087,B016,B016-C1160,Metal Client 160,Metal & Engineering,60,37221.11,2026-01-26,2026-03-27,closed,2026-04-11,75,15,False,False,improving_payer
INV16004088,B016,B016-C1160,Metal Client 160,Metal & Engineering,60,28570.3,2026-03-03,2026-05-02,closed,2026-04-28,56,-4,False,False,improving_payer
INV16004089,B016,B016-C1160,Metal Client 160,Metal & Engineering,60,25841.32,2026-03-13,2026-05-12,closed,2026-05-14,62,2,False,False,improving_payer
INV16004090,B016,B016-C1160,Metal Client 160,Metal & Engineering,60,32754.78,2026-06-24,2026-08-23,closed,2026-08-23,60,0,False,False,improving_payer
INV16004091,B016,B016-C1161,Pharma Client 161,Pharma & Healthcare,30,332355.95,2024-03-17,2024-04-16,closed,2024-04-21,35,5,True,True,average_payer
INV16004092,B016,B016-C1161,Pharma Client 161,Pharma & Healthcare,30,40245.47,2024-04-02,2024-05-02,closed,2024-05-01,29,-1,False,False,average_payer
INV16004093,B016,B016-C1161,Pharma Client 161,Pharma & Healthcare,30,115446.35,2024-04-02,2024-05-02,closed,2024-05-05,33,3,False,False,average_payer
INV16004094,B016,B016-C1161,Pharma Client 161,Pharma & Healthcare,30,78034.82,2024-08-20,2024-09-19,closed,2024-09-26,37,7,False,False,average_payer
INV16004095,B016,B016-C1161,Pharma Client 161,Pharma & Healthcare,30,37527.2,2024-09-05,2024-10-05,closed,2024-10-18,43,13,False,False,average_payer
INV16004096,B016,B016-C1161,Pharma Client 161,Pharma & Healthcare,30,66894.94,2024-09-24,2024-10-24,closed,2024-10-31,37,7,False,False,average_payer
INV16004097,B016,B016-C1161,Pharma Client 161,Pharma & Healthcare,30,54407.97,2024-10-02,2024-11-01,closed,2024-11-06,35,5,False,False,average_payer
INV16004098,B016,B016-C1161,Pharma Client 161,Pharma & Healthcare,30,82375.88,2024-10-28,2024-11-27,closed,2024-12-12,45,15,False,False,average_payer
INV16004099,B016,B016-C1161,Pharma Client 161,Pharma & Healthcare,30,83504.32,2024-10-29,2024-11-28,closed,2024-12-12,44,14,False,False,average_payer
INV16004100,B016,B016-C1161,Pharma Client 161,Pharma & Healthcare,30,30284.52,2024-11-17,2024-12-17,closed,2024-12-15,28,-2,False,False,average_payer
INV16004101,B016,B016-C1161,Pharma Client 161,Pharma & Healthcare,30,41712.12,2024-12-03,2025-01-02,closed,2025-01-03,31,1,False,False,average_payer
INV16004102,B016,B016-C1161,Pharma Client 161,Pharma & Healthcare,30,82913.55,2024-12-11,2025-01-10,closed,2025-01-21,41,11,False,False,average_payer
INV16004103,B016,B016-C1161,Pharma Client 161,Pharma & Healthcare,30,117529.42,2025-01-06,2025-02-05,closed,2025-02-13,38,8,False,False,average_payer
INV16004104,B016,B016-C1161,Pharma Client 161,Pharma & Healthcare,30,99718.01,2025-01-06,2025-02-05,closed,2025-02-11,36,6,False,False,average_payer
INV16004105,B016,B016-C1161,Pharma Client 161,Pharma & Healthcare,30,48753.68,2025-04-14,2025-05-14,closed,2025-05-15,31,1,False,False,average_payer
INV16004106,B016,B016-C1161,Pharma Client 161,Pharma & Healthcare,30,47292.35,2025-04-20,2025-05-20,closed,2025-05-22,32,2,False,False,average_payer
INV16004107,B016,B016-C1161,Pharma Client 161,Pharma & Healthcare,30,38200.56,2025-04-23,2025-05-23,closed,2025-05-19,26,-4,False,False,average_payer
INV16004108,B016,B016-C1161,Pharma Client 161,Pharma & Healthcare,30,93883.49,2025-05-14,2025-06-13,closed,2025-06-18,35,5,False,False,average_payer
INV16004109,B016,B016-C1161,Pharma Client 161,Pharma & Healthcare,30,63622.42,2025-05-28,2025-06-27,closed,2025-06-27,30,0,False,False,average_payer
INV16004110,B016,B016-C1161,Pharma Client 161,Pharma & Healthcare,30,61854.41,2025-06-04,2025-07-04,closed,2025-07-26,52,22,False,False,average_payer
INV16004111,B016,B016-C1161,Pharma Client 161,Pharma & Healthcare,30,107813.91,2025-06-29,2025-07-29,closed,2025-08-05,37,7,False,False,average_payer
INV16004112,B016,B016-C1161,Pharma Client 161,Pharma & Healthcare,30,125496.38,2025-07-31,2025-08-30,closed,2025-09-07,38,8,False,False,average_payer
INV16004113,B016,B016-C1161,Pharma Client 161,Pharma & Healthcare,30,88175.59,2025-12-09,2026-01-08,closed,2026-01-19,41,11,False,False,average_payer
INV16004114,B016,B016-C1161,Pharma Client 161,Pharma & Healthcare,30,79734.38,2025-12-28,2026-01-27,closed,2026-01-25,28,-2,False,False,average_payer
INV16004115,B016,B016-C1161,Pharma Client 161,Pharma & Healthcare,30,36699.22,2026-02-12,2026-03-14,closed,2026-03-28,44,14,False,False,average_payer
INV16004116,B016,B016-C1161,Pharma Client 161,Pharma & Healthcare,30,62707.31,2026-04-16,2026-05-16,closed,2026-05-25,39,9,False,False,average_payer
INV16004117,B016,B016-C1161,Pharma Client 161,Pharma & Healthcare,30,95253.35,2026-07-03,2026-08-02,open,,,,False,False,average_payer
INV16004118,B016,B016-C1161,Pharma Client 161,Pharma & Healthcare,30,42280.34,2026-07-22,2026-08-21,closed,2026-08-30,39,9,False,False,average_payer
INV16004119,B016,B016-C1161,Pharma Client 161,Pharma & Healthcare,30,405583.35,2026-08-01,2026-08-31,open,,,,False,True,average_payer
INV16004120,B016,B016-C1162,Pharma Client 162,Pharma & Healthcare,15,116796.22,2024-04-26,2024-05-11,closed,2024-05-09,13,-2,False,False,average_payer
INV16004121,B016,B016-C1162,Pharma Client 162,Pharma & Healthcare,15,91860.2,2024-04-27,2024-05-12,closed,2024-05-25,28,13,False,False,average_payer
INV16004122,B016,B016-C1162,Pharma Client 162,Pharma & Healthcare,15,102653.79,2024-06-21,2024-07-06,closed,2024-07-12,21,6,False,False,average_payer
INV16004123,B016,B016-C1162,Pharma Client 162,Pharma & Healthcare,15,114243.92,2024-07-18,2024-08-02,closed,2024-08-06,19,4,False,False,average_payer
INV16004124,B016,B016-C1162,Pharma Client 162,Pharma & Healthcare,15,128242.36,2024-09-01,2024-09-16,closed,2024-09-14,13,-2,False,False,average_payer
INV16004125,B016,B016-C1162,Pharma Client 162,Pharma & Healthcare,15,328565.47,2024-09-11,2024-09-26,closed,2024-09-22,11,-4,False,False,average_payer
INV16004126,B016,B016-C1162,Pharma Client 162,Pharma & Healthcare,15,141686.02,2024-10-17,2024-11-01,closed,2024-10-29,12,-3,False,False,average_payer
INV16004127,B016,B016-C1162,Pharma Client 162,Pharma & Healthcare,15,210685.63,2024-10-26,2024-11-10,closed,2024-11-20,25,10,False,False,average_payer
INV16004128,B016,B016-C1162,Pharma Client 162,Pharma & Healthcare,15,153336.69,2024-11-17,2024-12-02,closed,2024-12-02,15,0,False,False,average_payer
INV16004129,B016,B016-C1162,Pharma Client 162,Pharma & Healthcare,15,92035.59,2025-01-14,2025-01-29,closed,2025-01-30,16,1,False,False,average_payer
INV16004130,B016,B016-C1162,Pharma Client 162,Pharma & Healthcare,15,176738.97,2025-01-20,2025-02-04,closed,2025-02-03,14,-1,False,False,average_payer
INV16004131,B016,B016-C1162,Pharma Client 162,Pharma & Healthcare,15,124022.56,2025-01-31,2025-02-15,closed,2025-02-18,18,3,False,False,average_payer
INV16004132,B016,B016-C1162,Pharma Client 162,Pharma & Healthcare,15,193599.24,2025-03-11,2025-03-26,closed,2025-03-29,18,3,False,False,average_payer
INV16004133,B016,B016-C1162,Pharma Client 162,Pharma & Healthcare,15,153834.8,2025-03-20,2025-04-04,closed,2025-04-12,23,8,False,False,average_payer
INV16004134,B016,B016-C1162,Pharma Client 162,Pharma & Healthcare,15,94908.22,2025-04-09,2025-04-24,closed,2025-04-30,21,6,False,False,average_payer
INV16004135,B016,B016-C1162,Pharma Client 162,Pharma & Healthcare,15,106277.09,2025-05-11,2025-05-26,closed,2025-05-22,11,-4,False,False,average_payer
INV16004136,B016,B016-C1162,Pharma Client 162,Pharma & Healthcare,15,166281.87,2025-05-13,2025-05-28,closed,2025-05-24,11,-4,False,False,average_payer
INV16004137,B016,B016-C1162,Pharma Client 162,Pharma & Healthcare,15,127332.65,2025-05-15,2025-05-30,closed,2025-06-10,26,11,False,False,average_payer
INV16004138,B016,B016-C1162,Pharma Client 162,Pharma & Healthcare,15,160877.01,2025-05-20,2025-06-04,closed,2025-06-11,22,7,False,False,average_payer
INV16004139,B016,B016-C1162,Pharma Client 162,Pharma & Healthcare,15,176065.05,2025-07-21,2025-08-05,closed,2025-08-09,19,4,False,False,average_payer
INV16004140,B016,B016-C1162,Pharma Client 162,Pharma & Healthcare,15,169101.29,2025-09-01,2025-09-16,closed,2025-09-21,20,5,False,False,average_payer
INV16004141,B016,B016-C1162,Pharma Client 162,Pharma & Healthcare,15,203260.91,2025-09-04,2025-09-19,closed,2025-09-21,17,2,False,False,average_payer
INV16004142,B016,B016-C1162,Pharma Client 162,Pharma & Healthcare,15,327297.18,2025-09-14,2025-09-29,closed,2025-10-15,31,16,False,False,average_payer
INV16004143,B016,B016-C1162,Pharma Client 162,Pharma & Healthcare,15,129390.44,2025-09-21,2025-10-06,closed,2025-10-06,15,0,False,False,average_payer
INV16004144,B016,B016-C1162,Pharma Client 162,Pharma & Healthcare,15,157029.67,2025-10-05,2025-10-20,closed,2025-10-31,26,11,False,False,average_payer
INV16004145,B016,B016-C1162,Pharma Client 162,Pharma & Healthcare,15,126712.73,2025-10-06,2025-10-21,closed,2025-10-25,19,4,True,False,average_payer
INV16004146,B016,B016-C1162,Pharma Client 162,Pharma & Healthcare,15,139509.64,2026-01-22,2026-02-06,closed,2026-01-31,9,-6,False,False,average_payer
INV16004147,B016,B016-C1162,Pharma Client 162,Pharma & Healthcare,15,665234.78,2026-01-25,2026-02-09,closed,2026-02-18,24,9,False,True,average_payer
INV16004148,B016,B016-C1162,Pharma Client 162,Pharma & Healthcare,15,99418.06,2026-03-09,2026-03-24,closed,2026-03-26,17,2,False,False,average_payer
INV16004149,B016,B016-C1162,Pharma Client 162,Pharma & Healthcare,15,166962.84,2026-03-13,2026-03-28,closed,2026-03-27,14,-1,True,False,average_payer
INV16004150,B016,B016-C1162,Pharma Client 162,Pharma & Healthcare,15,151792.65,2026-03-24,2026-04-08,closed,2026-04-18,25,10,False,False,average_payer
INV16004151,B016,B016-C1162,Pharma Client 162,Pharma & Healthcare,15,186404.89,2026-05-04,2026-05-19,closed,2026-05-25,21,6,False,False,average_payer
INV16004152,B016,B016-C1162,Pharma Client 162,Pharma & Healthcare,15,144865.03,2026-06-24,2026-07-09,closed,2026-06-28,4,-11,False,False,average_payer
INV16004153,B016,B016-C1162,Pharma Client 162,Pharma & Healthcare,15,102465.52,2026-08-16,2026-08-31,open,,,,False,False,average_payer
INV16004154,B016,B016-C1162,Pharma Client 162,Pharma & Healthcare,15,147620.27,2026-08-22,2026-09-06,open,,,,False,False,average_payer
INV16004155,B016,B016-C1162,Pharma Client 162,Pharma & Healthcare,15,146282.96,2026-08-27,2026-09-11,open,,,,False,False,average_payer
INV16004156,B016,B016-C1162,Pharma Client 162,Pharma & Healthcare,15,114008.25,2026-08-30,2026-09-14,open,,,,False,False,average_payer
INV16004157,B016,B016-C1163,FMCG Client 163,FMCG & Food Processing,45,33751.04,2024-04-13,2024-05-28,closed,2024-06-06,54,9,False,False,seasonal_payer
INV16004158,B016,B016-C1163,FMCG Client 163,FMCG & Food Processing,45,34222.12,2025-02-14,2025-03-31,closed,2025-03-25,39,-6,False,False,seasonal_payer
INV16004159,B016,B016-C1163,FMCG Client 163,FMCG & Food Processing,45,26742.96,2025-04-13,2025-05-28,closed,2025-06-07,55,10,False,False,seasonal_payer
INV16004160,B016,B016-C1163,FMCG Client 163,FMCG & Food Processing,45,36917.77,2025-11-29,2026-01-13,closed,2026-01-22,54,9,False,False,seasonal_payer
INV16004161,B016,B016-C1163,FMCG Client 163,FMCG & Food Processing,45,34886.58,2026-04-28,2026-06-12,closed,2026-06-21,54,9,False,False,seasonal_payer
INV16004162,B016,B016-C1164,Retail Client 164,Retail & Distribution,60,361076.54,2024-06-24,2024-08-23,closed,2024-08-21,58,-2,False,False,erratic_payer
INV16004163,B016,B016-C1164,Retail Client 164,Retail & Distribution,60,111343.21,2024-08-03,2024-10-02,closed,2025-02-09,190,130,False,False,erratic_payer
INV16004164,B016,B016-C1164,Retail Client 164,Retail & Distribution,60,306556.93,2024-08-21,2024-10-20,closed,2024-10-24,64,4,False,False,erratic_payer
INV16004165,B016,B016-C1164,Retail Client 164,Retail & Distribution,60,214342.91,2024-09-14,2024-11-13,closed,2024-11-21,68,8,False,False,erratic_payer
INV16004166,B016,B016-C1164,Retail Client 164,Retail & Distribution,60,181315.89,2024-11-29,2025-01-28,closed,2025-02-01,64,4,False,False,erratic_payer
INV16004167,B016,B016-C1164,Retail Client 164,Retail & Distribution,60,246855.88,2024-12-02,2025-01-31,closed,2025-02-16,76,16,False,False,erratic_payer
INV16004168,B016,B016-C1164,Retail Client 164,Retail & Distribution,60,269785.73,2024-12-08,2025-02-06,closed,2025-02-07,61,1,False,False,erratic_payer
INV16004169,B016,B016-C1164,Retail Client 164,Retail & Distribution,60,218844.87,2025-01-08,2025-03-09,closed,2025-03-02,53,-7,False,False,erratic_payer
INV16004170,B016,B016-C1164,Retail Client 164,Retail & Distribution,60,176770.91,2025-01-19,2025-03-20,closed,2025-04-01,72,12,False,False,erratic_payer
INV16004171,B016,B016-C1164,Retail Client 164,Retail & Distribution,60,213182.26,2025-01-19,2025-03-20,closed,2025-03-27,67,7,False,False,erratic_payer
INV16004172,B016,B016-C1164,Retail Client 164,Retail & Distribution,60,179375.6,2025-02-02,2025-04-03,closed,2025-04-09,66,6,False,False,erratic_payer
INV16004173,B016,B016-C1164,Retail Client 164,Retail & Distribution,60,242041.88,2025-02-04,2025-04-05,closed,2025-04-03,58,-2,False,False,erratic_payer
INV16004174,B016,B016-C1164,Retail Client 164,Retail & Distribution,60,192722.88,2025-05-19,2025-07-18,closed,2025-09-21,125,65,False,False,erratic_payer
INV16004175,B016,B016-C1164,Retail Client 164,Retail & Distribution,60,171886.07,2025-05-25,2025-07-24,closed,2025-07-12,48,-12,False,False,erratic_payer
INV16004176,B016,B016-C1164,Retail Client 164,Retail & Distribution,60,216605.36,2025-05-31,2025-07-30,closed,2025-07-29,59,-1,False,False,erratic_payer
INV16004177,B016,B016-C1164,Retail Client 164,Retail & Distribution,60,256132.56,2025-08-23,2025-10-22,closed,2025-10-14,52,-8,False,False,erratic_payer
INV16004178,B016,B016-C1164,Retail Client 164,Retail & Distribution,60,105918.15,2025-12-03,2026-02-01,closed,2026-02-04,63,3,False,False,erratic_payer
INV16004179,B016,B016-C1164,Retail Client 164,Retail & Distribution,60,269895.36,2026-02-10,2026-04-11,closed,2026-04-11,60,0,False,False,erratic_payer
INV16004180,B016,B016-C1164,Retail Client 164,Retail & Distribution,60,262921.59,2026-03-23,2026-05-22,open,,,,False,False,erratic_payer
INV16004181,B016,B016-C1164,Retail Client 164,Retail & Distribution,60,249528.27,2026-05-07,2026-07-06,closed,2026-07-13,67,7,False,False,erratic_payer
INV16004182,B016,B016-C1164,Retail Client 164,Retail & Distribution,60,258802.32,2026-05-29,2026-07-28,closed,2026-08-28,91,31,False,False,erratic_payer
INV16004183,B016,B016-C1164,Retail Client 164,Retail & Distribution,60,283032.36,2026-07-27,2026-09-25,open,,,,False,False,erratic_payer
INV16004184,B016,B016-C1165,Metal Client 165,Metal & Engineering,30,324300.98,2024-04-05,2024-05-05,closed,2024-05-10,35,5,False,False,average_payer
INV16004185,B016,B016-C1165,Metal Client 165,Metal & Engineering,30,188933.69,2024-05-10,2024-06-09,closed,2024-06-09,30,0,False,False,average_payer
INV16004186,B016,B016-C1165,Metal Client 165,Metal & Engineering,30,180246.49,2024-08-04,2024-09-03,closed,2024-09-11,38,8,False,False,average_payer
INV16004187,B016,B016-C1165,Metal Client 165,Metal & Engineering,30,225889.37,2024-08-22,2024-09-21,closed,2024-09-25,34,4,False,False,average_payer
INV16004188,B016,B016-C1165,Metal Client 165,Metal & Engineering,30,209250.72,2024-09-17,2024-10-17,closed,2024-10-27,40,10,False,False,average_payer
INV16004189,B016,B016-C1165,Metal Client 165,Metal & Engineering,30,203152.51,2024-09-25,2024-10-25,closed,2024-11-05,41,11,False,False,average_payer
INV16004190,B016,B016-C1165,Metal Client 165,Metal & Engineering,30,201301.58,2024-10-23,2024-11-22,closed,2024-11-30,38,8,False,False,average_payer
INV16004191,B016,B016-C1165,Metal Client 165,Metal & Engineering,30,131390.7,2025-04-05,2025-05-05,closed,2025-05-10,35,5,False,False,average_payer
INV16004192,B016,B016-C1165,Metal Client 165,Metal & Engineering,30,173861.77,2025-07-15,2025-08-14,closed,2025-08-21,37,7,False,False,average_payer
INV16004193,B016,B016-C1165,Metal Client 165,Metal & Engineering,30,321586.18,2025-08-01,2025-08-31,closed,2025-09-11,41,11,False,False,average_payer
INV16004194,B016,B016-C1165,Metal Client 165,Metal & Engineering,30,290091.38,2025-08-07,2025-09-06,closed,2025-09-17,41,11,False,False,average_payer
INV16004195,B016,B016-C1165,Metal Client 165,Metal & Engineering,30,206917.47,2025-08-24,2025-09-23,closed,2025-09-20,27,-3,False,False,average_payer
INV16004196,B016,B016-C1165,Metal Client 165,Metal & Engineering,30,278143.89,2025-10-15,2025-11-14,closed,2025-11-13,29,-1,False,False,average_payer
INV16004197,B016,B016-C1165,Metal Client 165,Metal & Engineering,30,186629.68,2025-12-24,2026-01-23,closed,2026-02-11,49,19,False,False,average_payer
INV16004198,B016,B016-C1165,Metal Client 165,Metal & Engineering,30,165792.88,2025-12-26,2026-01-25,closed,2026-02-01,37,7,False,False,average_payer
INV16004199,B016,B016-C1165,Metal Client 165,Metal & Engineering,30,192556.96,2026-04-20,2026-05-20,closed,2026-05-16,26,-4,False,False,average_payer
INV16004200,B016,B016-C1165,Metal Client 165,Metal & Engineering,30,198168.2,2026-04-23,2026-05-23,closed,2026-05-28,35,5,False,False,average_payer
INV16004201,B016,B016-C1165,Metal Client 165,Metal & Engineering,30,348300.96,2026-05-04,2026-06-03,closed,2026-06-15,42,12,False,False,average_payer
INV16004202,B016,B016-C1165,Metal Client 165,Metal & Engineering,30,286322.06,2026-06-23,2026-07-23,closed,2026-07-24,31,1,False,False,average_payer
INV16004203,B016,B016-C1166,Auto Client 166,Auto Components,45,53739.73,2024-03-24,2024-05-08,closed,2024-05-19,56,11,False,False,average_payer
INV16004204,B016,B016-C1166,Auto Client 166,Auto Components,45,91723.77,2024-05-05,2024-06-19,closed,2024-06-25,51,6,False,False,average_payer
INV16004205,B016,B016-C1166,Auto Client 166,Auto Components,45,49998.54,2024-05-17,2024-07-01,closed,2024-07-10,54,9,False,False,average_payer
INV16004206,B016,B016-C1166,Auto Client 166,Auto Components,45,36580.47,2024-08-27,2024-10-11,closed,2024-10-25,59,14,False,False,average_payer
INV16004207,B016,B016-C1166,Auto Client 166,Auto Components,45,64800.79,2024-09-21,2024-11-05,closed,2024-11-11,51,6,False,False,average_payer
INV16004208,B016,B016-C1166,Auto Client 166,Auto Components,45,54643.79,2024-09-27,2024-11-11,closed,2024-11-05,39,-6,False,False,average_payer
INV16004209,B016,B016-C1166,Auto Client 166,Auto Components,45,51971.41,2024-10-15,2024-11-29,closed,2024-12-12,58,13,False,False,average_payer
INV16004210,B016,B016-C1166,Auto Client 166,Auto Components,45,60227.18,2024-10-24,2024-12-08,closed,2024-12-15,52,7,False,False,average_payer
INV16004211,B016,B016-C1166,Auto Client 166,Auto Components,45,39839.46,2024-10-26,2024-12-10,closed,2024-12-14,49,4,False,False,average_payer
INV16004212,B016,B016-C1166,Auto Client 166,Auto Components,45,37937.66,2024-11-01,2024-12-16,closed,2024-12-27,56,11,False,False,average_payer
INV16004213,B016,B016-C1166,Auto Client 166,Auto Components,45,46182.95,2024-11-08,2024-12-23,closed,2024-12-18,40,-5,False,False,average_payer
INV16004214,B016,B016-C1166,Auto Client 166,Auto Components,45,25386.04,2025-01-17,2025-03-03,closed,2025-03-12,54,9,False,False,average_payer
INV16004215,B016,B016-C1166,Auto Client 166,Auto Components,45,54417.3,2025-01-20,2025-03-06,closed,2025-03-17,56,11,False,False,average_payer
INV16004216,B016,B016-C1166,Auto Client 166,Auto Components,45,38408.29,2025-01-21,2025-03-07,closed,2025-03-23,61,16,False,False,average_payer
INV16004217,B016,B016-C1166,Auto Client 166,Auto Components,45,52263.21,2025-03-10,2025-04-24,closed,2025-05-09,60,15,False,False,average_payer
INV16004218,B016,B016-C1166,Auto Client 166,Auto Components,45,32600.52,2025-07-25,2025-09-08,closed,2025-09-15,52,7,False,False,average_payer
INV16004219,B016,B016-C1166,Auto Client 166,Auto Components,45,49111.13,2025-09-01,2025-10-16,closed,2025-10-28,57,12,False,False,average_payer
INV16004220,B016,B016-C1166,Auto Client 166,Auto Components,45,46515.73,2025-09-15,2025-10-30,closed,2025-11-11,57,12,False,False,average_payer
INV16004221,B016,B016-C1166,Auto Client 166,Auto Components,45,243125.8,2025-12-12,2026-01-26,closed,2026-02-16,66,21,False,True,average_payer
INV16004222,B016,B016-C1166,Auto Client 166,Auto Components,45,31398.39,2025-12-25,2026-02-08,closed,2026-02-24,61,16,False,False,average_payer
INV16004223,B016,B016-C1166,Auto Client 166,Auto Components,45,57959.29,2026-01-04,2026-02-18,closed,2026-03-01,56,11,False,False,average_payer
INV16004224,B016,B016-C1166,Auto Client 166,Auto Components,45,37993.71,2026-02-06,2026-03-23,closed,2026-03-30,52,7,False,False,average_payer
INV16004225,B016,B016-C1166,Auto Client 166,Auto Components,45,45580.15,2026-02-12,2026-03-29,closed,2026-03-30,46,1,False,False,average_payer
INV16004226,B016,B016-C1166,Auto Client 166,Auto Components,45,47268.18,2026-02-15,2026-04-01,closed,2026-04-11,55,10,False,False,average_payer
INV16004227,B016,B016-C1166,Auto Client 166,Auto Components,45,39778.69,2026-03-11,2026-04-25,closed,2026-05-08,58,13,False,False,average_payer
INV16004228,B016,B016-C1166,Auto Client 166,Auto Components,45,38219.11,2026-03-27,2026-05-11,closed,2026-05-24,58,13,False,False,average_payer
INV16004229,B016,B016-C1166,Auto Client 166,Auto Components,45,32276.49,2026-04-13,2026-05-28,closed,2026-05-30,47,2,True,False,average_payer
INV16004230,B016,B016-C1166,Auto Client 166,Auto Components,45,18163.49,2026-05-12,2026-06-26,closed,2026-07-02,51,6,False,False,average_payer
INV16004231,B016,B016-C1166,Auto Client 166,Auto Components,45,42059.2,2026-07-02,2026-08-16,closed,2026-08-26,55,10,False,False,average_payer
INV16004232,B016,B016-C1166,Auto Client 166,Auto Components,45,110753.13,2026-07-06,2026-08-20,open,,,,False,True,average_payer
INV16004233,B016,B016-C1166,Auto Client 166,Auto Components,45,44773.51,2026-07-24,2026-09-07,open,,,,False,False,average_payer
INV16004234,B016,B016-C1167,IT Client 167,IT & Business Services,45,222390.57,2024-04-21,2024-06-05,closed,2024-07-09,79,34,False,False,chronic_late_payer
INV16004235,B016,B016-C1167,IT Client 167,IT & Business Services,45,128924.95,2024-04-29,2024-06-13,closed,2024-07-24,86,41,False,False,chronic_late_payer
INV16004236,B016,B016-C1167,IT Client 167,IT & Business Services,45,181438.66,2024-05-24,2024-07-08,closed,2024-09-11,110,65,False,False,chronic_late_payer
INV16004237,B016,B016-C1167,IT Client 167,IT & Business Services,45,75190.39,2024-07-03,2024-08-17,closed,2024-09-06,65,20,False,False,chronic_late_payer
INV16004238,B016,B016-C1167,IT Client 167,IT & Business Services,45,151102.56,2024-07-06,2024-08-20,closed,2024-09-15,71,26,False,False,chronic_late_payer
INV16004239,B016,B016-C1167,IT Client 167,IT & Business Services,45,160440.0,2024-08-07,2024-09-21,closed,2024-11-07,92,47,False,False,chronic_late_payer
INV16004240,B016,B016-C1167,IT Client 167,IT & Business Services,45,197294.01,2024-08-29,2024-10-13,open,,,,False,False,chronic_late_payer
INV16004241,B016,B016-C1167,IT Client 167,IT & Business Services,45,80519.63,2024-09-05,2024-10-20,closed,2024-11-09,65,20,False,False,chronic_late_payer
INV16004242,B016,B016-C1167,IT Client 167,IT & Business Services,45,230744.79,2024-09-10,2024-10-25,closed,2024-12-08,89,44,False,False,chronic_late_payer
INV16004243,B016,B016-C1167,IT Client 167,IT & Business Services,45,118790.87,2024-11-01,2024-12-16,closed,2025-01-25,85,40,True,False,chronic_late_payer
INV16004244,B016,B016-C1167,IT Client 167,IT & Business Services,45,103039.79,2024-12-30,2025-02-13,closed,2025-03-19,79,34,False,False,chronic_late_payer
INV16004245,B016,B016-C1167,IT Client 167,IT & Business Services,45,198825.83,2025-01-03,2025-02-17,closed,2025-03-20,76,31,False,False,chronic_late_payer
INV16004246,B016,B016-C1167,IT Client 167,IT & Business Services,45,138884.56,2025-01-18,2025-03-04,closed,2025-03-26,67,22,False,False,chronic_late_payer
INV16004247,B016,B016-C1167,IT Client 167,IT & Business Services,45,134641.53,2025-02-20,2025-04-06,closed,2025-05-16,85,40,False,False,chronic_late_payer
INV16004248,B016,B016-C1167,IT Client 167,IT & Business Services,45,108942.53,2025-03-14,2025-04-28,closed,2025-06-04,82,37,False,False,chronic_late_payer
INV16004249,B016,B016-C1167,IT Client 167,IT & Business Services,45,231514.23,2025-05-12,2025-06-26,closed,2025-07-28,77,32,False,False,chronic_late_payer
INV16004250,B016,B016-C1167,IT Client 167,IT & Business Services,45,194227.07,2025-07-29,2025-09-12,closed,2025-09-30,63,18,False,False,chronic_late_payer
INV16004251,B016,B016-C1167,IT Client 167,IT & Business Services,45,125638.51,2025-08-09,2025-09-23,closed,2025-10-28,80,35,False,False,chronic_late_payer
INV16004252,B016,B016-C1167,IT Client 167,IT & Business Services,45,163800.99,2025-08-23,2025-10-07,closed,2025-11-29,98,53,False,False,chronic_late_payer
INV16004253,B016,B016-C1167,IT Client 167,IT & Business Services,45,186576.81,2025-09-10,2025-10-25,closed,2025-11-22,73,28,False,False,chronic_late_payer
INV16004254,B016,B016-C1167,IT Client 167,IT & Business Services,45,67619.02,2025-09-18,2025-11-02,closed,2025-11-24,67,22,False,False,chronic_late_payer
INV16004255,B016,B016-C1167,IT Client 167,IT & Business Services,45,178888.73,2025-11-21,2026-01-05,closed,2026-02-08,79,34,False,False,chronic_late_payer
INV16004256,B016,B016-C1167,IT Client 167,IT & Business Services,45,117123.28,2025-12-18,2026-02-01,disputed_open,,,,False,False,chronic_late_payer
INV16004257,B016,B016-C1167,IT Client 167,IT & Business Services,45,87341.4,2026-02-11,2026-03-28,closed,2026-04-25,73,28,False,False,chronic_late_payer
INV16004258,B016,B016-C1167,IT Client 167,IT & Business Services,45,237183.47,2026-02-13,2026-03-30,closed,2026-04-24,70,25,False,False,chronic_late_payer
INV16004259,B016,B016-C1167,IT Client 167,IT & Business Services,45,161756.01,2026-02-23,2026-04-09,closed,2026-05-16,82,37,False,False,chronic_late_payer
INV16004260,B016,B016-C1167,IT Client 167,IT & Business Services,45,141875.92,2026-03-15,2026-04-29,closed,2026-05-20,66,21,False,False,chronic_late_payer
INV16004261,B016,B016-C1167,IT Client 167,IT & Business Services,45,123677.36,2026-04-22,2026-06-06,closed,2026-06-27,66,21,False,False,chronic_late_payer
INV16004262,B016,B016-C1167,IT Client 167,IT & Business Services,45,125052.52,2026-05-16,2026-06-30,closed,2026-08-13,89,44,False,False,chronic_late_payer
INV16004263,B016,B016-C1167,IT Client 167,IT & Business Services,45,173692.01,2026-06-18,2026-08-02,closed,2026-08-28,71,26,False,False,chronic_late_payer
INV16004264,B016,B016-C1167,IT Client 167,IT & Business Services,45,144677.55,2026-08-02,2026-09-16,disputed_open,,,,False,False,chronic_late_payer
INV16004265,B016,B016-C1167,IT Client 167,IT & Business Services,45,141922.9,2026-08-05,2026-09-19,open,,,,False,False,chronic_late_payer
INV16004266,B016,B016-C1167,IT Client 167,IT & Business Services,45,86549.97,2026-08-05,2026-09-19,open,,,,False,False,chronic_late_payer
INV16004267,B016,B016-C1167,IT Client 167,IT & Business Services,45,273108.51,2026-08-25,2026-10-09,open,,,,False,False,chronic_late_payer
INV16004268,B016,B016-C1167,IT Client 167,IT & Business Services,45,246675.16,2026-08-30,2026-10-14,open,,,,False,False,chronic_late_payer
INV16004269,B016,B016-C1168,Auto Client 168,Auto Components,45,69532.56,2024-04-17,2024-06-01,closed,2024-06-11,55,10,False,False,erratic_payer
INV16004270,B016,B016-C1168,Auto Client 168,Auto Components,45,62632.51,2024-04-28,2024-06-12,closed,2024-06-17,50,5,False,False,erratic_payer
INV16004271,B016,B016-C1168,Auto Client 168,Auto Components,45,74857.61,2024-11-22,2025-01-06,closed,2025-01-03,42,-3,False,False,erratic_payer
INV16004272,B016,B016-C1168,Auto Client 168,Auto Components,45,121664.7,2025-01-10,2025-02-24,open,,,,False,False,erratic_payer
INV16004273,B016,B016-C1168,Auto Client 168,Auto Components,45,74301.53,2025-01-29,2025-03-15,closed,2025-03-13,43,-2,False,False,erratic_payer
INV16004274,B016,B016-C1168,Auto Client 168,Auto Components,45,75969.68,2025-03-26,2025-05-10,closed,2025-05-09,44,-1,False,False,erratic_payer
INV16004275,B016,B016-C1168,Auto Client 168,Auto Components,45,41082.6,2025-05-05,2025-06-19,closed,2025-07-04,60,15,False,False,erratic_payer
INV16004276,B016,B016-C1168,Auto Client 168,Auto Components,45,70736.83,2025-06-26,2025-08-10,closed,2025-08-12,47,2,False,False,erratic_payer
INV16004277,B016,B016-C1168,Auto Client 168,Auto Components,45,36518.41,2025-07-14,2025-08-28,closed,2025-08-31,48,3,False,False,erratic_payer
INV16004278,B016,B016-C1168,Auto Client 168,Auto Components,45,96450.0,2025-09-12,2025-10-27,closed,2026-01-23,133,88,False,False,erratic_payer
INV16004279,B016,B016-C1168,Auto Client 168,Auto Components,45,35794.56,2025-10-01,2025-11-15,closed,2025-11-17,47,2,False,False,erratic_payer
INV16004280,B016,B016-C1168,Auto Client 168,Auto Components,45,97472.21,2025-10-29,2025-12-13,closed,2025-12-31,63,18,False,False,erratic_payer
INV16004281,B016,B016-C1168,Auto Client 168,Auto Components,45,48093.2,2025-11-06,2025-12-21,closed,2026-01-01,56,11,False,False,erratic_payer
INV16004282,B016,B016-C1168,Auto Client 168,Auto Components,45,59114.59,2025-11-29,2026-01-13,closed,2026-02-06,69,24,False,False,erratic_payer
INV16004283,B016,B016-C1168,Auto Client 168,Auto Components,45,55085.35,2026-02-11,2026-03-28,closed,2026-04-04,52,7,False,False,erratic_payer
INV16004284,B016,B016-C1168,Auto Client 168,Auto Components,45,63135.02,2026-02-19,2026-04-05,closed,2026-04-14,54,9,False,False,erratic_payer
INV16004285,B016,B016-C1168,Auto Client 168,Auto Components,45,76264.59,2026-07-28,2026-09-11,open,,,,False,False,erratic_payer
INV16004286,B016,B016-C1169,FMCG Client 169,FMCG & Food Processing,30,31596.31,2024-03-20,2024-04-19,closed,2024-04-16,27,-3,False,False,prompt_payer
INV16004287,B016,B016-C1169,FMCG Client 169,FMCG & Food Processing,30,51493.96,2024-06-17,2024-07-17,closed,2024-07-17,30,0,False,False,prompt_payer
INV16004288,B016,B016-C1169,FMCG Client 169,FMCG & Food Processing,30,39564.43,2024-08-19,2024-09-18,closed,2024-09-16,28,-2,False,False,prompt_payer
INV16004289,B016,B016-C1169,FMCG Client 169,FMCG & Food Processing,30,28484.53,2024-10-28,2024-11-27,closed,2024-11-26,29,-1,False,False,prompt_payer
INV16004290,B016,B016-C1169,FMCG Client 169,FMCG & Food Processing,30,25328.18,2024-11-23,2024-12-23,closed,2024-12-24,31,1,False,False,prompt_payer
INV16004291,B016,B016-C1169,FMCG Client 169,FMCG & Food Processing,30,25738.73,2025-01-26,2025-02-25,closed,2025-02-23,28,-2,False,False,prompt_payer
INV16004292,B016,B016-C1169,FMCG Client 169,FMCG & Food Processing,30,30702.22,2025-02-05,2025-03-07,closed,2025-03-06,29,-1,False,False,prompt_payer
INV16004293,B016,B016-C1169,FMCG Client 169,FMCG & Food Processing,30,42260.39,2025-04-06,2025-05-06,closed,2025-05-06,30,0,False,False,prompt_payer
INV16004294,B016,B016-C1169,FMCG Client 169,FMCG & Food Processing,30,35422.6,2025-04-20,2025-05-20,closed,2025-05-22,32,2,False,False,prompt_payer
INV16004295,B016,B016-C1169,FMCG Client 169,FMCG & Food Processing,30,34772.63,2025-05-21,2025-06-20,closed,2025-06-18,28,-2,False,False,prompt_payer
INV16004296,B016,B016-C1169,FMCG Client 169,FMCG & Food Processing,30,13485.56,2025-06-01,2025-07-01,closed,2025-07-07,36,6,False,False,prompt_payer
INV16004297,B016,B016-C1169,FMCG Client 169,FMCG & Food Processing,30,23583.16,2025-06-15,2025-07-15,closed,2025-07-19,34,4,False,False,prompt_payer
INV16004298,B016,B016-C1169,FMCG Client 169,FMCG & Food Processing,30,17045.97,2025-07-14,2025-08-13,open,,,,False,False,prompt_payer
INV16004299,B016,B016-C1169,FMCG Client 169,FMCG & Food Processing,30,19355.06,2025-07-29,2025-08-28,closed,2025-08-22,24,-6,False,False,prompt_payer
INV16004300,B016,B016-C1169,FMCG Client 169,FMCG & Food Processing,30,93732.09,2025-10-15,2025-11-14,closed,2025-11-16,32,2,False,True,prompt_payer
INV16004301,B016,B016-C1169,FMCG Client 169,FMCG & Food Processing,30,22958.04,2025-11-14,2025-12-14,closed,2025-12-19,35,5,False,False,prompt_payer
INV16004302,B016,B016-C1169,FMCG Client 169,FMCG & Food Processing,30,35610.38,2025-12-18,2026-01-17,closed,2026-01-16,29,-1,False,False,prompt_payer
INV16004303,B016,B016-C1169,FMCG Client 169,FMCG & Food Processing,30,29066.14,2026-07-09,2026-08-08,closed,2026-08-11,33,3,False,False,prompt_payer
INV16004304,B016,B016-C1170,IT Client 170,IT & Business Services,30,139361.92,2025-03-21,2025-04-20,closed,2025-05-25,65,35,False,False,improving_payer
INV16004305,B016,B016-C1170,IT Client 170,IT & Business Services,30,116897.27,2025-04-27,2025-05-27,closed,2025-06-23,57,27,False,False,improving_payer
INV16004306,B016,B016-C1170,IT Client 170,IT & Business Services,30,167012.13,2025-07-19,2025-08-18,closed,2025-09-04,47,17,False,False,improving_payer
INV16004307,B016,B016-C1170,IT Client 170,IT & Business Services,30,142670.57,2026-02-14,2026-03-16,closed,2026-05-06,81,51,False,False,improving_payer
INV16004308,B016,B016-C1170,IT Client 170,IT & Business Services,30,151648.61,2026-02-22,2026-03-24,closed,2026-04-01,38,8,False,False,improving_payer
INV16004309,B016,B016-C1171,Pharma Client 171,Pharma & Healthcare,45,405146.11,2024-03-23,2024-05-07,closed,2024-05-14,52,7,False,False,average_payer
INV16004310,B016,B016-C1171,Pharma Client 171,Pharma & Healthcare,45,195237.43,2024-03-31,2024-05-15,closed,2024-06-07,68,23,False,False,average_payer
INV16004311,B016,B016-C1171,Pharma Client 171,Pharma & Healthcare,45,276681.6,2024-04-03,2024-05-18,closed,2024-05-26,53,8,False,False,average_payer
INV16004312,B016,B016-C1171,Pharma Client 171,Pharma & Healthcare,45,206573.07,2024-04-13,2024-05-28,closed,2024-06-05,53,8,False,False,average_payer
INV16004313,B016,B016-C1171,Pharma Client 171,Pharma & Healthcare,45,132813.66,2024-04-28,2024-06-12,closed,2024-06-19,52,7,False,False,average_payer
INV16004314,B016,B016-C1171,Pharma Client 171,Pharma & Healthcare,45,178661.51,2024-05-17,2024-07-01,closed,2024-07-07,51,6,False,False,average_payer
INV16004315,B016,B016-C1171,Pharma Client 171,Pharma & Healthcare,45,218461.77,2024-07-15,2024-08-29,closed,2024-09-02,49,4,False,False,average_payer
INV16004316,B016,B016-C1171,Pharma Client 171,Pharma & Healthcare,45,234123.9,2024-08-14,2024-09-28,closed,2024-10-08,55,10,False,False,average_payer
INV16004317,B016,B016-C1171,Pharma Client 171,Pharma & Healthcare,45,235240.92,2024-08-27,2024-10-11,closed,2024-10-17,51,6,False,False,average_payer
INV16004318,B016,B016-C1171,Pharma Client 171,Pharma & Healthcare,45,303416.32,2024-08-31,2024-10-15,closed,2024-10-28,58,13,False,False,average_payer
INV16004319,B016,B016-C1171,Pharma Client 171,Pharma & Healthcare,45,300031.46,2024-09-11,2024-10-26,closed,2024-11-08,58,13,False,False,average_payer
INV16004320,B016,B016-C1171,Pharma Client 171,Pharma & Healthcare,45,140223.56,2024-09-14,2024-10-29,closed,2024-11-07,54,9,False,False,average_payer
INV16004321,B016,B016-C1171,Pharma Client 171,Pharma & Healthcare,45,224454.02,2024-10-16,2024-11-30,closed,2024-11-23,38,-7,False,False,average_payer
INV16004322,B016,B016-C1171,Pharma Client 171,Pharma & Healthcare,45,146286.08,2024-11-06,2024-12-21,closed,2024-12-29,53,8,False,False,average_payer
INV16004323,B016,B016-C1171,Pharma Client 171,Pharma & Healthcare,45,397962.49,2024-11-15,2024-12-30,closed,2025-01-01,47,2,False,False,average_payer
INV16004324,B016,B016-C1171,Pharma Client 171,Pharma & Healthcare,45,144960.55,2024-11-17,2025-01-01,closed,2025-01-05,49,4,False,False,average_payer
INV16004325,B016,B016-C1171,Pharma Client 171,Pharma & Healthcare,45,264899.72,2024-12-18,2025-02-01,closed,2025-02-04,48,3,False,False,average_payer
INV16004326,B016,B016-C1171,Pharma Client 171,Pharma & Healthcare,45,672995.61,2024-12-19,2025-02-02,closed,2025-02-07,50,5,False,True,average_payer
INV16004327,B016,B016-C1171,Pharma Client 171,Pharma & Healthcare,45,315608.42,2025-01-11,2025-02-25,closed,2025-02-28,48,3,False,False,average_payer
INV16004328,B016,B016-C1171,Pharma Client 171,Pharma & Healthcare,45,250436.97,2025-01-15,2025-03-01,closed,2025-03-10,54,9,False,False,average_payer
INV16004329,B016,B016-C1171,Pharma Client 171,Pharma & Healthcare,45,313958.83,2025-02-22,2025-04-08,closed,2025-04-17,54,9,False,False,average_payer
INV16004330,B016,B016-C1171,Pharma Client 171,Pharma & Healthcare,45,164575.83,2025-03-18,2025-05-02,closed,2025-05-08,51,6,False,False,average_payer
INV16004331,B016,B016-C1171,Pharma Client 171,Pharma & Healthcare,45,188469.92,2025-03-31,2025-05-15,closed,2025-05-23,53,8,False,False,average_payer
INV16004332,B016,B016-C1171,Pharma Client 171,Pharma & Healthcare,45,209343.37,2025-04-15,2025-05-30,closed,2025-06-17,63,18,False,False,average_payer
INV16004333,B016,B016-C1171,Pharma Client 171,Pharma & Healthcare,45,150712.8,2025-04-24,2025-06-08,closed,2025-06-17,54,9,False,False,average_payer
INV16004334,B016,B016-C1171,Pharma Client 171,Pharma & Healthcare,45,437458.94,2025-05-22,2025-07-06,closed,2025-07-11,50,5,False,False,average_payer
INV16004335,B016,B016-C1171,Pharma Client 171,Pharma & Healthcare,45,191607.88,2025-07-01,2025-08-15,closed,2025-08-24,54,9,False,False,average_payer
INV16004336,B016,B016-C1171,Pharma Client 171,Pharma & Healthcare,45,314847.18,2025-07-16,2025-08-30,closed,2025-09-08,54,9,False,False,average_payer
INV16004337,B016,B016-C1171,Pharma Client 171,Pharma & Healthcare,45,246098.7,2025-07-23,2025-09-06,closed,2025-09-17,56,11,False,False,average_payer
INV16004338,B016,B016-C1171,Pharma Client 171,Pharma & Healthcare,45,284999.36,2025-08-29,2025-10-13,closed,2025-10-05,37,-8,False,False,average_payer
INV16004339,B016,B016-C1171,Pharma Client 171,Pharma & Healthcare,45,164340.39,2025-08-31,2025-10-15,closed,2025-10-19,49,4,False,False,average_payer
INV16004340,B016,B016-C1171,Pharma Client 171,Pharma & Healthcare,45,197429.98,2025-09-24,2025-11-08,closed,2025-11-13,50,5,False,False,average_payer
INV16004341,B016,B016-C1171,Pharma Client 171,Pharma & Healthcare,45,188346.82,2025-11-23,2026-01-07,closed,2026-01-14,52,7,False,False,average_payer
INV16004342,B016,B016-C1171,Pharma Client 171,Pharma & Healthcare,45,188831.43,2025-11-28,2026-01-12,closed,2026-01-28,61,16,False,False,average_payer
INV16004343,B016,B016-C1171,Pharma Client 171,Pharma & Healthcare,45,179342.52,2025-12-03,2026-01-17,closed,2026-01-23,51,6,False,False,average_payer
INV16004344,B016,B016-C1171,Pharma Client 171,Pharma & Healthcare,45,265961.69,2025-12-06,2026-01-20,closed,2026-01-13,38,-7,False,False,average_payer
INV16004345,B016,B016-C1171,Pharma Client 171,Pharma & Healthcare,45,185970.82,2025-12-09,2026-01-23,closed,2026-02-09,62,17,False,False,average_payer
INV16004346,B016,B016-C1171,Pharma Client 171,Pharma & Healthcare,45,335571.96,2026-02-07,2026-03-24,closed,2026-03-24,45,0,False,False,average_payer
INV16004347,B016,B016-C1171,Pharma Client 171,Pharma & Healthcare,45,422167.28,2026-02-10,2026-03-27,closed,2026-03-21,39,-6,False,False,average_payer
INV16004348,B016,B016-C1171,Pharma Client 171,Pharma & Healthcare,45,269061.32,2026-02-24,2026-04-10,closed,2026-04-17,52,7,False,False,average_payer
INV16004349,B016,B016-C1171,Pharma Client 171,Pharma & Healthcare,45,268402.37,2026-03-11,2026-04-25,closed,2026-05-04,54,9,False,False,average_payer
INV16004350,B016,B016-C1171,Pharma Client 171,Pharma & Healthcare,45,187954.96,2026-03-25,2026-05-09,closed,2026-05-18,54,9,False,False,average_payer
INV16004351,B016,B016-C1171,Pharma Client 171,Pharma & Healthcare,45,146787.1,2026-06-04,2026-07-19,closed,2026-07-20,46,1,False,False,average_payer
INV16004352,B016,B016-C1171,Pharma Client 171,Pharma & Healthcare,45,252985.16,2026-06-09,2026-07-24,closed,2026-08-04,56,11,False,False,average_payer
INV16004353,B016,B016-C1171,Pharma Client 171,Pharma & Healthcare,45,159942.51,2026-06-28,2026-08-12,closed,2026-08-06,39,-6,False,False,average_payer
INV16004354,B016,B016-C1171,Pharma Client 171,Pharma & Healthcare,45,237576.77,2026-07-13,2026-08-27,closed,2026-09-01,50,5,False,False,average_payer
INV16004355,B016,B016-C1172,Chemicals Client 172,Chemicals & Plastics,15,154343.4,2024-04-06,2024-04-21,open,,,,False,False,chronic_late_payer
INV16004356,B016,B016-C1172,Chemicals Client 172,Chemicals & Plastics,15,220679.55,2024-06-05,2024-06-20,closed,2024-07-27,52,37,False,False,chronic_late_payer
INV16004357,B016,B016-C1172,Chemicals Client 172,Chemicals & Plastics,15,147793.21,2024-07-01,2024-07-16,closed,2024-08-16,46,31,False,False,chronic_late_payer
INV16004358,B016,B016-C1172,Chemicals Client 172,Chemicals & Plastics,15,116142.7,2024-11-20,2024-12-05,closed,2025-01-12,53,38,True,False,chronic_late_payer
INV16004359,B016,B016-C1172,Chemicals Client 172,Chemicals & Plastics,15,124241.03,2025-01-29,2025-02-13,closed,2025-03-16,46,31,False,False,chronic_late_payer
INV16004360,B016,B016-C1172,Chemicals Client 172,Chemicals & Plastics,15,154297.23,2025-05-14,2025-05-29,closed,2025-06-12,29,14,False,False,chronic_late_payer
INV16004361,B016,B016-C1172,Chemicals Client 172,Chemicals & Plastics,15,212032.78,2025-09-18,2025-10-03,open,,,,False,False,chronic_late_payer
INV16004362,B016,B016-C1172,Chemicals Client 172,Chemicals & Plastics,15,167315.87,2025-10-15,2025-10-30,closed,2025-12-22,68,53,False,False,chronic_late_payer
INV16004363,B016,B016-C1172,Chemicals Client 172,Chemicals & Plastics,15,177957.17,2025-10-23,2025-11-07,closed,2025-12-05,43,28,False,False,chronic_late_payer
INV16004364,B016,B016-C1172,Chemicals Client 172,Chemicals & Plastics,15,210055.86,2026-01-02,2026-01-17,closed,2026-02-13,42,27,False,False,chronic_late_payer
INV16004365,B016,B016-C1172,Chemicals Client 172,Chemicals & Plastics,15,191604.65,2026-01-08,2026-01-23,closed,2026-03-02,53,38,False,False,chronic_late_payer
INV16004366,B016,B016-C1172,Chemicals Client 172,Chemicals & Plastics,15,205211.48,2026-03-11,2026-03-26,closed,2026-05-06,56,41,False,False,chronic_late_payer
INV16004367,B016,B016-C1172,Chemicals Client 172,Chemicals & Plastics,15,206418.23,2026-03-24,2026-04-08,closed,2026-05-16,53,38,False,False,chronic_late_payer
INV16004368,B016,B016-C1172,Chemicals Client 172,Chemicals & Plastics,15,231724.66,2026-06-18,2026-07-03,closed,2026-07-26,38,23,False,False,chronic_late_payer
INV16004369,B016,B016-C1172,Chemicals Client 172,Chemicals & Plastics,15,180554.77,2026-06-23,2026-07-08,closed,2026-07-31,38,23,False,False,chronic_late_payer
INV16004370,B016,B016-C1173,Chemicals Client 173,Chemicals & Plastics,45,187134.7,2024-03-20,2024-05-04,closed,2024-05-24,65,20,False,False,deteriorating_payer
INV16004371,B016,B016-C1173,Chemicals Client 173,Chemicals & Plastics,45,252937.34,2024-04-30,2024-06-14,closed,2024-07-10,71,26,False,False,deteriorating_payer
INV16004372,B016,B016-C1173,Chemicals Client 173,Chemicals & Plastics,45,175198.68,2024-06-02,2024-07-17,closed,2024-07-18,46,1,False,False,deteriorating_payer
INV16004373,B016,B016-C1173,Chemicals Client 173,Chemicals & Plastics,45,106857.13,2024-06-03,2024-07-18,closed,2024-07-26,53,8,False,False,deteriorating_payer
INV16004374,B016,B016-C1173,Chemicals Client 173,Chemicals & Plastics,45,217972.55,2024-06-16,2024-07-31,closed,2024-08-03,48,3,False,False,deteriorating_payer
INV16004375,B016,B016-C1173,Chemicals Client 173,Chemicals & Plastics,45,151935.76,2024-07-23,2024-09-06,closed,2024-10-07,76,31,False,False,deteriorating_payer
INV16004376,B016,B016-C1173,Chemicals Client 173,Chemicals & Plastics,45,179255.4,2024-11-09,2024-12-24,closed,2024-12-31,52,7,False,False,deteriorating_payer
INV16004377,B016,B016-C1173,Chemicals Client 173,Chemicals & Plastics,45,338118.58,2024-11-22,2025-01-06,closed,2025-02-10,80,35,False,False,deteriorating_payer
INV16004378,B016,B016-C1173,Chemicals Client 173,Chemicals & Plastics,45,167684.8,2024-12-10,2025-01-24,closed,2025-02-25,77,32,False,False,deteriorating_payer
INV16004379,B016,B016-C1173,Chemicals Client 173,Chemicals & Plastics,45,143518.19,2024-12-11,2025-01-25,closed,2025-02-06,57,12,False,False,deteriorating_payer
INV16004380,B016,B016-C1173,Chemicals Client 173,Chemicals & Plastics,45,169961.57,2024-12-17,2025-01-31,closed,2025-03-04,77,32,False,False,deteriorating_payer
INV16004381,B016,B016-C1173,Chemicals Client 173,Chemicals & Plastics,45,279831.14,2025-01-04,2025-02-18,closed,2025-02-24,51,6,False,False,deteriorating_payer
INV16004382,B016,B016-C1173,Chemicals Client 173,Chemicals & Plastics,45,129159.68,2025-03-31,2025-05-15,closed,2025-05-27,57,12,False,False,deteriorating_payer
INV16004383,B016,B016-C1173,Chemicals Client 173,Chemicals & Plastics,45,79783.48,2025-04-05,2025-05-20,closed,2025-06-11,67,22,False,False,deteriorating_payer
INV16004384,B016,B016-C1173,Chemicals Client 173,Chemicals & Plastics,45,246653.09,2025-08-24,2025-10-08,closed,2025-11-19,87,42,False,False,deteriorating_payer
INV16004385,B016,B016-C1173,Chemicals Client 173,Chemicals & Plastics,45,230685.96,2025-08-31,2025-10-15,closed,2025-11-05,66,21,False,False,deteriorating_payer
INV16004386,B016,B016-C1173,Chemicals Client 173,Chemicals & Plastics,45,146144.47,2025-10-14,2025-11-28,closed,2026-01-19,97,52,False,False,deteriorating_payer
INV16004387,B016,B016-C1173,Chemicals Client 173,Chemicals & Plastics,45,241565.62,2025-11-30,2026-01-14,closed,2026-01-29,60,15,False,False,deteriorating_payer
INV16004388,B016,B016-C1173,Chemicals Client 173,Chemicals & Plastics,45,282131.26,2026-01-24,2026-03-10,closed,2026-04-12,78,33,False,False,deteriorating_payer
INV16004389,B016,B016-C1173,Chemicals Client 173,Chemicals & Plastics,45,164148.59,2026-03-08,2026-04-22,closed,2026-06-12,96,51,False,False,deteriorating_payer
INV16004390,B016,B016-C1173,Chemicals Client 173,Chemicals & Plastics,45,157327.76,2026-04-16,2026-05-31,closed,2026-07-12,87,42,False,False,deteriorating_payer
INV16004391,B016,B016-C1173,Chemicals Client 173,Chemicals & Plastics,45,125369.7,2026-06-07,2026-07-22,open,,,,False,False,deteriorating_payer
INV16004392,B016,B016-C1173,Chemicals Client 173,Chemicals & Plastics,45,126508.26,2026-06-10,2026-07-25,closed,2026-08-28,79,34,False,False,deteriorating_payer
INV16004393,B016,B016-C1173,Chemicals Client 173,Chemicals & Plastics,45,308372.77,2026-06-15,2026-07-30,open,,,,False,False,deteriorating_payer
INV16004394,B016,B016-C1173,Chemicals Client 173,Chemicals & Plastics,45,109785.96,2026-06-25,2026-08-09,closed,2026-09-01,68,23,False,False,deteriorating_payer
INV16004395,B016,B016-C1174,Metal Client 174,Metal & Engineering,30,33540.18,2024-04-02,2024-05-02,closed,2024-05-19,47,17,False,False,deteriorating_payer
INV16004396,B016,B016-C1174,Metal Client 174,Metal & Engineering,30,58616.11,2024-04-03,2024-05-03,closed,2024-05-17,44,14,False,False,deteriorating_payer
INV16004397,B016,B016-C1174,Metal Client 174,Metal & Engineering,30,39710.41,2024-04-04,2024-05-04,closed,2024-06-05,62,32,False,False,deteriorating_payer
INV16004398,B016,B016-C1174,Metal Client 174,Metal & Engineering,30,43396.57,2024-08-16,2024-09-15,closed,2024-09-13,28,-2,False,False,deteriorating_payer
INV16004399,B016,B016-C1174,Metal Client 174,Metal & Engineering,30,61028.05,2024-09-29,2024-10-29,closed,2024-11-04,36,6,False,False,deteriorating_payer
INV16004400,B016,B016-C1174,Metal Client 174,Metal & Engineering,30,64052.31,2024-10-10,2024-11-09,closed,2024-11-29,50,20,False,False,deteriorating_payer
INV16004401,B016,B016-C1174,Metal Client 174,Metal & Engineering,30,39963.63,2024-10-22,2024-11-21,closed,2024-12-02,41,11,False,False,deteriorating_payer
INV16004402,B016,B016-C1174,Metal Client 174,Metal & Engineering,30,51420.84,2024-11-14,2024-12-14,closed,2025-01-16,63,33,False,False,deteriorating_payer
INV16004403,B016,B016-C1174,Metal Client 174,Metal & Engineering,30,38351.77,2024-12-21,2025-01-20,closed,2025-02-11,52,22,False,False,deteriorating_payer
INV16004404,B016,B016-C1174,Metal Client 174,Metal & Engineering,30,54210.55,2024-12-24,2025-01-23,closed,2025-02-18,56,26,False,False,deteriorating_payer
INV16004405,B016,B016-C1174,Metal Client 174,Metal & Engineering,30,45177.9,2025-02-11,2025-03-13,closed,2025-04-11,59,29,False,False,deteriorating_payer
INV16004406,B016,B016-C1174,Metal Client 174,Metal & Engineering,30,47443.62,2025-02-20,2025-03-22,closed,2025-04-17,56,26,False,False,deteriorating_payer
INV16004407,B016,B016-C1174,Metal Client 174,Metal & Engineering,30,30547.54,2025-05-23,2025-06-22,closed,2025-07-09,47,17,False,False,deteriorating_payer
INV16004408,B016,B016-C1174,Metal Client 174,Metal & Engineering,30,61143.2,2025-06-21,2025-07-21,closed,2025-09-15,86,56,False,False,deteriorating_payer
INV16004409,B016,B016-C1174,Metal Client 174,Metal & Engineering,30,38040.95,2025-06-24,2025-07-24,closed,2025-09-04,72,42,False,False,deteriorating_payer
INV16004410,B016,B016-C1174,Metal Client 174,Metal & Engineering,30,41693.42,2025-11-10,2025-12-10,closed,2026-02-05,87,57,False,False,deteriorating_payer
INV16004411,B016,B016-C1174,Metal Client 174,Metal & Engineering,30,27094.37,2025-11-22,2025-12-22,closed,2026-01-26,65,35,False,False,deteriorating_payer
INV16004412,B016,B016-C1174,Metal Client 174,Metal & Engineering,30,48495.38,2025-12-21,2026-01-20,closed,2026-03-07,76,46,False,False,deteriorating_payer
INV16004413,B016,B016-C1174,Metal Client 174,Metal & Engineering,30,59058.72,2026-02-15,2026-03-17,closed,2026-04-10,54,24,False,False,deteriorating_payer
INV16004414,B016,B016-C1174,Metal Client 174,Metal & Engineering,30,42065.3,2026-04-09,2026-05-09,closed,2026-06-06,58,28,False,False,deteriorating_payer
INV16004415,B016,B016-C1174,Metal Client 174,Metal & Engineering,30,25067.9,2026-06-12,2026-07-12,open,,,,False,False,deteriorating_payer
INV16004416,B016,B016-C1174,Metal Client 174,Metal & Engineering,30,65043.69,2026-06-22,2026-07-22,closed,2026-08-30,69,39,False,False,deteriorating_payer
INV16004417,B016,B016-C1175,Chemicals Client 175,Chemicals & Plastics,30,7198.15,2024-05-11,2024-06-10,closed,2024-06-14,34,4,False,False,average_payer
INV16004418,B016,B016-C1175,Chemicals Client 175,Chemicals & Plastics,30,8908.85,2024-06-07,2024-07-07,closed,2024-07-07,30,0,False,False,average_payer
INV16004419,B016,B016-C1175,Chemicals Client 175,Chemicals & Plastics,30,5326.28,2024-07-22,2024-08-21,closed,2024-08-26,35,5,False,False,average_payer
INV16004420,B016,B016-C1175,Chemicals Client 175,Chemicals & Plastics,30,11299.39,2024-07-31,2024-08-30,closed,2024-09-12,43,13,False,False,average_payer
INV16004421,B016,B016-C1175,Chemicals Client 175,Chemicals & Plastics,30,9510.08,2024-08-01,2024-08-31,closed,2024-09-01,31,1,False,False,average_payer
INV16004422,B016,B016-C1175,Chemicals Client 175,Chemicals & Plastics,30,6781.62,2024-08-02,2024-09-01,closed,2024-09-13,42,12,False,False,average_payer
INV16004423,B016,B016-C1175,Chemicals Client 175,Chemicals & Plastics,30,4906.91,2024-08-30,2024-09-29,closed,2024-09-27,28,-2,False,False,average_payer
INV16004424,B016,B016-C1175,Chemicals Client 175,Chemicals & Plastics,30,8488.72,2024-09-14,2024-10-14,closed,2024-11-02,49,19,False,False,average_payer
INV16004425,B016,B016-C1175,Chemicals Client 175,Chemicals & Plastics,30,4277.53,2024-09-29,2024-10-29,closed,2024-11-02,34,4,True,False,average_payer
INV16004426,B016,B016-C1175,Chemicals Client 175,Chemicals & Plastics,30,4009.8,2024-10-12,2024-11-11,closed,2024-11-20,39,9,False,False,average_payer
INV16004427,B016,B016-C1175,Chemicals Client 175,Chemicals & Plastics,30,7982.18,2025-03-10,2025-04-09,closed,2025-04-14,35,5,False,False,average_payer
INV16004428,B016,B016-C1175,Chemicals Client 175,Chemicals & Plastics,30,7729.79,2025-07-01,2025-07-31,closed,2025-08-02,32,2,False,False,average_payer
INV16004429,B016,B016-C1175,Chemicals Client 175,Chemicals & Plastics,30,9570.6,2025-08-06,2025-09-05,closed,2025-09-14,39,9,False,False,average_payer
INV16004430,B016,B016-C1175,Chemicals Client 175,Chemicals & Plastics,30,5816.36,2026-02-18,2026-03-20,closed,2026-03-09,19,-11,False,False,average_payer
INV16004431,B016,B016-C1175,Chemicals Client 175,Chemicals & Plastics,30,16398.49,2026-03-26,2026-04-25,closed,2026-04-24,29,-1,False,False,average_payer
INV16004432,B016,B016-C1175,Chemicals Client 175,Chemicals & Plastics,30,6872.25,2026-08-13,2026-09-12,open,,,,False,False,average_payer
INV16004433,B016,B016-C1176,Metal Client 176,Metal & Engineering,30,53093.05,2024-04-08,2024-05-08,closed,2024-05-01,23,-7,False,False,prompt_payer
INV16004434,B016,B016-C1176,Metal Client 176,Metal & Engineering,30,369453.92,2024-05-04,2024-06-03,closed,2024-05-31,27,-3,True,True,prompt_payer
INV16004435,B016,B016-C1176,Metal Client 176,Metal & Engineering,30,82280.36,2024-06-04,2024-07-04,closed,2024-07-06,32,2,False,False,prompt_payer
INV16004436,B016,B016-C1176,Metal Client 176,Metal & Engineering,30,76324.78,2024-06-10,2024-07-10,closed,2024-07-08,28,-2,False,False,prompt_payer
INV16004437,B016,B016-C1176,Metal Client 176,Metal & Engineering,30,67689.97,2024-06-21,2024-07-21,closed,2024-07-24,33,3,False,False,prompt_payer
INV16004438,B016,B016-C1176,Metal Client 176,Metal & Engineering,30,168963.3,2024-07-20,2024-08-19,closed,2024-08-23,34,4,False,True,prompt_payer
INV16004439,B016,B016-C1176,Metal Client 176,Metal & Engineering,30,141008.5,2024-07-28,2024-08-27,closed,2024-08-24,27,-3,False,False,prompt_payer
INV16004440,B016,B016-C1176,Metal Client 176,Metal & Engineering,30,85586.61,2024-08-01,2024-08-31,closed,2024-08-28,27,-3,False,False,prompt_payer
INV16004441,B016,B016-C1176,Metal Client 176,Metal & Engineering,30,59248.34,2024-08-07,2024-09-06,closed,2024-09-10,34,4,False,False,prompt_payer
INV16004442,B016,B016-C1176,Metal Client 176,Metal & Engineering,30,60088.88,2024-08-16,2024-09-15,closed,2024-09-14,29,-1,False,False,prompt_payer
INV16004443,B016,B016-C1176,Metal Client 176,Metal & Engineering,30,88415.46,2024-08-22,2024-09-21,closed,2024-09-21,30,0,False,False,prompt_payer
INV16004444,B016,B016-C1176,Metal Client 176,Metal & Engineering,30,81534.52,2024-09-15,2024-10-15,closed,2024-10-16,31,1,True,False,prompt_payer
INV16004445,B016,B016-C1176,Metal Client 176,Metal & Engineering,30,108074.79,2024-09-17,2024-10-17,closed,2024-10-19,32,2,False,False,prompt_payer
INV16004446,B016,B016-C1176,Metal Client 176,Metal & Engineering,30,150780.12,2024-10-01,2024-10-31,closed,2024-11-06,36,6,False,False,prompt_payer
INV16004447,B016,B016-C1176,Metal Client 176,Metal & Engineering,30,87561.79,2024-10-13,2024-11-12,closed,2024-11-09,27,-3,False,False,prompt_payer
INV16004448,B016,B016-C1176,Metal Client 176,Metal & Engineering,30,116939.62,2024-11-01,2024-12-01,closed,2024-11-29,28,-2,False,False,prompt_payer
INV16004449,B016,B016-C1176,Metal Client 176,Metal & Engineering,30,54222.78,2024-12-11,2025-01-10,closed,2025-01-10,30,0,False,False,prompt_payer
INV16004450,B016,B016-C1176,Metal Client 176,Metal & Engineering,30,111134.37,2024-12-31,2025-01-30,closed,2025-01-29,29,-1,False,False,prompt_payer
INV16004451,B016,B016-C1176,Metal Client 176,Metal & Engineering,30,62283.67,2025-01-20,2025-02-19,closed,2025-02-18,29,-1,False,False,prompt_payer
INV16004452,B016,B016-C1176,Metal Client 176,Metal & Engineering,30,48796.15,2025-02-16,2025-03-18,closed,2025-03-10,22,-8,False,False,prompt_payer
INV16004453,B016,B016-C1176,Metal Client 176,Metal & Engineering,30,77258.89,2025-03-05,2025-04-04,closed,2025-04-08,34,4,False,False,prompt_payer
INV16004454,B016,B016-C1176,Metal Client 176,Metal & Engineering,30,91914.84,2025-03-16,2025-04-15,closed,2025-04-13,28,-2,False,False,prompt_payer
INV16004455,B016,B016-C1176,Metal Client 176,Metal & Engineering,30,49046.52,2025-03-26,2025-04-25,closed,2025-04-29,34,4,False,False,prompt_payer
INV16004456,B016,B016-C1176,Metal Client 176,Metal & Engineering,30,65971.37,2025-04-13,2025-05-13,closed,2025-05-15,32,2,False,False,prompt_payer
INV16004457,B016,B016-C1176,Metal Client 176,Metal & Engineering,30,115279.53,2025-04-29,2025-05-29,closed,2025-05-29,30,0,False,False,prompt_payer
INV16004458,B016,B016-C1176,Metal Client 176,Metal & Engineering,30,82893.8,2025-06-26,2025-07-26,closed,2025-07-29,33,3,True,False,prompt_payer
INV16004459,B016,B016-C1176,Metal Client 176,Metal & Engineering,30,76738.3,2025-07-11,2025-08-10,closed,2025-08-12,32,2,False,False,prompt_payer
INV16004460,B016,B016-C1176,Metal Client 176,Metal & Engineering,30,85974.32,2025-07-22,2025-08-21,closed,2025-08-28,37,7,False,False,prompt_payer
INV16004461,B016,B016-C1176,Metal Client 176,Metal & Engineering,30,91547.42,2025-07-24,2025-08-23,closed,2025-08-18,25,-5,False,False,prompt_payer
INV16004462,B016,B016-C1176,Metal Client 176,Metal & Engineering,30,134571.42,2025-07-25,2025-08-24,closed,2025-08-22,28,-2,False,False,prompt_payer
INV16004463,B016,B016-C1176,Metal Client 176,Metal & Engineering,30,132082.43,2025-08-02,2025-09-01,closed,2025-09-03,32,2,False,False,prompt_payer
INV16004464,B016,B016-C1176,Metal Client 176,Metal & Engineering,30,91813.24,2025-09-16,2025-10-16,closed,2025-10-20,34,4,False,False,prompt_payer
INV16004465,B016,B016-C1176,Metal Client 176,Metal & Engineering,30,48650.38,2025-10-17,2025-11-16,closed,2025-11-07,21,-9,False,False,prompt_payer
INV16004466,B016,B016-C1176,Metal Client 176,Metal & Engineering,30,56311.63,2025-12-09,2026-01-08,closed,2026-01-10,32,2,False,False,prompt_payer
INV16004467,B016,B016-C1176,Metal Client 176,Metal & Engineering,30,78731.36,2026-01-18,2026-02-17,closed,2026-02-25,38,8,False,False,prompt_payer
INV16004468,B016,B016-C1176,Metal Client 176,Metal & Engineering,30,122194.34,2026-02-01,2026-03-03,closed,2026-02-24,23,-7,False,False,prompt_payer
INV16004469,B016,B016-C1176,Metal Client 176,Metal & Engineering,30,127520.2,2026-02-15,2026-03-17,closed,2026-03-12,25,-5,False,False,prompt_payer
INV16004470,B016,B016-C1176,Metal Client 176,Metal & Engineering,30,90128.29,2026-02-18,2026-03-20,closed,2026-03-23,33,3,False,False,prompt_payer
INV16004471,B016,B016-C1176,Metal Client 176,Metal & Engineering,30,56525.5,2026-03-06,2026-04-05,closed,2026-04-05,30,0,False,False,prompt_payer
INV16004472,B016,B016-C1176,Metal Client 176,Metal & Engineering,30,61577.75,2026-04-11,2026-05-11,closed,2026-05-05,24,-6,False,False,prompt_payer
INV16004473,B016,B016-C1176,Metal Client 176,Metal & Engineering,30,90317.97,2026-04-24,2026-05-24,closed,2026-05-22,28,-2,True,False,prompt_payer
INV16004474,B016,B016-C1176,Metal Client 176,Metal & Engineering,30,62577.97,2026-06-11,2026-07-11,closed,2026-07-12,31,1,False,False,prompt_payer
INV16004475,B016,B016-C1176,Metal Client 176,Metal & Engineering,30,69597.66,2026-07-07,2026-08-06,closed,2026-08-01,25,-5,False,False,prompt_payer
INV16004476,B016,B016-C1176,Metal Client 176,Metal & Engineering,30,121678.98,2026-08-08,2026-09-07,open,,,,False,False,prompt_payer
INV16004477,B016,B016-C1176,Metal Client 176,Metal & Engineering,30,54109.28,2026-08-17,2026-09-16,disputed_open,,,,False,False,prompt_payer
INV16004478,B016,B016-C1176,Metal Client 176,Metal & Engineering,30,67681.03,2026-09-01,2026-10-01,open,,,,False,False,prompt_payer
INV16004479,B016,B016-C1177,Auto Client 177,Auto Components,30,83170.01,2024-03-28,2024-04-27,closed,2024-04-19,22,-8,False,False,prompt_payer
INV16004480,B016,B016-C1177,Auto Client 177,Auto Components,30,120272.19,2024-05-05,2024-06-04,closed,2024-06-02,28,-2,False,False,prompt_payer
INV16004481,B016,B016-C1177,Auto Client 177,Auto Components,30,97925.77,2024-05-18,2024-06-17,closed,2024-06-10,23,-7,False,False,prompt_payer
INV16004482,B016,B016-C1177,Auto Client 177,Auto Components,30,55265.76,2024-06-03,2024-07-03,closed,2024-07-07,34,4,False,False,prompt_payer
INV16004483,B016,B016-C1177,Auto Client 177,Auto Components,30,84847.44,2024-06-09,2024-07-09,closed,2024-07-08,29,-1,False,False,prompt_payer
INV16004484,B016,B016-C1177,Auto Client 177,Auto Components,30,86099.41,2024-07-14,2024-08-13,closed,2024-08-12,29,-1,False,False,prompt_payer
INV16004485,B016,B016-C1177,Auto Client 177,Auto Components,30,80673.31,2024-08-08,2024-09-07,closed,2024-09-07,30,0,False,False,prompt_payer
INV16004486,B016,B016-C1177,Auto Client 177,Auto Components,30,60161.31,2024-08-13,2024-09-12,closed,2024-09-11,29,-1,False,False,prompt_payer
INV16004487,B016,B016-C1177,Auto Client 177,Auto Components,30,102772.5,2024-08-25,2024-09-24,closed,2024-09-19,25,-5,False,False,prompt_payer
INV16004488,B016,B016-C1177,Auto Client 177,Auto Components,30,59088.79,2024-11-04,2024-12-04,closed,2024-12-05,31,1,False,False,prompt_payer
INV16004489,B016,B016-C1177,Auto Client 177,Auto Components,30,64209.74,2024-11-04,2024-12-04,closed,2024-11-28,24,-6,False,False,prompt_payer
INV16004490,B016,B016-C1177,Auto Client 177,Auto Components,30,76736.58,2024-11-05,2024-12-05,closed,2024-12-08,33,3,False,False,prompt_payer
INV16004491,B016,B016-C1177,Auto Client 177,Auto Components,30,152887.83,2024-11-21,2024-12-21,closed,2024-12-20,29,-1,False,False,prompt_payer
INV16004492,B016,B016-C1177,Auto Client 177,Auto Components,30,136245.35,2025-02-20,2025-03-22,closed,2025-03-20,28,-2,False,False,prompt_payer
INV16004493,B016,B016-C1177,Auto Client 177,Auto Components,30,59312.26,2025-03-15,2025-04-14,closed,2025-04-14,30,0,False,False,prompt_payer
INV16004494,B016,B016-C1177,Auto Client 177,Auto Components,30,139484.05,2025-04-04,2025-05-04,closed,2025-05-06,32,2,False,False,prompt_payer
INV16004495,B016,B016-C1177,Auto Client 177,Auto Components,30,96093.26,2025-04-21,2025-05-21,closed,2025-05-19,28,-2,False,False,prompt_payer
INV16004496,B016,B016-C1177,Auto Client 177,Auto Components,30,96581.3,2025-05-16,2025-06-15,closed,2025-06-10,25,-5,False,False,prompt_payer
INV16004497,B016,B016-C1177,Auto Client 177,Auto Components,30,97610.63,2025-08-14,2025-09-13,closed,2025-09-11,28,-2,False,False,prompt_payer
INV16004498,B016,B016-C1177,Auto Client 177,Auto Components,30,83597.2,2025-08-28,2025-09-27,closed,2025-09-28,31,1,False,False,prompt_payer
INV16004499,B016,B016-C1177,Auto Client 177,Auto Components,30,74062.07,2025-10-28,2025-11-27,closed,2025-11-28,31,1,False,False,prompt_payer
INV16004500,B016,B016-C1177,Auto Client 177,Auto Components,30,92229.28,2025-11-27,2025-12-27,closed,2025-12-29,32,2,False,False,prompt_payer
INV16004501,B016,B016-C1177,Auto Client 177,Auto Components,30,113164.8,2025-12-22,2026-01-21,closed,2026-01-18,27,-3,False,False,prompt_payer
INV16004502,B016,B016-C1177,Auto Client 177,Auto Components,30,80021.13,2026-01-16,2026-02-15,closed,2026-02-13,28,-2,False,False,prompt_payer
INV16004503,B016,B016-C1177,Auto Client 177,Auto Components,30,85835.43,2026-01-18,2026-02-17,closed,2026-02-16,29,-1,False,False,prompt_payer
INV16004504,B016,B016-C1177,Auto Client 177,Auto Components,30,70091.57,2026-02-12,2026-03-14,closed,2026-03-21,37,7,False,False,prompt_payer
INV16004505,B016,B016-C1177,Auto Client 177,Auto Components,30,74067.08,2026-02-19,2026-03-21,closed,2026-03-20,29,-1,False,False,prompt_payer
INV16004506,B016,B016-C1177,Auto Client 177,Auto Components,30,118311.22,2026-03-07,2026-04-06,closed,2026-04-06,30,0,False,False,prompt_payer
INV16004507,B016,B016-C1177,Auto Client 177,Auto Components,30,60712.74,2026-06-10,2026-07-10,closed,2026-07-09,29,-1,False,False,prompt_payer
INV16004508,B016,B016-C1177,Auto Client 177,Auto Components,30,54194.01,2026-06-10,2026-07-10,closed,2026-07-08,28,-2,False,False,prompt_payer
INV16004509,B016,B016-C1177,Auto Client 177,Auto Components,30,90719.79,2026-09-01,2026-10-01,open,,,,False,False,prompt_payer
INV16004510,B016,B016-C1178,Retail Client 178,Retail & Distribution,30,74805.18,2024-04-30,2024-05-30,closed,2024-06-28,59,29,False,False,chronic_late_payer
INV16004511,B016,B016-C1178,Retail Client 178,Retail & Distribution,30,50816.82,2024-06-21,2024-07-21,closed,2024-08-23,63,33,False,False,chronic_late_payer
INV16004512,B016,B016-C1178,Retail Client 178,Retail & Distribution,30,48899.73,2024-10-07,2024-11-06,closed,2024-11-20,44,14,False,False,chronic_late_payer
INV16004513,B016,B016-C1178,Retail Client 178,Retail & Distribution,30,60379.6,2024-11-01,2024-12-01,closed,2025-01-18,78,48,False,False,chronic_late_payer
INV16004514,B016,B016-C1178,Retail Client 178,Retail & Distribution,30,38247.89,2024-11-21,2024-12-21,closed,2025-01-04,44,14,False,False,chronic_late_payer
INV16004515,B016,B016-C1178,Retail Client 178,Retail & Distribution,30,71885.72,2024-12-09,2025-01-08,closed,2025-01-29,51,21,False,False,chronic_late_payer
INV16004516,B016,B016-C1178,Retail Client 178,Retail & Distribution,30,35518.89,2025-02-07,2025-03-09,closed,2025-03-27,48,18,False,False,chronic_late_payer
INV16004517,B016,B016-C1178,Retail Client 178,Retail & Distribution,30,81675.81,2025-06-22,2025-07-22,closed,2025-08-11,50,20,False,False,chronic_late_payer
INV16004518,B016,B016-C1178,Retail Client 178,Retail & Distribution,30,94988.72,2025-07-02,2025-08-01,closed,2025-09-15,75,45,True,False,chronic_late_payer
INV16004519,B016,B016-C1178,Retail Client 178,Retail & Distribution,30,32584.6,2025-07-19,2025-08-18,closed,2025-10-01,74,44,False,False,chronic_late_payer
INV16004520,B016,B016-C1178,Retail Client 178,Retail & Distribution,30,29155.89,2025-09-14,2025-10-14,closed,2025-11-18,65,35,False,False,chronic_late_payer
INV16004521,B016,B016-C1178,Retail Client 178,Retail & Distribution,30,58776.44,2025-12-31,2026-01-30,closed,2026-03-01,60,30,False,False,chronic_late_payer
INV16004522,B016,B016-C1178,Retail Client 178,Retail & Distribution,30,30471.11,2026-01-22,2026-02-21,closed,2026-03-12,49,19,False,False,chronic_late_payer
INV16004523,B016,B016-C1178,Retail Client 178,Retail & Distribution,30,106544.87,2026-01-27,2026-02-26,closed,2026-04-28,91,61,False,True,chronic_late_payer
INV16004524,B016,B016-C1178,Retail Client 178,Retail & Distribution,30,79302.23,2026-03-02,2026-04-01,closed,2026-05-01,60,30,False,False,chronic_late_payer
INV16004525,B016,B016-C1178,Retail Client 178,Retail & Distribution,30,51962.97,2026-03-24,2026-04-23,closed,2026-05-07,44,14,False,False,chronic_late_payer
INV16004526,B016,B016-C1178,Retail Client 178,Retail & Distribution,30,53910.26,2026-03-27,2026-04-26,closed,2026-05-16,50,20,True,False,chronic_late_payer
INV16004527,B016,B016-C1178,Retail Client 178,Retail & Distribution,30,260255.6,2026-04-29,2026-05-29,closed,2026-06-28,60,30,False,True,chronic_late_payer
INV16004528,B016,B016-C1179,Retail Client 179,Retail & Distribution,30,47873.17,2024-05-15,2024-06-14,closed,2024-06-27,43,13,False,False,average_payer
INV16004529,B016,B016-C1179,Retail Client 179,Retail & Distribution,30,93199.63,2024-05-31,2024-06-30,closed,2024-07-05,35,5,False,False,average_payer
INV16004530,B016,B016-C1179,Retail Client 179,Retail & Distribution,30,72164.18,2024-06-29,2024-07-29,closed,2024-08-02,34,4,False,False,average_payer
INV16004531,B016,B016-C1179,Retail Client 179,Retail & Distribution,30,63101.1,2024-08-06,2024-09-05,closed,2024-09-15,40,10,False,False,average_payer
INV16004532,B016,B016-C1179,Retail Client 179,Retail & Distribution,30,77209.0,2024-08-13,2024-09-12,closed,2024-09-15,33,3,False,False,average_payer
INV16004533,B016,B016-C1179,Retail Client 179,Retail & Distribution,30,79424.34,2024-08-17,2024-09-16,closed,2024-09-20,34,4,False,False,average_payer
INV16004534,B016,B016-C1179,Retail Client 179,Retail & Distribution,30,21103.56,2024-09-22,2024-10-22,closed,2024-10-27,35,5,False,False,average_payer
INV16004535,B016,B016-C1179,Retail Client 179,Retail & Distribution,30,58401.75,2024-12-01,2024-12-31,closed,2025-01-02,32,2,False,False,average_payer
INV16004536,B016,B016-C1179,Retail Client 179,Retail & Distribution,30,76303.4,2024-12-11,2025-01-10,closed,2025-01-20,40,10,False,False,average_payer
INV16004537,B016,B016-C1179,Retail Client 179,Retail & Distribution,30,48587.22,2025-01-16,2025-02-15,closed,2025-02-23,38,8,False,False,average_payer
INV16004538,B016,B016-C1179,Retail Client 179,Retail & Distribution,30,58707.72,2025-01-25,2025-02-24,closed,2025-02-26,32,2,False,False,average_payer
INV16004539,B016,B016-C1179,Retail Client 179,Retail & Distribution,30,41355.76,2025-02-02,2025-03-04,closed,2025-03-01,27,-3,False,False,average_payer
INV16004540,B016,B016-C1179,Retail Client 179,Retail & Distribution,30,50805.64,2025-02-12,2025-03-14,closed,2025-03-21,37,7,False,False,average_payer
INV16004541,B016,B016-C1179,Retail Client 179,Retail & Distribution,30,59982.94,2025-03-01,2025-03-31,closed,2025-04-08,38,8,False,False,average_payer
INV16004542,B016,B016-C1179,Retail Client 179,Retail & Distribution,30,56075.28,2025-03-04,2025-04-03,closed,2025-04-11,38,8,False,False,average_payer
INV16004543,B016,B016-C1179,Retail Client 179,Retail & Distribution,30,62012.54,2025-03-15,2025-04-14,closed,2025-04-24,40,10,False,False,average_payer
INV16004544,B016,B016-C1179,Retail Client 179,Retail & Distribution,30,71068.88,2025-04-04,2025-05-04,closed,2025-05-10,36,6,True,False,average_payer
INV16004545,B016,B016-C1179,Retail Client 179,Retail & Distribution,30,64387.34,2025-05-07,2025-06-06,closed,2025-06-03,27,-3,False,False,average_payer
INV16004546,B016,B016-C1179,Retail Client 179,Retail & Distribution,30,57745.96,2025-07-03,2025-08-02,closed,2025-08-05,33,3,True,False,average_payer
INV16004547,B016,B016-C1179,Retail Client 179,Retail & Distribution,30,54923.25,2025-08-19,2025-09-18,closed,2025-09-20,32,2,False,False,average_payer
INV16004548,B016,B016-C1179,Retail Client 179,Retail & Distribution,30,42426.94,2025-09-17,2025-10-17,closed,2025-10-28,41,11,False,False,average_payer
INV16004549,B016,B016-C1179,Retail Client 179,Retail & Distribution,30,28321.82,2025-09-27,2025-10-27,closed,2025-11-02,36,6,False,False,average_payer
INV16004550,B016,B016-C1179,Retail Client 179,Retail & Distribution,30,104058.29,2025-10-09,2025-11-08,closed,2025-11-25,47,17,False,False,average_payer
INV16004551,B016,B016-C1179,Retail Client 179,Retail & Distribution,30,59961.44,2025-10-30,2025-11-29,closed,2025-12-07,38,8,False,False,average_payer
INV16004552,B016,B016-C1179,Retail Client 179,Retail & Distribution,30,68228.47,2025-11-18,2025-12-18,closed,2025-12-28,40,10,False,False,average_payer
INV16004553,B016,B016-C1179,Retail Client 179,Retail & Distribution,30,128676.65,2026-02-10,2026-03-12,closed,2026-03-22,40,10,False,False,average_payer
INV16004554,B016,B016-C1179,Retail Client 179,Retail & Distribution,30,189970.85,2026-02-15,2026-03-17,closed,2026-03-26,39,9,False,True,average_payer
INV16004555,B016,B016-C1179,Retail Client 179,Retail & Distribution,30,51660.44,2026-02-17,2026-03-19,closed,2026-03-17,28,-2,False,False,average_payer
INV16004556,B016,B016-C1179,Retail Client 179,Retail & Distribution,30,71552.56,2026-03-08,2026-04-07,closed,2026-04-13,36,6,False,False,average_payer
INV16004557,B016,B016-C1179,Retail Client 179,Retail & Distribution,30,38043.51,2026-03-21,2026-04-20,closed,2026-04-30,40,10,False,False,average_payer
INV16004558,B016,B016-C1179,Retail Client 179,Retail & Distribution,30,69199.3,2026-03-27,2026-04-26,closed,2026-05-04,38,8,False,False,average_payer
INV16004559,B016,B016-C1179,Retail Client 179,Retail & Distribution,30,46683.6,2026-04-17,2026-05-17,closed,2026-05-21,34,4,False,False,average_payer
INV16004560,B016,B016-C1179,Retail Client 179,Retail & Distribution,30,55831.72,2026-06-27,2026-07-27,closed,2026-07-31,34,4,False,False,average_payer
INV16004561,B016,B016-C1179,Retail Client 179,Retail & Distribution,30,32169.29,2026-06-28,2026-07-28,closed,2026-08-06,39,9,False,False,average_payer
INV16004562,B016,B016-C1179,Retail Client 179,Retail & Distribution,30,41575.98,2026-07-08,2026-08-07,closed,2026-08-15,38,8,False,False,average_payer
INV16004563,B016,B016-C1180,Construction Client 180,Construction & Infra,45,43003.8,2024-04-07,2024-05-22,closed,2024-05-21,44,-1,False,False,prompt_payer
INV16004564,B016,B016-C1180,Construction Client 180,Construction & Infra,45,70172.9,2024-06-11,2024-07-26,closed,2024-07-27,46,1,False,False,prompt_payer
INV16004565,B016,B016-C1180,Construction Client 180,Construction & Infra,45,55294.33,2024-06-15,2024-07-30,closed,2024-07-29,44,-1,False,False,prompt_payer
INV16004566,B016,B016-C1180,Construction Client 180,Construction & Infra,45,50486.33,2024-09-20,2024-11-04,closed,2024-11-03,44,-1,False,False,prompt_payer
INV16004567,B016,B016-C1180,Construction Client 180,Construction & Infra,45,70974.1,2024-09-22,2024-11-06,closed,2024-11-03,42,-3,False,False,prompt_payer
INV16004568,B016,B016-C1180,Construction Client 180,Construction & Infra,45,145500.81,2024-10-08,2024-11-22,closed,2024-11-25,48,3,False,False,prompt_payer
INV16004569,B016,B016-C1180,Construction Client 180,Construction & Infra,45,69134.21,2024-11-08,2024-12-23,open,,,,False,False,prompt_payer
INV16004570,B016,B016-C1180,Construction Client 180,Construction & Infra,45,172864.34,2024-12-11,2025-01-25,closed,2025-01-27,47,2,False,False,prompt_payer
INV16004571,B016,B016-C1180,Construction Client 180,Construction & Infra,45,154984.82,2025-01-18,2025-03-04,closed,2025-03-09,50,5,False,False,prompt_payer
INV16004572,B016,B016-C1180,Construction Client 180,Construction & Infra,45,48664.84,2025-01-23,2025-03-09,closed,2025-03-14,50,5,False,False,prompt_payer
INV16004573,B016,B016-C1180,Construction Client 180,Construction & Infra,45,75312.59,2025-01-27,2025-03-13,closed,2025-03-14,46,1,False,False,prompt_payer
INV16004574,B016,B016-C1180,Construction Client 180,Construction & Infra,45,95661.95,2025-02-13,2025-03-30,closed,2025-03-29,44,-1,False,False,prompt_payer
INV16004575,B016,B016-C1180,Construction Client 180,Construction & Infra,45,71112.27,2025-02-25,2025-04-11,closed,2025-04-15,49,4,False,False,prompt_payer
INV16004576,B016,B016-C1180,Construction Client 180,Construction & Infra,45,112723.68,2025-03-04,2025-04-18,closed,2025-04-17,44,-1,False,False,prompt_payer
INV16004577,B016,B016-C1180,Construction Client 180,Construction & Infra,45,96632.85,2025-03-31,2025-05-15,closed,2025-05-20,50,5,False,False,prompt_payer
INV16004578,B016,B016-C1180,Construction Client 180,Construction & Infra,45,52852.5,2025-05-01,2025-06-15,closed,2025-06-16,46,1,False,False,prompt_payer
INV16004579,B016,B016-C1180,Construction Client 180,Construction & Infra,45,49995.5,2025-08-15,2025-09-29,closed,2025-09-28,44,-1,False,False,prompt_payer
INV16004580,B016,B016-C1180,Construction Client 180,Construction & Infra,45,79523.02,2025-08-17,2025-10-01,closed,2025-09-28,42,-3,False,False,prompt_payer
INV16004581,B016,B016-C1180,Construction Client 180,Construction & Infra,45,67528.14,2025-08-19,2025-10-03,closed,2025-10-03,45,0,False,False,prompt_payer
INV16004582,B016,B016-C1180,Construction Client 180,Construction & Infra,45,98333.6,2025-09-22,2025-11-06,closed,2025-11-04,43,-2,False,False,prompt_payer
INV16004583,B016,B016-C1180,Construction Client 180,Construction & Infra,45,123542.29,2025-10-17,2025-12-01,closed,2025-11-22,36,-9,False,False,prompt_payer
INV16004584,B016,B016-C1180,Construction Client 180,Construction & Infra,45,45342.92,2025-11-02,2025-12-17,closed,2025-12-16,44,-1,False,False,prompt_payer
INV16004585,B016,B016-C1180,Construction Client 180,Construction & Infra,45,61424.29,2025-11-30,2026-01-14,closed,2026-01-11,42,-3,False,False,prompt_payer
INV16004586,B016,B016-C1180,Construction Client 180,Construction & Infra,45,68977.65,2026-01-30,2026-03-16,closed,2026-03-18,47,2,False,False,prompt_payer
INV16004587,B016,B016-C1180,Construction Client 180,Construction & Infra,45,70158.9,2026-03-02,2026-04-16,closed,2026-04-14,43,-2,False,False,prompt_payer
INV16004588,B016,B016-C1180,Construction Client 180,Construction & Infra,45,44601.53,2026-03-08,2026-04-22,closed,2026-04-19,42,-3,False,False,prompt_payer
INV16004589,B016,B016-C1180,Construction Client 180,Construction & Infra,45,69888.29,2026-04-07,2026-05-22,closed,2026-05-27,50,5,False,False,prompt_payer
INV16004590,B016,B016-C1180,Construction Client 180,Construction & Infra,45,52180.26,2026-04-28,2026-06-12,closed,2026-06-10,43,-2,False,False,prompt_payer
INV16004591,B016,B016-C1180,Construction Client 180,Construction & Infra,45,79500.12,2026-05-20,2026-07-04,closed,2026-07-01,42,-3,False,False,prompt_payer
INV16004592,B016,B016-C1180,Construction Client 180,Construction & Infra,45,69104.16,2026-06-22,2026-08-06,closed,2026-08-05,44,-1,False,False,prompt_payer
INV16004593,B016,B016-C1180,Construction Client 180,Construction & Infra,45,87844.46,2026-07-08,2026-08-22,closed,2026-08-26,49,4,False,False,prompt_payer
INV16004594,B016,B016-C1180,Construction Client 180,Construction & Infra,45,72515.91,2026-08-31,2026-10-15,disputed_open,,,,False,False,prompt_payer
INV16004595,B016,B016-C1181,Retail Client 181,Retail & Distribution,30,1259756.59,2024-04-10,2024-05-10,closed,2024-06-13,64,34,False,False,improving_payer
INV16004596,B016,B016-C1181,Retail Client 181,Retail & Distribution,30,3236350.41,2024-04-12,2024-05-12,closed,2024-06-14,63,33,False,True,improving_payer
INV16004597,B016,B016-C1181,Retail Client 181,Retail & Distribution,30,1055481.19,2024-05-02,2024-06-01,closed,2024-07-10,69,39,False,False,improving_payer
INV16004598,B016,B016-C1181,Retail Client 181,Retail & Distribution,30,915837.36,2024-05-24,2024-06-23,closed,2024-07-15,52,22,False,False,improving_payer
INV16004599,B016,B016-C1181,Retail Client 181,Retail & Distribution,30,793827.13,2024-05-31,2024-06-30,closed,2024-08-02,63,33,False,False,improving_payer
INV16004600,B016,B016-C1181,Retail Client 181,Retail & Distribution,30,749993.76,2024-06-12,2024-07-12,closed,2024-08-03,52,22,False,False,improving_payer
INV16004601,B016,B016-C1181,Retail Client 181,Retail & Distribution,30,1567785.98,2024-06-24,2024-07-24,closed,2024-09-20,88,58,False,False,improving_payer
INV16004602,B016,B016-C1181,Retail Client 181,Retail & Distribution,30,945324.74,2024-07-08,2024-08-07,closed,2024-09-03,57,27,False,False,improving_payer
INV16004603,B016,B016-C1181,Retail Client 181,Retail & Distribution,30,829052.94,2024-08-03,2024-09-02,closed,2024-09-24,52,22,False,False,improving_payer
INV16004604,B016,B016-C1181,Retail Client 181,Retail & Distribution,30,1250105.95,2024-08-26,2024-09-25,closed,2024-10-09,44,14,False,False,improving_payer
INV16004605,B016,B016-C1181,Retail Client 181,Retail & Distribution,30,5614281.15,2024-09-10,2024-10-10,closed,2024-11-14,65,35,False,True,improving_payer
INV16004606,B016,B016-C1181,Retail Client 181,Retail & Distribution,30,1281143.17,2024-09-19,2024-10-19,closed,2024-11-23,65,35,False,False,improving_payer
INV16004607,B016,B016-C1181,Retail Client 181,Retail & Distribution,30,935290.64,2024-09-28,2024-10-28,closed,2024-11-20,53,23,False,False,improving_payer
INV16004608,B016,B016-C1181,Retail Client 181,Retail & Distribution,30,1612522.43,2024-09-29,2024-10-29,closed,2024-12-02,64,34,False,False,improving_payer
INV16004609,B016,B016-C1181,Retail Client 181,Retail & Distribution,30,949333.46,2024-10-08,2024-11-07,closed,2024-12-11,64,34,False,False,improving_payer
INV16004610,B016,B016-C1181,Retail Client 181,Retail & Distribution,30,1349665.02,2024-12-12,2025-01-11,closed,2025-01-24,43,13,False,False,improving_payer
INV16004611,B016,B016-C1181,Retail Client 181,Retail & Distribution,30,1075152.94,2025-03-04,2025-04-03,closed,2025-05-04,61,31,False,False,improving_payer
INV16004612,B016,B016-C1181,Retail Client 181,Retail & Distribution,30,1361095.98,2025-04-21,2025-05-21,closed,2025-06-14,54,24,False,False,improving_payer
INV16004613,B016,B016-C1181,Retail Client 181,Retail & Distribution,30,1631157.92,2025-04-27,2025-05-27,open,,,,False,False,improving_payer
INV16004614,B016,B016-C1181,Retail Client 181,Retail & Distribution,30,1316262.85,2025-05-20,2025-06-19,closed,2025-06-30,41,11,False,False,improving_payer
INV16004615,B016,B016-C1181,Retail Client 181,Retail & Distribution,30,1371907.78,2025-05-21,2025-06-20,closed,2025-07-26,66,36,False,False,improving_payer
INV16004616,B016,B016-C1181,Retail Client 181,Retail & Distribution,30,775257.53,2025-05-31,2025-06-30,closed,2025-07-10,40,10,False,False,improving_payer
INV16004617,B016,B016-C1181,Retail Client 181,Retail & Distribution,30,1307528.77,2025-07-10,2025-08-09,closed,2025-08-17,38,8,False,False,improving_payer
INV16004618,B016,B016-C1181,Retail Client 181,Retail & Distribution,30,865981.83,2025-07-20,2025-08-19,closed,2025-09-16,58,28,False,False,improving_payer
INV16004619,B016,B016-C1181,Retail Client 181,Retail & Distribution,30,1324652.18,2025-08-19,2025-09-18,closed,2025-10-07,49,19,False,False,improving_payer
INV16004620,B016,B016-C1181,Retail Client 181,Retail & Distribution,30,783138.69,2025-09-14,2025-10-14,closed,2025-11-01,48,18,False,False,improving_payer
INV16004621,B016,B016-C1181,Retail Client 181,Retail & Distribution,30,905436.28,2025-09-16,2025-10-16,closed,2025-11-01,46,16,False,False,improving_payer
INV16004622,B016,B016-C1181,Retail Client 181,Retail & Distribution,30,590253.0,2025-10-01,2025-10-31,closed,2025-11-16,46,16,False,False,improving_payer
INV16004623,B016,B016-C1181,Retail Client 181,Retail & Distribution,30,855095.39,2025-10-23,2025-11-22,closed,2025-11-27,35,5,False,False,improving_payer
INV16004624,B016,B016-C1181,Retail Client 181,Retail & Distribution,30,1039338.16,2025-10-27,2025-11-26,closed,2025-12-12,46,16,False,False,improving_payer
INV16004625,B016,B016-C1181,Retail Client 181,Retail & Distribution,30,1102773.8,2025-12-20,2026-01-19,closed,2026-01-29,40,10,False,False,improving_payer
INV16004626,B016,B016-C1181,Retail Client 181,Retail & Distribution,30,1389268.44,2026-01-19,2026-02-18,closed,2026-03-22,62,32,False,False,improving_payer
INV16004627,B016,B016-C1181,Retail Client 181,Retail & Distribution,30,1106747.29,2026-02-15,2026-03-17,closed,2026-04-04,48,18,False,False,improving_payer
INV16004628,B016,B016-C1181,Retail Client 181,Retail & Distribution,30,904210.14,2026-03-13,2026-04-12,closed,2026-05-02,50,20,False,False,improving_payer
INV16004629,B016,B016-C1181,Retail Client 181,Retail & Distribution,30,1176918.08,2026-04-01,2026-05-01,closed,2026-04-26,25,-5,False,False,improving_payer
INV16004630,B016,B016-C1181,Retail Client 181,Retail & Distribution,30,1046669.41,2026-04-12,2026-05-12,closed,2026-05-28,46,16,False,False,improving_payer
INV16004631,B016,B016-C1181,Retail Client 181,Retail & Distribution,30,998012.57,2026-04-19,2026-05-19,closed,2026-05-14,25,-5,False,False,improving_payer
INV16004632,B016,B016-C1181,Retail Client 181,Retail & Distribution,30,582285.41,2026-04-25,2026-05-25,closed,2026-05-29,34,4,False,False,improving_payer
INV16004633,B016,B016-C1181,Retail Client 181,Retail & Distribution,30,1139449.12,2026-05-03,2026-06-02,closed,2026-06-07,35,5,False,False,improving_payer
INV16004634,B016,B016-C1181,Retail Client 181,Retail & Distribution,30,900172.92,2026-05-09,2026-06-08,closed,2026-06-14,36,6,False,False,improving_payer
INV16004635,B016,B016-C1181,Retail Client 181,Retail & Distribution,30,659874.28,2026-05-11,2026-06-10,closed,2026-06-16,36,6,False,False,improving_payer
INV16004636,B016,B016-C1181,Retail Client 181,Retail & Distribution,30,1315282.95,2026-05-13,2026-06-12,closed,2026-07-01,49,19,False,False,improving_payer
INV16004637,B016,B016-C1181,Retail Client 181,Retail & Distribution,30,1146958.64,2026-07-31,2026-08-30,closed,2026-08-25,25,-5,False,False,improving_payer
INV16004638,B016,B016-C1181,Retail Client 181,Retail & Distribution,30,1150019.13,2026-08-24,2026-09-23,open,,,,False,False,improving_payer
INV16004639,B016,B016-C1182,Retail Client 182,Retail & Distribution,45,52465.0,2024-03-30,2024-05-14,closed,2024-05-19,50,5,False,False,average_payer
INV16004640,B016,B016-C1182,Retail Client 182,Retail & Distribution,45,46942.12,2024-04-01,2024-05-16,closed,2024-05-19,48,3,False,False,average_payer
INV16004641,B016,B016-C1182,Retail Client 182,Retail & Distribution,45,48266.5,2024-05-18,2024-07-02,closed,2024-07-10,53,8,False,False,average_payer
INV16004642,B016,B016-C1182,Retail Client 182,Retail & Distribution,45,55080.0,2024-06-17,2024-08-01,closed,2024-08-05,49,4,False,False,average_payer
INV16004643,B016,B016-C1182,Retail Client 182,Retail & Distribution,45,135453.06,2024-09-03,2024-10-18,closed,2024-10-18,45,0,True,True,average_payer
INV16004644,B016,B016-C1182,Retail Client 182,Retail & Distribution,45,44582.18,2024-09-28,2024-11-12,closed,2024-11-19,52,7,False,False,average_payer
INV16004645,B016,B016-C1182,Retail Client 182,Retail & Distribution,45,45838.12,2024-09-29,2024-11-13,closed,2024-11-10,42,-3,False,False,average_payer
INV16004646,B016,B016-C1182,Retail Client 182,Retail & Distribution,45,56250.2,2024-10-13,2024-11-27,closed,2024-12-01,49,4,False,False,average_payer
INV16004647,B016,B016-C1182,Retail Client 182,Retail & Distribution,45,65908.08,2024-10-14,2024-11-28,closed,2024-11-29,46,1,False,False,average_payer
INV16004648,B016,B016-C1182,Retail Client 182,Retail & Distribution,45,55437.89,2024-10-16,2024-11-30,closed,2024-12-11,56,11,False,False,average_payer
INV16004649,B016,B016-C1182,Retail Client 182,Retail & Distribution,45,34712.12,2024-10-20,2024-12-04,closed,2024-12-06,47,2,False,False,average_payer
INV16004650,B016,B016-C1182,Retail Client 182,Retail & Distribution,45,68778.44,2024-10-31,2024-12-15,closed,2024-12-17,47,2,False,False,average_payer
INV16004651,B016,B016-C1182,Retail Client 182,Retail & Distribution,45,60819.89,2024-11-03,2024-12-18,closed,2024-12-19,46,1,False,False,average_payer
INV16004652,B016,B016-C1182,Retail Client 182,Retail & Distribution,45,73898.29,2024-11-03,2024-12-18,closed,2025-01-06,64,19,False,False,average_payer
INV16004653,B016,B016-C1182,Retail Client 182,Retail & Distribution,45,79640.78,2024-11-11,2024-12-26,closed,2025-01-01,51,6,False,False,average_payer
INV16004654,B016,B016-C1182,Retail Client 182,Retail & Distribution,45,41069.64,2024-11-23,2025-01-07,closed,2025-01-11,49,4,False,False,average_payer
INV16004655,B016,B016-C1182,Retail Client 182,Retail & Distribution,45,64303.77,2024-11-24,2025-01-08,closed,2024-12-27,33,-12,False,False,average_payer
INV16004656,B016,B016-C1182,Retail Client 182,Retail & Distribution,45,72134.02,2024-11-24,2025-01-08,closed,2025-01-16,53,8,False,False,average_payer
INV16004657,B016,B016-C1182,Retail Client 182,Retail & Distribution,45,43150.05,2024-12-03,2025-01-17,closed,2025-01-15,43,-2,False,False,average_payer
INV16004658,B016,B016-C1182,Retail Client 182,Retail & Distribution,45,65392.54,2024-12-09,2025-01-23,closed,2025-01-24,46,1,False,False,average_payer
INV16004659,B016,B016-C1182,Retail Client 182,Retail & Distribution,45,33754.02,2025-01-07,2025-02-21,closed,2025-02-18,42,-3,False,False,average_payer
INV16004660,B016,B016-C1182,Retail Client 182,Retail & Distribution,45,64275.18,2025-01-28,2025-03-14,closed,2025-03-18,49,4,False,False,average_payer
INV16004661,B016,B016-C1182,Retail Client 182,Retail & Distribution,45,55987.56,2025-02-18,2025-04-04,closed,2025-04-12,53,8,False,False,average_payer
INV16004662,B016,B016-C1182,Retail Client 182,Retail & Distribution,45,59101.53,2025-04-14,2025-05-29,closed,2025-06-03,50,5,False,False,average_payer
INV16004663,B016,B016-C1182,Retail Client 182,Retail & Distribution,45,53179.35,2025-05-06,2025-06-20,closed,2025-06-27,52,7,False,False,average_payer
INV16004664,B016,B016-C1182,Retail Client 182,Retail & Distribution,45,78928.79,2025-05-10,2025-06-24,closed,2025-06-30,51,6,False,False,average_payer
INV16004665,B016,B016-C1182,Retail Client 182,Retail & Distribution,45,111181.62,2025-05-29,2025-07-13,closed,2025-07-22,54,9,False,False,average_payer
INV16004666,B016,B016-C1182,Retail Client 182,Retail & Distribution,45,52098.28,2025-06-07,2025-07-22,closed,2025-08-05,59,14,False,False,average_payer
INV16004667,B016,B016-C1182,Retail Client 182,Retail & Distribution,45,26981.95,2025-07-15,2025-08-29,closed,2025-08-21,37,-8,False,False,average_payer
INV16004668,B016,B016-C1182,Retail Client 182,Retail & Distribution,45,36457.25,2025-07-19,2025-09-02,closed,2025-09-14,57,12,False,False,average_payer
INV16004669,B016,B016-C1182,Retail Client 182,Retail & Distribution,45,63648.85,2025-07-26,2025-09-09,closed,2025-08-31,36,-9,False,False,average_payer
INV16004670,B016,B016-C1182,Retail Client 182,Retail & Distribution,45,52847.58,2025-09-10,2025-10-25,closed,2025-10-23,43,-2,False,False,average_payer
INV16004671,B016,B016-C1182,Retail Client 182,Retail & Distribution,45,56033.44,2025-09-13,2025-10-28,closed,2025-11-04,52,7,False,False,average_payer
INV16004672,B016,B016-C1182,Retail Client 182,Retail & Distribution,45,71395.32,2025-10-16,2025-11-30,closed,2025-12-10,55,10,False,False,average_payer
INV16004673,B016,B016-C1182,Retail Client 182,Retail & Distribution,45,54166.54,2025-11-23,2026-01-07,closed,2026-01-18,56,11,False,False,average_payer
INV16004674,B016,B016-C1182,Retail Client 182,Retail & Distribution,45,66416.96,2025-11-27,2026-01-11,closed,2026-01-24,58,13,False,False,average_payer
INV16004675,B016,B016-C1182,Retail Client 182,Retail & Distribution,45,38528.18,2025-12-09,2026-01-23,closed,2026-02-02,55,10,False,False,average_payer
INV16004676,B016,B016-C1182,Retail Client 182,Retail & Distribution,45,51348.36,2025-12-14,2026-01-28,closed,2026-02-05,53,8,False,False,average_payer
INV16004677,B016,B016-C1182,Retail Client 182,Retail & Distribution,45,49053.69,2026-02-11,2026-03-28,closed,2026-04-04,52,7,False,False,average_payer
INV16004678,B016,B016-C1182,Retail Client 182,Retail & Distribution,45,61896.54,2026-02-15,2026-04-01,closed,2026-03-29,42,-3,False,False,average_payer
INV16004679,B016,B016-C1182,Retail Client 182,Retail & Distribution,45,45889.51,2026-03-17,2026-05-01,closed,2026-05-10,54,9,False,False,average_payer
INV16004680,B016,B016-C1182,Retail Client 182,Retail & Distribution,45,56314.52,2026-03-28,2026-05-12,closed,2026-05-19,52,7,False,False,average_payer
INV16004681,B016,B016-C1182,Retail Client 182,Retail & Distribution,45,55080.21,2026-03-31,2026-05-15,closed,2026-05-21,51,6,False,False,average_payer
INV16004682,B016,B016-C1182,Retail Client 182,Retail & Distribution,45,54910.93,2026-04-15,2026-05-30,closed,2026-06-02,48,3,False,False,average_payer
INV16004683,B016,B016-C1182,Retail Client 182,Retail & Distribution,45,46922.0,2026-04-19,2026-06-03,closed,2026-06-07,49,4,False,False,average_payer
INV16004684,B016,B016-C1182,Retail Client 182,Retail & Distribution,45,49174.23,2026-05-24,2026-07-08,closed,2026-07-11,48,3,False,False,average_payer
INV16004685,B016,B016-C1182,Retail Client 182,Retail & Distribution,45,94793.33,2026-07-14,2026-08-28,open,,,,False,False,average_payer
INV16004686,B016,B016-C1182,Retail Client 182,Retail & Distribution,45,45387.98,2026-08-18,2026-10-02,open,,,,False,False,average_payer
INV16004687,B016,B016-C1183,Metal Client 183,Metal & Engineering,60,43484.88,2024-03-21,2024-05-20,closed,2024-05-31,71,11,False,False,average_payer
INV16004688,B016,B016-C1183,Metal Client 183,Metal & Engineering,60,32052.99,2024-04-11,2024-06-10,closed,2024-06-05,55,-5,False,False,average_payer
INV16004689,B016,B016-C1183,Metal Client 183,Metal & Engineering,60,30276.76,2024-05-08,2024-07-07,closed,2024-07-09,62,2,False,False,average_payer
INV16004690,B016,B016-C1183,Metal Client 183,Metal & Engineering,60,27714.81,2024-05-11,2024-07-10,closed,2024-07-17,67,7,False,False,average_payer
INV16004691,B016,B016-C1183,Metal Client 183,Metal & Engineering,60,29867.24,2024-07-04,2024-09-02,closed,2024-09-06,64,4,False,False,average_payer
INV16004692,B016,B016-C1183,Metal Client 183,Metal & Engineering,60,65806.48,2024-07-13,2024-09-11,closed,2024-09-17,66,6,False,False,average_payer
INV16004693,B016,B016-C1183,Metal Client 183,Metal & Engineering,60,54616.82,2024-07-18,2024-09-16,closed,2024-10-02,76,16,False,False,average_payer
INV16004694,B016,B016-C1183,Metal Client 183,Metal & Engineering,60,58282.78,2024-08-30,2024-10-29,closed,2024-11-05,67,7,False,False,average_payer
INV16004695,B016,B016-C1183,Metal Client 183,Metal & Engineering,60,32832.37,2024-09-04,2024-11-03,closed,2024-11-18,75,15,False,False,average_payer
INV16004696,B016,B016-C1183,Metal Client 183,Metal & Engineering,60,20276.34,2024-12-24,2025-02-22,closed,2025-02-24,62,2,False,False,average_payer
INV16004697,B016,B016-C1183,Metal Client 183,Metal & Engineering,60,32380.49,2025-01-17,2025-03-18,closed,2025-03-22,64,4,False,False,average_payer
INV16004698,B016,B016-C1183,Metal Client 183,Metal & Engineering,60,30184.83,2025-01-31,2025-04-01,closed,2025-04-03,62,2,False,False,average_payer
INV16004699,B016,B016-C1183,Metal Client 183,Metal & Engineering,60,27423.24,2025-02-06,2025-04-07,closed,2025-04-01,54,-6,False,False,average_payer
INV16004700,B016,B016-C1183,Metal Client 183,Metal & Engineering,60,36171.2,2025-03-14,2025-05-13,closed,2025-05-14,61,1,False,False,average_payer
INV16004701,B016,B016-C1183,Metal Client 183,Metal & Engineering,60,32684.78,2025-04-09,2025-06-08,closed,2025-06-15,67,7,False,False,average_payer
INV16004702,B016,B016-C1183,Metal Client 183,Metal & Engineering,60,47944.37,2025-04-18,2025-06-17,closed,2025-06-22,65,5,False,False,average_payer
INV16004703,B016,B016-C1183,Metal Client 183,Metal & Engineering,60,21099.35,2025-06-15,2025-08-14,closed,2025-08-21,67,7,False,False,average_payer
INV16004704,B016,B016-C1183,Metal Client 183,Metal & Engineering,60,21644.91,2025-07-03,2025-09-01,closed,2025-09-04,63,3,False,False,average_payer
INV16004705,B016,B016-C1183,Metal Client 183,Metal & Engineering,60,33097.74,2025-07-06,2025-09-04,closed,2025-09-02,58,-2,False,False,average_payer
INV16004706,B016,B016-C1183,Metal Client 183,Metal & Engineering,60,38935.15,2025-07-20,2025-09-18,closed,2025-09-21,63,3,False,False,average_payer
INV16004707,B016,B016-C1183,Metal Client 183,Metal & Engineering,60,41572.37,2025-07-22,2025-09-20,closed,2025-09-26,66,6,False,False,average_payer
INV16004708,B016,B016-C1183,Metal Client 183,Metal & Engineering,60,32827.67,2025-08-03,2025-10-02,closed,2025-10-07,65,5,False,False,average_payer
INV16004709,B016,B016-C1183,Metal Client 183,Metal & Engineering,60,41072.17,2025-10-01,2025-11-30,closed,2025-12-13,73,13,False,False,average_payer
INV16004710,B016,B016-C1183,Metal Client 183,Metal & Engineering,60,28179.26,2025-10-04,2025-12-03,closed,2025-12-14,71,11,False,False,average_payer
INV16004711,B016,B016-C1183,Metal Client 183,Metal & Engineering,60,32023.6,2025-10-04,2025-12-03,closed,2025-12-02,59,-1,False,False,average_payer
INV16004712,B016,B016-C1183,Metal Client 183,Metal & Engineering,60,67145.47,2025-11-13,2026-01-12,closed,2026-01-10,58,-2,False,False,average_payer
INV16004713,B016,B016-C1183,Metal Client 183,Metal & Engineering,60,130631.49,2025-11-18,2026-01-17,closed,2026-01-20,63,3,False,True,average_payer
INV16004714,B016,B016-C1183,Metal Client 183,Metal & Engineering,60,39171.14,2026-01-12,2026-03-13,open,,,,False,False,average_payer
INV16004715,B016,B016-C1183,Metal Client 183,Metal & Engineering,60,29733.7,2026-01-19,2026-03-20,closed,2026-03-23,63,3,False,False,average_payer
INV16004716,B016,B016-C1183,Metal Client 183,Metal & Engineering,60,18600.56,2026-01-30,2026-03-31,closed,2026-04-04,64,4,False,False,average_payer
INV16004717,B016,B016-C1183,Metal Client 183,Metal & Engineering,60,29666.87,2026-02-01,2026-04-02,closed,2026-04-15,73,13,False,False,average_payer
INV16004718,B016,B016-C1183,Metal Client 183,Metal & Engineering,60,29528.46,2026-04-20,2026-06-19,closed,2026-06-19,60,0,False,False,average_payer
INV16004719,B016,B016-C1183,Metal Client 183,Metal & Engineering,60,29396.42,2026-06-12,2026-08-11,closed,2026-08-21,70,10,False,False,average_payer
INV16004720,B016,B016-C1183,Metal Client 183,Metal & Engineering,60,64009.36,2026-08-08,2026-10-07,open,,,,False,False,average_payer
INV16004721,B016,B016-C1183,Metal Client 183,Metal & Engineering,60,26565.35,2026-08-19,2026-10-18,open,,,,False,False,average_payer
INV16004722,B016,B016-C1183,Metal Client 183,Metal & Engineering,60,29783.14,2026-08-28,2026-10-27,open,,,,False,False,average_payer
INV16004723,B016,B016-C1183,Metal Client 183,Metal & Engineering,60,45066.22,2026-08-31,2026-10-30,disputed_open,,,,False,False,average_payer
INV16004724,B016,B016-C1183,Metal Client 183,Metal & Engineering,60,35405.28,2026-08-31,2026-10-30,open,,,,False,False,average_payer
INV16004725,B016,B016-C1184,Metal Client 184,Metal & Engineering,30,286744.29,2024-05-05,2024-06-04,closed,2024-06-04,30,0,False,False,prompt_payer
INV16004726,B016,B016-C1184,Metal Client 184,Metal & Engineering,30,528230.71,2024-06-11,2024-07-11,closed,2024-07-09,28,-2,False,False,prompt_payer
INV16004727,B016,B016-C1184,Metal Client 184,Metal & Engineering,30,356081.63,2024-06-20,2024-07-20,closed,2024-07-17,27,-3,False,False,prompt_payer
INV16004728,B016,B016-C1184,Metal Client 184,Metal & Engineering,30,294817.45,2024-10-13,2024-11-12,closed,2024-11-19,37,7,False,False,prompt_payer
INV16004729,B016,B016-C1184,Metal Client 184,Metal & Engineering,30,218396.66,2024-11-13,2024-12-13,closed,2024-12-12,29,-1,False,False,prompt_payer
INV16004730,B016,B016-C1184,Metal Client 184,Metal & Engineering,30,340988.8,2025-01-20,2025-02-19,closed,2025-02-18,29,-1,False,False,prompt_payer
INV16004731,B016,B016-C1184,Metal Client 184,Metal & Engineering,30,226844.46,2025-02-03,2025-03-05,closed,2025-03-02,27,-3,False,False,prompt_payer
INV16004732,B016,B016-C1184,Metal Client 184,Metal & Engineering,30,522779.75,2025-05-10,2025-06-09,closed,2025-06-10,31,1,False,False,prompt_payer
INV16004733,B016,B016-C1184,Metal Client 184,Metal & Engineering,30,1367724.88,2025-06-09,2025-07-09,closed,2025-07-10,31,1,False,True,prompt_payer
INV16004734,B016,B016-C1184,Metal Client 184,Metal & Engineering,30,485763.57,2025-06-20,2025-07-20,closed,2025-07-19,29,-1,False,False,prompt_payer
INV16004735,B016,B016-C1184,Metal Client 184,Metal & Engineering,30,279876.55,2025-06-28,2025-07-28,closed,2025-07-26,28,-2,False,False,prompt_payer
INV16004736,B016,B016-C1184,Metal Client 184,Metal & Engineering,30,267784.89,2025-07-08,2025-08-07,closed,2025-08-12,35,5,False,False,prompt_payer
INV16004737,B016,B016-C1184,Metal Client 184,Metal & Engineering,30,336022.45,2025-10-11,2025-11-10,closed,2025-11-11,31,1,False,False,prompt_payer
INV16004738,B016,B016-C1184,Metal Client 184,Metal & Engineering,30,396564.79,2025-10-13,2025-11-12,closed,2025-11-08,26,-4,False,False,prompt_payer
INV16004739,B016,B016-C1184,Metal Client 184,Metal & Engineering,30,356076.22,2026-03-17,2026-04-16,closed,2026-04-20,34,4,False,False,prompt_payer
INV16004740,B016,B016-C1184,Metal Client 184,Metal & Engineering,30,203244.36,2026-04-11,2026-05-11,closed,2026-05-06,25,-5,False,False,prompt_payer
INV16004741,B016,B016-C1184,Metal Client 184,Metal & Engineering,30,368284.11,2026-06-08,2026-07-08,closed,2026-07-06,28,-2,False,False,prompt_payer
INV16004742,B016,B016-C1184,Metal Client 184,Metal & Engineering,30,386565.75,2026-07-08,2026-08-07,closed,2026-08-08,31,1,False,False,prompt_payer
INV16004743,B016,B016-C1184,Metal Client 184,Metal & Engineering,30,162460.87,2026-07-31,2026-08-30,closed,2026-08-31,31,1,False,False,prompt_payer
INV16004744,B016,B016-C1184,Metal Client 184,Metal & Engineering,30,211293.97,2026-08-03,2026-09-02,closed,2026-09-02,30,0,False,False,prompt_payer
INV16004745,B016,B016-C1185,Retail Client 185,Retail & Distribution,45,237624.86,2024-03-26,2024-05-10,closed,2024-04-30,35,-10,False,False,cold_start
INV16004746,B016,B016-C1185,Retail Client 185,Retail & Distribution,45,946578.93,2024-12-03,2025-01-17,closed,2025-02-04,63,18,False,True,cold_start
INV16004747,B016,B016-C1185,Retail Client 185,Retail & Distribution,45,405860.62,2026-04-19,2026-06-03,closed,2026-06-10,52,7,False,False,cold_start
INV16004748,B016,B016-C1186,Chemicals Client 186,Chemicals & Plastics,45,101766.84,2024-03-22,2024-05-06,closed,2024-05-12,51,6,True,False,seasonal_payer
INV16004749,B016,B016-C1186,Chemicals Client 186,Chemicals & Plastics,45,84469.57,2024-04-22,2024-06-06,closed,2024-06-19,58,13,False,False,seasonal_payer
INV16004750,B016,B016-C1186,Chemicals Client 186,Chemicals & Plastics,45,48021.07,2024-05-05,2024-06-19,closed,2024-06-22,48,3,False,False,seasonal_payer
INV16004751,B016,B016-C1186,Chemicals Client 186,Chemicals & Plastics,45,39309.01,2024-05-21,2024-07-05,closed,2024-07-13,53,8,False,False,seasonal_payer
INV16004752,B016,B016-C1186,Chemicals Client 186,Chemicals & Plastics,45,59946.36,2024-06-11,2024-07-26,closed,2024-08-06,56,11,False,False,seasonal_payer
INV16004753,B016,B016-C1186,Chemicals Client 186,Chemicals & Plastics,45,75690.27,2024-07-03,2024-08-17,closed,2024-08-23,51,6,False,False,seasonal_payer
INV16004754,B016,B016-C1186,Chemicals Client 186,Chemicals & Plastics,45,72211.56,2024-07-12,2024-08-26,closed,2024-08-27,46,1,False,False,seasonal_payer
INV16004755,B016,B016-C1186,Chemicals Client 186,Chemicals & Plastics,45,109789.77,2024-08-03,2024-09-17,closed,2024-09-27,55,10,False,False,seasonal_payer
INV16004756,B016,B016-C1186,Chemicals Client 186,Chemicals & Plastics,45,76361.28,2024-08-22,2024-10-06,closed,2024-10-10,49,4,False,False,seasonal_payer
INV16004757,B016,B016-C1186,Chemicals Client 186,Chemicals & Plastics,45,72225.08,2024-08-30,2024-10-14,closed,2024-10-13,44,-1,False,False,seasonal_payer
INV16004758,B016,B016-C1186,Chemicals Client 186,Chemicals & Plastics,45,99466.16,2024-10-04,2024-11-18,closed,2024-12-01,58,13,False,False,seasonal_payer
INV16004759,B016,B016-C1186,Chemicals Client 186,Chemicals & Plastics,45,75358.51,2024-10-04,2024-11-18,closed,2024-11-26,53,8,False,False,seasonal_payer
INV16004760,B016,B016-C1186,Chemicals Client 186,Chemicals & Plastics,45,97764.18,2024-10-31,2024-12-15,closed,2024-12-21,51,6,False,False,seasonal_payer
INV16004761,B016,B016-C1186,Chemicals Client 186,Chemicals & Plastics,45,41406.07,2024-11-08,2024-12-23,closed,2025-01-04,57,12,False,False,seasonal_payer
INV16004762,B016,B016-C1186,Chemicals Client 186,Chemicals & Plastics,45,94704.85,2024-12-21,2025-02-04,closed,2025-02-17,58,13,False,False,seasonal_payer
INV16004763,B016,B016-C1186,Chemicals Client 186,Chemicals & Plastics,45,58083.67,2025-01-18,2025-03-04,closed,2025-03-18,59,14,False,False,seasonal_payer
INV16004764,B016,B016-C1186,Chemicals Client 186,Chemicals & Plastics,45,75882.74,2025-02-04,2025-03-21,closed,2025-03-30,54,9,False,False,seasonal_payer
INV16004765,B016,B016-C1186,Chemicals Client 186,Chemicals & Plastics,45,121581.93,2025-02-09,2025-03-26,closed,2025-04-05,55,10,False,False,seasonal_payer
INV16004766,B016,B016-C1186,Chemicals Client 186,Chemicals & Plastics,45,67942.47,2025-06-01,2025-07-16,closed,2025-07-30,59,14,False,False,seasonal_payer
INV16004767,B016,B016-C1186,Chemicals Client 186,Chemicals & Plastics,45,83838.11,2025-06-02,2025-07-17,closed,2025-07-24,52,7,False,False,seasonal_payer
INV16004768,B016,B016-C1186,Chemicals Client 186,Chemicals & Plastics,45,130333.52,2025-06-16,2025-07-31,closed,2025-08-12,57,12,False,False,seasonal_payer
INV16004769,B016,B016-C1186,Chemicals Client 186,Chemicals & Plastics,45,86476.69,2025-08-24,2025-10-08,closed,2025-10-14,51,6,False,False,seasonal_payer
INV16004770,B016,B016-C1186,Chemicals Client 186,Chemicals & Plastics,45,76893.5,2025-09-21,2025-11-05,closed,2025-11-08,48,3,False,False,seasonal_payer
INV16004771,B016,B016-C1186,Chemicals Client 186,Chemicals & Plastics,45,51383.88,2025-10-02,2025-11-16,closed,2025-12-02,61,16,False,False,seasonal_payer
INV16004772,B016,B016-C1186,Chemicals Client 186,Chemicals & Plastics,45,54563.0,2025-10-17,2025-12-01,closed,2025-12-15,59,14,False,False,seasonal_payer
INV16004773,B016,B016-C1186,Chemicals Client 186,Chemicals & Plastics,45,87015.21,2025-12-18,2026-02-01,closed,2026-02-06,50,5,False,False,seasonal_payer
INV16004774,B016,B016-C1186,Chemicals Client 186,Chemicals & Plastics,45,59073.61,2026-03-11,2026-04-25,closed,2026-05-11,61,16,False,False,seasonal_payer
INV16004775,B016,B016-C1186,Chemicals Client 186,Chemicals & Plastics,45,75095.58,2026-03-11,2026-04-25,closed,2026-04-29,49,4,False,False,seasonal_payer
INV16004776,B016,B016-C1186,Chemicals Client 186,Chemicals & Plastics,45,74862.62,2026-03-16,2026-04-30,closed,2026-05-18,63,18,False,False,seasonal_payer
INV16004777,B016,B016-C1186,Chemicals Client 186,Chemicals & Plastics,45,85332.15,2026-06-03,2026-07-18,closed,2026-07-17,44,-1,False,False,seasonal_payer
INV16004778,B016,B016-C1186,Chemicals Client 186,Chemicals & Plastics,45,36549.36,2026-07-14,2026-08-28,closed,2026-08-30,47,2,False,False,seasonal_payer
INV16004779,B016,B016-C1186,Chemicals Client 186,Chemicals & Plastics,45,70069.4,2026-07-31,2026-09-14,open,,,,False,False,seasonal_payer
INV16004780,B016,B016-C1186,Chemicals Client 186,Chemicals & Plastics,45,54237.9,2026-08-19,2026-10-03,disputed_open,,,,False,False,seasonal_payer
INV16004781,B016,B016-C1186,Chemicals Client 186,Chemicals & Plastics,45,74554.76,2026-08-23,2026-10-07,open,,,,False,False,seasonal_payer
INV16004782,B016,B016-C1187,Retail Client 187,Retail & Distribution,45,277936.6,2024-03-24,2024-05-08,closed,2024-05-27,64,19,False,False,average_payer
INV16004783,B016,B016-C1187,Retail Client 187,Retail & Distribution,45,220280.31,2024-03-29,2024-05-13,closed,2024-05-05,37,-8,False,False,average_payer
INV16004784,B016,B016-C1187,Retail Client 187,Retail & Distribution,45,188155.53,2024-04-15,2024-05-30,closed,2024-06-06,52,7,False,False,average_payer
INV16004785,B016,B016-C1187,Retail Client 187,Retail & Distribution,45,333713.19,2024-05-06,2024-06-20,closed,2024-06-28,53,8,False,False,average_payer
INV16004786,B016,B016-C1187,Retail Client 187,Retail & Distribution,45,246473.62,2024-07-19,2024-09-02,closed,2024-09-03,46,1,False,False,average_payer
INV16004787,B016,B016-C1187,Retail Client 187,Retail & Distribution,45,281839.86,2024-08-20,2024-10-04,closed,2024-10-07,48,3,False,False,average_payer
INV16004788,B016,B016-C1187,Retail Client 187,Retail & Distribution,45,417905.14,2024-08-26,2024-10-10,closed,2024-09-28,33,-12,False,False,average_payer
INV16004789,B016,B016-C1187,Retail Client 187,Retail & Distribution,45,271720.42,2024-09-02,2024-10-17,closed,2024-10-11,39,-6,True,False,average_payer
INV16004790,B016,B016-C1187,Retail Client 187,Retail & Distribution,45,197848.63,2024-09-06,2024-10-21,open,,,,False,False,average_payer
INV16004791,B016,B016-C1187,Retail Client 187,Retail & Distribution,45,131330.03,2024-09-17,2024-11-01,closed,2024-10-26,39,-6,False,False,average_payer
INV16004792,B016,B016-C1187,Retail Client 187,Retail & Distribution,45,249413.54,2024-11-19,2025-01-03,closed,2025-01-10,52,7,True,False,average_payer
INV16004793,B016,B016-C1187,Retail Client 187,Retail & Distribution,45,170159.57,2024-12-22,2025-02-05,closed,2025-02-07,47,2,False,False,average_payer
INV16004794,B016,B016-C1187,Retail Client 187,Retail & Distribution,45,283157.39,2025-03-25,2025-05-09,closed,2025-05-21,57,12,False,False,average_payer
INV16004795,B016,B016-C1187,Retail Client 187,Retail & Distribution,45,225247.62,2025-03-31,2025-05-15,closed,2025-05-15,45,0,False,False,average_payer
INV16004796,B016,B016-C1187,Retail Client 187,Retail & Distribution,45,274390.93,2025-06-17,2025-08-01,closed,2025-08-09,53,8,False,False,average_payer
INV16004797,B016,B016-C1187,Retail Client 187,Retail & Distribution,45,144102.46,2025-07-11,2025-08-25,closed,2025-09-01,52,7,False,False,average_payer
INV16004798,B016,B016-C1187,Retail Client 187,Retail & Distribution,45,193128.44,2025-08-17,2025-10-01,closed,2025-10-09,53,8,False,False,average_payer
INV16004799,B016,B016-C1187,Retail Client 187,Retail & Distribution,45,258205.41,2025-09-25,2025-11-09,closed,2025-11-25,61,16,False,False,average_payer
INV16004800,B016,B016-C1187,Retail Client 187,Retail & Distribution,45,188622.95,2025-11-09,2025-12-24,closed,2025-12-30,51,6,False,False,average_payer
INV16004801,B016,B016-C1187,Retail Client 187,Retail & Distribution,45,247029.34,2025-12-17,2026-01-31,closed,2026-02-06,51,6,False,False,average_payer
INV16004802,B016,B016-C1187,Retail Client 187,Retail & Distribution,45,190780.2,2026-02-12,2026-03-29,closed,2026-04-06,53,8,False,False,average_payer
INV16004803,B016,B016-C1187,Retail Client 187,Retail & Distribution,45,178181.58,2026-02-16,2026-04-02,closed,2026-04-02,45,0,False,False,average_payer
INV16004804,B016,B016-C1187,Retail Client 187,Retail & Distribution,45,307338.72,2026-02-26,2026-04-12,closed,2026-04-11,44,-1,False,False,average_payer
INV16004805,B016,B016-C1187,Retail Client 187,Retail & Distribution,45,309743.3,2026-03-15,2026-04-29,closed,2026-05-03,49,4,False,False,average_payer
INV16004806,B016,B016-C1187,Retail Client 187,Retail & Distribution,45,170117.52,2026-04-10,2026-05-25,closed,2026-05-29,49,4,False,False,average_payer
INV16004807,B016,B016-C1187,Retail Client 187,Retail & Distribution,45,210863.71,2026-04-26,2026-06-10,closed,2026-06-23,58,13,False,False,average_payer
INV16004808,B016,B016-C1187,Retail Client 187,Retail & Distribution,45,429634.44,2026-05-26,2026-07-10,closed,2026-07-22,57,12,False,False,average_payer
INV16004809,B016,B016-C1187,Retail Client 187,Retail & Distribution,45,145850.42,2026-06-16,2026-07-31,closed,2026-08-02,47,2,False,False,average_payer
INV16004810,B016,B016-C1187,Retail Client 187,Retail & Distribution,45,134302.31,2026-06-26,2026-08-10,closed,2026-08-11,46,1,False,False,average_payer
INV16004811,B016,B016-C1187,Retail Client 187,Retail & Distribution,45,234332.54,2026-07-09,2026-08-23,closed,2026-08-22,44,-1,False,False,average_payer
INV16004812,B016,B016-C1187,Retail Client 187,Retail & Distribution,45,150145.73,2026-07-12,2026-08-26,closed,2026-08-16,35,-10,False,False,average_payer
INV16004813,B016,B016-C1187,Retail Client 187,Retail & Distribution,45,155717.24,2026-08-16,2026-09-30,disputed_open,,,,False,False,average_payer
INV16004814,B016,B016-C1188,IT Client 188,IT & Business Services,15,80889.34,2024-03-31,2024-04-15,closed,2024-04-21,21,6,False,False,average_payer
INV16004815,B016,B016-C1188,IT Client 188,IT & Business Services,15,112198.31,2024-04-03,2024-04-18,closed,2024-05-02,29,14,False,False,average_payer
INV16004816,B016,B016-C1188,IT Client 188,IT & Business Services,15,98555.84,2024-05-13,2024-05-28,closed,2024-05-29,16,1,False,False,average_payer
INV16004817,B016,B016-C1188,IT Client 188,IT & Business Services,15,94868.76,2024-10-17,2024-11-01,closed,2024-11-04,18,3,False,False,average_payer
INV16004818,B016,B016-C1188,IT Client 188,IT & Business Services,15,110305.82,2024-10-28,2024-11-12,closed,2024-11-16,19,4,False,False,average_payer
INV16004819,B016,B016-C1188,IT Client 188,IT & Business Services,15,106466.2,2024-11-13,2024-11-28,closed,2024-12-09,26,11,False,False,average_payer
INV16004820,B016,B016-C1188,IT Client 188,IT & Business Services,15,56961.64,2024-12-13,2024-12-28,closed,2025-01-10,28,13,False,False,average_payer
INV16004821,B016,B016-C1188,IT Client 188,IT & Business Services,15,84722.27,2024-12-18,2025-01-02,closed,2025-01-05,18,3,False,False,average_payer
INV16004822,B016,B016-C1188,IT Client 188,IT & Business Services,15,118994.12,2024-12-24,2025-01-08,closed,2025-01-16,23,8,False,False,average_payer
INV16004823,B016,B016-C1188,IT Client 188,IT & Business Services,15,123043.44,2025-01-18,2025-02-02,closed,2025-02-04,17,2,False,False,average_payer
INV16004824,B016,B016-C1188,IT Client 188,IT & Business Services,15,72649.75,2025-01-29,2025-02-13,closed,2025-02-16,18,3,False,False,average_payer
INV16004825,B016,B016-C1188,IT Client 188,IT & Business Services,15,92550.6,2025-01-29,2025-02-13,closed,2025-02-25,27,12,False,False,average_payer
INV16004826,B016,B016-C1188,IT Client 188,IT & Business Services,15,102778.4,2025-03-15,2025-03-30,closed,2025-04-08,24,9,False,False,average_payer
INV16004827,B016,B016-C1188,IT Client 188,IT & Business Services,15,51920.8,2025-05-03,2025-05-18,closed,2025-05-17,14,-1,False,False,average_payer
INV16004828,B016,B016-C1188,IT Client 188,IT & Business Services,15,83276.42,2025-05-16,2025-05-31,closed,2025-06-15,30,15,False,False,average_payer
INV16004829,B016,B016-C1188,IT Client 188,IT & Business Services,15,78686.22,2025-06-02,2025-06-17,closed,2025-06-19,17,2,False,False,average_payer
INV16004830,B016,B016-C1188,IT Client 188,IT & Business Services,15,72158.67,2025-07-09,2025-07-24,closed,2025-08-10,32,17,False,False,average_payer
INV16004831,B016,B016-C1188,IT Client 188,IT & Business Services,15,105026.62,2025-07-16,2025-07-31,closed,2025-08-04,19,4,False,False,average_payer
INV16004832,B016,B016-C1188,IT Client 188,IT & Business Services,15,89293.99,2025-09-08,2025-09-23,closed,2025-09-25,17,2,False,False,average_payer
INV16004833,B016,B016-C1188,IT Client 188,IT & Business Services,15,64411.33,2025-10-28,2025-11-12,closed,2025-11-18,21,6,False,False,average_payer
INV16004834,B016,B016-C1188,IT Client 188,IT & Business Services,15,130209.19,2025-11-13,2025-11-28,closed,2025-12-10,27,12,False,False,average_payer
INV16004835,B016,B016-C1188,IT Client 188,IT & Business Services,15,127247.68,2025-12-11,2025-12-26,closed,2026-01-01,21,6,False,False,average_payer
INV16004836,B016,B016-C1188,IT Client 188,IT & Business Services,15,96188.83,2025-12-28,2026-01-12,closed,2026-01-09,12,-3,True,False,average_payer
INV16004837,B016,B016-C1188,IT Client 188,IT & Business Services,15,66562.83,2026-01-17,2026-02-01,closed,2026-02-02,16,1,False,False,average_payer
INV16004838,B016,B016-C1188,IT Client 188,IT & Business Services,15,120341.79,2026-01-29,2026-02-13,closed,2026-02-16,18,3,False,False,average_payer
INV16004839,B016,B016-C1188,IT Client 188,IT & Business Services,15,80984.45,2026-02-25,2026-03-12,closed,2026-03-14,17,2,True,False,average_payer
INV16004840,B016,B016-C1188,IT Client 188,IT & Business Services,15,156264.66,2026-03-22,2026-04-06,closed,2026-04-02,11,-4,False,False,average_payer
INV16004841,B016,B016-C1188,IT Client 188,IT & Business Services,15,90369.07,2026-04-12,2026-04-27,closed,2026-04-24,12,-3,False,False,average_payer
INV16004842,B016,B016-C1188,IT Client 188,IT & Business Services,15,139472.02,2026-07-04,2026-07-19,closed,2026-07-28,24,9,False,False,average_payer
INV16004843,B016,B016-C1189,FMCG Client 189,FMCG & Food Processing,30,22835.14,2024-04-06,2024-05-06,closed,2024-06-05,60,30,False,False,chronic_late_payer
INV16004844,B016,B016-C1189,FMCG Client 189,FMCG & Food Processing,30,30153.39,2024-04-24,2024-05-24,closed,2024-06-18,55,25,False,False,chronic_late_payer
INV16004845,B016,B016-C1189,FMCG Client 189,FMCG & Food Processing,30,13859.79,2024-05-21,2024-06-20,closed,2024-07-04,44,14,False,False,chronic_late_payer
INV16004846,B016,B016-C1189,FMCG Client 189,FMCG & Food Processing,30,21573.04,2024-05-28,2024-06-27,closed,2024-07-11,44,14,False,False,chronic_late_payer
INV16004847,B016,B016-C1189,FMCG Client 189,FMCG & Food Processing,30,15366.24,2024-08-07,2024-09-06,closed,2024-09-25,49,19,False,False,chronic_late_payer
INV16004848,B016,B016-C1189,FMCG Client 189,FMCG & Food Processing,30,34384.59,2024-12-12,2025-01-11,closed,2025-02-12,62,32,False,False,chronic_late_payer
INV16004849,B016,B016-C1189,FMCG Client 189,FMCG & Food Processing,30,13437.79,2025-05-10,2025-06-09,closed,2025-07-16,67,37,False,False,chronic_late_payer
INV16004850,B016,B016-C1189,FMCG Client 189,FMCG & Food Processing,30,21812.11,2025-05-19,2025-06-18,closed,2025-07-24,66,36,False,False,chronic_late_payer
INV16004851,B016,B016-C1189,FMCG Client 189,FMCG & Food Processing,30,103900.61,2025-07-03,2025-08-02,closed,2025-08-31,59,29,False,True,chronic_late_payer
INV16004852,B016,B016-C1189,FMCG Client 189,FMCG & Food Processing,30,11730.8,2025-08-02,2025-09-01,closed,2025-10-11,70,40,False,False,chronic_late_payer
INV16004853,B016,B016-C1189,FMCG Client 189,FMCG & Food Processing,30,19576.1,2025-10-20,2025-11-19,closed,2025-12-16,57,27,False,False,chronic_late_payer
INV16004854,B016,B016-C1189,FMCG Client 189,FMCG & Food Processing,30,126705.19,2025-12-03,2026-01-02,open,,,,False,True,chronic_late_payer
INV16004855,B016,B016-C1189,FMCG Client 189,FMCG & Food Processing,30,28307.74,2025-12-12,2026-01-11,closed,2026-01-25,44,14,False,False,chronic_late_payer
INV16004856,B016,B016-C1189,FMCG Client 189,FMCG & Food Processing,30,20777.26,2026-01-25,2026-02-24,closed,2026-03-28,62,32,False,False,chronic_late_payer
INV16004857,B016,B016-C1189,FMCG Client 189,FMCG & Food Processing,30,18901.78,2026-04-13,2026-05-13,closed,2026-06-02,50,20,False,False,chronic_late_payer
INV16004858,B016,B016-C1189,FMCG Client 189,FMCG & Food Processing,30,16477.35,2026-04-17,2026-05-17,closed,2026-06-19,63,33,False,False,chronic_late_payer
INV16004859,B016,B016-C1189,FMCG Client 189,FMCG & Food Processing,30,13966.9,2026-07-10,2026-08-09,open,,,,False,False,chronic_late_payer
INV16004860,B016,B016-C1190,Metal Client 190,Metal & Engineering,15,105880.1,2024-05-10,2024-05-25,closed,2024-06-13,34,19,False,False,erratic_payer
INV16004861,B016,B016-C1190,Metal Client 190,Metal & Engineering,15,119480.75,2024-07-28,2024-08-12,closed,2024-09-30,64,49,False,False,erratic_payer
INV16004862,B016,B016-C1190,Metal Client 190,Metal & Engineering,15,90880.86,2024-08-25,2024-09-09,closed,2024-09-02,8,-7,False,False,erratic_payer
INV16004863,B016,B016-C1190,Metal Client 190,Metal & Engineering,15,125521.09,2024-10-29,2024-11-13,closed,2024-11-12,14,-1,False,False,erratic_payer
INV16004864,B016,B016-C1190,Metal Client 190,Metal & Engineering,15,65427.81,2025-06-28,2025-07-13,closed,2025-10-29,123,108,False,False,erratic_payer
INV16004865,B016,B016-C1190,Metal Client 190,Metal & Engineering,15,103512.81,2025-07-07,2025-07-22,closed,2025-08-04,28,13,False,False,erratic_payer
INV16004866,B016,B016-C1190,Metal Client 190,Metal & Engineering,15,222860.2,2025-07-29,2025-08-13,closed,2025-08-24,26,11,False,True,erratic_payer
INV16004867,B016,B016-C1190,Metal Client 190,Metal & Engineering,15,102036.5,2025-07-30,2025-08-14,closed,2025-08-13,14,-1,False,False,erratic_payer
INV16004868,B016,B016-C1190,Metal Client 190,Metal & Engineering,15,127033.92,2025-08-10,2025-08-25,closed,2025-08-11,1,-14,False,False,erratic_payer
INV16004869,B016,B016-C1190,Metal Client 190,Metal & Engineering,15,311558.89,2025-09-10,2025-09-25,closed,2025-10-02,22,7,False,True,erratic_payer
INV16004870,B016,B016-C1190,Metal Client 190,Metal & Engineering,15,69267.56,2025-11-04,2025-11-19,closed,2026-02-01,89,74,True,False,erratic_payer
INV16004871,B016,B016-C1190,Metal Client 190,Metal & Engineering,15,285590.95,2025-12-04,2025-12-19,open,,,,False,True,erratic_payer
INV16004872,B016,B016-C1190,Metal Client 190,Metal & Engineering,15,157520.39,2025-12-30,2026-01-14,closed,2026-03-29,89,74,False,False,erratic_payer
INV16004873,B016,B016-C1190,Metal Client 190,Metal & Engineering,15,114527.6,2026-01-03,2026-01-18,closed,2026-01-25,22,7,False,False,erratic_payer
INV16004874,B016,B016-C1190,Metal Client 190,Metal & Engineering,15,75363.16,2026-01-15,2026-01-30,closed,2026-02-12,28,13,False,False,erratic_payer
INV16004875,B016,B016-C1190,Metal Client 190,Metal & Engineering,15,83788.49,2026-03-14,2026-03-29,closed,2026-04-10,27,12,False,False,erratic_payer
INV16004876,B016,B016-C1190,Metal Client 190,Metal & Engineering,15,102234.89,2026-03-23,2026-04-07,closed,2026-04-12,20,5,False,False,erratic_payer
INV16004877,B016,B016-C1190,Metal Client 190,Metal & Engineering,15,111383.99,2026-05-09,2026-05-24,closed,2026-05-31,22,7,False,False,erratic_payer
INV16004878,B016,B016-C1190,Metal Client 190,Metal & Engineering,15,60249.06,2026-07-24,2026-08-08,closed,2026-08-11,18,3,False,False,erratic_payer
INV16004879,B016,B016-C1191,Retail Client 191,Retail & Distribution,30,127618.36,2024-03-20,2024-04-19,closed,2024-05-15,56,26,False,False,improving_payer
INV16004880,B016,B016-C1191,Retail Client 191,Retail & Distribution,30,80928.05,2024-04-19,2024-05-19,closed,2024-06-13,55,25,False,False,improving_payer
INV16004881,B016,B016-C1191,Retail Client 191,Retail & Distribution,30,75598.41,2024-04-27,2024-05-27,closed,2024-06-28,62,32,False,False,improving_payer
INV16004882,B016,B016-C1191,Retail Client 191,Retail & Distribution,30,445514.62,2024-05-04,2024-06-03,closed,2024-07-17,74,44,True,True,improving_payer
INV16004883,B016,B016-C1191,Retail Client 191,Retail & Distribution,30,98250.96,2024-05-07,2024-06-06,closed,2024-07-10,64,34,False,False,improving_payer
INV16004884,B016,B016-C1191,Retail Client 191,Retail & Distribution,30,88426.5,2024-05-16,2024-06-15,closed,2024-07-15,60,30,False,False,improving_payer
INV16004885,B016,B016-C1191,Retail Client 191,Retail & Distribution,30,97837.85,2024-05-31,2024-06-30,closed,2024-08-10,71,41,False,False,improving_payer
INV16004886,B016,B016-C1191,Retail Client 191,Retail & Distribution,30,73240.93,2024-06-12,2024-07-12,closed,2024-09-05,85,55,False,False,improving_payer
INV16004887,B016,B016-C1191,Retail Client 191,Retail & Distribution,30,92547.88,2024-06-20,2024-07-20,closed,2024-08-07,48,18,False,False,improving_payer
INV16004888,B016,B016-C1191,Retail Client 191,Retail & Distribution,30,134420.35,2024-08-07,2024-09-06,closed,2024-10-03,57,27,False,False,improving_payer
INV16004889,B016,B016-C1191,Retail Client 191,Retail & Distribution,30,108345.07,2024-08-13,2024-09-12,closed,2024-10-17,65,35,False,False,improving_payer
INV16004890,B016,B016-C1191,Retail Client 191,Retail & Distribution,30,144974.46,2024-08-23,2024-09-22,closed,2024-10-16,54,24,False,False,improving_payer
INV16004891,B016,B016-C1191,Retail Client 191,Retail & Distribution,30,95432.37,2024-09-05,2024-10-05,closed,2024-11-05,61,31,False,False,improving_payer
INV16004892,B016,B016-C1191,Retail Client 191,Retail & Distribution,30,133419.95,2024-09-18,2024-10-18,closed,2024-11-15,58,28,False,False,improving_payer
INV16004893,B016,B016-C1191,Retail Client 191,Retail & Distribution,30,49483.17,2024-09-26,2024-10-26,closed,2024-11-13,48,18,False,False,improving_payer
INV16004894,B016,B016-C1191,Retail Client 191,Retail & Distribution,30,97898.05,2024-10-15,2024-11-14,closed,2024-11-23,39,9,False,False,improving_payer
INV16004895,B016,B016-C1191,Retail Client 191,Retail & Distribution,30,141398.08,2024-11-19,2024-12-19,closed,2025-01-23,65,35,False,False,improving_payer
INV16004896,B016,B016-C1191,Retail Client 191,Retail & Distribution,30,118681.71,2025-01-10,2025-02-09,closed,2025-03-04,53,23,False,False,improving_payer
INV16004897,B016,B016-C1191,Retail Client 191,Retail & Distribution,30,73941.95,2025-01-24,2025-02-23,closed,2025-03-20,55,25,False,False,improving_payer
INV16004898,B016,B016-C1191,Retail Client 191,Retail & Distribution,30,90759.39,2025-06-01,2025-07-01,closed,2025-07-10,39,9,False,False,improving_payer
INV16004899,B016,B016-C1191,Retail Client 191,Retail & Distribution,30,121830.89,2025-06-03,2025-07-03,closed,2025-08-03,61,31,False,False,improving_payer
INV16004900,B016,B016-C1191,Retail Client 191,Retail & Distribution,30,66038.57,2025-06-22,2025-07-22,closed,2025-08-12,51,21,False,False,improving_payer
INV16004901,B016,B016-C1191,Retail Client 191,Retail & Distribution,30,72362.32,2025-07-24,2025-08-23,closed,2025-08-22,29,-1,False,False,improving_payer
INV16004902,B016,B016-C1191,Retail Client 191,Retail & Distribution,30,102301.96,2025-08-08,2025-09-07,closed,2025-09-09,32,2,False,False,improving_payer
INV16004903,B016,B016-C1191,Retail Client 191,Retail & Distribution,30,63142.58,2025-11-16,2025-12-16,closed,2026-01-10,55,25,False,False,improving_payer
INV16004904,B016,B016-C1191,Retail Client 191,Retail & Distribution,30,104475.69,2025-12-30,2026-01-29,closed,2026-02-25,57,27,False,False,improving_payer
INV16004905,B016,B016-C1191,Retail Client 191,Retail & Distribution,30,88249.94,2026-02-10,2026-03-12,closed,2026-04-12,61,31,False,False,improving_payer
INV16004906,B016,B016-C1191,Retail Client 191,Retail & Distribution,30,64565.49,2026-02-13,2026-03-15,closed,2026-03-31,46,16,False,False,improving_payer
INV16004907,B016,B016-C1191,Retail Client 191,Retail & Distribution,30,69349.03,2026-03-17,2026-04-16,closed,2026-04-27,41,11,False,False,improving_payer
INV16004908,B016,B016-C1191,Retail Client 191,Retail & Distribution,30,399377.81,2026-04-08,2026-05-08,closed,2026-05-04,26,-4,False,True,improving_payer
INV16004909,B016,B016-C1191,Retail Client 191,Retail & Distribution,30,140859.45,2026-04-08,2026-05-08,closed,2026-05-06,28,-2,False,False,improving_payer
INV16004910,B016,B016-C1191,Retail Client 191,Retail & Distribution,30,78544.4,2026-05-15,2026-06-14,closed,2026-06-12,28,-2,False,False,improving_payer
INV16004911,B016,B016-C1191,Retail Client 191,Retail & Distribution,30,139867.28,2026-05-17,2026-06-16,closed,2026-06-11,25,-5,False,False,improving_payer
INV16004912,B016,B016-C1191,Retail Client 191,Retail & Distribution,30,58770.09,2026-06-14,2026-07-14,closed,2026-07-09,25,-5,False,False,improving_payer
INV16004913,B016,B016-C1192,Metal Client 192,Metal & Engineering,45,114993.24,2024-03-30,2024-05-14,closed,2024-05-26,57,12,False,False,deteriorating_payer
INV16004914,B016,B016-C1192,Metal Client 192,Metal & Engineering,45,86961.19,2024-05-12,2024-06-26,closed,2024-06-24,43,-2,False,False,deteriorating_payer
INV16004915,B016,B016-C1192,Metal Client 192,Metal & Engineering,45,128707.09,2024-05-19,2024-07-03,closed,2024-07-22,64,19,False,False,deteriorating_payer
INV16004916,B016,B016-C1192,Metal Client 192,Metal & Engineering,45,194604.54,2024-05-20,2024-07-04,closed,2024-07-02,43,-2,True,False,deteriorating_payer
INV16004917,B016,B016-C1192,Metal Client 192,Metal & Engineering,45,160519.03,2024-06-26,2024-08-10,closed,2024-08-23,58,13,False,False,deteriorating_payer
INV16004918,B016,B016-C1192,Metal Client 192,Metal & Engineering,45,132252.6,2024-08-27,2024-10-11,closed,2024-10-09,43,-2,False,False,deteriorating_payer
INV16004919,B016,B016-C1192,Metal Client 192,Metal & Engineering,45,86491.41,2024-08-27,2024-10-11,closed,2024-10-09,43,-2,False,False,deteriorating_payer
INV16004920,B016,B016-C1192,Metal Client 192,Metal & Engineering,45,166196.66,2024-09-01,2024-10-16,closed,2024-11-07,67,22,False,False,deteriorating_payer
INV16004921,B016,B016-C1192,Metal Client 192,Metal & Engineering,45,120390.61,2024-09-28,2024-11-12,closed,2024-12-11,74,29,False,False,deteriorating_payer
INV16004922,B016,B016-C1192,Metal Client 192,Metal & Engineering,45,753136.21,2024-10-01,2024-11-15,closed,2024-12-12,72,27,False,True,deteriorating_payer
INV16004923,B016,B016-C1192,Metal Client 192,Metal & Engineering,45,140610.8,2024-10-07,2024-11-21,closed,2024-12-21,75,30,False,False,deteriorating_payer
INV16004924,B016,B016-C1192,Metal Client 192,Metal & Engineering,45,131578.31,2024-10-16,2024-11-30,closed,2024-12-06,51,6,False,False,deteriorating_payer
INV16004925,B016,B016-C1192,Metal Client 192,Metal & Engineering,45,140189.44,2024-10-31,2024-12-15,closed,2024-12-13,43,-2,False,False,deteriorating_payer
INV16004926,B016,B016-C1192,Metal Client 192,Metal & Engineering,45,97945.85,2024-11-07,2024-12-22,closed,2025-01-17,71,26,False,False,deteriorating_payer
INV16004927,B016,B016-C1192,Metal Client 192,Metal & Engineering,45,89725.43,2024-12-20,2025-02-03,closed,2025-02-22,64,19,False,False,deteriorating_payer
INV16004928,B016,B016-C1192,Metal Client 192,Metal & Engineering,45,202592.36,2025-01-08,2025-02-22,closed,2025-02-20,43,-2,False,False,deteriorating_payer
INV16004929,B016,B016-C1192,Metal Client 192,Metal & Engineering,45,69334.41,2025-01-28,2025-03-14,closed,2025-03-29,60,15,False,False,deteriorating_payer
INV16004930,B016,B016-C1192,Metal Client 192,Metal & Engineering,45,121582.5,2025-02-24,2025-04-10,closed,2025-04-25,60,15,False,False,deteriorating_payer
INV16004931,B016,B016-C1192,Metal Client 192,Metal & Engineering,45,158548.29,2025-02-28,2025-04-14,closed,2025-05-19,80,35,False,False,deteriorating_payer
INV16004932,B016,B016-C1192,Metal Client 192,Metal & Engineering,45,125950.54,2025-03-18,2025-05-02,closed,2025-06-02,76,31,False,False,deteriorating_payer
INV16004933,B016,B016-C1192,Metal Client 192,Metal & Engineering,45,131268.79,2025-03-21,2025-05-05,closed,2025-05-29,69,24,False,False,deteriorating_payer
INV16004934,B016,B016-C1192,Metal Client 192,Metal & Engineering,45,144199.48,2025-03-22,2025-05-06,closed,2025-06-12,82,37,False,False,deteriorating_payer
INV16004935,B016,B016-C1192,Metal Client 192,Metal & Engineering,45,126363.72,2025-03-23,2025-05-07,closed,2025-05-30,68,23,False,False,deteriorating_payer
INV16004936,B016,B016-C1192,Metal Client 192,Metal & Engineering,45,179788.17,2025-03-27,2025-05-11,closed,2025-06-15,80,35,False,False,deteriorating_payer
INV16004937,B016,B016-C1192,Metal Client 192,Metal & Engineering,45,290745.59,2025-04-18,2025-06-02,closed,2025-06-12,55,10,False,False,deteriorating_payer
INV16004938,B016,B016-C1192,Metal Client 192,Metal & Engineering,45,699647.07,2025-04-27,2025-06-11,closed,2025-06-09,43,-2,False,True,deteriorating_payer
INV16004939,B016,B016-C1192,Metal Client 192,Metal & Engineering,45,171669.99,2025-04-30,2025-06-14,closed,2025-07-06,67,22,False,False,deteriorating_payer
INV16004940,B016,B016-C1192,Metal Client 192,Metal & Engineering,45,104619.07,2025-04-30,2025-06-14,closed,2025-07-23,84,39,False,False,deteriorating_payer
INV16004941,B016,B016-C1192,Metal Client 192,Metal & Engineering,45,174141.64,2025-05-07,2025-06-21,closed,2025-07-06,60,15,False,False,deteriorating_payer
INV16004942,B016,B016-C1192,Metal Client 192,Metal & Engineering,45,113852.56,2025-05-15,2025-06-29,closed,2025-07-16,62,17,False,False,deteriorating_payer
INV16004943,B016,B016-C1192,Metal Client 192,Metal & Engineering,45,172245.63,2025-05-28,2025-07-12,closed,2025-08-14,78,33,False,False,deteriorating_payer
INV16004944,B016,B016-C1192,Metal Client 192,Metal & Engineering,45,183394.99,2025-06-11,2025-07-26,closed,2025-08-28,78,33,False,False,deteriorating_payer
INV16004945,B016,B016-C1192,Metal Client 192,Metal & Engineering,45,103670.67,2025-06-15,2025-07-30,closed,2025-09-08,85,40,False,False,deteriorating_payer
INV16004946,B016,B016-C1192,Metal Client 192,Metal & Engineering,45,133393.13,2025-07-20,2025-09-03,closed,2025-09-15,57,12,False,False,deteriorating_payer
INV16004947,B016,B016-C1192,Metal Client 192,Metal & Engineering,45,209438.15,2025-09-19,2025-11-03,closed,2025-12-25,97,52,False,False,deteriorating_payer
INV16004948,B016,B016-C1192,Metal Client 192,Metal & Engineering,45,102918.9,2025-10-04,2025-11-18,closed,2025-11-23,50,5,False,False,deteriorating_payer
INV16004949,B016,B016-C1192,Metal Client 192,Metal & Engineering,45,693508.75,2025-10-04,2025-11-18,closed,2025-12-19,76,31,False,True,deteriorating_payer
INV16004950,B016,B016-C1192,Metal Client 192,Metal & Engineering,45,224141.18,2025-10-06,2025-11-20,closed,2026-01-11,97,52,False,False,deteriorating_payer
INV16004951,B016,B016-C1192,Metal Client 192,Metal & Engineering,45,139951.0,2025-10-29,2025-12-13,closed,2026-01-14,77,32,False,False,deteriorating_payer
INV16004952,B016,B016-C1192,Metal Client 192,Metal & Engineering,45,111114.31,2025-11-19,2026-01-03,closed,2026-02-02,75,30,False,False,deteriorating_payer
INV16004953,B016,B016-C1192,Metal Client 192,Metal & Engineering,45,275934.81,2025-11-29,2026-01-13,closed,2026-02-05,68,23,False,False,deteriorating_payer
INV16004954,B016,B016-C1192,Metal Client 192,Metal & Engineering,45,136170.59,2025-12-06,2026-01-20,closed,2026-02-15,71,26,False,False,deteriorating_payer
INV16004955,B016,B016-C1192,Metal Client 192,Metal & Engineering,45,118440.02,2025-12-09,2026-01-23,closed,2026-04-03,115,70,False,False,deteriorating_payer
INV16004956,B016,B016-C1192,Metal Client 192,Metal & Engineering,45,77053.07,2026-01-12,2026-02-26,closed,2026-04-11,89,44,False,False,deteriorating_payer
INV16004957,B016,B016-C1192,Metal Client 192,Metal & Engineering,45,103914.96,2026-01-26,2026-03-12,closed,2026-04-09,73,28,False,False,deteriorating_payer
INV16004958,B016,B016-C1192,Metal Client 192,Metal & Engineering,45,144686.23,2026-03-29,2026-05-13,closed,2026-06-15,78,33,False,False,deteriorating_payer
INV16004959,B016,B016-C1192,Metal Client 192,Metal & Engineering,45,174483.58,2026-04-28,2026-06-12,closed,2026-07-27,90,45,False,False,deteriorating_payer
INV16004960,B016,B016-C1192,Metal Client 192,Metal & Engineering,45,156674.11,2026-05-05,2026-06-19,closed,2026-07-20,76,31,False,False,deteriorating_payer
INV16004961,B016,B016-C1192,Metal Client 192,Metal & Engineering,45,268524.24,2026-05-26,2026-07-10,closed,2026-08-13,79,34,False,True,deteriorating_payer
INV16004962,B016,B016-C1192,Metal Client 192,Metal & Engineering,45,123646.72,2026-06-30,2026-08-14,closed,2026-08-21,52,7,False,False,deteriorating_payer
INV16004963,B016,B016-C1192,Metal Client 192,Metal & Engineering,45,395637.53,2026-07-20,2026-09-03,open,,,,False,True,deteriorating_payer
INV16004964,B016,B016-C1192,Metal Client 192,Metal & Engineering,45,111350.88,2026-07-22,2026-09-05,open,,,,False,False,deteriorating_payer
INV16004965,B016,B016-C1192,Metal Client 192,Metal & Engineering,45,108430.49,2026-07-22,2026-09-05,open,,,,False,False,deteriorating_payer
INV16004966,B016,B016-C1192,Metal Client 192,Metal & Engineering,45,91468.51,2026-08-16,2026-09-30,open,,,,False,False,deteriorating_payer
INV16004967,B016,B016-C1193,Electronics Client 193,Electronics & Electricals,45,104944.41,2024-03-19,2024-05-03,closed,2024-05-06,48,3,False,False,prompt_payer
INV16004968,B016,B016-C1193,Electronics Client 193,Electronics & Electricals,45,218240.76,2024-04-01,2024-05-16,closed,2024-05-17,46,1,False,False,prompt_payer
INV16004969,B016,B016-C1193,Electronics Client 193,Electronics & Electricals,45,161852.49,2024-04-22,2024-06-06,closed,2024-06-04,43,-2,False,False,prompt_payer
INV16004970,B016,B016-C1193,Electronics Client 193,Electronics & Electricals,45,132612.47,2024-04-29,2024-06-13,closed,2024-06-11,43,-2,False,False,prompt_payer
INV16004971,B016,B016-C1193,Electronics Client 193,Electronics & Electricals,45,114239.49,2024-05-27,2024-07-11,closed,2024-07-03,37,-8,True,False,prompt_payer
INV16004972,B016,B016-C1193,Electronics Client 193,Electronics & Electricals,45,104977.95,2024-06-17,2024-08-01,closed,2024-07-29,42,-3,False,False,prompt_payer
INV16004973,B016,B016-C1193,Electronics Client 193,Electronics & Electricals,45,105762.65,2024-08-01,2024-09-15,closed,2024-09-16,46,1,False,False,prompt_payer
INV16004974,B016,B016-C1193,Electronics Client 193,Electronics & Electricals,45,129869.15,2024-08-26,2024-10-10,closed,2024-10-08,43,-2,False,False,prompt_payer
INV16004975,B016,B016-C1193,Electronics Client 193,Electronics & Electricals,45,165608.74,2024-08-30,2024-10-14,closed,2024-10-25,56,11,False,False,prompt_payer
INV16004976,B016,B016-C1193,Electronics Client 193,Electronics & Electricals,45,129109.21,2024-10-10,2024-11-24,closed,2024-11-25,46,1,True,False,prompt_payer
INV16004977,B016,B016-C1193,Electronics Client 193,Electronics & Electricals,45,128943.63,2024-10-13,2024-11-27,closed,2024-11-26,44,-1,False,False,prompt_payer
INV16004978,B016,B016-C1193,Electronics Client 193,Electronics & Electricals,45,95504.02,2024-10-18,2024-12-02,closed,2024-11-26,39,-6,False,False,prompt_payer
INV16004979,B016,B016-C1193,Electronics Client 193,Electronics & Electricals,45,215229.37,2024-10-21,2024-12-05,closed,2024-12-10,50,5,False,False,prompt_payer
INV16004980,B016,B016-C1193,Electronics Client 193,Electronics & Electricals,45,85056.4,2024-10-24,2024-12-08,closed,2024-12-06,43,-2,False,False,prompt_payer
INV16004981,B016,B016-C1193,Electronics Client 193,Electronics & Electricals,45,99496.86,2024-11-20,2025-01-04,closed,2025-01-01,42,-3,False,False,prompt_payer
INV16004982,B016,B016-C1193,Electronics Client 193,Electronics & Electricals,45,71686.89,2024-12-05,2025-01-19,closed,2025-01-17,43,-2,False,False,prompt_payer
INV16004983,B016,B016-C1193,Electronics Client 193,Electronics & Electricals,45,72688.66,2024-12-08,2025-01-22,closed,2025-01-27,50,5,False,False,prompt_payer
INV16004984,B016,B016-C1193,Electronics Client 193,Electronics & Electricals,45,165096.95,2024-12-11,2025-01-25,closed,2025-01-19,39,-6,True,False,prompt_payer
INV16004985,B016,B016-C1193,Electronics Client 193,Electronics & Electricals,45,130478.77,2024-12-11,2025-01-25,closed,2025-01-22,42,-3,False,False,prompt_payer
INV16004986,B016,B016-C1193,Electronics Client 193,Electronics & Electricals,45,122889.43,2024-12-29,2025-02-12,closed,2025-02-19,52,7,False,False,prompt_payer
INV16004987,B016,B016-C1193,Electronics Client 193,Electronics & Electricals,45,121561.69,2025-02-05,2025-03-22,closed,2025-03-23,46,1,False,False,prompt_payer
INV16004988,B016,B016-C1193,Electronics Client 193,Electronics & Electricals,45,63656.37,2025-02-08,2025-03-25,closed,2025-03-28,48,3,False,False,prompt_payer
INV16004989,B016,B016-C1193,Electronics Client 193,Electronics & Electricals,45,120865.15,2025-02-17,2025-04-03,closed,2025-04-04,46,1,False,False,prompt_payer
INV16004990,B016,B016-C1193,Electronics Client 193,Electronics & Electricals,45,253624.13,2025-02-25,2025-04-11,closed,2025-04-13,47,2,False,False,prompt_payer
INV16004991,B016,B016-C1193,Electronics Client 193,Electronics & Electricals,45,93530.22,2025-04-01,2025-05-16,closed,2025-05-20,49,4,False,False,prompt_payer
INV16004992,B016,B016-C1193,Electronics Client 193,Electronics & Electricals,45,75497.18,2025-04-04,2025-05-19,closed,2025-05-22,48,3,False,False,prompt_payer
INV16004993,B016,B016-C1193,Electronics Client 193,Electronics & Electricals,45,112369.65,2025-04-22,2025-06-06,closed,2025-06-05,44,-1,False,False,prompt_payer
INV16004994,B016,B016-C1193,Electronics Client 193,Electronics & Electricals,45,116635.25,2025-04-26,2025-06-10,closed,2025-06-07,42,-3,False,False,prompt_payer
INV16004995,B016,B016-C1193,Electronics Client 193,Electronics & Electricals,45,116675.62,2025-05-06,2025-06-20,closed,2025-06-16,41,-4,False,False,prompt_payer
INV16004996,B016,B016-C1193,Electronics Client 193,Electronics & Electricals,45,103240.64,2025-05-30,2025-07-14,closed,2025-07-13,44,-1,False,False,prompt_payer
INV16004997,B016,B016-C1193,Electronics Client 193,Electronics & Electricals,45,125118.13,2025-06-16,2025-07-31,closed,2025-08-03,48,3,False,False,prompt_payer
INV16004998,B016,B016-C1193,Electronics Client 193,Electronics & Electricals,45,121116.54,2025-06-23,2025-08-07,closed,2025-08-01,39,-6,False,False,prompt_payer
INV16004999,B016,B016-C1193,Electronics Client 193,Electronics & Electricals,45,100942.72,2025-07-23,2025-09-06,closed,2025-09-04,43,-2,False,False,prompt_payer
INV16005000,B016,B016-C1193,Electronics Client 193,Electronics & Electricals,45,104766.88,2025-09-01,2025-10-16,closed,2025-10-21,50,5,False,False,prompt_payer
INV16005001,B016,B016-C1193,Electronics Client 193,Electronics & Electricals,45,109931.05,2025-09-13,2025-10-28,closed,2025-10-28,45,0,False,False,prompt_payer
INV16005002,B016,B016-C1193,Electronics Client 193,Electronics & Electricals,45,176283.63,2025-09-14,2025-10-29,closed,2025-10-29,45,0,False,False,prompt_payer
INV16005003,B016,B016-C1193,Electronics Client 193,Electronics & Electricals,45,112611.34,2025-09-17,2025-11-01,closed,2025-10-28,41,-4,False,False,prompt_payer
INV16005004,B016,B016-C1193,Electronics Client 193,Electronics & Electricals,45,79349.04,2025-10-13,2025-11-27,closed,2025-11-24,42,-3,False,False,prompt_payer
INV16005005,B016,B016-C1193,Electronics Client 193,Electronics & Electricals,45,124438.34,2025-11-18,2026-01-02,closed,2026-01-02,45,0,False,False,prompt_payer
INV16005006,B016,B016-C1193,Electronics Client 193,Electronics & Electricals,45,131873.36,2026-01-02,2026-02-16,closed,2026-02-15,44,-1,False,False,prompt_payer
INV16005007,B016,B016-C1193,Electronics Client 193,Electronics & Electricals,45,101768.71,2026-01-14,2026-02-28,closed,2026-02-28,45,0,False,False,prompt_payer
INV16005008,B016,B016-C1193,Electronics Client 193,Electronics & Electricals,45,77250.13,2026-02-09,2026-03-26,closed,2026-03-23,42,-3,False,False,prompt_payer
INV16005009,B016,B016-C1193,Electronics Client 193,Electronics & Electricals,45,134133.16,2026-03-12,2026-04-26,closed,2026-04-24,43,-2,False,False,prompt_payer
INV16005010,B016,B016-C1193,Electronics Client 193,Electronics & Electricals,45,72397.31,2026-03-27,2026-05-11,closed,2026-05-17,51,6,False,False,prompt_payer
INV16005011,B016,B016-C1193,Electronics Client 193,Electronics & Electricals,45,82004.48,2026-05-07,2026-06-21,closed,2026-06-21,45,0,False,False,prompt_payer
INV16005012,B016,B016-C1193,Electronics Client 193,Electronics & Electricals,45,94971.01,2026-05-20,2026-07-04,closed,2026-07-07,48,3,False,False,prompt_payer
INV16005013,B016,B016-C1193,Electronics Client 193,Electronics & Electricals,45,339095.92,2026-05-22,2026-07-06,closed,2026-07-11,50,5,False,True,prompt_payer
INV16005014,B016,B016-C1193,Electronics Client 193,Electronics & Electricals,45,82912.36,2026-06-12,2026-07-27,closed,2026-07-31,49,4,False,False,prompt_payer
INV16005015,B016,B016-C1193,Electronics Client 193,Electronics & Electricals,45,127632.59,2026-07-01,2026-08-15,closed,2026-08-17,47,2,False,False,prompt_payer
INV16005016,B016,B016-C1193,Electronics Client 193,Electronics & Electricals,45,125426.65,2026-07-13,2026-08-27,closed,2026-08-28,46,1,False,False,prompt_payer
INV16005017,B016,B016-C1193,Electronics Client 193,Electronics & Electricals,45,97229.98,2026-07-17,2026-08-31,open,,,,False,False,prompt_payer
INV16005018,B016,B016-C1193,Electronics Client 193,Electronics & Electricals,45,54833.41,2026-07-18,2026-09-01,closed,2026-08-28,41,-4,False,False,prompt_payer
INV16005019,B016,B016-C1193,Electronics Client 193,Electronics & Electricals,45,105325.31,2026-08-06,2026-09-20,open,,,,False,False,prompt_payer
INV16005020,B016,B016-C1193,Electronics Client 193,Electronics & Electricals,45,98819.35,2026-08-15,2026-09-29,open,,,,False,False,prompt_payer
INV16005021,B016,B016-C1194,Auto Client 194,Auto Components,60,45217.15,2024-03-22,2024-05-21,closed,2024-05-25,64,4,False,False,prompt_payer
INV16005022,B016,B016-C1194,Auto Client 194,Auto Components,60,62885.84,2024-03-25,2024-05-24,closed,2024-05-24,60,0,False,False,prompt_payer
INV16005023,B016,B016-C1194,Auto Client 194,Auto Components,60,49701.0,2024-03-26,2024-05-25,closed,2024-05-29,64,4,False,False,prompt_payer
INV16005024,B016,B016-C1194,Auto Client 194,Auto Components,60,53645.79,2024-04-28,2024-06-27,closed,2024-06-30,63,3,False,False,prompt_payer
INV16005025,B016,B016-C1194,Auto Client 194,Auto Components,60,43037.32,2024-05-03,2024-07-02,closed,2024-07-02,60,0,False,False,prompt_payer
INV16005026,B016,B016-C1194,Auto Client 194,Auto Components,60,101379.52,2024-05-12,2024-07-11,closed,2024-07-02,51,-9,False,False,prompt_payer
INV16005027,B016,B016-C1194,Auto Client 194,Auto Components,60,48788.88,2024-05-15,2024-07-14,closed,2024-07-13,59,-1,False,False,prompt_payer
INV16005028,B016,B016-C1194,Auto Client 194,Auto Components,60,49908.37,2024-05-22,2024-07-21,closed,2024-07-18,57,-3,False,False,prompt_payer
INV16005029,B016,B016-C1194,Auto Client 194,Auto Components,60,66442.95,2024-05-26,2024-07-25,closed,2024-07-27,62,2,False,False,prompt_payer
INV16005030,B016,B016-C1194,Auto Client 194,Auto Components,60,35026.17,2024-05-30,2024-07-29,closed,2024-07-22,53,-7,False,False,prompt_payer
INV16005031,B016,B016-C1194,Auto Client 194,Auto Components,60,57719.25,2024-06-20,2024-08-19,closed,2024-08-16,57,-3,True,False,prompt_payer
INV16005032,B016,B016-C1194,Auto Client 194,Auto Components,60,69600.33,2024-07-12,2024-09-10,closed,2024-09-08,58,-2,False,False,prompt_payer
INV16005033,B016,B016-C1194,Auto Client 194,Auto Components,60,42964.23,2024-07-20,2024-09-18,closed,2024-09-21,63,3,False,False,prompt_payer
INV16005034,B016,B016-C1194,Auto Client 194,Auto Components,60,50381.46,2024-09-05,2024-11-04,closed,2024-11-06,62,2,False,False,prompt_payer
INV16005035,B016,B016-C1194,Auto Client 194,Auto Components,60,34840.89,2024-09-07,2024-11-06,closed,2024-11-09,63,3,False,False,prompt_payer
INV16005036,B016,B016-C1194,Auto Client 194,Auto Components,60,119191.84,2024-10-07,2024-12-06,closed,2024-12-01,55,-5,False,False,prompt_payer
INV16005037,B016,B016-C1194,Auto Client 194,Auto Components,60,50967.76,2024-12-07,2025-02-05,closed,2025-02-05,60,0,False,False,prompt_payer
INV16005038,B016,B016-C1194,Auto Client 194,Auto Components,60,39819.45,2025-01-08,2025-03-09,closed,2025-03-06,57,-3,False,False,prompt_payer
INV16005039,B016,B016-C1194,Auto Client 194,Auto Components,60,56711.68,2025-01-13,2025-03-14,closed,2025-03-16,62,2,False,False,prompt_payer
INV16005040,B016,B016-C1194,Auto Client 194,Auto Components,60,67714.81,2025-01-21,2025-03-22,closed,2025-03-22,60,0,False,False,prompt_payer
INV16005041,B016,B016-C1194,Auto Client 194,Auto Components,60,354685.22,2025-02-02,2025-04-03,closed,2025-04-05,62,2,False,True,prompt_payer
INV16005042,B016,B016-C1194,Auto Client 194,Auto Components,60,51503.84,2025-02-07,2025-04-08,closed,2025-04-08,60,0,False,False,prompt_payer
INV16005043,B016,B016-C1194,Auto Client 194,Auto Components,60,51766.04,2025-03-15,2025-05-14,closed,2025-05-14,60,0,False,False,prompt_payer
INV16005044,B016,B016-C1194,Auto Client 194,Auto Components,60,40040.65,2025-04-11,2025-06-10,closed,2025-06-07,57,-3,False,False,prompt_payer
INV16005045,B016,B016-C1194,Auto Client 194,Auto Components,60,57324.65,2025-04-20,2025-06-19,closed,2025-06-23,64,4,False,False,prompt_payer
INV16005046,B016,B016-C1194,Auto Client 194,Auto Components,60,32865.1,2025-05-13,2025-07-12,closed,2025-07-14,62,2,False,False,prompt_payer
INV16005047,B016,B016-C1194,Auto Client 194,Auto Components,60,42071.7,2025-05-25,2025-07-24,closed,2025-07-21,57,-3,False,False,prompt_payer
INV16005048,B016,B016-C1194,Auto Client 194,Auto Components,60,54994.86,2025-06-05,2025-08-04,closed,2025-08-03,59,-1,False,False,prompt_payer
INV16005049,B016,B016-C1194,Auto Client 194,Auto Components,60,31593.01,2025-06-11,2025-08-10,closed,2025-08-11,61,1,False,False,prompt_payer
INV16005050,B016,B016-C1194,Auto Client 194,Auto Components,60,61547.12,2025-07-07,2025-09-05,closed,2025-09-04,59,-1,False,False,prompt_payer
INV16005051,B016,B016-C1194,Auto Client 194,Auto Components,60,40352.78,2025-07-12,2025-09-10,closed,2025-09-13,63,3,False,False,prompt_payer
INV16005052,B016,B016-C1194,Auto Client 194,Auto Components,60,51949.92,2025-07-13,2025-09-11,closed,2025-09-09,58,-2,False,False,prompt_payer
INV16005053,B016,B016-C1194,Auto Client 194,Auto Components,60,55118.0,2025-07-14,2025-09-12,closed,2025-09-12,60,0,False,False,prompt_payer
INV16005054,B016,B016-C1194,Auto Client 194,Auto Components,60,70476.56,2025-07-20,2025-09-18,closed,2025-09-14,56,-4,False,False,prompt_payer
INV16005055,B016,B016-C1194,Auto Client 194,Auto Components,60,41902.55,2025-08-17,2025-10-16,closed,2025-10-11,55,-5,False,False,prompt_payer
INV16005056,B016,B016-C1194,Auto Client 194,Auto Components,60,54776.86,2025-08-27,2025-10-26,closed,2025-10-27,61,1,False,False,prompt_payer
INV16005057,B016,B016-C1194,Auto Client 194,Auto Components,60,39395.81,2025-09-01,2025-10-31,closed,2025-11-01,61,1,False,False,prompt_payer
INV16005058,B016,B016-C1194,Auto Client 194,Auto Components,60,34440.9,2025-10-03,2025-12-02,closed,2025-11-27,55,-5,False,False,prompt_payer
INV16005059,B016,B016-C1194,Auto Client 194,Auto Components,60,43780.3,2025-11-09,2026-01-08,closed,2026-01-08,60,0,False,False,prompt_payer
INV16005060,B016,B016-C1194,Auto Client 194,Auto Components,60,266799.92,2025-11-18,2026-01-17,closed,2026-01-18,61,1,False,True,prompt_payer
INV16005061,B016,B016-C1194,Auto Client 194,Auto Components,60,94241.54,2026-01-12,2026-03-13,closed,2026-03-17,64,4,False,False,prompt_payer
INV16005062,B016,B016-C1194,Auto Client 194,Auto Components,60,39635.92,2026-01-17,2026-03-18,closed,2026-03-18,60,0,False,False,prompt_payer
INV16005063,B016,B016-C1194,Auto Client 194,Auto Components,60,60665.17,2026-01-19,2026-03-20,closed,2026-03-26,66,6,False,False,prompt_payer
INV16005064,B016,B016-C1194,Auto Client 194,Auto Components,60,41749.15,2026-02-04,2026-04-05,closed,2026-04-01,56,-4,False,False,prompt_payer
INV16005065,B016,B016-C1194,Auto Client 194,Auto Components,60,48458.64,2026-05-09,2026-07-08,closed,2026-07-12,64,4,False,False,prompt_payer
INV16005066,B016,B016-C1194,Auto Client 194,Auto Components,60,177744.48,2026-05-11,2026-07-10,closed,2026-07-12,62,2,False,True,prompt_payer
INV16005067,B016,B016-C1194,Auto Client 194,Auto Components,60,35841.4,2026-05-13,2026-07-12,closed,2026-07-15,63,3,False,False,prompt_payer
INV16005068,B016,B016-C1194,Auto Client 194,Auto Components,60,73519.95,2026-05-19,2026-07-18,closed,2026-07-18,60,0,False,False,prompt_payer
INV16005069,B016,B016-C1194,Auto Client 194,Auto Components,60,37740.82,2026-06-05,2026-08-04,closed,2026-07-29,54,-6,False,False,prompt_payer
INV16005070,B016,B016-C1194,Auto Client 194,Auto Components,60,85658.91,2026-06-24,2026-08-23,closed,2026-08-25,62,2,False,False,prompt_payer
INV16005071,B016,B016-C1194,Auto Client 194,Auto Components,60,42968.89,2026-07-31,2026-09-29,open,,,,False,False,prompt_payer
INV16005072,B016,B016-C1194,Auto Client 194,Auto Components,60,78454.14,2026-08-04,2026-10-03,disputed_open,,,,False,False,prompt_payer
INV16005073,B016,B016-C1194,Auto Client 194,Auto Components,60,28098.72,2026-08-10,2026-10-09,open,,,,False,False,prompt_payer
INV16005074,B016,B016-C1194,Auto Client 194,Auto Components,60,36270.85,2026-08-21,2026-10-20,open,,,,False,False,prompt_payer
INV16005075,B016,B016-C1195,Textiles Client 195,Textiles & Apparel,30,9032.68,2024-03-25,2024-04-24,closed,2024-05-07,43,13,False,False,average_payer
INV16005076,B016,B016-C1195,Textiles Client 195,Textiles & Apparel,30,12275.6,2024-03-31,2024-04-30,closed,2024-04-30,30,0,False,False,average_payer
INV16005077,B016,B016-C1195,Textiles Client 195,Textiles & Apparel,30,9890.36,2024-04-26,2024-05-26,closed,2024-06-07,42,12,False,False,average_payer
INV16005078,B016,B016-C1195,Textiles Client 195,Textiles & Apparel,30,11978.52,2024-05-08,2024-06-07,closed,2024-06-13,36,6,False,False,average_payer
INV16005079,B016,B016-C1195,Textiles Client 195,Textiles & Apparel,30,7306.52,2024-05-14,2024-06-13,closed,2024-06-14,31,1,False,False,average_payer
INV16005080,B016,B016-C1195,Textiles Client 195,Textiles & Apparel,30,19520.67,2024-06-21,2024-07-21,closed,2024-07-24,33,3,False,False,average_payer
INV16005081,B016,B016-C1195,Textiles Client 195,Textiles & Apparel,30,11367.18,2024-07-06,2024-08-05,closed,2024-08-15,40,10,False,False,average_payer
INV16005082,B016,B016-C1195,Textiles Client 195,Textiles & Apparel,30,13806.16,2024-07-14,2024-08-13,closed,2024-08-23,40,10,False,False,average_payer
INV16005083,B016,B016-C1195,Textiles Client 195,Textiles & Apparel,30,17380.61,2024-07-20,2024-08-19,closed,2024-08-25,36,6,False,False,average_payer
INV16005084,B016,B016-C1195,Textiles Client 195,Textiles & Apparel,30,8240.26,2024-07-26,2024-08-25,closed,2024-08-19,24,-6,False,False,average_payer
INV16005085,B016,B016-C1195,Textiles Client 195,Textiles & Apparel,30,15441.28,2024-09-14,2024-10-14,closed,2024-10-21,37,7,False,False,average_payer
INV16005086,B016,B016-C1195,Textiles Client 195,Textiles & Apparel,30,12868.49,2024-11-05,2024-12-05,closed,2024-12-15,40,10,False,False,average_payer
INV16005087,B016,B016-C1195,Textiles Client 195,Textiles & Apparel,30,11485.4,2024-11-19,2024-12-19,closed,2024-12-25,36,6,False,False,average_payer
INV16005088,B016,B016-C1195,Textiles Client 195,Textiles & Apparel,30,10628.46,2024-12-27,2025-01-26,closed,2025-01-26,30,0,False,False,average_payer
INV16005089,B016,B016-C1195,Textiles Client 195,Textiles & Apparel,30,8268.36,2025-01-18,2025-02-17,closed,2025-02-26,39,9,False,False,average_payer
INV16005090,B016,B016-C1195,Textiles Client 195,Textiles & Apparel,30,11217.84,2025-01-22,2025-02-21,closed,2025-03-05,42,12,False,False,average_payer
INV16005091,B016,B016-C1195,Textiles Client 195,Textiles & Apparel,30,14380.48,2025-01-22,2025-02-21,closed,2025-02-20,29,-1,False,False,average_payer
INV16005092,B016,B016-C1195,Textiles Client 195,Textiles & Apparel,30,7408.11,2025-06-13,2025-07-13,closed,2025-07-20,37,7,False,False,average_payer
INV16005093,B016,B016-C1195,Textiles Client 195,Textiles & Apparel,30,9955.96,2025-06-16,2025-07-16,closed,2025-07-05,19,-11,False,False,average_payer
INV16005094,B016,B016-C1195,Textiles Client 195,Textiles & Apparel,30,11563.8,2025-07-03,2025-08-02,closed,2025-08-04,32,2,False,False,average_payer
INV16005095,B016,B016-C1195,Textiles Client 195,Textiles & Apparel,30,18069.18,2025-07-18,2025-08-17,closed,2025-08-23,36,6,False,False,average_payer
INV16005096,B016,B016-C1195,Textiles Client 195,Textiles & Apparel,30,7760.75,2025-07-24,2025-08-23,closed,2025-08-29,36,6,False,False,average_payer
INV16005097,B016,B016-C1195,Textiles Client 195,Textiles & Apparel,30,14863.02,2025-07-29,2025-08-28,closed,2025-09-13,46,16,False,False,average_payer
INV16005098,B016,B016-C1195,Textiles Client 195,Textiles & Apparel,30,7289.44,2025-08-10,2025-09-09,closed,2025-08-30,20,-10,False,False,average_payer
INV16005099,B016,B016-C1195,Textiles Client 195,Textiles & Apparel,30,12388.03,2025-08-15,2025-09-14,closed,2025-09-16,32,2,False,False,average_payer
INV16005100,B016,B016-C1195,Textiles Client 195,Textiles & Apparel,30,14649.73,2025-08-25,2025-09-24,closed,2025-09-30,36,6,False,False,average_payer
INV16005101,B016,B016-C1195,Textiles Client 195,Textiles & Apparel,30,17446.6,2025-08-30,2025-09-29,closed,2025-10-05,36,6,False,False,average_payer
INV16005102,B016,B016-C1195,Textiles Client 195,Textiles & Apparel,30,11163.41,2025-09-09,2025-10-09,closed,2025-10-04,25,-5,False,False,average_payer
INV16005103,B016,B016-C1195,Textiles Client 195,Textiles & Apparel,30,11937.48,2025-09-16,2025-10-16,closed,2025-10-30,44,14,False,False,average_payer
INV16005104,B016,B016-C1195,Textiles Client 195,Textiles & Apparel,30,9243.37,2025-09-18,2025-10-18,closed,2025-10-22,34,4,False,False,average_payer
INV16005105,B016,B016-C1195,Textiles Client 195,Textiles & Apparel,30,18750.11,2025-10-06,2025-11-05,closed,2025-11-01,26,-4,False,False,average_payer
INV16005106,B016,B016-C1195,Textiles Client 195,Textiles & Apparel,30,6430.66,2025-10-11,2025-11-10,closed,2025-11-08,28,-2,False,False,average_payer
INV16005107,B016,B016-C1195,Textiles Client 195,Textiles & Apparel,30,11261.55,2025-11-09,2025-12-09,closed,2025-12-04,25,-5,False,False,average_payer
INV16005108,B016,B016-C1195,Textiles Client 195,Textiles & Apparel,30,11704.24,2025-11-10,2025-12-10,closed,2025-12-21,41,11,False,False,average_payer
INV16005109,B016,B016-C1195,Textiles Client 195,Textiles & Apparel,30,12409.7,2025-11-26,2025-12-26,closed,2025-12-17,21,-9,False,False,average_payer
INV16005110,B016,B016-C1195,Textiles Client 195,Textiles & Apparel,30,8776.98,2026-01-04,2026-02-03,closed,2026-02-21,48,18,False,False,average_payer
INV16005111,B016,B016-C1195,Textiles Client 195,Textiles & Apparel,30,9108.29,2026-01-14,2026-02-13,closed,2026-02-21,38,8,False,False,average_payer
INV16005112,B016,B016-C1195,Textiles Client 195,Textiles & Apparel,30,24350.84,2026-01-16,2026-02-15,closed,2026-02-23,38,8,False,False,average_payer
INV16005113,B016,B016-C1195,Textiles Client 195,Textiles & Apparel,30,10486.38,2026-02-08,2026-03-10,open,,,,False,False,average_payer
INV16005114,B016,B016-C1195,Textiles Client 195,Textiles & Apparel,30,13536.27,2026-02-08,2026-03-10,closed,2026-03-10,30,0,False,False,average_payer
INV16005115,B016,B016-C1195,Textiles Client 195,Textiles & Apparel,30,60949.62,2026-02-17,2026-03-19,closed,2026-03-22,33,3,False,True,average_payer
INV16005116,B016,B016-C1195,Textiles Client 195,Textiles & Apparel,30,11356.01,2026-02-25,2026-03-27,closed,2026-03-29,32,2,False,False,average_payer
INV16005117,B016,B016-C1195,Textiles Client 195,Textiles & Apparel,30,11460.7,2026-03-08,2026-04-07,closed,2026-04-08,31,1,False,False,average_payer
INV16005118,B016,B016-C1195,Textiles Client 195,Textiles & Apparel,30,7282.93,2026-03-17,2026-04-16,closed,2026-04-19,33,3,False,False,average_payer
INV16005119,B016,B016-C1195,Textiles Client 195,Textiles & Apparel,30,12491.8,2026-04-15,2026-05-15,closed,2026-05-23,38,8,False,False,average_payer
INV16005120,B016,B016-C1195,Textiles Client 195,Textiles & Apparel,30,6883.83,2026-04-30,2026-05-30,closed,2026-06-08,39,9,False,False,average_payer
INV16005121,B016,B016-C1195,Textiles Client 195,Textiles & Apparel,30,36996.48,2026-05-10,2026-06-09,closed,2026-06-25,46,16,False,True,average_payer
INV16005122,B016,B016-C1195,Textiles Client 195,Textiles & Apparel,30,11930.67,2026-06-22,2026-07-22,closed,2026-08-03,42,12,False,False,average_payer
INV16005123,B016,B016-C1195,Textiles Client 195,Textiles & Apparel,30,7791.68,2026-06-28,2026-07-28,closed,2026-07-25,27,-3,False,False,average_payer
INV16005124,B016,B016-C1195,Textiles Client 195,Textiles & Apparel,30,15376.87,2026-07-17,2026-08-16,closed,2026-08-17,31,1,False,False,average_payer
INV16005125,B016,B016-C1195,Textiles Client 195,Textiles & Apparel,30,10165.22,2026-07-30,2026-08-29,open,,,,False,False,average_payer
INV16005126,B016,B016-C1196,Metal Client 196,Metal & Engineering,90,179891.57,2024-05-14,2024-08-12,closed,2024-08-25,103,13,False,False,deteriorating_payer
INV16005127,B016,B016-C1196,Metal Client 196,Metal & Engineering,90,256728.41,2024-05-18,2024-08-16,closed,2024-08-14,88,-2,False,False,deteriorating_payer
INV16005128,B016,B016-C1196,Metal Client 196,Metal & Engineering,90,149549.69,2024-07-03,2024-10-01,closed,2024-09-29,88,-2,False,False,deteriorating_payer
INV16005129,B016,B016-C1196,Metal Client 196,Metal & Engineering,90,249186.1,2024-07-05,2024-10-03,closed,2024-10-04,91,1,False,False,deteriorating_payer
INV16005130,B016,B016-C1196,Metal Client 196,Metal & Engineering,90,180778.57,2024-07-09,2024-10-07,closed,2024-10-22,105,15,False,False,deteriorating_payer
INV16005131,B016,B016-C1196,Metal Client 196,Metal & Engineering,90,247752.76,2024-07-24,2024-10-22,closed,2024-10-22,90,0,False,False,deteriorating_payer
INV16005132,B016,B016-C1196,Metal Client 196,Metal & Engineering,90,214948.79,2024-08-02,2024-10-31,closed,2024-11-16,106,16,True,False,deteriorating_payer
INV16005133,B016,B016-C1196,Metal Client 196,Metal & Engineering,90,235805.77,2024-09-17,2024-12-16,closed,2025-01-17,122,32,False,False,deteriorating_payer
INV16005134,B016,B016-C1196,Metal Client 196,Metal & Engineering,90,157352.34,2024-11-23,2025-02-21,closed,2025-02-28,97,7,False,False,deteriorating_payer
INV16005135,B016,B016-C1196,Metal Client 196,Metal & Engineering,90,272547.21,2025-01-28,2025-04-28,closed,2025-05-01,93,3,False,False,deteriorating_payer
INV16005136,B016,B016-C1196,Metal Client 196,Metal & Engineering,90,219255.53,2025-01-29,2025-04-29,closed,2025-05-06,97,7,False,False,deteriorating_payer
INV16005137,B016,B016-C1196,Metal Client 196,Metal & Engineering,90,205800.58,2025-02-03,2025-05-04,closed,2025-05-18,104,14,False,False,deteriorating_payer
INV16005138,B016,B016-C1196,Metal Client 196,Metal & Engineering,90,208826.84,2025-02-22,2025-05-23,closed,2025-06-23,121,31,False,False,deteriorating_payer
INV16005139,B016,B016-C1196,Metal Client 196,Metal & Engineering,90,191108.41,2025-03-24,2025-06-22,closed,2025-07-09,107,17,False,False,deteriorating_payer
INV16005140,B016,B016-C1196,Metal Client 196,Metal & Engineering,90,351210.85,2025-03-30,2025-06-28,closed,2025-07-13,105,15,False,False,deteriorating_payer
INV16005141,B016,B016-C1196,Metal Client 196,Metal & Engineering,90,281457.19,2025-04-30,2025-07-29,closed,2025-08-19,111,21,False,False,deteriorating_payer
INV16005142,B016,B016-C1196,Metal Client 196,Metal & Engineering,90,292792.82,2025-05-19,2025-08-17,closed,2025-09-03,107,17,False,False,deteriorating_payer
INV16005143,B016,B016-C1196,Metal Client 196,Metal & Engineering,90,196265.14,2025-05-31,2025-08-29,closed,2025-09-19,111,21,False,False,deteriorating_payer
INV16005144,B016,B016-C1196,Metal Client 196,Metal & Engineering,90,342269.16,2025-07-07,2025-10-05,closed,2025-10-30,115,25,False,False,deteriorating_payer
INV16005145,B016,B016-C1196,Metal Client 196,Metal & Engineering,90,163567.99,2025-07-09,2025-10-07,closed,2025-11-08,122,32,False,False,deteriorating_payer
INV16005146,B016,B016-C1196,Metal Client 196,Metal & Engineering,90,234888.39,2025-07-14,2025-10-12,closed,2025-11-18,127,37,False,False,deteriorating_payer
INV16005147,B016,B016-C1196,Metal Client 196,Metal & Engineering,90,153382.43,2025-07-21,2025-10-19,closed,2025-11-06,108,18,False,False,deteriorating_payer
INV16005148,B016,B016-C1196,Metal Client 196,Metal & Engineering,90,230700.9,2025-07-22,2025-10-20,closed,2025-11-25,126,36,False,False,deteriorating_payer
INV16005149,B016,B016-C1196,Metal Client 196,Metal & Engineering,90,104834.36,2025-09-16,2025-12-15,closed,2026-01-11,117,27,False,False,deteriorating_payer
INV16005150,B016,B016-C1196,Metal Client 196,Metal & Engineering,90,280898.31,2025-09-25,2025-12-24,open,,,,False,False,deteriorating_payer
INV16005151,B016,B016-C1196,Metal Client 196,Metal & Engineering,90,284099.02,2025-10-26,2026-01-24,closed,2026-02-10,107,17,False,False,deteriorating_payer
INV16005152,B016,B016-C1196,Metal Client 196,Metal & Engineering,90,195473.76,2025-10-31,2026-01-29,closed,2026-02-18,110,20,False,False,deteriorating_payer
INV16005153,B016,B016-C1196,Metal Client 196,Metal & Engineering,90,156072.35,2025-11-21,2026-02-19,closed,2026-03-16,115,25,False,False,deteriorating_payer
INV16005154,B016,B016-C1196,Metal Client 196,Metal & Engineering,90,254840.65,2025-12-30,2026-03-30,closed,2026-05-11,132,42,False,False,deteriorating_payer
INV16005155,B016,B016-C1196,Metal Client 196,Metal & Engineering,90,219499.39,2026-01-01,2026-04-01,closed,2026-05-02,121,31,False,False,deteriorating_payer
INV16005156,B016,B016-C1196,Metal Client 196,Metal & Engineering,90,359585.03,2026-01-14,2026-04-14,closed,2026-05-16,122,32,False,False,deteriorating_payer
INV16005157,B016,B016-C1196,Metal Client 196,Metal & Engineering,90,201641.04,2026-01-17,2026-04-17,closed,2026-05-21,124,34,False,False,deteriorating_payer
INV16005158,B016,B016-C1196,Metal Client 196,Metal & Engineering,90,191265.58,2026-01-21,2026-04-21,closed,2026-06-03,133,43,False,False,deteriorating_payer
INV16005159,B016,B016-C1196,Metal Client 196,Metal & Engineering,90,159500.9,2026-02-17,2026-05-18,closed,2026-06-17,120,30,False,False,deteriorating_payer
INV16005160,B016,B016-C1196,Metal Client 196,Metal & Engineering,90,1460455.01,2026-02-26,2026-05-27,closed,2026-06-24,118,28,False,True,deteriorating_payer
INV16005161,B016,B016-C1196,Metal Client 196,Metal & Engineering,90,335512.12,2026-03-27,2026-06-25,closed,2026-07-12,107,17,False,False,deteriorating_payer
INV16005162,B016,B016-C1196,Metal Client 196,Metal & Engineering,90,422927.59,2026-04-01,2026-06-30,closed,2026-07-20,110,20,False,False,deteriorating_payer
INV16005163,B016,B016-C1196,Metal Client 196,Metal & Engineering,90,343244.27,2026-04-03,2026-07-02,closed,2026-08-02,121,31,False,False,deteriorating_payer
INV16005164,B016,B016-C1196,Metal Client 196,Metal & Engineering,90,222654.54,2026-04-25,2026-07-24,disputed_open,,,,False,False,deteriorating_payer
INV16005165,B016,B016-C1196,Metal Client 196,Metal & Engineering,90,151616.6,2026-06-01,2026-08-30,open,,,,False,False,deteriorating_payer
INV16005166,B016,B016-C1196,Metal Client 196,Metal & Engineering,90,1085854.78,2026-06-11,2026-09-09,open,,,,False,True,deteriorating_payer
INV16005167,B016,B016-C1196,Metal Client 196,Metal & Engineering,90,240946.0,2026-08-05,2026-11-03,open,,,,False,False,deteriorating_payer
INV16005168,B016,B016-C1196,Metal Client 196,Metal & Engineering,90,549137.87,2026-08-15,2026-11-13,disputed_open,,,,False,True,deteriorating_payer
INV16005169,B016,B016-C1196,Metal Client 196,Metal & Engineering,90,145752.53,2026-08-27,2026-11-25,open,,,,False,False,deteriorating_payer
INV16005170,B016,B016-C1197,Textiles Client 197,Textiles & Apparel,60,477390.86,2024-04-13,2024-06-12,closed,2024-06-20,68,8,False,False,average_payer
INV16005171,B016,B016-C1197,Textiles Client 197,Textiles & Apparel,60,384221.35,2024-04-21,2024-06-20,closed,2024-06-28,68,8,False,False,average_payer
INV16005172,B016,B016-C1197,Textiles Client 197,Textiles & Apparel,60,545341.14,2024-05-17,2024-07-16,closed,2024-07-21,65,5,True,False,average_payer
INV16005173,B016,B016-C1197,Textiles Client 197,Textiles & Apparel,60,468263.31,2024-05-19,2024-07-18,closed,2024-08-01,74,14,False,False,average_payer
INV16005174,B016,B016-C1197,Textiles Client 197,Textiles & Apparel,60,481140.4,2024-06-12,2024-08-11,closed,2024-08-19,68,8,False,False,average_payer
INV16005175,B016,B016-C1197,Textiles Client 197,Textiles & Apparel,60,2131469.15,2024-08-23,2024-10-22,closed,2024-10-29,67,7,False,True,average_payer
INV16005176,B016,B016-C1197,Textiles Client 197,Textiles & Apparel,60,413534.78,2024-08-29,2024-10-28,closed,2024-11-09,72,12,False,False,average_payer
INV16005177,B016,B016-C1197,Textiles Client 197,Textiles & Apparel,60,507211.59,2024-09-25,2024-11-24,closed,2024-11-19,55,-5,True,False,average_payer
INV16005178,B016,B016-C1197,Textiles Client 197,Textiles & Apparel,60,654696.17,2024-09-29,2024-11-28,closed,2024-12-09,71,11,False,False,average_payer
INV16005179,B016,B016-C1197,Textiles Client 197,Textiles & Apparel,60,399377.26,2024-10-04,2024-12-03,closed,2024-12-07,64,4,False,False,average_payer
INV16005180,B016,B016-C1197,Textiles Client 197,Textiles & Apparel,60,401516.83,2024-10-13,2024-12-12,closed,2024-12-26,74,14,False,False,average_payer
INV16005181,B016,B016-C1197,Textiles Client 197,Textiles & Apparel,60,457899.61,2024-10-19,2024-12-18,closed,2024-12-28,70,10,False,False,average_payer
INV16005182,B016,B016-C1197,Textiles Client 197,Textiles & Apparel,60,330471.39,2024-12-20,2025-02-18,closed,2025-02-20,62,2,False,False,average_payer
INV16005183,B016,B016-C1197,Textiles Client 197,Textiles & Apparel,60,636793.1,2024-12-31,2025-03-01,closed,2025-03-07,66,6,False,False,average_payer
INV16005184,B016,B016-C1197,Textiles Client 197,Textiles & Apparel,60,852796.56,2025-01-06,2025-03-07,closed,2025-03-07,60,0,False,False,average_payer
INV16005185,B016,B016-C1197,Textiles Client 197,Textiles & Apparel,60,290972.79,2025-03-08,2025-05-07,closed,2025-05-23,76,16,False,False,average_payer
INV16005186,B016,B016-C1197,Textiles Client 197,Textiles & Apparel,60,432802.29,2025-03-10,2025-05-09,closed,2025-05-15,66,6,False,False,average_payer
INV16005187,B016,B016-C1197,Textiles Client 197,Textiles & Apparel,60,439897.29,2025-05-24,2025-07-23,closed,2025-08-05,73,13,False,False,average_payer
INV16005188,B016,B016-C1197,Textiles Client 197,Textiles & Apparel,60,526739.57,2025-06-21,2025-08-20,closed,2025-08-21,61,1,False,False,average_payer
INV16005189,B016,B016-C1197,Textiles Client 197,Textiles & Apparel,60,2219915.8,2025-07-01,2025-08-30,closed,2025-09-01,62,2,False,True,average_payer
INV16005190,B016,B016-C1197,Textiles Client 197,Textiles & Apparel,60,460306.04,2025-07-27,2025-09-25,closed,2025-10-08,73,13,False,False,average_payer
INV16005191,B016,B016-C1197,Textiles Client 197,Textiles & Apparel,60,566340.02,2025-08-04,2025-10-03,closed,2025-10-22,79,19,False,False,average_payer
INV16005192,B016,B016-C1197,Textiles Client 197,Textiles & Apparel,60,467633.92,2025-08-17,2025-10-16,closed,2025-10-25,69,9,False,False,average_payer
INV16005193,B016,B016-C1197,Textiles Client 197,Textiles & Apparel,60,358014.89,2025-09-10,2025-11-09,closed,2025-11-06,57,-3,False,False,average_payer
INV16005194,B016,B016-C1197,Textiles Client 197,Textiles & Apparel,60,445443.72,2025-09-20,2025-11-19,closed,2025-11-26,67,7,False,False,average_payer
INV16005195,B016,B016-C1197,Textiles Client 197,Textiles & Apparel,60,309623.27,2025-09-24,2025-11-23,closed,2025-11-26,63,3,False,False,average_payer
INV16005196,B016,B016-C1197,Textiles Client 197,Textiles & Apparel,60,513888.2,2025-09-30,2025-11-29,closed,2025-12-08,69,9,False,False,average_payer
INV16005197,B016,B016-C1197,Textiles Client 197,Textiles & Apparel,60,398793.1,2025-10-13,2025-12-12,closed,2025-12-18,66,6,False,False,average_payer
INV16005198,B016,B016-C1197,Textiles Client 197,Textiles & Apparel,60,237857.47,2025-10-15,2025-12-14,closed,2025-12-17,63,3,False,False,average_payer
INV16005199,B016,B016-C1197,Textiles Client 197,Textiles & Apparel,60,780879.39,2025-10-20,2025-12-19,closed,2025-12-23,64,4,False,False,average_payer
INV16005200,B016,B016-C1197,Textiles Client 197,Textiles & Apparel,60,655328.23,2025-10-26,2025-12-25,closed,2025-12-19,54,-6,False,False,average_payer
INV16005201,B016,B016-C1197,Textiles Client 197,Textiles & Apparel,60,345618.77,2025-12-26,2026-02-24,closed,2026-03-08,72,12,False,False,average_payer
INV16005202,B016,B016-C1197,Textiles Client 197,Textiles & Apparel,60,587375.78,2025-12-27,2026-02-25,closed,2026-03-11,74,14,False,False,average_payer
INV16005203,B016,B016-C1197,Textiles Client 197,Textiles & Apparel,60,220572.65,2026-01-21,2026-03-22,closed,2026-04-03,72,12,False,False,average_payer
INV16005204,B016,B016-C1197,Textiles Client 197,Textiles & Apparel,60,294044.0,2026-02-02,2026-04-03,closed,2026-04-21,78,18,True,False,average_payer
INV16005205,B016,B016-C1197,Textiles Client 197,Textiles & Apparel,60,519620.18,2026-02-05,2026-04-06,closed,2026-04-11,65,5,False,False,average_payer
INV16005206,B016,B016-C1197,Textiles Client 197,Textiles & Apparel,60,347740.94,2026-02-13,2026-04-14,closed,2026-04-15,61,1,False,False,average_payer
INV16005207,B016,B016-C1197,Textiles Client 197,Textiles & Apparel,60,601537.8,2026-02-19,2026-04-20,closed,2026-05-01,71,11,False,False,average_payer
INV16005208,B016,B016-C1197,Textiles Client 197,Textiles & Apparel,60,562099.97,2026-02-26,2026-04-27,closed,2026-05-07,70,10,False,False,average_payer
INV16005209,B016,B016-C1197,Textiles Client 197,Textiles & Apparel,60,421806.57,2026-03-12,2026-05-11,closed,2026-05-19,68,8,False,False,average_payer
INV16005210,B016,B016-C1197,Textiles Client 197,Textiles & Apparel,60,489117.58,2026-04-16,2026-06-15,closed,2026-06-13,58,-2,False,False,average_payer
INV16005211,B016,B016-C1197,Textiles Client 197,Textiles & Apparel,60,515067.62,2026-05-12,2026-07-11,closed,2026-07-30,79,19,False,False,average_payer
INV16005212,B016,B016-C1197,Textiles Client 197,Textiles & Apparel,60,355630.48,2026-06-03,2026-08-02,closed,2026-08-13,71,11,False,False,average_payer
INV16005213,B016,B016-C1197,Textiles Client 197,Textiles & Apparel,60,905204.44,2026-06-09,2026-08-08,closed,2026-08-12,64,4,False,False,average_payer
INV16005214,B016,B016-C1198,Construction Client 198,Construction & Infra,45,24718.87,2024-04-26,2024-06-10,closed,2024-06-15,50,5,False,False,average_payer
INV16005215,B016,B016-C1198,Construction Client 198,Construction & Infra,45,24108.96,2024-04-29,2024-06-13,closed,2024-06-18,50,5,False,False,average_payer
INV16005216,B016,B016-C1198,Construction Client 198,Construction & Infra,45,37981.42,2024-05-15,2024-06-29,closed,2024-06-29,45,0,False,False,average_payer
INV16005217,B016,B016-C1198,Construction Client 198,Construction & Infra,45,29410.06,2024-06-24,2024-08-08,closed,2024-08-14,51,6,False,False,average_payer
INV16005218,B016,B016-C1198,Construction Client 198,Construction & Infra,45,36830.48,2024-08-09,2024-09-23,closed,2024-09-25,47,2,False,False,average_payer
INV16005219,B016,B016-C1198,Construction Client 198,Construction & Infra,45,33490.7,2024-08-16,2024-09-30,closed,2024-10-04,49,4,False,False,average_payer
INV16005220,B016,B016-C1198,Construction Client 198,Construction & Infra,45,24314.58,2024-08-29,2024-10-13,closed,2024-10-17,49,4,False,False,average_payer
INV16005221,B016,B016-C1198,Construction Client 198,Construction & Infra,45,106071.56,2024-09-11,2024-10-26,closed,2024-11-07,57,12,False,True,average_payer
INV16005222,B016,B016-C1198,Construction Client 198,Construction & Infra,45,175097.88,2024-10-14,2024-11-28,closed,2024-12-01,48,3,False,True,average_payer
INV16005223,B016,B016-C1198,Construction Client 198,Construction & Infra,45,138098.21,2024-11-04,2024-12-19,closed,2024-12-17,43,-2,False,True,average_payer
INV16005224,B016,B016-C1198,Construction Client 198,Construction & Infra,45,31130.25,2024-11-18,2025-01-02,closed,2025-01-07,50,5,False,False,average_payer
INV16005225,B016,B016-C1198,Construction Client 198,Construction & Infra,45,51552.64,2025-03-01,2025-04-15,closed,2025-04-29,59,14,False,False,average_payer
INV16005226,B016,B016-C1198,Construction Client 198,Construction & Infra,45,27111.15,2025-04-02,2025-05-17,closed,2025-06-01,60,15,False,False,average_payer
INV16005227,B016,B016-C1198,Construction Client 198,Construction & Infra,45,40806.36,2025-05-03,2025-06-17,closed,2025-06-23,51,6,False,False,average_payer
INV16005228,B016,B016-C1198,Construction Client 198,Construction & Infra,45,28586.03,2025-05-26,2025-07-10,closed,2025-07-25,60,15,False,False,average_payer
INV16005229,B016,B016-C1198,Construction Client 198,Construction & Infra,45,38128.5,2025-07-08,2025-08-22,closed,2025-08-18,41,-4,False,False,average_payer
INV16005230,B016,B016-C1198,Construction Client 198,Construction & Infra,45,19208.19,2025-07-21,2025-09-04,closed,2025-09-05,46,1,False,False,average_payer
INV16005231,B016,B016-C1198,Construction Client 198,Construction & Infra,45,40192.56,2025-09-16,2025-10-31,closed,2025-11-12,57,12,False,False,average_payer
INV16005232,B016,B016-C1198,Construction Client 198,Construction & Infra,45,14281.87,2025-10-05,2025-11-19,closed,2025-12-10,66,21,False,False,average_payer
INV16005233,B016,B016-C1198,Construction Client 198,Construction & Infra,45,58595.55,2025-10-19,2025-12-03,closed,2025-12-06,48,3,False,False,average_payer
INV16005234,B016,B016-C1198,Construction Client 198,Construction & Infra,45,34965.66,2025-10-23,2025-12-07,closed,2025-12-11,49,4,False,False,average_payer
INV16005235,B016,B016-C1198,Construction Client 198,Construction & Infra,45,27178.54,2025-11-08,2025-12-23,closed,2026-01-03,56,11,False,False,average_payer
INV16005236,B016,B016-C1198,Construction Client 198,Construction & Infra,45,22324.09,2025-12-12,2026-01-26,closed,2026-01-29,48,3,False,False,average_payer
INV16005237,B016,B016-C1198,Construction Client 198,Construction & Infra,45,35422.17,2026-01-06,2026-02-20,closed,2026-02-25,50,5,False,False,average_payer
INV16005238,B016,B016-C1198,Construction Client 198,Construction & Infra,45,21817.11,2026-02-18,2026-04-04,closed,2026-04-10,51,6,False,False,average_payer
INV16005239,B016,B016-C1198,Construction Client 198,Construction & Infra,45,26639.72,2026-03-06,2026-04-20,closed,2026-04-21,46,1,False,False,average_payer
INV16005240,B016,B016-C1198,Construction Client 198,Construction & Infra,45,26224.64,2026-03-07,2026-04-21,closed,2026-04-24,48,3,False,False,average_payer
INV16005241,B016,B016-C1198,Construction Client 198,Construction & Infra,45,40517.2,2026-03-10,2026-04-24,closed,2026-04-27,48,3,False,False,average_payer
INV16005242,B016,B016-C1198,Construction Client 198,Construction & Infra,45,31527.73,2026-03-24,2026-05-08,closed,2026-05-22,59,14,False,False,average_payer
INV16005243,B016,B016-C1198,Construction Client 198,Construction & Infra,45,28798.44,2026-03-26,2026-05-10,closed,2026-05-12,47,2,False,False,average_payer
INV16005244,B016,B016-C1198,Construction Client 198,Construction & Infra,45,24700.85,2026-03-31,2026-05-15,closed,2026-05-28,58,13,False,False,average_payer
INV16005245,B016,B016-C1198,Construction Client 198,Construction & Infra,45,39768.11,2026-04-17,2026-06-01,closed,2026-05-28,41,-4,False,False,average_payer
INV16005246,B016,B016-C1198,Construction Client 198,Construction & Infra,45,21342.35,2026-06-07,2026-07-22,closed,2026-07-24,47,2,False,False,average_payer
INV16005247,B016,B016-C1198,Construction Client 198,Construction & Infra,45,25884.35,2026-06-22,2026-08-06,closed,2026-08-04,43,-2,False,False,average_payer
INV16005248,B016,B016-C1198,Construction Client 198,Construction & Infra,45,130284.22,2026-07-09,2026-08-23,closed,2026-08-30,52,7,False,True,average_payer
INV16005249,B016,B016-C1198,Construction Client 198,Construction & Infra,45,26916.32,2026-08-25,2026-10-09,open,,,,False,False,average_payer
INV16005250,B016,B016-C1199,FMCG Client 199,FMCG & Food Processing,30,28282.12,2024-05-11,2024-06-10,closed,2024-06-03,23,-7,False,False,erratic_payer
INV16005251,B016,B016-C1199,FMCG Client 199,FMCG & Food Processing,30,37324.91,2024-08-04,2024-09-03,closed,2024-12-06,124,94,False,False,erratic_payer
INV16005252,B016,B016-C1199,FMCG Client 199,FMCG & Food Processing,30,53672.12,2024-08-09,2024-09-08,closed,2024-09-03,25,-5,False,False,erratic_payer
INV16005253,B016,B016-C1199,FMCG Client 199,FMCG & Food Processing,30,70223.61,2024-10-08,2024-11-07,closed,2024-11-13,36,6,False,False,erratic_payer
INV16005254,B016,B016-C1199,FMCG Client 199,FMCG & Food Processing,30,27043.92,2024-10-12,2024-11-11,closed,2024-12-06,55,25,False,False,erratic_payer
INV16005255,B016,B016-C1199,FMCG Client 199,FMCG & Food Processing,30,28483.09,2024-10-15,2024-11-14,closed,2024-11-09,25,-5,False,False,erratic_payer
INV16005256,B016,B016-C1199,FMCG Client 199,FMCG & Food Processing,30,41470.29,2024-10-16,2024-11-15,closed,2024-11-15,30,0,False,False,erratic_payer
INV16005257,B016,B016-C1199,FMCG Client 199,FMCG & Food Processing,30,53192.44,2024-11-08,2024-12-08,closed,2024-12-18,40,10,False,False,erratic_payer
INV16005258,B016,B016-C1199,FMCG Client 199,FMCG & Food Processing,30,38228.2,2024-11-14,2024-12-14,closed,2024-12-24,40,10,False,False,erratic_payer
INV16005259,B016,B016-C1199,FMCG Client 199,FMCG & Food Processing,30,25598.07,2024-11-19,2024-12-19,closed,2024-12-25,36,6,True,False,erratic_payer
INV16005260,B016,B016-C1199,FMCG Client 199,FMCG & Food Processing,30,25933.84,2024-11-24,2024-12-24,closed,2024-12-31,37,7,False,False,erratic_payer
INV16005261,B016,B016-C1199,FMCG Client 199,FMCG & Food Processing,30,36103.58,2024-12-23,2025-01-22,closed,2025-01-20,28,-2,False,False,erratic_payer
INV16005262,B016,B016-C1199,FMCG Client 199,FMCG & Food Processing,30,45820.48,2025-01-04,2025-02-03,closed,2025-01-24,20,-10,False,False,erratic_payer
INV16005263,B016,B016-C1199,FMCG Client 199,FMCG & Food Processing,30,35469.94,2025-04-02,2025-05-02,closed,2025-05-24,52,22,False,False,erratic_payer
INV16005264,B016,B016-C1199,FMCG Client 199,FMCG & Food Processing,30,43709.99,2025-04-09,2025-05-09,closed,2025-05-15,36,6,False,False,erratic_payer
INV16005265,B016,B016-C1199,FMCG Client 199,FMCG & Food Processing,30,24054.53,2025-05-04,2025-06-03,closed,2025-06-09,36,6,False,False,erratic_payer
INV16005266,B016,B016-C1199,FMCG Client 199,FMCG & Food Processing,30,26143.25,2025-05-09,2025-06-08,closed,2025-07-05,57,27,False,False,erratic_payer
INV16005267,B016,B016-C1199,FMCG Client 199,FMCG & Food Processing,30,39067.85,2025-05-17,2025-06-16,closed,2025-05-29,12,-18,False,False,erratic_payer
INV16005268,B016,B016-C1199,FMCG Client 199,FMCG & Food Processing,30,31587.48,2025-05-19,2025-06-18,open,,,,False,False,erratic_payer
INV16005269,B016,B016-C1199,FMCG Client 199,FMCG & Food Processing,30,36330.64,2025-06-08,2025-07-08,closed,2025-07-05,27,-3,False,False,erratic_payer
INV16005270,B016,B016-C1199,FMCG Client 199,FMCG & Food Processing,30,27053.67,2025-06-10,2025-07-10,closed,2025-07-18,38,8,False,False,erratic_payer
INV16005271,B016,B016-C1199,FMCG Client 199,FMCG & Food Processing,30,34620.28,2025-06-25,2025-07-25,closed,2025-08-16,52,22,False,False,erratic_payer
INV16005272,B016,B016-C1199,FMCG Client 199,FMCG & Food Processing,30,38390.23,2025-08-10,2025-09-09,closed,2025-09-23,44,14,True,False,erratic_payer
INV16005273,B016,B016-C1199,FMCG Client 199,FMCG & Food Processing,30,42879.16,2025-09-11,2025-10-11,closed,2025-10-13,32,2,False,False,erratic_payer
INV16005274,B016,B016-C1199,FMCG Client 199,FMCG & Food Processing,30,22173.1,2025-09-26,2025-10-26,closed,2025-10-29,33,3,False,False,erratic_payer
INV16005275,B016,B016-C1199,FMCG Client 199,FMCG & Food Processing,30,32940.45,2025-10-04,2025-11-03,closed,2026-03-03,150,120,False,False,erratic_payer
INV16005276,B016,B016-C1199,FMCG Client 199,FMCG & Food Processing,30,40501.85,2025-10-09,2025-11-08,disputed_open,,,,False,False,erratic_payer
INV16005277,B016,B016-C1199,FMCG Client 199,FMCG & Food Processing,30,32103.79,2025-12-03,2026-01-02,closed,2025-12-27,24,-6,False,False,erratic_payer
INV16005278,B016,B016-C1199,FMCG Client 199,FMCG & Food Processing,30,64286.96,2026-01-01,2026-01-31,closed,2026-02-11,41,11,False,False,erratic_payer
INV16005279,B016,B016-C1199,FMCG Client 199,FMCG & Food Processing,30,32566.84,2026-02-05,2026-03-07,closed,2026-03-17,40,10,False,False,erratic_payer
INV16005280,B016,B016-C1199,FMCG Client 199,FMCG & Food Processing,30,24280.07,2026-03-08,2026-04-07,closed,2026-04-11,34,4,False,False,erratic_payer
INV16005281,B016,B016-C1199,FMCG Client 199,FMCG & Food Processing,30,62959.24,2026-03-12,2026-04-11,closed,2026-03-20,8,-22,False,False,erratic_payer
INV16005282,B016,B016-C1199,FMCG Client 199,FMCG & Food Processing,30,29921.17,2026-03-13,2026-04-12,closed,2026-04-26,44,14,False,False,erratic_payer
INV16005283,B016,B016-C1199,FMCG Client 199,FMCG & Food Processing,30,31631.69,2026-04-18,2026-05-18,closed,2026-05-20,32,2,False,False,erratic_payer
INV16005284,B016,B016-C1199,FMCG Client 199,FMCG & Food Processing,30,22630.55,2026-05-07,2026-06-06,closed,2026-06-27,51,21,False,False,erratic_payer
INV16005285,B016,B016-C1199,FMCG Client 199,FMCG & Food Processing,30,42188.75,2026-05-22,2026-06-21,closed,2026-06-21,30,0,False,False,erratic_payer
INV16005286,B016,B016-C1199,FMCG Client 199,FMCG & Food Processing,30,44515.37,2026-05-28,2026-06-27,closed,2026-07-10,43,13,False,False,erratic_payer
INV16005287,B016,B016-C1199,FMCG Client 199,FMCG & Food Processing,30,32467.97,2026-06-07,2026-07-07,disputed_open,,,,False,False,erratic_payer
INV16005288,B016,B016-C1199,FMCG Client 199,FMCG & Food Processing,30,42122.21,2026-06-12,2026-07-12,closed,2026-07-13,31,1,False,False,erratic_payer
INV16005289,B016,B016-C1199,FMCG Client 199,FMCG & Food Processing,30,58968.82,2026-06-25,2026-07-25,closed,2026-08-04,40,10,False,False,erratic_payer
INV16005290,B016,B016-C1199,FMCG Client 199,FMCG & Food Processing,30,38014.88,2026-06-30,2026-07-30,closed,2026-07-29,29,-1,False,False,erratic_payer
INV16005291,B016,B016-C1199,FMCG Client 199,FMCG & Food Processing,30,42159.51,2026-08-22,2026-09-21,disputed_open,,,,False,False,erratic_payer
INV16005292,B016,B016-C1200,Retail Client 200,Retail & Distribution,45,142452.68,2024-04-01,2024-05-16,closed,2024-07-08,98,53,False,False,chronic_late_payer
INV16005293,B016,B016-C1200,Retail Client 200,Retail & Distribution,45,119111.54,2024-04-05,2024-05-20,closed,2024-06-04,60,15,False,False,chronic_late_payer
INV16005294,B016,B016-C1200,Retail Client 200,Retail & Distribution,45,190755.47,2024-04-08,2024-05-23,closed,2024-06-18,71,26,False,False,chronic_late_payer
INV16005295,B016,B016-C1200,Retail Client 200,Retail & Distribution,45,262404.85,2024-04-19,2024-06-03,closed,2024-07-12,84,39,True,False,chronic_late_payer
INV16005296,B016,B016-C1200,Retail Client 200,Retail & Distribution,45,278813.41,2024-05-01,2024-06-15,closed,2024-07-10,70,25,False,False,chronic_late_payer
INV16005297,B016,B016-C1200,Retail Client 200,Retail & Distribution,45,148779.56,2024-05-21,2024-07-05,closed,2024-09-08,110,65,False,False,chronic_late_payer
INV16005298,B016,B016-C1200,Retail Client 200,Retail & Distribution,45,233388.98,2024-06-09,2024-07-24,closed,2024-08-07,59,14,False,False,chronic_late_payer
INV16005299,B016,B016-C1200,Retail Client 200,Retail & Distribution,45,155099.11,2024-07-03,2024-08-17,closed,2024-09-05,64,19,False,False,chronic_late_payer
INV16005300,B016,B016-C1200,Retail Client 200,Retail & Distribution,45,274685.22,2024-09-06,2024-10-21,closed,2024-11-04,59,14,False,False,chronic_late_payer
INV16005301,B016,B016-C1200,Retail Client 200,Retail & Distribution,45,150927.63,2025-11-20,2026-01-04,closed,2026-01-30,71,26,False,False,chronic_late_payer
INV16005302,B016,B016-C1200,Retail Client 200,Retail & Distribution,45,129981.11,2026-04-17,2026-06-01,closed,2026-07-05,79,34,False,False,chronic_late_payer
INV16005303,B016,B016-C1200,Retail Client 200,Retail & Distribution,45,278830.98,2026-06-17,2026-08-01,disputed_open,,,,False,False,chronic_late_payer
INV16005304,B016,B016-C1201,Pharma Client 201,Pharma & Healthcare,30,36988.3,2024-04-24,2024-05-24,closed,2024-05-26,32,2,False,False,average_payer
INV16005305,B016,B016-C1201,Pharma Client 201,Pharma & Healthcare,30,46836.62,2024-05-30,2024-06-29,closed,2024-07-08,39,9,False,False,average_payer
INV16005306,B016,B016-C1201,Pharma Client 201,Pharma & Healthcare,30,69896.31,2024-06-12,2024-07-12,closed,2024-07-20,38,8,False,False,average_payer
INV16005307,B016,B016-C1201,Pharma Client 201,Pharma & Healthcare,30,70822.86,2024-06-21,2024-07-21,closed,2024-08-01,41,11,False,False,average_payer
INV16005308,B016,B016-C1201,Pharma Client 201,Pharma & Healthcare,30,47854.83,2024-06-24,2024-07-24,closed,2024-07-30,36,6,False,False,average_payer
INV16005309,B016,B016-C1201,Pharma Client 201,Pharma & Healthcare,30,77305.16,2024-07-27,2024-08-26,closed,2024-08-31,35,5,False,False,average_payer
INV16005310,B016,B016-C1201,Pharma Client 201,Pharma & Healthcare,30,84345.41,2024-07-31,2024-08-30,closed,2024-08-28,28,-2,False,False,average_payer
INV16005311,B016,B016-C1201,Pharma Client 201,Pharma & Healthcare,30,58545.13,2024-08-13,2024-09-12,closed,2024-09-20,38,8,False,False,average_payer
INV16005312,B016,B016-C1201,Pharma Client 201,Pharma & Healthcare,30,25068.52,2024-08-21,2024-09-20,closed,2024-09-25,35,5,False,False,average_payer
INV16005313,B016,B016-C1201,Pharma Client 201,Pharma & Healthcare,30,59194.06,2024-08-27,2024-09-26,closed,2024-10-17,51,21,False,False,average_payer
INV16005314,B016,B016-C1201,Pharma Client 201,Pharma & Healthcare,30,52442.32,2024-10-02,2024-11-01,closed,2024-11-15,44,14,False,False,average_payer
INV16005315,B016,B016-C1201,Pharma Client 201,Pharma & Healthcare,30,42690.76,2024-11-08,2024-12-08,closed,2024-12-13,35,5,False,False,average_payer
INV16005316,B016,B016-C1201,Pharma Client 201,Pharma & Healthcare,30,120989.47,2024-12-04,2025-01-03,closed,2025-01-02,29,-1,False,True,average_payer
INV16005317,B016,B016-C1201,Pharma Client 201,Pharma & Healthcare,30,46448.82,2025-01-16,2025-02-15,closed,2025-03-01,44,14,False,False,average_payer
INV16005318,B016,B016-C1201,Pharma Client 201,Pharma & Healthcare,30,79595.79,2025-02-05,2025-03-07,closed,2025-03-07,30,0,False,False,average_payer
INV16005319,B016,B016-C1201,Pharma Client 201,Pharma & Healthcare,30,92167.74,2025-04-23,2025-05-23,closed,2025-05-28,35,5,False,False,average_payer
INV16005320,B016,B016-C1201,Pharma Client 201,Pharma & Healthcare,30,43657.54,2025-04-25,2025-05-25,closed,2025-05-26,31,1,False,False,average_payer
INV16005321,B016,B016-C1201,Pharma Client 201,Pharma & Healthcare,30,86080.17,2025-04-26,2025-05-26,closed,2025-06-14,49,19,False,False,average_payer
INV16005322,B016,B016-C1201,Pharma Client 201,Pharma & Healthcare,30,34918.88,2025-05-31,2025-06-30,closed,2025-07-13,43,13,False,False,average_payer
INV16005323,B016,B016-C1201,Pharma Client 201,Pharma & Healthcare,30,56090.2,2025-06-01,2025-07-01,closed,2025-07-04,33,3,False,False,average_payer
INV16005324,B016,B016-C1201,Pharma Client 201,Pharma & Healthcare,30,92502.33,2025-08-19,2025-09-18,closed,2025-09-29,41,11,False,False,average_payer
INV16005325,B016,B016-C1201,Pharma Client 201,Pharma & Healthcare,30,127566.46,2025-09-19,2025-10-19,closed,2025-10-21,32,2,False,False,average_payer
INV16005326,B016,B016-C1201,Pharma Client 201,Pharma & Healthcare,30,48625.67,2025-10-26,2025-11-25,closed,2025-11-26,31,1,False,False,average_payer
INV16005327,B016,B016-C1201,Pharma Client 201,Pharma & Healthcare,30,64624.45,2025-11-02,2025-12-02,closed,2025-12-16,44,14,False,False,average_payer
INV16005328,B016,B016-C1201,Pharma Client 201,Pharma & Healthcare,30,77439.88,2026-01-01,2026-01-31,closed,2026-02-03,33,3,False,False,average_payer
INV16005329,B016,B016-C1201,Pharma Client 201,Pharma & Healthcare,30,60144.12,2026-01-27,2026-02-26,closed,2026-02-21,25,-5,False,False,average_payer
INV16005330,B016,B016-C1201,Pharma Client 201,Pharma & Healthcare,30,58432.42,2026-02-04,2026-03-06,closed,2026-03-15,39,9,False,False,average_payer
INV16005331,B016,B016-C1201,Pharma Client 201,Pharma & Healthcare,30,76218.53,2026-03-14,2026-04-13,closed,2026-04-27,44,14,False,False,average_payer
INV16005332,B016,B016-C1201,Pharma Client 201,Pharma & Healthcare,30,37134.58,2026-03-31,2026-04-30,closed,2026-05-15,45,15,False,False,average_payer
INV16005333,B016,B016-C1201,Pharma Client 201,Pharma & Healthcare,30,22651.99,2026-04-12,2026-05-12,open,,,,False,False,average_payer
INV16005334,B016,B016-C1201,Pharma Client 201,Pharma & Healthcare,30,68936.44,2026-04-26,2026-05-26,closed,2026-06-02,37,7,False,False,average_payer
INV16005335,B016,B016-C1201,Pharma Client 201,Pharma & Healthcare,30,58092.09,2026-05-01,2026-05-31,closed,2026-06-15,45,15,False,False,average_payer
INV16005336,B016,B016-C1201,Pharma Client 201,Pharma & Healthcare,30,55557.98,2026-05-13,2026-06-12,closed,2026-06-08,26,-4,False,False,average_payer
INV16005337,B016,B016-C1201,Pharma Client 201,Pharma & Healthcare,30,44197.24,2026-07-16,2026-08-15,closed,2026-08-21,36,6,False,False,average_payer
INV16005338,B016,B016-C1201,Pharma Client 201,Pharma & Healthcare,30,105178.55,2026-07-21,2026-08-20,closed,2026-08-30,40,10,False,False,average_payer
INV16005339,B016,B016-C1201,Pharma Client 201,Pharma & Healthcare,30,70582.21,2026-08-03,2026-09-02,disputed_open,,,,False,False,average_payer
INV16005340,B016,B016-C1202,FMCG Client 202,FMCG & Food Processing,45,1614774.38,2024-09-10,2024-10-25,closed,2024-10-20,40,-5,False,True,average_payer
INV16005341,B016,B016-C1202,FMCG Client 202,FMCG & Food Processing,45,236537.87,2024-09-13,2024-10-28,closed,2024-11-02,50,5,False,False,average_payer
INV16005342,B016,B016-C1202,FMCG Client 202,FMCG & Food Processing,45,465449.22,2024-09-24,2024-11-08,closed,2024-11-05,42,-3,False,False,average_payer
INV16005343,B016,B016-C1202,FMCG Client 202,FMCG & Food Processing,45,327860.76,2024-09-26,2024-11-10,closed,2024-11-20,55,10,False,False,average_payer
INV16005344,B016,B016-C1202,FMCG Client 202,FMCG & Food Processing,45,296290.04,2024-11-08,2024-12-23,closed,2025-01-02,55,10,False,False,average_payer
INV16005345,B016,B016-C1202,FMCG Client 202,FMCG & Food Processing,45,465199.56,2024-12-04,2025-01-18,closed,2025-01-28,55,10,False,False,average_payer
INV16005346,B016,B016-C1202,FMCG Client 202,FMCG & Food Processing,45,377329.26,2024-12-11,2025-01-25,closed,2025-02-01,52,7,False,False,average_payer
INV16005347,B016,B016-C1202,FMCG Client 202,FMCG & Food Processing,45,325358.88,2024-12-16,2025-01-30,closed,2025-02-01,47,2,False,False,average_payer
INV16005348,B016,B016-C1202,FMCG Client 202,FMCG & Food Processing,45,481944.87,2024-12-25,2025-02-08,closed,2025-02-13,50,5,False,False,average_payer
INV16005349,B016,B016-C1202,FMCG Client 202,FMCG & Food Processing,45,274418.62,2025-02-03,2025-03-20,closed,2025-03-12,37,-8,False,False,average_payer
INV16005350,B016,B016-C1202,FMCG Client 202,FMCG & Food Processing,45,292980.25,2025-03-11,2025-04-25,closed,2025-05-14,64,19,False,False,average_payer
INV16005351,B016,B016-C1202,FMCG Client 202,FMCG & Food Processing,45,505391.32,2025-03-29,2025-05-13,closed,2025-05-20,52,7,False,False,average_payer
INV16005352,B016,B016-C1202,FMCG Client 202,FMCG & Food Processing,45,312002.79,2025-05-23,2025-07-07,closed,2025-07-08,46,1,False,False,average_payer
INV16005353,B016,B016-C1202,FMCG Client 202,FMCG & Food Processing,45,376510.05,2025-07-05,2025-08-19,closed,2025-08-30,56,11,False,False,average_payer
INV16005354,B016,B016-C1202,FMCG Client 202,FMCG & Food Processing,45,260254.34,2025-07-11,2025-08-25,closed,2025-09-09,60,15,False,False,average_payer
INV16005355,B016,B016-C1202,FMCG Client 202,FMCG & Food Processing,45,406381.74,2025-08-30,2025-10-14,closed,2025-10-29,60,15,False,False,average_payer
INV16005356,B016,B016-C1202,FMCG Client 202,FMCG & Food Processing,45,303013.11,2025-10-02,2025-11-16,closed,2025-11-22,51,6,False,False,average_payer
INV16005357,B016,B016-C1202,FMCG Client 202,FMCG & Food Processing,45,333132.24,2025-10-08,2025-11-22,closed,2025-11-24,47,2,False,False,average_payer
INV16005358,B016,B016-C1202,FMCG Client 202,FMCG & Food Processing,45,1685068.98,2025-10-28,2025-12-12,closed,2025-12-21,54,9,False,True,average_payer
INV16005359,B016,B016-C1202,FMCG Client 202,FMCG & Food Processing,45,398575.98,2025-11-08,2025-12-23,closed,2025-12-27,49,4,False,False,average_payer
INV16005360,B016,B016-C1202,FMCG Client 202,FMCG & Food Processing,45,382192.71,2026-01-08,2026-02-22,closed,2026-02-27,50,5,False,False,average_payer
INV16005361,B016,B016-C1202,FMCG Client 202,FMCG & Food Processing,45,249272.09,2026-05-30,2026-07-14,closed,2026-07-21,52,7,False,False,average_payer
INV16005362,B016,B016-C1202,FMCG Client 202,FMCG & Food Processing,45,548098.64,2026-08-02,2026-09-16,disputed_open,,,,False,False,average_payer
INV16005363,B016,B016-C1202,FMCG Client 202,FMCG & Food Processing,45,460891.98,2026-08-23,2026-10-07,open,,,,False,False,average_payer
INV16005364,B016,B016-C1202,FMCG Client 202,FMCG & Food Processing,45,341139.78,2026-08-24,2026-10-08,open,,,,False,False,average_payer
INV16005365,B016,B016-C1203,IT Client 203,IT & Business Services,30,100801.32,2024-04-01,2024-05-01,closed,2024-05-11,40,10,False,False,erratic_payer
INV16005366,B016,B016-C1203,IT Client 203,IT & Business Services,30,117491.79,2024-06-01,2024-07-01,closed,2024-07-04,33,3,False,False,erratic_payer
INV16005367,B016,B016-C1203,IT Client 203,IT & Business Services,30,142523.84,2024-06-14,2024-07-14,closed,2024-07-15,31,1,False,False,erratic_payer
INV16005368,B016,B016-C1203,IT Client 203,IT & Business Services,30,124790.45,2024-06-26,2024-07-26,closed,2024-10-12,108,78,False,False,erratic_payer
INV16005369,B016,B016-C1203,IT Client 203,IT & Business Services,30,106006.63,2024-08-21,2024-09-20,closed,2024-10-01,41,11,False,False,erratic_payer
INV16005370,B016,B016-C1203,IT Client 203,IT & Business Services,30,108617.19,2024-08-23,2024-09-22,closed,2024-10-28,66,36,False,False,erratic_payer
INV16005371,B016,B016-C1203,IT Client 203,IT & Business Services,30,123375.73,2024-09-04,2024-10-04,closed,2024-10-06,32,2,False,False,erratic_payer
INV16005372,B016,B016-C1203,IT Client 203,IT & Business Services,30,130664.56,2024-09-19,2024-10-19,closed,2024-10-29,40,10,False,False,erratic_payer
INV16005373,B016,B016-C1203,IT Client 203,IT & Business Services,30,99836.13,2024-10-05,2024-11-04,closed,2024-11-07,33,3,True,False,erratic_payer
INV16005374,B016,B016-C1203,IT Client 203,IT & Business Services,30,75809.24,2024-10-13,2024-11-12,closed,2024-11-10,28,-2,False,False,erratic_payer
INV16005375,B016,B016-C1203,IT Client 203,IT & Business Services,30,106287.62,2024-10-29,2024-11-28,closed,2024-12-07,39,9,False,False,erratic_payer
INV16005376,B016,B016-C1203,IT Client 203,IT & Business Services,30,278290.13,2024-12-05,2025-01-04,closed,2025-01-08,34,4,False,False,erratic_payer
INV16005377,B016,B016-C1203,IT Client 203,IT & Business Services,30,82896.46,2024-12-13,2025-01-12,closed,2025-01-24,42,12,False,False,erratic_payer
INV16005378,B016,B016-C1203,IT Client 203,IT & Business Services,30,95812.38,2024-12-26,2025-01-25,closed,2025-01-23,28,-2,False,False,erratic_payer
INV16005379,B016,B016-C1203,IT Client 203,IT & Business Services,30,117409.92,2024-12-28,2025-01-27,closed,2025-02-05,39,9,False,False,erratic_payer
INV16005380,B016,B016-C1203,IT Client 203,IT & Business Services,30,110145.21,2025-01-31,2025-03-02,closed,2025-03-13,41,11,False,False,erratic_payer
INV16005381,B016,B016-C1203,IT Client 203,IT & Business Services,30,116178.66,2025-02-01,2025-03-03,closed,2025-03-10,37,7,False,False,erratic_payer
INV16005382,B016,B016-C1203,IT Client 203,IT & Business Services,30,67684.65,2025-02-04,2025-03-06,closed,2025-02-23,19,-11,False,False,erratic_payer
INV16005383,B016,B016-C1203,IT Client 203,IT & Business Services,30,75612.78,2025-03-13,2025-04-12,closed,2025-04-09,27,-3,False,False,erratic_payer
INV16005384,B016,B016-C1203,IT Client 203,IT & Business Services,30,89778.77,2025-03-13,2025-04-12,closed,2025-05-10,58,28,False,False,erratic_payer
INV16005385,B016,B016-C1203,IT Client 203,IT & Business Services,30,171788.3,2025-03-28,2025-04-27,disputed_open,,,,False,False,erratic_payer
INV16005386,B016,B016-C1203,IT Client 203,IT & Business Services,30,131170.52,2025-04-04,2025-05-04,closed,2025-05-27,53,23,False,False,erratic_payer
INV16005387,B016,B016-C1203,IT Client 203,IT & Business Services,30,97876.3,2025-04-28,2025-05-28,closed,2025-06-12,45,15,False,False,erratic_payer
INV16005388,B016,B016-C1203,IT Client 203,IT & Business Services,30,93359.97,2025-05-01,2025-05-31,open,,,,False,False,erratic_payer
INV16005389,B016,B016-C1203,IT Client 203,IT & Business Services,30,72042.74,2025-05-18,2025-06-17,disputed_open,,,,False,False,erratic_payer
INV16005390,B016,B016-C1203,IT Client 203,IT & Business Services,30,56748.38,2025-06-25,2025-07-25,closed,2025-08-01,37,7,False,False,erratic_payer
INV16005391,B016,B016-C1203,IT Client 203,IT & Business Services,30,112286.55,2025-07-14,2025-08-13,closed,2025-08-22,39,9,False,False,erratic_payer
INV16005392,B016,B016-C1203,IT Client 203,IT & Business Services,30,90717.5,2025-07-19,2025-08-18,closed,2025-08-17,29,-1,False,False,erratic_payer
INV16005393,B016,B016-C1203,IT Client 203,IT & Business Services,30,71403.25,2025-07-20,2025-08-19,closed,2025-08-20,31,1,False,False,erratic_payer
INV16005394,B016,B016-C1203,IT Client 203,IT & Business Services,30,108107.04,2025-08-04,2025-09-03,closed,2025-08-24,20,-10,False,False,erratic_payer
INV16005395,B016,B016-C1203,IT Client 203,IT & Business Services,30,109450.38,2025-08-29,2025-09-28,closed,2025-09-29,31,1,False,False,erratic_payer
INV16005396,B016,B016-C1203,IT Client 203,IT & Business Services,30,101240.59,2025-10-04,2025-11-03,closed,2025-10-05,1,-29,False,False,erratic_payer
INV16005397,B016,B016-C1203,IT Client 203,IT & Business Services,30,165885.21,2025-10-25,2025-11-24,closed,2026-01-16,83,53,True,False,erratic_payer
INV16005398,B016,B016-C1203,IT Client 203,IT & Business Services,30,422330.74,2025-10-28,2025-11-27,closed,2025-12-04,37,7,False,True,erratic_payer
INV16005399,B016,B016-C1203,IT Client 203,IT & Business Services,30,85249.37,2025-11-13,2025-12-13,closed,2025-12-14,31,1,False,False,erratic_payer
INV16005400,B016,B016-C1203,IT Client 203,IT & Business Services,30,129122.35,2025-11-17,2025-12-17,closed,2025-12-21,34,4,False,False,erratic_payer
INV16005401,B016,B016-C1203,IT Client 203,IT & Business Services,30,90425.25,2025-12-03,2026-01-02,closed,2026-01-06,34,4,False,False,erratic_payer
INV16005402,B016,B016-C1203,IT Client 203,IT & Business Services,30,143915.56,2025-12-19,2026-01-18,closed,2026-01-13,25,-5,False,False,erratic_payer
INV16005403,B016,B016-C1203,IT Client 203,IT & Business Services,30,61077.17,2026-02-08,2026-03-10,closed,2026-03-24,44,14,False,False,erratic_payer
INV16005404,B016,B016-C1203,IT Client 203,IT & Business Services,30,129640.53,2026-03-11,2026-04-10,closed,2026-04-18,38,8,False,False,erratic_payer
INV16005405,B016,B016-C1203,IT Client 203,IT & Business Services,30,90123.87,2026-04-27,2026-05-27,closed,2026-06-03,37,7,True,False,erratic_payer
INV16005406,B016,B016-C1203,IT Client 203,IT & Business Services,30,78274.41,2026-05-16,2026-06-15,closed,2026-06-15,30,0,False,False,erratic_payer
INV16005407,B016,B016-C1203,IT Client 203,IT & Business Services,30,81524.91,2026-05-18,2026-06-17,closed,2026-06-23,36,6,False,False,erratic_payer
INV16005408,B016,B016-C1203,IT Client 203,IT & Business Services,30,102979.46,2026-06-24,2026-07-24,closed,2026-07-15,21,-9,False,False,erratic_payer
INV16005409,B016,B016-C1203,IT Client 203,IT & Business Services,30,87181.25,2026-07-02,2026-08-01,closed,2026-07-29,27,-3,False,False,erratic_payer
INV16005410,B016,B016-C1203,IT Client 203,IT & Business Services,30,94994.28,2026-07-05,2026-08-04,closed,2026-07-28,23,-7,False,False,erratic_payer
INV16005411,B016,B016-C1203,IT Client 203,IT & Business Services,30,84606.9,2026-07-17,2026-08-16,closed,2026-08-31,45,15,False,False,erratic_payer
INV16005412,B016,B016-C1203,IT Client 203,IT & Business Services,30,95555.27,2026-08-28,2026-09-27,open,,,,False,False,erratic_payer
INV16005413,B016,B016-C1204,FMCG Client 204,FMCG & Food Processing,45,956924.12,2024-07-02,2024-08-16,closed,2024-08-31,60,15,False,False,average_payer
INV16005414,B016,B016-C1204,FMCG Client 204,FMCG & Food Processing,45,928665.32,2024-07-28,2024-09-11,closed,2024-09-18,52,7,False,False,average_payer
INV16005415,B016,B016-C1204,FMCG Client 204,FMCG & Food Processing,45,412788.4,2024-07-30,2024-09-13,closed,2024-09-16,48,3,False,False,average_payer
INV16005416,B016,B016-C1204,FMCG Client 204,FMCG & Food Processing,45,582012.58,2024-09-04,2024-10-19,closed,2024-10-07,33,-12,False,False,average_payer
INV16005417,B016,B016-C1204,FMCG Client 204,FMCG & Food Processing,45,700346.82,2024-10-01,2024-11-15,closed,2024-11-30,60,15,False,False,average_payer
INV16005418,B016,B016-C1204,FMCG Client 204,FMCG & Food Processing,45,466769.33,2024-10-08,2024-11-22,closed,2024-12-02,55,10,False,False,average_payer
INV16005419,B016,B016-C1204,FMCG Client 204,FMCG & Food Processing,45,980686.12,2024-11-14,2024-12-29,closed,2025-01-13,60,15,False,False,average_payer
INV16005420,B016,B016-C1204,FMCG Client 204,FMCG & Food Processing,45,406554.7,2025-01-12,2025-02-26,closed,2025-02-16,35,-10,False,False,average_payer
INV16005421,B016,B016-C1204,FMCG Client 204,FMCG & Food Processing,45,554813.75,2025-01-20,2025-03-06,closed,2025-03-23,62,17,False,False,average_payer
INV16005422,B016,B016-C1204,FMCG Client 204,FMCG & Food Processing,45,656477.26,2025-01-24,2025-03-10,closed,2025-03-21,56,11,False,False,average_payer
INV16005423,B016,B016-C1204,FMCG Client 204,FMCG & Food Processing,45,539736.33,2025-02-10,2025-03-27,closed,2025-04-07,56,11,False,False,average_payer
INV16005424,B016,B016-C1204,FMCG Client 204,FMCG & Food Processing,45,787560.38,2025-03-09,2025-04-23,closed,2025-05-08,60,15,False,False,average_payer
INV16005425,B016,B016-C1204,FMCG Client 204,FMCG & Food Processing,45,631096.89,2025-03-10,2025-04-24,closed,2025-04-16,37,-8,False,False,average_payer
INV16005426,B016,B016-C1204,FMCG Client 204,FMCG & Food Processing,45,830213.14,2025-04-22,2025-06-06,closed,2025-06-06,45,0,False,False,average_payer
INV16005427,B016,B016-C1204,FMCG Client 204,FMCG & Food Processing,45,476092.63,2025-06-23,2025-08-07,closed,2025-08-16,54,9,False,False,average_payer
INV16005428,B016,B016-C1204,FMCG Client 204,FMCG & Food Processing,45,605573.29,2025-08-19,2025-10-03,closed,2025-09-26,38,-7,False,False,average_payer
INV16005429,B016,B016-C1204,FMCG Client 204,FMCG & Food Processing,45,587575.85,2025-08-31,2025-10-15,closed,2025-10-22,52,7,False,False,average_payer
INV16005430,B016,B016-C1204,FMCG Client 204,FMCG & Food Processing,45,669414.29,2025-09-13,2025-10-28,closed,2025-11-09,57,12,False,False,average_payer
INV16005431,B016,B016-C1204,FMCG Client 204,FMCG & Food Processing,45,596054.04,2025-10-11,2025-11-25,closed,2025-12-05,55,10,False,False,average_payer
INV16005432,B016,B016-C1204,FMCG Client 204,FMCG & Food Processing,45,478125.47,2025-10-18,2025-12-02,closed,2025-11-28,41,-4,False,False,average_payer
INV16005433,B016,B016-C1204,FMCG Client 204,FMCG & Food Processing,45,871046.08,2026-01-25,2026-03-11,closed,2026-03-07,41,-4,False,False,average_payer
INV16005434,B016,B016-C1204,FMCG Client 204,FMCG & Food Processing,45,403538.04,2026-02-02,2026-03-19,closed,2026-03-18,44,-1,False,False,average_payer
INV16005435,B016,B016-C1204,FMCG Client 204,FMCG & Food Processing,45,841748.6,2026-04-10,2026-05-25,closed,2026-06-04,55,10,False,False,average_payer
INV16005436,B016,B016-C1204,FMCG Client 204,FMCG & Food Processing,45,383592.36,2026-05-10,2026-06-24,closed,2026-06-23,44,-1,False,False,average_payer
INV16005437,B016,B016-C1204,FMCG Client 204,FMCG & Food Processing,45,346424.06,2026-05-24,2026-07-08,closed,2026-07-07,44,-1,False,False,average_payer
INV16005438,B016,B016-C1204,FMCG Client 204,FMCG & Food Processing,45,328658.98,2026-06-06,2026-07-21,closed,2026-07-30,54,9,False,False,average_payer
INV16005439,B016,B016-C1204,FMCG Client 204,FMCG & Food Processing,45,527207.0,2026-07-03,2026-08-17,closed,2026-09-01,60,15,True,False,average_payer
INV16005440,B016,B016-C1204,FMCG Client 204,FMCG & Food Processing,45,452119.44,2026-07-16,2026-08-30,open,,,,False,False,average_payer
INV16005441,B016,B016-C1204,FMCG Client 204,FMCG & Food Processing,45,519039.43,2026-08-11,2026-09-25,open,,,,False,False,average_payer
INV16005442,B016,B016-C1204,FMCG Client 204,FMCG & Food Processing,45,868130.94,2026-08-22,2026-10-06,open,,,,False,False,average_payer
INV16005443,B016,B016-C1205,Pharma Client 205,Pharma & Healthcare,45,736995.93,2024-04-15,2024-05-30,closed,2024-06-13,59,14,False,False,cold_start
INV16005444,B016,B016-C1205,Pharma Client 205,Pharma & Healthcare,45,673095.58,2026-03-06,2026-04-20,closed,2026-05-01,56,11,False,False,cold_start
INV16005445,B016,B016-C1205,Pharma Client 205,Pharma & Healthcare,45,515056.03,2026-08-07,2026-09-21,open,,,,False,False,cold_start
INV16005446,B016,B016-C1206,Pharma Client 206,Pharma & Healthcare,30,247705.16,2024-04-04,2024-05-04,closed,2024-05-07,33,3,False,False,erratic_payer
INV16005447,B016,B016-C1206,Pharma Client 206,Pharma & Healthcare,30,232210.56,2024-10-18,2024-11-17,open,,,,False,False,erratic_payer
INV16005448,B016,B016-C1206,Pharma Client 206,Pharma & Healthcare,30,182847.57,2025-01-21,2025-02-20,closed,2025-02-27,37,7,False,False,erratic_payer
INV16005449,B016,B016-C1206,Pharma Client 206,Pharma & Healthcare,30,986844.12,2025-02-21,2025-03-23,closed,2025-04-08,46,16,True,True,erratic_payer
INV16005450,B016,B016-C1206,Pharma Client 206,Pharma & Healthcare,30,189680.3,2025-03-04,2025-04-03,closed,2025-04-12,39,9,False,False,erratic_payer
INV16005451,B016,B016-C1206,Pharma Client 206,Pharma & Healthcare,30,221279.86,2025-04-05,2025-05-05,closed,2025-05-20,45,15,False,False,erratic_payer
INV16005452,B016,B016-C1206,Pharma Client 206,Pharma & Healthcare,30,244685.21,2025-11-15,2025-12-15,closed,2025-12-07,22,-8,False,False,erratic_payer
INV16005453,B016,B016-C1206,Pharma Client 206,Pharma & Healthcare,30,632568.33,2025-11-26,2025-12-26,open,,,,False,False,erratic_payer
INV16005454,B016,B016-C1206,Pharma Client 206,Pharma & Healthcare,30,355320.65,2026-01-01,2026-01-31,closed,2026-02-07,37,7,False,False,erratic_payer
INV16005455,B016,B016-C1206,Pharma Client 206,Pharma & Healthcare,30,193311.38,2026-02-10,2026-03-12,closed,2026-03-23,41,11,False,False,erratic_payer
INV16005456,B016,B016-C1206,Pharma Client 206,Pharma & Healthcare,30,161930.9,2026-06-03,2026-07-03,disputed_open,,,,False,False,erratic_payer
INV16005457,B016,B016-C1207,Electronics Client 207,Electronics & Electricals,45,100687.21,2025-05-01,2025-06-15,closed,2025-07-02,62,17,False,False,cold_start
INV16005458,B016,B016-C1207,Electronics Client 207,Electronics & Electricals,45,119169.18,2025-12-05,2026-01-19,closed,2026-01-30,56,11,False,False,cold_start
INV16005459,B016,B016-C1207,Electronics Client 207,Electronics & Electricals,45,101203.8,2026-04-27,2026-06-11,closed,2026-06-23,57,12,False,False,cold_start
INV16005460,B016,B016-C1208,Retail Client 208,Retail & Distribution,45,211289.32,2024-04-18,2024-06-02,closed,2024-05-31,43,-2,False,False,deteriorating_payer
INV16005461,B016,B016-C1208,Retail Client 208,Retail & Distribution,45,121650.44,2024-05-05,2024-06-19,open,,,,False,False,deteriorating_payer
INV16005462,B016,B016-C1208,Retail Client 208,Retail & Distribution,45,264326.44,2024-09-01,2024-10-16,closed,2024-10-30,59,14,False,False,deteriorating_payer
INV16005463,B016,B016-C1208,Retail Client 208,Retail & Distribution,45,159947.72,2024-09-13,2024-10-28,closed,2024-10-26,43,-2,False,False,deteriorating_payer
INV16005464,B016,B016-C1208,Retail Client 208,Retail & Distribution,45,145073.78,2024-10-01,2024-11-15,closed,2024-11-20,50,5,False,False,deteriorating_payer
INV16005465,B016,B016-C1208,Retail Client 208,Retail & Distribution,45,235842.58,2024-10-31,2024-12-15,closed,2024-12-22,52,7,False,False,deteriorating_payer
INV16005466,B016,B016-C1208,Retail Client 208,Retail & Distribution,45,216436.16,2024-12-26,2025-02-09,closed,2025-03-05,69,24,False,False,deteriorating_payer
INV16005467,B016,B016-C1208,Retail Client 208,Retail & Distribution,45,267823.15,2025-03-18,2025-05-02,closed,2025-06-08,82,37,False,False,deteriorating_payer
INV16005468,B016,B016-C1208,Retail Client 208,Retail & Distribution,45,236071.55,2025-04-14,2025-05-29,closed,2025-06-09,56,11,False,False,deteriorating_payer
INV16005469,B016,B016-C1208,Retail Client 208,Retail & Distribution,45,156432.08,2025-05-10,2025-06-24,closed,2025-06-27,48,3,False,False,deteriorating_payer
INV16005470,B016,B016-C1208,Retail Client 208,Retail & Distribution,45,267614.24,2025-05-16,2025-06-30,closed,2025-07-17,62,17,False,False,deteriorating_payer
INV16005471,B016,B016-C1208,Retail Client 208,Retail & Distribution,45,169086.32,2025-07-18,2025-09-01,closed,2025-09-19,63,18,False,False,deteriorating_payer
INV16005472,B016,B016-C1208,Retail Client 208,Retail & Distribution,45,177054.71,2025-08-08,2025-09-22,closed,2025-09-29,52,7,False,False,deteriorating_payer
INV16005473,B016,B016-C1208,Retail Client 208,Retail & Distribution,45,208241.09,2025-10-08,2025-11-22,closed,2025-12-11,64,19,False,False,deteriorating_payer
INV16005474,B016,B016-C1208,Retail Client 208,Retail & Distribution,45,267274.65,2025-11-30,2026-01-14,closed,2026-02-02,64,19,False,False,deteriorating_payer
INV16005475,B016,B016-C1208,Retail Client 208,Retail & Distribution,45,147636.6,2025-12-07,2026-01-21,closed,2026-01-25,49,4,False,False,deteriorating_payer
INV16005476,B016,B016-C1208,Retail Client 208,Retail & Distribution,45,191633.93,2025-12-08,2026-01-22,closed,2026-02-27,81,36,False,False,deteriorating_payer
INV16005477,B016,B016-C1208,Retail Client 208,Retail & Distribution,45,170526.95,2025-12-17,2026-01-31,closed,2026-03-16,89,44,False,False,deteriorating_payer
INV16005478,B016,B016-C1208,Retail Client 208,Retail & Distribution,45,173795.73,2025-12-25,2026-02-08,closed,2026-02-22,59,14,False,False,deteriorating_payer
INV16005479,B016,B016-C1208,Retail Client 208,Retail & Distribution,45,132705.62,2026-02-24,2026-04-10,closed,2026-05-02,67,22,False,False,deteriorating_payer
INV16005480,B016,B016-C1208,Retail Client 208,Retail & Distribution,45,225609.8,2026-03-19,2026-05-03,closed,2026-06-20,93,48,False,False,deteriorating_payer
INV16005481,B016,B016-C1208,Retail Client 208,Retail & Distribution,45,153098.46,2026-03-30,2026-05-14,closed,2026-06-24,86,41,False,False,deteriorating_payer
INV16005482,B016,B016-C1208,Retail Client 208,Retail & Distribution,45,120109.3,2026-04-05,2026-05-20,closed,2026-07-06,92,47,False,False,deteriorating_payer
INV16005483,B016,B016-C1208,Retail Client 208,Retail & Distribution,45,240420.72,2026-05-01,2026-06-15,closed,2026-06-23,53,8,False,False,deteriorating_payer
INV16005484,B016,B016-C1208,Retail Client 208,Retail & Distribution,45,120052.9,2026-05-22,2026-07-06,closed,2026-08-10,80,35,False,False,deteriorating_payer
INV16005485,B016,B016-C1208,Retail Client 208,Retail & Distribution,45,190276.14,2026-07-16,2026-08-30,open,,,,False,False,deteriorating_payer
INV16005486,B016,B016-C1208,Retail Client 208,Retail & Distribution,45,130832.34,2026-07-18,2026-09-01,open,,,,False,False,deteriorating_payer
INV16005487,B016,B016-C1208,Retail Client 208,Retail & Distribution,45,197221.67,2026-08-18,2026-10-02,open,,,,False,False,deteriorating_payer
INV16005488,B016,B016-C1209,Retail Client 209,Retail & Distribution,15,15950.33,2024-06-09,2024-06-24,closed,2024-06-22,13,-2,False,False,deteriorating_payer
INV16005489,B016,B016-C1209,Retail Client 209,Retail & Distribution,15,8490.15,2024-07-05,2024-07-20,closed,2024-07-19,14,-1,False,False,deteriorating_payer
INV16005490,B016,B016-C1209,Retail Client 209,Retail & Distribution,15,14842.64,2024-07-19,2024-08-03,closed,2024-08-07,19,4,False,False,deteriorating_payer
INV16005491,B016,B016-C1209,Retail Client 209,Retail & Distribution,15,15744.19,2024-09-17,2024-10-02,closed,2024-10-30,43,28,False,False,deteriorating_payer
INV16005492,B016,B016-C1209,Retail Client 209,Retail & Distribution,15,21582.59,2024-11-05,2024-11-20,closed,2024-12-07,32,17,False,False,deteriorating_payer
INV16005493,B016,B016-C1209,Retail Client 209,Retail & Distribution,15,20749.68,2025-01-03,2025-01-18,closed,2025-03-01,57,42,False,False,deteriorating_payer
INV16005494,B016,B016-C1209,Retail Client 209,Retail & Distribution,15,15868.95,2025-04-27,2025-05-12,closed,2025-06-07,41,26,False,False,deteriorating_payer
INV16005495,B016,B016-C1209,Retail Client 209,Retail & Distribution,15,13099.43,2025-08-06,2025-08-21,closed,2025-09-10,35,20,False,False,deteriorating_payer
INV16005496,B016,B016-C1209,Retail Client 209,Retail & Distribution,15,20009.93,2025-12-28,2026-01-12,closed,2026-02-06,40,25,False,False,deteriorating_payer
INV16005497,B016,B016-C1209,Retail Client 209,Retail & Distribution,15,17777.44,2026-02-17,2026-03-04,closed,2026-04-01,43,28,False,False,deteriorating_payer
INV16005498,B016,B016-C1209,Retail Client 209,Retail & Distribution,15,23284.22,2026-05-11,2026-05-26,closed,2026-07-07,57,42,False,False,deteriorating_payer
INV16005499,B016,B016-C1210,Retail Client 210,Retail & Distribution,45,92346.98,2024-03-19,2024-05-03,closed,2024-06-02,75,30,False,False,improving_payer
INV16005500,B016,B016-C1210,Retail Client 210,Retail & Distribution,45,65062.64,2024-03-31,2024-05-15,closed,2024-06-12,73,28,False,False,improving_payer
INV16005501,B016,B016-C1210,Retail Client 210,Retail & Distribution,45,158194.63,2024-04-09,2024-05-24,closed,2024-06-30,82,37,False,False,improving_payer
INV16005502,B016,B016-C1210,Retail Client 210,Retail & Distribution,45,104825.03,2024-04-25,2024-06-09,closed,2024-07-16,82,37,False,False,improving_payer
INV16005503,B016,B016-C1210,Retail Client 210,Retail & Distribution,45,87943.67,2024-04-28,2024-06-12,closed,2024-07-13,76,31,False,False,improving_payer
INV16005504,B016,B016-C1210,Retail Client 210,Retail & Distribution,45,100820.91,2024-06-22,2024-08-06,closed,2024-09-04,74,29,False,False,improving_payer
INV16005505,B016,B016-C1210,Retail Client 210,Retail & Distribution,45,71957.0,2024-07-10,2024-08-24,closed,2024-09-19,71,26,False,False,improving_payer
INV16005506,B016,B016-C1210,Retail Client 210,Retail & Distribution,45,82702.78,2024-08-07,2024-09-21,closed,2024-10-07,61,16,False,False,improving_payer
INV16005507,B016,B016-C1210,Retail Client 210,Retail & Distribution,45,331683.22,2024-08-21,2024-10-05,closed,2024-10-22,62,17,False,True,improving_payer
INV16005508,B016,B016-C1210,Retail Client 210,Retail & Distribution,45,84377.03,2024-11-17,2025-01-01,closed,2025-02-06,81,36,False,False,improving_payer
INV16005509,B016,B016-C1210,Retail Client 210,Retail & Distribution,45,74151.62,2024-11-24,2025-01-08,closed,2025-01-31,68,23,False,False,improving_payer
INV16005510,B016,B016-C1210,Retail Client 210,Retail & Distribution,45,92102.22,2024-12-25,2025-02-08,closed,2025-02-28,65,20,False,False,improving_payer
INV16005511,B016,B016-C1210,Retail Client 210,Retail & Distribution,45,111566.44,2025-02-07,2025-03-24,closed,2025-04-18,70,25,False,False,improving_payer
INV16005512,B016,B016-C1210,Retail Client 210,Retail & Distribution,45,135623.28,2025-02-13,2025-03-30,closed,2025-04-16,62,17,False,False,improving_payer
INV16005513,B016,B016-C1210,Retail Client 210,Retail & Distribution,45,73971.54,2025-03-08,2025-04-22,closed,2025-06-04,88,43,False,False,improving_payer
INV16005514,B016,B016-C1210,Retail Client 210,Retail & Distribution,45,102152.28,2025-03-12,2025-04-26,closed,2025-05-24,73,28,False,False,improving_payer
INV16005515,B016,B016-C1210,Retail Client 210,Retail & Distribution,45,97564.63,2025-03-31,2025-05-15,closed,2025-06-05,66,21,False,False,improving_payer
INV16005516,B016,B016-C1210,Retail Client 210,Retail & Distribution,45,98844.39,2025-05-09,2025-06-23,closed,2025-07-17,69,24,False,False,improving_payer
INV16005517,B016,B016-C1210,Retail Client 210,Retail & Distribution,45,105244.14,2025-05-27,2025-07-11,closed,2025-07-26,60,15,False,False,improving_payer
INV16005518,B016,B016-C1210,Retail Client 210,Retail & Distribution,45,61465.84,2025-05-28,2025-07-12,closed,2025-07-28,61,16,False,False,improving_payer
INV16005519,B016,B016-C1210,Retail Client 210,Retail & Distribution,45,67637.91,2025-08-20,2025-10-04,closed,2025-10-27,68,23,False,False,improving_payer
INV16005520,B016,B016-C1210,Retail Client 210,Retail & Distribution,45,393168.09,2025-10-18,2025-12-02,closed,2025-12-12,55,10,False,True,improving_payer
INV16005521,B016,B016-C1210,Retail Client 210,Retail & Distribution,45,73759.03,2025-11-06,2025-12-21,closed,2025-12-24,48,3,False,False,improving_payer
INV16005522,B016,B016-C1210,Retail Client 210,Retail & Distribution,45,93405.83,2025-12-28,2026-02-11,closed,2026-03-15,77,32,False,False,improving_payer
INV16005523,B016,B016-C1210,Retail Client 210,Retail & Distribution,45,74698.52,2026-01-19,2026-03-05,closed,2026-03-23,63,18,False,False,improving_payer
INV16005524,B016,B016-C1210,Retail Client 210,Retail & Distribution,45,122739.82,2026-01-27,2026-03-13,closed,2026-03-15,47,2,False,False,improving_payer
INV16005525,B016,B016-C1210,Retail Client 210,Retail & Distribution,45,123834.8,2026-03-09,2026-04-23,closed,2026-05-06,58,13,False,False,improving_payer
INV16005526,B016,B016-C1210,Retail Client 210,Retail & Distribution,45,108745.43,2026-03-14,2026-04-28,closed,2026-05-17,64,19,False,False,improving_payer
INV16005527,B016,B016-C1210,Retail Client 210,Retail & Distribution,45,89561.59,2026-03-23,2026-05-07,closed,2026-05-12,50,5,False,False,improving_payer
INV16005528,B016,B016-C1210,Retail Client 210,Retail & Distribution,45,59837.75,2026-03-23,2026-05-07,closed,2026-05-26,64,19,False,False,improving_payer
INV16005529,B016,B016-C1210,Retail Client 210,Retail & Distribution,45,133661.94,2026-04-01,2026-05-16,closed,2026-05-11,40,-5,False,False,improving_payer
INV16005530,B016,B016-C1210,Retail Client 210,Retail & Distribution,45,202115.31,2026-04-17,2026-06-01,closed,2026-06-17,61,16,False,False,improving_payer
INV16005531,B016,B016-C1210,Retail Client 210,Retail & Distribution,45,127833.2,2026-04-28,2026-06-12,closed,2026-06-25,58,13,True,False,improving_payer
INV16005532,B016,B016-C1210,Retail Client 210,Retail & Distribution,45,99579.24,2026-06-13,2026-07-28,closed,2026-08-05,53,8,False,False,improving_payer
INV16005533,B016,B016-C1210,Retail Client 210,Retail & Distribution,45,80890.51,2026-06-14,2026-07-29,closed,2026-08-09,56,11,False,False,improving_payer
INV16005534,B016,B016-C1210,Retail Client 210,Retail & Distribution,45,121907.27,2026-06-25,2026-08-09,closed,2026-08-14,50,5,False,False,improving_payer
INV16005535,B016,B016-C1210,Retail Client 210,Retail & Distribution,45,87920.0,2026-07-10,2026-08-24,closed,2026-08-24,45,0,False,False,improving_payer
INV16005536,B016,B016-C1210,Retail Client 210,Retail & Distribution,45,82778.92,2026-07-17,2026-08-31,disputed_open,,,,False,False,improving_payer
INV16005537,B016,B016-C1210,Retail Client 210,Retail & Distribution,45,96990.32,2026-08-24,2026-10-08,open,,,,False,False,improving_payer
INV16005538,B016,B016-C1211,Construction Client 211,Construction & Infra,90,478298.73,2024-03-17,2024-06-15,closed,2024-06-14,89,-1,False,False,average_payer
INV16005539,B016,B016-C1211,Construction Client 211,Construction & Infra,90,611402.18,2024-04-06,2024-07-05,closed,2024-07-05,90,0,False,False,average_payer
INV16005540,B016,B016-C1211,Construction Client 211,Construction & Infra,90,686790.72,2024-08-07,2024-11-05,closed,2024-11-06,91,1,False,False,average_payer
INV16005541,B016,B016-C1211,Construction Client 211,Construction & Infra,90,625116.6,2024-09-04,2024-12-03,closed,2024-12-09,96,6,False,False,average_payer
INV16005542,B016,B016-C1211,Construction Client 211,Construction & Infra,90,521834.27,2024-11-15,2025-02-13,closed,2025-02-16,93,3,False,False,average_payer
INV16005543,B016,B016-C1211,Construction Client 211,Construction & Infra,90,506134.07,2024-12-09,2025-03-09,closed,2025-03-15,96,6,False,False,average_payer
INV16005544,B016,B016-C1211,Construction Client 211,Construction & Infra,90,332617.1,2024-12-10,2025-03-10,closed,2025-03-17,97,7,False,False,average_payer
INV16005545,B016,B016-C1211,Construction Client 211,Construction & Infra,90,699765.38,2024-12-12,2025-03-12,closed,2025-03-23,101,11,False,False,average_payer
INV16005546,B016,B016-C1211,Construction Client 211,Construction & Infra,90,317291.94,2024-12-20,2025-03-20,closed,2025-03-08,78,-12,False,False,average_payer
INV16005547,B016,B016-C1211,Construction Client 211,Construction & Infra,90,377288.44,2024-12-23,2025-03-23,closed,2025-03-29,96,6,False,False,average_payer
INV16005548,B016,B016-C1211,Construction Client 211,Construction & Infra,90,846439.29,2025-02-24,2025-05-25,closed,2025-06-09,105,15,False,False,average_payer
INV16005549,B016,B016-C1211,Construction Client 211,Construction & Infra,90,407733.75,2025-02-27,2025-05-28,closed,2025-06-05,98,8,False,False,average_payer
INV16005550,B016,B016-C1211,Construction Client 211,Construction & Infra,90,472414.25,2025-04-01,2025-06-30,closed,2025-07-06,96,6,True,False,average_payer
INV16005551,B016,B016-C1211,Construction Client 211,Construction & Infra,90,445287.25,2025-04-12,2025-07-11,closed,2025-07-17,96,6,False,False,average_payer
INV16005552,B016,B016-C1211,Construction Client 211,Construction & Infra,90,250493.84,2025-06-03,2025-09-01,closed,2025-09-04,93,3,False,False,average_payer
INV16005553,B016,B016-C1211,Construction Client 211,Construction & Infra,90,406536.01,2025-06-08,2025-09-06,closed,2025-09-03,87,-3,False,False,average_payer
INV16005554,B016,B016-C1211,Construction Client 211,Construction & Infra,90,2440590.77,2025-06-12,2025-09-10,closed,2025-09-13,93,3,False,True,average_payer
INV16005555,B016,B016-C1211,Construction Client 211,Construction & Infra,90,505877.27,2025-08-30,2025-11-28,closed,2025-12-11,103,13,False,False,average_payer
INV16005556,B016,B016-C1211,Construction Client 211,Construction & Infra,90,550521.8,2025-09-02,2025-12-01,closed,2025-12-05,94,4,False,False,average_payer
INV16005557,B016,B016-C1211,Construction Client 211,Construction & Infra,90,2448581.83,2025-11-04,2026-02-02,closed,2026-02-17,105,15,False,True,average_payer
INV16005558,B016,B016-C1211,Construction Client 211,Construction & Infra,90,581619.03,2026-01-25,2026-04-25,closed,2026-04-26,91,1,False,False,average_payer
INV16005559,B016,B016-C1211,Construction Client 211,Construction & Infra,90,539366.66,2026-02-24,2026-05-25,closed,2026-05-28,93,3,False,False,average_payer
INV16005560,B016,B016-C1211,Construction Client 211,Construction & Infra,90,638335.7,2026-03-18,2026-06-16,closed,2026-06-24,98,8,False,False,average_payer
INV16005561,B016,B016-C1211,Construction Client 211,Construction & Infra,90,311537.18,2026-06-01,2026-08-30,closed,2026-08-25,85,-5,False,False,average_payer
INV16005562,B016,B016-C1211,Construction Client 211,Construction & Infra,90,415752.74,2026-06-24,2026-09-22,disputed_open,,,,False,False,average_payer
INV16005563,B016,B016-C1211,Construction Client 211,Construction & Infra,90,452055.05,2026-07-21,2026-10-19,open,,,,False,False,average_payer
INV16005564,B016,B016-C1211,Construction Client 211,Construction & Infra,90,666887.7,2026-08-03,2026-11-01,open,,,,False,False,average_payer
INV16005565,B016,B016-C1212,Auto Client 212,Auto Components,60,42552.68,2025-02-03,2025-04-04,closed,2025-04-14,70,10,False,False,cold_start
INV16005566,B016,B016-C1212,Auto Client 212,Auto Components,60,72873.42,2025-12-02,2026-01-31,closed,2026-02-22,82,22,False,False,cold_start
INV16005567,B016,B016-C1213,Auto Client 213,Auto Components,30,47969.19,2024-05-28,2024-06-27,closed,2024-07-01,34,4,False,False,average_payer
INV16005568,B016,B016-C1213,Auto Client 213,Auto Components,30,48907.85,2024-06-07,2024-07-07,closed,2024-07-07,30,0,False,False,average_payer
INV16005569,B016,B016-C1213,Auto Client 213,Auto Components,30,47494.38,2024-08-19,2024-09-18,closed,2024-09-19,31,1,False,False,average_payer
INV16005570,B016,B016-C1213,Auto Client 213,Auto Components,30,66678.77,2024-08-21,2024-09-20,closed,2024-10-02,42,12,False,False,average_payer
INV16005571,B016,B016-C1213,Auto Client 213,Auto Components,30,68420.83,2024-10-02,2024-11-01,closed,2024-11-11,40,10,False,False,average_payer
INV16005572,B016,B016-C1213,Auto Client 213,Auto Components,30,45873.31,2024-11-22,2024-12-22,closed,2024-12-26,34,4,False,False,average_payer
INV16005573,B016,B016-C1213,Auto Client 213,Auto Components,30,86459.67,2025-01-02,2025-02-01,closed,2025-02-04,33,3,False,False,average_payer
INV16005574,B016,B016-C1213,Auto Client 213,Auto Components,30,55990.08,2025-01-25,2025-02-24,closed,2025-02-25,31,1,False,False,average_payer
INV16005575,B016,B016-C1213,Auto Client 213,Auto Components,30,44492.52,2025-02-01,2025-03-03,closed,2025-03-11,38,8,False,False,average_payer
INV16005576,B016,B016-C1213,Auto Client 213,Auto Components,30,47475.64,2025-02-19,2025-03-21,closed,2025-04-01,41,11,False,False,average_payer
INV16005577,B016,B016-C1213,Auto Client 213,Auto Components,30,49804.24,2025-03-13,2025-04-12,closed,2025-04-29,47,17,False,False,average_payer
INV16005578,B016,B016-C1213,Auto Client 213,Auto Components,30,69115.69,2025-03-26,2025-04-25,closed,2025-04-23,28,-2,False,False,average_payer
INV16005579,B016,B016-C1213,Auto Client 213,Auto Components,30,58320.98,2025-04-14,2025-05-14,closed,2025-05-24,40,10,False,False,average_payer
INV16005580,B016,B016-C1213,Auto Client 213,Auto Components,30,63808.19,2025-05-05,2025-06-04,closed,2025-06-12,38,8,False,False,average_payer
INV16005581,B016,B016-C1213,Auto Client 213,Auto Components,30,59663.88,2025-05-20,2025-06-19,closed,2025-06-30,41,11,False,False,average_payer
INV16005582,B016,B016-C1213,Auto Client 213,Auto Components,30,82026.7,2025-05-31,2025-06-30,closed,2025-07-09,39,9,False,False,average_payer
INV16005583,B016,B016-C1213,Auto Client 213,Auto Components,30,48405.95,2025-06-11,2025-07-11,closed,2025-07-13,32,2,False,False,average_payer
INV16005584,B016,B016-C1213,Auto Client 213,Auto Components,30,56304.0,2025-06-17,2025-07-17,closed,2025-07-24,37,7,False,False,average_payer
INV16005585,B016,B016-C1213,Auto Client 213,Auto Components,30,59667.7,2025-07-15,2025-08-14,closed,2025-08-12,28,-2,False,False,average_payer
INV16005586,B016,B016-C1213,Auto Client 213,Auto Components,30,63575.45,2025-08-01,2025-08-31,closed,2025-09-11,41,11,False,False,average_payer
INV16005587,B016,B016-C1213,Auto Client 213,Auto Components,30,46949.34,2025-08-08,2025-09-07,closed,2025-09-15,38,8,False,False,average_payer
INV16005588,B016,B016-C1213,Auto Client 213,Auto Components,30,62971.8,2025-08-30,2025-09-29,closed,2025-10-02,33,3,False,False,average_payer
INV16005589,B016,B016-C1213,Auto Client 213,Auto Components,30,81825.37,2025-09-30,2025-10-30,closed,2025-11-09,40,10,False,False,average_payer
INV16005590,B016,B016-C1213,Auto Client 213,Auto Components,30,44105.78,2025-10-07,2025-11-06,closed,2025-11-14,38,8,False,False,average_payer
INV16005591,B016,B016-C1213,Auto Client 213,Auto Components,30,68554.75,2025-10-08,2025-11-07,closed,2025-11-10,33,3,False,False,average_payer
INV16005592,B016,B016-C1213,Auto Client 213,Auto Components,30,84565.39,2025-11-12,2025-12-12,closed,2025-12-07,25,-5,False,False,average_payer
INV16005593,B016,B016-C1213,Auto Client 213,Auto Components,30,131398.29,2026-01-03,2026-02-02,closed,2026-01-30,27,-3,False,True,average_payer
INV16005594,B016,B016-C1213,Auto Client 213,Auto Components,30,68038.6,2026-01-13,2026-02-12,closed,2026-02-23,41,11,False,False,average_payer
INV16005595,B016,B016-C1213,Auto Client 213,Auto Components,30,26190.81,2026-01-16,2026-02-15,closed,2026-02-17,32,2,False,False,average_payer
INV16005596,B016,B016-C1213,Auto Client 213,Auto Components,30,52964.07,2026-01-28,2026-02-27,closed,2026-03-05,36,6,True,False,average_payer
INV16005597,B016,B016-C1213,Auto Client 213,Auto Components,30,54168.57,2026-02-14,2026-03-16,closed,2026-03-26,40,10,False,False,average_payer
INV16005598,B016,B016-C1213,Auto Client 213,Auto Components,30,85940.23,2026-02-27,2026-03-29,closed,2026-04-17,49,19,False,False,average_payer
INV16005599,B016,B016-C1213,Auto Client 213,Auto Components,30,77102.85,2026-03-11,2026-04-10,closed,2026-04-19,39,9,False,False,average_payer
INV16005600,B016,B016-C1213,Auto Client 213,Auto Components,30,53174.44,2026-03-26,2026-04-25,closed,2026-04-22,27,-3,False,False,average_payer
INV16005601,B016,B016-C1213,Auto Client 213,Auto Components,30,64664.87,2026-04-04,2026-05-04,closed,2026-05-16,42,12,False,False,average_payer
INV16005602,B016,B016-C1213,Auto Client 213,Auto Components,30,101602.41,2026-06-01,2026-07-01,closed,2026-07-07,36,6,False,False,average_payer
INV16005603,B016,B016-C1213,Auto Client 213,Auto Components,30,68675.02,2026-07-18,2026-08-17,closed,2026-08-26,39,9,False,False,average_payer
INV16005604,B016,B016-C1214,Chemicals Client 214,Chemicals & Plastics,30,76482.47,2024-04-10,2024-05-10,closed,2024-05-21,41,11,False,False,average_payer
INV16005605,B016,B016-C1214,Chemicals Client 214,Chemicals & Plastics,30,128571.04,2024-04-30,2024-05-30,closed,2024-05-31,31,1,False,False,average_payer
INV16005606,B016,B016-C1214,Chemicals Client 214,Chemicals & Plastics,30,54790.94,2024-05-10,2024-06-09,closed,2024-06-15,36,6,False,False,average_payer
INV16005607,B016,B016-C1214,Chemicals Client 214,Chemicals & Plastics,30,124816.11,2024-06-30,2024-07-30,closed,2024-08-07,38,8,False,False,average_payer
INV16005608,B016,B016-C1214,Chemicals Client 214,Chemicals & Plastics,30,111032.13,2024-07-28,2024-08-27,closed,2024-09-04,38,8,False,False,average_payer
INV16005609,B016,B016-C1214,Chemicals Client 214,Chemicals & Plastics,30,80555.3,2024-09-30,2024-10-30,closed,2024-11-01,32,2,False,False,average_payer
INV16005610,B016,B016-C1214,Chemicals Client 214,Chemicals & Plastics,30,153492.57,2024-10-22,2024-11-21,closed,2024-11-24,33,3,False,False,average_payer
INV16005611,B016,B016-C1214,Chemicals Client 214,Chemicals & Plastics,30,75365.12,2024-11-02,2024-12-02,closed,2024-11-21,19,-11,False,False,average_payer
INV16005612,B016,B016-C1214,Chemicals Client 214,Chemicals & Plastics,30,101053.92,2024-11-28,2024-12-28,closed,2025-01-10,43,13,False,False,average_payer
INV16005613,B016,B016-C1214,Chemicals Client 214,Chemicals & Plastics,30,137910.73,2024-12-04,2025-01-03,closed,2025-01-15,42,12,False,False,average_payer
INV16005614,B016,B016-C1214,Chemicals Client 214,Chemicals & Plastics,30,338821.91,2024-12-10,2025-01-09,closed,2025-01-21,42,12,False,True,average_payer
INV16005615,B016,B016-C1214,Chemicals Client 214,Chemicals & Plastics,30,553443.89,2025-01-22,2025-02-21,closed,2025-02-27,36,6,False,True,average_payer
INV16005616,B016,B016-C1214,Chemicals Client 214,Chemicals & Plastics,30,348637.35,2025-05-27,2025-06-26,closed,2025-06-27,31,1,False,True,average_payer
INV16005617,B016,B016-C1214,Chemicals Client 214,Chemicals & Plastics,30,106720.82,2025-06-02,2025-07-02,closed,2025-07-06,34,4,False,False,average_payer
INV16005618,B016,B016-C1214,Chemicals Client 214,Chemicals & Plastics,30,116951.77,2025-10-26,2025-11-25,closed,2025-11-25,30,0,False,False,average_payer
INV16005619,B016,B016-C1214,Chemicals Client 214,Chemicals & Plastics,30,75343.5,2025-12-01,2025-12-31,closed,2026-01-03,33,3,False,False,average_payer
INV16005620,B016,B016-C1214,Chemicals Client 214,Chemicals & Plastics,30,115645.43,2025-12-05,2026-01-04,closed,2025-12-31,26,-4,False,False,average_payer
INV16005621,B016,B016-C1214,Chemicals Client 214,Chemicals & Plastics,30,85130.13,2025-12-22,2026-01-21,closed,2026-01-29,38,8,False,False,average_payer
INV16005622,B016,B016-C1214,Chemicals Client 214,Chemicals & Plastics,30,144127.42,2025-12-31,2026-01-30,closed,2026-01-26,26,-4,False,False,average_payer
INV16005623,B016,B016-C1214,Chemicals Client 214,Chemicals & Plastics,30,188280.62,2026-01-22,2026-02-21,closed,2026-03-11,48,18,False,False,average_payer
INV16005624,B016,B016-C1214,Chemicals Client 214,Chemicals & Plastics,30,69749.12,2026-02-16,2026-03-18,closed,2026-03-25,37,7,False,False,average_payer
INV16005625,B016,B016-C1214,Chemicals Client 214,Chemicals & Plastics,30,59760.43,2026-02-21,2026-03-23,closed,2026-03-24,31,1,False,False,average_payer
INV16005626,B016,B016-C1214,Chemicals Client 214,Chemicals & Plastics,30,190757.07,2026-04-23,2026-05-23,closed,2026-06-15,53,23,False,False,average_payer
INV16005627,B016,B016-C1214,Chemicals Client 214,Chemicals & Plastics,30,115483.31,2026-06-01,2026-07-01,closed,2026-07-18,47,17,False,False,average_payer
INV16005628,B016,B016-C1214,Chemicals Client 214,Chemicals & Plastics,30,65045.21,2026-06-03,2026-07-03,closed,2026-07-11,38,8,False,False,average_payer
INV16005629,B016,B016-C1215,FMCG Client 215,FMCG & Food Processing,45,2656.69,2025-07-03,2025-08-17,closed,2025-09-01,60,15,False,False,cold_start
INV16005630,B016,B016-C1215,FMCG Client 215,FMCG & Food Processing,45,4580.7,2025-09-23,2025-11-07,closed,2025-11-06,44,-1,False,False,cold_start
INV16005631,B016,B016-C1215,FMCG Client 215,FMCG & Food Processing,45,2594.75,2025-10-08,2025-11-22,closed,2025-12-17,70,25,False,False,cold_start
INV16005632,B016,B016-C1216,Textiles Client 216,Textiles & Apparel,30,914792.19,2026-01-24,2026-02-23,closed,2026-02-13,20,-10,False,False,cold_start
INV16005633,B016,B016-C1216,Textiles Client 216,Textiles & Apparel,30,2188288.33,2026-03-24,2026-04-23,closed,2026-05-02,39,9,False,True,cold_start
INV16005634,B016,B016-C1217,Electronics Client 217,Electronics & Electricals,30,45623.28,2024-05-31,2024-06-30,closed,2024-07-23,53,23,False,False,chronic_late_payer
INV16005635,B016,B016-C1217,Electronics Client 217,Electronics & Electricals,30,51382.47,2024-06-28,2024-07-28,closed,2024-09-02,66,36,False,False,chronic_late_payer
INV16005636,B016,B016-C1217,Electronics Client 217,Electronics & Electricals,30,62317.55,2024-09-23,2024-10-23,closed,2024-12-09,77,47,False,False,chronic_late_payer
INV16005637,B016,B016-C1217,Electronics Client 217,Electronics & Electricals,30,38103.06,2024-10-20,2024-11-19,open,,,,False,False,chronic_late_payer
INV16005638,B016,B016-C1217,Electronics Client 217,Electronics & Electricals,30,49355.79,2024-11-03,2024-12-03,closed,2025-01-04,62,32,False,False,chronic_late_payer
INV16005639,B016,B016-C1217,Electronics Client 217,Electronics & Electricals,30,44249.34,2024-12-01,2024-12-31,closed,2025-02-22,83,53,False,False,chronic_late_payer
INV16005640,B016,B016-C1217,Electronics Client 217,Electronics & Electricals,30,51572.92,2025-03-02,2025-04-01,closed,2025-04-24,53,23,False,False,chronic_late_payer
INV16005641,B016,B016-C1217,Electronics Client 217,Electronics & Electricals,30,45120.21,2025-06-23,2025-07-23,closed,2025-08-27,65,35,False,False,chronic_late_payer
INV16005642,B016,B016-C1217,Electronics Client 217,Electronics & Electricals,30,38719.79,2025-08-11,2025-09-10,closed,2025-10-18,68,38,False,False,chronic_late_payer
INV16005643,B016,B016-C1217,Electronics Client 217,Electronics & Electricals,30,173746.11,2025-09-07,2025-10-07,closed,2025-10-29,52,22,False,True,chronic_late_payer
INV16005644,B016,B016-C1217,Electronics Client 217,Electronics & Electricals,30,38702.7,2025-09-09,2025-10-09,closed,2025-11-23,75,45,False,False,chronic_late_payer
INV16005645,B016,B016-C1217,Electronics Client 217,Electronics & Electricals,30,27211.04,2025-09-13,2025-10-13,closed,2025-11-05,53,23,False,False,chronic_late_payer
INV16005646,B016,B016-C1217,Electronics Client 217,Electronics & Electricals,30,32930.07,2025-09-18,2025-10-18,closed,2025-11-05,48,18,False,False,chronic_late_payer
INV16005647,B016,B016-C1217,Electronics Client 217,Electronics & Electricals,30,48678.26,2025-10-26,2025-11-25,closed,2025-12-28,63,33,False,False,chronic_late_payer
INV16005648,B016,B016-C1217,Electronics Client 217,Electronics & Electricals,30,44761.09,2025-10-29,2025-11-28,closed,2026-01-02,65,35,False,False,chronic_late_payer
INV16005649,B016,B016-C1217,Electronics Client 217,Electronics & Electricals,30,76457.76,2025-12-18,2026-01-17,closed,2026-02-19,63,33,False,False,chronic_late_payer
INV16005650,B016,B016-C1217,Electronics Client 217,Electronics & Electricals,30,39772.92,2025-12-23,2026-01-22,closed,2026-02-18,57,27,False,False,chronic_late_payer
INV16005651,B016,B016-C1217,Electronics Client 217,Electronics & Electricals,30,23453.85,2026-01-27,2026-02-26,closed,2026-03-26,58,28,False,False,chronic_late_payer
INV16005652,B016,B016-C1217,Electronics Client 217,Electronics & Electricals,30,74673.48,2026-02-22,2026-03-24,open,,,,False,False,chronic_late_payer
INV16005653,B016,B016-C1217,Electronics Client 217,Electronics & Electricals,30,37954.91,2026-03-03,2026-04-02,closed,2026-05-02,60,30,False,False,chronic_late_payer
INV16005654,B016,B016-C1217,Electronics Client 217,Electronics & Electricals,30,57775.14,2026-08-07,2026-09-06,open,,,,False,False,chronic_late_payer
INV16005655,B016,B016-C1217,Electronics Client 217,Electronics & Electricals,30,74955.99,2026-08-24,2026-09-23,open,,,,False,False,chronic_late_payer
INV16005656,B016,B016-C1218,FMCG Client 218,FMCG & Food Processing,60,62792.22,2024-04-06,2024-06-05,closed,2024-07-11,96,36,False,False,chronic_late_payer
INV16005657,B016,B016-C1218,FMCG Client 218,FMCG & Food Processing,60,122994.32,2024-05-11,2024-07-10,closed,2024-08-19,100,40,False,True,chronic_late_payer
INV16005658,B016,B016-C1218,FMCG Client 218,FMCG & Food Processing,60,83936.35,2024-05-16,2024-07-15,closed,2024-08-29,105,45,False,False,chronic_late_payer
INV16005659,B016,B016-C1218,FMCG Client 218,FMCG & Food Processing,60,54792.69,2024-09-18,2024-11-17,closed,2024-12-13,86,26,False,False,chronic_late_payer
INV16005660,B016,B016-C1218,FMCG Client 218,FMCG & Food Processing,60,65154.19,2025-02-14,2025-04-15,closed,2025-05-19,94,34,False,False,chronic_late_payer
INV16005661,B016,B016-C1218,FMCG Client 218,FMCG & Food Processing,60,62333.65,2025-05-22,2025-07-21,closed,2025-09-01,102,42,False,False,chronic_late_payer
INV16005662,B016,B016-C1218,FMCG Client 218,FMCG & Food Processing,60,66384.9,2026-01-06,2026-03-07,closed,2026-04-19,103,43,False,False,chronic_late_payer
INV16005663,B016,B016-C1218,FMCG Client 218,FMCG & Food Processing,60,74694.48,2026-01-12,2026-03-13,closed,2026-04-04,82,22,False,False,chronic_late_payer
INV16005664,B016,B016-C1218,FMCG Client 218,FMCG & Food Processing,60,82331.18,2026-05-24,2026-07-23,closed,2026-08-31,99,39,False,False,chronic_late_payer
INV16005665,B016,B016-C1218,FMCG Client 218,FMCG & Food Processing,60,93749.7,2026-08-28,2026-10-27,open,,,,False,False,chronic_late_payer
INV16005666,B016,B016-C1219,FMCG Client 219,FMCG & Food Processing,60,83988.92,2024-04-25,2024-06-24,closed,2024-07-01,67,7,False,False,average_payer
INV16005667,B016,B016-C1219,FMCG Client 219,FMCG & Food Processing,60,51500.38,2024-05-14,2024-07-13,closed,2024-07-15,62,2,False,False,average_payer
INV16005668,B016,B016-C1219,FMCG Client 219,FMCG & Food Processing,60,53820.04,2024-06-30,2024-08-29,closed,2024-09-08,70,10,False,False,average_payer
INV16005669,B016,B016-C1219,FMCG Client 219,FMCG & Food Processing,60,41518.2,2024-09-20,2024-11-19,closed,2024-11-18,59,-1,False,False,average_payer
INV16005670,B016,B016-C1219,FMCG Client 219,FMCG & Food Processing,60,54691.05,2024-10-28,2024-12-27,closed,2024-12-27,60,0,False,False,average_payer
INV16005671,B016,B016-C1219,FMCG Client 219,FMCG & Food Processing,60,46700.32,2025-01-29,2025-03-30,closed,2025-04-13,74,14,False,False,average_payer
INV16005672,B016,B016-C1219,FMCG Client 219,FMCG & Food Processing,60,77318.83,2025-02-12,2025-04-13,closed,2025-04-16,63,3,False,False,average_payer
INV16005673,B016,B016-C1219,FMCG Client 219,FMCG & Food Processing,60,42146.23,2025-04-14,2025-06-13,closed,2025-06-21,68,8,False,False,average_payer
INV16005674,B016,B016-C1219,FMCG Client 219,FMCG & Food Processing,60,96437.19,2025-05-08,2025-07-07,closed,2025-07-06,59,-1,False,False,average_payer
INV16005675,B016,B016-C1219,FMCG Client 219,FMCG & Food Processing,60,326907.19,2025-06-25,2025-08-24,closed,2025-09-05,72,12,False,True,average_payer
INV16005676,B016,B016-C1219,FMCG Client 219,FMCG & Food Processing,60,53426.12,2025-07-26,2025-09-24,closed,2025-09-29,65,5,False,False,average_payer
INV16005677,B016,B016-C1219,FMCG Client 219,FMCG & Food Processing,60,34742.17,2025-08-16,2025-10-15,closed,2025-10-15,60,0,False,False,average_payer
INV16005678,B016,B016-C1219,FMCG Client 219,FMCG & Food Processing,60,40666.27,2025-09-24,2025-11-23,closed,2025-11-22,59,-1,True,False,average_payer
INV16005679,B016,B016-C1219,FMCG Client 219,FMCG & Food Processing,60,63668.99,2025-11-09,2026-01-08,closed,2026-01-11,63,3,False,False,average_payer
INV16005680,B016,B016-C1219,FMCG Client 219,FMCG & Food Processing,60,54180.16,2026-01-06,2026-03-07,closed,2026-03-04,57,-3,False,False,average_payer
INV16005681,B016,B016-C1219,FMCG Client 219,FMCG & Food Processing,60,21296.12,2026-03-27,2026-05-26,closed,2026-06-08,73,13,False,False,average_payer
INV16005682,B016,B016-C1219,FMCG Client 219,FMCG & Food Processing,60,143911.02,2026-04-24,2026-06-23,closed,2026-06-28,65,5,False,False,average_payer
INV16005683,B016,B016-C1219,FMCG Client 219,FMCG & Food Processing,60,58062.97,2026-05-12,2026-07-11,closed,2026-07-08,57,-3,False,False,average_payer
INV16005684,B016,B016-C1219,FMCG Client 219,FMCG & Food Processing,60,29258.57,2026-05-17,2026-07-16,closed,2026-07-18,62,2,False,False,average_payer
INV16005685,B016,B016-C1219,FMCG Client 219,FMCG & Food Processing,60,53636.38,2026-06-12,2026-08-11,closed,2026-08-18,67,7,False,False,average_payer
INV16005686,B016,B016-C1219,FMCG Client 219,FMCG & Food Processing,60,44663.92,2026-07-05,2026-09-03,disputed_open,,,,False,False,average_payer
INV16005687,B016,B016-C1219,FMCG Client 219,FMCG & Food Processing,60,52347.83,2026-08-01,2026-09-30,disputed_open,,,,False,False,average_payer
INV16005688,B016,B016-C1220,Construction Client 220,Construction & Infra,30,39115.39,2024-03-20,2024-04-19,closed,2024-05-03,44,14,False,False,erratic_payer
INV16005689,B016,B016-C1220,Construction Client 220,Construction & Infra,30,58284.45,2024-04-22,2024-05-22,closed,2024-05-24,32,2,False,False,erratic_payer
INV16005690,B016,B016-C1220,Construction Client 220,Construction & Infra,30,25216.78,2024-07-19,2024-08-18,closed,2024-08-21,33,3,False,False,erratic_payer
INV16005691,B016,B016-C1220,Construction Client 220,Construction & Infra,30,44343.52,2024-08-21,2024-09-20,closed,2024-09-28,38,8,False,False,erratic_payer
INV16005692,B016,B016-C1220,Construction Client 220,Construction & Infra,30,21760.46,2024-08-30,2024-09-29,closed,2024-10-15,46,16,False,False,erratic_payer
INV16005693,B016,B016-C1220,Construction Client 220,Construction & Infra,30,30603.37,2024-11-05,2024-12-05,closed,2024-12-04,29,-1,False,False,erratic_payer
INV16005694,B016,B016-C1220,Construction Client 220,Construction & Infra,30,34774.34,2025-02-16,2025-03-18,closed,2025-03-18,30,0,False,False,erratic_payer
INV16005695,B016,B016-C1220,Construction Client 220,Construction & Infra,30,26120.28,2025-04-10,2025-05-10,closed,2025-06-13,64,34,False,False,erratic_payer
INV16005696,B016,B016-C1220,Construction Client 220,Construction & Infra,30,26734.76,2025-09-09,2025-10-09,closed,2025-10-09,30,0,False,False,erratic_payer
INV16005697,B016,B016-C1220,Construction Client 220,Construction & Infra,30,22359.26,2025-09-26,2025-10-26,closed,2025-11-09,44,14,False,False,erratic_payer
INV16005698,B016,B016-C1220,Construction Client 220,Construction & Infra,30,31394.08,2025-10-27,2025-11-26,closed,2025-11-13,17,-13,False,False,erratic_payer
INV16005699,B016,B016-C1220,Construction Client 220,Construction & Infra,30,50703.46,2026-01-13,2026-02-12,closed,2026-02-16,34,4,False,False,erratic_payer
INV16005700,B016,B016-C1220,Construction Client 220,Construction & Infra,30,53162.27,2026-01-28,2026-02-27,closed,2026-03-07,38,8,False,False,erratic_payer
INV16005701,B016,B016-C1220,Construction Client 220,Construction & Infra,30,50069.9,2026-02-15,2026-03-17,closed,2026-03-20,33,3,False,False,erratic_payer
INV16005702,B016,B016-C1220,Construction Client 220,Construction & Infra,30,44429.5,2026-03-04,2026-04-03,disputed_open,,,,False,False,erratic_payer
INV16005703,B016,B016-C1220,Construction Client 220,Construction & Infra,30,32933.07,2026-03-19,2026-04-18,closed,2026-04-24,36,6,False,False,erratic_payer
INV16005704,B016,B016-C1220,Construction Client 220,Construction & Infra,30,41537.6,2026-04-06,2026-05-06,closed,2026-05-08,32,2,False,False,erratic_payer
INV16005705,B016,B016-C1220,Construction Client 220,Construction & Infra,30,29607.59,2026-05-14,2026-06-13,closed,2026-06-22,39,9,False,False,erratic_payer
INV16005706,B016,B016-C1220,Construction Client 220,Construction & Infra,30,53168.8,2026-05-25,2026-06-24,closed,2026-07-07,43,13,False,False,erratic_payer
INV16005707,B016,B016-C1220,Construction Client 220,Construction & Infra,30,46366.5,2026-06-02,2026-07-02,closed,2026-07-16,44,14,False,False,erratic_payer
INV16005708,B016,B016-C1220,Construction Client 220,Construction & Infra,30,32339.4,2026-07-07,2026-08-06,closed,2026-08-23,47,17,False,False,erratic_payer
INV16005709,B016,B016-C1220,Construction Client 220,Construction & Infra,30,46504.08,2026-07-08,2026-08-07,closed,2026-08-21,44,14,False,False,erratic_payer
INV16005710,B016,B016-C1220,Construction Client 220,Construction & Infra,30,33766.82,2026-07-14,2026-08-13,disputed_open,,,,False,False,erratic_payer
INV16005711,B016,B016-C1220,Construction Client 220,Construction & Infra,30,34606.66,2026-08-06,2026-09-05,open,,,,False,False,erratic_payer
INV16005712,B016,B016-C1220,Construction Client 220,Construction & Infra,30,41076.76,2026-08-25,2026-09-24,open,,,,False,False,erratic_payer
INV16005713,B016,B016-C1221,Textiles Client 221,Textiles & Apparel,30,1723.65,2024-05-27,2024-06-26,closed,2024-08-02,67,37,False,False,improving_payer
INV16005714,B016,B016-C1221,Textiles Client 221,Textiles & Apparel,30,1900.9,2024-06-17,2024-07-17,closed,2024-09-12,87,57,False,False,improving_payer
INV16005715,B016,B016-C1221,Textiles Client 221,Textiles & Apparel,30,2418.6,2024-06-24,2024-07-24,closed,2024-09-03,71,41,False,False,improving_payer
INV16005716,B016,B016-C1221,Textiles Client 221,Textiles & Apparel,30,2124.55,2024-07-08,2024-08-07,closed,2024-09-13,67,37,False,False,improving_payer
INV16005717,B016,B016-C1221,Textiles Client 221,Textiles & Apparel,30,1946.91,2024-08-19,2024-09-18,closed,2024-10-25,67,37,False,False,improving_payer
INV16005718,B016,B016-C1221,Textiles Client 221,Textiles & Apparel,30,1691.74,2024-11-08,2024-12-08,closed,2025-01-07,60,30,False,False,improving_payer
INV16005719,B016,B016-C1221,Textiles Client 221,Textiles & Apparel,30,2027.77,2025-01-15,2025-02-14,closed,2025-03-15,59,29,False,False,improving_payer
INV16005720,B016,B016-C1221,Textiles Client 221,Textiles & Apparel,30,1802.62,2025-01-24,2025-02-23,closed,2025-03-24,59,29,False,False,improving_payer
INV16005721,B016,B016-C1221,Textiles Client 221,Textiles & Apparel,30,2518.11,2025-02-03,2025-03-05,closed,2025-03-19,44,14,False,False,improving_payer
INV16005722,B016,B016-C1221,Textiles Client 221,Textiles & Apparel,30,1693.92,2025-02-11,2025-03-13,closed,2025-04-03,51,21,True,False,improving_payer
INV16005723,B016,B016-C1221,Textiles Client 221,Textiles & Apparel,30,1561.13,2025-02-19,2025-03-21,closed,2025-04-15,55,25,False,False,improving_payer
INV16005724,B016,B016-C1221,Textiles Client 221,Textiles & Apparel,30,1156.03,2025-03-07,2025-04-06,closed,2025-05-19,73,43,False,False,improving_payer
INV16005725,B016,B016-C1221,Textiles Client 221,Textiles & Apparel,30,9490.21,2025-03-12,2025-04-11,closed,2025-04-25,44,14,False,True,improving_payer
INV16005726,B016,B016-C1221,Textiles Client 221,Textiles & Apparel,30,1867.34,2025-03-18,2025-04-17,closed,2025-05-06,49,19,False,False,improving_payer
INV16005727,B016,B016-C1221,Textiles Client 221,Textiles & Apparel,30,2101.8,2025-04-27,2025-05-27,closed,2025-06-24,58,28,False,False,improving_payer
INV16005728,B016,B016-C1221,Textiles Client 221,Textiles & Apparel,30,1873.02,2025-05-17,2025-06-16,closed,2025-07-12,56,26,False,False,improving_payer
INV16005729,B016,B016-C1221,Textiles Client 221,Textiles & Apparel,30,1538.52,2025-05-31,2025-06-30,closed,2025-07-17,47,17,False,False,improving_payer
INV16005730,B016,B016-C1221,Textiles Client 221,Textiles & Apparel,30,3051.04,2025-06-17,2025-07-17,closed,2025-08-16,60,30,False,False,improving_payer
INV16005731,B016,B016-C1221,Textiles Client 221,Textiles & Apparel,30,2802.73,2025-07-14,2025-08-13,closed,2025-09-05,53,23,False,False,improving_payer
INV16005732,B016,B016-C1221,Textiles Client 221,Textiles & Apparel,30,2861.55,2025-07-19,2025-08-18,closed,2025-08-30,42,12,False,False,improving_payer
INV16005733,B016,B016-C1221,Textiles Client 221,Textiles & Apparel,30,2066.32,2025-08-23,2025-09-22,closed,2025-10-07,45,15,False,False,improving_payer
INV16005734,B016,B016-C1221,Textiles Client 221,Textiles & Apparel,30,8575.73,2025-09-19,2025-10-19,closed,2025-10-23,34,4,False,True,improving_payer
INV16005735,B016,B016-C1221,Textiles Client 221,Textiles & Apparel,30,2249.45,2025-09-19,2025-10-19,closed,2025-11-14,56,26,False,False,improving_payer
INV16005736,B016,B016-C1221,Textiles Client 221,Textiles & Apparel,30,2690.77,2025-09-22,2025-10-22,closed,2025-11-05,44,14,False,False,improving_payer
INV16005737,B016,B016-C1221,Textiles Client 221,Textiles & Apparel,30,1763.67,2025-12-20,2026-01-19,closed,2026-02-03,45,15,False,False,improving_payer
INV16005738,B016,B016-C1221,Textiles Client 221,Textiles & Apparel,30,1899.98,2026-01-15,2026-02-14,closed,2026-03-01,45,15,False,False,improving_payer
INV16005739,B016,B016-C1221,Textiles Client 221,Textiles & Apparel,30,3090.01,2026-01-22,2026-02-21,closed,2026-03-01,38,8,False,False,improving_payer
INV16005740,B016,B016-C1221,Textiles Client 221,Textiles & Apparel,30,2171.71,2026-02-09,2026-03-11,closed,2026-03-11,30,0,False,False,improving_payer
INV16005741,B016,B016-C1221,Textiles Client 221,Textiles & Apparel,30,1146.81,2026-04-01,2026-05-01,closed,2026-05-21,50,20,False,False,improving_payer
INV16005742,B016,B016-C1221,Textiles Client 221,Textiles & Apparel,30,1420.4,2026-06-24,2026-07-24,closed,2026-07-27,33,3,False,False,improving_payer
INV16005743,B016,B016-C1221,Textiles Client 221,Textiles & Apparel,30,2566.27,2026-06-29,2026-07-29,closed,2026-08-04,36,6,False,False,improving_payer
INV16005744,B016,B016-C1221,Textiles Client 221,Textiles & Apparel,30,1168.56,2026-07-09,2026-08-08,closed,2026-08-12,34,4,False,False,improving_payer
INV16005745,B016,B016-C1221,Textiles Client 221,Textiles & Apparel,30,1926.69,2026-07-18,2026-08-17,closed,2026-08-30,43,13,False,False,improving_payer
INV16005746,B016,B016-C1221,Textiles Client 221,Textiles & Apparel,30,1869.0,2026-08-10,2026-09-09,open,,,,False,False,improving_payer
INV16005747,B016,B016-C1221,Textiles Client 221,Textiles & Apparel,30,6871.5,2026-08-20,2026-09-19,open,,,,False,True,improving_payer
INV16005748,B016,B016-C1221,Textiles Client 221,Textiles & Apparel,30,1547.03,2026-08-27,2026-09-26,disputed_open,,,,False,False,improving_payer
INV16005749,B016,B016-C1222,Chemicals Client 222,Chemicals & Plastics,30,183289.6,2024-03-16,2024-04-15,closed,2024-04-16,31,1,False,False,average_payer
INV16005750,B016,B016-C1222,Chemicals Client 222,Chemicals & Plastics,30,530517.77,2024-05-05,2024-06-04,closed,2024-06-08,34,4,False,True,average_payer
INV16005751,B016,B016-C1222,Chemicals Client 222,Chemicals & Plastics,30,127965.19,2024-07-20,2024-08-19,closed,2024-08-21,32,2,False,False,average_payer
INV16005752,B016,B016-C1222,Chemicals Client 222,Chemicals & Plastics,30,144665.63,2024-08-04,2024-09-03,closed,2024-09-08,35,5,False,False,average_payer
INV16005753,B016,B016-C1222,Chemicals Client 222,Chemicals & Plastics,30,97049.58,2024-10-04,2024-11-03,closed,2024-11-06,33,3,False,False,average_payer
INV16005754,B016,B016-C1222,Chemicals Client 222,Chemicals & Plastics,30,114345.47,2024-10-13,2024-11-12,closed,2024-11-11,29,-1,False,False,average_payer
INV16005755,B016,B016-C1222,Chemicals Client 222,Chemicals & Plastics,30,110122.75,2024-10-19,2024-11-18,closed,2024-11-25,37,7,False,False,average_payer
INV16005756,B016,B016-C1222,Chemicals Client 222,Chemicals & Plastics,30,120003.61,2024-12-30,2025-01-29,closed,2025-02-11,43,13,False,False,average_payer
INV16005757,B016,B016-C1222,Chemicals Client 222,Chemicals & Plastics,30,117559.49,2025-01-13,2025-02-12,closed,2025-02-06,24,-6,False,False,average_payer
INV16005758,B016,B016-C1222,Chemicals Client 222,Chemicals & Plastics,30,161061.39,2025-01-14,2025-02-13,closed,2025-02-19,36,6,False,False,average_payer
INV16005759,B016,B016-C1222,Chemicals Client 222,Chemicals & Plastics,30,108820.91,2025-03-31,2025-04-30,closed,2025-05-11,41,11,False,False,average_payer
INV16005760,B016,B016-C1222,Chemicals Client 222,Chemicals & Plastics,30,142711.93,2025-04-07,2025-05-07,closed,2025-05-15,38,8,False,False,average_payer
INV16005761,B016,B016-C1222,Chemicals Client 222,Chemicals & Plastics,30,129204.98,2025-04-13,2025-05-13,closed,2025-05-20,37,7,False,False,average_payer
INV16005762,B016,B016-C1222,Chemicals Client 222,Chemicals & Plastics,30,126967.63,2025-04-26,2025-05-26,closed,2025-05-30,34,4,True,False,average_payer
INV16005763,B016,B016-C1222,Chemicals Client 222,Chemicals & Plastics,30,223770.82,2025-05-06,2025-06-05,closed,2025-06-01,26,-4,False,False,average_payer
INV16005764,B016,B016-C1222,Chemicals Client 222,Chemicals & Plastics,30,110897.55,2025-05-28,2025-06-27,closed,2025-07-01,34,4,False,False,average_payer
INV16005765,B016,B016-C1222,Chemicals Client 222,Chemicals & Plastics,30,165267.56,2025-06-08,2025-07-08,closed,2025-07-13,35,5,False,False,average_payer
INV16005766,B016,B016-C1222,Chemicals Client 222,Chemicals & Plastics,30,128743.87,2025-06-11,2025-07-11,closed,2025-07-17,36,6,False,False,average_payer
INV16005767,B016,B016-C1222,Chemicals Client 222,Chemicals & Plastics,30,94816.99,2025-07-21,2025-08-20,closed,2025-08-21,31,1,False,False,average_payer
INV16005768,B016,B016-C1222,Chemicals Client 222,Chemicals & Plastics,30,84853.9,2025-07-25,2025-08-24,closed,2025-09-08,45,15,False,False,average_payer
INV16005769,B016,B016-C1222,Chemicals Client 222,Chemicals & Plastics,30,115499.06,2025-07-29,2025-08-28,closed,2025-09-11,44,14,True,False,average_payer
INV16005770,B016,B016-C1222,Chemicals Client 222,Chemicals & Plastics,30,84465.89,2025-08-10,2025-09-09,closed,2025-09-21,42,12,False,False,average_payer
INV16005771,B016,B016-C1222,Chemicals Client 222,Chemicals & Plastics,30,240742.38,2025-08-28,2025-09-27,closed,2025-10-08,41,11,False,False,average_payer
INV16005772,B016,B016-C1222,Chemicals Client 222,Chemicals & Plastics,30,184655.43,2025-10-18,2025-11-17,closed,2025-11-22,35,5,False,False,average_payer
INV16005773,B016,B016-C1222,Chemicals Client 222,Chemicals & Plastics,30,120045.86,2025-11-25,2025-12-25,closed,2026-01-06,42,12,False,False,average_payer
INV16005774,B016,B016-C1222,Chemicals Client 222,Chemicals & Plastics,30,128495.13,2026-01-10,2026-02-09,open,,,,False,False,average_payer
INV16005775,B016,B016-C1222,Chemicals Client 222,Chemicals & Plastics,30,149729.56,2026-01-26,2026-02-25,closed,2026-03-03,36,6,False,False,average_payer
INV16005776,B016,B016-C1222,Chemicals Client 222,Chemicals & Plastics,30,118992.85,2026-03-02,2026-04-01,closed,2026-04-18,47,17,False,False,average_payer
INV16005777,B016,B016-C1222,Chemicals Client 222,Chemicals & Plastics,30,213418.55,2026-03-03,2026-04-02,closed,2026-04-06,34,4,False,False,average_payer
INV16005778,B016,B016-C1222,Chemicals Client 222,Chemicals & Plastics,30,171862.06,2026-03-22,2026-04-21,closed,2026-04-21,30,0,False,False,average_payer
INV16005779,B016,B016-C1222,Chemicals Client 222,Chemicals & Plastics,30,162361.45,2026-05-06,2026-06-05,closed,2026-06-08,33,3,False,False,average_payer
INV16005780,B016,B016-C1222,Chemicals Client 222,Chemicals & Plastics,30,138742.43,2026-06-12,2026-07-12,closed,2026-07-09,27,-3,False,False,average_payer
INV16005781,B016,B016-C1222,Chemicals Client 222,Chemicals & Plastics,30,114730.24,2026-07-10,2026-08-09,closed,2026-08-12,33,3,False,False,average_payer
INV16005782,B016,B016-C1222,Chemicals Client 222,Chemicals & Plastics,30,121507.35,2026-08-03,2026-09-02,open,,,,False,False,average_payer
INV16005783,B016,B016-C1222,Chemicals Client 222,Chemicals & Plastics,30,140090.88,2026-08-09,2026-09-08,closed,2026-08-29,20,-10,False,False,average_payer
INV16005784,B016,B016-C1222,Chemicals Client 222,Chemicals & Plastics,30,109963.62,2026-08-16,2026-09-15,open,,,,False,False,average_payer
INV16005785,B016,B016-C1222,Chemicals Client 222,Chemicals & Plastics,30,140090.73,2026-08-31,2026-09-30,open,,,,False,False,average_payer
INV16005786,B016,B016-C1222,Chemicals Client 222,Chemicals & Plastics,30,474417.51,2026-09-01,2026-10-01,disputed_open,,,,False,True,average_payer
INV16005787,B016,B016-C1223,Auto Client 223,Auto Components,45,278187.77,2024-03-24,2024-05-08,closed,2024-05-11,48,3,False,False,average_payer
INV16005788,B016,B016-C1223,Auto Client 223,Auto Components,45,195291.75,2024-04-26,2024-06-10,closed,2024-06-19,54,9,False,False,average_payer
INV16005789,B016,B016-C1223,Auto Client 223,Auto Components,45,456831.4,2024-04-30,2024-06-14,closed,2024-06-28,59,14,False,False,average_payer
INV16005790,B016,B016-C1223,Auto Client 223,Auto Components,45,263154.07,2024-05-28,2024-07-12,closed,2024-07-14,47,2,False,False,average_payer
INV16005791,B016,B016-C1223,Auto Client 223,Auto Components,45,395676.4,2024-07-26,2024-09-09,closed,2024-09-15,51,6,False,False,average_payer
INV16005792,B016,B016-C1223,Auto Client 223,Auto Components,45,354552.4,2024-08-11,2024-09-25,closed,2024-09-26,46,1,False,False,average_payer
INV16005793,B016,B016-C1223,Auto Client 223,Auto Components,45,362832.52,2024-09-23,2024-11-07,closed,2024-11-19,57,12,False,False,average_payer
INV16005794,B016,B016-C1223,Auto Client 223,Auto Components,45,235735.1,2024-10-04,2024-11-18,closed,2024-12-03,60,15,False,False,average_payer
INV16005795,B016,B016-C1223,Auto Client 223,Auto Components,45,316055.84,2024-10-28,2024-12-12,closed,2024-12-05,38,-7,False,False,average_payer
INV16005796,B016,B016-C1223,Auto Client 223,Auto Components,45,335938.56,2024-10-30,2024-12-14,closed,2024-12-22,53,8,False,False,average_payer
INV16005797,B016,B016-C1223,Auto Client 223,Auto Components,45,523327.9,2024-12-04,2025-01-18,closed,2025-01-06,33,-12,False,False,average_payer
INV16005798,B016,B016-C1223,Auto Client 223,Auto Components,45,393340.94,2025-01-17,2025-03-03,closed,2025-03-12,54,9,False,False,average_payer
INV16005799,B016,B016-C1223,Auto Client 223,Auto Components,45,485840.32,2025-03-02,2025-04-16,closed,2025-04-20,49,4,True,False,average_payer
INV16005800,B016,B016-C1223,Auto Client 223,Auto Components,45,391370.58,2025-04-05,2025-05-20,closed,2025-05-16,41,-4,False,False,average_payer
INV16005801,B016,B016-C1223,Auto Client 223,Auto Components,45,228590.12,2025-05-31,2025-07-15,closed,2025-07-13,43,-2,False,False,average_payer
INV16005802,B016,B016-C1223,Auto Client 223,Auto Components,45,471634.9,2025-06-02,2025-07-17,closed,2025-07-11,39,-6,False,False,average_payer
INV16005803,B016,B016-C1223,Auto Client 223,Auto Components,45,364893.16,2025-06-07,2025-07-22,closed,2025-07-29,52,7,False,False,average_payer
INV16005804,B016,B016-C1223,Auto Client 223,Auto Components,45,322603.18,2025-07-30,2025-09-13,closed,2025-09-23,55,10,False,False,average_payer
INV16005805,B016,B016-C1223,Auto Client 223,Auto Components,45,427977.44,2025-08-21,2025-10-05,closed,2025-09-30,40,-5,False,False,average_payer
INV16005806,B016,B016-C1223,Auto Client 223,Auto Components,45,367699.29,2025-08-22,2025-10-06,closed,2025-10-09,48,3,True,False,average_payer
INV16005807,B016,B016-C1223,Auto Client 223,Auto Components,45,1715803.52,2025-09-18,2025-11-02,closed,2025-11-26,69,24,False,True,average_payer
INV16005808,B016,B016-C1223,Auto Client 223,Auto Components,45,1488342.11,2025-10-26,2025-12-10,closed,2025-12-13,48,3,False,True,average_payer
INV16005809,B016,B016-C1223,Auto Client 223,Auto Components,45,576359.46,2025-10-27,2025-12-11,closed,2025-12-17,51,6,False,False,average_payer
INV16005810,B016,B016-C1223,Auto Client 223,Auto Components,45,529494.61,2026-01-18,2026-03-04,closed,2026-03-07,48,3,False,False,average_payer
INV16005811,B016,B016-C1223,Auto Client 223,Auto Components,45,477340.67,2026-02-23,2026-04-09,closed,2026-03-31,36,-9,False,False,average_payer
INV16005812,B016,B016-C1223,Auto Client 223,Auto Components,45,442071.67,2026-03-01,2026-04-15,closed,2026-04-19,49,4,False,False,average_payer
INV16005813,B016,B016-C1223,Auto Client 223,Auto Components,45,1637364.3,2026-03-23,2026-05-07,closed,2026-05-13,51,6,False,True,average_payer
INV16005814,B016,B016-C1223,Auto Client 223,Auto Components,45,688608.48,2026-04-03,2026-05-18,closed,2026-06-05,63,18,False,False,average_payer
INV16005815,B016,B016-C1223,Auto Client 223,Auto Components,45,328701.59,2026-05-13,2026-06-27,closed,2026-07-14,62,17,False,False,average_payer
INV16005816,B016,B016-C1223,Auto Client 223,Auto Components,45,433796.05,2026-05-29,2026-07-13,open,,,,False,False,average_payer
INV16005817,B016,B016-C1223,Auto Client 223,Auto Components,45,370772.7,2026-07-02,2026-08-16,closed,2026-08-18,47,2,False,False,average_payer
INV16005818,B016,B016-C1223,Auto Client 223,Auto Components,45,335506.8,2026-08-06,2026-09-20,disputed_open,,,,False,False,average_payer
INV16005819,B016,B016-C1223,Auto Client 223,Auto Components,45,374147.77,2026-08-18,2026-10-02,open,,,,False,False,average_payer
INV16005820,B016,B016-C1224,IT Client 224,IT & Business Services,30,6788.31,2024-04-25,2024-05-25,closed,2024-07-02,68,38,False,False,improving_payer
INV16005821,B016,B016-C1224,IT Client 224,IT & Business Services,30,8222.63,2024-07-20,2024-08-19,open,,,,False,False,improving_payer
INV16005822,B016,B016-C1224,IT Client 224,IT & Business Services,30,6004.27,2024-07-21,2024-08-20,closed,2024-09-16,57,27,False,False,improving_payer
INV16005823,B016,B016-C1224,IT Client 224,IT & Business Services,30,9439.02,2024-09-18,2024-10-18,closed,2024-11-04,47,17,False,False,improving_payer
INV16005824,B016,B016-C1224,IT Client 224,IT & Business Services,30,7105.39,2025-05-21,2025-06-20,closed,2025-07-05,45,15,False,False,improving_payer
INV16005825,B016,B016-C1224,IT Client 224,IT & Business Services,30,7064.98,2025-05-28,2025-06-27,closed,2025-07-27,60,30,False,False,improving_payer
INV16005826,B016,B016-C1224,IT Client 224,IT & Business Services,30,12448.07,2025-10-13,2025-11-12,closed,2025-12-03,51,21,False,False,improving_payer
INV16005827,B016,B016-C1224,IT Client 224,IT & Business Services,30,4744.96,2025-11-29,2025-12-29,open,,,,False,False,improving_payer
INV16005828,B016,B016-C1224,IT Client 224,IT & Business Services,30,9684.36,2026-02-12,2026-03-14,closed,2026-03-10,26,-4,False,False,improving_payer
INV16005829,B016,B016-C1225,Retail Client 225,Retail & Distribution,45,57724.21,2024-03-27,2024-05-11,closed,2024-05-18,52,7,False,False,average_payer
INV16005830,B016,B016-C1225,Retail Client 225,Retail & Distribution,45,60614.9,2024-03-28,2024-05-12,closed,2024-05-14,47,2,False,False,average_payer
INV16005831,B016,B016-C1225,Retail Client 225,Retail & Distribution,45,89298.51,2024-04-28,2024-06-12,closed,2024-06-12,45,0,False,False,average_payer
INV16005832,B016,B016-C1225,Retail Client 225,Retail & Distribution,45,79566.44,2024-08-12,2024-09-26,closed,2024-10-02,51,6,False,False,average_payer
INV16005833,B016,B016-C1225,Retail Client 225,Retail & Distribution,45,41158.05,2024-10-05,2024-11-19,closed,2024-11-16,42,-3,False,False,average_payer
INV16005834,B016,B016-C1225,Retail Client 225,Retail & Distribution,45,49042.55,2024-10-16,2024-11-30,closed,2024-12-06,51,6,False,False,average_payer
INV16005835,B016,B016-C1225,Retail Client 225,Retail & Distribution,45,42465.25,2025-04-01,2025-05-16,closed,2025-05-24,53,8,False,False,average_payer
INV16005836,B016,B016-C1225,Retail Client 225,Retail & Distribution,45,47927.86,2025-04-26,2025-06-10,closed,2025-06-17,52,7,False,False,average_payer
INV16005837,B016,B016-C1225,Retail Client 225,Retail & Distribution,45,44907.47,2025-06-01,2025-07-16,closed,2025-08-01,61,16,False,False,average_payer
INV16005838,B016,B016-C1225,Retail Client 225,Retail & Distribution,45,52371.38,2025-08-11,2025-09-25,open,,,,False,False,average_payer
INV16005839,B016,B016-C1225,Retail Client 225,Retail & Distribution,45,39216.38,2025-10-21,2025-12-05,closed,2025-11-26,36,-9,False,False,average_payer
INV16005840,B016,B016-C1225,Retail Client 225,Retail & Distribution,45,27285.78,2025-10-22,2025-12-06,closed,2025-12-15,54,9,False,False,average_payer
INV16005841,B016,B016-C1225,Retail Client 225,Retail & Distribution,45,50357.87,2026-03-16,2026-04-30,closed,2026-04-27,42,-3,False,False,average_payer
INV16005842,B016,B016-C1225,Retail Client 225,Retail & Distribution,45,65793.87,2026-04-12,2026-05-27,closed,2026-06-06,55,10,False,False,average_payer
INV16005843,B016,B016-C1225,Retail Client 225,Retail & Distribution,45,68183.33,2026-07-04,2026-08-18,closed,2026-08-25,52,7,False,False,average_payer
INV16005844,B016,B016-C1226,Chemicals Client 226,Chemicals & Plastics,45,151792.1,2024-04-15,2024-05-30,closed,2024-06-27,73,28,False,False,deteriorating_payer
INV16005845,B016,B016-C1226,Chemicals Client 226,Chemicals & Plastics,45,113221.09,2024-08-13,2024-09-27,closed,2024-10-12,60,15,False,False,deteriorating_payer
INV16005846,B016,B016-C1226,Chemicals Client 226,Chemicals & Plastics,45,170307.65,2025-03-21,2025-05-05,closed,2025-06-07,78,33,False,False,deteriorating_payer
INV16005847,B016,B016-C1226,Chemicals Client 226,Chemicals & Plastics,45,102023.3,2025-05-25,2025-07-09,closed,2025-08-20,87,42,False,False,deteriorating_payer
INV16005848,B016,B016-C1226,Chemicals Client 226,Chemicals & Plastics,45,189666.61,2026-03-05,2026-04-19,closed,2026-05-23,79,34,False,False,deteriorating_payer
INV16005849,B016,B016-C1227,Construction Client 227,Construction & Infra,30,238200.52,2024-11-12,2024-12-12,closed,2024-12-28,46,16,False,False,cold_start
INV16005850,B016,B016-C1227,Construction Client 227,Construction & Infra,30,292005.72,2024-12-11,2025-01-10,closed,2025-01-20,40,10,False,False,cold_start
INV16005851,B016,B016-C1227,Construction Client 227,Construction & Infra,30,619903.27,2026-05-26,2026-06-25,closed,2026-06-29,34,4,False,False,cold_start
INV16005852,B016,B016-C1228,Retail Client 228,Retail & Distribution,90,110885.22,2024-05-11,2024-08-09,closed,2024-08-07,88,-2,False,False,prompt_payer
INV16005853,B016,B016-C1228,Retail Client 228,Retail & Distribution,90,84298.82,2024-05-11,2024-08-09,closed,2024-08-04,85,-5,False,False,prompt_payer
INV16005854,B016,B016-C1228,Retail Client 228,Retail & Distribution,90,77850.77,2024-05-29,2024-08-27,closed,2024-08-26,89,-1,False,False,prompt_payer
INV16005855,B016,B016-C1228,Retail Client 228,Retail & Distribution,90,99814.89,2024-07-15,2024-10-13,closed,2024-10-11,88,-2,False,False,prompt_payer
INV16005856,B016,B016-C1228,Retail Client 228,Retail & Distribution,90,59709.35,2024-12-07,2025-03-07,closed,2025-03-10,93,3,False,False,prompt_payer
INV16005857,B016,B016-C1228,Retail Client 228,Retail & Distribution,90,83455.44,2024-12-20,2025-03-20,closed,2025-03-18,88,-2,False,False,prompt_payer
INV16005858,B016,B016-C1228,Retail Client 228,Retail & Distribution,90,65630.94,2024-12-20,2025-03-20,closed,2025-03-19,89,-1,False,False,prompt_payer
INV16005859,B016,B016-C1228,Retail Client 228,Retail & Distribution,90,73709.26,2025-01-01,2025-04-01,closed,2025-04-02,91,1,False,False,prompt_payer
INV16005860,B016,B016-C1228,Retail Client 228,Retail & Distribution,90,106990.9,2025-02-14,2025-05-15,closed,2025-05-15,90,0,False,False,prompt_payer
INV16005861,B016,B016-C1228,Retail Client 228,Retail & Distribution,90,112010.22,2025-03-02,2025-05-31,closed,2025-05-28,87,-3,False,False,prompt_payer
INV16005862,B016,B016-C1228,Retail Client 228,Retail & Distribution,90,105034.14,2025-03-07,2025-06-05,closed,2025-05-30,84,-6,False,False,prompt_payer
INV16005863,B016,B016-C1228,Retail Client 228,Retail & Distribution,90,97323.89,2025-05-07,2025-08-05,closed,2025-08-04,89,-1,False,False,prompt_payer
INV16005864,B016,B016-C1228,Retail Client 228,Retail & Distribution,90,97123.45,2025-07-09,2025-10-07,closed,2025-10-15,98,8,False,False,prompt_payer
INV16005865,B016,B016-C1228,Retail Client 228,Retail & Distribution,90,103124.3,2025-09-05,2025-12-04,closed,2025-12-11,97,7,False,False,prompt_payer
INV16005866,B016,B016-C1228,Retail Client 228,Retail & Distribution,90,85468.72,2025-10-03,2026-01-01,closed,2026-01-01,90,0,False,False,prompt_payer
INV16005867,B016,B016-C1228,Retail Client 228,Retail & Distribution,90,70286.77,2025-10-21,2026-01-19,closed,2026-01-18,89,-1,False,False,prompt_payer
INV16005868,B016,B016-C1228,Retail Client 228,Retail & Distribution,90,99170.45,2025-10-31,2026-01-29,closed,2026-01-29,90,0,False,False,prompt_payer
INV16005869,B016,B016-C1228,Retail Client 228,Retail & Distribution,90,101204.24,2025-11-18,2026-02-16,closed,2026-02-16,90,0,False,False,prompt_payer
INV16005870,B016,B016-C1228,Retail Client 228,Retail & Distribution,90,77166.92,2025-12-04,2026-03-04,closed,2026-03-06,92,2,False,False,prompt_payer
INV16005871,B016,B016-C1228,Retail Client 228,Retail & Distribution,90,110742.67,2026-07-01,2026-09-29,open,,,,False,False,prompt_payer
INV16005872,B016,B016-C1229,Chemicals Client 229,Chemicals & Plastics,15,89611.09,2024-08-15,2024-08-30,closed,2024-08-28,13,-2,False,False,cold_start
INV16005873,B016,B016-C1229,Chemicals Client 229,Chemicals & Plastics,15,102035.07,2025-01-13,2025-01-28,closed,2025-02-17,35,20,False,False,cold_start
INV16005874,B016,B016-C1229,Chemicals Client 229,Chemicals & Plastics,15,97651.55,2025-06-09,2025-06-24,closed,2025-06-27,18,3,True,False,cold_start
INV16005875,B016,B016-C1230,Pharma Client 230,Pharma & Healthcare,30,313415.22,2024-06-02,2024-07-02,closed,2024-07-06,34,4,False,False,erratic_payer
INV16005876,B016,B016-C1230,Pharma Client 230,Pharma & Healthcare,30,1929445.95,2024-08-31,2024-09-30,closed,2024-10-06,36,6,False,True,erratic_payer
INV16005877,B016,B016-C1230,Pharma Client 230,Pharma & Healthcare,30,500890.87,2024-09-20,2024-10-20,closed,2024-10-21,31,1,False,False,erratic_payer
INV16005878,B016,B016-C1230,Pharma Client 230,Pharma & Healthcare,30,302814.82,2024-10-07,2024-11-06,closed,2024-11-20,44,14,False,False,erratic_payer
INV16005879,B016,B016-C1230,Pharma Client 230,Pharma & Healthcare,30,1668267.53,2024-10-13,2024-11-12,closed,2024-11-15,33,3,False,True,erratic_payer
INV16005880,B016,B016-C1230,Pharma Client 230,Pharma & Healthcare,30,388820.38,2024-11-06,2024-12-06,closed,2024-12-22,46,16,False,False,erratic_payer
INV16005881,B016,B016-C1230,Pharma Client 230,Pharma & Healthcare,30,377928.59,2024-11-06,2024-12-06,closed,2024-12-30,54,24,False,False,erratic_payer
INV16005882,B016,B016-C1230,Pharma Client 230,Pharma & Healthcare,30,333677.38,2024-11-12,2024-12-12,closed,2024-12-19,37,7,False,False,erratic_payer
INV16005883,B016,B016-C1230,Pharma Client 230,Pharma & Healthcare,30,319922.63,2024-11-26,2024-12-26,closed,2025-03-03,97,67,False,False,erratic_payer
INV16005884,B016,B016-C1230,Pharma Client 230,Pharma & Healthcare,30,523181.08,2025-01-15,2025-02-14,closed,2025-02-22,38,8,False,False,erratic_payer
INV16005885,B016,B016-C1230,Pharma Client 230,Pharma & Healthcare,30,1505072.59,2025-01-25,2025-02-24,closed,2025-03-19,53,23,False,True,erratic_payer
INV16005886,B016,B016-C1230,Pharma Client 230,Pharma & Healthcare,30,653310.97,2025-02-11,2025-03-13,closed,2025-03-27,44,14,False,False,erratic_payer
INV16005887,B016,B016-C1230,Pharma Client 230,Pharma & Healthcare,30,343540.01,2025-03-05,2025-04-04,closed,2025-04-09,35,5,False,False,erratic_payer
INV16005888,B016,B016-C1230,Pharma Client 230,Pharma & Healthcare,30,523563.48,2025-03-11,2025-04-10,closed,2025-04-12,32,2,False,False,erratic_payer
INV16005889,B016,B016-C1230,Pharma Client 230,Pharma & Healthcare,30,219292.97,2025-03-26,2025-04-25,closed,2025-05-16,51,21,False,False,erratic_payer
INV16005890,B016,B016-C1230,Pharma Client 230,Pharma & Healthcare,30,505557.96,2025-04-28,2025-05-28,closed,2025-06-10,43,13,False,False,erratic_payer
INV16005891,B016,B016-C1230,Pharma Client 230,Pharma & Healthcare,30,716589.65,2025-07-14,2025-08-13,open,,,,False,False,erratic_payer
INV16005892,B016,B016-C1230,Pharma Client 230,Pharma & Healthcare,30,480148.48,2025-07-21,2025-08-20,closed,2025-09-03,44,14,False,False,erratic_payer
INV16005893,B016,B016-C1230,Pharma Client 230,Pharma & Healthcare,30,1636534.33,2025-07-22,2025-08-21,closed,2025-09-09,49,19,False,True,erratic_payer
INV16005894,B016,B016-C1230,Pharma Client 230,Pharma & Healthcare,30,413964.47,2025-07-24,2025-08-23,closed,2025-10-09,77,47,False,False,erratic_payer
INV16005895,B016,B016-C1230,Pharma Client 230,Pharma & Healthcare,30,341247.44,2025-08-07,2025-09-06,closed,2025-09-13,37,7,False,False,erratic_payer
INV16005896,B016,B016-C1230,Pharma Client 230,Pharma & Healthcare,30,452891.59,2025-08-26,2025-09-25,closed,2025-09-27,32,2,False,False,erratic_payer
INV16005897,B016,B016-C1230,Pharma Client 230,Pharma & Healthcare,30,550635.87,2025-09-06,2025-10-06,open,,,,False,False,erratic_payer
INV16005898,B016,B016-C1230,Pharma Client 230,Pharma & Healthcare,30,566520.79,2025-09-14,2025-10-14,closed,2025-11-04,51,21,False,False,erratic_payer
INV16005899,B016,B016-C1230,Pharma Client 230,Pharma & Healthcare,30,427809.71,2025-09-20,2025-10-20,closed,2025-10-01,11,-19,False,False,erratic_payer
INV16005900,B016,B016-C1230,Pharma Client 230,Pharma & Healthcare,30,365917.7,2025-10-15,2025-11-14,closed,2025-11-13,29,-1,False,False,erratic_payer
INV16005901,B016,B016-C1230,Pharma Client 230,Pharma & Healthcare,30,227876.78,2025-10-27,2025-11-26,closed,2025-12-06,40,10,False,False,erratic_payer
INV16005902,B016,B016-C1230,Pharma Client 230,Pharma & Healthcare,30,355058.05,2025-11-14,2025-12-14,closed,2025-12-15,31,1,False,False,erratic_payer
INV16005903,B016,B016-C1230,Pharma Client 230,Pharma & Healthcare,30,675536.25,2026-01-02,2026-02-01,closed,2026-01-03,1,-29,False,False,erratic_payer
INV16005904,B016,B016-C1230,Pharma Client 230,Pharma & Healthcare,30,511507.3,2026-03-02,2026-04-01,closed,2026-04-01,30,0,False,False,erratic_payer
INV16005905,B016,B016-C1230,Pharma Client 230,Pharma & Healthcare,30,418088.49,2026-03-13,2026-04-12,closed,2026-04-21,39,9,False,False,erratic_payer
INV16005906,B016,B016-C1230,Pharma Client 230,Pharma & Healthcare,30,306215.35,2026-04-05,2026-05-05,closed,2026-05-08,33,3,False,False,erratic_payer
INV16005907,B016,B016-C1230,Pharma Client 230,Pharma & Healthcare,30,420645.92,2026-05-30,2026-06-29,closed,2026-07-13,44,14,False,False,erratic_payer
INV16005908,B016,B016-C1230,Pharma Client 230,Pharma & Healthcare,30,407344.78,2026-06-10,2026-07-10,closed,2026-07-12,32,2,False,False,erratic_payer
INV16005909,B016,B016-C1230,Pharma Client 230,Pharma & Healthcare,30,564716.27,2026-07-19,2026-08-18,closed,2026-08-28,40,10,False,False,erratic_payer
INV16005910,B016,B016-C1230,Pharma Client 230,Pharma & Healthcare,30,3567651.03,2026-08-23,2026-09-22,disputed_open,,,,False,True,erratic_payer
INV16005911,B016,B016-C1231,Auto Client 231,Auto Components,15,19167.83,2024-03-18,2024-04-02,closed,2024-04-13,26,11,False,False,average_payer
INV16005912,B016,B016-C1231,Auto Client 231,Auto Components,15,17293.87,2024-03-19,2024-04-03,closed,2024-04-11,23,8,False,False,average_payer
INV16005913,B016,B016-C1231,Auto Client 231,Auto Components,15,11197.38,2024-03-27,2024-04-11,closed,2024-04-27,31,16,False,False,average_payer
INV16005914,B016,B016-C1231,Auto Client 231,Auto Components,15,14337.09,2024-04-04,2024-04-19,closed,2024-04-22,18,3,False,False,average_payer
INV16005915,B016,B016-C1231,Auto Client 231,Auto Components,15,23351.83,2024-04-08,2024-04-23,closed,2024-04-22,14,-1,False,False,average_payer
INV16005916,B016,B016-C1231,Auto Client 231,Auto Components,15,15373.63,2024-04-14,2024-04-29,closed,2024-05-25,41,26,False,False,average_payer
INV16005917,B016,B016-C1231,Auto Client 231,Auto Components,15,17266.64,2024-05-13,2024-05-28,closed,2024-06-03,21,6,False,False,average_payer
INV16005918,B016,B016-C1231,Auto Client 231,Auto Components,15,22909.57,2024-05-31,2024-06-15,closed,2024-06-24,24,9,False,False,average_payer
INV16005919,B016,B016-C1231,Auto Client 231,Auto Components,15,17450.44,2024-06-19,2024-07-04,closed,2024-07-16,27,12,False,False,average_payer
INV16005920,B016,B016-C1231,Auto Client 231,Auto Components,15,18088.3,2024-06-29,2024-07-14,closed,2024-07-24,25,10,False,False,average_payer
INV16005921,B016,B016-C1231,Auto Client 231,Auto Components,15,22848.54,2024-08-04,2024-08-19,closed,2024-08-22,18,3,False,False,average_payer
INV16005922,B016,B016-C1231,Auto Client 231,Auto Components,15,18250.53,2024-08-30,2024-09-14,closed,2024-09-19,20,5,False,False,average_payer
INV16005923,B016,B016-C1231,Auto Client 231,Auto Components,15,15038.29,2024-10-07,2024-10-22,closed,2024-10-25,18,3,False,False,average_payer
INV16005924,B016,B016-C1231,Auto Client 231,Auto Components,15,15529.35,2024-10-11,2024-10-26,closed,2024-10-24,13,-2,False,False,average_payer
INV16005925,B016,B016-C1231,Auto Client 231,Auto Components,15,57367.62,2024-11-19,2024-12-04,closed,2024-12-09,20,5,False,True,average_payer
INV16005926,B016,B016-C1231,Auto Client 231,Auto Components,15,15708.05,2025-01-05,2025-01-20,closed,2025-01-26,21,6,False,False,average_payer
INV16005927,B016,B016-C1231,Auto Client 231,Auto Components,15,11003.41,2025-01-09,2025-01-24,closed,2025-01-31,22,7,False,False,average_payer
INV16005928,B016,B016-C1231,Auto Client 231,Auto Components,15,9964.12,2025-01-27,2025-02-11,closed,2025-02-16,20,5,False,False,average_payer
INV16005929,B016,B016-C1231,Auto Client 231,Auto Components,15,18707.01,2025-01-29,2025-02-13,closed,2025-02-20,22,7,False,False,average_payer
INV16005930,B016,B016-C1231,Auto Client 231,Auto Components,15,11841.52,2025-01-31,2025-02-15,closed,2025-03-07,35,20,False,False,average_payer
INV16005931,B016,B016-C1231,Auto Client 231,Auto Components,15,35834.79,2025-02-17,2025-03-04,closed,2025-03-28,39,24,False,False,average_payer
INV16005932,B016,B016-C1231,Auto Client 231,Auto Components,15,18368.9,2025-03-09,2025-03-24,closed,2025-03-29,20,5,False,False,average_payer
INV16005933,B016,B016-C1231,Auto Client 231,Auto Components,15,24712.84,2025-03-21,2025-04-05,closed,2025-04-07,17,2,False,False,average_payer
INV16005934,B016,B016-C1231,Auto Client 231,Auto Components,15,74701.89,2025-03-29,2025-04-13,closed,2025-04-16,18,3,False,True,average_payer
INV16005935,B016,B016-C1231,Auto Client 231,Auto Components,15,13510.84,2025-04-19,2025-05-04,closed,2025-05-09,20,5,False,False,average_payer
INV16005936,B016,B016-C1231,Auto Client 231,Auto Components,15,20378.06,2025-05-05,2025-05-20,closed,2025-05-23,18,3,False,False,average_payer
INV16005937,B016,B016-C1231,Auto Client 231,Auto Components,15,14985.32,2025-06-13,2025-06-28,closed,2025-06-26,13,-2,False,False,average_payer
INV16005938,B016,B016-C1231,Auto Client 231,Auto Components,15,20242.81,2025-06-16,2025-07-01,closed,2025-07-05,19,4,False,False,average_payer
INV16005939,B016,B016-C1231,Auto Client 231,Auto Components,15,18409.58,2025-06-27,2025-07-12,closed,2025-07-11,14,-1,False,False,average_payer
INV16005940,B016,B016-C1231,Auto Client 231,Auto Components,15,12009.25,2025-07-09,2025-07-24,closed,2025-08-02,24,9,False,False,average_payer
INV16005941,B016,B016-C1231,Auto Client 231,Auto Components,15,26227.71,2025-08-01,2025-08-16,closed,2025-08-22,21,6,False,False,average_payer
INV16005942,B016,B016-C1231,Auto Client 231,Auto Components,15,16896.21,2025-08-01,2025-08-16,closed,2025-08-28,27,12,False,False,average_payer
INV16005943,B016,B016-C1231,Auto Client 231,Auto Components,15,15619.52,2025-09-02,2025-09-17,closed,2025-09-17,15,0,False,False,average_payer
INV16005944,B016,B016-C1231,Auto Client 231,Auto Components,15,19219.66,2025-09-12,2025-09-27,closed,2025-10-09,27,12,False,False,average_payer
INV16005945,B016,B016-C1231,Auto Client 231,Auto Components,15,14166.21,2025-09-28,2025-10-13,closed,2025-10-13,15,0,False,False,average_payer
INV16005946,B016,B016-C1231,Auto Client 231,Auto Components,15,18808.18,2025-10-09,2025-10-24,closed,2025-10-26,17,2,False,False,average_payer
INV16005947,B016,B016-C1231,Auto Client 231,Auto Components,15,24691.38,2025-12-07,2025-12-22,closed,2025-12-27,20,5,False,False,average_payer
INV16005948,B016,B016-C1231,Auto Client 231,Auto Components,15,21542.64,2025-12-13,2025-12-28,closed,2025-12-28,15,0,False,False,average_payer
INV16005949,B016,B016-C1231,Auto Client 231,Auto Components,15,18228.6,2026-01-06,2026-01-21,closed,2026-01-31,25,10,False,False,average_payer
INV16005950,B016,B016-C1231,Auto Client 231,Auto Components,15,15041.04,2026-01-15,2026-01-30,closed,2026-01-24,9,-6,False,False,average_payer
INV16005951,B016,B016-C1231,Auto Client 231,Auto Components,15,16933.07,2026-01-18,2026-02-02,closed,2026-01-30,12,-3,False,False,average_payer
INV16005952,B016,B016-C1231,Auto Client 231,Auto Components,15,17122.97,2026-01-19,2026-02-03,closed,2026-02-06,18,3,False,False,average_payer
INV16005953,B016,B016-C1231,Auto Client 231,Auto Components,15,18743.94,2026-02-12,2026-02-27,closed,2026-02-21,9,-6,False,False,average_payer
INV16005954,B016,B016-C1231,Auto Client 231,Auto Components,15,14192.67,2026-04-20,2026-05-05,closed,2026-05-06,16,1,False,False,average_payer
INV16005955,B016,B016-C1231,Auto Client 231,Auto Components,15,16940.55,2026-06-07,2026-06-22,closed,2026-06-28,21,6,False,False,average_payer
INV16005956,B016,B016-C1231,Auto Client 231,Auto Components,15,17831.96,2026-06-30,2026-07-15,closed,2026-07-20,20,5,False,False,average_payer
INV16005957,B016,B016-C1231,Auto Client 231,Auto Components,15,20726.32,2026-07-23,2026-08-07,closed,2026-08-13,21,6,False,False,average_payer
INV16005958,B016,B016-C1231,Auto Client 231,Auto Components,15,16633.39,2026-08-15,2026-08-30,open,,,,False,False,average_payer
INV16005959,B016,B016-C1232,Pharma Client 232,Pharma & Healthcare,60,18661.59,2024-08-12,2024-10-11,closed,2024-10-30,79,19,False,False,cold_start
INV16005960,B016,B016-C1232,Pharma Client 232,Pharma & Healthcare,60,25865.75,2026-03-25,2026-05-24,closed,2026-05-14,50,-10,False,False,cold_start
INV16005961,B016,B016-C1232,Pharma Client 232,Pharma & Healthcare,60,47289.85,2026-05-15,2026-07-14,closed,2026-07-11,57,-3,False,False,cold_start
INV16005962,B016,B016-C1233,Metal Client 233,Metal & Engineering,60,197224.64,2024-04-24,2024-06-23,closed,2024-07-03,70,10,False,False,average_payer
INV16005963,B016,B016-C1233,Metal Client 233,Metal & Engineering,60,289684.75,2024-06-13,2024-08-12,closed,2024-08-14,62,2,False,False,average_payer
INV16005964,B016,B016-C1233,Metal Client 233,Metal & Engineering,60,980844.42,2024-07-20,2024-09-18,closed,2024-10-03,75,15,False,True,average_payer
INV16005965,B016,B016-C1233,Metal Client 233,Metal & Engineering,60,111424.17,2024-10-19,2024-12-18,closed,2024-12-21,63,3,False,False,average_payer
INV16005966,B016,B016-C1233,Metal Client 233,Metal & Engineering,60,271181.68,2024-10-21,2024-12-20,closed,2024-12-19,59,-1,False,False,average_payer
INV16005967,B016,B016-C1233,Metal Client 233,Metal & Engineering,60,176355.39,2024-11-05,2025-01-04,closed,2025-01-15,71,11,False,False,average_payer
INV16005968,B016,B016-C1233,Metal Client 233,Metal & Engineering,60,306942.08,2024-11-21,2025-01-20,closed,2025-01-25,65,5,False,False,average_payer
INV16005969,B016,B016-C1233,Metal Client 233,Metal & Engineering,60,200193.22,2025-04-24,2025-06-23,closed,2025-06-20,57,-3,False,False,average_payer
INV16005970,B016,B016-C1233,Metal Client 233,Metal & Engineering,60,203975.03,2025-06-06,2025-08-05,closed,2025-08-05,60,0,False,False,average_payer
INV16005971,B016,B016-C1233,Metal Client 233,Metal & Engineering,60,147399.73,2025-06-24,2025-08-23,closed,2025-08-25,62,2,False,False,average_payer
INV16005972,B016,B016-C1233,Metal Client 233,Metal & Engineering,60,233255.96,2025-07-13,2025-09-11,closed,2025-09-08,57,-3,False,False,average_payer
INV16005973,B016,B016-C1233,Metal Client 233,Metal & Engineering,60,305985.84,2025-08-15,2025-10-14,closed,2025-10-17,63,3,False,False,average_payer
INV16005974,B016,B016-C1233,Metal Client 233,Metal & Engineering,60,156351.27,2026-01-21,2026-03-22,closed,2026-03-24,62,2,False,False,average_payer
INV16005975,B016,B016-C1233,Metal Client 233,Metal & Engineering,60,176591.24,2026-08-13,2026-10-12,disputed_open,,,,False,False,average_payer
INV16005976,B016,B016-C1234,Metal Client 234,Metal & Engineering,60,27257.77,2024-03-16,2024-05-15,closed,2024-06-03,79,19,False,False,deteriorating_payer
INV16005977,B016,B016-C1234,Metal Client 234,Metal & Engineering,60,30521.25,2024-04-03,2024-06-02,closed,2024-06-26,84,24,False,False,deteriorating_payer
INV16005978,B016,B016-C1234,Metal Client 234,Metal & Engineering,60,31005.41,2024-04-11,2024-06-10,closed,2024-07-08,88,28,True,False,deteriorating_payer
INV16005979,B016,B016-C1234,Metal Client 234,Metal & Engineering,60,37167.92,2024-07-09,2024-09-07,closed,2024-09-23,76,16,False,False,deteriorating_payer
INV16005980,B016,B016-C1234,Metal Client 234,Metal & Engineering,60,29766.02,2024-07-14,2024-09-12,closed,2024-09-10,58,-2,False,False,deteriorating_payer
INV16005981,B016,B016-C1234,Metal Client 234,Metal & Engineering,60,94891.74,2024-07-22,2024-09-20,closed,2024-10-15,85,25,False,True,deteriorating_payer
INV16005982,B016,B016-C1234,Metal Client 234,Metal & Engineering,60,34163.69,2024-10-03,2024-12-02,closed,2024-12-11,69,9,False,False,deteriorating_payer
INV16005983,B016,B016-C1234,Metal Client 234,Metal & Engineering,60,41694.96,2024-11-20,2025-01-19,closed,2025-02-11,83,23,False,False,deteriorating_payer
INV16005984,B016,B016-C1234,Metal Client 234,Metal & Engineering,60,31084.95,2025-01-19,2025-03-20,closed,2025-03-30,70,10,False,False,deteriorating_payer
INV16005985,B016,B016-C1234,Metal Client 234,Metal & Engineering,60,40392.56,2025-03-08,2025-05-07,closed,2025-05-25,78,18,False,False,deteriorating_payer
INV16005986,B016,B016-C1234,Metal Client 234,Metal & Engineering,60,20730.35,2025-03-27,2025-05-26,closed,2025-06-16,81,21,False,False,deteriorating_payer
INV16005987,B016,B016-C1234,Metal Client 234,Metal & Engineering,60,31309.79,2025-04-06,2025-06-05,closed,2025-06-17,72,12,False,False,deteriorating_payer
INV16005988,B016,B016-C1234,Metal Client 234,Metal & Engineering,60,26630.27,2025-05-21,2025-07-20,closed,2025-07-20,60,0,False,False,deteriorating_payer
INV16005989,B016,B016-C1234,Metal Client 234,Metal & Engineering,60,29390.71,2025-07-01,2025-08-30,closed,2025-09-23,84,24,False,False,deteriorating_payer
INV16005990,B016,B016-C1234,Metal Client 234,Metal & Engineering,60,18894.22,2025-07-05,2025-09-03,closed,2025-09-30,87,27,False,False,deteriorating_payer
INV16005991,B016,B016-C1234,Metal Client 234,Metal & Engineering,60,39954.03,2025-09-13,2025-11-12,closed,2026-01-05,114,54,False,False,deteriorating_payer
INV16005992,B016,B016-C1234,Metal Client 234,Metal & Engineering,60,32912.62,2025-12-02,2026-01-31,closed,2026-03-04,92,32,False,False,deteriorating_payer
INV16005993,B016,B016-C1234,Metal Client 234,Metal & Engineering,60,20122.76,2026-01-10,2026-03-11,closed,2026-03-11,60,0,False,False,deteriorating_payer
INV16005994,B016,B016-C1234,Metal Client 234,Metal & Engineering,60,21238.4,2026-02-08,2026-04-09,closed,2026-05-25,106,46,False,False,deteriorating_payer
INV16005995,B016,B016-C1234,Metal Client 234,Metal & Engineering,60,30532.56,2026-02-10,2026-04-11,closed,2026-06-20,130,70,False,False,deteriorating_payer
INV16005996,B016,B016-C1234,Metal Client 234,Metal & Engineering,60,29770.11,2026-03-09,2026-05-08,closed,2026-05-23,75,15,False,False,deteriorating_payer
INV16005997,B016,B016-C1234,Metal Client 234,Metal & Engineering,60,27741.94,2026-04-14,2026-06-13,closed,2026-07-04,81,21,False,False,deteriorating_payer
INV16005998,B016,B016-C1234,Metal Client 234,Metal & Engineering,60,39327.84,2026-04-16,2026-06-15,closed,2026-07-27,102,42,False,False,deteriorating_payer
INV16005999,B016,B016-C1234,Metal Client 234,Metal & Engineering,60,39172.46,2026-04-20,2026-06-19,closed,2026-07-27,98,38,False,False,deteriorating_payer
INV16006000,B016,B016-C1234,Metal Client 234,Metal & Engineering,60,27519.12,2026-07-07,2026-09-05,open,,,,False,False,deteriorating_payer
INV16006001,B016,B016-C1234,Metal Client 234,Metal & Engineering,60,28199.66,2026-07-23,2026-09-21,open,,,,False,False,deteriorating_payer
INV16006002,B016,B016-C1234,Metal Client 234,Metal & Engineering,60,125177.72,2026-08-20,2026-10-19,disputed_open,,,,False,True,deteriorating_payer
INV16006003,B016,B016-C1235,Construction Client 235,Construction & Infra,45,72875.32,2024-03-17,2024-05-01,closed,2024-05-24,68,23,False,False,improving_payer
INV16006004,B016,B016-C1235,Construction Client 235,Construction & Infra,45,161079.02,2024-03-29,2024-05-13,closed,2024-06-14,77,32,False,False,improving_payer
INV16006005,B016,B016-C1235,Construction Client 235,Construction & Infra,45,47829.81,2024-04-18,2024-06-02,closed,2024-06-27,70,25,True,False,improving_payer
INV16006006,B016,B016-C1235,Construction Client 235,Construction & Infra,45,62028.64,2024-05-27,2024-07-11,closed,2024-07-31,65,20,False,False,improving_payer
INV16006007,B016,B016-C1235,Construction Client 235,Construction & Infra,45,113464.11,2024-06-26,2024-08-10,closed,2024-09-05,71,26,False,False,improving_payer
INV16006008,B016,B016-C1235,Construction Client 235,Construction & Infra,45,102381.96,2024-07-10,2024-08-24,closed,2024-09-24,76,31,False,False,improving_payer
INV16006009,B016,B016-C1235,Construction Client 235,Construction & Infra,45,93687.41,2024-07-12,2024-08-26,closed,2024-09-20,70,25,False,False,improving_payer
INV16006010,B016,B016-C1235,Construction Client 235,Construction & Infra,45,162692.3,2024-09-18,2024-11-02,closed,2024-12-19,92,47,False,False,improving_payer
INV16006011,B016,B016-C1235,Construction Client 235,Construction & Infra,45,91879.35,2024-09-19,2024-11-03,closed,2024-11-16,58,13,False,False,improving_payer
INV16006012,B016,B016-C1235,Construction Client 235,Construction & Infra,45,79837.34,2024-10-08,2024-11-22,closed,2024-12-22,75,30,False,False,improving_payer
INV16006013,B016,B016-C1235,Construction Client 235,Construction & Infra,45,67071.63,2024-10-17,2024-12-01,closed,2024-12-13,57,12,False,False,improving_payer
INV16006014,B016,B016-C1235,Construction Client 235,Construction & Infra,45,130004.71,2024-10-29,2024-12-13,closed,2025-01-21,84,39,False,False,improving_payer
INV16006015,B016,B016-C1235,Construction Client 235,Construction & Infra,45,93619.9,2024-11-01,2024-12-16,closed,2025-01-15,75,30,False,False,improving_payer
INV16006016,B016,B016-C1235,Construction Client 235,Construction & Infra,45,69820.57,2024-11-06,2024-12-21,closed,2025-01-17,72,27,False,False,improving_payer
INV16006017,B016,B016-C1235,Construction Client 235,Construction & Infra,45,113087.9,2024-11-07,2024-12-22,closed,2025-01-12,66,21,False,False,improving_payer
INV16006018,B016,B016-C1235,Construction Client 235,Construction & Infra,45,132265.68,2024-11-10,2024-12-25,closed,2025-01-17,68,23,False,False,improving_payer
INV16006019,B016,B016-C1235,Construction Client 235,Construction & Infra,45,84193.55,2025-03-17,2025-05-01,closed,2025-05-20,64,19,False,False,improving_payer
INV16006020,B016,B016-C1235,Construction Client 235,Construction & Infra,45,47184.12,2025-06-07,2025-07-22,closed,2025-08-10,64,19,True,False,improving_payer
INV16006021,B016,B016-C1235,Construction Client 235,Construction & Infra,45,144374.09,2025-08-03,2025-09-17,closed,2025-10-06,64,19,False,False,improving_payer
INV16006022,B016,B016-C1235,Construction Client 235,Construction & Infra,45,72761.75,2025-09-04,2025-10-19,closed,2025-11-21,78,33,False,False,improving_payer
INV16006023,B016,B016-C1235,Construction Client 235,Construction & Infra,45,216817.62,2025-09-12,2025-10-27,closed,2025-11-24,73,28,False,False,improving_payer
INV16006024,B016,B016-C1235,Construction Client 235,Construction & Infra,45,125836.17,2025-09-19,2025-11-03,closed,2025-11-10,52,7,False,False,improving_payer
INV16006025,B016,B016-C1235,Construction Client 235,Construction & Infra,45,97286.65,2025-10-29,2025-12-13,closed,2025-12-25,57,12,False,False,improving_payer
INV16006026,B016,B016-C1235,Construction Client 235,Construction & Infra,45,75483.86,2025-11-13,2025-12-28,closed,2025-12-28,45,0,False,False,improving_payer
INV16006027,B016,B016-C1235,Construction Client 235,Construction & Infra,45,117398.92,2025-12-15,2026-01-29,closed,2026-01-24,40,-5,False,False,improving_payer
INV16006028,B016,B016-C1235,Construction Client 235,Construction & Infra,45,74234.49,2026-01-11,2026-02-25,closed,2026-03-11,59,14,False,False,improving_payer
INV16006029,B016,B016-C1235,Construction Client 235,Construction & Infra,45,88137.99,2026-01-12,2026-02-26,closed,2026-03-10,57,12,False,False,improving_payer
INV16006030,B016,B016-C1235,Construction Client 235,Construction & Infra,45,109411.91,2026-01-24,2026-03-10,closed,2026-03-16,51,6,False,False,improving_payer
INV16006031,B016,B016-C1235,Construction Client 235,Construction & Infra,45,99009.03,2026-01-26,2026-03-12,closed,2026-03-17,50,5,False,False,improving_payer
INV16006032,B016,B016-C1235,Construction Client 235,Construction & Infra,45,96905.68,2026-03-04,2026-04-18,closed,2026-05-06,63,18,False,False,improving_payer
INV16006033,B016,B016-C1235,Construction Client 235,Construction & Infra,45,86969.46,2026-03-06,2026-04-20,closed,2026-05-08,63,18,False,False,improving_payer
INV16006034,B016,B016-C1235,Construction Client 235,Construction & Infra,45,103164.49,2026-04-02,2026-05-17,closed,2026-05-17,45,0,False,False,improving_payer
INV16006035,B016,B016-C1235,Construction Client 235,Construction & Infra,45,157884.5,2026-05-11,2026-06-25,closed,2026-07-07,57,12,False,False,improving_payer
INV16006036,B016,B016-C1235,Construction Client 235,Construction & Infra,45,64979.72,2026-05-13,2026-06-27,closed,2026-07-09,57,12,False,False,improving_payer
INV16006037,B016,B016-C1235,Construction Client 235,Construction & Infra,45,72857.37,2026-06-04,2026-07-19,closed,2026-07-14,40,-5,False,False,improving_payer
INV16006038,B016,B016-C1235,Construction Client 235,Construction & Infra,45,91920.94,2026-07-19,2026-09-02,open,,,,False,False,improving_payer
INV16006039,B016,B016-C1235,Construction Client 235,Construction & Infra,45,104455.2,2026-08-13,2026-09-27,open,,,,False,False,improving_payer
